# completed local quartic closure restart checkpoint; cutoff=7; restart=2; seed=5007077210970072671; objective=projective-palinstrophy-normalization-ratio; selection=double-triple-remainder; optimized_objective=8.14304037643982666e-11; refined_objective=0; accepted_steps=10; candidate_lemma_proved=false
kx	ky	kz	ux_re	ux_im	uy_re	uy_im	uz_re	uz_im
-7	-7	-7	0.00034294164769080694773	-0.00073961415832620185009	-0.00081554567282735663993	0.0011629240613684407868	0.00047260402513654974641	-0.00042330990304223904512
-7	-7	-6	-0.0001835000712780544916	4.1569221345204475306e-05	-7.095442645725112163e-06	0.0002579230171687797073	0.00022236143291107620312	-0.0003494076115996481882
-7	-7	-5	-1.7426225395026260584e-05	-0.00013139848660680901026	7.7880703946126236836e-05	6.8855420681097139163e-05	-8.4636269971539976917e-05	8.7560292295996619539e-05
-7	-7	-4	-6.1897085633023208413e-05	4.0567510669476824928e-05	0.00019148225579456367926	8.3211830499239257874e-05	-0.00022677404778269583075	-0.00021661384704525313304
-7	-7	-3	-0.0001683894140470779989	-8.7580863850835588948e-05	0.00026889759141038516643	4.058638030248930956e-05	-0.00023451908051438339091	0.00010965379494614131857
-7	-7	-2	-0.00013100628325931744931	3.6075590464287113628e-05	0.00013329608877927134804	-8.5787278803798512898e-05	-8.0143193198387133484e-06	0.00017399090918828990083
-7	-7	-1	-9.0068940269460306828e-05	9.3658191287438610577e-05	0.00014588902944306093011	-0.00013199881285675494767	-0.00039074062421520441716	0.00026838435098521434613
-7	-7	0	0.00020552392823500696944	0.00021736959393155218592	-0.00020552392823500696944	-0.00021736959393155218592	0.00062190209736069385765	-0.00039266396051209950845
-7	-7	1	5.5885341049207529218e-05	-3.0803114014557929714e-05	-2.1776416192606670269e-05	8.9541066113480127065e-06	0.00023876247399620597537	-0.00015294305182246941397
-7	-7	2	0.0001901085209161725595	0.00013128370766872832806	-6.9090136360083168488e-05	-2.9015095661591047379e-05	0.00042356434594631285498	0.00035794014202498048577
-7	-7	3	0.00017601525890425262521	0.00012609458557814911053	-1.6125817994764333406e-05	-1.1276976327671597156e-05	0.00037307536212213935093	0.00026790775491778091085
-7	-7	4	0.00011164814450923157927	-0.00013299021929084049016	5.944000983470932571e-06	3.9073283498403528187e-05	0.00020578625461222939635	-0.000164354637636764697
-7	-7	5	-0.00015808707210893886198	-0.00012977420754961866713	7.3172227342862075378e-05	7.363581871843788906e-05	-0.00011888078267250752021	-7.8593744363653083879e-05
-7	-7	6	-4.5735271843255928764e-05	-0.00024121498292600706474	3.7381046496131570636e-06	0.0002177374538317496794	-4.8996695059249904835e-05	-2.7390450609966939395e-05
-7	-7	7	0.00033835972245066454943	0.00070070689142157733739	-0.00068434433743528287359	-0.0006195696051285707771	-0.00034598461498461837837	8.1137286293006546738e-05
-7	-6	-7	0.00030965419594881492694	-0.00014317427576503982656	-0.00014608157916235403389	2.7854295496665440978e-05	-0.00018444141380965435356	0.00011929916533932657789
-7	-6	-6	2.0558969412977600973e-05	3.1196200599658626296e-05	-0.00012359310989124334284	-7.8715234404943014153e-05	9.9607645576102799337e-05	4.2319667038674613419e-05
-7	-6	-5	-5.3602911545920274583e-05	-7.8988329651171248759e-06	-0.00024871925506903349613	2.6331068355010112583e-06	0.00037350718224712860282	7.8986379485627619939e-06
-7	-6	-4	0.00019304051607819562174	0.00020297463396435017156	-0.00022446811086990369117	6.1818264292583962639e-05	-1.118736831986782018e-06	-0.00044793300587648871708
-7	-6	-3	0.00011812296485207333745	-0.00039695043023443469339	-1.4240084674329877331e-05	0.00024688118154341697407	-0.00024714008197284471294	0.00043245530746018035449
-7	-6	-2	0.00012790489167468596546	-6.6065695457844441849e-05	1.6454698952466920761e-05	0.00018104884093150846102	-0.00049703121771880163799	-0.0003119165886920698366
-7	-6	-1	0.00016781881357677997258	0.00032349931304061132348	-0.00019239135186920302677	-0.00032707337842327962761	-2.0383583822241593212e-05	-0.00030205492074460128186
-7	-6	0	5.328818200352271507e-05	0.00019662359999623823083	-6.2169545670776502045e-05	-0.00022939419999561125123	0.0008561264971876613979	-0.00073177965674003735402
-7	-6	1	9.0879314339828250386e-05	-2.3125096761525085356e-05	-6.4157635643201649177e-06	-5.0953942821849480403e-05	0.00059766061899287677844	-0.00046759933426177246974
-7	-6	2	0.00013965330809562041293	0.0001925665527502904437	-3.2919964046369640871e-07	-0.00016853795430605918626	0.00048779897941328035716	0.00016836907170783907547
-7	-6	3	0.00042106883647642743152	3.7320544176266880717e-07	-0.00027560803931521150835	0.00012996947053213074369	0.000431277873147907693	0.00026080975376170770262
-7	-6	4	8.1669653735638898795e-05	7.6293476020226433528e-06	-3.5993595189925102094e-05	5.940580732002167044e-05	8.893150125248041975e-05	0.00010246006928357212983
-7	-6	5	-9.0294796604100581601e-05	0.00015511841879494055445	1.0092901198720087981e-05	1.1662883805346503584e-05	-0.00011430123380727671002	0.00023116124687933258799
-7	-6	6	0.00017231405526472082278	4.1999025321368837517e-05	-0.00023829318457560262189	0.00011264898920739192594	-3.7260120100095002092e-05	0.0001616478520823222409
-7	-6	7	-0.00017765504291663872737	-2.9287640820026419826e-05	4.8225095326043154113e-05	0.00025635137510819346138	-0.00013631924692288747178	0.00019044210927271083811
-7	-5	-7	-0.00011350825325083634262	-0.00027435948411326673392	0.00013892640303224816395	4.8948241875663838776e-05	1.4275108227801926969e-05	0.00023939645420207830186
-7	-5	-6	-0.00012706131168810981969	-7.615327308114778343e-05	-1.2711182950539685917e-05	5.6666193065375260391e-05	0.00015883084942824450786	4.162365770685969588e-05
-7	-5	-5	-0.00011499026227526686159	-0.00031906987771733187056	-4.0400263221894536659e-05	0.00030684835659138117933	0.00020138663040726814831	0.00013984947221288342861
-7	-5	-4	-9.15175417012701997e-06	-0.00012029300947236537837	0.00021766471425202388074	0.00041297937181597541966	-0.00025606532301730759943	-0.00030571144819332984888
-7	-5	-3	-0.00049486787588443981005	-0.00023000826865779064583	0.00070725411084243921915	0.00020718089053673127654	-2.4065141007039070651e-05	0.00019138447597362605508
-7	-5	-2	8.0290132928855320084e-05	7.7599480312967296586e-05	4.7499711710279435924e-05	0.00026064978669176831934	-0.0003997647445266922406	-0.00092322264782480629574
-7	-5	-1	-7.9006869516171882332e-06	-4.5321595641024921893e-05	5.3056606290951981283e-05	4.2305459379816686522e-05	-0.00020997822279343960911	0.00010572387258809102064
-7	-5	0	-0.00015617471502085835755	0.00013819616482804063717	0.00021864460102920171142	-0.00019347463075925690288	0.00036002509211496966021	-0.0006639342856035091887
-7	-5	1	2.0627838946955302947e-06	0.000152711552951178669	-0.00016354471274589212353	-0.00033148641594110651257	-0.0008032840764665919852	-0.00058845120904728201536
-7	-5	2	-0.00012171041947038896424	6.0625914889821416298e-05	0.00029848426502190747922	-9.1984638054131440403e-05	0.00032022419440840737062	-1.7770893020953630414e-05
-7	-5	3	0.00014649181957450800877	-0.00014216714561286804557	0.00011738025924786123352	0.00017671075540426787261	0.00053744801108695399502	-3.7205414089578958204e-05
-7	-5	4	9.7809584379561313999e-05	-0.00010413658457029027966	-0.00037022936489864571863	9.0062693189559293915e-05	-0.00029161993345907480813	-6.966065651105886184e-05
-7	-5	5	1.08077535003366528e-05	0.00020515766221257627946	-0.00021505548913612978655	4.4486365795030524044e-05	-0.00019992463423565846382	0.00033170709289263730852
-7	-5	6	9.9809346179228044041e-05	0.00012883821750658415689	-6.3273745926202995971e-05	0.00020936611930734739541	6.3716115603930221405e-05	0.00032478301984713769729
-7	-5	7	0.00024301725564213440874	-8.3222972410248010136e-05	-0.0001222098383634846405	-3.3763034967384560189e-05	0.00015572451395393110572	-0.00010733942595837983884
-7	-4	-7	0.00010482734448644970575	0.00011901944433543296988	-0.00018189382570478202904	-2.9904436869300765465e-05	-8.8801551228854638479e-07	-0.00010193119469583253247
-7	-4	-6	-0.00024148872816427818517	-7.1536277713738386321e-05	-7.3406594323626684294e-05	-3.3590806316632950399e-05	0.00033067457907407567675	0.0001058528615437834199
-7	-4	-5	-9.0421057911484453012e-05	0.00022394249136561017888	-0.00015325882052672222576	-2.3189982763865852477e-05	0.00024919653749745602567	-0.00029496750170076159285
-7	-4	-4	-3.156768468372700984e-05	0.00026935925959132813639	0.0002004486661902919666	-0.00031971455234580399129	-0.00014520521799376971293	-0.00015166415193902026094
-7	-4	-3	0.00058917476993782078205	-0.00025165749044124416855	-0.0004228273962845175934	0.00046060533292241679281	-0.00081097126814222517815	-2.6939632866985993744e-05
-7	-4	-2	0.00025921350106066913836	6.8962498075847391131e-06	-0.00043053026811737296186	8.6987084447185056561e-05	-4.6186717477596128298e-05	-0.00019811104322091670129
-7	-4	-1	-0.00012227071838562990694	2.3688666674245218482e-05	0.00017352211306307470037	-0.00029535268515659825975	0.00016180657644711065549	0.0010155900739066763775
-7	-4	0	-0.00026709884404019511349	0.00086443194948980593001	0.00046742297707034146216	-0.0015127559116071603775	3.772131292754279903e-05	0.00036387732844757564137
-7	-4	1	5.656398389749071621e-05	-8.1734914663924611235e-05	-0.00012967850111210411056	0.00022049876532461242895	-0.00012276611716598140843	0.00030985065865097747781
-7	-4	2	0.00022799185289240446722	0.00024751105525950292891	-0.00027824528669624111867	-0.000517152934609781058	0.00024148091173093339792	-0.00016801717581130175641
-7	-4	3	0.0002502857529076512569	-0.00031000452210989140828	-0.00067464452404048815513	0.00035000219208794806046	-0.00031552594193613123794	-0.00025667429547248255678
-7	-4	4	-0.0006054780292519165415	0.00015619166654436364449	0.00029835343117692744936	-3.2500858025713044686e-05	-0.00076123312001392647117	0.00024083455842692331962
-7	-4	5	-0.00013597671538259279139	0.00037146282414252524947	-0.00033161622208149893346	-0.00018627496005636936345	-0.00045566037920082903302	0.00037102798575443983681
-7	-4	6	0.00017808625141699298039	0.0002837397058140853209	-0.00024621491730077480582	-0.00010545441819905033748	4.3624015119308590766e-05	0.00026072671131706598273
-7	-4	7	8.383128003680699692e-06	7.3503222742267844631e-05	-5.4086226619523260434e-05	1.0136768082567240311e-05	-2.2523287207475447917e-05	7.9295661646591985823e-05
-7	-3	-7	8.4097056588678748218e-05	3.4255698765514583696e-05	-0.00013954544151750520719	-2.1872347611259933042e-05	-2.4291867366890803248e-05	-2.4881835503546039027e-05
-7	-3	-6	-0.00017950467862800958941	-0.00025656497306559807384	0.00024842702381637813509	3.9924314437883160259e-05	8.520861315782209751e-05	0.00027936364469092285403
-7	-3	-5	8.5258210515360408933e-05	-0.00041940166333930207132	-0.00011005325583164838514	0.00021893453467483020938	-5.3329541222515545486e-05	0.00045580160787012482301
-7	-3	-4	-0.00020599774426383944161	-9.7450811618459218114e-05	0.00041345985040330460571	-0.00058397676771134712434	5.0401164659240554975e-05	0.00060852149611581400884
-7	-3	-3	0.00019440755137255360933	0.00048910363642068769782	-0.00036442782492990055199	-0.00091649358510653288097	-8.9189794939391157935e-05	-0.00022474823320840509868
-7	-3	-2	0.0002793499605659909772	0.00029189715818285911879	-0.0012592019335265424666	-0.00052121939012648261721	0.00091107803830884541516	-0.00023981096845028296283
-7	-3	-1	-0.00011468198181654091865	9.45556032488709461e-05	0.00031024788510003399513	-0.00022871630338826368653	-0.0001279697825843155955	2.4259687422694450453e-05
-7	-3	0	-0.00021109570653573777699	0.0002100722800965777444	0.00049255664858338817341	-0.00049016865355868137651	0.0014217105882430329175	-0.0005172890963072348516
-7	-3	1	-0.00070692356390684486529	-0.00016931855872459586668	0.0018290594117252837077	-0.00016440413182811704652	0.00053871328782793717442	-0.0016784423065565221792
-7	-3	2	0.00014563055929150229835	-0.00049349729345250098207	0.00028426083491637208801	0.00065814052941968841093	0.00093609820989481616269	-0.00074002973295422098347
-7	-3	3	-0.00041376794224024654456	-0.00047382887436649156771	0.0001750518361554378999	0.0003853012047697393621	-0.00079040669573847074925	-0.00072029950208540762923
-7	-3	4	-0.00035825028352098311959	-0.00015497346748050814277	0.00026419993304080554263	9.2071570989671648057e-05	-0.00042878804638111632942	-0.00020214988984863552397
-7	-3	5	-0.00050436402966421475368	0.00032844856335605598831	0.00034631674230467995911	-0.00057874054032605994156	-0.0004983195961470927339	0.00011258366450284240244
-7	-3	6	-0.00015055604416190054959	0.0004240489847315477177	-1.8277985986085185197e-05	-0.00011915526301985432985	-0.00018478771118192658632	0.00043514618401021182325
-7	-3	7	-8.780017551785820201e-05	0.00030337873685991567597	-0.00010722295321280858268	-0.00033210754809503067542	-0.00013375286975191903478	0.00016104693053347392696
-7	-2	-7	-1.5602097045475134935e-05	-6.721970333637397241e-05	-0.00034385393561296864013	0.00014400177465596892103	0.00011384607864918046456	2.6076339148954277299e-05
-7	-2	-6	-0.00015975197438369758362	-1.6575738498093067812e-05	-8.70458879946908585e-05	8.4666531227849380699e-05	0.00021539259944587747157	-8.8838154948412138877e-06
-7	-2	-5	-2.5731111292258870946e-05	7.3154576066369354911e-05	0.00085770094491953929264	0.00063851201300824144465	-0.00030705682215865327334	-0.00035782121169621370184
-7	-2	-4	-3.1178595109262967192e-05	-0.0001871127206609253784	0.00083485486581720905197	-0.00027579080828523799005	-0.00036286489146739433001	0.00046534266529923838012
-7	-2	-3	9.1810186391260732914e-05	9.0116510678623970424e-05	0.00041522379558024859062	-0.0012013408267127722012	-0.00049103963196644073892	0.00059062202622505886526
-7	-2	-2	5.3245076064527299101e-05	0.00038822494244890743678	-0.0014900141728969701869	-0.0015690673871896301285	0.001303656406671124552	0.00021028008861845409977
-7	-2	-1	0.0003923096047294343078	3.5170923780566605858e-05	-0.00027748426177026219285	-9.2791820655547559279e-05	-0.0021911987095655158231	-6.0612825152871108896e-05
-7	-2	0	-0.00010326329873858797529	0.0003264493785870211935	0.00036142154558505787962	-0.0011425728250545740417	0.0020374743403692215787	0.0009811640019818303627
-7	-2	1	0.00023580511119009053768	-0.00071311159812329166872	-0.00095490550671817168733	0.0022529355514463028642	-0.00025917523510570974641	-0.00048591008397043578991
-7	-2	2	0.00065942447185032772479	-0.00076638690972346591463	-0.00022469497830815792741	0.0016068802033988363858	0.002083290673167989028	-0.0010754739806332941528
-7	-2	3	-0.00052758879069422196136	-0.00019599409012178553016	0.00022542424352747393178	-0.00020180325116761713296	-0.0010807576826015353067	-0.00059185504439591095621
-7	-2	4	-0.00016588668063291698803	-0.00020073007153469294805	-0.00051224665087563480293	-0.00057468916341557542329	-0.0005464250165454221644	-0.00063862220689350030975
-7	-2	5	-0.00078080293886989679455	-0.00025610703324370069937	2.9343345196160610115e-05	3.2365197670589890646e-05	-0.0010813867763393911463	-0.00034560376747294504996
-7	-2	6	-0.00018106930883917782098	-0.00010220134552487161945	-0.00018537563902036886657	-3.0219482395558997569e-05	-0.00027303940665249708903	-0.00012930806391086988516
-7	-2	7	-8.17550418614175229e-05	0.00012274249803700647689	-0.00034692485235285927363	-0.00030384197105817311452	-0.00018087642824794874781	3.5930506306099879515e-05
-7	-1	-7	7.0915469260655623462e-05	0.00014713691439633533775	-6.43154400598076008e-05	-0.00042365391500783714917	-6.1727549252111688235e-05	-8.6614926538072889808e-05
-7	-1	-6	-4.3795619353108611457e-05	-8.876312087773974692e-05	-0.00033734595381062294816	0.00024254416198251572598	0.00010731921488039720134	6.3132947360277076967e-05
-7	-1	-5	7.0720392598419926924e-06	-0.00010642722479625804047	0.00077613044980914521007	0.00093826180317548740252	-0.0001651269449256078162	-3.8654245920336218422e-05
-7	-1	-4	-0.00027878283456990194398	-9.6205729479782113155e-05	0.0018935437746620000475	0.0015502905017709695673	1.448401683182835281e-05	-0.00021921259885312368025
-7	-1	-3	0.00076996228811587491981	0.00084359744141802525414	0.00069256001647244086646	-0.00036057872221706817545	-0.0020274320110945220214	-0.0018482011225697029221
-7	-1	-2	0.00076375699045920356946	-0.00016482954076083272243	-0.0011635261102164202052	-0.00099051360254629036359	-0.0020913864114990021736	0.0010721601939360596561
-7	-1	-1	0.00015310994715319798157	-0.00027344273753895692505	-0.00014946192324451600532	0.00099177911939456555625	-0.0009223077068278699199	0.0009223200433781330275
-7	-1	0	7.2995683901996640691e-05	5.8661619622309691649e-05	-0.00051096978731397649839	-0.0004106313373561678551	0.00052042374302500383002	0.0028896986388811845073
-7	-1	1	-5.235477633662760004e-05	-3.6979084695473981637e-05	-5.4234042891206031599e-05	0.0023566305221402418166	-0.00042071747724759921833	0.0020977769292719237147
-7	-1	2	8.987268887955192256e-05	0.00018523410135965739779	0.0012985663906381447914	0.0015101343034620645037	0.00096383760639750409079	0.0014033865064898331035
-7	-1	3	0.00040439598073249135917	0.00056302540728669187801	0.00055609004660116376131	0.00077054029383531459207	0.0011289539705762010376	0.0015705727149473859127
-7	-1	4	0.00062657301665512547297	-0.00083718274471193644074	0.00033848832468832826866	0.0012651462971256634618	0.0011811248603185516177	-0.0011487832289644728245
-7	-1	5	0.00022733418975946165924	-0.00022865595031004625685	0.00097725566082044698114	0.00082176960139269635604	0.00051371899782733576253	-0.00015576441015552550465
-7	-1	6	-0.00022895296419437021884	-0.00025378370453805679371	2.0366469429033006876e-05	0.00038438091178121409084	-0.00026371737998859306378	-0.00023201750333086391086
-7	-1	7	-0.00020868926404905461473	-0.00017689349269620261817	0.00016032616410119776866	-0.00044593088891421250961	-0.00018578552632031206473	-0.00024059790539823297669
-7	0	-7	-0.00010996010773141527109	0.00016072216957966592617	-0.00050514503974141158026	-0.00036662882712447462507	0.00010996010773141527109	-0.00016072216957966592617
-7	0	-6	-0.00015996951817249209634	-0.00019281587174404900666	-0.00051644015103533729479	0.00030912149041851892921	0.00018663110453457412144	0.00022495185036805717444
-7	0	-5	-0.00030657032369261133032	1.1433723464839045314e-05	0.00016105234256139520032	0.00054949451418958628925	0.00042919845316965587328	-1.6007212850774665472e-05
-7	0	-4	7.7469017380873524467e-06	0.00012023228356910592397	-0.00044377858809946515517	8.1548931604938888762e-05	-1.3557078041652868052e-05	-0.0002104064962459353805
-7	0	-3	0.00032290320874652281551	9.8091065928489426799e-05	-0.00076187718334160047049	0.00046887376423209548926	-0.0007534408204085532362	-0.00022887915383314200038
-7	0	-2	-0.00041683972053772248931	1.1833113196875023421e-05	0.0011699058259950403243	-0.0011645310912813166063	0.00145893902188202855	-4.1415896189062578585e-05
-7	0	-1	2.5544855066501115967e-05	0.00013649512843279243673	-0.0022044840973769489964	-0.0018723225333587693083	-0.0001788139854655078321	-0.00095546589902954705709
-7	0	0	0	-0	-0.00064072436152927717771	0.00033685457315620862158	-0.00097987413565864744588	0.001439706266289977497
-7	0	1	-3.121665189343850931e-05	6.8134677682035911856e-06	-0.00076940007516809315758	0.0016120408803510270172	-0.0002185165632540695855	4.769427437742513237e-05
-7	0	2	-0.00022730169013423698722	0.00033710869913335073881	-0.00094237452745793513081	0.00073633499841430939941	-0.00079555591546982948239	0.00117988044696672764
-7	0	3	7.8014459538021366691e-05	0.00031311170964904268613	0.0011714467119851277883	0.0020808357241000013764	0.00018203373892204986013	0.0007305939891810996371
-7	0	4	-0.00081219138766606188001	-2.1061748213983446504e-05	0.00077993920295887800374	-0.00014579611377488308106	-0.00142133492841560829	-3.6858059374471029688e-05
-7	0	5	-0.00049088748120375334891	-0.0002361967409788035563	0.0007883193238700662896	0.0017084990845332864457	-0.0006872424736852546668	-0.00033067543737032501676
-7	0	6	-0.00031511551514986182228	0.00010274942201523248084	0.00055782386554919659478	-9.8817488946501233385e-05	-0.00036763476767483882881	0.00011987432568443789883
-7	0	7	-3.8496475371253698571e-05	0.0001022406756029843204	0.00032969690648218492402	-0.00038566862114868428069	-3.8496475371253698571e-05	0.0001022406756029843204
-7	1	-7	0.00031628990636865404653	-0.00013411587872749086313	-0.00014255064736533155662	-0.00039278108271172796186	-0.00033665428456370141176	7.8004295482958285529e-05
-7	1	-6	-0.00035405716021589227205	-0.00010726288337121422142	-0.00062617668522214832601	8.2725233350124113634e-05	0.00030870390604818289358	0.00013892756949143727726
-7	1	-5	-0.00081119630575124347313	-0.00019032708736713686327	-0.0002296920639239891039	-0.00025522859268742596923	0.0010897364152669430145	0.00021541220377650641474
-7	1	-4	-0.00036578717779039553746	-0.00037946940761160972977	-0.0017974800854993078919	0.00059118656608333488515	0.00019075753975836520402	0.0008118681048411508297
-7	1	-3	0.00026897941697098370212	0.00012044578294196100923	-0.00075665667703636433662	0.0021482684215612915697	-0.00087983753194441675048	0.0004350493136558547763
-7	1	-2	1.4048801243648525295e-05	9.9489360438939853097e-05	-0.0013449954143887395564	0.0020117940627307822829	-0.00072166851154713967942	0.00065768426982910162173
-7	1	-1	-0.00055548204880629726589	1.6883980310824586133e-05	-0.0028918437888773265883	0.0010331877240499069172	0.00099653055276675427294	0.00091499986187413477699
-7	1	0	0.00010739071084791780087	0.00026677188783154353767	0.00075173497593542459253	0.0018674032148208049263	0.0020326711855702468863	-0.0020265795477002021725
-7	1	1	-0.00016634330466942871319	-0.00052969682213058894016	-0.00095217979221841689014	-0.0014815009540389586888	-0.0002122233404675841293	-0.002226376800875164326
-7	1	2	7.2103572065414608299e-05	0.00037813392022209986161	0.00034513520829299460923	0.00026618382901378120258	7.9794898082453824431e-05	0.0011903768062704589686
-7	1	3	6.1506821392228881902e-05	0.00052468094397374077931	-0.0012146513310448718223	0.00095776195346341380654	0.00054839969359682470135	0.00090500155145092388287
-7	1	4	-0.00053490638153137336653	0.00014583443593903073717	-6.4490336609242379304e-05	0.0013809562890910388917	-0.0009199635835275927695	-9.0028809379455939656e-05
-7	1	5	0.00070226031680672919462	-0.00013137215011874362326	0.0010480277624111669545	-0.00027687343407167982166	0.00077355889104718745988	-0.00012854632335190509197
-7	1	6	-6.9857618585369307294e-05	-0.00021006936720020566423	0.00027122309175268310326	1.0522322381177199094e-06	-0.00012670440364171136217	-0.00024525630043992620397
-7	1	7	-6.4803719924491572134e-05	-0.00015902062916775471196	0.00032969959735624940157	-0.00010732522545314964553	-0.00011190366240395575881	-0.00014368845410301904638
-7	2	-7	-5.3392461451778270827e-05	-1.0493031631911704151e-05	-3.9073186943585899776e-05	-0.0002548562648563240207	4.2228693753610869923e-05	-6.2323044041323721865e-05
-7	2	-6	0.00020537306605565645553	0.00015204901041044422902	-4.942390978871322029e-06	7.1333126392539788498e-05	-0.00024124937405788963681	-0.00015361280334800499984
-7	2	-5	-2.8739096713714121711e-05	-0.00040039855491949338318	0.00032245885421845001161	7.6984074317417962785e-05	0.00016921827708657978724	0.00059135160661425789988
-7	2	-4	3.1049278571057240428e-05	-0.00016186058546084988339	-2.8826619162032938683e-05	-0.00077352231420908888065	-6.8749547080366646867e-05	-0.00010350513254805715794
-7	2	-3	-0.00051309967964554789067	-0.00028976559698244962757	-0.00053203841198171542958	-0.00027119071910705188364	0.00084254031118513464729	0.00049532591355434785717
-7	2	-2	0.00042304124076515301715	-0.00033672065340384230506	0.0011646184404501998266	-0.00059220407975528693931	-0.00031602590222783567917	0.00058631820715816101997
-7	2	-1	-0.0004421991834861373075	0.00038617030043516548544	-0.0018889556956149856394	0.0017242025643603292855	-0.00068251710682701034315	0.00074521302567450017299
-7	2	0	-0.00023396100075440048058	0.00071581334274048002541	-0.00081886350264040170914	0.0025053466995916800347	0.00099079691251633805055	-7.8807174086042950669e-05
-7	2	1	-2.2816710829701089818e-05	0.00057263838954587113414	-0.00076550557950470483979	0.0017629666293822337554	0.0013712941832015020441	0.00048253546805663086183
-7	2	2	-5.5106790811710953341e-05	0.00042545108946034031596	-0.00022105975479615069704	0.00043254523632910233787	2.8185986955162360343e-05	0.0010565335767820887951
-7	2	3	-0.00052551133081644605879	7.2179135254790834867e-05	0.00016482814441066227632	0.00028280102946715067556	-0.0013360785348454822311	-2.0116037383588509125e-05
-7	2	4	-0.0010718621155179097228	0.00072880741401956379392	-0.00097223454861193581676	-0.00021490873772743625128	-0.0013896414278503741065	0.0013828673433979546837
-7	2	5	0.00030453139142299680015	-0.00015211796606256583432	0.00062379414109698305343	0.00012752433743515100917	0.000176826291553402288	-0.00026397488746165260424
-7	2	6	-0.00025956332152456270627	8.8057862749677215147e-05	0.00018419089529216699144	0.00014167203462493637637	-0.00036422084020937885726	5.551016166631128092e-05
-7	2	7	-1.5652384659874961944e-05	4.4453240853020263297e-05	9.3815190736679955201e-06	-0.00032254155822694250896	-1.833281868092296018e-05	0.0001366079717750038247
-7	3	-7	-6.4060784623821271071e-05	5.2444094705029843987e-05	0.00018072034520087091724	0.00017934881282032191828	0.00014151236113848022786	2.4419682217965267237e-05
-7	3	-6	-7.5843445991931982843e-05	-0.00011678869569217057258	-0.00028742186287468327001	-8.1109237458290225908e-05	-5.5226911113420979317e-05	9.5698859578387219463e-05
-7	3	-5	-0.00023660556492609291371	0.00049215357150484502404	0.00026114541925224810624	0.00051442478059908047089	0.00048793504244787892126	-0.0003803601317473347186
-7	3	-4	8.0405579090165373783e-05	2.2055345973086898159e-05	-0.00021436789561657434143	-0.00048708769177711885856	-0.00030148568512022015002	-0.00040391262428574118944
-7	3	-3	-6.6491401487280518722e-06	-0.00043042128841969075001	0.00027872859390609211689	-0.0012347921274907891574	0.00029424325425312421872	-0.00023047578784484421856
-7	3	-2	-0.00018890696136270965113	-0.00060588125451380560153	-0.0012937572000485759918	-0.0013429790268174924585	-0.0012794614353033801138	0.00010611585057208089053
-7	3	-1	-0.00091617567692444366618	0.00019797994031916507163	-0.0027936686618581811278	0.00028786350233860275374	-0.0019677762471034376118	-0.00052226907521834740281
-7	3	0	-0.00050473163188082025357	-1.8770235595584611058e-05	-0.0011777071410552474029	-4.379721638969742806e-05	-0.0018598639403298981593	0.00067347547152634757491
-7	3	1	0.00032618359981460533703	0.00054046952313456856059	0.00054778389728007384658	0.0011836225193395111255	0.00063993350686201565681	0.00023241910392344638505
-7	3	2	-0.00012070212322458443712	0.00032555786775644983974	-0.00026760894325515049074	0.00081807850998785074711	-2.104401640331981076e-05	-8.7665227834201586688e-05
-7	3	3	0.00056418767840726185593	-9.6650807977119605399e-06	0.00071738595150158961274	-0.00050564703912965537277	0.00059905196478202149286	0.00048309518393499414337
-7	3	4	-0.0001629063939374360997	5.4065356346044040389e-05	-0.0005557126352692523313	0.00018286690963132746276	0.00013169828706142603335	-4.2535808617918526389e-05
-7	3	5	-0.00014160556348489020118	0.0001069122754650294715	0.00034349834134197819837	0.00013123277631690787276	-0.00040434679368403318982	7.0937519860896547288e-05
-7	3	6	0.00031235575027863219126	2.0402753280217738777e-06	-2.4511469227762205285e-05	-0.00025502452139338068968	0.00037667077660561863652	0.00012989258191271573612
-7	3	7	-0.00012175815262643064078	-0.000306125311384864427	-0.00010963218139488284852	-0.00011657400995908898588	-7.4772932028623707639e-05	-0.00025616502140239774199
-7	4	-7	0.00011245918733130410314	-6.8712984917067271686e-05	-0.00013270955921912069657	0.00018522519737724675169	-0.00018829322117080163823	0.00017455595484692254288
-7	4	-6	-0.00015111102334974428141	-0.00041956086794454102839	-0.00011414847053070197209	-2.176131933482629627e-05	0.0001001972135542336667	0.0004749801330454136712
-7	4	-5	2.1133631832689411806e-05	0.00023274010427691541503	-6.3205312851463086045e-06	0.00036738335135533256711	-3.4643509593882222057e-05	-3.1929464903415520573e-05
-7	4	-4	0.00027964046653798532672	7.7297849665876924418e-05	0.00041120939038214680133	-4.0282718885490305394e-05	-7.8161426059327561086e-05	-0.0001755539558007749299
-7	4	-3	-0.00014905217825994429006	-0.00015153387558778448792	-0.00039041943675893216572	-0.00057644507027368777595	-0.00017277083307203956221	-0.00041501438399341991419
-7	4	-2	6.0900443618688058589e-05	0.0002160602264552414825	9.4100561602319787301e-06	0.00052524544843713890686	-0.00019433144034494424421	0.00029428010428093258431
-7	4	-1	-0.00020490946298919084914	0.00036944625887941676384	-0.00054667278386095867222	0.00052948223396982903571	-0.00075232489451949869069	-0.00046819487627660104139
-7	4	0	0.00011088302292595985223	0.00041828576210570792481	0.00019404529012042974478	0.00073200008368498885487	-0.0014845066829897667592	0.00091900047718443617431
-7	4	1	-0.00040638566859758977435	-0.00010782810352353091893	-0.00050956222788806765367	6.6856281268045568639e-05	-0.00080645076863085796842	-0.0010222218497368987071
-7	4	2	-0.00033360442324245235613	0.00010256329144834387982	-5.9587511202495587696e-05	-4.8552610870275149125e-06	-0.0010484404589435922066	0.00036868204224325859227
-7	4	3	7.6853896802821393668e-05	0.00030245175023525968077	4.4552705279429831659e-05	0.00028068541956047872617	0.00011992215216734348538	0.00033147352446830091743
-7	4	4	-5.5393890054808524843e-05	-0.00066609072101042013803	0.00024800396800998136685	-0.00043396691650410046176	-0.00034494327560589629379	-0.0007316918452641347527
-7	4	5	8.4709254371154028189e-05	0.00012989050887238061264	0.00015871608001821277552	0.0001466320387193063813	-8.3799078949545901016e-06	6.4541081445887744515e-05
-7	4	6	8.2083700863836971139e-05	-0.00039929744641957476414	4.1448801576505522914e-05	-0.00014063609222265719095	6.813178329013945783e-05	-0.00037208962600773244894
-7	4	7	-4.8276109657570143727e-05	-0.0001295086895076424092	-2.2487965906590743942e-05	0.00015899790575384377639	-3.542584342523257576e-05	-0.00022036463565269597247
-7	5	-7	-3.2456034240242499919e-05	-0.0002341361669807817908	1.1513121389640690976e-05	-8.391524592768297478e-05	4.0679692375700136572e-05	0.0001741967056038653996
-7	5	-6	-0.00010854827980172264911	-8.7729948181243196971e-05	-0.00010800565341104083003	-2.8984577342005118239e-05	3.6634948592809074639e-05	7.8197791759779467424e-05
-7	5	-5	-0.00015570937504421266881	-0.00020392171719427375155	-0.00028026400821761242093	9.8563777311400248672e-05	-6.2270883155714695442e-05	0.00038405418138338351169
-7	5	-4	-0.00014395421791766957052	3.5692850859115155622e-05	0.00016927951392096100705	-4.2809236089184317723e-05	0.00046351927375712300046	-0.00011597403411493191949
-7	5	-3	-0.00023563188790114383852	-0.00052646579522503940494	-0.00026810717846956026982	-0.0003893143628000017716	0.00010296244098673522772	0.00057956291752508904639
-7	5	-2	0.00014018969920411505307	-6.7491308363569428434e-05	0.00010763274332611772843	3.4349653781391145321e-05	-0.00022158208889910837821	0.0003220937137259708696
-7	5	-1	-5.0829944967381671681e-05	6.3405860617484822474e-05	-1.0153022884253783386e-05	0.00020254006552090073924	0.000305044500350402795	0.00056885930328210993889
-7	5	0	0.00025822858527698035842	-0.00016527127389853794827	0.00036152001938777252347	-0.00023137978345795314383	0.00049873811153164826406	0.00013228215667018065871
-7	5	1	-0.00023769840092127301426	0.00023315365184470396862	-0.00026587687292067412612	0.00031588691943133459256	-0.00033450444184554052347	5.2640965756254831068e-05
-7	5	2	-0.00023829087048740429651	0.00049843720800921706773	-0.00013954889036462366273	0.00053518657683856725015	-0.00048514582079435590806	0.00040656378593584144906
-7	5	3	0.00027739570855009999069	0.00045302184657592656008	0.00047220549716210337898	0.00065028636518517043442	-0.00013975250865327229293	-2.67596332981219743e-05
-7	5	4	-0.00013390766662573928684	-7.5198441670312987607e-05	7.0870909801055637024e-05	7.0878053601782783433e-05	-0.00032292705384636327453	-0.00022019483992527622116
-7	5	5	0.00025701166223752319739	0.0001995561346320908066	0.00035722705764188036415	0.0003279427151918603363	2.5892694906520950909e-06	-4.8564126706933198933e-05
-7	5	6	-6.6216414010746371482e-06	-1.5972355303427272983e-05	8.3343405041166122421e-06	3.4791648469006010837e-05	-1.4670532054684252694e-05	-4.762745491150348966e-05
-7	5	7	-0.00014265562908415198068	-2.5875081224248124218e-05	-4.4429081250206294799e-05	0.00012873178493724485218	-0.00011092057104829034832	-0.00011782635617942302541
-7	6	-7	-0.0001919583557235559929	0.00010178296625105279802	-0.00034938124498283063338	0.00018003854667137411628	-0.00010751128283315600567	5.2535788038696442574e-05
-7	6	-6	-1.076010560870817007e-05	-5.4685919427194537655e-05	4.4993527876385724744e-05	-3.2720352095537863935e-05	5.7546984419878588414e-05	3.1079887236189091015e-05
-7	6	-5	-0.00013360168817497646032	-3.6252729774966454429e-05	-0.00026127964417549382056	5.3270953699602819196e-06	-0.00012649320956562552397	5.7146336128905374165e-05
-7	6	-4	0.00020897375461217951244	-0.00013096363323144357164	0.00019445077689483476996	-1.2913126951035658514e-05	-7.402790522906199861e-05	0.00020981666772847275921
-7	6	-3	0.00010460969135807185297	-0.000177660342736802023	4.7061280246779635449e-05	-0.00034067561723066618192	-0.00014996671934194171936	-0.0002668104347421276887
-7	6	-2	0.00021737301741274237085	0.00026387332879428495626	0.00024591614120204121101	0.00043515591046112343495	-2.3057137338474698854e-05	0.00038191108060337284951
-7	6	-1	0.00031077518541205474689	-0.00040292972389729107309	0.00036568679219842501827	-0.00047677697863714841404	1.8694455306166972837e-05	-4.0153804541852782884e-05
-7	6	0	-0.00011521859334543557642	0.00036590206227785375317	-0.00013442169223634151034	0.00042688573932416276624	-0.0004057191482188154453	0.00012316071734427423874
-7	6	1	-1.0453537135994777176e-05	0.00049504782996556760503	3.4068408913014275297e-05	0.00048751804524347952573	-0.00027758521343004908524	0.0005402265382980957556
-7	6	2	0.0001632355302089129529	0.0003798420429774992447	6.8965928765714795733e-05	0.00037299128689728390474	0.00036442656943405096152	0.00021047328972939577775
-7	6	3	0.00025027330554408939957	-1.9447086702854181009e-05	0.00044217665392574760641	-0.00023942617030763859148	-0.00030038226158195333471	0.00043347580497528408151
-7	6	4	-0.00014772852249790859275	0.0002205087799107386488	-0.00020684433322234121338	9.3322098752358340046e-05	5.174158546217180987e-05	0.00024590721671525513211
-7	6	5	3.7588617302483576893e-06	0.0001017536058802013697	0.00010006835913084395097	0.00013418641129997851058	-0.00011481962453466504489	-1.8568645327692297149e-05
-7	6	6	7.406796590135872728e-05	0.00017502958663000194777	6.6559826410838332207e-05	4.6335282676630607001e-05	1.9852800474080184082e-05	0.0001578659017250383411
-7	6	7	9.7880426603230583299e-05	-0.00037831015339753938263	0.00040711562312888122496	-8.0587718355883694935e-05	-0.0002510758217929533122	-0.00030923496623535336614
-7	7	-7	-0.00095518334461642965053	-3.2336288408650975504e-05	-0.00052324639495952103216	-0.00048737608002859960938	0.00043193694965690861837	-0.00045503979161994859322
-7	7	-6	0.00026278495564980496003	-0.00023017700179986662714	5.5392354663460737288e-05	-0.00036051735018308530591	-0.00024195803448406828697	-0.00015206373978042178738
-7	7	-5	-0.00016118975108523548776	-7.1643531927945326579e-05	-0.00018041165198676777461	2.5102911105673987271e-05	-2.6910661262145204307e-05	0.00013544502024706703194
-7	7	-4	-6.2999595987280995377e-05	-0.00020088235818822058518	-4.7313847870711383441e-05	-0.00014626858002978750887	2.7450059203996827665e-05	9.5574111777257903877e-05
-7	7	-3	-0.00024582338606125934402	-0.00010138104492736332689	-0.00021238015878796188767	-9.1651715803853114851e-05	7.8034196971027425249e-05	2.2701767954857134308e-05
-7	7	-2	-0.00013766661045374131451	6.7506003264223635781e-05	-0.00015020981682434625067	3.6312699012927260377e-05	-4.3901222297117222372e-05	-0.00010917656487953729698
-7	7	-1	-8.5021818467893419736e-05	-0.000243399728112422397	-0.00010441590595387148759	-0.00028321798699413306593	-0.00013575861240184647501	-0.00027872781217197441141
-7	7	0	-0.00049800808060381342515	0.00010184145781695379729	-0.00049800808060381342515	0.00010184145781695379729	-0.00011367865015790356653	-0.00013818493872537666411
-7	7	1	-0.0001936006125930482991	0.00034279051546563170209	-0.00015800189034309263512	0.0002956576577124582321	-0.00024919105574968959367	0.00032993000427221428998
-7	7	2	0.00014989714453157056812	0.00026594538082596447508	0.00011357079291852212658	0.00015508869473432592497	0.00012714223064566959284	0.00038799840132073480344
-7	7	3	-1.1910538174703789007e-05	4.8728133008397724003e-05	9.952841551239581194e-05	3.0925915209747911695e-05	-0.00026002422526989906436	4.1538508196849573345e-05
-7	7	4	1.0884998019283809064e-05	2.6271099039425938493e-05	-0.00010186329653212292297	-6.4055227159363782366e-06	0.00019730951546496176157	5.7184088071884054912e-05
-7	7	5	-0.00021145559561960299661	7.3304026177665952799e-05	-9.4484754873789018469e-05	5.9681869017559667718e-05	-0.00016375917704413960464	1.907102002414880318e-05
-7	7	6	-6.8938349591018578265e-05	-0.00012177381235378747018	0.00040758790641115056263	-0.00029174812103957239355	-0.00055594729866919733331	0.00019830336013341575297
-7	7	7	-0.00082555140498128851915	-2.1651360836408964178e-06	-0.00090460158165375033259	-0.0010005875931341954525	7.9050176672461840545e-05	0.0009984224570505546327
-6	-7	-7	-0.00021849982909730620044	0.00016824814826537848257	0.00025854798212701196299	-0.0002701866797387147013	-7.1262414329320957276e-05	0.00012597398122553312544
-6	-7	-6	-4.4166007959168789173e-05	-0.00015903111721404355463	-6.8053012664689142451e-05	0.00024793400697609277363	0.000123561189401306113	-0.00013022522425806468127
-6	-7	-5	0.00012569312547025063504	3.5400867803554452882e-05	3.1833003135710107555e-05	1.2200509094007694946e-05	-0.00019539795495429493431	-5.9561754095876117061e-05
-6	-7	-4	-3.0931193543552813058e-05	4.7496825560048830828e-05	4.4920153169033165224e-05	0.00019744696954066752416	-3.221347773047881786e-05	-0.0004167774350362414169
-6	-7	-3	2.8925625432095536437e-05	-0.00032888356370007059163	5.3966058728717260814e-05	0.00018572076643013314874	-0.00018377205456453134811	0.00022441867239649716955
-6	-7	-2	0.00028684294094421765916	-0.00038308006670682544573	-8.1002417630228801715e-05	0.00029449024967328449624	-0.00057702036112685208338	0.00011852432626398060034
-6	-7	-1	8.8035153015223884215e-05	-0.00029533978281691202709	-1.0827157550293672921e-05	0.00023491578398767359133	-0.00045242081523928757113	0.00012762820898775705035
-6	-7	0	0.00023987645320385720597	-0.00020762622981298031223	-0.00020560838846044902982	0.00017796533983969740661	0.00053075531106493557907	0.00032934225341976411513
-6	-7	1	-0.00027616702047503324975	0.00015277391121762013966	0.00023011074192027050362	-0.0001203417736386035023	-4.6226929408306061261e-05	7.425105183549640317e-05
-6	-7	2	0.00041029960732641440222	0.00018088651937320953571	-0.00027641759745857148733	-0.00016035938750854733222	0.000263437230874243001	-1.8598298160287021752e-05
-6	-7	3	0.00013366242323654229794	-0.00028475144512357945976	-7.6204637964490619839e-05	0.00015469688225405660601	8.9514024555939838848e-05	-0.00020854349832102691111
-6	-7	4	-8.6037037051488467372e-05	2.636373574212099691e-05	-3.0700268294027233996e-05	3.1564174361933763793e-05	-0.0001827810250917803758	9.4782908746565575227e-05
-6	-7	5	-0.00027957328081948200869	-0.00020561183816856173109	3.1182985840812894711e-05	0.00011217053753803974694	-0.00029183175680624038901	-8.9695453249018423469e-05
-6	-7	6	-4.72386944551033173e-05	-0.00016755373423296647246	6.5753879447449223501e-05	0.00017220022414808327095	2.9474164900254102212e-05	3.3346527273130683754e-05
-6	-7	7	7.9252928793285519894e-05	2.1818486980353825328e-05	-0.00017069292225437666596	6.3297077425003298924e-05	-0.0001027618404315605138	8.1998637693878005379e-05
-6	-6	-7	8.5763903088534386258e-05	-3.8344007185823168748e-05	-8.6165172820088276637e-05	-9.3239538565329858183e-05	3.439454841890568365e-07	0.00011278589635813116401
-6	-6	-6	3.4598950871460701676e-05	6.9627644251732382264e-05	-2.6839814674507513081e-05	-7.4207152333205541575e-05	-7.759136196953190289e-06	4.5795080814731643938e-06
-6	-6	-5	0.00031984421715364034795	-2.394545116374413929e-05	-0.00021558631020061847991	-6.2665720790879548652e-05	-0.00012510948834362623622	0.00010393340634554843231
-6	-6	-4	-5.451835886465890475e-05	-0.00014228992427564929519	-0.00028007023207878408095	-9.9992658458904431798e-07	0.00050188288641516451243	0.00021493477629035750228
-6	-6	-3	0.00048380256906052388237	0.00022442981559788439754	-6.6230493352432875508e-05	-0.00017012128878445819942	-0.00083514415141618201371	-0.00010861705362685234203
-6	-6	-2	0.00078805585484024857131	0.00050993654547831519103	-0.0003946378635766860008	-0.00029090580548391946651	-0.0011802539737906876573	-0.00065709221998318701093
-6	-6	-1	0.00013835375346968838335	-0.00018088680614725889434	-0.00018321523986936311471	0.0001149893376402882526	0.00026916891839804827974	0.00039538481104182395887
-6	-6	0	0.00019669777742196254376	0.00024728142710713364293	-0.00019669777742196254376	-0.00024728142710713364293	0.00073547996938575410566	-0.0010551933167729070102
-6	-6	1	0.00033809315328521457591	-0.00018604046531475591135	-0.00024861988372957638744	0.00034774430619693242955	0.00053683961733382891401	0.00097022304529305910918
-6	-6	2	0.00038372825876838438826	6.2565122695489044534e-05	-0.00017360972696101744945	0.00014808646600518272983	0.00063035559542210081643	0.0006319547661020153773
-6	-6	3	0.00044057620691966632893	-7.9491970212266241597e-05	-0.00052209218754450416582	0.00017519961653856454676	-0.00016303196124967564667	0.00019141529265259661034
-6	-6	4	-0.00019632214164986883142	0.00031826826902118106029	-0.0001588919357568150054	-0.00013728220712225041276	-0.00053282111611002572812	0.00027147909284839594419
-6	-6	5	-0.00027931125455403233576	2.601911786481329991e-05	-1.8334015234596835639e-05	0.00015633076286906741185	-0.00035717432374635500704	0.00021881985688065685005
-6	-6	6	0.00015324088008750381311	-8.634360164735358379e-05	-7.7641703253619317126e-05	0.00012015612459742750168	7.5599176833884495987e-05	3.3812522950073917887e-05
-6	-6	7	5.3369010344246777498e-05	0.00013277702765504678368	7.956878836464583056e-06	-5.6646810597188133332e-05	5.2565047869181162317e-05	6.525447176387885284e-05
-6	-5	-7	-0.0001001509533184891267	-0.00019273193860952915176	6.4209069403745684581e-05	-0.00014967762457348759791	3.9980053270315201689e-05	0.00027211139350351613245
-6	-5	-6	-0.00020550420002212398899	-0.00017401841182945339249	-0.00013444694697271222079	0.00017523358447508774775	0.0003175433224993841775	2.7990424766880267103e-05
-6	-5	-5	0.00053030170370569284198	0.00014175713800426543673	-0.00077834926277283518654	-0.00034543596224976885409	0.00014198721832600370027	0.00017532739664465036254
-6	-5	-4	0.00074361527515850707817	0.00029331761535230103976	-0.0011238198417818287805	-0.00014180091682034675076	0.00028935188948952530411	-0.00026272527700301807375
-6	-5	-3	-0.00025811987071357558095	0.00027164655555804879125	0.00035390297080945806512	0.00067550535959124541601	-7.3598543255279014392e-05	-0.0016691353771015064646
-6	-5	-2	8.1918909463305281116e-05	-0.00064585856738842229233	-0.00010610226071246825117	0.00046022555149474411078	1.9498923391254774411e-05	0.00078701182342840662713
-6	-5	-1	-0.00070674484417535216128	0.00041561130438512607467	0.00073783159536963314161	-0.00061804026561342408942	0.00055131108820394736803	0.00059653350175636399907
-6	-5	0	0.0010588601564138345849	-4.462074732277294286e-05	-0.0012706321876966013718	5.3544896787327531432e-05	-6.0227643683081368681e-05	-0.00070728239233495732337
-6	-5	1	0.00063460946181871278303	-0.00016303760203423584983	-0.00058493919113606338868	0.00025443871938759371736	0.00088296081523195942952	0.0002939679847325534336
-6	-5	2	0.00016063270259953800066	8.3326499815032198143e-05	-0.00046292353522183881265	-0.00033386678326286173355	-0.00067541073025598305675	-0.00058468745871205767169
-6	-5	3	-0.00018092903196120576508	0.0004298543326123695804	0.00013675830369242717062	-0.00012647308539465848738	-0.00013392755776836620966	0.00064892018956697506034
-6	-5	4	-0.00022992912004868239391	0.00040057330719754039722	0.00049947605413950917335	6.7125844303519342738e-05	0.00027945138760136290293	0.00068476726617570980813
-6	-5	5	0.00011384616900041340248	0.00028156446068297526393	-0.00021682714926333812892	-9.2437265964820231859e-05	-8.0211746462842026966e-05	0.00024544008685475009841
-6	-5	6	5.6456163887859546114e-06	0.000267671575991122073	0.0001698475640144937889	8.5140019133083465305e-05	0.00014718525306753077898	0.0003386215919353583099
-6	-5	7	-5.7062403892306938827e-05	7.9997966163594509356e-05	0.00020162003979177687239	-0.00016281658770977852917	9.5103682229291818429e-05	-4.7727877366760791753e-05
-6	-4	-7	0.00013678068174075778789	9.7427543802825619591e-05	-0.00018587190090374214693	-0.00042259496115563233804	-1.1028069547082602748e-05	0.00015797351168651078946
-6	-4	-6	-3.9464207664597039356e-05	-0.00031989730213667611457	-2.3824312547599503444e-05	-0.00017625869392147010891	5.5347082696330039393e-05	0.00043740309808432283577
-6	-4	-5	-3.9673016910358439803e-05	-0.00036444878756991099791	0.00014117285683477458257	-1.7912909742918222707e-05	-6.5330665175389541002e-05	0.00045166887287822777295
-6	-4	-4	-0.00027518282507992442194	-0.00025372107467870689537	-0.00032478952891344827327	0.001052206931051833912	0.00073756376653333496039	-0.00067162531903377348762
-6	-4	-3	-0.0004562934606087826455	-0.0012294155017377307679	0.00016794555608693547029	0.0012641754767008671258	0.00068865951310165133062	0.00077326370120763866529
-6	-4	-2	-0.00073694724510012785991	9.5911905528205503306e-05	0.00049208788005350781718	0.00036900616558558903355	0.0012266659751933679454	-0.0010257480477557944822
-6	-4	-1	-0.00044987064555221297759	-5.2110963161169568522e-05	0.00060632053243789068783	-0.00050524905208974727009	0.0002739417435617149516	0.0023336619873260064373
-6	-4	0	-0.00023310413640191023012	-0.00013550554213213970162	0.00034965620460286535873	0.00020325831319820952532	0.0017922794797697756946	-0.00054768580359976963903
-6	-4	1	-0.0003113575265555449962	0.00063541640534520464276	0.00027534205281180075715	-0.0012610155191766848123	-0.00076677694808606705699	-0.0012315636446355109589
-6	-4	2	0.00019457228881801516486	0.00077975069087951056311	-0.00013394712874805026295	-0.0018583732918428020643	0.00031582260895794494159	-0.0013774945110470722225
-6	-4	3	0.00084638833468895591314	0.00034739072951480332203	-0.0017084714636110324114	-0.00039610325424850899084	-0.00058518528210346472222	0.00016664378669826128681
-6	-4	4	-0.00030734755676862975928	-0.00010808353054156781959	0.00031905545100586877368	-7.6090798616042164509e-05	-0.00014196588414707589235	-0.0002382160944283938939
-6	-4	5	1.2110523553245788338e-05	-0.00062562911226968144929	-0.00015163944188763091368	0.00062784261438799727519	-0.00010677892524620979443	-0.00024848084321321998406
-6	-4	6	-0.00016067728452855413956	0.00059976038621379604201	0.00011871613525119775344	-0.00049005906914883394856	-8.1533194361088957044e-05	0.00027305434011457339156
-6	-4	7	-2.5397108203236604797e-06	0.00019568849742757023127	-0.00022673718366251211366	-0.00022095071610611061153	-0.00013174099993885579293	4.1475445734425564037e-05
-6	-3	-7	-9.8903540570207125514e-05	-0.00013094912346338041147	0.00030338009530508929954	0.00020175601742536639093	-4.524557749914645614e-05	2.5775241214883326551e-05
-6	-3	-6	8.2346097478614333105e-05	-0.00061224193184287534555	0.00013168959548400752807	0.00091883590069706294785	-0.00014819089522061809714	0.00015282398149434389873
-6	-3	-5	0.00046220209603840275254	0.00032034091731418588671	-0.00084582386358954069448	-0.00031699055036985441256	-4.7148197092358875519e-05	-0.00019421477055511039483
-6	-3	-4	0.0004569243140491591193	0.00034222156514447649297	-0.00087678161076938318248	-0.00033116699174387173848	-2.7800262996701305645e-05	-0.0002649571039088109356
-6	-3	-3	0.00059702535679218167973	0.00078523816475716847179	-0.00077541023466240986944	-8.3577781557423762499e-05	-0.00041864047892195359844	-0.0014868985479569133031
-6	-3	-2	0.00075612339278732538118	-0.00038983028193702236623	-0.00031551151715055185572	0.00081492581239453508804	-0.0017951029026361485768	-5.2897872780735574034e-05
-6	-3	-1	-0.0016270451659910261863	-0.0011448548926557575254	0.0028619006426144288045	0.0025483007666458751261	0.001176569068102870921	-0.00077577294400307957555
-6	-3	0	-0.0016115017108987357043	-0.00079817148204594241378	0.0032230034217974714086	0.0015963429640918848276	0.0040444609554843328689	0.00029844845714509021448
-6	-3	1	0.00054116165024545412505	-0.00026127244652598323677	-0.00047967949301135634835	6.8152797382009007313e-05	0.0018079314224386557053	-0.00136317628700987248
-6	-3	2	0.00060758179420728950209	-0.0011865569734305708108	3.2000460385488878876e-05	0.0016462103515277705986	0.00187074607320010175	-0.0010903553930000562094
-6	-3	3	-0.00024353683892497967668	-0.0014121668587071312985	-0.0010166805656592321858	0.00022337506426986004525	-0.001503754243509191485	-0.0026009586531444027144
-6	-3	4	0.00067848254491048684989	-0.00017246350286073688853	-0.0020821700234311068221	-0.00047637006284890283424	-0.00054390370020759967913	-0.00061597280142778243137
-6	-3	5	-0.00081421003424043123572	-0.00073542977146595829054	-0.0010617114646841792781	0.0004567919324263523405	-0.0016140789198990249196	-0.00060844056630333855518
-6	-3	6	-0.00053235641256052014005	0.00036471334387848912276	-0.00031641315531797769818	-0.00056986953045483313644	-0.00069056299021950907045	7.9778578651072554542e-05
-6	-3	7	-8.2316664821845066287e-05	0.00027054246130576179103	-0.00042853759494063695069	-0.00066396046889758114206	-0.0002542161105361401708	-5.2660948408310403188e-05
-6	-2	-7	0.00018945431326590153349	0.00026139674482729484102	-0.00022556922497133353555	-8.0576705372871314107e-05	-9.7941061378963167211e-05	-0.0002010324368882894573
-6	-2	-6	2.2706036929702518514e-06	5.26727120930184012e-05	-0.000381320777610315157	0.00031158683123446942074	0.00012483632217713479229	-0.00015653498917117487704
-6	-2	-5	0.00060196302152085666686	-0.00036134487937231936231	0.00072244145656442991608	0.00073984992188416459809	-0.00101133220845080001	0.00013767388649311740638
-6	-2	-4	-0.00043474545078458869249	0.00042122089122072881679	-5.4365421689622685925e-05	-0.00054216729621918977652	0.00067930088702169435459	-0.00036074768872149836404
-6	-2	-3	0.0019792293333756919536	0.00045987683469001742077	-0.00015585812659775860026	0.00026293112061816589385	-0.0038545532490195442803	-0.0010950410831254786623
-6	-2	-2	-0.00017190393174776392895	0.00035768008495855839468	-0.0029202820157391115759	-0.0028894191055874873797	0.0034359938109824032272	0.0018163788507118119788
-6	-2	-1	0.00067842145393107048182	0.00082107408651329574691	-0.00074001546087065436536	-0.0036458643667264902834	-0.0025904978018451139433	0.0023652842143732058684
-6	-2	0	-0.00010457234919946691021	0.00049377505569623051339	0.00031371704759840073062	-0.0014813251670886915402	0.00050263604333903926999	0.0051464154116561775659
-6	-2	1	0.0012356307054446566147	-0.0029072571280739098812	-0.0023943829733378144478	0.0080896402977385494654	0.0026250182859923107924	-0.0012642621729663605732
-6	-2	2	0.00067025471690359975444	-9.76756396784975384e-05	-0.0031085763962637432203	0.0033494705735624121998	-0.001097812245552943957	0.0030564436545269194762
-6	-2	3	-0.00066353084346379410073	-0.0015087816338077292277	-0.0014747182208482620663	0.0010128354604095914353	-0.0023102071674930965348	-0.0023423396273423977877
-6	-2	4	-0.001120347131757017025	0.00043351062638672277928	0.00083534834698624428791	-0.00059136509205774050006	-0.0012628465241424032851	0.00035458339355121391888
-6	-2	5	-0.00038280630500686982495	0.00028530856287119432885	-4.669704790743260781e-07	-0.0010304360865786140952	-0.00045955435419987351745	-6.9804159186012419073e-05
-6	-2	6	-7.8388895175956251949e-05	-0.00012359751334842445421	-0.00026094517025039538167	0.00010526198616031952294	-0.00016537061859275470799	-8.8510184628317955602e-05
-6	-2	7	-5.5209535530094742798e-05	-0.00023667038826524200153	-1.5699496263645916716e-05	-0.00054234346840838047743	-5.1808029386837184318e-05	-0.00035781560948688754305
-6	-1	-7	-0.00022127700649765994303	0.00028172416248979848712	-0.00014413682475047917813	6.8384013842445515153e-05	0.00021025698053377697662	-0.00025124699839731946208
-6	-1	-6	0.00047388973017887869388	9.4703449601505349312e-05	-0.0011656540676127831197	0.0008227443854950975766	-0.00027961405224341485867	-0.00023182751385068827875
-6	-1	-5	7.4885098525180214188e-05	-0.00076354146792764212258	0.0015467369904270369865	-0.0012191808243592044264	-0.00039920951631562364348	0.001160085926385011389
-6	-1	-4	-4.8821333407766075423e-05	0.00054097319833518587966	-0.00060316472308565493785	0.00072219830305056203438	0.0002240231808830628476	-0.00099200937326541930097
-6	-1	-3	0.00073433427401843880556	6.5473555976686809675e-05	0.0011801727972993189628	0.00045355866847794976257	-0.0018620594804699837875	-0.00028213333477935685547
-6	-1	-2	-0.00044758814990085096655	0.00095601195642437458624	0.0011210692546232347514	-0.0019505710049406745077	0.00078222982239093546974	-0.0018927503668027863964
-6	-1	-1	0.0001121291160375527049	-0.00053236395539377461689	0.004334210343665792671	-0.00095018039209677183921	-0.0050069850398911089004	0.0041443641244594195405
-6	-1	0	0.00092337341448708908434	2.639373600425778683e-05	-0.005540240486922534506	-0.00015836241602554672098	0.0066646140108613778977	0.0015399924176008757647
-6	-1	1	-0.00070755194138894374287	-1.1510345165330382637e-05	0.0022972688057702932499	0.0032684140003889031872	-0.0019480428425633694242	0.0031993519293969209863
-6	-1	2	0.0026674764860627028958	0.0016153650093891178553	-0.0035178343950292905937	-0.00022652563369231147844	0.0062435122606734625231	0.0047328322113211977046
-6	-1	3	-0.00030133986695044813996	-0.0017596047337086662046	0.002798762235724419796	0.0014016851327751369757	0.00033024101134057691313	-0.0030519810898256200839
-6	-1	4	0.00071452972694738899236	0.00038971586982310439055	-0.0013338553104566682958	-0.0014383560280648978544	0.00073833076280691641458	0.00022498479771843214931
-6	-1	5	-0.00081163098235037295543	0.00023522052866297048419	0.0012793976374567480204	0.00017329891433161468653	-0.00071807765132909798581	0.00031692441726188753459
-6	-1	6	-1.2310067895123934681e-05	0.00027578697079163716054	0.00031800575207478444994	0.00059185610745376830179	4.0690890784006810929e-05	0.00037442965536726519277
-6	-1	7	-0.00013464577275728312612	-0.00022182225192581475474	-3.4971058956950704945e-05	-0.00047165029001094630054	-0.00012040652792866421655	-0.00025751197165226210294
-6	0	-7	-0.00032453805253365361743	6.1115124287277233957e-05	-0.00012425576457438880854	-0.0006770586652538184173	0.00027817547360027452923	-5.238439224623763201e-05
-6	0	-6	-0.00012352465061114023103	-0.00057658318824223785647	-0.00045884319966603615741	-0.00051925523775019609158	0.00012352465061114023103	0.00057658318824223785647
-6	0	-5	-0.00023119498366723297716	5.1819631313659010011e-05	0.0004185560997641425262	0.0016283595227566036428	0.00027743398040067958343	-6.2183557576390817434e-05
-6	0	-4	0.00032364466628094745422	-7.8558906317296553929e-06	-0.0013323934683699687528	0.0017075129309473508973	-0.00048546699942142120844	1.1783835947594482242e-05
-6	0	-3	0.00053110290998685083085	0.00039122799482268317498	0.00089866901296092361901	0.0019302056610171881932	-0.0010622058199737016617	-0.00078245598964536634996
-6	0	-2	-0.00010658702930789855715	0.00036555609917553568474	-0.0027206384581590693263	-0.00029366119182893562264	0.00031976108792369567144	-0.0010966682975266069458
-6	0	-1	0.00029540672501440702787	0.00099863140219071827065	0.0008145161449125971594	-0.0025757930719928802399	-0.0017724403500864421672	-0.0059917884131443100576
-6	0	0	0	-0	0.00025969780313997957444	-0.00016523391400296473931	-0.0013381227918196553824	0.0034898769251183354989
-6	0	1	-6.2661740254709439026e-06	-0.00036291741882779827077	-0.0014250159187735869041	-0.0010207176361722745603	-3.7597044152825661722e-05	-0.0021775045129667899499
-6	0	2	-0.0010554240467858281519	-0.00085370175002364464927	-0.001030279235425495335	0.0076421804080607919074	-0.003166272140357484239	-0.002561105250070933731
-6	0	3	-0.0013942050629429934058	-0.0002294908177003326835	-0.00023080705319615410715	0.0019688762507367668989	-0.0027884101258859868115	-0.000458981635400665367
-6	0	4	0.00061015748403319845696	0.00033318359602281446153	0.0017689842789674699221	0.001845399259900108984	0.00091523622604979763123	0.00049977539403422163809
-6	0	5	0.00057593751826078508869	-2.9240033241670851128e-05	9.0459706058194003079e-05	0.00038695932651555589154	0.00069112502191294206307	-3.5088039890005022709e-05
-6	0	6	-0.0001202757758997010794	-1.4235063528299062905e-05	0.00060586794317612775295	0.00020876445511680384462	-0.0001202757758997010794	-1.4235063528299062905e-05
-6	0	7	-0.00036674253116502188513	8.3369026718146637257e-05	-0.00029402789568042580559	-0.00038005738527481963988	-0.00031435074099859020274	7.1459165758411399491e-05
-6	1	-7	3.9542342819293550718e-05	0.00017776157271385658524	1.5881029746581539982e-05	-0.00011788933466788545455	-3.162471816702567965e-05	-0.00016920839585014642759
-6	1	-6	-4.4679676975093330499e-05	-0.00034302073469220559741	-0.00050949777261682027089	0.00055782790769202429682	-4.0236618461043376798e-05	0.00043599205264087631355
-6	1	-5	-0.00016888937338799917833	-0.0005701798664596311253	-0.0013810811692904227579	-0.00052013038113702628629	-7.3548985792485545711e-05	0.00058018976352415215815
-6	1	-4	0.00041090219560754517999	0.0010189361468365030431	0.00010858669811764289786	-2.3701434274065580056e-05	-0.00058920661888190708957	-0.0015343295788232710723
-6	1	-3	0.001151077691895735066	0.00094160880372945790755	-0.00093017115231215023296	-4.086897307276344106e-05	-0.0026122124345621866234	-0.0018968405984831702548
-6	1	-2	-5.6805134045147156596e-06	0.00097363906501587397114	0.0029302745491742569241	-0.00043218463540881427686	0.0014821788148006726903	-0.0031370095127520292687
-6	1	-1	-0.00076893131625932855441	-0.00096983518793260854902	-0.0023639518103564754851	-0.001955862950200164263	0.0022496360871994951908	0.0038631481773954874648
-6	1	0	0.0001286416620489147988	5.3968020267564247353e-05	0.00077184997229348879279	0.00032380812160538551122	0.0019373837416967669249	-0.0019507270301342256001
-6	1	1	-0.0014595673887522065803	-0.00037319858436993838492	-0.0058126924719829635088	0.00060404893286140307496	-0.0029447118605302751056	-0.0028432404390810336013
-6	1	2	-0.0019313101143957141399	0.00021345211491804585231	-0.0028861297003716060612	0.0014631030342172324493	-0.0043508654930013391723	-9.119517235447865413e-05
-6	1	3	-0.0010030225088138524942	0.00041850086065888420254	-0.0011397389700955535326	0.0018517405141060523741	-0.0016261320275958537386	0.00021975488328241754143
-6	1	4	0.00012187900492305713657	0.0011076382972248046462	-0.0010827984549649685275	-0.00029771184692122985242	0.00045351812112582787738	0.0017358854075675144053
-6	1	5	-0.00073030848991141746572	0.00085989443203325231693	0.00066065534411799062275	0.002001871824707811276	-0.0010085012567172990834	0.00063149895349834048175
-6	1	6	-1.7325030795318929229e-05	0.00011218503514287313314	2.1872235370069029555e-05	0.00055628723555799675527	-2.0970403356997102516e-05	1.9470495883207006137e-05
-6	1	7	-0.00019914245890974806427	-0.00024584041045833121423	0.00056516886790145036759	-5.4189252583652804238e-05	-0.00025143194590856267128	-0.00020297903002376206389
-6	2	-7	-2.7973134006772819098e-05	1.2550639939169247231e-05	0.00025568938823664858363	-0.00032051719564147224161	9.703108293056200782e-05	-0.00010233403298827999474
-6	2	-6	-0.00037088860081611104563	-0.00020166279066344093692	-0.0010913385560370953472	-0.00089669431443706738415	7.1090821370792654939e-06	-9.7235314148914862311e-05
-6	2	-5	-0.00031303842192928634349	-2.6777694401768570369e-05	-0.0011432505589595797456	-3.323720129501011374e-05	-8.1654117268688277916e-05	1.8838352764118238269e-05
-6	2	-4	0.0012675906656961530121	-0.00046604397892504066192	-0.00019711704839783515436	-0.0014907557460791124107	-0.001999944522743147407	-4.6311904651995219244e-05
-6	2	-3	-0.0018399293368671818492	0.00014710155774816130892	-0.0033061170493625937836	-0.0004786812482303321294	0.0014757806408259676982	-0.00061332394764987733463
-6	2	-2	0.000932543031205170154	-0.0013416329890147688907	-1.9759063672354760892e-05	-0.0034024795759209727243	-0.0028173881572878651212	0.00062241939112333427315
-6	2	-1	0.00051310282329869840237	8.5246381834358758278e-05	0.0010874810511918206989	0.00078719775851987701387	-0.00090365483740854955861	0.0010629172260336015865
-6	2	0	0.0017035061785417697239	-0.00013447774772577813802	0.0051105185356253093887	-0.00040343324317733441405	0.00054390595166228382536	-0.0001970248680473891934
-6	2	1	-0.00039604320243574319283	0.00065511681319609116076	-0.0030883813462523482599	0.0021076189996273335045	0.0038005034778902367122	-0.00028453712007812009864
-6	2	2	-0.0016687432459116173337	0.0012923729503714355936	-0.0013603410080160760216	0.0023473333386763921109	-0.0036458887297187761965	0.0015297855124379146699
-6	2	3	-0.00099498462257185797154	-0.00045729876641268290887	0.00025892096812962485603	0.0014957778022709423884	-0.0021625832238967991443	-0.0019117827343393275184
-6	2	4	-0.0011508262746592267615	-0.00060446874647587149967	-0.0014945722827040511423	0.00091330447341894020839	-0.00097895327063681446267	-0.0013633553564232772995
-6	2	5	5.0291690326614621313e-05	8.4647058967983332877e-05	5.234474678425497801e-05	0.00074286744723176434575	3.9412129678235558437e-05	-0.00019557050813112574427
-6	2	6	-0.00014754529921321221523	-0.00033432785338591340749	-0.00052450476432149386371	0.0012676463646364578407	2.7289622227285730309e-05	-0.00075687664159806609335
-6	2	7	-0.00022455968281228023053	0.00019470849625053486651	0.00018478715743572383186	-0.00011435686558757945106	-0.00024527605882073273648	0.00019956638695405257426
-6	3	-7	-6.6568365608866820571e-05	-0.0004094087141767914842	-2.4898706918013961692e-05	7.1409254379093940832e-05	4.6387724699879866977e-05	0.00038152572117114723132
-6	3	-6	-0.00038179110384645853623	-8.9080754772582169954e-05	-0.0004972916753193498858	-0.0001927270285546306243	0.00013314526618678359333	-7.2827595047331430416e-06
-6	3	-5	2.874431850661497241e-06	0.00044977759385950540809	-0.00098496999411123845915	4.6798825536514475321e-05	-0.00059443131468753685354	-0.00051165381730949779232
-6	3	-4	-0.00014576281499101081279	-0.00011489192976518874403	-0.00018444224222103540478	-0.00033062832719364529865	8.0312540820739672376e-05	-7.5633350747450844398e-05
-6	3	-3	-0.00064928690307222789585	0.00051051749516569148134	-0.0020975831347411185226	0.0012460049809090525431	-0.00079900932859666283937	0.00022496999057766949915
-6	3	-2	0.00017750408633032698814	-0.00085106364480440419972	-0.00020595989928758840436	-0.00092707086389527833779	-0.00084145210792236355742	0.0011625846385702948756
-6	3	-1	-0.00067607346120883372777	0.00093289094676319509868	-0.0018965952090730247865	0.0015217261431793545953	-0.0016333448599660722097	-0.0010321672510411070232
-6	3	0	-0.00017931692764578676682	0.0013164725195573307066	-0.00035863385529157353364	0.0026329450391146614133	0.0018225743054140965561	0.0037102986231074791372
-6	3	1	-0.00027251718492346245449	-0.00035912216842565961722	-0.00036964939669041933443	-0.00059871133860431270061	-0.00052615491946951694052	-0.00035859899474101949307
-6	3	2	0.0010011296403595602075	0.00085664426509542927063	0.00018766128186278586932	0.00083907886166117062916	0.0027218969982845020623	0.0013113145027945319766
-6	3	3	0.0010712559341986452148	-0.00064074706636166355641	0.0013987598852413930632	-8.0285683359361659076e-05	0.00074375198315589714955	-0.0012012084493639653589
-6	3	4	-0.00094748570099758623077	-0.00092059377382907377641	-0.0011919367822616712318	-0.0015128301232936460733	-0.00052727596480012597652	-0.00024626806827337610964
-6	3	5	0.00097872820473262158759	0.00038524156309064212745	0.00034851239252819607699	0.00067296641212228496855	0.00096536641016222834565	5.851002843539951625e-05
-6	3	6	0.00034835740085305938983	-0.00032057502564813354596	0.00012711566647001404265	-6.135345888168340471e-05	0.00028479956761805235495	-0.00028989829620729184361
-6	3	7	-3.1565960871820844254e-05	-0.00023938642052952354517	-0.00012404344276824768928	0.00026856463935787561496	2.6104937581973999361e-05	-0.00032028749160725256476
-6	4	-7	0.00037720644173239728991	-0.00010387035780275491979	0.00035542710208249844381	5.7203740949701429902e-05	-0.00012021860600919858568	0.00012171958723076217691
-6	4	-6	0.00011719721215993486661	-0.00019259149608430564649	-5.0334463424697718071e-06	0.00038950058494723689608	-0.00012055284305491471787	0.00045225855271579693765
-6	4	-5	-0.0001101299508188190667	0.00035315998933652369965	-0.00022349749935942649472	0.0011066112355261541016	-4.6642058504958315741e-05	0.00046149700121709484168
-6	4	-4	-9.088927874185293986e-05	-0.00046367705989415610801	0.00047838991875093797536	-0.0011257752027895129125	0.00061472383686371739192	-0.00043025961294827866918
-6	4	-3	0.00030134207641838655451	7.0633040676855505906e-05	0.00013928371235793644747	0.00052143274574447523711	-0.00041697253635952449434	0.00055397757963892256539
-6	4	-2	-3.1929304596017528883e-05	-0.0011735798501314868066	-0.00038736397922746571313	-0.0024317848711222882219	-0.0006789400446668787583	-0.0013428301918501155902
-6	4	-1	-0.0010383017622995485089	-3.1737797332104682776e-05	-0.0018034915988777596146	-0.00017497647648760403867	-0.00098415582171374762187	-0.00050947912195778812579
-6	4	0	0.0014114935469569122629	0.0012668907742550575366	0.0021172403204353681776	0.0019003361613825864133	-0.00083265814628563812605	-0.00014711563297526255353
-6	4	1	-0.00077162399945572882586	0.00092052892077609642114	-0.0010042151206350186099	0.0011555334943259487016	-0.00061288351419429884081	0.00090103954735278404559
-6	4	2	6.0448621703743033102e-05	0.0020191811155898203682	0.00047264051590589778321	0.0030035363782040867646	-0.00076393516670056641968	5.047059036128710111e-05
-6	4	3	0.00012343207662620237896	-0.00048355151880657645412	-0.0001395651199476040643	-8.486051523256063359e-05	0.00043295097984921021312	-0.0008539556839697388024
-6	4	4	-0.00026725461422988101411	-0.00068963459710449828265	-7.3064193667543689313e-05	0.00060437074061861668917	-0.00032781772767727785896	-0.0016388226362753640589
-6	4	5	-0.00036524202993088730144	-0.00020378123257283587387	8.1685630471147743174e-05	0.00028174709938672318731	-0.0005036389402939829129	-0.00046993515859678158765
-6	4	6	8.4694928499586176083e-05	-7.8234291734450734789e-05	0.00024085432181133250044	-0.00019407953027672958683	-7.5874619374635495395e-05	5.1152061783368989764e-05
-6	4	7	-2.9075885605135017823e-05	-0.00018527095256665036165	-6.875969615066184085e-06	2.4886200694872069583e-05	-2.0993062167220766744e-05	-0.00017302435973991290956
-6	5	-7	0.00016726977675501702395	7.3727111302040643811e-05	2.1951652498579005981e-05	-1.8710120530487109542e-05	-0.00012769434257674388308	-7.6559038637811344368e-05
-6	5	-6	6.4011238215280950544e-05	-0.00025924473994859599394	5.9569445597413993494e-05	-0.00031766286454630875179	-1.4370033550769287605e-05	-5.4743138399946116615e-06
-6	5	-5	-2.6805333848008826715e-05	-0.00020560643274850255594	-0.00011615140792424023732	0.00028804012051867120122	-8.3985007306629642552e-05	0.00053476783981687425751
-6	5	-4	-6.6297810686596912505e-06	-0.00019490973213784367792	0.0002821937161724653257	-0.00044899905113545763224	0.00036268681681857119908	-0.00026888421571255653698
-6	5	-3	0.00019615615364408799559	-4.2495571634257743219e-05	0.00038794991221553895479	-0.00031268929033372114962	0.00025427087973772219453	-0.00043615767395435310529
-6	5	-2	0.00039303279432254152603	-0.00056930992481130798539	5.7089848327399533379e-05	-0.00033701152835130277494	-0.0010363737621491258666	0.0008654009535556669375
-6	5	-1	-0.00038758236253384005564	-0.0002519947216502724306	-0.00045281284593830516431	-0.00040471512079709204583	6.1429945511514661371e-05	-0.0005116072740838254829
-6	5	0	-8.5998825068509294361e-05	8.1223324999793873298e-05	-0.00010319859008221115865	9.7467989999752634406e-05	0.0014244561649445648937	-5.4228463599692294314e-06
-6	5	1	-0.0002457083947697151537	0.00025971059783056583232	-0.00010496755525470222918	0.00030732621409323306917	-0.00094941259234477995248	2.1632516517229834419e-05
-6	5	2	-0.00011417206596849290641	0.00059881824867638350652	-0.00016299472136227380684	0.0002182874384395003958	6.4970605500205811408e-05	0.0012507361499303995978
-6	5	3	0.0011164696220749975586	0.00027116701889161239645	0.00085273177189360927029	0.00010979406335118838968	0.00081171962432731307232	0.00035934393219791080105
-6	5	4	-0.00018728433186581574361	-0.00061474165348137288414	6.6689657357876816024e-05	-0.00076164645855159084174	-0.00036428856949606965238	2.9945592967429195472e-05
-6	5	5	0.00033429028746688086533	8.3597845427509879113e-06	0.00022181575952096084406	0.000209449864943029939	0.00017933258543929619976	-0.00019941812349172875892
-6	5	6	-8.2092356486904746564e-05	5.834688427092297818e-05	-1.6780278036727225678e-05	-0.00024878208587109204748	-6.8108791456298725165e-05	0.00026566528916349967538
-6	5	7	0.00013268282867629559402	-1.6856563395550307975e-05	5.85138424871466494e-05	0.00021578042609428959631	7.1932537088862901473e-05	-0.00016857735869210712623
-6	6	-7	0.00026286319331431920367	9.7418445762081646699e-05	5.5145663935218775615e-05	-8.8189621094817793965e-05	-0.00017804359661065748653	-0.00015909262873448523873
-6	6	-6	-8.8320590150755786578e-05	-0.00012683116568995342192	-0.00015359256956437507703	-2.6062282857774453528e-05	-6.5271979413619290447e-05	0.000100768882832178965
-6	6	-5	-0.0001024064348698559135	-0.00013411579048263545691	4.7909317138231391432e-05	0.00018919415310619827034	0.00018037890240970476862	0.00038797193230660049438
-6	6	-4	9.3921373311269074698e-05	0.00014830139601293296507	-0.00024008965353310856867	2.5713737200473408645e-05	-0.00050101654026656647183	-0.00018388148821868932278
-6	6	-3	-0.0001706538413991672931	-0.00038952638360659853694	-0.00020857069355779457327	-0.00037195040884124456549	-7.5833704317254560338e-05	3.5151949530707902254e-05
-6	6	-2	-8.2522843434308797931e-05	5.723734375330848665e-05	4.00397688602502881e-05	0.00012804500149358278909	0.00036768783688367727164	0.00021242297322082292089
-6	6	-1	1.5450850192245123191e-05	-0.00054703673558707832138	4.2748472754741581548e-05	-0.00047087072280104825834	0.00016378573537497877048	0.00045699607671618064928
-6	6	0	0.00041684337909396397721	0.00049185119874411585474	0.00041684337909396397721	0.00049185119874411585474	2.2560440004228453977e-05	-0.00119139938045801177
-6	6	1	-0.00025085635549391293751	0.00010054772367414453315	-0.00013661438396481395382	0.00012020132684161195845	-0.00068545182917459390216	-0.00011792161900480455181
-6	6	2	-0.0003270908903991710478	0.00056472866577221027522	-0.00042489884833414565775	0.00055554432784537719457	0.00029342387380492393825	2.7553013780499265674e-05
-6	6	3	0.00019774092711291051832	0.00022989699930758025715	0.00011241492936485881799	5.0252110395042106077e-05	0.00017065199549610340067	0.00035928977782507631571
-6	6	4	-0.00010820631331016543699	7.5902874465142014049e-05	-0.00028485926052755069582	0.00010301385017201212006	0.00026497942082607790857	-4.0666463560305159011e-05
-6	6	5	0.00021619383034708700912	-0.00011709793684498312168	0.0002106766616057296202	-6.4863623706510164092e-05	6.6206024896288565376e-06	-6.2681175766167549109e-05
-6	6	6	6.9004860408307391807e-05	0.00015491247199556098624	-8.4093827815099871179e-05	-1.4682982434791583929e-05	0.00015309868822340727654	0.00016959545443035256508
-6	6	7	-9.9987523844678907845e-06	2.4645774332630793121e-05	-5.937426677189076938e-05	0.00024966923057109265257	4.2321869474933894971e-05	-0.00019287724820439585533
-6	7	-7	-0.00033239350897915754092	7.9739806662397025457e-05	-5.5729894890132389274e-05	-0.00020731651140751131482	0.00022917882709200265452	-0.000275664917118137356
-6	7	-6	7.1312693709795754314e-05	2.5084529712142404368e-05	0.00010647462255079746395	-8.7273242349932862857e-05	5.2907699266134613515e-05	-0.00012690331245373073646
-6	7	-5	-0.00010504251370251593801	6.0701249866452527601e-05	-9.5378260752529127418e-05	0.00013007461411971749684	-7.4785486105216507412e-06	0.00010926295992786146788
-6	7	-4	5.4959270233699343306e-05	3.4672051874241423188e-05	3.3280049377573400358e-05	-7.2690586801898103745e-06	-2.4198818939795562638e-05	-6.4728930501694299337e-05
-6	7	-3	6.8880060634926419281e-05	-0.00023941206344556235247	4.8169253928116956102e-05	-0.00010978043576970211129	-2.5365195437579936472e-05	0.00022266977676181976052
-6	7	-2	-8.2112162611863999504e-05	-8.6946977746821268616e-05	5.3928339967677882833e-06	-9.1769972472378728585e-05	0.00026521140682427923971	-6.0353970412861764527e-05
-6	7	-1	-0.00023145095401805800841	0.0002370672240595592486	-0.00022732374252115494567	0.00018900892383012056074	-0.00020256047353973646082	-9.9340877546511674847e-05
-6	7	0	9.8231783063005401034e-06	-0.00025152729786623008673	8.4198671196861774735e-06	-0.00021559482674248295472	0.00040418307359058063986	0.00023196440027012667196
-6	7	1	-0.0004071069408984995361	0.0002341640042284432008	-0.00023866895989861796105	9.9064033229521970348e-05	-0.00077195892610067129956	0.00071153579276400538527
-6	7	2	5.4054820627881059055e-05	0.00029490771753628832125	-1.6707686285681649176e-05	0.00019393735384215846475	0.00022064136388352895775	0.00020594241416131036423
-6	7	3	0.00025591088231371620981	0.0001666799456596359196	0.00020249022984760987908	0.00010790427560202174313	3.9344561649676007987e-05	8.1583248247887789968e-05
-6	7	4	2.6062581698508340499e-05	0.00011962729307956194687	-0.00016136490659412084259	0.00012965630316448547936	0.00032148245908747397851	-4.7457590918506688911e-05
-6	7	5	-0.00014489187600546363558	1.4135850263473390771e-05	9.0750693010140332049e-05	0.00015910782244155525491	-0.00030092122142075282756	-0.00020578793110200926898
-6	7	6	-5.5734319595115975102e-05	-6.4684859557780617309e-05	6.9461146384032226516e-06	9.0682235853479674012e-05	-6.3838120006586395318e-05	-0.00017048080138684025054
-6	7	7	0.00036318657334679488834	0.0005800370255730622664	8.8523811091993989675e-05	0.00052959772550650982721	0.00022277896606240159792	-3.2423132158170757215e-05
-5	-7	-7	0.0001762817200606524087	-0.00012040015549744781647	-6.63363969249681232e-05	0.00012497371197344323891	-5.957911740406930868e-05	-3.8973600903837648938e-05
-5	-7	-6	5.007519030281435714e-05	-0.00025820919350230881525	-0.00022843452137523575195	0.00021381001680543132871	0.00022477761635209640169	-3.4270691687745873045e-05
-5	-7	-5	0.00031611892246697368206	0.00015773349891339132913	2.1960571680406420001e-05	-0.0001495013661780786535	-0.00034686372281954265312	5.156841373591878713e-05
-5	-7	-4	0.00010743780671519958701	0.00039700452620999534571	-6.8662016521353079934e-05	-0.00028524562282570712973	-1.4138729481631597261e-05	2.9241821824933130976e-06
-5	-7	-3	0.00038467408380152848463	0.00020945646855579202051	-4.4351096571333716565e-05	-0.0003782199212248184934	-0.00053763758100276877981	0.00053341903526492318033
-5	-7	-2	0.00067415310820097924457	0.00013893386362991228737	-0.00040876612295916088828	-0.00010318041562919688311	-0.0002547013401453851922	1.3796795627408340291e-05
-5	-7	-1	-6.4251750425055041455e-05	-0.00025121889865714868827	0.00014535627552679758045	0.00040871729139997572001	-0.00069623517656230786942	-0.0016049265465140868155
-5	-7	0	0.00026236708504424758118	-0.00048550541686648117498	-0.0001874050607458911449	0.0003467895834760580131	-0.00045474325059443357041	0.00015887946582859413091
-5	-7	1	-0.00062836071035674598111	-0.000587162516335245732	0.00045518730463455653063	0.00051777460874611669957	4.4507580658165747905e-05	0.00068860967954658758652
-5	-7	2	-0.00012228455514614949232	-2.3083392152084570572e-05	0.000204761411143147468	-5.1212550421788412703e-05	0.00041095355113564242073	-0.0002369524068564708675
-5	-7	3	-1.7168875980919080473e-05	0.00020795454863088019565	-2.6029337249249659452e-05	-0.0004462498042466472685	-8.9349913549781003917e-05	-0.00069465862885737666987
-5	-7	4	-0.00040087487360320584557	-0.00029150386779157409084	0.00021283439361951251548	6.7468010136088879666e-05	-0.00012863340316986041165	-0.00024631081700131205381
-5	-7	5	-0.00014689054885152081622	-0.0003007840189521149548	-6.1723093440668930958e-05	8.4451040623628072907e-05	-0.00023330287966845733583	-0.00018255256207903565544
-5	-7	6	-0.00010965469695271148963	-0.00015727434779811192388	4.903179492770774376e-05	5.8036141272124123873e-05	-3.4175153378267203582e-05	-6.3353125014281792046e-05
-5	-7	7	-8.0932844577351093244e-05	-0.00019001663426814754346	1.9677493736710842967e-05	0.00014437389445961682855	-3.8131680961397077391e-05	8.6477271252257311562e-06
-5	-6	-7	2.1160076073000740293e-05	-8.4280699939477619876e-05	-4.5418260876314133303e-05	-0.00024484854016408494045	2.3815597841840155456e-05	0.0002700706772402711002
-5	-6	-6	-0.00021913267034465771436	0.00025694339885954492995	-9.7119934512884126005e-05	-0.00012056674627212788568	0.00027973049313343220776	-9.3552752777492875725e-05
-5	-6	-5	8.8168932949924752889e-05	0.00012302038119518251364	0.00031632138952031009982	-4.9633423651647689016e-05	-0.00046775460037429684827	-6.3460272813205300378e-05
-5	-6	-4	-0.00018328685469797600179	-0.00019195278902669606568	0.00019702350786593967897	0.00021134895219572681765	-6.6426693426439509444e-05	-7.7082442010220164706e-05
-5	-6	-3	0.00053823910648825564005	0.00045179202733329389954	-0.00027975818846174530137	8.6952763813807941798e-05	-0.00033754880055693537366	-0.00092689223984977232862
-5	-6	-2	-6.841876720883301123e-05	0.0011028999747544788058	-2.6038878597238572781e-05	-0.00034576988361566913469	0.00024916355381379825997	-0.0017199402860391896104
-5	-6	-1	0.00026074942774754035707	0.00059865541304530576951	-0.00038508377649918725492	-0.00015976889921495227432	0.0010067555202574217984	-0.0020346636699368151474
-5	-6	0	0.00041417392315412556456	-0.00045584789609605136677	-0.00034514493596177127669	0.00037987324674670946327	-0.00045092377992670865756	0.0018737974929561055856
-5	-6	1	-0.00024771608421629310324	-0.00010169777806934800408	0.00030173682493890406501	0.00055608713211311876137	0.00057184052855195892807	0.0028280339023319723581
-5	-6	2	0.00063479483168343419242	0.00052768441684991943506	-0.00064803974431759127882	-0.00025145412840331160574	-0.00035713215374418851803	0.00056484865691486360779
-5	-6	3	0.00019155559172321685738	-7.4295634180109745522e-05	-0.00052969818990051772446	0.00040119403032925419865	-0.00074013706026234056014	0.00067856200369165880788
-5	-6	4	-0.00077717161028581168997	0.00093712493407023403705	0.00041621932456585868012	-0.00066191307441966571855	-0.00034713552600847661939	0.00017853655595829391427
-5	-6	5	-0.0004373971716734364394	4.1194282338049030209e-05	-0.00026910098926341140431	7.5676190361180674512e-05	-0.00076031835878953004867	0.0001320057107714658342
-5	-6	6	0.00010816345484997192414	-0.00012641577438213510488	6.8627960351176178527e-05	0.00031072127164760541965	0.00015876417272615278423	0.00020537479299582617914
-5	-6	7	2.0123622534173269609e-05	-6.2196737208702800796e-05	0.00011215699260479240209	0.00018992111394592969082	0.00011050858118566011059	0.00011836328537600916493
-5	-5	-7	0.00030844706013440488469	-0.00042558395420204766547	-0.00014484373878818746872	-0.00025832077608726631765	-0.0001168595152472981833	0.00048850337877808143201
-5	-5	-6	7.1457056606019476812e-05	9.4932159512649594876e-05	-0.00033484610579822231399	-0.00015669343485630909583	0.00021949087432683567732	5.146772945304959316e-05
-5	-5	-5	0.00062639360121254452924	-0.00017108398267847918571	-0.00081438231119011609844	-0.0003024500091599002208	0.00018798870997757154209	0.0004735339918383793794
-5	-5	-4	-0.00027119116396924638308	-0.00055403515689737283748	0.00038844299922025966746	0.00016509432377909353108	-0.00014656479406376660547	0.00048617604139784918044
-5	-5	-3	-0.00035923808952017627057	-0.00013395804211637410267	0.00066734470013140960703	0.00053494871569927462691	-0.00051351101768538898445	-0.00066831778930483425223
-5	-5	-2	-0.0010547435029017637655	-0.0001008070609664732289	-0.00018548479578719877995	0.00029727503221353029396	0.0031005707467224061062	-0.0004911699281176427033
-5	-5	-1	0.0002542275157592005291	-0.0013400937124011724419	-0.00036194577178228761957	0.0013832607757581990866	0.00053859128011543534395	-0.00021583531678513344018
-5	-5	0	0.00086579907770766213228	0.00022106081513655173707	-0.00086579907770766213228	-0.00022106081513655173707	0.00064634831458620217986	-0.0016651794494476654211
-5	-5	1	0.0013029593940269024871	-2.242622927149184883e-05	-0.0011691983840518111685	-0.00017690315851645640045	0.00066880504987545659305	-0.00099664693893974118204
-5	-5	2	0.0012007643497307541203	-0.0011311078688985198772	-0.0013978388006110006609	0.00067899333432610555969	-0.00049268612720061624299	-0.0011302863364310361191
-5	-5	3	0.00098681940923214827611	0.00052741689416783879129	-0.0004898305409575974198	-0.00058303264897842962781	0.0008283147804575846521	-9.2692924684318047323e-05
-5	-5	4	1.4710736948855118107e-05	0.00015331117819388325645	0.00036431277590425636308	-2.7303783945560793301e-05	0.00047377939106638935953	0.00015750924281040308995
-5	-5	5	5.7462745329279691969e-05	-0.00072754172837465090964	8.9173004712086428717e-05	0.00053901187586845289955	0.00014663575004136611391	-0.00018852985250619806431
-5	-5	6	0.00026446756712979890705	0.0001689380044971298153	0.00034334411255959801975	0.00041385808655545124968	0.0005065097330744974119	0.00048566340921048423889
-5	-5	7	0.00039479828976819682012	-3.6476314891963056107e-06	7.8290995782479515372e-05	0.00018056764835978610117	0.00033792091825048310065	0.00012637144062184983836
-5	-4	-7	-0.00017103599791944672096	0.00011429876890467481653	0.00048809570039854940134	-0.00033829461241408488158	-0.00015674325885670916617	0.00011166922930470936652
-5	-4	-6	-0.00049169252988940672072	4.1028672721487423759e-05	0.00032632825369630807152	-0.00073658332472440705019	0.00019219160577696689529	0.00045686498921503185039
-5	-4	-5	0.00043238818889416004649	0.00050237015493400272344	-0.00026443914878386017139	-0.0005104217391003340468	-0.00022083686986707192564	-9.4032763653735485995e-05
-5	-4	-4	0.00055514419080836187748	0.00058369162770223036868	-0.0012737120498548762815	0.00020091100081233936002	0.00057978181134442407021	-0.00093052553544012721245
-5	-4	-3	-8.6634107045013069247e-05	-0.0017698303407108985277	-0.00037971862125126877065	0.0020047502816162524747	0.00065068167341004686834	0.00027671685902982750757
-5	-4	-2	-0.00017772228990220698022	0.00024539711941901147215	0.0018238700770915102639	0.00055826131272580770647	-0.0032034344294275033348	-0.0017300154239991440662
-5	-4	-1	0.0019206432837759414203	-0.00083940771888902602094	-0.0021963961373596008891	0.00099033773978630598722	-0.00081763186944130343634	0.00023568763529990604741
-5	-4	0	-0.0019336220862234015407	0.0025220703196743793698	0.0024170276077792518174	-0.0031525878995929739954	-0.00072955161430454185459	0.0024049972778357985026
-5	-4	1	0.001075029915888264017	0.0010152509930313453976	-0.0012641031973591888155	-0.0012630119692950188964	0.00031873679000456460637	2.4207087976651765038e-05
-5	-4	2	-0.00098409103489785357613	0.00053645306317275922789	0.0010316370297658381937	-0.0011211293689605235976	-0.00039695352771295760704	-0.00090112607998914912542
-5	-4	3	-0.00050544752202729759712	0.0017610780054860969424	-0.00068316661062712484391	-0.0005787320704063501171	-0.0017533013508816623453	0.0021634872486016947478
-5	-4	4	-0.00040604144085411059302	0.0013897234262188707873	1.5087361724005677899e-05	-0.00098492466485533471804	-0.00049246443934363251255	0.00075222961791825365772
-5	-4	5	0.00021722848691048889883	-0.0011303091177819848175	-0.0017299014998060815562	0.00020133205823180363222	-0.0011666927129343764545	-0.00096924347119654202017
-5	-4	6	-0.00044679675494678971689	0.00045774856348010140071	-0.00091949308784456112043	-0.00061735542286435137783	-0.00098532602101869884437	-3.0113145676149756942e-05
-5	-4	7	0.00019605779353884468432	0.00014007854031422746488	-6.5382025629904237142e-05	5.7236975442362061526e-05	0.00010268012359637235329	0.00013276294333436935947
-5	-3	-7	0.00033277225612190250003	0.00013825880199071598751	4.0143434891925278997e-05	-0.00015367443869590248712	-0.00025489879789789834453	-3.2895813409410359549e-05
-5	-3	-6	0.00072758725389091602042	-0.00078803426674812051059	-0.00032296191879114849628	0.00037062497555369344499	-0.00044484175218018913835	0.00047138273451325366685
-5	-3	-5	0.00067482631037662555752	-0.00057501014102622394122	0.0002442423310498856759	-0.0018371070009864929381	-0.00082137170900655690885	0.0016772743416181197258
-5	-3	-4	-0.00062742043610585613266	-0.0005695748473752957914	-0.00013722767556945011892	-0.00045477805124047315658	0.00088719630180940779567	0.0010530520976494745118
-5	-3	-3	-0.00032157632784962896779	0.0014004565344561076354	0.00067246398566184249854	-0.000136086168904293517	-0.00013650343924579425503	-0.0021980080551892190732
-5	-3	-2	-0.00080982897497904439768	0.0011930521763948214939	0.00014827218752873233564	-0.00064917343807677609438	0.0018021641561545124772	-0.0020088702838718893763
-5	-3	-1	0.0028278827189080531918	-0.0046360394484756687131	-0.0038836214807479226691	0.0085448171203813243907	-0.0024885491522964979516	-0.002454254118765626571
-5	-3	0	0.00057464860063156637891	-0.0028594417839765307217	-0.00095774766771927733432	0.0047657363066275510582	-0.004360165746342515615	0.0033605079064499623898
-5	-3	1	-0.00086535841348321434693	-0.00080000651297943098459	0.001281376853274127656	0.0022602481381309644237	-0.00048266150759368887501	0.0027807118494957380229
-5	-3	2	0.0012705124206746291459	0.0012236180046475554455	-0.0012296283744126341141	-0.0010647375113394025228	0.0013318384900676218021	0.0014619387446097851548
-5	-3	3	-0.00059439194329934715716	0.0010335089784618267921	-0.0012661879346447953675	-0.00098503682730933118245	-0.0022568411734770407739	0.00073747813679371336266
-5	-3	4	0.00038573514023621896475	-8.6609335647097338896e-05	-0.0025657948168024409356	0.0002478515579163900035	-0.0014421771873065569822	7.7626998878420845943e-05
-5	-3	5	-0.00022558169543003772791	-0.00074568879026245106587	-0.0011116742322547872295	0.00027979542336575494296	-0.00089258623478291013609	-0.00057781153624299804589
-5	-3	6	-0.00026914363778134526824	0.00057388787798188828533	0.000108228237187836342	-0.00018151584118280075526	-0.00017017224622386956383	0.00038748197772683982401
-5	-3	7	0.00012902818988327986109	-8.9708440620124874922e-05	-0.00013093348318485103186	-9.8241495376075253483e-05	3.6048642837406601408e-05	-0.00010618095560412144399
-5	-2	-7	0.0004765706156847078598	-0.00023462192105719428857	2.1301831487401914057e-06	-0.00042947771279107252538	-0.00034101620638871712717	0.00029029500440973091992
-5	-2	-6	0.00037152177844003035417	-8.0881318925016116553e-05	0.00052982858232435191617	-0.00095930681381770066801	-0.00048621100947480924009	0.00038717003704341368701
-5	-2	-5	0.00043145291955627430814	0.00010311178144767267997	0.0017561549475482891858	-0.00058460427731077348103	-0.0011339148985755899933	0.00013072992947663669076
-5	-2	-4	-0.00060959520885865627494	-0.0010662769809294521482	0.0012223939611894828281	-0.00027354827422503008453	0.00015079703047857890251	0.0014696203632743301461
-5	-2	-3	0.0010935056992398379475	0.00068606099413595384318	0.0013346157838529078624	-0.0010982758328812801223	-0.0027122533546350018931	-0.00041125110163906956678
-5	-2	-2	-8.6456550628139587611e-05	0.0010701477574556559486	-0.0028059506530553842731	-0.00023579958601535407786	0.0030220920296257333844	-0.0024395698076237859291
-5	-2	-1	4.3045192898016657154e-05	0.0017356244072814469136	0.0017992780849282990607	-0.0044679992870553337722	-0.0038137821343466812851	0.00025787653770343303044
-5	-2	0	-0.003922826116584740043	0.0021040218072259590093	0.0098070652914618496737	-0.0052600545180648975233	-0.0047931670161031475486	-0.001748705311367116039
-5	-2	1	-0.001269799816520100072	0.0020461400233844780593	0.0007518894715848267957	-0.0033751245200876228876	-0.004845220139430846118	0.0034804510767471436537
-5	-2	2	0.00074497233690742003468	0.0024374426126928146197	0.0028681950317602563499	-0.0020796294986072556832	0.0047306258740288063824	0.004013977033124780866
-5	-2	3	-0.00047756128625801017897	-0.0015262300531125880601	-0.001813665066309886947	0.0016954121672224894187	-0.0020050455213032748573	-0.0014134419770393204154
-5	-2	4	-0.0020833935659247126981	0.0015256248055230832959	-0.0011661549290327775496	-0.0013203067783730500825	-0.0031873194219222797559	0.0012468776177173288618
-5	-2	5	-0.00090068144854557477888	-0.00024578028738647808094	-0.00016306956839438167144	-1.3142041062257559639e-05	-0.0009659092759033274583	-0.00025103710381138111089
-5	-2	6	-0.00072996440829694545383	-0.00054142160175038806305	0.0017068706492070547399	0.00028137757350850330128	-3.9346790511769595428e-05	-0.00035739214362248895212
-5	-2	7	-0.00032090320423452657573	-0.00044721492966222836174	0.00047393108800876398599	-0.00075958435070122305027	-9.380769216501500603e-05	-0.00053646333567336967809
-5	-1	-7	-0.00035227881058417527928	0.00020743800729321066061	2.1695503082541179528e-05	-0.00074028726736168678092	0.00024852836426261928427	-4.2414681300623790811e-05
-5	-1	-6	-0.00030978295068499333035	0.00063262970795251855221	3.0954158443601848406e-05	0.0017707475251566655826	0.00025299343249689411469	-0.00082231601081987637254
-5	-1	-5	0.00026683495022610263705	0.0013772122070886631123	0.0025297881254172198406	0.0013958234823426289746	-0.00077279257530954654012	-0.0016563769035571886904
-5	-1	-4	-8.9541619830815798783e-05	0.0027041086936113955218	0.0025471607179141414652	-0.0023321295892211844902	-0.00052486315469001565848	-0.0027971034697089483881
-5	-1	-3	0.0010761186413562509167	0.00052927659221548104679	0.0026380918803887028722	-0.00090227387162480367742	-0.0026728950290566522684	-0.00058136969648420059112
-5	-1	-2	-0.0017850447860373235085	0.0038561927091833340595	0.0047965454714040643702	-0.0056597556857461610649	0.0020643392293912764777	-0.0068106039300852554835
-5	-1	-1	0.00072970773863284045004	-0.00044607842363244719006	0.0035053491140490502034	0.0048275211943289283653	-0.0071538878072132522368	-0.0025971290761666928487
-5	-1	0	0.0011590895458700831589	-0.00094509431877530384377	-0.0057954477293504155777	0.0047254715938765193273	-0.0090701491561526546153	0.00027672821514032884841
-5	-1	1	-0.00020893614704741122795	-0.00092518547282908168705	-0.0051415754738606111313	0.00043113820407498170371	-0.0061862562090976673523	-0.0041947891600704265147
-5	-1	2	0.0053422301858894990015	0.0027230707297692985543	-0.011962082454358927835	-0.0012981879712862976102	0.0073745342375442840196	0.0061585828387800967132
-5	-1	3	0.00088995095643303468846	-0.0018090164036248508692	-0.0054710854566717998654	-0.0021742495353671282936	-0.0003404435581688753298	-0.0037397771844971273297
-5	-1	4	0.0013361542250726165647	-0.0014405555035314620161	-0.0021793365106665997522	0.0011105528455412939925	0.0011253586536741208221	-0.0015230561680290039678
-5	-1	5	-0.00070754596475259721663	0.0015480315100510379234	-0.0010484332039930827161	-0.0022378033654168938069	-0.00091723260555121380322	0.0011004708369676591186
-5	-1	6	0.0010362850555098836527	0.00037597090514180161883	0.0016083801656314009217	-0.0014636599572961045499	0.0011316342405301364586	6.9365761402150595224e-05
-5	-1	7	0.00064626122971852076066	-0.0005018222267727343467	-0.00050543185233229413235	-0.00069285492291678511378	0.00038941061375147279465	-0.00045742372239720806683
-5	0	-7	-0.00036339987841698875989	7.3576741102355863126e-05	-0.0001402754498189972979	-1.0719259211452956338e-05	0.00025957134172642054278	-5.2554815073111331772e-05
-5	0	-6	-0.0016480553368149722295	-0.00012574647235509504579	0.00028950749708055563631	-0.0010068143901567567014	0.0013733794473458100106	0.00010478872696257920483
-5	0	-5	0.0010665182826428551074	0.0016091336279099460477	-0.00046457617327843827486	0.0015183751765241769796	-0.0010665182826428551074	-0.0016091336279099460477
-5	0	-4	0.00031385928427203748725	0.0023842717423693975988	-0.0011674282454047775308	-0.0013621033177169410058	-0.00039232410534004684552	-0.0029803396779617468901
-5	0	-3	-0.0034412650672934774233	0.0010061077313425290797	-0.0013893229530695127595	0.0017581878363782227868	0.0057354417788224622277	-0.0016768462189042153496
-5	0	-2	-0.0011872887586564634908	0.0013510154176057127123	0.0076072598840174259979	-0.00013131418985466418599	0.0029682218966411589439	-0.0033775385440142817808
-5	0	-1	-1.1981957419030228514e-05	0.0012409799870981240693	-0.0023883637500022509605	0.00089400665744192103161	5.9909787095151139182e-05	-0.0062048999354906205633
-5	0	0	0	-0	-0.005182855160820963418	0.0037316919040494378294	-0.0092511936555394573556	-0.0054640672289955945912
-5	0	1	-0.0013371549111680857639	-0.00036945481762298604299	-0.015789244599323595114	-0.0047874573740743602002	-0.00668577455584042947	-0.0018472740881149303776
-5	0	2	0.0027680915232042558292	0.000189733891394266947	-0.012904455030485302222	0.0098976550036817319972	0.0069202288080106389226	0.00047433472848566732684
-5	0	3	-0.00065143811688916756792	-0.00055473922527042162246	-0.0046709224704063441805	0.0072622832034636803852	-0.0010857301948152791714	-0.00092456537545070266795
-5	0	4	-0.0032625990914694983497	-0.0021128089775684557455	-0.0022014203347744706711	0.0014958651445114931351	-0.0040782488643368733708	-0.0026410112219605696819
-5	0	5	0.00099701367310497924189	0.00089241435458664271959	0.0023077176110470314779	0.0013766954821821926567	0.00099701367310497924189	0.00089241435458664271959
-5	0	6	-0.00036866730980593669532	0.00084633488812779192247	0.0016700822647951881969	-0.00012402641124001858208	-0.00030722275817161393083	0.00070527907343982654785
-5	0	7	-0.00075229739275913334613	0.00019808683237567312175	6.8850349282893914815e-05	0.00056405875222354222992	-0.00053735528054223808889	0.00014149059455405223369
-5	1	-7	8.6785284055094323173e-05	0.00051996161140723570326	0.00071822764651635899631	-0.00052895410192185484451	4.0614460891555349744e-05	-0.00044696602270829046463
-5	1	-6	-0.0012383070377324641945	-0.0011897240748745790528	-0.0013727272408124886749	-0.00055652165626848847969	0.00080313465797497197735	0.00089868311968406772508
-5	1	-5	-0.0009082927611492493114	0.00072818072873947863044	-0.0007723540603789779118	-0.0010597674449807712848	0.00075382194907345372904	-0.00094013421773563293077
-5	1	-4	-0.00025759937860156303501	-0.0019826526114264234925	-0.0027171102922123411411	0.0014289705781337918179	-0.0003572783498011314644	0.0028355584088164773743
-5	1	-3	0.00083485913978894113474	0.0035729175034551721897	0.00093761332714857126367	0.001985976463052900251	-0.0010788941239320449118	-0.0052928703514076537104
-5	1	-2	-0.0026313882951701414968	-0.00065382051189064017103	0.0028931960115853548599	0.003981830950375461059	0.0080250687437180313888	0.0036254667549143310655
-5	1	-1	-0.0013013893435853665561	-0.00038619513536030861253	-0.0054144401791317540995	-0.0026372606914964939577	0.0010925065387950788978	-0.00070628501469495051559
-5	1	0	-0.00012656987839277934445	-1.5734294959886164061e-06	-0.00063284939196389677647	-7.8671474799430826658e-06	-0.0031571586758240774429	0.0053274735812507681074
-5	1	1	-0.0016831055564263705353	-0.00049439310250742689833	-0.0074284001384541083549	0.0027681337491849127702	-0.00098712764367774453837	-0.0052400992617220474787
-5	1	2	-0.0014543480850402795614	-0.0004371584292488826318	0.0014271666897496583255	0.0040416983556043209816	-0.0043494535574755280663	-0.0031137452509243670161
-5	1	3	-0.0013076129169558913055	0.00031899904009052447353	-0.0051980643916952461864	0.0066501346050268231661	-0.00044666673102807007752	-0.0016850464681914003023
-5	1	4	-0.0027292997246428315518	-0.0002455520459975670932	0.00071689924184585997018	0.003289617753186085871	-0.0035908494662650045949	-0.00112934449579348028
-5	1	5	0.0018079975542201992371	0.0010419999357087141208	0.0018531516616602952772	0.0016160815233864569019	0.0014373672218881401817	0.00071878363103142271871
-5	1	6	-0.00034418079923997376519	0.00018551335579450106347	-0.00013753272522081354799	-5.0219757767610224205e-05	-0.00026389521182984255988	0.0001629644227900192558
-5	1	7	-0.00035112778410816708214	-0.0001630641361463369709	-0.00020160955408138987385	0.00039140798863690826189	-0.00022200419520849223117	-0.00017238980990979900889
-5	2	-7	0.00062606982490329458283	-0.00031939909733292697882	0.0008513031702029267081	-0.00070662399299370232033	-0.0002039632548729456232	2.6249642953890041532e-05
-5	2	-6	-0.00062602350832751351133	-0.00020455060261260601322	-0.00026651014587040350572	-0.0011493238256840632768	0.00043284954164946010894	-0.00021264910638418277051
-5	2	-5	-3.5889276804957944008e-05	0.00032658971169046937437	-0.0034297899949656440906	0.00034364857156452249115	-0.0013360267211812997153	-0.00018913028306466038875
-5	2	-4	0.0007827994060981637069	0.00036246413101114074258	-5.1326371618012041147e-05	0.00073300146614308598833	-0.0010041624434317106881	-8.6579430692382947608e-05
-5	2	-3	-0.00060770437617101765587	0.0028044922780728139163	-0.00048930852997079938085	0.0012216661545465280769	0.00068663494030449646974	-0.0038597096937570043312
-5	2	-2	0.0010674833420825074332	-0.0030767932072697534197	0.0013125848006426813798	-0.0021592714561184506682	-0.0013561235545635874199	0.005532711562055933098
-5	2	-1	-0.00062766688196754948006	-0.00083699397174083923091	0.0023236791808677560375	-0.0052909930030479038546	0.0077856927715732595838	-0.0063970161473916112294
-5	2	0	0.0052845686670906465154	-0.00063141082077043208902	0.013211421667726618023	-0.0015785270519260801141	-0.0025133726504247186871	0.0044487765744405530569
-5	2	1	-0.0022321831970224929355	7.3087615081249306852e-05	-0.0067402058002768595185	0.0007714675454785880444	0.0023194956154412547933	-0.0011774970155509294732
-5	2	2	0.00027561974380682142428	0.00096219907991763539701	0.0041207446110156547084	0.0006990138034310466918	-0.0034316952514986008224	0.0017064838963630419091
-5	2	3	-3.6304864021448385498e-05	-0.0027192403379559639334	-0.0029781519530433279118	0.0020984363348625760005	0.0019249265286598047156	-0.0059310247865016572227
-5	2	4	-0.0017562550773432892941	0.00043091352074996083863	-0.0024456126050700047365	0.0011813128685879896278	-0.00097251254414410924932	-5.2014533356543738492e-05
-5	2	5	0.00012099951828644158077	-0.0015996476566689180748	-0.0004001464896335039218	0.0014617330571460732461	0.00028105811413984313051	-0.002184340879527347113
-5	2	6	7.9612525202464034537e-05	-0.00020560495798132633798	0.00016509777890368537365	4.7640361583506908257e-05	1.1311178034158246035e-05	-0.00018721758551227423752
-5	2	7	0.00049456558575353083609	-9.5035565396123542837e-05	0.00013930838212346127953	-0.00064582667486071728292	0.00031345873778867593042	0.00011663936039154526646
-5	3	-7	0.00059953632850141369386	-0.00035192362918632491943	0.00099671993117893611935	-0.000313396082571116522	-1.0745498528942588881e-06	0.00011706141403118212408
-5	3	-6	3.8195617040126556712e-05	-0.00013627462663253153913	0.00010162267880300058164	-0.00059588042575439085623	1.8981658534728162486e-05	-0.00018437802401675246981
-5	3	-5	-0.00045357148281660939057	0.00056983371191699589905	0.00020852733082260454449	-0.00066280045313781368616	0.00057868788131017212268	-0.00096751398379968411075
-5	3	-4	-0.0010023093707457830879	-0.0013846860121914251595	-0.0021203634199299047601	-0.0031926704349466150656	-0.00033738585151519981864	-0.00066364531097067968723
-5	3	-3	-0.0019097188080979671503	0.0017499262956854604468	-0.0022230970850454123862	0.003004143317030792161	0.00095976759511786637839	8.7599490888358078522e-05
-5	3	-2	-0.00083858591553143666843	-0.00015934916334345744808	-0.00077856519075454296355	-3.1499089642233039942e-05	0.00092861700269677733416	0.0003511242738952940535
-5	3	-1	0.0010084152113945792778	0.0027867599001379448481	0.0018297931189730030216	0.0039118067153287019652	0.00044730329994611272995	-0.0021983793547036170439
-5	3	0	0.0018016248834661367697	0.00013019841728942400569	0.0030027081391102278772	0.00021699736214904000045	0.00011418896724580664072	0.0090435627155938634603
-5	3	1	-0.0018286059999128945284	-0.0020846435677811373834	-0.0020605108987935484739	-0.0035592690366869992463	-0.002961497303183827437	0.00025458927115530957533
-5	3	2	-0.0013778999035936642225	0.0023495785519045760299	-0.00096055297880303692776	0.001667291689255819085	-0.0020039202907796054356	0.0033730088458777114473
-5	3	3	-0.0017669029607088426563	-0.0014982794208056586949	-0.00087447885055822740467	-0.0021969334047746550721	-0.002070359417289843653	-0.0003001989632347763933
-5	3	4	0.0003801702502300181169	0.00020651092813680271072	-9.7168152305872316121e-05	0.0012084416886326318063	0.00054808892701692683239	-0.00064819260630347044598
-5	3	5	0.0012907662780938190718	-0.00027069858991779071223	0.0002676765785160914804	-0.0013079874595181605404	0.0011301603309841641836	0.00051409388579310561201
-5	3	6	0.00031578689837583116644	-0.00039583841941750981053	-0.0005156869562988740819	0.0013894699656622109488	0.00052099922679596304912	-0.0010246003323456970464
-5	3	7	-8.3106925654041129093e-05	-0.00078014966067960114359	0.00044416198976395373024	-0.00055064398369583666699	-0.00024971722822315239355	-0.00032125947890149941137
-5	4	-7	0.00015266914153705797791	8.7825329658818360726e-06	0.00048909587071534524859	0.00029691042936614019153	0.00017043396788229874862	0.00016338986466216451733
-5	4	-6	0.00029202575562434516859	-0.00052608410221117215665	0.00051220561540358080285	-0.00045172405884687466624	9.8115613915432872152e-05	0.00013725404594472703779
-5	4	-5	0.00012042221734313099401	0.0004344420397866847962	0.00021674354213296222866	0.00022300612757596258336	5.2972616363238795689e-05	-0.00025603713772591474036
-5	4	-4	0.00069379871029920652404	0.00015523582163892409372	0.00038287259664347966098	-0.0004996627003907897456	-0.00048437579123052852117	-0.00069370747743944486275
-5	4	-3	-0.00024874427237480176535	-0.0011682584434120697921	-0.00062513535747558978978	-0.0027447721059302237177	-0.00041894002267611675939	-0.0017125987355535153035
-5	4	-2	-0.001423968843453236573	0.001303348969793114917	-0.001165804985830177793	0.00088179884661901972512	0.0012283121369727359549	-0.0014947747312447480592
-5	4	-1	0.00011362312856247629069	0.00062802516963531137759	0.00019614931365887828445	0.00049097968897183813432	0.00021648161182313165724	-0.0011762070922892043506
-5	4	0	0.00090601270368506397947	0.0022284859153490015581	0.0011325158796063300014	0.0027856073941862516223	0.0015936443438127679325	0.00040883724195657700955
-5	4	1	-0.00034152847794032128526	0.0027093314074380973021	-0.00026711747158742794612	0.003261439987713552098	-0.00063917250335189469603	0.00050089708633627649196
-5	4	2	0.0014163423489539830186	0.00080090771965577421676	0.0011144767752287547662	0.0016703962328425909015	0.001311902321927448014	-0.001338523166545746261
-5	4	3	0.00074292118512952120754	-2.0341862963345992222e-05	0.00091689599438115763821	0.00037083364299443383888	1.5673982707658534486e-05	-0.00052834796226482172703
-5	4	4	-0.0012625864241392183249	-0.0007211766833153748996	-0.00098199614808111243026	-0.00093582335565342230927	-0.00059623688209291053012	3.4352501509203610234e-05
-5	4	5	0.00067436643486388754901	-0.00051567428768021865947	-0.00076515914489224019779	-0.00076844722932676559537	0.0012864937507776797072	9.9083495781193835802e-05
-5	4	6	0.00016581075958507979825	-0.0012368136833151208674	0.00033627416697747791871	-0.00044295726542741990566	-8.6007144997418780597e-05	-0.00073537322581098741626
-5	4	7	-6.2548376566220302022e-05	-9.7997368552247819695e-05	0.00016582192399761222544	0.00030143344622645800454	-0.00013943279697450721138	-0.00024224580395243872901
-5	5	-7	0.00011445768547256573164	-3.3408423058088834875e-05	0.00014881860896982093754	4.0953602866484597263e-05	2.454351678375372818e-05	5.3115732803266739177e-05
-5	5	-6	-0.00017531560362720854506	-0.00016318205825543950489	-0.00032687381556499849619	-0.00026329783985482030232	-0.00012629850994815830165	-8.342981799948398882e-05
-5	5	-5	3.8685918030393071163e-05	-7.5521187619767348809e-05	-0.00029345918937545383259	0.00069308596489942584425	-0.00033214510740584691053	0.00076860715251919327438
-5	5	-4	0.00013293564536479536369	-0.0011331375959086965096	-0.00025574728680625373033	-0.0014701665991741451594	-0.0004858536652138113472	-0.0004212862540818106496
-5	5	-3	0.00032481002743367715828	-0.00019932922574646984564	0.00013177098414387492138	0.00033119305825591070043	-0.00032173173881633711571	0.00088420380667063422538
-5	5	-2	-0.00033306417892992425719	-9.2046451383196979949e-05	-0.00060825234880763369948	0.00049135545721939685206	-0.00068797042469427355151	0.0014585047715064845732
-5	5	-1	-0.0017927486196161104143	0.0009998221534205328255	-0.00200522314695521231	0.001022286332491939868	-0.0010623726366955094785	0.00011232089535703542946
-5	5	0	-0.0014454293413049103603	0.0019208901050937819514	-0.0014454293413049103603	0.0019208901050937819514	0.00025088201019665072166	-0.00025593463474034495357
-5	5	1	-0.0010495971413543832632	0.00029013976458424674005	-0.00099564459875979127029	0.00024340780180422512879	-0.0002697627129729593138	0.00023365981390010805629
-5	5	2	-0.00030452771693188128649	0.00076023341773445208842	-0.00040002031716398600125	0.00065059242558061086692	0.00023873150058026184109	0.00027410248038460310795
-5	5	3	0.00091304163578945023681	-3.5323133702968036152e-05	0.00063053440785181219617	0.00061079229710502393538	0.00047084537989606334686	-0.0010768590513466533808
-5	5	4	0.0012743667073291142008	-0.00085216349840543060765	0.0007483090047444978252	-0.0005254107729062019571	0.00065757212823077044236	-0.0004084409068740358674
-5	5	5	0.00035680717867659636012	8.4333925188414480536e-05	0.00040415368783041906399	0.00040255894326009109213	-4.7346509153822690318e-05	-0.00031822501807167658449
-5	5	6	-0.00015337244645293216742	9.3101624269901765338e-05	7.856485278824289686e-05	4.8925016736163653248e-05	-0.0001932810827009792112	3.6813839611448422224e-05
-5	5	7	8.5056950060221405427e-05	9.5978071080545537775e-05	7.6009084750945949825e-05	0.00029836342068321125088	6.4627609351967501292e-06	-0.00014456096400190408466
-5	6	-7	6.1401875353456553054e-05	-6.369224468187492617e-05	5.453847077291066372e-05	-0.00013515187350290438812	2.8887782671687469864e-06	-7.0350002515435941346e-05
-5	6	-6	-0.00012378092666842893232	-5.0321881492474311657e-05	-0.00013255395144516659276	-0.00015568171385659421396	-2.9403179221475807926e-05	-0.00011374681261286561978
-5	6	-5	-9.8885146145704573453e-05	0.00015012765004402859551	-0.00029683201450549437372	0.00049211858633617518947	-0.00025731327126088870483	0.00044041465355938171859
-5	6	-4	0.00011351296393373536955	0.00017817273742453976779	7.1402045191671143398e-05	3.938335789045348457e-05	-3.4788137129662490064e-05	-0.0001636408849449944795
-5	6	-3	-0.00046413224056086757954	8.3296881333092088009e-05	-0.00033552774686728721468	-0.00010844800213572578927	0.00010249824053353825742	-0.00035572413982660507211
-5	6	-2	0.00051177730579549118601	0.00087206597282360573571	0.0004047515089640241529	0.00092842675698802292882	-6.5188737596655384351e-05	0.00060511533890505433877
-5	6	-1	-0.00058037941019868318805	0.00030134936620560562543	-0.00047615896193759464639	0.00036633390602985036518	4.494327936784796708e-05	0.00069125660515107411816
-5	6	0	0.00079648780779594040118	0.0003679853682692620716	0.00066373983982995037045	0.00030665447355771838396	0.00034122350023885569164	0.0015951839637891309862
-5	6	1	-0.00079685773701825566087	9.4483362437992595443e-06	-0.00081604017691251022181	-9.1329191846461438915e-05	0.00091195237638378313493	0.00059521683229776486176
-5	6	2	-1.8931523249213033741e-05	0.0015100078255615148257	-0.00028845046228318725308	0.0013154373495226677829	0.00081802257872652921894	-0.00017129248466421641999
-5	6	3	5.2474225182278583102e-06	0.00049371692917055739081	0.00012754704879076942921	0.0006026606009032325342	-0.00024634839338449242762	-0.0003824596531888695616
-5	6	4	0.00019943297260270094343	-0.00015155420655073653592	6.3912877570263271221e-06	0.00015465815521139910792	0.00023970428411783668691	-0.00042142999100551931145
-5	6	5	0.00064924937868568010756	1.0779044650035211607e-05	0.00026949330682622527804	0.00024662758286895088101	0.00032585741049420978476	-0.00028517405479270587203
-5	6	6	-0.0002546310304680805413	-0.00031173292086259164107	-0.00016403096367896926504	-0.00015404909641302357622	-4.8161561711097864e-05	-0.00010572833763913610659
-5	6	7	-1.6824855303611328892e-05	-0.00010781623266189936195	7.1087792405558560709e-05	-4.7478418411006852618e-05	-7.2950147278772576546e-05	-3.6315807549065101082e-05
-5	7	-7	-8.5910052709720833956e-05	-9.2590799571487259747e-05	-0.0001704834941694541371	-3.0741265535946559254e-05	-0.00010911917080536783875	3.539501987225862628e-05
-5	7	-6	-7.4053047061758492733e-05	-1.0141107224951631494e-05	1.9323508565590933581e-05	1.3980769022198529812e-05	8.4254965877988169279e-05	2.4761819880024646054e-05
-5	7	-5	-0.00029413420978473514252	4.4540155094540377374e-05	-0.00010739893895210162107	0.00021512591323399286045	0.00014377569525179286218	0.00025663612343304961641
-5	7	-4	-0.00023125476958119945857	-3.3775416740055625884e-05	9.5510870029480306019e-06	-0.00020984718512407287577	0.000305782864231658345	-0.00032501330304205800024
-5	7	-3	0.00039280451185977821116	3.1540499056287600501e-05	-0.00010295837748432497955	0.00014286279027209635405	-0.00089491040056305533584	0.00028077901220774549194
-5	7	-2	-0.00050917462831758701983	9.3095995668406394757e-05	-0.00011774812074642442678	7.7229586616718961297e-05	0.00086081814818148201518	3.7563563987500370872e-05
-5	7	-1	-0.00035400036819524505725	0.001012361954333694785	-0.00017394899831019806696	0.00071574596349266851429	0.00055235885280483865492	-5.1588027219794751848e-05
-5	7	0	-8.4339902430833355116e-05	-0.00053449785462963506164	-6.0242787450595259463e-05	-0.00038178418187831078155	0.00085808052334197695669	0.0010832907679281245095
-5	7	1	-8.9134293672700121484e-05	0.00021538326634442124378	4.0848246399956942188e-05	0.00016810721403495211025	-0.00073160919316319922984	-9.9834166522558512205e-05
-5	7	2	2.5186965297147142546e-05	0.00012712707370451630374	-0.00017516142716681113172	-0.00012382795767712663883	0.00067603240832670677841	0.00075121553613123398171
-5	7	3	-0.00010875788355014320786	0.00025717500672261969742	-0.00012671866040941842419	0.00021422427290285119689	0.00011441373503840430548	-7.1231625568953229276e-05
-5	7	4	0.00038274771119823763075	0.00080953755211043640101	0.00013311200594579139424	0.00049258690600229742586	0.00024548862859266216627	0.00014989485463402500601
-5	7	5	0.00018891825594171378225	-4.8112093071490750205e-05	8.1410741591512151985e-05	0.00013334056923399267261	7.494321771359676134e-05	-0.00023478888999908049864
-5	7	6	0.0001586098432915800788	-2.3162525880251755571e-05	0.00010696261709098395384	0.00019865815249709312682	7.3851494701687957878e-06	-0.00025106994948015176009
-5	7	7	2.4847526769372171584e-06	2.38475042968212216e-05	-1.7546034188520166476e-05	3.9833783487666471381e-05	1.9320857529189606154e-05	-2.279985184707988404e-05
-4	-7	-7	-7.7613236517427022586e-06	-6.625080054734076363e-05	-0.00014204785872458725103	1.9692775335738507426e-05	0.00014648290081129737919	1.8164824977027644188e-05
-4	-7	-6	6.4343897281332056875e-05	-4.5511713104301599719e-05	-0.00013355463842800843256	0.00024632700930976570135	0.00011291781331178847125	-0.00025704036879185891392
-4	-7	-5	-9.5064614647792457561e-05	4.1137918092745425858e-05	6.5709127373627897921e-05	-3.1979474777829091584e-05	-1.5941086604845096462e-05	1.1860930214764392953e-05
-4	-7	-4	-0.00017460664703460653207	0.00015102871373565574659	8.5129778998160815582e-06	-7.4244699318125816859e-05	0.00015970893570992837325	-2.1100489928935573858e-05
-4	-7	-3	0.00021647401407377171744	0.00066392248047419163276	2.3700021622421423419e-05	-0.00047505886562867636821	-0.00034393206921734558639	0.00022324071250132262794
-4	-7	-2	0.00094248870586186429908	-0.0007283739517712759827	-0.00055449338824801975775	0.00027857969959336131372	5.5749447144340621746e-05	0.00048171895496578739449
-4	-7	-1	-0.00042406940824807993562	4.7181144079910601033e-05	0.00025909413587346387083	6.9235598400787130022e-05	-0.00011738131812192740752	-0.0006733737651251523685
-4	-7	0	0.00061607066673236737017	0.00057501506955127989259	-0.00035204038098992425799	-0.00032858003974358849456	-0.00011275518993445879975	-0.00079778592929065535178
-4	-7	1	-0.00017978730322271553686	0.00014390514970372481128	7.6094462560387881147e-05	-9.4120235330263278756e-05	-0.00018648797496814703361	-8.3221048496943706178e-05
-4	-7	2	9.4148593061866977453e-06	-1.850594004995299681e-05	7.7152589400566658499e-06	0.00014478677337743229127	4.5833124902571724271e-05	0.00046974182672110696484
-4	-7	3	-0.00023091053992859182295	-0.00056997862738066267657	7.3239374664299227162e-05	0.00049548194034391176803	-0.00013698884568809089604	0.00039615302429491053857
-4	-7	4	-0.00019820255245043055998	5.7166306635349186575e-06	8.4918384162155011174e-05	-3.2570584218035996836e-05	-4.9595380166659303977e-05	-5.1281891718028077499e-05
-4	-7	5	-0.00020417907134771028977	-0.0003411922385861429572	-0.00021377980818936798244	0.00038788300667646482753	-0.00046263498854328343433	0.00027008241847813641446
-4	-7	6	-0.0001186322156675632337	-4.8762215040805405471e-05	6.8736011784361261343e-05	0.00033025092572425986635	1.1038699700459753018e-06	0.00035278460331776621784
-4	-7	7	-0.00013309081018023492696	9.6525029474828720867e-05	0.0002383351935462280633	-7.6905875917957079279e-06	0.0001622833020146652479	4.7466572108106415862e-05
-4	-6	-7	2.1402487196187878891e-05	-0.00042515338626940643455	9.6334106454399742499e-07	-0.00023390812694276303415	-1.305571359600221412e-05	0.00044343747239060057105
-4	-6	-6	-0.00025990663751458757636	-0.00069161197057922947033	5.4073885531563030491e-05	5.9645797429969152857e-05	0.00011919720614482869612	0.00040142884962285048725
-4	-6	-5	-0.00026257319655984684426	-0.00011734648789582433862	0.00024020710613964870502	0.00019614860325664731965	-7.8189970119701008569e-05	-0.00014150113359131730184
-4	-6	-4	-0.00071746204346009639832	0.00072064077633944665247	0.00031927591590946805553	5.3103886939060779759e-05	0.00023854816959589434213	-0.00080029660674803780856
-4	-6	-3	0.00058629209749600061548	0.0021733932578935606997	-0.00021388273370072553728	-0.0013112749102215980404	-0.00035395732925988304327	-0.0002753078567482180228
-4	-6	-2	-0.00036812128337783352238	0.00015157845304230547091	0.00039476549935835592714	3.7645541906847905385e-06	-0.00044805393131940068245	-0.00031445056865666529437
-4	-6	-1	-0.00025366300260055529674	-0.0005734774335549569892	-3.4843502095002359703e-05	0.0004061839313878790503	0.0012237130229722354129	-0.00014319385410744637208
-4	-6	0	0.00084919855128306510634	-0.0017932496090105028499	-0.00056613236752204340423	0.0011954997393403353056	0.002040718161939452692	0.0022166608111911308317
-4	-6	1	-0.00076975736353928389099	-0.0015459085120083653105	0.00024588582353679268267	0.0011634511463678887545	-0.0016037145129363793595	0.00079707283017387117654
-4	-6	2	-0.0010638801986727018916	0.0011915300125685127433	-0.00013965363125987794693	-0.0003573493454418718001	-0.0025467212911250377595	0.0013110119888114100863
-4	-6	3	-0.00079008730529901412352	0.0017205377203351069487	-2.1841692405027878296e-05	6.8566858943561954432e-05	-0.0010971331252087412975	0.0024311840116672664078
-4	-6	4	-0.00063767594151552524796	5.4153040070537750335e-06	0.00031463543432542676439	0.00038044738813305630561	-0.00016572279002738515559	0.00057608638620663824362
-4	-6	5	-0.00011612754723018718444	-0.000481567514426946969	6.163469337497246871e-06	0.00033592905729901731231	-8.5505874579153051305e-05	1.7860857217263215153e-05
-4	-6	6	0.0005331555123967874352	-0.00011724827481757868681	-0.00041608267723659928417	7.9741123486164254379e-05	-6.0645668972074356733e-05	1.5756069411117946701e-06
-4	-6	7	0.00016485055025046587394	-0.000271868557070268095	-0.00010555876596900178922	0.00045580169207737634626	3.7213721696932505257e-06	0.0002353337034547408333
-4	-5	-7	0.00042445405187359195502	7.5479716003631290014e-05	0.00015435455617916917339	9.5451776968930753778e-05	-0.00035279842691288766958	-0.00011131110697988270801
-4	-5	-6	0.00031048172617207953766	-0.00027437471630055703525	-0.0003389509495898530649	0.00041102076056879382256	7.547130721015784876e-05	-0.00015960082294029016197
-4	-5	-5	-8.1637473146973956991e-05	0.00017013582790554343418	-0.00092737981617428027255	0.001000574209023302524	0.00099268979469185935141	-0.0011366828713477374231
-4	-5	-4	-0.00069887653930034675243	-0.00019761053157962333747	0.0008053180654536672969	-0.00028796433338616284287	-0.00030777104251673728739	0.0005575659483123268775
-4	-5	-3	0.0001832702933542760908	0.0012276503166651021783	7.3492453720578015779e-05	-0.00028744364387378590472	-0.00036684781400666481403	-0.0011577943490971597841
-4	-5	-2	-0.00027918275852089930074	-0.00031629029333141519707	-0.00022136593287594815349	-2.9628590971166322469e-05	0.0011117803492316689039	0.00070665206409074616135
-4	-5	-1	0.00044201381277126120754	0.0034084633071705633216	-0.00078951330414079256247	-0.0031821730893848571009	0.0021795112696189177653	0.0022770122182420322182
-4	-5	0	0.0015051257549952839088	0.0012940564089167693948	-0.0012041006039962272138	-0.0010352451271334155158	0.0031215882802471442946	0.00059209271172351704473
-4	-5	1	0.0060363759403844665513	-0.00039209631391085096163	-0.0041839184303661272959	7.0478910617787797672e-05	0.0032259116097072314602	-0.0012159907025544648175
-4	-5	2	0.0012230802164694771963	-0.0022943868994151398431	-0.0011867951176932861439	0.0014806794396636925419	-0.00052082736129426129238	-0.00088707519967104843991
-4	-5	3	-0.00015742549367454746747	-0.000379803434604517856	0.00047319386595961874424	0.00063248664400601282629	0.00057875578503330130185	0.00054773982720399756914
-4	-5	4	-0.0013056996037318644235	-0.00089672759665089323781	-0.00020547804067093446167	0.00012933739792807385908	-0.0015625471545705326565	-0.00073505584924080092073
-4	-5	5	-0.00010870308864372885138	-0.00032458034733120235934	-0.000491889447140061325	0.0010890663703837903404	-0.00057885191805504433021	0.00082940209251882845293
-4	-5	6	0.0010175557162947126283	-0.00017006360083095996435	-0.00036758316793125933282	0.00030618630277737512438	0.00037205117092042568668	0.00014177951842717263645
-4	-5	7	0.00075260351492475172693	-0.00021207651256282972489	-0.00016551315807209312017	9.6721782789258287078e-06	0.00031183546704836303609	-0.00011427787983666996829
-4	-4	-7	0.00015369840086998799288	0.00044340775972698237952	0.00042429418015568737916	-0.00076851599921233071204	-0.00033028147487181448282	0.0001857761368487705067
-4	-4	-6	-0.00024625535874385148533	-0.00063436366966874448668	0.0005771948447845856589	-0.00033510637432671773429	-0.00022062632402715615185	0.00064631336266364144451
-4	-4	-5	9.2782983261667257169e-05	-5.9340842637125234497e-05	0.00066512110050325639644	0.00018152956289066833769	-0.00060632326701193890121	-9.7750976202834487976e-05
-4	-4	-4	0.00056989380467185846938	-9.955198975076055281e-05	-0.00071370192112320805268	0.00080819193737545708209	0.0001438081164513495833	-0.00070863994762469654284
-4	-4	-3	-0.0023194419373511665147	-0.00039014021603652051596	0.00078968398707462907245	-0.00029919862856626379399	0.0020396772670353831118	0.00091911845947037907993
-4	-4	-2	0.00041476833974067790246	0.0014687343403555750722	0.00096708051169729482375	-0.0014469890719458857516	-0.0027636977028759452356	-4.3490536819378607222e-05
-4	-4	-1	-0.003674880450875263934	0.00062307014213512125489	0.0039944119549044643236	-0.00075850824858212143563	-0.0012781260161168037266	0.00054175242578800061454
-4	-4	0	-0.0078479653611871567215	0.0032314591205517533695	0.0078479653611871567215	-0.0032314591205517533695	0.0030281067533922162612	-0.0013149165484867067488
-4	-4	1	1.9642561875355005554e-05	0.0017546031359430666781	-0.00083456198407449229838	-0.0027224114517031858078	-0.0032596776887965491984	-0.0038712332630404773862
-4	-4	2	-0.0010106048112499569844	0.0022312601092633632151	-0.00044414936153358601989	-0.0035425300010305535783	-0.0029095083455670861169	-0.0026225397835343811602
-4	-4	3	-0.00027216689115865810725	-0.001298588552037107692	0.00054291053582499176206	-0.00018381893616444737547	0.00036099152622177818834	-0.0019765433176020734234
-4	-4	4	-0.0021723067990302592084	-0.00022995067912499002794	-0.00073062551413502680765	9.8963607804823243734e-05	-0.0029029323131652857992	-0.0001309870713201667842
-4	-4	5	-0.00180201766007572102	0.0001705542716929762297	-0.00050667977353211900594	0.00014073632689256114514	-0.0018469579468862720641	0.00024903247886842993239
-4	-4	6	0.00080935555827722348732	0.00020571462308786384585	-0.00072456092651188160839	-2.9117809842999642914e-05	5.6529754510227910253e-05	0.00011773120882990946185
-4	-4	7	3.5596234396897463226e-05	-0.00011197612007089063511	0.00022937984589671686284	0.00098445127327172134331	0.00015141490302492246816	0.0004985572304004746904
-4	-3	-7	-0.00021657834231442307641	0.00048375570560649347376	0.00077720461342952059346	-0.00011826079949814635283	-0.00020932863871869563537	-0.00022574863199021925268
-4	-3	-6	0.0012128952369475610399	0.00055821662873139067749	-0.00040815056385728651876	-0.00038026641113744134685	-0.00060452154270306413669	-0.00018201121358553978727
-4	-3	-5	0.0013189974423194574579	-0.00010033583067502027241	-0.00080773095322819949207	-0.0010465167459736692771	-0.00057055938191864622767	0.00070817871212421783841
-4	-3	-4	0.00059661982759151804909	-0.00085604362363282898805	0.0029250904383437584082	-0.00033636503388708414736	-0.0027904376563493370721	0.0011083173990481421257
-4	-3	-3	-0.0015251664060507170301	-0.0014712264586433005959	-0.0016668601036618534497	0.0051472154728600038806	0.003700415311729476301	-0.0031855801946689367085
-4	-3	-2	-0.0045176347235721349069	-0.00018516601445057957655	0.0052272892772001599421	0.0045344632532892583526	0.0011943355313440299006	-0.0064313628510327290264
-4	-3	-1	0.00036291607021338238284	0.0066624082057314343644	-0.00090207470207668378689	-0.0077071509947727497025	0.0012545598253765218293	-0.0035281798386074879163
-4	-3	0	0.0064485921144322305709	0.0065918105931806730141	-0.0085981228192429735163	-0.0087890807909075645971	0.0028171154402088453145	-0.0074337394342817476878
-4	-3	1	-0.0013416037234140394153	-0.001711720207280680809	0.0019319099177713371096	0.0033086017254321097719	0.00042931485965785410111	0.0030789243471736052124
-4	-3	2	-0.0014757970483492272289	-0.0018874457415705698897	0.0035186843869549344621	0.0024934025435668243954	0.0023264324837339472353	-3.4787667790903165912e-05
-4	-3	3	-0.00021474612343069590117	0.0048246682470218325151	-0.00077904709055882817408	-0.0024333789498658391255	-0.001065375255133089484	0.0039995120461632704609
-4	-3	4	-0.0012521939530993387874	-0.0023250705578666615476	0.00026898424882986209528	0.0038333389412468395208	-0.0010504557664769422973	0.00054993364806846776766
-4	-3	5	-0.00012185956267066994454	-0.00048569518712575533844	-2.283340533914009733e-05	0.00032143388571099926415	-0.0001111876933400200181	-0.0001956958182740047231
-4	-3	6	0.0012262098341185971324	-0.00011960937275859077162	-0.00021485653237315251065	-0.00071261993596934841439	0.00071004495655915508042	-0.00043604954982373475775
-4	-3	7	9.6640889353642023653e-05	-0.0006225434975349210644	-0.00023987546080198485655	-0.00034026200486123600944	-4.7580403570198061085e-05	-0.00050156571496048462776
-4	-2	-7	0.00031286438293615901089	0.0003536644755844672687	0.0010448940702836222259	0.00094254203382988820722	-0.00047732081033026869639	-0.00047139170999966364907
-4	-2	-6	-0.00089505643614173945391	0.00050051630115056369111	0.0021554615870799974722	-8.976994249667812867e-05	-0.00012178290493217285028	-0.00030375421993481644496
-4	-2	-5	0.0004864278201640913693	-0.00050584234462936286149	0.0017633001528941582518	0.00075500900689422386063	-0.001094462317288936266	0.00010267027294580071783
-4	-2	-4	-0.00010733866950772099941	-0.0026417812388590876209	0.0039132038764695883937	0.0022479335360067530074	-0.0018492632687270732245	0.0015178144708557111172
-4	-2	-3	0.0033167175436969796413	-0.0050178637016708481713	0.0011414846242590111387	0.0014660178962522566696	-0.0051832798077686469476	0.0057131396713929602157
-4	-2	-2	0.0027677238610278181996	0.0066285152980718872393	-0.0032181815453603025701	-0.0014397037391830466626	-0.0023172661766953338291	-0.011817326856960727599
-4	-2	-1	0.0059074909884190545534	0.0043243677111760138801	-0.0086657388188553022279	-0.0093164647892271419682	-0.0062984863159656137577	0.0013354587337502295003
-4	-2	0	-0.0051459411834124165613	-0.0029173262069097367737	0.010291882366824833123	0.0058346524138194735473	0.011132340709902804193	0.0098733750887973741744
-4	-2	1	-0.0031825503005339966962	0.00023314444073827512928	0.010764617855970919774	-0.0016084685649566563773	0.0087990345098058510287	-0.0022843593669602119123
-4	-2	2	0.0074021162664443087079	-0.00036232213382039599918	-0.0072208484481705590211	-0.0073600865549620798217	0.0075833840847180583947	-0.0080847308226028730127
-4	-2	3	-0.0030084557372285947348	-0.0038312807352180781005	-0.00029259447314788813565	0.0064231367415126562614	-0.0042063372984033854315	-0.00082628315261566677094
-4	-2	4	-0.0038392234648274643945	0.00062003656964310874949	-0.00036473172342022571607	-0.0022461862886060668387	-0.0040215893265375772525	-0.00050305657465992477829
-4	-2	5	-0.00040743881836684053225	-0.0020783019109379698673	-0.001658967306558371043	-0.0036692836364666503966	-0.00098953797731682097312	-0.0031303549833370360525
-4	-2	6	0.00084378594349964082793	0.00037973171791518179783	0.0011271688283497288772	-0.0026041528178643072976	0.00093824690511633680821	-0.00061489646067798119783
-4	-2	7	0.0011356773479296239978	-0.0016726463564980102207	0.00077388016116870794736	-0.0013699767366648198195	0.00087006710200798742776	-0.0013472198427602400436
-4	-1	-7	0.00028869480553186780986	-0.0001222642110685992782	0.00035355307329327281254	-3.681605472018702809e-05	-0.000215476042202963436	7.5124699856369167822e-05
-4	-1	-6	0.00045910967329526928106	0.0014522744113287871463	0.00038018743023157544701	0.0016088410704411405111	-0.00036943768723544213135	-0.0012363231192927149216
-4	-1	-5	0.0035416071042247451554	-0.0025201959693731124101	-0.00048757935714708520959	7.1694855074556267452e-05	-0.002735769811950378768	0.0020018178044835786313
-4	-1	-4	-0.0043510803129497999803	0.000168532610620733222	0.0031560049740518543795	0.0030105448797353882504	0.0035620790694368361685	-0.00092116883055458028459
-4	-1	-3	-0.00051371716271298611175	0.0043794369986583708484	0.0077061317121038660702	0.0069763476574586985243	-0.0018837543537506403965	-0.0081646985506973954183
-4	-1	-2	-0.005050309368593703524	0.0085907643276166047175	0.00045065527932393410065	-0.0025747038733062812578	0.0098752910975254386966	-0.01589417671858006989
-4	-1	-1	-0.0004940539000779585032	-0.0019397117470126934522	-0.017586404356797986914	0.0055963296857178424643	0.019562619957109821794	0.0021625173023329317783
-4	-1	0	0.0020693151156857669121	-0.0039432697199417755807	-0.0082772604627430676483	0.015773078879767102323	0.0019967906415045517596	-0.014301069818610357906
-4	-1	1	0.0045322153092428032681	0.0026768308038067518961	-0.01735769471011710044	-0.00085006873607386282485	0.00077116652685411219911	0.0098572544791531435671
-4	-1	2	0.0034366322046870383805	0.0018266331586752713057	-0.0043572455742462755726	-0.0065367221182957430115	0.004694641622250938541	0.0003849052582026710515
-4	-1	3	-0.0061647032950367533846	0.0069982693181262082063	0.0036841214339315311692	-0.011791917752650593609	-0.0069915639154051615126	0.0054003865066180791604
-4	-1	4	0.00078386592928311900601	0.0052046993137873850954	-0.0036649925790748845607	0.0012912195353843886492	-0.00013238221548560213416	0.0055275041976334824204
-4	-1	5	-0.0023713199378206989074	-0.0012271653293431884681	0.0016628778635497476566	0.0012458472742493849339	-0.0015644803775466096813	-0.00073256280862467380941
-4	-1	6	0.00047965939902081975929	0.00051380567493649709036	0.0010345968758087749351	-0.0021347506145510679494	0.00049220574531534232871	-1.3254652467513273131e-05
-4	-1	7	-0.00048531897003864114598	0.00058462787697243022	-0.00027622140231974880165	-0.00037047869960374899597	-0.00031678532606775903959	0.00028114754404085309531
-4	0	-7	-0.0014395503683047733423	0.00043820898144931693437	-0.00036068493312129714084	0.00034619779756787021985	0.00082260021045987049681	-0.00025040513225675251844
-4	0	-6	-0.0015890143256988497559	-0.00015636881134014054347	0.00028567177457113345244	-0.0012752106859418436188	0.0010593428837992332429	0.00010424587422676037587
-4	0	-5	-0.0002727421231160213639	0.003289910698289147048	2.2000379810491626939e-05	-0.0013175188840725887349	0.00021819369849281712364	-0.0026319285586313173782
-4	0	-4	-0.0033935820593929228936	0.00070113454474973095978	-0.0054575475123090242888	0.003926790322549349524	0.0033935820593929228936	-0.00070113454474973095978
-4	0	-3	0.0032656198037635444237	-0.0037571345080934484724	0.012805565241391035289	-0.0024338214379037979331	-0.0043541597383513919867	0.0050095126774579315856
-4	0	-2	-0.0044176362094739433581	-0.0086132159722173539523	0.0090006223873160453447	-0.0003816121330160337664	0.0088352724189478867162	0.017226431944434707905
-4	0	-1	0.0032048105617894281222	0.0019799228450562639595	-0.011066098656518023879	0.0044401837163327260993	-0.012819242247157712489	-0.0079196913802250558378
-4	0	0	0	-0	-0.0055539236167297181823	0.0069519228331010440164	0.013571641112519943623	0.0049213530810349398817
-4	0	1	-0.0033046992444916998069	-0.0030575126790486385764	-0.0069788612256291068098	0.0068712515163683787062	-0.013218796977966799228	-0.012230050716194554306
-4	0	2	-2.880624396557144711e-05	-0.0048644818593721519256	-0.0096706149697443014729	0.021014617249878790595	-5.7612487931142894221e-05	-0.0097289637187443038513
-4	0	3	-0.00082161529848595734552	0.0011789985786662959821	0.0047149167205566199987	0.0077974361396383543021	-0.0010954870646479430551	0.0015719981048883946428
-4	0	4	-0.0042265468984763977442	-0.00021608675214183478068	0.0018891682243818437147	0.0066511554435449166817	-0.0042265468984763977442	-0.00021608675214183478068
-4	0	5	-0.00065232282804389657253	0.001666901470323497959	0.0012026338814969906796	0.00057367074151717294215	-0.00052185826243511730139	0.0013335211762587984106
-4	0	6	-0.00074899148546721976746	-5.6605053058704529094e-05	0.0016815684686475981975	-0.00053991767943167747867	-0.00049932765697814651164	-3.7736702039136350471e-05
-4	0	7	0.0011826034270194221622	-0.0008548196544283415306	-0.00052118315521182618025	0.0010141615560693656526	0.00067577338686824128203	-0.00048846837395905234967
-4	1	-7	0.0010378258688937280502	0.00059248004985472098403	0.0012919597809365080277	0.00047276420868541722906	-0.00040847767066262919084	-0.00027102228439049525161
-4	1	-6	-1.9820180406947007247e-05	-0.0016662121335619737954	-0.000828327371163584689	0.0004459987897530123032	-0.00012484110825596611452	0.0011851412206668179503
-4	1	-5	0.00045862664726728838817	0.0004810261994590052056	-0.0012894492169359286597	0.00013450728755610066715	-0.00062479116120101637743	-0.00035791950205598402563
-4	1	-4	-0.0034218897544581478726	-5.6571021875665779722e-05	-0.0016111800467996141312	0.00098797197468044489245	0.0030190947427582441771	0.00030356401554577705027
-4	1	-3	-0.00070525961634983907762	0.0010960912117000483259	-0.000348542997285085864	0.0090978917546975183323	0.00082416515603809018496	0.0015711756359657754432
-4	1	-2	-0.0047979312522890742512	0.0031483744612172538495	0.0097797182418862243364	-0.0074820730442403532434	0.014485721625521259803	-0.010037785444554685188
-4	1	-1	0.0023638576110215268021	-0.0067649559941498323482	0.00857384203197794105	-0.020182491024179925743	-0.00088158841210816680893	0.0068773329524194027826
-4	1	0	-0.0029499391538158449902	-0.0022342744531352867407	-0.011799756615263379961	-0.0089370978125411469628	0.01364942183298888459	-0.014838227612414815748
-4	1	1	-0.0060690832959082174902	-0.0060635017298527431329	-0.02717806078536896125	-0.02225887045190516958	0.0029017276017360899877	-0.0019951364675058038192
-4	1	2	0.0044132058656040735675	-0.0013374577910616222524	-0.0080531710429814027524	-0.00039281529393991610746	0.012852997252698849379	-0.0024785079351532864241
-4	1	3	-0.0030400461090337926526	0.0020585383726653867786	-0.0031170367101683929545	0.0051971063411656373554	-0.0030143825753222593632	0.0010123490498319702088
-4	1	4	-0.0017774733942183384289	-0.0016778339268126410584	0.0021091147384239921324	0.0066423186588684714204	-0.0023047520788243361367	-0.0033384135915297589135
-4	1	5	-0.00021111366824267589846	-3.2278656839973855416e-05	0.00070854293213728071314	0.0021137333950637564664	-0.00031059952102159685055	-0.00044856960448473034509
-4	1	6	-0.00088333321817032960186	0.00046074413157916706881	0.0014590959651689008447	-0.0017145074990537261753	-0.00083207147297503650588	0.00059291400422839914738
-4	1	7	-6.9918300046520700554e-05	-0.00043060500645885116909	0.00076804111432956189125	0.00018325216725189431366	-0.00014967347350223494072	-0.00027223888472675697534
-4	2	-7	0.00030738497336532807306	-0.00062476890965936274745	0.0011882090413071215353	0.0002402892198458985145	0.00016383974130756152041	0.00042566486833274969374
-4	2	-6	-0.0011363220757893580191	-0.00020995334328084412656	0.00058168680120289297138	0.00086000321177577240036	0.00095144365092720303932	0.00042663663277915355116
-4	2	-5	0.00065187410208635845031	-0.00048980456974912791029	0.0015800538153118506846	-0.00012946722475793426819	0.00011052224445565349731	0.00034005676589612856674
-4	2	-4	0.001885387514857321577	-0.0013925502260682231636	-0.00073315758863337393732	0.00046873621280896693355	-0.0022519663091740086541	0.0016269183324727064677
-4	2	-3	-0.0040934799468409803144	0.00061632712984729769168	0.0050630960956050581612	0.0032780637369122702512	0.0088333706595246780369	0.001363606318145116434
-4	2	-2	-1.5152670909090361503e-06	0.0013119635679193991998	-0.0029030302650785433372	0.00031374258109242612273	-0.0028999997308967249803	-0.0023101845547463723853
-4	2	-1	-0.0024034793293562727555	0.0011072068665685050066	0.0034031881073105000289	-0.0013949618425658479384	0.016420293532046090212	-0.0072187511514057159032
-4	2	0	0.00025716085957837298264	0.000151191168542387901	0.00051432171915674596528	0.000302382337084775802	-0.0037730292563986061322	-0.0062482996418862409016
-4	2	1	-0.0024949597087683965564	-0.0040058180127774964743	-0.0088557330320452737338	-0.00011770728002363121196	0.0077316272290169621093	-0.015787857491062724097
-4	2	2	-0.0054038876530202771889	-0.0036444459713713970098	-0.0010939795003719837794	-0.00017570202489584544172	-0.0097137958056685708153	-0.0071131899178469492825
-4	2	3	-0.0024681618952029603375	0.00027901111943592449109	-0.0085185966441772790342	-0.00073741833353407101447	0.0023881819025142396289	0.00086362704827061336724
-4	2	4	-0.0054516997812235432758	0.003515843381174851498	-0.004091064425122047099	0.0047286020589966983041	-0.0034061675686625192926	0.0011515423516765021291
-4	2	5	0.0012806009343805692391	-0.0020277298865257961658	-0.0021780591067890784328	0.0036450334102422874034	0.001895704390220086721	-0.0030801972733175519807
-4	2	6	-0.00010700537683326428247	-0.0013131223093629409808	0.00027113477215912084629	-4.5537056059079898652e-05	-0.00016171517527521647945	-0.0008602358542222673498
-4	2	7	0.00054941567213699876553	-0.00058601805969521025396	-0.00017912123535967407347	-0.0007680799411203829757	0.00036512930846676331558	-0.00011541605093429642035
-4	3	-7	0.00025433919600609261472	-0.0010294652318163450069	0.00037459696267387875305	-0.00039608850889039087925	1.5204871999609403428e-05	0.00041851362865631539564
-4	3	-6	0.00024246649210786822785	-0.00018032863012667983737	0.00011711067681794035155	-0.00059585474208983981847	-0.0001030889896629419829	-0.00017770828429380000862
-4	3	-5	-0.00025331616229374074147	0.00044618599304537134116	0.0011151345161722883356	-0.00045751418027465220496	0.00087173363953836559455	-0.00063145730260108837422
-4	3	-4	0.0010957655818088090933	-0.0022388808617370813819	0.00034878756116576905156	-0.0031865563370359756279	-0.00083417491093448238593	-0.00015103639103990036609
-4	3	-3	-0.0023347435207901165617	-0.0017933965738430577598	-0.005897890406140531179	-0.0072785985727340032914	-0.0027848990450870421409	-0.0048874031409432599007
-4	3	-2	-0.0025848958531269725265	-0.00082997019803112467157	0.00022603966559625154453	0.0046171997947054002273	0.0055088512046483229662	0.0085857400881203492504
-4	3	-1	-0.0050666549333747883457	0.0040595882128119332652	-0.003612032740960948677	0.0062601627707050203075	0.009430521510616308653	0.0025421354608673278619
-4	3	0	0.0066648094050219836709	-0.00021357132610572623628	0.008886412540029310983	-0.00028476176814096833311	0.00042123439812418139424	0.008170633998388058053
-4	3	1	-0.0022311417778165237163	0.00067033509816786900071	-0.0044115723417747897822	0.0012018862134090706802	0.0043101499140582736139	-0.00092431824755573625471
-4	3	2	-0.0035816477888142876293	-0.0010149190238799177689	-0.0022364434890241725699	-0.0020181932799035154531	-0.0038086303440923170542	0.00099745187209543742513
-4	3	3	-0.0027728179041147343713	-0.0017174542663231265154	0.0013784624293605358437	-0.0038788587459623472334	-0.0050755529681801815275	0.0015889197241981786908
-4	3	4	-0.00078390988293964918802	0.00090167005137370350061	-0.0029490643115503128308	0.0016590401587206629955	0.0014278883507230855435	-0.0003426100676667938002
-4	3	5	0.0027702982953827955115	-0.0004700457169729991354	0.0010053766347030582227	-0.00095463085541863353708	0.0016130126554844013888	0.00019674193967278080851
-4	3	6	0.00069307673973343557425	-0.0009079995965191600682	0.00017661464033093000328	0.00095221826618651598129	0.00037374383965682535409	-0.0010814421974393647208
-4	3	7	0.00037729451232975373155	0.00030927023440469134791	-0.00014224278122038270687	6.2228159419508533392e-05	0.00027655805614002328466	0.00015005663705146282541
-4	4	-7	1.7200797910952873908e-05	3.3602086913030681202e-05	0.00027632187836859134836	-4.6211974399875607462e-05	0.00014806918883293626143	-4.5608035035946448729e-05
-4	4	-6	0.00052546041719528314897	-0.00050537722017243073922	0.0005398746859078782127	0.00030533463078052399233	9.6095124750633899383e-06	0.00054047456730196982103
-4	4	-5	-0.00022819092875633022058	0.00079105783802988925615	0.00071970826101648154201	0.001709983582527942322	0.0007583193518182493667	0.00073514059559844243102
-4	4	-4	0.00089383371096546707351	-0.0033429445460999383105	0.0018673488049119120902	-0.00099182481278415300652	0.00097351509394644501674	0.002351119733315785304
-4	4	-3	0.00035074056490441436317	-0.0026792800677263401907	-0.0012424856707937547307	-0.0028582912490668762814	-0.0021243016475975587919	-0.00023868157512071483286
-4	4	-2	-0.0014151838616025045996	-0.00065878202566084129947	-0.00064544181075741006298	-0.0008466842664936837827	0.00153948410169018929	-0.00037580448166568491226
-4	4	-1	0.0011316002662340464945	0.0063586822587377361468	-0.00011194731490486201054	0.0066279273678885898546	-0.0049741903245556339658	0.0010769804366034163492
-4	4	0	0.00035567140306147406598	0.0030516591489309239857	0.00035567140306147406598	0.0030516591489309239857	0.0010787221196784926511	0.0035479521787259707052
-4	4	1	-0.0015964513902073022671	0.00030114825652058959792	-0.0017707669724586155933	0.0013696368510137963553	0.00069726232900525406382	-0.0042739543779728274633
-4	4	2	-0.00045882321001568119115	0.0037074258967684636107	-0.0005603197078030283055	0.0045202877088600362104	0.00020299299557469412027	-0.0016257236241831449827
-4	4	3	0.002094181891793216177	0.0021580077219896945731	0.00070105800182744841195	0.00023991606265297442716	0.0018574985199543570923	0.0025574555457822936363
-4	4	4	-0.001362040711476353869	-0.00093203790547861421496	-0.0011025479355892427429	0.0017151426944250641217	-0.00025949277588711118026	-0.0026471805999036782282
-4	4	5	-0.00021452827284869563969	-0.00034554407782350391809	-0.0015388712965774802716	-0.00025435557727780400963	0.0010594744189830276621	-7.2950800436559913218e-05
-4	4	6	0.0007367569480634717817	-0.0012550178455618412297	-0.00049976354934798221646	0.00084275156579364715864	0.0008243469982743026293	-0.0013985129409036589979
-4	4	7	-0.00049245582841643206502	-2.8893119054872730503e-05	-0.00067599619487851165395	-4.5873803396633812217e-05	0.00010488020940690265129	9.7032481952920452415e-06
-4	5	-7	0.0005143215012051443203	3.3870566360006696338e-05	0.00022593736161774657261	0.00048343894452240586011	-0.00013251417096169206748	0.00032595892245314322033
-4	5	-6	-0.00050305458422836117627	0.00018543666578482411378	8.3410002861743220851e-05	0.00050241535150164764664	0.00040487805853702679704	0.00029505501572815701723
-4	5	-5	-0.0006840481498673526119	0.00035268794139267867433	6.4371962235582863674e-05	4.3061178967488920064e-05	0.00061161048212946499385	-0.00023908917414665402075
-4	5	-4	0.0014126006443291329838	-1.3332021457446361604e-05	0.001081822983227737154	-0.0003578304714309089125	-6.0321915294461351609e-05	-0.00043395606783118976547
-4	5	-3	0.001205764028648422621	0.00090152456725033146105	0.00015895723770216135611	0.0016990584521080576239	-0.0013427566420276279644	0.0016297313305129873529
-4	5	-2	0.0006680705020984953682	-0.0015922647875835954819	0.0006333713514465222523	-0.00025607186761906802937	0.00024728737441931494855	0.0025443499061195209987
-4	5	-1	0.00071236388052469919781	0.00032800351257170876117	0.0010423288241759359665	0.0003863628419671788234	0.0023621885987808832578	0.00061980015954905907233
-4	5	0	-0.0032600765034283374182	0.0048894105840413416147	-0.0026080612027426699345	0.0039115284672330734653	-0.0017979659999874180679	-0.00077280303181109680048
-4	5	1	0.00082210323609067015218	0.00066942903781319347111	0.00076933859487109232562	-2.9527544886305391136e-05	-0.00055828002999278123625	0.0028253538756843007453
-4	5	2	-0.001568118065894562015	0.0014076000390394669253	-0.0010426892399556882043	0.00050127823385946615551	-0.00052951303189990351922	0.0015620044934302685161
-4	5	3	0.00059748040201932489917	0.0017352747847458444529	-0.00019003054067238470668	0.0012545910305763188167	0.0011133581038130742954	0.00022271466203392775566
-4	5	4	-0.00062915135887083245905	-0.00071738741870339389067	0.00019151795253487984613	-0.0008553206846041845569	-0.00086854879953943229381	0.00035176343705183677835
-4	5	5	0.0017866370308497791022	-0.00020951159693034123702	-5.5049888956994957672e-05	0.00081161211755354629137	0.0014843595136368181731	-0.00097922139509781921593
-4	5	6	3.6572779339146244918e-05	-0.00094177374104908529243	0.00025168088541952426864	-0.00044636068183349529234	-0.00018535221829017270467	-0.000255881925838144118
-4	5	7	0.00025325527383813741444	-6.6376862575097438438e-05	0.00035080418161173788005	0.00058783423232346382163	-0.00010585711610087712156	-0.0004578112302739584011
-4	6	-7	-8.0476187372935004843e-05	0.00015630520005376676712	-4.8759343983605168635e-05	0.00019038575071001192303	4.1926693700155754133e-06	7.3870529149286368303e-05
-4	6	-6	-0.0002716797037973946974	-0.00016933361064293560349	3.7683353460724486827e-05	0.00053300774001529844376	0.00021880315599232094724	0.00064589681377725551275
-4	6	-5	-2.5660119313220258465e-05	0.00033479587676183000322	-0.00040918521276656316362	0.0005287474456620133538	-0.00047049415986929955975	0.00036666023338495197861
-4	6	-4	0.0011922675874076710083	0.00016260164352492490077	5.5755939916543146792e-05	0.00027054356067851190702	-0.0011086336775328563525	0.00024321369749284298687
-4	6	-3	0.00039999661120092549343	-0.00026074503944132487862	-0.00028176902112684866194	-0.00061328734650890654075	-0.00109686685718826454	-0.00087891464042937983772
-4	6	-2	0.0018059739460264759032	0.0010323814827823251522	-0.00010970448772185247975	0.00038396059910389895376	-0.0039410613552185091643	-0.00091288116825295349734
-4	6	-1	-0.0010846178054783222385	-0.0026904015865481432056	-0.00054760722715348209011	-0.0015827785219393597504	0.0010528278589923966303	0.0012649352145564147533
-4	6	0	-0.001920702171124978163	0.0014194048405062823903	-0.0012804681140833186308	0.0009462698936708548907	0.0020283827928725618912	-0.00018227112049614457357
-4	6	1	-0.0016892455705058548234	0.00060422490953521558292	-0.0014268283725492711574	0.00064978945134204274189	0.001803987953272208301	-0.0014818370699113939028
-4	6	2	-0.00071078442167379397593	0.0012349189203866577265	-0.00048937155315438227166	0.00070904488919917938589	4.654581611555884277e-05	0.0003427031731757771869
-4	6	3	-6.2852948668193023572e-06	0.00077269575287927585051	0.00024214896752362859698	0.00067455829900237430745	-0.00049267832820301627958	-0.00031885559416571407527
-4	6	4	-0.00041292174984795349067	0.00015264833109718357125	-9.9979195826745758882e-06	-6.3402382645376010738e-05	-0.0003979248704739415921	0.00024775190506524762124
-4	6	5	9.6082112163822560994e-05	0.00031362507919594959614	0.00014418166493200532444	0.00049825254546220592005	-9.6152308187348345956e-05	-0.00034700299119788739462
-4	6	6	-0.00014908635710646174011	0.00024720112412770676395	0.00014979625488660964876	0.0001062148619341881365	-0.0002491871596242508269	5.858588748428302591e-05
-4	6	7	-9.4537509449536040348e-06	-0.00055944286425567305108	0.00031493596720524565579	-0.00015237438860619208127	-0.00027534725814446978087	-0.00018907501791221996727
-4	7	-7	0.00015536554803600747198	0.00020047268644872063442	0.00025426851883869665489	7.0278985627715017423e-05	0.00016548820567526380601	-4.4276835200125335421e-05
-4	7	-6	-0.00015021216063858890176	-0.00018900423602617594785	-0.0001039693070205543454	-0.00015788274827320178655	-2.11560844315874662e-05	-5.8193715634618116818e-05
-4	7	-5	-9.5374658415014578871e-05	1.0544572743253659825e-05	-0.00029974603558605118162	0.00032101296904079944889	-0.00034334472308845996949	0.00044098249846251629924
-4	7	-4	-0.00013270650764829656793	0.0002494260464551584797	-0.00015043520322768254511	3.6567983032777911492e-05	-0.00013055509800014792666	-0.00018543207614779715661
-4	7	-3	-0.0002921200959624024548	0.00062054339958497869642	-0.00047882258345967852482	0.00029939038532638469637	-0.00072775923345604661818	-0.0001288136336850739794
-4	7	-2	0.00051645919537488395139	-0.00016593765052176414894	9.5513247316825268291e-05	7.9771586398086903434e-06	-0.00069862202514087959251	0.00035979535628285873186
-4	7	-1	-2.7757240824866249415e-05	-2.5667716748163980591e-05	-0.00031578750444872209649	2.9308082845736335215e-06	-0.0020994835678415897998	0.00012318652498467135871
-4	7	0	-0.0010454355674464090292	0.00043208323258721737913	-0.00059739175282651939877	0.00024690470433555276484	-0.00048458197983853272669	0.0016569185696566884197
-4	7	1	-0.0013632166614559145575	-0.00075135030524254480325	-0.00083815038448600842364	-0.00040892216332957597802	0.000414186045578400898	-0.00014294607766314736683
-4	7	2	-0.00042844627953590302136	0.00015421890432191045269	-0.00060481363868760350776	0.0001458490165552168657	0.0012599551763348062344	-0.00020203374929943809747
-4	7	3	0.00053476136648639193208	0.00034209047759760379849	0.00042566057254416768928	0.00013138136255631534081	-0.00028019284728786878922	0.00014956412416540262986
-4	7	4	-7.834098831485341685e-05	3.5757115839768783823e-05	-0.00017518867037568638988	5.8950312468415762171e-05	0.00022823918484259777899	-6.7405930979958796588e-05
-4	7	5	0.00025899865487797062071	0.00010824378198038501347	0.00023119497866039038039	0.00032505098724647647724	-0.00011647404622217004953	-0.0003684763565607590682
-4	7	6	0.00034205384023090762294	0.00017724951924942702148	-0.00012269056270072784313	0.00016720054284404976602	0.00037117488330478754302	-7.6900953818440041516e-05
-4	7	7	-0.00018898629966298502816	0.00011577263549405274168	-7.2048081212249854991e-05	0.00025303800342081958887	-3.5944090023741587735e-05	-0.00018688221170993233114
-3	-7	-7	0.0001618156803951364942	0.00010240552565895788279	-0.00010929391924733267117	-0.00020595188719975816545	3.9944341935131328128e-05	0.00016206380477449050721
-3	-7	-6	-6.962806624645923731e-05	-0.00026797747591595868664	-0.00015842820748002435353	-7.3951187576973184115e-05	0.00021964694184992467518	0.00022026512346444806264
-3	-7	-5	-0.0003544206971197526963	0.0010048720841125673587	0.00025224563937452072976	-8.279291429906183769e-05	-0.00014049147685247739305	-0.00048701317044885387769
-3	-7	-4	-0.00011225084650466361086	-6.8188198556508073126e-05	7.5418268498288789899e-05	-1.2497983671305990842e-05	-4.7793834993507667403e-05	7.3012620342166535854e-05
-3	-7	-3	-0.00051219941327724344791	0.00016456346701559294876	0.00048420756054496863095	-0.00012365759782542653112	-0.00061761822799435007851	0.00012397092791040231763
-3	-7	-2	0.0010142520697582054975	0.00083195650409549409474	-0.00032262770716626610994	-0.00032795213810377695646	-0.00039218112955537696995	-0.00010010227278002172674
-3	-7	-1	0.00010959248881335985576	-0.00040422736819778053727	3.4772711438337005783e-05	0.00025878359575436018364	-0.00057218644650843864842	-0.00059880306568717951102
-3	-7	0	0.00034007956483074578162	0.00048366312011000338507	-0.00014574838492746247784	-0.00020728419433285860522	0.00028205785438625065884	-0.0006092679243742356093
-3	-7	1	-0.00063321724079746675648	0.00043788009026800219512	0.00022185153804236848549	-0.00029342276249181561487	-0.00034669095609582092519	-0.00074031906663870282719
-3	-7	2	-7.8658411485367458809e-05	0.00053602380880102664176	-0.00013808562838841552454	-0.00012619697292958007712	-0.00060128731658750549701	0.00036234630794800969274
-3	-7	3	0.0003140216428778866615	1.5081084324623249179e-05	-0.00040473909216112675469	-1.7762783709774367352e-05	-0.00063036957216474243278	-2.6365410998183609105e-05
-3	-7	4	0.0010716353859817808608	-8.7784173965657212894e-05	-0.00092058805276799956716	0.00012137566220009732407	-0.00080730255285766359691	0.00014656927837592741083
-3	-7	5	0.0007693587773548727889	8.1560642023201758368e-05	-0.00064782410430634662386	-6.4228731198559120921e-05	-0.00044533847961596156753	-4.0983838464061707492e-05
-3	-7	6	0.00013758756846868336332	0.00043518680530075295196	1.7166589260816801176e-06	9.5676155477934776965e-05	7.0796552981436971955e-05	0.00032921558404130040051
-3	-7	7	7.9395039275916348947e-05	-0.00023762504779993188901	-0.00018738003721521356154	-0.00023460727286450452239	-0.00015335359181124940038	-0.00033644657906447530873
-3	-6	-7	0.00019494953545975987163	-0.00011956340423638655874	7.5826694645144576039e-05	6.1097929750197893647e-05	-0.00014854411060716385569	-1.1281951131468124205e-06
-3	-6	-6	8.5422042348431371432e-05	-0.00032253496344857143698	-0.00018389459616684493328	9.222009111545997949e-05	0.00014118357499262924079	6.9047390608825725449e-05
-3	-6	-5	0.0001548084483146642946	0.0012451105220343933709	0.00026076584338455657038	-0.00039647735575326365897	-0.00040580408105026649374	-0.00027129348631671967515
-3	-6	-4	-0.0011553056937485370499	0.0006297424336825362557	1.3313406410478457194e-06	-0.00038369128368128188481	0.00086448225934983096656	0.00010323010026002063543
-3	-6	-3	0.00025548794876620393567	0.0017039026673445192492	0.00024146883158908687052	-0.00045889592471898082125	-0.00073842561194437767672	-0.00078611081790655760668
-3	-6	-2	-0.00091206269060478055259	0.0017347004467008994046	0.00079531685681846254771	-0.00077197222725998047507	-0.0010178565345482168143	-0.00028613398827140751899
-3	-6	-1	0.00086740372355690231656	-0.00076738133975021529699	-0.00040776145418083234884	0.00050544729988257852769	-0.0001556424455857127753	-0.00073053978004482516672
-3	-6	0	-0.00197290578653612882	-0.0028889304333792249248	0.00098645289326806441001	0.0014444652166896124624	-0.00013662695903938207797	0.0017546051573341420356
-3	-6	1	-0.0028614806820753380633	-0.001884752781242220827	0.0011627619700564652792	0.00087653913241590481094	-0.0016078702258872214301	-0.00039502354923123361545
-3	-6	2	-0.0015215011431028062708	-0.00084784478144803415278	0.00050838431345816173339	0.00058606486785103611634	-0.00075709877427972431443	0.00048642743138105711985
-3	-6	3	-0.0026626476986288723919	-0.0010451311762726528658	0.00020597726416759552337	0.0010397802573971386738	-0.002250693170293681291	0.0010344293385216242649
-3	-6	4	-0.0014526793412066463934	-0.00028504972879332901798	-0.00026404734079451711937	-0.00059176869510572699569	-0.0014855805170967603928	-0.0011014403392535872164
-3	-6	5	-0.00094118855448184696785	-0.00065157088462210687417	-0.00028957858439410637382	0.00056952458750369008324	-0.00091220743396203585098	0.00029248697423116389949
-3	-6	6	-0.00020287163303252492112	0.00038990583005393450976	9.485752250917770629e-05	-2.1924993227293032989e-05	-6.5782940070847525769e-06	0.00017302792179967421173
-3	-6	7	0.0003851759017037435979	-0.00014614887765066055881	-7.2003076162823677572e-06	-0.00019281065492231751462	0.00015890369420193379115	-0.00022790150892655524815
-3	-5	-7	0.00074090207096618213804	-0.00041044881681983062978	0.00034274228557487493784	0.00013002334870689270514	-0.0005623453772532744201	8.303281527500405582e-05
-3	-5	-6	0.00023886653889553001993	-0.0001043421468286124176	-0.00013671316106541074121	-0.00024789271354483453751	-5.5056352265894044343e-06	0.00025874833470166828725
-3	-5	-5	-7.4146026450445096773e-05	-0.0001287524528112810008	0.00023084584121530266	-0.00026671670128620061837	-0.00018635822534503562091	0.00034396817297296922427
-3	-5	-4	-0.00091646438123890901217	-0.0032335493673390745817	0.00021039487678298351568	0.001004328382860614384	0.00042435468995045239841	0.0011697515469285379563
-3	-5	-3	-0.0020712275905287653478	-6.7593569276726170022e-05	0.0014861147373699042529	0.0015043945913801441173	-0.00040563030508774166813	-0.0024397307496901807916
-3	-5	-2	0.00014148053352339479594	0.0042623676668434862247	-0.0012489449440376584714	-0.0026665049694757480409	0.0029101415598090539169	0.00027271092342414087351
-3	-5	-1	-0.0020067138440493501907	-0.00051577742821408434099	0.00037754679405552801601	-0.00076931618691320586504	0.0041324075618704107088	0.0053939132192082819145
-3	-5	0	-0.00099898426432233275452	0.0015797256211103256375	0.00059939055859339971776	-0.00094783537266619527408	0.0014602166825001879503	-0.0033979939760873751828
-3	-5	1	0.0067512252085653859032	-0.00073158172321684223575	-0.0037935295537512223052	0.00035306272207759152853	0.0012860278569400450995	-0.00042943155926256901039
-3	-5	2	-0.002225055637589708115	-0.001728495511571642284	0.00053384051356826782604	0.00097078167061732142766	-0.002002982172463892499	-0.000165789090814159911
-3	-5	3	-0.00082837686205445215312	0.0028608591752171956719	-0.00075374468063837257985	-0.0024913835262488112469	-0.0020846179964517396778	-0.0012914467018641561172
-3	-5	4	0.00027967444046065454127	0.00014496251097748070417	-0.0011333662711803529303	-0.0015336844293011163594	-0.0012069520086299503382	-0.0018083836533932847856
-3	-5	5	0.00042137461388721793656	-0.00073536555754309977304	-0.00014279166467491517323	-0.00027559858510248452877	0.00011003310365741557244	-0.00071681791962834441427
-3	-5	6	0.0008916216497889120152	-0.00083195214171807277577	-0.00041788387800412537436	0.00087219321345971068463	9.7574259891018195632e-05	0.00031085160702405581316
-3	-5	7	-0.00023816666262512715458	0.00014857732153080366105	0.0011398541006243211992	0.00016877059060993129412	0.0007121100736066034078	0.00018422641680600963625
-3	-4	-7	0.00031836899058539357707	0.00072965803376584558761	0.00068397189185227054344	-0.00035259101584675145479	-0.00052728493416646612154	-0.0001112300054157901077
-3	-4	-6	0.0007922748521328917392	-0.00034486096294948593915	0.00034258909448017728534	-0.00013879209189868678929	-0.00062453015571989735702	0.00026495854274053413533
-3	-4	-5	0.0021217606346979221363	9.3666945928333350557e-05	0.00042211921664324049885	-0.00020840267653280175933	-0.0016107517541333457242	0.00011052197366924139171
-3	-4	-4	0.00046940425205756853644	0.0011123448403020537705	0.00068528115484251569522	0.0020709755740749504101	-0.0010373343438856920569	-0.0029052342043014906837
-3	-4	-3	0.00069133945802510201988	0.0033774330157776638953	-0.0055960874995367665755	-0.0013800362147230100553	0.0067701105413572534863	-0.0015373847294803170103
-3	-4	-2	-0.0035909182681602242956	0.0041057506143752546882	0.0051894122139946926436	-0.0034748649820596807895	-0.0049924470257490475428	0.00079110404255648030577
-3	-4	-1	-0.0026040505486718350768	0.0014650102470728692053	0.00037508905690449088465	-0.0023917027771542566372	0.0063117954183975416918	0.005171780367398418933
-3	-4	0	-0.0034064765168189312626	-0.0040749322993877965318	0.0025548573876141983385	0.003056199224540847182	0.0083365426118874753209	0.0014799527699062627484
-3	-4	1	0.0078743604279523267409	-0.010176690322285223203	-0.0042415719424862621811	0.0054821160444782539647	0.0066567935139119323654	-0.0086016067889426554849
-3	-4	2	-0.0036529126292531382235	-0.0055872559437771312715	0.0043827372389196785768	0.003989965416334754697	0.0032861055339596500352	-0.00040095308299618783853
-3	-4	3	0.0010897407008373391837	-0.00093952936403530584297	0.0040855639290477618539	0.0037300150783264192887	0.0065371592729010219447	0.0040338240737332531002
-3	-4	4	-0.001598819471653322756	-0.0011824338838790895891	-0.00016284800022877218449	0.00075218073625399534989	-0.0013619626039687640889	-0.00013464467665532192328
-3	-4	5	0.00038020494463910313974	-0.00072519088985176954117	-0.00097961297781661450107	-0.001552549938275088557	-0.00055556741546982973869	-0.001677154484531132592
-3	-4	6	0.00052686539131431803056	4.9632397855437446492e-05	-0.0013498962598070571133	0.0006213337862380696134	-0.00063649814421421239356	0.00043903872308643181578
-3	-4	7	0.0011959299840526554232	0.00010831189813223988494	0.00016876571069456537352	0.0003949189443465990902	0.00060897897070517534833	0.00027208735311187373781
-3	-3	-7	-0.00053441592322303458663	0.0015826416750730550476	-0.00042255706588291088886	7.9061709163474980602e-05	0.00041013128104540520378	-0.00071215859324422713366
-3	-3	-6	-4.065665172637330637e-05	0.0015927173929767149754	0.0010517827651186598559	0.0015545046618626529641	-0.000505563056696143329	-0.0015736110274196838613
-3	-3	-5	0.0010921502467003091179	-0.001285963381280349517	-0.0001377051502326723958	0.0021574834250165466666	-0.00057266705788058206578	-0.00052291202624171837648
-3	-3	-4	-0.00093409249424775218223	-0.0020331292139450438117	0.0043742102548904810214	0.0001119903518082337394	-0.0025800883204820466293	0.0014408541466026075339
-3	-3	-3	0.0022382858676754258803	-0.0057818749285919422698	-0.0012185771764797901848	-0.0011130225031072424682	-0.0010197086911956359124	0.006894897431699184738
-3	-3	-2	-0.0032760646113369046827	-0.0027927612665531371429	0.0077462508140599172293	0.0040371524664633449617	-0.0067052793040845186032	-0.0018665867998653121618
-3	-3	-1	-0.010334192894842305147	-0.0063116557382348319888	0.010259150177284941802	0.0020166862625113773921	0.00022512815267209475073	0.01288490842717036379
-3	-3	0	-0.0073148087025042239639	0.0063134889687773880843	0.0073148087025042239639	-0.0063134889687773880843	-0.009278865878371086659	0.0015942481839355036963
-3	-3	1	0.0020960243774935218355	0.012366960895888279987	-0.00090554667184373648006	-0.012483330945945768711	0.0035714331169493566086	-0.00034911015017246937271
-3	-3	2	0.0015999222279551594556	-0.012655960407564821255	-0.0044511140406788014118	0.010841713335416868977	-0.0042767877190854619585	-0.0027213706082219262482
-3	-3	3	0.0020351196419002054623	-0.006613236431971888582	-0.0031766890500381163472	-0.0012072415270064434326	-0.0011415694081379108848	-0.0078204779589783317978
-3	-3	4	-0.00018907923623672070676	-7.1851030008853272149e-05	-0.0025198215175897065513	0.0024560906047839453289	-0.0020316755653698205519	0.0017881796810813189308
-3	-3	5	0.0011940732515100980441	0.0021943650412521763585	0.0007395900116754211941	-0.00015595276737617445894	0.0011601979579113114345	0.0012230473643256010476
-3	-3	6	0.0020894405663674855966	0.0011904555991033539345	0.00045216329416637420294	0.00011041050653521501245	0.0012708019302669298998	0.00065043305281928449381
-3	-3	7	0.0016466110842273749392	0.00060752407600146783422	0.0001809209370460629449	-0.0012962236769353599735	0.000783228009117187653	-0.00029515697182881092458
-3	-2	-7	-0.00016892162696233587989	-0.001104915943291707699	0.001842597263681446107	0.00091994078143120062204	-0.00045406137806798351061	0.0002106951810018174308
-3	-2	-6	-0.0023094185816286360267	-0.00026286628347942201126	0.0011146623763180648053	-0.0010467410618150488604	0.00078315516537496307828	0.00048034682901139396814
-3	-2	-5	-0.000624464068816518161	0.0052615370089703341824	-0.0027920234115790193777	0.0028480050727104746014	0.0014914878059215186477	-0.0042961242344663900031
-3	-2	-4	-0.0013755612020068842816	-0.0007413536169795664375	0.010655112166379531249	0.003670314346456962553	-0.0042958851816846024135	-0.0012791419604938063671
-3	-2	-3	0.002717965173287673411	0.0041652040968021579112	-0.00011021770404663867534	0.00082950043601917795334	-0.0026444867039232475281	-0.0047182043874816103138
-3	-2	-2	0.015878571282609482002	0.0036391802186174463003	-0.0070113514960923233391	-0.0061570980694605932648	-0.016806505427821898796	0.00069832774153442413959
-3	-2	-1	0.0022880618843223246572	-0.014641138160050108305	-0.015792529298564769724	0.012325908091201365907	0.024720872944162568946	0.019271598297747591366
-3	-2	0	-0.0025962785851769529417	0.0069380434688564220774	0.0038944178777654291958	-0.010407065203284632249	-0.011697901854465264301	-0.0094332921633717391197
-3	-2	1	0.0072398077524346874864	-0.00070946415587093164968	-0.0075171615849604599136	0.011176007211760215221	0.0066851000873831426322	0.020223621955907634951
-3	-2	2	-0.0065736207001793976051	0.00060906745243314382079	0.0024886903380046837032	0.018830686264984124179	-0.0073717407122644122708	0.019744287443633837253
-3	-2	3	0.0038481637865554270579	0.0031913058078020571998	0.001250052366168864738	0.0026276815740806504056	0.0046815320306680032608	0.0049430935238558241368
-3	-2	4	-0.0019694488062639609223	0.00082386937427616764411	-0.0063760232385039394484	-0.0013393849507968725449	-0.0046650982239499405244	-5.1790444691310519017e-05
-3	-2	5	0.00039807426367178058713	-0.0056142129962644705954	-0.0024921476702795663377	-0.00065866656467592941352	-0.00075801450990875822618	-0.003631994423629054513
-3	-2	6	-0.00035836590258459460412	0.0011914413555030632999	-0.00054720628165693275397	-0.0017394265846585681666	-0.00036158504517794156242	1.5911816198675602323e-05
-3	-2	7	0.0016262377218288939611	-0.0004191567438331029777	0.00089509040439019285119	0.0013718069751828098745	0.00095269913918100959313	0.00021230624555233009332
-3	-1	-7	0.00034924125969091116255	-0.00059736113974517390367	-0.00029438491943588481446	-0.00017411455542564038346	-0.00010761983709097837608	0.0002808854249515946159
-3	-1	-6	0.00090524232573341431238	0.001386305957300763619	-0.0025591547694301546891	-0.0023489541224465571197	-2.6095367961681371292e-05	-0.00030166062490928895624
-3	-1	-5	0.00028519515315846943708	-0.00090939487875996475284	-0.0016649402566760354138	0.0035988819966915591014	0.00016187095944012545846	-0.00017413947208233296316
-3	-1	-4	0.0023420014633543980581	-0.0095676939720738211209	0.0031556740963945882975	0.0083953484770262713083	-0.0025454196216144454011	0.0050769333597987980136
-3	-1	-3	-0.00036225741930823846491	-0.0089854650446736308855	-0.0073972201083485206174	0.0033412346097961053218	0.0028279974554244122209	0.0078717201747415966456
-3	-1	-2	-0.004966101770499782575	-0.0041337213875869520396	-0.016711739132082809728	-0.007717990566443812088	0.015805022221791080461	0.010059577364602334537
-3	-1	-1	-0.00057975153727716588568	0.02017445106981385558	0.00039299376737575886665	-0.031007118953769667591	0.0013462608444557387904	-0.02951623425567189915
-3	-1	0	0.0023063873802238741076	-0.0055174002917967191612	-0.0069191621406716223228	0.016552200875390155749	0.013153264284728471284	-0.0020425492670071588447
-3	-1	1	-0.0077795025616442144145	0.0012198439642552509187	0.02780712743016643812	-0.019945550755282245858	0.0044686197452337966113	-0.016286018862516495054
-3	-1	2	-0.0066832798627026691538	0.012822276053238199078	0.015324903188964742254	-0.0046840878142710828252	-0.0023624681995716326037	0.016891370172721759807
-3	-1	3	-0.0085180662200639092885	0.0035627771341446472578	-0.022754546329715037017	-0.013341269576042187259	-0.016102914996635589451	-0.00088431272453608146707
-3	-1	4	-0.00048827431547533608862	0.011264531327500708346	-0.0060712335155340569487	-0.0011552826449534011125	-0.0018840141154900162494	0.0081595778343871803312
-3	-1	5	-0.0014654254889889983988	-0.0052807353130421780599	-0.00063402557248021219026	0.0012584844975006865154	-0.001006060407889441434	-0.0029167442883251694895
-3	-1	6	0.0011848600610763579833	-0.00049568765936275121977	0.00097938897156612907124	-0.0016881177791030755036	0.00075566152579920043125	-0.00052919679286522150908
-3	-1	7	0.0004824855011039519523	-0.00038519821666366320075	0.0018217058331543029958	0.0010525630563938881065	0.00046702319092373694798	-1.4718799085300223598e-05
-3	0	-7	0.00018161876955411789371	4.1743526086720888382e-08	-0.00069585287185003417542	0.0022532095756874846032	-7.7836615523193373339e-05	-1.7890082608594667868e-08
-3	0	-6	-0.0013296505002866056914	0.0013945276024090761877	0.0014895681169475570322	-0.0012169794000292551411	0.00066482525014330284569	-0.00069726380120453809383
-3	0	-5	0.0010450198701357424347	-0.00051260981802190674732	-0.00012121515077756659046	-0.0059246752765515393879	-0.00062701192208144550418	0.00030756589081314404839
-3	0	-4	-0.008916916979349705924	0.0016862426424563354329	-0.003822477814075190411	0.011835979440979870619	0.006687687734512279443	-0.0012646819818422515205
-3	0	-3	0.0009849724185921522341	0.0078977788592795566264	0.0023869058931557975145	-0.013036765633814834456	-0.0009849724185921522341	-0.0078977788592795566264
-3	0	-2	-0.0036368140141410558799	-0.0024282836656649535445	0.026633246657087397691	-0.0065492910892613730861	0.0054552210212115842536	0.0036424254984974303168
-3	0	-1	-0.0015918759451000040906	0.0039345025340357863905	0.011588014808303605252	-0.018242268380264804739	0.0047756278353000124887	-0.011803507602107358304
-3	0	0	0	4.4785603798730975923e-44	0.0068835871223013808673	-0.0098320909334787386785	0.026737396294864677893	-0.043590534663551436245
-3	0	1	-0.0070056639711938064469	-0.0046277819629455341569	0.013945035119573286758	0.0089493441941560659264	-0.021016991913581417606	-0.013883345888836603338
-3	0	2	0.013851409091662157322	-0.0081284442640627858206	-0.010409253642893653499	0.023651444718324650396	0.020777113637493235115	-0.012192666396094177864
-3	0	3	-0.017565099097360547392	0.0012905108808975525227	-0.00037102950793471906662	-0.0047633794896296821619	-0.017565099097360547392	0.0012905108808975525227
-3	0	4	-0.0026839301425934103396	0.003347460577534509818	-0.0094839041844793844915	-0.00088031450693240587135	-0.0020129476069450577547	0.0025105954331508823635
-3	0	5	-7.3064482246696816768e-05	0.001312082549338526279	0.006249497810493763808	0.0053023788301836917089	-4.3838689348018090061e-05	0.00078724952960311587579
-3	0	6	0.0010051037661852418002	-0.0012043319673286274635	0.00028093634667166530062	-0.00032764182291797875777	0.00050255188309262090011	-0.00060216598366431373177
-3	0	7	0.0010059217402979708268	-0.00015066871497679357812	0.00020710984736788028908	0.0030007223088097693606	0.00043110931727055888706	-6.4572306418625815324e-05
-3	1	-7	-0.00083145988257853694226	0.0012965778114883059514	-0.00097999052212916762036	0.00088471557961170672283	0.0002163413036580633152	-0.00042928826497903020036
-3	1	-6	0.0029547445213401087039	1.5200211583285582186e-05	0.0016852951554146796721	0.0030552351439579309746	-0.0011964897347676076676	0.00050160575153467901795
-3	1	-5	0.0047350851371215901126	-0.0079227099297409786516	-0.00046447827361919310617	-0.0037068844260079890016	-0.0029339467369967927972	0.0040122490726429895641
-3	1	-4	0.0018981677632643962142	0.0025516773224474684906	-0.0023228845786083572936	-0.0065722900935464402886	-0.002004346967100386484	-0.0035568305152222112232
-3	1	-3	-0.002526708618634727118	-0.0038371448986029704775	-0.015381510370680541097	0.0097553297795891120991	-0.0026004615049254531031	0.0070889214917993414664
-3	1	-2	-0.0097473494376922060339	0.007359791626544575846	0.022210124620806986906	0.0091705520891744666395	0.025726086466941803371	-0.0064544113952296295819
-3	1	-1	-0.0074897536275616606594	-0.00096839936772631564788	-0.019275647533010635548	-0.0045638200075662762809	0.0031936133496743459963	-0.0016586219043873292288
-3	1	0	0.0085063861229437535971	-0.0098473237321638554254	0.025519158368831257322	-0.029541971196491562807	0.0034122035936450028845	0.0092472496347806142775
-3	1	1	0.0042549794422771279948	-0.0076510403818998021577	-0.016981182728931207976	-0.017097883490201359891	0.029746121055762592827	-0.0058552376554980457152
-3	1	2	-0.020989578209652470786	0.011717301365951339823	-0.020407370850851092037	0.022637923682150062898	-0.021280681889053160161	0.0062569902078519791522
-3	1	3	0.0076930748575584654778	0.0016287957505192324215	-0.0013005241169170352489	-0.024227809745801506813	0.0081265828965308099102	0.0097047323324530674477
-3	1	4	-0.0012200878316688044782	-0.0034486667817293825862	-0.011943746712690829839	-0.0042786598791676672474	0.0020708708044211042096	-0.0015168351165051200194
-3	1	5	-4.8238248247783415106e-05	0.0049010715791653535964	8.4712441094234717013e-05	0.0013168307967236787381	-4.5885437167516988401e-05	0.0026772767881544762801
-3	1	6	-0.00019556044486640578929	-9.6150544033236977305e-05	0.0034893605805542413437	-0.0025340079666191124563	-0.0006793403191922431231	0.00037425938908656688911
-3	1	7	0.00034806838689526776488	-0.00037233769416991987925	0.00076188254736453582538	-0.00015791763549959626453	4.0331801903038218607e-05	-0.00013701363528716620005
-3	2	-7	-0.00072222729310212848731	9.7313371557390833649e-05	-8.554560878446457997e-05	0.00032273784436193635053	0.00028508438024820803927	5.0505082007385743842e-05
-3	2	-6	0.00098427045409545999878	0.00085350869373408851364	-0.0019536951835092170211	-0.0004060011859853390726	-0.0011433669548841355647	-0.00056208807552882394769
-3	2	-5	-0.00037893937468883010476	0.002677525679336673764	-0.0015057224606433343775	-0.00072280796980459167435	-0.00037492535944403564477	-0.001895638595523840798
-3	2	-4	0.0054974441516581068479	0.0028459569365419331612	-0.0051058516526660841645	0.00060332926488529251604	-0.0066760089400766222181	-0.0018328030699638036671
-3	2	-3	0.0048823380253685787211	-0.0061395069568265080856	0.0078738437686205094146	0.0091842002530701707247	0.00036689115371176125001	0.012262307125539955235
-3	2	-2	-0.016549962476233495007	-0.014160006463619043485	-0.010492882686066086137	0.010620015549559184628	0.014332061028284154638	0.031860025244987752457
-3	2	-1	-0.00070662277812242224768	0.0062851935989633343424	0.0074675472220767959153	0.01273987777665383167	0.01705496277852085879	0.0066241747564176585786
-3	2	0	0.0077005626093979324953	0.0084517982805638325328	0.011550843914096898743	0.012677697420845748799	-0.012718400169787615756	-0.014084589993343067313
-3	2	1	0.0014104271641936336375	-0.011566166145474503224	0.0029057371631517597138	-0.0079968768367351707183	-0.0015801928337226182984	-0.018704744762953168236
-3	2	2	-0.0015895318826832326425	0.01781141961181439623	-0.016898543484256553504	0.014979980423887080329	0.014514245660231704649	0.011737148993834512281
-3	2	3	0.0012672656441146011239	0.0074878313853494879102	-0.008728625104806691376	0.0041528205644075326386	0.007086349047319061463	0.0047192843424111331069
-3	2	4	-0.003567905039546479494	0.0045809196590100237714	-0.0013212766767550163105	0.0072028907469010141143	-0.0020152904412823516821	-0.00016575562919298903884
-3	2	5	0.0021633076651833512728	0.00036346528004952332941	-0.0027172372282956974016	0.0057031291315171256731	0.0023848794904282894641	-0.0020631724845771364993
-3	2	6	0.00090367390336042001647	-0.0015787849202161165912	0.0012263414739216798276	-0.001556352946685864028	4.3056460372983383232e-05	-0.00027060814454610358348
-3	2	7	0.0013980815494475096455	0.00049446354798380785182	0.00099724607968050093913	-0.00037425666849401990812	0.00031425035556878954876	0.00031884342584849478287
-3	3	-7	-7.1973945747480950075e-05	-0.00030818602023371997976	0.00033449366314914784262	0.00010410189489696967686	0.0001742004038128409189	0.00017669482077029555938
-3	3	-6	0.0014885372423603154737	0.00051234084871090105479	-0.0010869678918574688341	0.00067335824762583204334	-0.0012877525671088922623	8.0508699457465521384e-05
-3	3	-5	-0.0009103232435869133268	-0.0019740048379971947626	5.7384173078659705882e-05	-0.0013609352077620748712	0.00058062444999934384807	0.00036784177814107207579
-3	3	-4	0.0028769632177136545727	0.0034059045562640360982	0.00016977431544413869638	-0.0022740900538175887191	-0.002030391676702136914	-0.004259995957561218613
-3	3	-3	-0.003771752960942157621	0.0020900628472095518148	-0.0037265248428431162024	0.0011866630238197906685	4.5228118099041642226e-05	-0.00090339982338976103794
-3	3	-2	-0.0035657150695885173573	-0.0078181313872566320089	0.0025654071634152496653	-0.0014724870271767642824	0.0091966833495056507508	0.0095184665401198027823
-3	3	-1	-0.010122593456170230972	-0.0048256534865048477528	-0.0093059127516238945854	-0.0036025104592570388225	0.0024500421136390091587	0.0036694290817434280921
-3	3	0	0.0089590973233042194013	0.0011411236081445162629	0.0089590973233042194013	0.0011411236081445162629	0.011529464256759665297	0.01551042032911063677
-3	3	1	-3.0163907121248016377e-05	-0.007926289907485659092	0.00053304038962799006086	-0.0029319469331310797286	-0.001689612890247714147	-0.014983028923063738957
-3	3	2	0.00061234366371654656847	0.010879077032975154743	-0.0044224467102842177427	0.0042853802962625016024	0.0075521855610011469004	0.0098905451050689784098
-3	3	3	-0.00075415025273521468178	-0.0044256187997946056303	0.0042194514952425994647	-0.0036321523160234695828	-0.0049736017479778144718	-0.0007934664837711356139
-3	3	4	-0.0032623996411809868048	0.0029157229083934667162	-0.00294371601318425824	0.0013454905539912866228	-0.00023901272099754658626	0.0011776742658016351242
-3	3	5	0.0034456525264739039718	0.0029028204593281340881	-2.8951450259446166773e-05	-0.002819206812867125489	0.0020847623860400098413	0.0034332163633171556595
-3	3	6	0.0033237645956648242083	-0.0013443891337448369075	-0.00057954340541599175685	-0.0012441376319982462486	0.0019516540005404079284	-5.0125750873295383658e-05
-3	3	7	0.00043909995524844689036	-0.00068446941135958153882	-5.7274101464734713445e-05	0.00046984072398079622639	0.00021273173859136354545	-0.00049470434371730472554
-3	4	-7	-9.7715399132390409601e-05	0.00029314086650368776027	-0.00079296173699956067678	0.00055347258608678495499	-0.00041124296437158164557	0.00019063824926229667556
-3	4	-6	0.0010316599361025742369	-0.00037899096746496561787	0.00035766781058585146811	0.00013562993012460432935	-0.00027738476099405280639	0.00027991543714888571324
-3	4	-5	0.0024659011664398661733	0.0028013158746356008923	0.00095870297229642888626	0.0015601501580864119648	-0.00071257832202677672505	-0.00043266939831223085507
-3	4	-4	0.0025166186046846001148	-0.0016825376436897215415	0.00046424271119257051093	0.002158355575006562152	-0.0014232212423208796294	0.0034202588077738532539
-3	4	-3	0.0033449340535393989708	-0.0030897495107535494045	0.0054749878533979553369	0.00015067515296765554046	0.0039550497509912088678	0.0032906497147104233139
-3	4	-2	-0.0042967216356562601409	-0.0054295273728872158608	0.0012207854127762281845	-0.0031842569063883054484	0.008886653279036847014	0.001775777246554213545
-3	4	-1	-0.0047058879398029348703	0.0080493919305170726075	-0.0029604150850871782837	0.0047721900076169599531	0.0022760034790600927775	-0.005059415761083379745
-3	4	0	-0.0037268145588617756017	0.0046862845510455544348	-0.0027951109191463319181	0.003514713413284166043	-0.0099507554688661858239	0.0027073569884719377206
-3	4	1	-0.0026389384538665324256	0.002893507719069064732	-0.0029462676883345072579	0.0016072069396986562572	0.003868255391738432622	0.0022516953984125682997
-3	4	2	0.0045891356400894660686	-0.00031518780734013189786	0.00086559979161163083747	0.0040422982393708605311	0.0051525038769109380785	-0.0085573781897519199391
-3	4	3	-0.0025674716420340006062	-0.0047384679823607479821	0.0022228806268444517742	0.0011489213590868646402	-0.0055313124778266029719	-0.0062703631278099008356
-3	4	4	-0.001097008579502951062	9.6476637913359847027e-05	0.00041046435267938410213	-0.0012076357963351253173	-0.0012332207873065974529	0.0012799932747701451077
-3	4	5	0.00069447133507896511607	-0.0019736498364405067642	-0.00034730711760390365304	-0.00052826337911373330656	0.00069452849513050194871	-0.00076157919857331747831
-3	4	6	0.00064375352755238030803	0.00066146728733446004574	-0.0003117062321641713785	0.00078690889190416890998	0.00052968091855230446056	-0.00019387228426888256571
-3	4	7	0.00079837897918444270841	0.00040908917946936895803	-0.00060836003496791751441	-0.0001960816408437294231	0.00068979672534642832733	0.00028737058596900352499
-3	5	-7	0.00045992478904654062648	0.00023265506393194167797	-5.0572233226805458981e-05	0.00041339025050227888418	-0.00023323364761052131546	0.00019556943724508135262
-3	5	-6	-0.00030796428689088716684	0.00046094416444869372711	-0.00012885884284400848585	0.00029109987663785184082	4.6599774408769842956e-05	1.2111148307196333739e-05
-3	5	-5	0.00028103191310591591097	0.00059236980547516576625	-0.0001703099034288761682	0.0013751092319300127487	-0.00033892905129242573104	0.0010196873486449133106
-3	5	-4	4.3401426714465377867e-05	0.00092602360374525007677	-0.00095661855193994395265	0.00059615165978513359659	-0.0012283242599607790708	5.0671871922479404281e-05
-3	5	-3	0.002795363025344206262	0.0015095704863224647298	-0.00060528684207706922541	0.0035182368738146093182	-0.0038041744288059881236	0.0043541576367018839169
-3	5	-2	0.0030807835022052519093	0.0008753108252931878679	0.0043138878441973784253	0.0016195117164393561023	0.0061635443571855684161	0.0027358130531586082913
-3	5	-1	0.00030455018416848396012	0.0048734230294187556171	0.00085575928692848627754	0.0029199235846867855823	0.0033651458821369792905	-2.0651164822340267778e-05
-3	5	0	-0.0038619531281040412642	0.0046078366710433221742	-0.0023171718768624244983	0.0027647020026259931311	0.0017997847567838816743	0.0031299641480565078624
-3	5	1	-0.0043411730926741030206	-0.0028495165691197559509	-0.0024621357999653633274	-0.0021515542044405976639	-0.00071284027819549264197	0.0022092213148437213344
-3	5	2	-0.0025156560700864958637	0.0053562040051657999057	0.00076409573570230832767	0.0019551598953651597688	-0.0056837234443855143978	0.0031464062693358006532
-3	5	3	-0.0019351807339129088476	0.00024052800526611038136	-0.0012216959078108994424	-0.0025372592106879796915	0.00010097911243859034958	0.0044692933564127431192
-3	5	4	-0.0015899969055821361764	-0.0018683103885273389701	-0.0014692760872555522215	0.00078745605351084502384	0.00064409742988283825299	-0.0023855528582840605616
-3	5	5	-0.0004882192719415481331	0.00053619784496428449759	0.00048871197821118421856	4.7537365604575357379e-05	-0.00078164354137611304421	0.00027418134137399533846
-3	5	6	0.00058262350118734932119	0.00012306167438591838537	0.00046278445217948997042	-0.00061424209030610317679	-9.4341959555900310242e-05	0.00057339924578137847506
-3	5	7	0.00056846771394173940383	0.00033792651455396134587	-0.00022414949037583627601	0.00060796483833862292271	0.00040373579910062850533	-0.0002894349497187472019
-3	6	-7	0.00029397661250578463639	0.0006284714926613574771	0.00031815943439420586898	0.00018921100765998926231	0.00014671810983541159947	-0.00010716406171773386195
-3	6	-6	-0.00033469265041698929679	-0.00030348374943284434947	-0.00029797973667266397903	0.00032290184728095492738	-0.00013063341146416933064	0.00047464372199737710212
-3	6	-5	-0.0012549297683460245052	0.00033655094780870854721	-0.0007312529121392342046	0.00026585350975269304982	-0.00012454563355946633154	0.00011709364301800651519
-3	6	-4	0.00021743747579711227924	0.00074712158128655307629	-0.0010034058983318522307	-1.0654080260939672258e-05	-0.0016681869543456126232	-0.00057632230635632430375
-3	6	-3	-0.00044153981879555394361	0.0013945509010501201935	-0.0005974119677098334389	0.00088007612655280722299	-0.00075328411662411304262	0.00036560135205549436094
-3	6	-2	-5.2865001012420192105e-05	0.001368450109472556242	-0.00097475899919306904437	0.00010854415583480967931	-0.0028449794960605768145	-0.0017270426967044051354
-3	6	-1	0.0011135910598597119521	0.00033275449768016925793	0.00060841586760349247558	0.00029883452590028137695	0.00030972202604181883452	0.00079474366236118054209
-3	6	0	-0.0024419110006364034247	0.0010302884854348985221	-0.0012209555003182017124	0.00051514424271744926106	0.0005769690044706249181	0.0034739679961298536304
-3	6	1	-0.0027871419524037174473	0.00049435366141419620056	-0.001695273110240805162	0.00047739441210178066872	0.0018102128042336781966	-0.0013813054883680953022
-3	6	2	-0.00026857773263751379394	0.0015625476909843667977	9.1585525816541320655e-05	0.0008544633902361529294	-0.00067762317640589458511	-0.00021956863423190867298
-3	6	3	0.0010234978767193929957	-0.0011061144745106536984	0.00068032950539707566853	0.00016171286043743939671	-0.00033716113407475834136	-0.0014295401953855326003
-3	6	4	-0.0008637088396269473195	0.00096052249065248489907	-0.00013977070748840420412	-0.0002036015375917451316	-0.00043812556848760419699	0.0010257941743769813988
-3	6	5	0.00026371117124806859201	0.00054144019242722716753	-0.00014158967289912825251	-2.3193404901590205391e-05	0.00032813431022779505821	0.00035269620133824457816
-3	6	6	-0.00017674677690436975354	-0.00044733989064880085289	-0.00015042368976525696215	-0.0002288958965997739002	6.2050301313072071829e-05	5.225951275373481377e-06
-3	6	7	0.00033568108581726903558	-0.00028277227083456265818	0.00010012528535086570624	-0.00020869022316446532374	5.80416493352304099e-05	5.7689218069014868047e-05
-3	7	-7	0.00019763524206171861138	-2.2428795890373868913e-05	0.00029267884687797778454	0.00022459235453977264229	0.00020797802885152698207	0.00023420469563564713092
-3	7	-6	-0.00020633515601804311196	3.3632755895386579786e-05	0.00017594890710316674043	0.00011092571425346062913	0.00030844130296271612263	0.00011259695534801077404
-3	7	-5	-0.00011237429740039572433	5.6999778367633856919e-05	-3.7361014554099838394e-05	0.00026425648301133572004	1.5119158064497661864e-05	0.00033575920919528970746
-3	7	-4	0.00098988376469309660027	-6.2976971112273862378e-05	0.00066975378289237986768	7.8303637327309564913e-05	0.00042965629654184218271	0.00018426409365699712522
-3	7	-3	0.0007010490354073356219	0.00039354531956362824542	-0.00013711980359614722572	-5.528491468569793956e-05	-0.0010209952437983458966	-0.00052254345383025678235
-3	7	-2	0.0010775859327605010439	0.00029865346689647305056	0.00030399861472574360097	-6.0735478147382073962e-05	-0.00055238374760064874562	-0.00066055437386054684148
-3	7	-1	0.00029452898887755054724	1.9493149732298985862e-05	-0.00035022000838864615971	5.3177892008935441351e-05	-0.0033351270253531746512	0.00031376579486565113865
-3	7	0	-0.00099895709592070971311	-0.0014002387492698077035	-0.00042812446968030413953	-0.00060010232111563195038	-0.00019458798204700038627	0.0019735444884588951124
-3	7	1	-0.0015078509764833085242	0.00031482839632857186453	-0.0007372998241968395372	3.6482145480320357059e-05	0.00063754583992795086245	0.00068911017062347308063
-3	7	2	-0.0016238803322133901156	-2.8088676396438489081e-05	-0.00092093620368929516012	-6.8530182926626052235e-06	0.00078745621459244772439	-1.8147450570338611952e-05
-3	7	3	-0.0014318530182924739478	0.00052841499198327888508	-0.00040930938253998634885	0.00074666797755449721471	-0.00047679779236583922416	-0.0012138102889772146159
-3	7	4	-0.00037421800840811323633	-0.00025440079434423638763	-0.00015881090841404253504	4.9636295604787581393e-06	-2.7444165815105226845e-06	-0.00019948694748901513716
-3	7	5	-0.00035292798768546461505	-0.00028630702112828675067	-0.00010297880733277866194	5.3849723634471604651e-05	-6.7586462345388631468e-05	-0.00024717382576523228878
-3	7	6	0.00062347004107859169218	0.00056901551282342150394	0.00016650570571033368223	-1.8943773603477998334e-06	0.00011747836387723990608	0.00028671786333211654336
-3	7	7	-0.00017851999978746755315	0.00016603395996543190809	-2.0368274834188006012e-05	4.80462499628626444e-05	-5.6140296503298091097e-05	2.3111161450893879409e-05
-2	-7	-7	-5.3502371305379662161e-05	0.00030140572118703384385	1.8212630696928999778e-05	0.00012230196895903088406	-2.9262388953919536884e-06	-0.00020841788929818339925
-2	-7	-6	4.9979523803654371766e-05	-0.00015404017350254323366	0.00010829995729603065493	-0.00029724865311862543656	-0.00014300979144658723489	0.0003981368198059107087
-2	-7	-5	-0.00048325039640216094303	0.0011997748862063216738	0.0001472317719516871978	-0.00023158381652030755253	-1.2824322171497705799e-05	-0.00015569261135409809597
-2	-7	-4	0.002257865407397101256	0.00081502647904213045265	-0.00021380889460956059491	-0.00017905657743000290261	-0.00075476713813181972243	-9.4164229018560112873e-05
-2	-7	-3	0.00037458206158682199943	-0.0013465051514743864303	0.00050848950098364540003	0.0004097660744650345006	-0.0014361968766863873748	-5.8450739435489514008e-05
-2	-7	-2	0.00088714254693156172418	-0.00010268095503354858153	3.6283302482743841324e-06	0.00026439603765116855396	-0.00089984170280052206293	-0.00082270517674554134377
-2	-7	-1	-0.00061999784465676147874	-0.0014240147086767788575	0.00039180811262471061012	0.00019561704518341574595	-0.0015026610990594511507	0.0014787101010696474934
-2	-7	0	-0.0017726973296158248135	0.00039694789661262695063	0.00050648495131880712054	-0.00011341368474646484497	-0.0010398653498773829853	-0.001376755094982188253
-2	-7	1	-0.0015484107703272475837	0.00052374071952524089892	0.00048425272103058632266	-0.00011648299278323935276	0.0002929475065596093622	0.00023210048956780622012
-2	-7	2	-0.0016662522543325038529	0.00050850127133523028745	0.00075786581321712009028	0.00022271707792979108121	0.00098627809192741657147	0.0012880110440894991259
-2	-7	3	-0.0012598677702884159696	0.00084489943038465107044	0.00086506692728029795786	-0.00069060187484926485995	0.0011785776501284179942	-0.0010481380877251839957
-2	-7	4	0.00092900821777044918174	-0.0001781451500623324022	-0.00072862287548906530879	-5.7995472419942530626e-06	-0.00081058592322063975372	-9.9221782704656151584e-05
-2	-7	5	0.0001561468625191277809	0.0010637724941651922114	-0.00053640807757167894339	-0.00052878319500247760766	-0.00068851256359269948429	-0.00031478747533739175534
-2	-7	6	-0.0005207930829876098117	0.00010636310296683579345	0.00010489367294658636775	-0.0001898017741096181979	-5.1221742558185848302e-05	-0.00018598103547227596189
-2	-7	7	-7.3992106284248618153e-06	2.8984220806851477035e-06	-0.00014187352223236877414	-0.00037167047809399971674	-0.00014398758241191873006	-0.00037084235749951824064
-2	-6	-7	-0.00011021866076748400342	0.0001362711882479041188	-0.00014554086911366937145	-1.7817072031749220048e-05	0.00015624036231671204139	-2.3662849186473270514e-05
-2	-6	-6	-0.00059669223568251442396	-0.00070569519826871643896	0.00021669902422134367393	0.00023435928111409880638	-1.7801612327172210571e-05	8.7245164213998546359e-07
-2	-6	-5	-0.00014496343728372600808	0.0018121992941937286378	0.00016034696909659860867	-0.0004048618865611205357	-0.00013443098800242794344	-0.00023904545380414677974
-2	-6	-4	-0.00031889159166985185916	0.0010486088244764143595	-0.00059489014561422829449	0.00059137279559146104044	0.0010517810142562683713	-0.0014113636056253986862
-2	-6	-3	-5.9014516267870550329e-05	0.0015809277782979221875	-0.00054711322572818408758	0.00070284757763612029299	0.0011335694623016152448	-0.0024596470074708552331
-2	-6	-2	-0.0019619585237095203863	-0.0018908228292850827804	0.0016841009959237057073	0.00011749075207290888819	-0.0030903444640615969526	0.001538350573066356048
-2	-6	-1	-0.00086340173187853636819	-0.0010684301632128657359	-0.0003728965779578210897	5.6999170497221424289e-05	0.0039641829315039990578	0.0017948653034424028041
-2	-6	0	0.0057400116791650971498	0.0017872149219805841865	-0.0019133372263883657166	-0.00059573830732686139551	-0.00015850893142679240507	0.0025198965668095508856
-2	-6	1	0.002024288819638891436	-0.003059268884634042205	-0.00096333992852613923707	0.0014860176565575555687	-0.0017314619318790527673	0.0027975681700772498696
-2	-6	2	-0.004825987892330596031	0.00028996586210660202799	0.0014025868947542758161	-0.00081341779543146741898	-0.00061822720806776847429	-0.002150287524187800229
-2	-6	3	-0.0018145753462151222382	0.0024330100201471901132	-0.0010211152850900029939	-0.0017352982138997348656	-0.0032519474676567542912	-0.0018485897477013427722
-2	-6	4	0.00011027827641868391203	-6.22164292902131343e-05	-0.001179062057892099136	-7.4467127569439783884e-05	-0.0017134539486288067819	-0.00014280890599926624298
-2	-6	5	-6.0398168074148943661e-06	-0.00082570932042383860406	0.00034534893031596124472	8.5387208848754805835e-06	0.00041200278965618756946	-0.00032003726310768484866
-2	-6	6	0.00036939523474017869377	-0.00051772111152791858591	0.00017699333425106274545	-0.00018703356392681778236	0.00030012507916445563434	-0.00035960726776945728389
-2	-6	7	0.00036420556742282946677	-0.00036600447655015351999	3.3668751029801916974e-05	0.00033308698063896533762	0.00013291766300349577455	0.00018093041867621215244
-2	-5	-7	0.00079264199181924572656	0.00030069098530937943834	0.00012402668015079246601	-0.000754432374119753924	-0.00031505962634177908091	0.00045296855714000149604
-2	-5	-6	-0.00022041750737867476032	-0.00026953601714749573321	0.00080202223803757326757	-0.00037938466001513333845	-0.00059487936257175276673	0.00040599922239510969312
-2	-5	-5	-0.0020339412540304096025	0.00013014797577538253157	-0.00060583016685204641241	-0.00016474711216974582246	0.00141940666846421021	0.00011268792185959281254
-2	-5	-4	-0.0014290056931399162422	-0.00034228229134438819007	-0.00093419941557279322347	-0.00051949435300102783306	0.0018822521160359495691	0.00082050908692347891346
-2	-5	-3	0.0059389234252500821415	0.0018713171165964830652	-0.0023174035877010536189	0.00031994095424859615977	-9.6942970664965066462e-05	-0.0017807796681453156792
-2	-5	-2	-0.0019521103207760196353	-0.0013361929337895731614	0.0017965290240631837885	-0.00035239088243164609767	-0.0025392122393819395107	0.0022171701398686883243
-2	-5	-1	0.0030283049659347348673	0.012049283381484237471	-0.0018130615393921940305	-0.005888258579116849474	0.003008697765091500418	0.0053427261326157741636
-2	-5	0	0.0018580617388289605123	-0.00075928733001322636434	-0.00074322469553158426996	0.00030371493200529055658	-0.005962262057587532256	-0.00045324396900755381393
-2	-5	1	0.00050520922615267119596	-0.010546666820848215468	0.00018208204501991796516	0.0053023712160581064692	0.0019208286774049323532	0.0054185224385941005432
-2	-5	2	-0.0057688194228966409999	-0.0033638659049513978429	0.0037179542150800439296	-0.0014524426906603973321	0.0035260661148034688241	-0.00699497263160239139
-2	-5	3	-0.0012516687754961374097	0.00062340641064669542748	-0.00074851585631034961259	-0.00083495280192706232327	-0.0020819722775146740773	-0.00097598372944730684819
-2	-5	4	-0.00011845049553785566901	-0.00024542070090084223966	0.0015626610638035047084	-0.0022727439245150823574	0.0018941010819854531798	-0.0029636402560942738497
-2	-5	5	0.00080787196091956748559	0.00099062783089245293189	-0.00099844022094982762261	-0.0016664382780382806706	-0.00067529143658200054164	-0.0012701871456812993677
-2	-5	6	0.0013473276264004227943	-0.00058136746255761932896	-0.00016970079282562996765	0.00094853846477504838094	0.00030769188144544925559	0.00059665956646000057727
-2	-5	7	0.00052342833634522168383	0.00041875342945906846633	0.00021905395834944578568	-0.00059196712822717593994	0.00030601806634823888395	-0.0003031898260311060786
-2	-4	-7	0.00033478158144958116956	0.00040226163219934647861	0.00031783048814663591736	0.00049355964371536765328	-0.00027726930221224374649	-0.00039696597703716617013
-2	-4	-6	-0.00010644612953279977328	-0.0012229727707010449884	0.00027503643234928358595	0.0016856669912088926861	-0.00014787557838858911481	-0.00071612040390558020023
-2	-4	-5	4.5303880997569950296e-05	-0.0014329174083120236466	-0.00066068372988738275492	0.0011588016945944870639	0.0005104254315108781425	-0.00035387439235078018166
-2	-4	-4	-0.0016307427063018968723	0.00076180778193895475406	-0.0038694932824686828834	-0.0011500965255082224153	0.0046848646356196319701	0.00076919263453874503825
-2	-4	-3	0.0019931990468864992094	-0.0010540736802663564723	-0.0027024641218709342591	0.0018284058382470526772	0.0022744861312369128725	-0.0017351586641518325881
-2	-4	-2	-0.0024312424101580729953	0.0036816087253381734809	0.0035886283965347286207	0.0015488707084733552202	-0.0047460143829113838124	-0.0067793501422848834875
-2	-4	-1	-0.0018778030852407835531	-0.0092345089542758274082	0.0022403745429191842739	0.0066742595838583064147	-0.005205892001195169122	-0.0082280204268815725771
-2	-4	0	-0.0090887833321910971307	-0.0050861103397578715998	0.0045443916660955485654	0.0025430551698789357999	-0.010731376471582003418	0.0065344766687796158877
-2	-4	1	0.012600313917223639193	-0.0089975384089356329892	-0.0026967424868718312819	0.0047280609680369753076	0.014413657886959951523	0.00091716705427663308345
-2	-4	2	-0.00048773108487881836623	-0.0029178417697319435596	0.0045738434300577768959	-0.0031091571854265798863	0.0086599557752367346125	-0.0091361561405851037659
-2	-4	3	0.0014632225458781288573	0.00015826607496713881204	0.00081664195263178422386	0.0017111154680436394676	0.0020643376340944647254	0.0023869980073696118496
-2	-4	4	-0.0026142358388330801632	-0.0027986871346385075975	-0.00074490859593173708048	-0.0019670968757691479484	-0.0020520265153482772705	-0.0033664404430884015303
-2	-4	5	0.0020490517537046048883	-0.0015987814700956089978	6.1652422738511607463e-05	-0.00058661172295095410489	0.00086894263967265115457	-0.0011088019663990067963
-2	-4	6	0.0012036057997206134687	-0.0002757705162710135131	-0.00033431782255706910673	-0.0017906192115912942034	0.00017832338486882510315	-0.0012856696464845340094
-2	-4	7	-0.00034821772092533771412	-0.00017788841989206430317	0.00044189465880652080594	-0.00051502277040904164557	0.00015302045619648683181	-0.00034512398877432789958
-2	-3	-7	-0.00074422863412361808019	0.00072511114064869805484	0.0006901975310505267195	-0.0009806259271971753174	-8.3162189272049152271e-05	0.00021309364289916142544
-2	-3	-6	0.0013001677135924152688	0.0011983705160290220645	0.00086715888168990395545	4.7057347935230303161e-05	-0.00086696867870909041873	-0.00042298551264395583974
-2	-3	-5	0.0061729570518776833224	0.0035617042643096919266	-0.0010016919059931440883	0.00080289723004963679115	-0.0018681676771551867459	-0.0019064200437536589321
-2	-3	-4	0.0010018052986336032327	0.00061592164694807352305	0.0017000562933812022812	0.0019488988809308832682	-0.0017759448693527033272	-0.0017696349841721992126
-2	-3	-3	0.0031499557121212546154	-0.0036495353013666145814	0.0015930740876003420068	-0.013143667678119023978	-0.0036930445623478448669	0.015576691212363432543
-2	-3	-2	0.011964131041362020824	0.0033088987625428346526	-0.011524578120366477801	-0.0045306042968117996722	0.0053227361391876967453	0.0034870076826748639884
-2	-3	-1	-0.009041539985249497785	-0.018600239524944790076	0.008334785261454395397	0.004069135764276407552	-0.0069212758138641906208	0.024993071757060357496
-2	-3	0	0.0032277041913568219576	0.0086391483782038858835	-0.0021518027942378815942	-0.0057594322521359242115	0.0011181181647403352821	-0.00050675029982899099257
-2	-3	1	0.0092020792689784056823	0.017410197050699089544	-0.0093587179195263325848	-0.0058610182636936146439	-0.0096719952206221846552	0.017237339310317335156
-2	-3	2	0.0012277632589510029896	-0.013871961680847885376	0.0030565970503489059071	0.0030263123782468892911	0.005812658834474362067	-0.0093324931134775510055
-2	-3	3	0.0027313415917458523825	-0.00056645679563793998462	0.0070740722801155382291	0.0030100847723128856294	0.0088949666746127725725	0.0026324469085542592621
-2	-3	4	-0.00016846862985162602854	-0.0039943197638741545497	-0.00083957239928440026595	0.004539284963119907812	-0.00071391361438911320018	0.0014073038404028533673
-2	-3	5	0.0025849288366133591106	0.0025846462551111118282	0.0008604143615881697715	0.001366943712688316586	0.0015502201515982453987	0.0018540247296574346395
-2	-3	6	0.0032433505119055365019	-0.0027034210155529206192	0.00050743521986620736264	0.0019117155841054990235	0.001334834447234949182	5.4717453535109321155e-05
-2	-3	7	0.0011580298871679453165	0.0006606746572965479028	0.00057804495454977385636	-0.0003399005750114680955	0.00057859923399788742646	4.3092512794098775857e-05
-2	-2	-7	0.00023178146116021650894	0.00035604788779274379462	0.00016692005731854477513	0.00056137566317745666005	-0.00011391471956536037462	-0.00026212101456291438464
-2	-2	-6	-0.0017365134407543072591	-0.0022593710156707672368	0.00023032096320246671036	0.0022178669313190884499	0.00050206415918394682249	1.3834694783892839746e-05
-2	-2	-5	-0.0013303518851083993499	0.0032059585147975661924	-0.0056621931098541251892	-0.0024078524751106810883	0.0027970179979850099024	-0.00031924241587475397659
-2	-2	-4	-0.0032151234973164170665	-0.0050744284969526827489	0.0084977596772820990223	0.010421587416957547867	-0.0026413180899828407611	-0.002673579460002432559
-2	-2	-3	0.0025387567176159793123	0.021984592193472731608	0.0049483604237215367619	-0.023905144176692941227	-0.0049914114275583440494	0.0012803679888134713444
-2	-2	-2	-0.0043635620439499232109	0.0054347564540729326882	0.019197805380216682869	0.0065421334132639962639	-0.014834243336266761393	-0.011976889867336928952
-2	-2	-1	-0.013674345108848628971	-0.019608482043133534933	0.019909439383475297652	0.0086311015729399094554	-0.012470188549253337362	0.021954760940387254425
-2	-2	0	-0.026430699595801139534	0.0064494268798019173741	0.026430699595801139534	-0.0064494268798019173741	-0.039693689001377888137	-0.0063337731917844425009
-2	-2	1	-0.0035863512133681601547	0.0054518432458614419361	-0.011386718058911967852	-0.017128858962322111165	-0.029946138544560258615	-0.023354031432921334988
-2	-2	2	0.022673700553873705338	0.018579796774377897728	-0.0085832234811662067725	-0.036081235328134945994	0.014090477072707498565	-0.017501438553757051736
-2	-2	3	0.0097568920431299974855	-0.015435618651125660242	-0.0054042508675780000921	0.00025764089029541964145	0.002901760783701331451	-0.010118651840553494203
-2	-2	4	0.0070245518093730889217	-0.0067010968753872766912	-0.011572430574381236887	0.0046986016315631049314	-0.0022739393825040735489	-0.001001247621912085663
-2	-2	5	0.0026021723198108876601	-0.0073066738701624122515	0.0016486533109736191752	0.0038486839003962778141	0.0017003302523138025606	-0.0013831959879064537316
-2	-2	6	0.002415971831795224109	0.002151455165698464532	4.2284584202111854168e-06	0.0024276417748058604432	0.0008067334300718117298	0.0015263656468347749917
-2	-2	7	0.00065981947677265409113	0.00049862339614985989097	4.4129958027561087797e-05	0.00038393036427464716795	0.00020112840994291863029	0.00025215821726414487398
-2	-1	-7	0.00095449565300631674606	0.0019223164774292665624	0.0028220231982344829748	-0.00015572072777289170807	-0.00067585921489244520956	-0.00052698746101223449198
-2	-1	-6	0.00050466189564648546943	0.0024924156233978836568	0.0032005437714990687612	-0.0014704771589996055645	-0.00070164459379867328333	-0.00058572568129936029152
-2	-1	-5	-0.0030193866729256997432	0.00093822472159654638543	-0.0065026459665661904067	0.0091464001437664664562	0.0025082838624835178051	-0.0022045699173919115418
-2	-1	-4	-0.013792348435751833335	-0.0057026881718523986589	0.0090759084208235172447	0.015942290959681963691	0.0046271971126700377902	-0.0011342286539942909428
-2	-1	-3	0.0018963081705212873895	0.0092484971728140907832	0.018027381419722491446	-0.011800977508470875468	-0.0072733325869216887416	-0.0022320056123857688439
-2	-1	-2	0.00020804827819634279088	-0.019203143667983636061	-0.016279929579539397649	-0.014845483925062231273	0.0079319165115733555188	0.026625885630514753433
-2	-1	-1	0.0013649301105534783572	0.017457708935573121312	-0.029641473931658182672	-0.018450626398346915702	0.026911613710551226392	-0.016464791472799323452
-2	-1	0	-0.020205698597440299724	-0.020363842298842374512	0.040411397194880599448	0.040727684597684749024	0.027128670187049602064	-0.029287339379588009369
-2	-1	1	0.0088163431000622145134	0.0035749304184203426794	0.019240599995764551267	-0.030694733202554440321	0.036873286195888983763	-0.02354487236571375583
-2	-1	2	-0.0033907374509953452403	0.0028131966870879802738	0.028100136577759116108	0.025361212046809619713	0.010659330837884213247	0.015493802710492790564
-2	-1	3	-0.012170194216442538002	0.0043763779925839853616	0.0065762574052353021947	-0.016977998237748113952	-0.0059213770092165912695	-0.0027417474175267146988
-2	-1	4	-0.0017164418471919322493	0.014494550255732851704	-0.0081056039284383429866	-0.023721981730303917657	-0.0028846219057055521966	0.0013167796952904464378
-2	-1	5	-0.0036710469657303236926	0.0011476431840320021512	0.0019916607602216977908	-0.0035834443067409467443	-0.0010700866342477899622	-0.00025763158773538848839
-2	-1	6	0.0032088102565873692813	0.00026532553141194440858	0.0018772417352314865659	-0.00050490089865955136306	0.0013824770414010375576	4.2916940273895610016e-06
-2	-1	7	2.6843656364516652675e-05	-0.0015245174662898042673	0.001035503561090072959	-0.0018928508758464740805	0.00015559869625987230411	-0.00070598368691801181764
-2	0	-7	-0.00068445138998928498932	0.00096502360795222054141	-0.0010735043854946649169	0.00051676087502521570252	0.00019555753999693856063	-0.00027572103084349159101
-2	0	-6	-3.6427372613078665706e-05	0.00018399817398554230478	0.0038574266707067012862	-0.0001634394768288147462	1.2142457537692888004e-05	-6.1332724661847430408e-05
-2	0	-5	-0.0058475050166571194976	-0.0017392006834051952722	-0.0043421595374712402063	-0.0016951915343912807646	0.0023390020066628479725	0.00069568027336207815224
-2	0	-4	0.0046167901051268394816	-0.0069365336470603158533	-0.0099751346633174357847	0.019823424875743164697	-0.0023083950525634197408	0.0034682668235301579267
-2	0	-3	0.018403837166726652597	-0.014470455353784715188	-0.0051915536636130601295	-0.011746456122833781946	-0.012269224777817768976	0.009646970235856476214
-2	0	-2	-0.015792989579526635346	0.0085061591798265747538	0.015976955559133993595	-0.013375996240927759753	0.015792989579526635346	-0.0085061591798265747538
-2	0	-1	-0.00063440476331386608678	0.012080956800969034487	-0.027013659162706548517	0.011415420501302149872	0.0012688095266277321736	-0.024161913601938068974
-2	0	0	0	-0	-0.017122030128296657908	-0.016286538986883820901	0.0077090593354253401578	-0.015417232102633890434
-2	0	1	-0.0056673804574802304213	0.012863796406334391739	0.0052641945538244565989	-0.029300485419009258958	-0.011334760914960460843	0.025727592812668783478
-2	0	2	-0.0055838783542977651897	0.028133639985477847112	0.033773427028345577583	-0.015285379919840767771	-0.0055838783542977651897	0.028133639985477847112
-2	0	3	-0.025099277402297271583	0.013631017011970700953	0.0090546669308637292573	-0.022256814307073807119	-0.016732851601531515545	0.0090873446746471339686
-2	0	4	-0.016045558264996141046	0.011857177379878703141	0.0031487277264056314288	0.0011945504668060252101	-0.0080227791324980705229	0.0059285886899393515706
-2	0	5	-0.0014392373801592305959	0.00375202546390886486	0.0075394565074327728194	-0.0091007554870051275003	-0.00057569495206369228173	0.0015008101855635458573
-2	0	6	0.0018018635630506752137	0.0022321211067531819203	-0.0015723043538868261559	0.0025904757764918405136	0.00060062118768355844071	0.00074404036891772737904
-2	0	7	0.00073685761622824892583	0.00054831421624386097492	-5.0884172934232095576e-05	-0.0010564794261571583151	0.00021053074749378540738	0.00015666120464110315893
-2	1	-7	0.00086455709050639812166	9.7443948335322415734e-05	-0.0003177668600766010102	0.00033516644828978725892	-0.00029241157729848529095	2.0039793088448916756e-05
-2	1	-6	0.0011759682420542419932	-0.0009319159187607073359	-0.0016327094228434149963	-0.004751240004632220279	-0.00066410765115864983047	-0.00048123469451846761927
-2	1	-5	-0.0041461827252430669827	0.0009034263377065880965	-0.0099754888255290143084	-0.0038094552968496240945	-0.00033662467500857615535	-0.0011232615944525600575
-2	1	-4	-0.0051585242742230022137	-0.0051979923099436161488	0.00011460820239345611833	-0.010112291240270682505	0.0026079141877098648179	7.0923344904137759922e-05
-2	1	-3	0.0026375096188799669258	-0.0081013499577028986326	-0.014603429655992972852	0.011506124536474758233	-0.0066261496312509694795	0.0092362748172935184993
-2	1	-2	-0.00036880930918420184008	-0.015982246177030135642	0.028973811041535603439	-0.0011055837270020419435	0.014855714829952003722	0.015429454313529114562
-2	1	-1	-0.0084882809447675792308	0.0014839712357217716907	0.038484990450630356118	0.0043194999954110965129	0.05546155234016551111	0.0013515575239675529148
-2	1	0	0.0070999762560847428511	0.0060036259014412708679	0.014199952512169485702	0.012007251802882541736	0.013765664376896585494	0.038982549038311602174
-2	1	1	-0.018246675003476462568	0.027250151398601235586	-0.033599539601836383995	0.035447978679539110525	-0.0028938104051165446096	0.019052324117663360648
-2	1	2	0.0081966136229272585495	-0.01830596608529910449	0.0017352916427047992368	0.0062632335384565024708	0.0073289678015748599069	-0.021437582854527355292
-2	1	3	-0.0043760717424777906617	-0.0025396139860709827062	-0.029964656272585342422	-0.014840411433183549328	0.0070708375958765867439	0.0032537278203471943494
-2	1	4	-0.0064284221813751540875	0.0042508741407764919981	-0.0096214900871046549896	-0.017847013357391791621	-0.00080883856891141329634	0.0065871904097361934707
-2	1	5	0.002631773749615139938	0.0023901366558581309957	0.00091271796694046016495	-0.0018168453787019264636	0.00087016590645796392054	0.0013194237380836377344
-2	1	6	0.0014853212325451386946	-0.0032968265990470017705	0.0012433652938859951487	-0.0010379006887692838156	0.00028787952853404704008	-0.00092595875155411988197
-2	1	7	-0.00060621121802432521072	0.00082693957310366126689	0.0010388892319839371399	-0.00038150899839102428001	-0.00032161595257608396057	0.00029076973494262094242
-2	2	-7	0.0011030366048021802896	0.0012908130495263288144	-0.0009908037110887221461	-0.00010094353055611844693	-0.00059824009025454352208	-0.00039764473716641352647
-2	2	-6	-0.00189003676222348929	-0.00015207159177750735612	-0.00077151058693202131337	-0.0023944263835181550139	0.00037284205843048936167	-0.00074745159724688258873
-2	2	-5	-0.0026489361967307416788	0.00035963250311265378047	0.0016734785458436542919	-0.0062991064428478630438	0.0017289658970297582582	-0.0026634955783842065129
-2	2	-4	-0.0016972497476699453366	-0.00029193757702077104219	0.0068024283535087822633	0.0096131005874782772536	0.0042498390505893643421	0.0049525190822495238768
-2	2	-3	-0.002911691461130525363	-0.0011109092188340188162	-0.0023148221344727140138	0.0064401280524850942205	0.00039791288443854084525	0.0050340248475460756469
-2	2	-2	-0.0095175891748859094837	-0.014622292814232849822	0.012831930329065740007	-0.018134808237676748599	0.022349519503951649491	-0.0035125154234439005113
-2	2	-1	0.020964132791835544956	0.0074066704033970819782	0.01053178159085759423	3.7416732594054832525e-05	-0.020864702401955901451	-0.014738507341606053858
-2	2	0	0.00091679761341721536291	0.011319912702153425363	0.00091679761341721536291	0.011319912702153425363	0.026862752994060094813	0.019525967855061453909
-2	2	1	-0.0022790151062753285019	-0.0037544399632334821658	0.0064024840230275303563	0.0089566919115999458351	-0.017362998258605717716	-0.025422263749666856869
-2	2	2	-0.0010936569809276638909	0.0071002622625925340683	0.0051981478590427399045	0.02398110869098427772	-0.0062918048399704037954	-0.016880846428391743652
-2	2	3	0.0043435882000815162485	-0.0094821811978583574188	-0.0097944485349878030594	0.0018569113803569505146	0.009425357823379545627	-0.0075593950521435377549
-2	2	4	-0.0014639625077368561071	0.0038355072425514447933	0.0090566997950988353816	-0.00047337435324025105331	-0.005260331151417846178	0.0021544407978958480046
-2	2	5	0.0059957329788945428264	0.0015417386416989038288	0.0021890375553765316699	0.00033901668085545007096	0.0015226781694072045927	0.000481088784337381514
-2	2	6	-1.6806488253557597975e-05	-0.0017209407016335373074	-0.0019581974943658395603	0.00046435240381669271948	0.0006471303353707606688	-0.00072843103515007672985
-2	2	7	0.0013304702907056375604	0.00016171619151415911309	-0.0004252102009787489729	0.00098076877651574680302	0.00050162299762411045358	-0.0002340150242861679269
-2	3	-7	0.0011953115844644133983	-8.5722292428114726459e-05	-0.00065224257008306986937	0.00098714320033148773154	-0.00062105012559686238998	0.00044755345512152754431
-2	3	-6	1.7065820203753799035e-05	-0.00010671890101908565311	-0.0011396464535308973177	-0.00035877081124530162994	-0.00057551183350003322012	-0.0001438124386162889306
-2	3	-5	0.0028647730491473742502	-0.0018145507834212647701	0.00089025588514405793687	-0.0022084068538384994673	-0.00061175568857251493796	-0.00059922379893459368563
-2	3	-4	0.0014202908204526286298	0.00099837650984237321858	-0.0072129755377170418421	0.00335813207413056692	-0.0061198770635140960217	0.0020194108006767385807
-2	3	-3	0.0058456904156505562487	0.0093803364805783960578	0.0030951834236756414938	0.018945343065088458834	-0.00080194352009139622216	0.012691785411369529285
-2	3	-2	0.0032947297330016447718	-0.021367676631898487039	-0.00053103451194190986941	-0.004901545831950461854	-0.0040912815009145099554	0.01401535788397279339
-2	3	-1	-0.0049141919792735459793	-0.0021343334326686426439	-0.0037189684623260520213	-0.0023528799461896929973	-0.0013285214284310643221	-0.0027899729732317937042
-2	3	0	0.022881518932894851642	-0.002101367817599536069	0.01525434595526323385	-0.001400911878399690785	0.022416450085976698942	0.011318021326049317044
-2	3	1	-0.0061476637962232395102	0.024191161693851544884	-0.0078195440442900155525	0.022736903324550753608	0.011163304540423565903	-0.019828386585949171056
-2	3	2	-0.012296684369486270139	0.002423678608105855458	-0.0074018344265696081261	0.0026056293192835955873	-0.0011939327296318568653	-0.0014847653708195381397
-2	3	3	-0.00054097496199200553312	0.010499794315416604087	-0.0043105473951188877715	0.0043924890308916211476	0.0039498974204575506772	0.0026073738460527817219
-2	3	4	-0.0013499872739072488539	0.0068028975891827421149	0.00078435415144599259299	-0.003085327551407028232	-0.0012632592505381187633	0.0057154444581466422315
-2	3	5	0.0023944084491541819427	-0.00055519248836221658534	0.0025734952823264307595	-0.0012551363298403731255	-0.00058633378973418578701	0.0005310048025593371978
-2	3	6	0.00050846570787950874475	0.00096143205962987093958	0.00056370587664193608311	0.0010498465656920900717	-0.00011236436902779845545	-0.00020444592963608803791
-2	3	7	0.00089454736840059213571	4.5598534455698779195e-05	0.00057036823901795161498	0.00027159228458746993403	1.1141431392475634532e-05	-0.00010336854069300175491
-2	4	-7	-0.00033890656601167349531	-0.00052478102936373072825	-0.00021603315252569281024	-0.00021740080655247644398	-2.6617068297060599447e-05	2.5708404645365102553e-05
-2	4	-6	-0.00097997180235024055478	-0.0011757144541692490965	-0.00043447014689576910059	0.00086411236366834055529	3.7010502852900798083e-05	0.00096797972716864333007
-2	4	-5	0.00039278598312882876797	0.0026176265628339366424	-0.00091046887931346231863	-0.00043777647784895443389	-0.00088548949670230140546	-0.001397271807412738074
-2	4	-4	0.00078213128673331822407	-0.00055034084254465694651	-0.0025049713851604347298	0.0034203754129953434573	-0.002896037028527093625	0.003695545834267672039
-2	4	-3	0.0098278461706424232597	-0.0032706031535333396527	0.0060938679034333639167	-0.0027843618947959564679	0.0015732597574828694267	-0.001532080424039048783
-2	4	-2	-0.006778110142551266315	-0.0042657211862682318376	-0.0065688475608978898201	0.0031346180912944390622	-0.0063595849792445133253	0.010534957368857109095
-2	4	-1	0.00050636073318302793171	-0.0022338680497096022846	0.0004164330710146946289	-0.00027232563510505840721	0.00065301081769272243532	0.0033784335589989709404
-2	4	0	0.00051852983743986072462	0.0033074860649865665818	0.00025926491871993036231	0.0016537430324932832909	0.010487842557438450258	0.0055237830969601482353
-2	4	1	-0.011822572641531163204	-0.0052997829087386184865	-0.0060881485947961852187	-0.0036790509097129496172	0.00070744909612241598483	0.0041166378213745623629
-2	4	2	0.0027508271522620267313	-0.0020591698159245605711	0.0025536482757840270677	0.0010882087035325247858	-0.0023564693993060269704	-0.0042355872229896101427
-2	4	3	-0.0061038907625744617466	-0.0066923125789268480407	0.00064974023654082631047	0.00046972344284493521699	-0.0049355808237707427671	-0.0050878396430778126056
-2	4	4	-0.0035221764163584773355	-0.00021440313646459626946	0.0012648157160796624429	0.0041828951666015665861	-0.0030259039242589011107	-0.0042900967348338649512
-2	4	5	0.001586473611379076408	0.0015334808032147237249	-0.00059253319828814405602	0.00027006704319848138726	0.0011086160031821459381	0.00039733868672710439098
-2	4	6	-0.00044375958934268880428	6.381702646626367199e-05	0.00060532569231916194194	0.00058076456422394425686	-0.00055147032466033754465	-0.00036590403399387494724
-2	4	7	-0.00048269843063895813331	0.0017873176557844411456	-0.00013867955618800440311	-0.00057497260230026888718	-5.8668376646556955436e-05	0.00083921796010999396166
-2	5	-7	0.00036598252395351484577	0.00059060386124932888995	-0.00035838283710307899162	-0.00026935449813010321589	-0.00036055417620320352138	-0.00036114003044988201088
-2	5	-6	-0.00088354760257600270176	0.0016872679742878820327	-0.0006709633789247179984	5.4530734236093529848e-05	-0.00026462028157859743141	-0.00051698037956588273941
-2	5	-5	-0.00033736193130354003456	0.0016666847069194076509	-0.0022831329631589933164	0.00020570267960849216641	-0.0021481881906375774327	-0.00046097120315927088852
-2	5	-4	-0.00074995327975635505194	0.003579722750645872309	-0.00019346078801397238777	0.00014857342876885401475	0.00013315065486071205481	-0.0016041445893618688258
-2	5	-3	0.00111915094698306441	0.0022716599888131161142	-0.0011642538272176731259	0.0021205150865422389868	-0.0026865236766848315554	0.0020197518183616542352
-2	5	-2	-0.0017940059136157381764	0.0018289564029492617024	9.0954127765428709928e-06	0.00042293774029383759006	0.0018167444455570952531	-0.00077161205221466767305
-2	5	-1	-0.0018691162078500924825	0.0099465168365183726645	-0.00098966145806374163779	0.0055567281477295260225	-0.0012100748746185227903	0.0078906070656108873856
-2	5	0	0.0044736949557335273231	0.0054557175633509870719	0.0017894779822934109292	0.0021822870253403949155	-0.0019776339512881922246	0.0029770481432536181031
-2	5	1	0.006445081915733804831	-0.0026278715706297734074	0.0025688983021825446268	-0.0016004378361563632426	4.5672320554886317913e-05	0.0027464460395222687478
-2	5	2	-0.010057534579607970912	0.008821568327073599225	-0.0027715578912016211946	0.0014194749684557717365	-0.0031286398516039183593	0.0052728809059341703175
-2	5	3	-0.0016216641882050735791	-0.0020489074857293959261	0.00035830469687710050355	-0.0019375955940141948927	-0.0016782839535985499824	0.0018633876662040608704
-2	5	4	-0.0028760301498532286901	-0.0023862456249301271238	-0.00017654919797492981846	0.00035060771439453318043	-0.0012173285774579520584	-0.0016313824554582299561
-2	5	5	-8.3607262516743614377e-05	0.0010033195292746478929	-0.00060227839018212525266	0.00022081516831226426483	0.00056883548517542778522	0.00018051264339759488147
-2	5	6	-0.0002520915625842111733	-0.00070556751236260941383	0.0004698567449596542352	-0.00032551797942259282689	-0.00047557780832778228991	3.6075812064624192949e-05
-2	5	7	0.00015549077112228445194	0.00072999797315507607837	-0.00080215304833344629708	0.00034832515675218504031	0.00061739239770168573892	-4.0232833921539011242e-05
-2	6	-7	0.00022992770614988040033	-0.00015508578818762176082	0.00022641202696467363086	0.00033729538560422529661	0.00012837382135546870432	0.00033342055571437074959
-2	6	-6	-0.00017611547384007019833	-0.00033204953467677746732	-0.00044206490878214452309	0.00011629548833182213349	-0.00038335975083545446602	0.00022697866655741461808
-2	6	-5	-0.00089837324294523516338	0.00063117731075465444927	-0.00030147951565293187133	0.00014244165676153598427	-2.4261216054241571161e-06	-8.1540936188018595869e-05
-2	6	-4	0.00096576402719557904574	0.0010291402499363283638	-0.00044908293016966520372	-0.00020680644595769817683	-0.0011565064088522873827	-0.00082477979390471137938
-2	6	-3	-0.00035715291088155552441	-0.00014004250256502949403	-0.00079793266811965162053	-7.8513074497188229143e-05	-0.0013577633956515994858	-6.3664480617690128936e-05
-2	6	-2	0.00080085360676169516612	0.001187264539576279648	-0.0014805552104114395092	0.00046580195390039054243	-0.0052425192379960136937	0.00021014132212489189801
-2	6	-1	-0.0037073880902125139376	0.0021170695271908327242	-0.000835039787677179326	0.0010575375540657066132	0.0024045374543619521361	0.0021110862700125742307
-2	6	0	0.0011121787551904350512	0.0018148598511943370669	0.00037072625173014496286	0.00060495328373144565282	0.0041569998813709837723	0.0014641707090519548353
-2	6	1	-0.0044940992213614791573	-0.0024664434511144851976	-0.001268649116673018851	-0.00061247867817166190725	-0.0013763037426848456421	-0.0012580148331989989517
-2	6	2	0.00094758245821363867173	0.0028523320565297751762	0.00033239188365601660081	0.00035273890415964760702	-4.9593192754411178139e-05	0.0017941153440508320841
-2	6	3	0.002069164541174115142	-0.0022186495170427515504	-9.0449424848213576364e-05	-0.00012747639465103210673	0.0015603418771458373287	-0.0012241468887264370189
-2	6	4	0.0012313307013511647428	-0.00031747017082376841448	3.0894066962989033542e-05	-0.00032477142602974312484	0.00056932425023109882109	0.00032842205363273045291
-2	6	5	0.0013324152816432917931	-0.00022048098149731609622	-0.00055146140286835884214	0.00041560102413874534496	0.0011947197960993473712	-0.00058691362156542087412
-2	6	6	-0.00038590148453116542449	-0.00056510841236234222746	0.00038735016370334207029	0.00028683903827813364259	-0.00051598399188039717565	-0.00047520850906558105174
-2	6	7	6.3614126214643206426e-05	0.00027133914141456533199	0.00020990224074982267609	-0.00036621268186520138316	-0.00016174074172423566725	0.00039142205343147701019
-2	7	-7	4.2145966835722292352e-05	0.00011791063098623613518	1.5006392408699025377e-05	0.00015658812882475789418	2.9646875984926558311e-06	0.00012289937711440471657
-2	7	-6	0.00022137814063804382042	-0.00016974847213785317513	0.0001870963259964706618	0.00027713288017150705103	0.00014448633344986782745	0.00037990451757937592414
-2	7	-5	-0.00046648008116024737915	0.00052147919566626654061	-0.00022393597931810510157	0.00050646775014682868851	-0.00012691833858124816885	0.00050046317193905352598
-2	7	-4	3.97415859359298595e-05	0.00039989186967490688825	0.00029456737257299320937	0.00018418896802049070311	0.00049562210903477321375	0.00012238475919840529987
-2	7	-3	1.2136228356656211566e-05	0.0001188224686671736954	-0.00038186233197779828955	-0.00014113418886864197935	-0.00089910292685263352736	-0.00040852808647161373973
-2	7	-2	8.1609394278242132601e-05	0.00047804860002170366986	-0.0001039143470463622373	7.3559807381398584471e-06	-0.00044530960894050995637	-0.00045230266743821414708
-2	7	-1	0.0014950915157473966544	0.0015877319533536527439	0.00028971854559406721909	0.00027370142615673967185	-0.00096215321233632288347	-0.0012595539236101278933
-2	7	0	0.00043167900065693590259	-0.0012600693741530279504	0.00012333685733055310728	-0.00036001982118657945313	0.00016794797301057439809	0.0014920606164835776425
-2	7	1	6.0824637867056363883e-06	0.00041341687081687423112	0.00010964504980332368097	0.00013835330120348166612	-0.00075535042104985449744	-0.00014163936679062317354
-2	7	2	-0.0016612978710982388448	-0.00053769351788937537646	-0.0005415196150433568105	-0.00038485487845710389171	0.00023402078155351012747	0.0008092985567104882174
-2	7	3	0.00030989614142491760974	-0.00088659170185535415842	0.00011408253510102927869	0.00021707280266157217489	-5.9595154285789908187e-05	-0.0010975643407805711713
-2	7	4	0.00033459849719207795157	0.00023612398975249732904	8.9305417831995741076e-05	-8.3562469511419621825e-05	1.1014767390046432288e-05	0.00026429631652123301627
-2	7	5	4.8105333109371054381e-05	-0.0005094705404810524231	-0.0001448212358606892707	6.3854772875707025738e-05	0.00022199186344871340345	-0.00029318489821841077275
-2	7	6	-2.6395440936320164896e-05	5.6989361782408494211e-05	0.00041416890177193254035	-0.0001036389906401734756	-0.00049199553237936136107	0.00013990860967433855068
-2	7	7	-0.00012386695476929951995	0.0004198054632131334148	8.0254269904940785216e-05	-2.4157149579908927215e-05	-0.00011564482841045493184	0.00014410156764080417455
-1	-7	-7	-0.00018237893349512776281	0.00025250842831522598078	-9.9452597820190563583e-05	5.5001050807938718428e-05	0.00012550673117663738491	-9.1073683424399578634e-05
-1	-7	-6	0.00044222434567470491089	0.00062662987923389062983	-0.00036767052178294362935	-0.0002274121939206320722	0.00035524488446765010953	0.00016087591303508896119
-1	-7	-5	-0.0007231915118470431383	-0.0010225619260907678303	-0.00039972876029493065609	2.6622037687775968834e-05	0.00070425856678231154619	0.00016724153245526720765
-1	-7	-4	0.00087881913784679905558	8.1914621441701255394e-05	0.00018069849793538270166	0.00020977425615802296264	-0.00053592715584861955278	-0.0003875836036369654917
-1	-7	-3	0.0013186282736035621899	-0.00061041770815263162071	0.00026076347467152372278	-0.0002144176413886663302	-0.0010479908654347426956	0.00070378039929109865308
-1	-7	-2	0.001320868837752968341	-0.0013299259865963044668	1.3329598957972262278e-06	4.5514646353135772923e-05	-0.00066509977851177441103	0.00050566173106217707223
-1	-7	-1	0.001737037004740703142	0.00062386315183988344003	-0.00012804316433277733293	-0.00034764414818935616578	-0.0008407348544112618928	0.0018096458854856096662
-1	-7	0	-0.0014704258406271822606	0.00028703391895279283625	0.000210060834375311767	-4.1004845564684686053e-05	0.00049070564190115606093	0.00046070874129157380044
-1	-7	1	-0.0016888330948032651089	0.0029348852468994912276	0.00030613818415687411899	-0.00048816467911022912163	0.00045413419429485372405	-0.00048226750687211256954
-1	-7	2	-0.00010951921247076327971	0.0020200819024284335894	0.00018141953546304377004	0.00014144680853344881164	0.00058020876788527156204	0.0015051047810812874864
-1	-7	3	0.00047551354368898256014	0.00047037509410410534901	5.1004618413067746681e-06	7.5226573098030445228e-05	0.00017040559219270998213	0.00033232036859677283091
-1	-7	4	-0.00084346504014687958412	-0.00021186690888750988487	0.00014489709537025090009	0.00065666778370483095024	4.2703656861219179135e-05	0.0010962018942615766714
-1	-7	5	-0.00040582001553302271763	0.00083712408018914294047	-0.00064152219148488898171	-6.4401353863357611146e-05	-0.0009792950711854490637	7.7262920629127924358e-05
-1	-7	6	-0.00048542319243161043173	-0.00050645441862587391516	1.8657289147489359508e-05	0.00015021505777221120679	-5.9137028066530815808e-05	9.0841830963267413031e-05
-1	-7	7	3.6484768401571827815e-05	-3.1374787616070963405e-05	-8.8194581894324313473e-06	-4.7777198709547094363e-05	-3.6073484177793134511e-06	-5.2259311226128665404e-05
-1	-6	-7	0.0002759630127280515233	0.00025116216240941537574	-0.00021704198474818957873	-0.00028462094471767135622	0.00014661269939444083825	0.00020808050084237324391
-1	-6	-6	0.00059679212828511849116	-0.00079222517561478326617	0.00016769344710652647995	0.00026634094636075370628	-0.00026715880182071288611	-0.00013430341709162317999
-1	-6	-5	-0.00038903211241693506613	0.0013726171516571161399	0.00012875320282275856654	-0.00027475937621799508773	-7.6697420903923274756e-05	5.5187821130170903051e-05
-1	-6	-4	-0.00013033077403553554405	0.0017871033978456318282	-0.00014817336787668812948	-0.00026641791409752203475	0.00025484274532391610734	-4.7148978315124898152e-05
-1	-6	-3	0.0014440828780177131837	0.0018773424384550844654	-0.00034349029900262247235	-0.00018341680720409923736	0.00020561963866600724391	-0.00025894719841016306796
-1	-6	-2	-0.0011491297547460493315	-0.0033794320460732813968	0.0010391964850667773698	0.00059097813535571332415	-0.0025430245778273077688	-8.3218383030499368919e-05
-1	-6	-1	-0.00097068772361002695834	-0.0007383110430121506574	0.00083539916757047086131	-0.00037001334874456332088	-0.0040417072818127982095	0.0029583911354795306911
-1	-6	0	-0.0017804192717720121117	-0.0042383381761086644582	0.00029673654529533533388	0.00070638969601811074303	0.00013436834545238381935	-0.001511124681529065145
-1	-6	1	-0.0027055709486957144581	-0.00083167267644453145379	0.00062373354462273472749	0.00018481961207955687268	0.0010368303190406939068	0.00027724499603280972808
-1	-6	2	0.0034973824229901574918	-0.0025585675947375373027	-0.00021982516234160084565	-0.0008280621504313241503	0.0010892157244702762361	-0.0037634702486627411022
-1	-6	3	0.0014736268113685023484	-0.00012779938477606951402	0.0010049804816359047058	-0.0014446072237225412397	0.0025011699003946435277	-0.0029318142423704392913
-1	-6	4	0.0014862174362312915044	-0.00053173569486539989676	-0.00057135523210177546934	-0.00059348101183295841939	-0.00048547848909484038211	-0.001023155441465787522
-1	-6	5	4.5005202555242110709e-05	-0.0003594482718525500789	-0.0010451147102495093617	0.00044533563766628228965	-0.0012451366117883627942	0.00046251311082902874265
-1	-6	6	-0.0010053055041265655366	-0.00066995857735004311125	0.00022614941112903693505	2.5836652013457444161e-05	5.8598493774609352388e-05	-8.5823110878216420138e-05
-1	-6	7	-2.512709522612911132e-05	-0.00031539205820770282312	0.00022651612580671260646	-0.00027431786263232152759	0.00019056709423059237075	-0.00028018560485737600612
-1	-5	-7	0.00053466256445094538681	-0.00054527264775448629989	0.00031420226585855644047	0.00064837200500098869649	-0.00030081055624910394905	-0.0003852267681786367636
-1	-5	-6	-0.00072670948065626118223	0.00045056220514603628063	0.0007461032494552183314	0.00095215389986293033457	-0.00050063446110330507913	-0.00086855528407678132558
-1	-5	-5	-0.00072985476626018697035	-0.0011537635803108572344	-0.00057523397191677045313	-0.00075448165834046578958	0.00072120492516880780384	0.00098523437440263734489
-1	-5	-4	-0.0014972026341557730274	0.001901673191034066162	-0.00081094418167416981464	-0.0010001536194875757565	0.001387980885631655498	0.00077477372660095320932
-1	-5	-3	0.0062869679994039485635	0.0057722704229716797347	-0.00041476927683299570811	0.00086507016456572715778	-0.001404373871746323341	-0.0033658737486001052107
-1	-5	-2	-0.0063846898158924064032	0.00060164764598079627407	0.0019210559325985184474	-0.00058294745524632739838	-0.0016102949235500927001	0.0011565448151254205215
-1	-5	-1	0.0018843103374947070289	-0.0034334349359546271346	0.0017159219845316918754	-0.0025758182143237541746	-0.010463920260153166189	0.016312526007573397574
-1	-5	0	-0.0067838371204272784193	-0.010554899988314976264	0.0013567674240854555971	0.0021109799976629954263	-0.0070072514572155492063	-0.0015087084938708516472
-1	-5	1	-0.00032359598919075001702	-0.0053985861137694881109	-0.0021008764054898845103	-0.0003034770257281031009	-0.010827978016640173869	-0.0069159712424100043202
-1	-5	2	-0.0070236748965085329249	-0.0039873639235711837853	-0.0001021087207094188129	0.0016054842579705263551	-0.0037671092500278133795	0.0020200286831407237784
-1	-5	3	0.00055293086281466062668	0.0038821139327345419168	0.0014610685914833549618	-0.0016470002199511139893	0.002619424606743811848	-0.0014509623890070091987
-1	-5	4	-0.0013849655318739805595	-0.003445284592629064592	0.00090624505217425652733	-0.0038822882401954267144	0.00078656493224932549219	-0.0057141814484015498662
-1	-5	5	-0.0018920650741739422282	0.00079813716174694708614	-0.00048337234490264868389	0.00043171001620913470025	-0.00086178535973743710785	0.00059133744855852413917
-1	-5	6	-0.0005316165902483587077	-0.0021940591301277479266	0.0013909573667120833998	0.00067560317593672882495	0.0010705283738853431028	0.00019732612492598267258
-1	-5	7	0.00018743414259680729519	0.00060126728390524062685	0.00037803620690128841679	-0.0002466670217015436129	0.00029680216815760706965	-9.0295403514639645563e-05
-1	-4	-7	0.00027400603442717072792	0.00027419780225285708642	0.0004858106043546943126	-0.00036286031706282798363	-0.0003167497788351353945	0.00016817763799977926789
-1	-4	-6	0.00018650191275210777769	-0.00092703492398907977583	-0.00064319234726951111155	-0.0015176844792017887571	0.00039771124605432277808	0.0011662954734660390798
-1	-4	-5	0.003547266484443740639	-0.0008821326132316285526	-0.0023766419423894009737	-0.00024992864731537622414	0.0011918602570227727379	0.00037636944049862671152
-1	-4	-4	-0.0053836326700372055809	0.0011237378647939869417	-0.0056264860501833539874	-0.0025915997030912896019	0.0069723942176926553826	0.0023106652368927930834
-1	-4	-3	-0.0043828103151385949116	0.00511153257028416734	-0.0042976730148826585917	-0.0019761286164843893179	0.0071911674582230767153	0.00093099396521779682456
-1	-4	-2	-0.012840231915489276962	0.020922487499516206205	0.00068505751954956708907	-0.0044976008867204861352	0.005050000918645504086	-0.0014660419763171306153
-1	-4	-1	-0.0059873262260409032889	0.011817001934278882277	-0.0012705379135206566581	0.00098548337470053632911	0.011069477880123530789	-0.015758935433081027594
-1	-4	0	0.014261645123425523152	-0.0017693673270839250372	-0.0035654112808563807879	0.0004423418317709812593	0.021512515890302869037	-0.017172853938544653529
-1	-4	1	0.013913478168244210187	-0.017198554719774175603	-0.0039425916838601599707	0.0042878229954724693743	-0.0018568885671964303462	-4.7262737884299088631e-05
-1	-4	2	-0.0047051029235627463143	0.0071631536389853327565	0.0046095137160756874395	0.00096037146433577112465	0.0068664759703700025892	0.0055023197481642088444
-1	-4	3	0.00060787280300103423408	0.0021057628393145173644	0.0043622898844115683831	-0.00088934192785194402138	0.0060190107802157695807	-0.00048386829069775296125
-1	-4	4	-0.0016055657977236898262	-0.004037038010020179736	0.001456751216685544777	0.0024970861161109133425	0.0010553597672546223205	0.0014878266136058686253
-1	-4	5	0.0021855734608531140334	-0.00066752986998073300055	0.0033389174778924789015	0.0010251492720674232166	0.0031082486744846058412	0.00068661344365779190813
-1	-4	6	0.00076354637354792353424	-0.00040467851787114977576	0.00013179033580626363874	-0.0017151831966120769952	0.00021511795279549633013	-0.001210901884053242842
-1	-4	7	0.00060909665293662409048	0.00050549808585612500227	-0.00046769498217580471496	-0.00083276957657789168164	-0.00018024046796665641498	-0.00040365431720792023084
-1	-3	-7	-0.00067607823335829448069	0.0012848515893024961727	0.00033038963981617182905	-0.00068759504245439475537	-4.5012955155745866781e-05	0.00011113336258009830486
-1	-3	-6	-0.0014096965833359713198	0.0028620731122687512876	0.001338466108637382905	-0.00071910315017036856126	-0.00043428362376269626869	-0.00011746061029294094301
-1	-3	-5	-0.0020409289557094356486	0.0024542501748857086137	0.0030673925950228373739	-0.001897288124857366429	-0.0014322497658718154247	0.00064752283993727802625
-1	-3	-4	-0.00032085800772579345808	0.0069286843925657169707	-0.0053194479170936177781	-0.0069389735144379889251	0.0040698004397516614541	0.0034720590376870622343
-1	-3	-3	0.011872392681541690113	-0.013804236520938510321	-0.012062780393981432925	-0.0013714691955165475568	0.008105316166800869554	0.005972881369162717953
-1	-3	-2	-0.011992532546396443907	-0.018796382308733716043	0.012409001423965160954	0.0035467367340991538469	-0.012617235862749520345	0.0040780860532181268177
-1	-3	-1	-0.0038557099516087628421	0.013052873884125324594	0.0096114200560081086006	-0.0030681074526948191698	-0.024978550216415561225	-0.0038485515260408675181
-1	-3	0	-0.0040942068267492710137	-0.0020191439784362267239	0.0013647356089164237435	0.00067304799281207557463	-0.015306942139947888812	-0.017843855175966857884
-1	-3	1	-0.0024713359456812666534	-0.011666248417904884899	-0.0027659555541617573439	-0.0019325358830005621904	-0.010769202608166538251	-0.017463856066906570386
-1	-3	2	0.010148115808614518313	-0.039010208829650082352	0.0056536187037117147797	0.0096055853440639282076	0.013554485959874832193	-0.0050967263987291479971
-1	-3	3	0.017655291186956727917	-0.012072310278786737778	0.0040004594049794471589	-0.0044899174244047521803	0.0098855564672983564645	-0.008514020850666997528
-1	-3	4	0.0064935142032939178677	-0.0064574207627001436668	0.0023187208441675048048	-0.0029617570269287640979	0.0033624191839491082874	-0.0038356729608716088817
-1	-3	5	0.0018375220866252634563	-0.0021458301539129588133	0.0024923592844701483728	0.00046897905033943662265	0.0018629199880071415849	-0.00014777860057892978907
-1	-3	6	0.002139718809933366557	-0.0032089208929311306001	0.0052713152021275208256	0.0017627430850791613731	0.0029922774027193212165	0.00034655139371772558654
-1	-3	7	-0.00048390537827402117918	0.00057332465656096331334	0.00038992946874189806598	-0.0018532118924069408868	9.7983289707381863694e-05	-0.00071233014580855138174
-1	-2	-7	-0.00029192776902199754283	-0.00098019238936171470059	0.0011341410422366731119	-0.0014542879992466978267	-0.0002823363307787640818	0.00055553834112215857554
-1	-2	-6	-0.00088782166811752778312	-0.00077085935875029589544	0.00046221694668642358296	0.0029796269900159021334	-6.1020375425532245376e-06	-0.00086473243688025126872
-1	-2	-5	-0.0034418525092828012799	0.0036667777939587546145	0.0002475802898507991354	0.001090359659107598524	0.00058933838591624060181	-0.0011694994224347903325
-1	-2	-4	0.013518863609529455441	0.010564079627204727915	0.014041622789071374344	0.0040794003481389130503	-0.010400527296918050599	-0.004680720080870638504
-1	-2	-3	-0.0025682768500465856173	0.0024653983815042064195	0.010467171385127246874	-0.0093650993483050341132	-0.0061220219734026354655	0.0054216001050352872689
-1	-2	-2	-0.037349094211008772304	0.013382485887954549686	-0.0014403661084591938817	0.017855348616298751668	0.020114913213963581118	-0.024546591560276026511
-1	-2	-1	-0.021660528666380077928	0.024628792732841710972	0.0025757193214369904916	-0.0020964288912436561396	0.016509090023506096945	-0.020435934950354398693
-1	-2	0	0.026249433904875094092	-0.02565600077776110377	-0.013124716952437547046	0.012828000388880551885	-0.025392254412643231604	0.0086687271213514716095
-1	-2	1	0.029601836598029850761	-0.01402393424382207196	-0.0094503604314833487138	0.00099169658129257204707	0.010701115735063151599	-0.012040541081236928733
-1	-2	2	0.018832132529744992355	0.0024889195255572908565	0.011866053556942349548	-0.0087877422001143533359	0.021282119821814843991	-0.0075432824373357068234
-1	-2	3	0.009115295700456736705	0.0071905278636303594439	0.012980934042995537214	-0.017823677517900048811	0.011692387928815935888	-0.0094856090573899130153
-1	-2	4	0.0018306191008488372201	0.0025766970687154029142	-0.0014073888098517068311	-0.011426329919250093406	-0.00024603962971364416474	-0.0050689906924461965165
-1	-2	5	0.0046760303228700608388	0.006815028301000271467	0.0019678306919508736089	-0.0025665759038428419096	0.001722338341354361568	0.00033637529866291756208
-1	-2	6	0.0035360695271361777814	0.0049689875227238115146	-0.00062836334920556285045	-0.0032282958554760592985	0.00037989047145417536482	-0.00024793403137138460409
-1	-2	7	-6.4633606690964111687e-05	0.00063166001429979955119	-0.00086222957388048648147	0.00079177421584494778965	-0.00025558467920741958015	0.00031645834942709932759
-1	-1	-7	-0.0021203643879088331092	0.0018216496054468758487	0.00032188055667041622597	-0.00056982789965725295575	0.00025692626160548812618	-0.00017883167225566040941
-1	-1	-6	0.0029306669392208449347	-0.0017207037999964623805	0.0030058960594330297669	-3.1805564035921475412e-05	-0.00098942716644231237799	0.00029208489400539729012
-1	-1	-5	-0.0094004493832308810147	0.0029295184854541381388	-0.010952601102175938894	-0.0024102549987214368435	0.0040706100970813643286	-0.00010385269734654024821
-1	-1	-4	-0.0022421154236932894742	-0.0033622421870195700645	0.0066002490802567360256	-0.014329644427149425961	-0.0010895334141408617463	0.0044229716535422493318
-1	-1	-3	0.0065114342654034925578	-0.016190174366966427616	-0.0011011869492847708909	0.012319936153498656575	-0.0018034157720395740335	0.0012900794044892578086
-1	-1	-2	0.0066979405250012476539	-0.027296290974947574892	0.0066798823324376770463	0.038674149939632189443	-0.0066889114287194623501	-0.0056889294823423064082
-1	-1	-1	-0.041399940495930855067	-0.011475474282992130862	-0.015226723015482253668	-0.038731805335394497991	0.056626663511413106999	0.050207279618386627118
-1	-1	0	-0.02408717330090124481	0.043355482753658157458	0.02408717330090124481	-0.043355482753658157458	0.047803467941759165971	0.077451913433907906836
-1	-1	1	-0.026848539078186305779	-0.059411892798761627155	-0.015886436815745121065	0.084163372550302456565	-0.042734975893931430313	0.024751479751540825941
-1	-1	2	0.040400466914201974	0.031061772692645275851	-0.0058577755138038778773	0.0095992966428818903013	0.017271345700199048495	0.020330534667763581341
-1	-1	3	-0.020212005740163789536	-0.023796522671249056846	-0.0045924013976645213994	0.0095779627836627551085	-0.0082681357126094378457	-0.0047395199625287660894
-1	-1	4	-8.0774027154237215318e-05	0.012167414026802835653	-0.0042116834260033436318	0.0045175184858250588826	-0.0010731143632893953236	0.0041712331281569736338
-1	-1	5	0.00098434709175056677929	0.0014774128978316800921	0.00015274235609424052936	-0.0019827427959426334285	0.0002274178895689614292	-0.00010106597962219061307
-1	-1	6	0.00039842958945233818016	0.0038390274946620908669	0.0019690652457885963848	-0.0026351250745200015951	0.0003945824725401557518	0.00020065040335701483346
-1	-1	7	-0.00049497494081545572765	0.0016329747767314631464	0.0010167975837402289541	-0.00055152274346175790554	7.4546091846396198444e-05	0.00015449314760995790704
-1	0	-7	0.00017097422115293936539	-0.00078375589229016235076	-0.00068209411143902310814	0.00014023860222143864581	-2.4424888736134194088e-05	0.00011196512747002318716
-1	0	-6	-0.0040231504709492887581	-0.002226631954294748441	-0.00065550387776135306522	-0.0046131064733867001293	0.00067052507849154816249	0.00037110532571579140683
-1	0	-5	-0.0076142483487503329759	-6.8240866592723266112e-06	-0.0023137413888469978047	0.0019807635036976473618	0.0015228496697500665518	1.3648173318544653646e-06
-1	0	-4	-0.0043119444787324129331	0.011644427453309846854	-0.0011139075101870901923	0.018217643289367865117	0.0010779861196831032333	-0.0029111068633274617135
-1	0	-3	-0.017085828278841020539	0.027726011710466565846	0.010654263790900219203	0.0037558647877665531957	0.0056952760929470068463	-0.009242003903488855282
-1	0	-2	0.03116850933449590022	0.022720845577040595792	-0.043484228498491976633	0.001814506647171581534	-0.01558425466724795011	-0.011360422788520297896
-1	0	-1	0.0006282542510254575472	-0.039685812964413744175	-0.043929846161351752964	0.093305237441929422815	-0.0006282542510254575472	0.039685812964413744175
-1	0	0	0	-0	-0.071456197174613239609	0.12342683973663119701	0.097314769406830717302	0.10498305570740995574
-1	0	1	0.032233157200879075654	0.015371799413642313337	-0.024569220010780379315	0.024441410142147110274	0.032233157200879075654	0.015371799413642313337
-1	0	2	0.020014647408525751415	0.028358294474758863335	0.031838273893431037753	-0.050283448481293874233	0.010007323704262875708	0.014179147237379431667
-1	0	3	-0.00042930394075459582569	0.0015418976891543069441	0.0002947339866092415551	-0.01918862445238740666	-0.0001431013135848652662	0.00051396589638476894522
-1	0	4	0.017049392648636370329	0.0069153465777652654844	-0.01472425875649856393	-0.025501152771979486433	0.0042623481621590925822	0.0017288366444413163711
-1	0	5	0.0020408166448416592206	-0.0015549298921432759546	0.0011513171312434841882	-0.0025931298235798562295	0.00040816332896833186581	-0.0003109859784286552126
-1	0	6	0.001226661135422480722	0.0040690546878212477747	0.0010593918461506016473	-0.0026473136915843528162	0.00020444352257041343559	0.00067817578130354133192
-1	0	7	0.0016052990605680264244	0.0014377135775293910323	0.001596802946632769598	0.00019318155379152558248	0.00022932843722400377104	0.00020538765393277014747
-1	1	-7	-0.0006875454835043175476	0.00061132952113403227733	-9.6056553837346511497e-05	0.001868662532112586299	8.4498418523853001286e-05	0.0001796190015683648525
-1	1	-6	-0.0016835818594213851525	-0.0043718630400825511315	0.0044060937492908236468	-0.0024986574047113031469	0.0010149459347853682055	0.00031220093922854134883
-1	1	-5	0.0050461564762094776593	-0.00033121101720402031012	-0.0057160828796367687404	-0.0027460962352200955251	-0.0021524478711692491932	-0.00048297704360321510805
-1	1	-4	0.0094877594312070632349	0.0026416722657652182832	-0.00088169495621705283681	-0.0079016900334043134457	-0.0025923635968560288824	-0.0026358405747923829322
-1	1	-3	0.0017762451655849527312	-0.0047887270723261264257	-0.016734012149531105745	-0.0039144805787511127021	-0.0061700857717053537652	0.00029141549785833778139
-1	1	-2	-3.0298171366118086954e-05	-0.039736943351980684447	0.026003323323685465646	-0.047608872028801096921	0.013016810747525791453	-0.0039359643384102071043
-1	1	-1	-0.040105064626020182905	0.011450599585336406622	-0.022408467807220597279	0.0013818975455046694171	0.017696596818799585626	-0.010068702039831737421
-1	1	0	0.074765334947300102209	-0.068529945500494751642	0.074765334947300102209	-0.068529945500494751642	-0.018161816358261882731	-0.080330524787358942307
-1	1	1	-0.021105589335190185624	0.051702264379202368672	-0.053480755113929460964	0.0026781649172237438107	0.032375165778739271871	0.04902409946197862356
-1	1	2	0.019144330625166339904	-0.013756332060075425125	0.02191295288149100115	0.02277818344890014321	-0.0013843111281623304062	-0.0182672577544877833
-1	1	3	-0.0075333217272564754682	-0.030659756626000303492	-0.0054525959119727024013	-0.03136107899384153741	-0.00069357527176125790581	0.00023377412261374363642
-1	1	4	-0.011929870986280692938	0.019354586948403827706	0.0082985922427254582567	-0.0026976767468983395976	-0.0050571158072515373649	0.0055130659238255413923
-1	1	5	0.002945746668082601348	-0.0037229972056341260715	-0.0029875696151130596949	-0.0077061255488076732187	0.0011866632566391321652	0.0007966256686347094728
-1	1	6	0.0026256341096296030926	0.0011304817173227650097	-0.0010279298045350784407	0.0010301630348447843484	0.00060892731902744692222	1.67197804129967622e-05
-1	1	7	-0.0014368506373418229137	-0.0010135369698179024119	-9.7092624139429766546e-05	0.0015639306617421465904	-0.0001913940018860561755	-0.00036820966165143561048
-1	2	-7	0.0020973880743447156569	-0.0011182028509442401999	-0.0011504225699218474654	-0.00027316715803140290044	-0.00062831903059834440066	8.1695504983062062804e-05
-1	2	-6	0.000481700366288806631	6.6338835585935202127e-05	0.001988797565718454334	0.00012975155851396893134	0.00058264912752468360057	3.2194046907000436651e-05
-1	2	-5	0.0062377830610397099614	-0.0092713312087862910504	-0.0019915470512886002986	-0.00023474794028240621104	-0.0020441754327233819383	0.0017603670656442956498
-1	2	-4	-0.0035539837020360626717	0.0015477055965623502144	0.0096527404556044880957	0.01327726214854651858	0.0057148661533112593905	0.0062517046751326714113
-1	2	-3	0.0025858481934346233197	-0.016752388837003567151	0.030449677121295589538	-0.0061081900860106685264	0.01943783534971885163	0.0015120028883274104665
-1	2	-2	0.01646763831599060493	0.010611351688106285263	0.0058800597570004423456	0.025900562142241109753	-0.0023537594009948609869	0.020594886298187967122
-1	2	-1	-0.012045943220012247932	-0.030336417606255328128	-0.0049901288776220764989	-0.0076544007982298550505	0.0020656854647680936328	0.015027616009795619761
-1	2	0	-0.013106930390868253705	0.0025360500690577874629	-0.0065534651954341268526	0.0012680250345288937314	-0.050338246855400281543	-0.010442972109472705225
-1	2	1	0.030829950644201107451	-0.028194118951142575075	-0.0015402856993534529313	-0.027238246438137440203	0.033910522042908015916	0.026282373925132305331
-1	2	2	-0.016132363857576249855	0.011130257963252980155	-0.0012486288498466686231	0.039538435025389381816	-0.0068175530789414563043	-0.033973306043762890871
-1	2	3	-0.011646258135053353527	-0.026143514496220043863	0.0024167772136877941833	-0.024420443299537970827	-0.0054932708541429809204	0.0075657907009519650629
-1	2	4	-0.011077578776069293282	0.00065593103208375482058	-0.0067929342009594145119	-0.0018604424330689046507	0.00062707240646238361029	0.0010942039745553910034
-1	2	5	0.00032639012640466453759	0.0034831599841519287827	0.0035280952235621438132	0.012539475909298946482	-0.0013459600641439245419	-0.0043191583668891926628
-1	2	6	-0.00042228279251935033674	-0.0020939758590583579592	0.003043294548094415547	-0.00017227606887383435847	-0.0010848119814513635176	-0.00029157062021844821608
-1	2	7	-0.0029601441472441357775	0.0012321376389524049937	-0.0021071248068133627968	0.0023615360956051353707	0.00017915792376894140617	-0.00049870493603683797943
-1	3	-7	-0.00030359966163397101788	-0.0012367401519415722327	0.00064457802338198691948	0.00096823218440847532915	0.0003196191045399902615	0.00059163381502385682664
-1	3	-6	0.00047082101889564433733	0.0028586473455338152865	0.00278901633880257677	-0.0050052847806050940541	0.0013160379995853478067	-0.0029790836145581829804
-1	3	-5	0.0026734665063345088194	-0.0088927260615845969	-0.0065494604211924142834	-0.0026418318312939875064	-0.0044643695539823505941	0.00019344611354052686529
-1	3	-4	-0.0048410384922569701938	-0.0074340671890354148577	-0.00045093422359933083964	0.0085713044086858508619	0.00087205895536474433739	0.0082869951037732418608
-1	3	-3	-0.014026622104710831027	0.0045155390568317492136	-0.008721599173627454446	0.0021405102363554451804	-0.0040460584720571762807	0.00063533055074486207304
-1	3	-2	0.019595900869778037218	0.0039420002204607366633	0.010055216553028416965	0.021769501355307162294	0.0052848743946536068383	0.03068325192273037641
-1	3	-1	0.00094809957071044070193	-0.008902674586361203693	0.0037947293020152246187	-0.010270005377125671422	0.010436088335335233154	-0.021907341545015810574
-1	3	0	-0.014738251173682012304	0.0096471357117094633238	-0.0049127503912273374348	0.0032157119039031545858	-0.011831195358118969455	0.01800780648524093544
-1	3	1	-0.022966512734240947247	0.0087077634348053014474	-0.016381660389344878531	-0.00078975811600875034553	0.026178468433793691816	0.011077037782831552701
-1	3	2	-0.017092035749809685041	0.0089644701999999128889	0.0079749424383285059253	0.0037065720389932461237	-0.020508431532397602276	-0.0010776229584899125243
-1	3	3	-0.0023683529344754776849	-0.0044939860500305102778	0.0034713805964879636615	-0.0020740865282053268584	-0.004260831574646455934	0.0005760911781951565851
-1	3	4	-0.0083404377916764613904	-0.00039423828640360053131	-0.0044387719918355739504	0.0087483220772713535945	0.0012439695459575646815	-0.0066598011295544157218
-1	3	5	0.0028602342825719611827	-0.0014512078928711697259	0.0020127259751320969623	0.0044069701107887467376	-0.00063558872856486607096	-0.0029344236450474818143
-1	3	6	0.0015700735542737364551	0.00011367669711001618371	0.00028533929442541494312	-0.00089940382818682294841	0.00011900927849958194214	0.00046864803027841416471
-1	3	7	-0.00028877701304251622138	0.0012281531759947537669	-0.00096371225877883172871	-0.0010817457997951039021	0.00037176568047056843128	0.00063905579648286644969
-1	4	-7	-0.00078761055966185549056	-0.00072411383933874615398	9.4078577976441164939e-05	-0.00050166437891676664285	0.0001662749816525171682	-0.00018322052518976003252
-1	4	-6	-0.00026916879393435697325	6.2880987516021635649e-06	-0.00084023871724042383316	-0.00081645474253125792895	-0.00051529767917122301472	-0.00054535117814610563174
-1	4	-5	0.003694680079281261343	0.0016781186812512257148	-0.00028622730321701308478	-0.002948921522913341281	-0.00096791785842986267138	-0.0026947609545809182545
-1	4	-4	-0.0044333096942619845682	-0.00025223439588507531612	-0.0026325489395745880171	-0.00064552663126350023903	-0.0015242215160090916582	-0.00058246803229223143711
-1	4	-3	-0.0052714200381309842328	0.0053981454557372006084	0.0020113510208698190916	-0.0032131935453462690498	0.0044389413738700868664	-0.0060836398790407586468
-1	4	-2	0.0093565217650793588294	-0.0032791724586743089404	0.005828623491008232127	0.0059458893543040550536	0.0069789860994767848393	0.01353136493794526371
-1	4	-1	0.013855482443344566482	0.013211141378673969815	0.0057921122577472700099	0.00057532563318974435512	0.0093129665876445152928	-0.010909838845914992395
-1	4	0	0.024047806977423567126	0.014712853514199791816	0.0060119517443558917816	0.0036782133785499479539	-8.5483293230582943815e-05	0.0097065826680428554663
-1	4	1	-0.0054797757371390703671	-0.00723429385447116758	-0.0016401998118047566178	-0.0031796286335535879457	0.0010810235100799565379	0.0054842206797431833354
-1	4	2	-0.017000632432922768711	-0.0011523568136849330137	0.0016575924770478186153	0.001159343367663742512	-0.011815501170557020719	-0.0028948651421699515308
-1	4	3	-0.0080396663649734984719	0.0044053758435617868319	0.0033943286206125520763	0.00036030047637050931263	-0.0072056602824745689256	0.00098805797935991638258
-1	4	4	0.00050615360472674553009	-0.0028913251973321282134	-0.0019667944361726596297	-0.0028965457693050592619	0.0020933328373543458496	0.0021737144699720272085
-1	4	5	-0.0008710602184232663428	0.0023702329002210716265	-0.00072187783882415596914	0.0024600590279151013373	0.00040329022737467149591	-0.0014940006422878666578
-1	4	6	-0.00071757994439843118383	0.0013275154862288306677	0.0013594622618214831974	0.00026450665485348590902	-0.0010259048319473940136	4.4914811135814491721e-05
-1	4	7	-0.00078039256918490437342	0.00048322414934532590802	-0.00073111603914001476769	-0.00060837406228778122871	0.00030629594105359349721	0.0004166743426423501098
-1	5	-7	0.00060870324022843625388	0.00029031862725388378347	-1.8517910268523889622e-05	-0.00033789427599495674807	-0.00010018468451015080634	-0.00028282714388980966175
-1	5	-6	0.00023572881214005211186	0.0010974971880015000139	0.0010224306853883775165	-0.00079603576514370095237	0.00081273743580030589819	-0.00084627933562000077789
-1	5	-5	-0.00074615257786669810392	-0.00016562809243096269845	-0.0015056599854138064468	-0.00035410602485535982303	-0.0013564294698404668043	-0.0003209804063691672725
-1	5	-4	0.00038600242325127043881	0.0017883213244304172612	-0.00079065985706286434371	0.0013227944845005043528	-0.0010848254271413979716	0.0012064127745180261257
-1	5	-3	0.0043586368268919159843	0.00025121807358176220359	0.00045515664474830695328	-0.00038740006111468155026	-0.00069428453438346053248	-0.00072940612638505665163
-1	5	-2	0.0025834883908072161195	0.009061350311587298631	-0.00011829054706775988842	0.0014699772463342833991	-0.0015874705630730078215	-0.00085573203995794049244
-1	5	-1	-0.0071372211191254751259	0.0022408496450011783883	-0.0018996839921982832701	-0.00035066753153168962959	-0.0023611988418659416583	-0.0039941873026596262652
-1	5	0	0.0071536986577348362151	0.0074456677619622558748	0.0014307397315469671997	0.0014891335523924511316	0.0030181952653192184108	0.0039446312358517986868
-1	5	1	0.010618932431443458414	-0.0047087465203578572626	0.0031324919694192968414	-0.0012021481556846289225	-0.0050435274156530249257	0.0013019942580652869163
-1	5	2	-0.0086028182888370791775	0.0067350128758789182953	-0.0018603381621249200518	0.0028949559599283770754	0.00034943626089376097436	-0.003869883461881483324
-1	5	3	0.0014458443277177808126	-0.0031138095599092230868	0.0042822818907136666472	0.0014119474576273682766	-0.0066551883752835171854	-0.0033911822826820214177
-1	5	4	-0.00087895186666957485916	-0.0038796946862870891615	0.00063588312583328125086	-0.0018468662536284519669	-0.0010145918739589952513	0.0013386591454637927767
-1	5	5	0.00045109739246850411466	0.002652216625080387833	-0.0014485339021217389678	0.0016781137118191432993	0.0015387533806154398992	-0.0011476703868030658628
-1	5	6	0.0011227143575818403567	-0.0013909442414978825334	0.00066586162632703896607	-0.00069271237563215998408	-0.00036776562900889243034	0.00034543627277715287975
-1	5	7	0.00028280334228093545641	0.00054001971355445508704	-0.00021229080707166927662	-0.00030341856059824356788	0.00019203676823418311219	0.00029387321664938186212
-1	6	-7	-0.00022761986801981512777	0.00030977519266690769096	-0.0001680879091301681796	-7.9490069134641072493e-05	-0.00011155822668017057007	-0.00011238794392496487707
-1	6	-6	-3.168154215170105269e-05	0.00014729014082598298986	0.00030311123063168020873	0.00054979259068513091843	0.00030839148765696372881	0.00052524423388080037495
-1	6	-5	-0.00084350664977213241861	7.2619886692574741834e-05	-0.00022711521020784669047	0.00014130354032396844131	-0.00010383692229498955298	0.00015504027105024719476
-1	6	-4	0.00018183870295007271956	0.00090336273564301427987	-0.00093953622934450121973	9.0028594643631019989e-05	-0.0014547640197542699349	-9.0797791945307039984e-05
-1	6	-3	-0.0019447492327259428575	-0.0022137536861376212738	-0.00013003865060117633071	0.00078646704450427136566	0.00038817244303962825493	0.002310851984387750184
-1	6	-2	-0.0032676159021972931915	-0.0022024496529363651182	-0.00064689525826660241887	0.0004541204410700298605	-0.00030687782370116060667	0.0024635861496782721948
-1	6	-1	-0.0070699649596512670682	0.0044052698600234602849	-0.00054736235413119216624	0.00088075583198735454566	0.0037857908348641142876	0.0008792651319006673143
-1	6	0	-0.00062588857034150124914	0.0052817011978349452314	-0.00010431476172358353249	0.00088028353297249083576	8.3905409488180807869e-05	0.003423899192229407952
-1	6	1	-0.00014043591530815989271	-0.0042468609663841739438	-0.00024875921360619542965	-0.0013034142329843316152	0.001352119366329012631	0.0035736244315218157475
-1	6	2	0.0023766012709808964631	-0.00035026539427817959859	0.0010145044250521402431	-0.00045518383478282073169	-0.0018552126396659724978	0.0011904188072093724229
-1	6	3	0.0016722203004947411558	-0.0024131896163428695826	0.0015479305073278063799	0.0010305565857542840161	-0.0025384542478240324469	-0.0028655097102895247044
-1	6	4	-0.00031028321794939384051	-0.0012110018134625396939	-0.0010761637134206170595	-0.00036589667065375539815	0.0015366747656435772104	0.00024609455261499811954
-1	6	5	0.0011402648698898725822	-0.00069335505910731462867	0.00043656905554582140167	0.00097460147369414452598	-0.00029582989267701119808	-0.0013081927802544362702
-1	6	6	2.0497331924475812718e-06	-0.00022416036806737136265	0.00020770573328265752653	-0.00015244708215873234479	-0.00020736411108391626461	0.0001150870208141704465
-1	6	7	-9.7300228403385079353e-05	3.6612544575700839444e-05	-0.00029796547256216515068	8.8378708449204248609e-05	0.00024149894385280083211	-7.0522815159932095109e-05
-1	7	-7	-4.2893507412087659015e-05	0.00014890366655830511358	-0.00018445422747098642988	0.00024981748417005132483	-0.00017832658355497392846	0.00022854553180457916188
-1	7	-6	-0.00012520780058369065891	-0.0001774128346044188888	0.00021692579309830255447	-4.4774879206501109628e-05	0.00027394805871196805389	-2.2668553306848150951e-05
-1	7	-5	-0.0006597794416607388919	0.00014906157112723936154	-0.0002576290338931497303	1.5648483602399750205e-05	-0.00022872475911826187656	-7.9044371820882206655e-06
-1	7	-4	-0.00064428042709454712463	0.0019744054371968722782	-0.00043846972310047368322	0.00012794461965745976381	-0.00060625190865219215092	-0.0002696982748986635303
-1	7	-3	0.0014436109197929999134	0.00083327192324886333128	-0.00046201402944421422281	-0.00011457781680468913637	-0.001559236375300833248	-0.00054510554696056239248
-1	7	-2	-0.00079899751674462123497	-0.0024518530333568953027	-0.00014723456400736779372	-0.00033837425123934628587	-0.00011582221565347664699	4.1616637340735786318e-05
-1	7	-1	-0.0014645116794058921604	-0.00030373209430856450966	-0.00040298397604700351548	-0.00027880824214429513874	-0.0013563761529231325564	-0.0016479256007015015157
-1	7	0	4.7258022497080926666e-05	-4.5643220833305780579e-05	6.7511460710115607102e-06	-6.5204601190436826979e-06	0.00071035994494862675884	0.0012914574398997522367
-1	7	1	0.00012466812491371747837	-0.00069489997587969770491	-0.00040913741871073471381	2.636710057870022151e-05	0.0029886300558888603124	-0.00087946967993059925548
-1	7	2	-7.3009061778497944808e-05	-0.00091211635226212043996	0.00019845635314380631045	-1.8423692208859170929e-05	-0.00073110176689257109963	-0.0003915752534000530743
-1	7	3	0.0013950918330031111467	0.0011398042349776867348	0.00049050282340689353201	0.00018549691679030648646	-0.00067947597694838104791	-5.2891394184819550013e-05
-1	7	4	0.0011594758477716062602	9.7508986628420824135e-05	7.7732025974425715412e-05	-0.00039927484785909123002	0.00015383791648765655631	0.00072310823041051486195
-1	7	5	1.4231753291803491559e-06	-0.00073684100631768684013	0.00014584289474463068507	7.7705353008762252111e-06	-0.00020389541757664687025	-0.00015824695068476408197
-1	7	6	-0.00020769302839909742353	-0.00051764073974049096011	3.4961839519962078962e-05	-0.00018865394482639596539	-7.5404317506471999432e-05	0.00013382281234071348886
-1	7	7	-0.00042453208221097845634	-0.00011974315111704057486	-2.2064960934334221021e-05	-0.00026885473466171764829	-3.8582479381519849495e-05	0.00025174857021642614921
0	-7	-7	-0.00038903698407150109212	0.00026529689743190238045	7.1325545267325883274e-06	6.522451007732484431e-05	-7.1325545267325883274e-06	-6.522451007732484431e-05
0	-7	-6	0.00040521493488060537089	0.00045503234455778737494	-2.3657407503988768315e-05	0.00029554031152911945613	2.760030875465356134e-05	-0.00034479703011730604119
0	-7	-5	-0.00017525124902713749993	-4.4452853473569091104e-06	-0.00034647613894292858148	0.00038164587729538120703	0.00048506659452010001407	-0.00053430422821353366816
0	-7	-4	0.00076455960322802715007	0.0004220591832377245463	0.00011850547679929784308	5.2335465665138481469e-05	-0.00020738458439877120168	-9.1587064913992342571e-05
0	-7	-3	0.00047738928693583868859	-0.00048076471164704674558	0.00015720092552130868007	-0.00059263706961224719809	-0.00036680215954972022639	0.0013828198290952433899
0	-7	-2	0.001418499030872173456	0.0012474664340823126557	0.00010459797438464926158	0.00014518743280238712739	-0.00036609291034627242231	-0.00050815601480835490521
0	-7	-1	9.1918815324568652189e-05	-0.0008033574630368468068	2.693287447916747657e-05	-0.00028301912004324294644	-0.00018853012135417232921	0.0019811338403027006251
0	-7	0	0.00024756856901431666118	0.0020253403253326480137	7.1656966077969561477e-43	-0	0.0016273675161809326387	-0.0023917196061552879055
0	-7	1	-0.00041229124913713579431	-0.00047952854491775117425	-1.2962826872364245206e-05	0.00011707842668031814533	-9.0739788106549719828e-05	0.00081954898676222707153
0	-7	2	0.00065895210949836228401	0.0020793166601530796607	-1.6307515891989566865e-05	0.00024633668881146001273	-5.707630562196348064e-05	0.00086217841084010999036
0	-7	3	0.0012253330537009368174	0.0014419612304657151557	-0.00029408298836466694555	0.00013371826599108515145	-0.0006861936395175561882	0.00031200928731253202908
0	-7	4	-0.00034668691543469172187	-0.00060300991855386149899	-8.0124341810615792365e-06	0.00034987868105292664654	-1.4021759816857762393e-05	0.00061228769184262169922
0	-7	5	-0.00079589432818524851517	0.00055841731682943255254	-0.00027425972539548484084	7.6583100244852524223e-06	-0.00038396361555367879885	1.0721634034279354408e-05
0	-7	6	-0.00047440097944441086833	-0.00048324061291846724274	7.4653159137595995979e-05	0.00013487817295530229338	8.7095352327195324125e-05	0.0001573578684478526982
0	-7	7	5.406358974191309406e-05	0.00016289072900833951522	-0.00012789792756425465148	-0.0002142972689232862393	-0.00012789792756425465148	-0.0002142972689232862393
0	-6	-7	0.00014887477586644529376	0.00065215506902406052137	1.0748429702039122586e-05	4.6062644865446449559e-05	-9.212939744604962459e-06	-3.9482267027525524321e-05
0	-6	-6	0.00051972361675680430349	-0.00050170204871238777665	0.0002371789973894455005	-0.000824387921826279799	-0.0002371789973894455005	0.000824387921826279799
0	-6	-5	-0.00040462679787197237393	0.00032122950419333218264	-0.00094482453677790720348	-0.00067884189358179592051	0.0011337894441334887309	0.00081461027229815516967
0	-6	-4	4.3516485176109758978e-05	0.0018857110244333760967	-0.00014176433188648948896	0.00096701455769835796203	0.00021264649782973423344	-0.001450521836547536943
0	-6	-3	-0.00069448182695753342322	0.0017970200817079516869	0.00033934913742379821822	-5.9945217500216855155e-05	-0.00067869827484759643645	0.00011989043500043371031
0	-6	-2	0.0016466259459763836828	0.00071764752543430334816	0.0011363619400264807126	-0.00078214068627200056087	-0.0034090858200794423548	0.0023464220588160018995
0	-6	-1	0.0002100082739855736215	-0.0031382033577365335379	0.00020127330651637987302	-0.00020290006201157797312	-0.0012076398390982790755	0.001217400372069467893
0	-6	0	-0.003654631676782479216	-0.0034233465683927754089	0	-0	0.0038773591486506754633	0.0046106324430006647222
0	-6	1	-0.0064825562841767537386	-0.0026127324703602845639	0.00034984698871144296944	-0.0006252549900629933953	0.0020990819322686577082	-0.0037515299403779603718
0	-6	2	-0.0033794362695798666613	-0.0032509374704136279402	0.00014058611876299948774	0.00051444471359869453544	0.00042175835628899851744	0.0015433341407960834979
0	-6	3	8.9184819654279824793e-05	0.0016684939870641980145	0.0002149933382197470968	-0.0008733637193543168295	0.0004299866764394941936	-0.001746727438708633659
0	-6	4	0.0018689535047382503478	-0.00065344133334207838044	-0.0013728111815495571118	0.00029600275258290573285	-0.0020592167723243355593	0.00044400412887435862638
0	-6	5	0.00020994410997754477913	-0.001303883508758221137	-0.00049483076119257959381	-1.4582201824045045807e-05	-0.00059379691343109546921	-1.7498642188854056324e-05
0	-6	6	-0.001098430513153652666	0.00015580972351267067199	0.0002213193884247650488	-0.00040374416805550515609	0.0002213193884247650488	-0.00040374416805550515609
0	-6	7	-0.00010799589110415541574	-0.00010422272590399913423	-0.00010218538258186825643	3.8587550764495893093e-06	-8.7587470784458509388e-05	3.3075043512425054248e-06
0	-5	-7	-0.00035622392464598263192	-2.2909296504695037336e-05	-0.00024152337105872749763	0.00029298035802224447728	0.00017251669361337680338	-0.00020927168430160319806
0	-5	-6	0.00051459663280610653743	0.00090537949362015602769	0.0010136151329771597111	-0.00022961072194568126164	-0.0008446792774809663536	0.00019134226828806770448
0	-5	-5	-0.0031281551370092681649	-0.0013060198368231015417	-0.00072960214965271988873	-0.00072934035406754468573	0.00072960214965271988873	0.00072934035406754468573
0	-5	-4	-0.00046718472849726662552	-0.0019567261299195202323	2.0782766822887524955e-05	-0.0033926125514890759054	-2.5978458528609403653e-05	0.0042407656893613445565
0	-5	-3	-0.0047766298693496106464	0.0084729077741232082521	-0.0011569597555711062711	-0.0038486075140565846088	0.0019282662592851769739	0.0064143458567609739143
0	-5	-2	-0.0013747854875771523767	0.0037955098422873690539	0.00076072944783523235857	0.0023913593372422515052	-0.0019018236195880808964	-0.0059783983431056283292
0	-5	-1	0.014843012486708585806	-0.00080914602993598322509	0.0037851702394213859564	-0.0022674771599896547183	-0.018925851197106928481	0.011337385799948272724
0	-5	0	-0.01222276438116349194	-0.0078935696298185406561	-7.1656966077969561477e-43	-0	-0.0057008553546674962248	-0.0054637586992892072518
0	-5	1	0.0010756508161964884775	-0.0066687394573484324797	-0.00057632742539550057669	-0.0019600481467949419125	-0.0028816371269775029919	-0.0098002407339747108633
0	-5	2	0.00012089846060181602661	-0.010616965034056888295	0.002603856793008607444	-0.00081175861208766342085	0.0065096419825215181762	-0.0020293965302191586605
0	-5	3	0.0020161610787622556533	-0.0016317593010398620795	0.0018431642550348059911	-0.0023552007365783898633	0.0030719404250580100574	-0.0039253345609639826719
0	-5	4	-0.0057979476970959334045	-0.0035276613520685866018	-0.0007948899076873768791	0.00079113550957569174927	-0.00099361238460922104467	0.0009889193869696147679
0	-5	5	-0.00012401069135302997346	0.00067374016345119640877	0.00065641902508290341043	0.0013660878169379482659	0.00065641902508290341043	0.0013660878169379482659
0	-5	6	-0.00011685729367413237156	-0.0021949012223361373183	0.0009928428234216523339	0.00026574679906528553752	0.00082736901951804364772	0.00022145566588773792083
0	-5	7	0.00019784181768375561712	0.0005094397888952219202	-0.00037687720882099024758	-0.00021491958683866795791	-0.00026919800630070730421	-0.00015351399059904854137
0	-4	-7	-0.00016286777821791732432	0.00048424575229308699283	0.0005464408312758128666	1.9365731052688334044e-05	-0.0003122519035861787964	-1.1066132030107619938e-05
0	-4	-6	-0.00078526405205411864679	-0.00013893450120214915502	0.0011683296063503085735	-0.0007145294242591617535	-0.00077888640423353912128	0.00047635294950610783567
0	-4	-5	0.0020142807127710160575	0.00044749439658895866266	-0.0016446324187516614228	-0.0031201650214022773507	0.0013157059350013290949	0.002496132017121822054
0	-4	-4	-0.0047080318908288938326	-0.0034456349164007581652	0.0031486791606829280486	7.5871296192764548427e-05	-0.0031486791606829280486	-7.5871296192764548427e-05
0	-4	-3	-0.003943803464597509835	0.0051121756743519337213	-0.001590737895810745298	0.0017635738673902506043	0.0021209838610809937307	-0.0023514318231870005166
0	-4	-2	0.014738745891755991244	0.016102067895840052603	-0.0013177534113484659899	-0.0035553379736362441046	0.0026355068226969319799	0.0071106759472724882093
0	-4	-1	0.01249118026177609142	-0.0091894606017388202196	-0.0020181067425603209375	0.0035711861406068092471	0.0080724269702412837502	-0.014284744562427236989
0	-4	0	0.0043995967152772527675	-0.0018798822755126589484	0	-0	0.010966462873799338179	-0.01249754360798884141
0	-4	1	0.021044476571178836327	-0.010568960059473660879	-0.00153052518226408211	0.0028040067440210383019	-0.00612210072905632844	0.011216026976084153208
0	-4	2	6.5885268053890130076e-05	0.0035326463047165926334	0.00087777730854872568125	-0.0015351425190426595205	0.0017555546170974513625	-0.0030702850380853190411
0	-4	3	0.0083516482400938646391	0.0077775279919448147073	0.003133791236508064789	0.0024822676614643622572	0.0041783883153440866745	0.0033096902152858161984
0	-4	4	0.0011133803394428919489	-0.0032904659362995637185	0.00085593207119123693692	-0.00081577513821852920724	0.00085593207119123693692	-0.00081577513821852920724
0	-4	5	0.0019433059761160527759	-0.00030937375418181432439	0.00094470066798886358217	0.00014525845940596839685	0.0007557605343910909091	0.00011620676752477472561
0	-4	6	0.00089799974232207524765	-0.0013956744070742442814	0.00089069326878138226078	0.0010583999542256141216	0.00059379551252092157947	0.00070559996948374274772
0	-4	7	-8.3917940826197144014e-05	0.00032328552294059624073	0.00036177477517269798594	-0.00053041305894749898701	0.00020672844295582741667	-0.00030309317654142795386
0	-3	-7	7.2703639053434910493e-05	0.0010976412246380400518	0.00020722693689279280934	0.00059208772774237952621	-8.8811544382625485844e-05	-0.00025375188331816262311
0	-3	-6	0.0031015502877329991123	0.0040279464754056238524	0.0012984385890541889561	0.001866315861425562727	-0.00064921929452709447803	-0.00093315793071278136349
0	-3	-5	0.00098217177870394464095	0.0035798587662163702978	0.0018747867931082952148	0.00092345276807977356472	-0.0011248720758649771289	-0.00055407166084786411715
0	-3	-4	-0.0060156072517228527038	0.0076264243256336647012	-0.0058266980805144405475	-0.0011035429659680387384	0.0043700235603858304106	0.00082765722447602910802
0	-3	-3	0.0097058108925982058968	-0.010251269310153372089	0.0089785517922581561945	-0.004290561154669063175	-0.0089785517922581561945	0.004290561154669063175
0	-3	-2	-0.016232212792415528363	0.0088980663217237652984	-0.0095952274601748075572	-0.0027798062099936961603	0.014392841190262210468	0.0041697093149905438067
0	-3	-1	-0.040203970035028777086	-0.0036161329251307113876	0.00019166444271785407585	0.0048638591012835317995	-0.00057499332815356225465	-0.014591577303850597133
0	-3	0	0.0097636556540407048316	-0.01249001771784533088	0	-0	0.0044711517680407313058	0.0036387201044037055346
0	-3	1	0.024493449511267272045	-0.025706673457634218044	0.01109959781610113036	0.00083117463952651167089	0.03329879344830338761	0.0024935239185795350127
0	-3	2	0.015970949400088692988	-0.0067638497531565177842	0.0079822231192538759675	-0.015378215635081498441	0.011973334678880813084	-0.023067323452622249397
0	-3	3	-0.005242932044108403189	0.0051783039327849174349	-0.0069160862596712360112	-0.013267556319926550323	-0.0069160862596712360112	-0.013267556319926550323
0	-3	4	0.00068371070777072031222	0.0049765842370129110758	0.004829347915837529405	-0.00035232634279399932314	0.0036220109368781468369	-0.0002642447570954994788
0	-3	5	0.0089888116712279302056	0.0055626501907678161871	0.0031376730756869945435	0.0047541819987144450302	0.0018826038454121966827	0.0028525091992286670181
0	-3	6	0.0025407113406483035865	-0.0065614146363035868656	0.0016925513450557472511	0.00040480435642228191576	0.00084627567252787362553	0.00020240217821114095788
0	-3	7	-0.00026724410705796175719	0.0004884583766147270259	-0.00022000597014864209031	-0.0015276894862599106357	-9.4288272920846610131e-05	-0.00065472406553996177845
0	-2	-7	0.0020080487273371298851	0.00019159864449397299188	-3.8560292124934427847e-05	-0.0026603358110200135168	1.1017226321409836286e-05	0.00076009594600571811669
0	-2	-6	-0.0011370819283348925378	-0.0023839974892529173719	0.0023355499963787409307	0.001203497885368587459	-0.00077851666545958027408	-0.00040116596178952918916
0	-2	-5	0.0014309647347392955106	-0.0031528327450476901529	0.0051677649505242340133	-0.0047844477387321195788	-0.0020671059802096934319	0.001913779095492848005
0	-2	-4	0.0004550070962901704469	0.0022646699585855186582	0.00044355182361447315379	0.0091053648105417789999	-0.0002217759118072365769	-0.0045526824052708894999
0	-2	-3	-0.00057376305555900935368	0.018816755904983384351	0.015503704273669602701	0.0056658251516154998703	-0.010335802849113069624	-0.0037772167677436662911
0	-2	-2	-0.025733550016754060813	-0.029799887993147186616	0.0075641136515045958449	-0.029087721955479525771	-0.0075641136515045958449	0.029087721955479525771
0	-2	-1	0.042641624491874363656	-0.033544811278407492272	-0.018890010100832382856	-0.019548136238665456133	0.037780020201664765711	0.039096272477330912265
0	-2	0	-0.055617382841890640466	0.059987765345193018451	0	-0	0.046148394024616734566	0.0196478783516424102
0	-2	1	0.018803369572339235366	-0.052018511039772424853	0.0010290446704415852873	-0.009279443014933073941	0.0020580893408831705746	-0.018558886029866147882
0	-2	2	0.03400870487846601592	-0.032884733838486154833	0.021162707641360346128	-0.01998983767930966049	0.021162707641360346128	-0.01998983767930966049
0	-2	3	0.0041954649732266454179	0.009369764882952510629	-0.0048655915792334978112	0.0070367134128870795565	-0.0032437277194889983963	0.0046911422752580530376
0	-2	4	0.0027935803334373609901	-0.0033760047841853366157	0.0017238857503447709962	-0.0037013912952208868554	0.00086194287517238549808	-0.0018506956476104434277
0	-2	5	-0.0026211708879394757764	0.01855462728555553123	-0.004824203357720576249	0.0067004522098158348156	-0.0019296813430882304996	0.0026801808839263339262
0	-2	6	0.0017971630823049678048	0.00046219438518224669398	0.0039398108429026289581	0.00019315124086205205873	0.0013132702809675429138	6.4383746954017352909e-05
0	-2	7	-0.001236155372234947359	-0.00029707498992590370942	-0.0011127963472657099921	-0.0023819503133361871576	-0.00031794181350448851497	-0.00068055723238176772834
0	-1	-7	-0.0018419698340313155234	0.0019343048693765216989	0.0013578242010266632946	0.0004357893822730646142	-0.00019397488586095191858	-6.2255626039009226728e-05
0	-1	-6	-0.0015053098270388679761	0.00073287778049675191515	0.0033198637508607157717	0.0027477060860885654629	-0.00055331062514345262862	-0.00045795101434809427996
0	-1	-5	-0.0087061045259720221123	0.0071823807567146947389	0.00044028482232088184036	-0.00065347677248418095403	-8.8056964464176368072e-05	0.00013069535449683619081
0	-1	-4	-0.0066465983727745656454	-0.010514602435833885971	0.00098517039449732960767	-0.01301635178339323462	-0.00024629259862433240192	0.003254087945848308655
0	-1	-3	-0.025394903119691954185	0.024961571218537082634	0.0082607406525512516726	-0.017842347616352581541	-0.0027535802175170836018	0.0059474492054508599354
0	-1	-2	-0.03008687244097862229	0.0071997372652641659918	-0.032992349757299158086	-0.009617388924849888665	0.016496174878649579043	0.0048086944624249443325
0	-1	-1	0.0068042630985915711697	0.020042335898334966843	0.011769184256059142882	0.064880452102682575899	-0.011769184256059142882	-0.064880452102682575899
0	-1	0	0.0043030500983628743733	0.1089598819148222264	0	-0	0.017483667716023408578	0.076939717243217103926
0	-1	1	0.060206444998850215666	-0.0051781207946374040868	0.083399719457344048679	0.039172365892203790672	0.083399719457344048679	0.039172365892203790672
0	-1	2	-0.015185881096061873766	-0.031073429222204861783	0.015792141756391465945	0.021940940635075751458	0.0078960708781957329727	0.010970470317537875729
0	-1	3	-0.016870801405560138797	0.019249580013352043939	-1.4572147652378754441e-05	0.00018341694645625654142	-4.8573825507929175823e-06	6.1138982152085513807e-05
0	-1	4	0.00093599034199699608638	0.01295439061647826566	0.0071959748932669473365	0.012718764540391707535	0.0017989937233167368341	0.0031796911350979268837
0	-1	5	0.010468246923727074493	0.007071872418356681643	0.0010353108867273922572	0.0055018490777190183494	0.00020706217734547843518	0.0011003698155438036265
0	-1	6	0.0025696919528707148732	0.0038581958895857340966	-0.0014061927431481119604	0.00069373838026466074728	-0.0002343654571913519934	0.00011562306337744345788
0	-1	7	0.0008961992761655615319	0.0010668177394004172646	0.00046422748075254069476	0.0013198049918301281696	6.6318211536077240173e-05	0.00018854357026144689686
0	0	-7	-0.0015119944960692343131	-0.00052949990849277287983	0.0013865460858415964204	0.0012636651474525373469	0	-0
0	0	-6	0.00042555048813863277602	-0.0039427538589089606777	-0.00060184449270027124031	-0.00040007922468391650785	0	-0
0	0	-5	0.0037255022485898764417	-0.0051916443312864388529	0.00075927633032546590006	-0.0040827269833192819659	0	-2.8662786431187824591e-42
0	0	-4	0.00036751724737719748725	-0.020285550083228610918	0.013768214926047102689	0.031839437839902597072	0	-0
0	0	-3	-0.035105728831102432641	0.027030089651449939331	0.00048171298973850678032	-0.017174228563304690803	0	-0
0	0	-2	0.044638227555384740741	0.021064781311799351399	-0.004825345646858388883	0.055008685150655337037	0	-0
0	0	-1	-0.012508245759499056829	0.11023820266977564508	-0.094376144081415896947	-0.12101867024960666352	0	-0
0	0	1	-0.012508245759499056829	-0.11023820266977564508	-0.094376144081415896947	0.12101867024960666352	0	0
0	0	2	0.044638227555384740741	-0.021064781311799351399	-0.004825345646858388883	-0.055008685150655337037	0	0
0	0	3	-0.035105728831102432641	-0.027030089651449939331	0.00048171298973850678032	0.017174228563304690803	0	0
0	0	4	0.00036751724737719748725	0.020285550083228610918	0.013768214926047102689	-0.031839437839902597072	0	0
0	0	5	0.0037255022485898764417	0.0051916443312864388529	0.00075927633032546590006	0.0040827269833192819659	0	2.8662786431187824591e-42
0	0	6	0.00042555048813863277602	0.0039427538589089606777	-0.00060184449270027124031	0.00040007922468391650785	0	0
0	0	7	-0.0015119944960692343131	0.00052949990849277287983	0.0013865460858415964204	-0.0012636651474525373469	0	0
0	1	-7	0.0008961992761655615319	-0.0010668177394004172646	0.00046422748075254069476	-0.0013198049918301281696	6.6318211536077240173e-05	-0.00018854357026144689686
0	1	-6	0.0025696919528707148732	-0.0038581958895857340966	-0.0014061927431481119604	-0.00069373838026466074728	-0.0002343654571913519934	-0.00011562306337744345788
0	1	-5	0.010468246923727074493	-0.007071872418356681643	0.0010353108867273922572	-0.0055018490777190183494	0.00020706217734547843518	-0.0011003698155438036265
0	1	-4	0.00093599034199699608638	-0.01295439061647826566	0.0071959748932669473365	-0.012718764540391707535	0.0017989937233167368341	-0.0031796911350979268837
0	1	-3	-0.016870801405560138797	-0.019249580013352043939	-1.4572147652378754441e-05	-0.00018341694645625654142	-4.8573825507929175823e-06	-6.1138982152085513807e-05
0	1	-2	-0.015185881096061873766	0.031073429222204861783	0.015792141756391465945	-0.021940940635075751458	0.0078960708781957329727	-0.010970470317537875729
0	1	-1	0.060206444998850215666	0.0051781207946374040868	0.083399719457344048679	-0.039172365892203790672	0.083399719457344048679	-0.039172365892203790672
0	1	0	0.0043030500983628743733	-0.1089598819148222264	0	0	0.017483667716023408578	-0.076939717243217103926
0	1	1	0.0068042630985915711697	-0.020042335898334966843	0.011769184256059142882	-0.064880452102682575899	-0.011769184256059142882	0.064880452102682575899
0	1	2	-0.03008687244097862229	-0.0071997372652641659918	-0.032992349757299158086	0.009617388924849888665	0.016496174878649579043	-0.0048086944624249443325
0	1	3	-0.025394903119691954185	-0.024961571218537082634	0.0082607406525512516726	0.017842347616352581541	-0.0027535802175170836018	-0.0059474492054508599354
0	1	4	-0.0066465983727745656454	0.010514602435833885971	0.00098517039449732960767	0.01301635178339323462	-0.00024629259862433240192	-0.003254087945848308655
0	1	5	-0.0087061045259720221123	-0.0071823807567146947389	0.00044028482232088184036	0.00065347677248418095403	-8.8056964464176368072e-05	-0.00013069535449683619081
0	1	6	-0.0015053098270388679761	-0.00073287778049675191515	0.0033198637508607157717	-0.0027477060860885654629	-0.00055331062514345262862	0.00045795101434809427996
0	1	7	-0.0018419698340313155234	-0.0019343048693765216989	0.0013578242010266632946	-0.0004357893822730646142	-0.00019397488586095191858	6.2255626039009226728e-05
0	2	-7	-0.001236155372234947359	0.00029707498992590370942	-0.0011127963472657099921	0.0023819503133361871576	-0.00031794181350448851497	0.00068055723238176772834
0	2	-6	0.0017971630823049678048	-0.00046219438518224669398	0.0039398108429026289581	-0.00019315124086205205873	0.0013132702809675429138	-6.4383746954017352909e-05
0	2	-5	-0.0026211708879394757764	-0.01855462728555553123	-0.004824203357720576249	-0.0067004522098158348156	-0.0019296813430882304996	-0.0026801808839263339262
0	2	-4	0.0027935803334373609901	0.0033760047841853366157	0.0017238857503447709962	0.0037013912952208868554	0.00086194287517238549808	0.0018506956476104434277
0	2	-3	0.0041954649732266454179	-0.009369764882952510629	-0.0048655915792334978112	-0.0070367134128870795565	-0.0032437277194889983963	-0.0046911422752580530376
0	2	-2	0.03400870487846601592	0.032884733838486154833	0.021162707641360346128	0.01998983767930966049	0.021162707641360346128	0.01998983767930966049
0	2	-1	0.018803369572339235366	0.052018511039772424853	0.0010290446704415852873	0.009279443014933073941	0.0020580893408831705746	0.018558886029866147882
0	2	0	-0.055617382841890640466	-0.059987765345193018451	0	0	0.046148394024616734566	-0.0196478783516424102
0	2	1	0.042641624491874363656	0.033544811278407492272	-0.018890010100832382856	0.019548136238665456133	0.037780020201664765711	-0.039096272477330912265
0	2	2	-0.025733550016754060813	0.029799887993147186616	0.0075641136515045958449	0.029087721955479525771	-0.0075641136515045958449	-0.029087721955479525771
0	2	3	-0.00057376305555900935368	-0.018816755904983384351	0.015503704273669602701	-0.0056658251516154998703	-0.010335802849113069624	0.0037772167677436662911
0	2	4	0.0004550070962901704469	-0.0022646699585855186582	0.00044355182361447315379	-0.0091053648105417789999	-0.0002217759118072365769	0.0045526824052708894999
0	2	5	0.0014309647347392955106	0.0031528327450476901529	0.0051677649505242340133	0.0047844477387321195788	-0.0020671059802096934319	-0.001913779095492848005
0	2	6	-0.0011370819283348925378	0.0023839974892529173719	0.0023355499963787409307	-0.001203497885368587459	-0.00077851666545958027408	0.00040116596178952918916
0	2	7	0.0020080487273371298851	-0.00019159864449397299188	-3.8560292124934427847e-05	0.0026603358110200135168	1.1017226321409836286e-05	-0.00076009594600571811669
0	3	-7	-0.00026724410705796175719	-0.0004884583766147270259	-0.00022000597014864209031	0.0015276894862599106357	-9.4288272920846610131e-05	0.00065472406553996177845
0	3	-6	0.0025407113406483035865	0.0065614146363035868656	0.0016925513450557472511	-0.00040480435642228191576	0.00084627567252787362553	-0.00020240217821114095788
0	3	-5	0.0089888116712279302056	-0.0055626501907678161871	0.0031376730756869945435	-0.0047541819987144450302	0.0018826038454121966827	-0.0028525091992286670181
0	3	-4	0.00068371070777072031222	-0.0049765842370129110758	0.004829347915837529405	0.00035232634279399932314	0.0036220109368781468369	0.0002642447570954994788
0	3	-3	-0.005242932044108403189	-0.0051783039327849174349	-0.0069160862596712360112	0.013267556319926550323	-0.0069160862596712360112	0.013267556319926550323
0	3	-2	0.015970949400088692988	0.0067638497531565177842	0.0079822231192538759675	0.015378215635081498441	0.011973334678880813084	0.023067323452622249397
0	3	-1	0.024493449511267272045	0.025706673457634218044	0.01109959781610113036	-0.00083117463952651167089	0.03329879344830338761	-0.0024935239185795350127
0	3	0	0.0097636556540407048316	0.01249001771784533088	0	0	0.0044711517680407313058	-0.0036387201044037055346
0	3	1	-0.040203970035028777086	0.0036161329251307113876	0.00019166444271785407585	-0.0048638591012835317995	-0.00057499332815356225465	0.014591577303850597133
0	3	2	-0.016232212792415528363	-0.0088980663217237652984	-0.0095952274601748075572	0.0027798062099936961603	0.014392841190262210468	-0.0041697093149905438067
0	3	3	0.0097058108925982058968	0.010251269310153372089	0.0089785517922581561945	0.004290561154669063175	-0.0089785517922581561945	-0.004290561154669063175
0	3	4	-0.0060156072517228527038	-0.0076264243256336647012	-0.0058266980805144405475	0.0011035429659680387384	0.0043700235603858304106	-0.00082765722447602910802
0	3	5	0.00098217177870394464095	-0.0035798587662163702978	0.0018747867931082952148	-0.00092345276807977356472	-0.0011248720758649771289	0.00055407166084786411715
0	3	6	0.0031015502877329991123	-0.0040279464754056238524	0.0012984385890541889561	-0.001866315861425562727	-0.00064921929452709447803	0.00093315793071278136349
0	3	7	7.2703639053434910493e-05	-0.0010976412246380400518	0.00020722693689279280934	-0.00059208772774237952621	-8.8811544382625485844e-05	0.00025375188331816262311
0	4	-7	-8.3917940826197144014e-05	-0.00032328552294059624073	0.00036177477517269798594	0.00053041305894749898701	0.00020672844295582741667	0.00030309317654142795386
0	4	-6	0.00089799974232207524765	0.0013956744070742442814	0.00089069326878138226078	-0.0010583999542256141216	0.00059379551252092157947	-0.00070559996948374274772
0	4	-5	0.0019433059761160527759	0.00030937375418181432439	0.00094470066798886358217	-0.00014525845940596839685	0.0007557605343910909091	-0.00011620676752477472561
0	4	-4	0.0011133803394428919489	0.0032904659362995637185	0.00085593207119123693692	0.00081577513821852920724	0.00085593207119123693692	0.00081577513821852920724
0	4	-3	0.0083516482400938646391	-0.0077775279919448147073	0.003133791236508064789	-0.0024822676614643622572	0.0041783883153440866745	-0.0033096902152858161984
0	4	-2	6.5885268053890130076e-05	-0.0035326463047165926334	0.00087777730854872568125	0.0015351425190426595205	0.0017555546170974513625	0.0030702850380853190411
0	4	-1	0.021044476571178836327	0.010568960059473660879	-0.00153052518226408211	-0.0028040067440210383019	-0.00612210072905632844	-0.011216026976084153208
0	4	0	0.0043995967152772527675	0.0018798822755126589484	0	0	0.010966462873799338179	0.01249754360798884141
0	4	1	0.01249118026177609142	0.0091894606017388202196	-0.0020181067425603209375	-0.0035711861406068092471	0.0080724269702412837502	0.014284744562427236989
0	4	2	0.014738745891755991244	-0.016102067895840052603	-0.0013177534113484659899	0.0035553379736362441046	0.0026355068226969319799	-0.0071106759472724882093
0	4	3	-0.003943803464597509835	-0.0051121756743519337213	-0.001590737895810745298	-0.0017635738673902506043	0.0021209838610809937307	0.0023514318231870005166
0	4	4	-0.0047080318908288938326	0.0034456349164007581652	0.0031486791606829280486	-7.5871296192764548427e-05	-0.0031486791606829280486	7.5871296192764548427e-05
0	4	5	0.0020142807127710160575	-0.00044749439658895866266	-0.0016446324187516614228	0.0031201650214022773507	0.0013157059350013290949	-0.002496132017121822054
0	4	6	-0.00078526405205411864679	0.00013893450120214915502	0.0011683296063503085735	0.0007145294242591617535	-0.00077888640423353912128	-0.00047635294950610783567
0	4	7	-0.00016286777821791732432	-0.00048424575229308699283	0.0005464408312758128666	-1.9365731052688334044e-05	-0.0003122519035861787964	1.1066132030107619938e-05
0	5	-7	0.00019784181768375561712	-0.0005094397888952219202	-0.00037687720882099024758	0.00021491958683866795791	-0.00026919800630070730421	0.00015351399059904854137
0	5	-6	-0.00011685729367413237156	0.0021949012223361373183	0.0009928428234216523339	-0.00026574679906528553752	0.00082736901951804364772	-0.00022145566588773792083
0	5	-5	-0.00012401069135302997346	-0.00067374016345119640877	0.00065641902508290341043	-0.0013660878169379482659	0.00065641902508290341043	-0.0013660878169379482659
0	5	-4	-0.0057979476970959334045	0.0035276613520685866018	-0.0007948899076873768791	-0.00079113550957569174927	-0.00099361238460922104467	-0.0009889193869696147679
0	5	-3	0.0020161610787622556533	0.0016317593010398620795	0.0018431642550348059911	0.0023552007365783898633	0.0030719404250580100574	0.0039253345609639826719
0	5	-2	0.00012089846060181602661	0.010616965034056888295	0.002603856793008607444	0.00081175861208766342085	0.0065096419825215181762	0.0020293965302191586605
0	5	-1	0.0010756508161964884775	0.0066687394573484324797	-0.00057632742539550057669	0.0019600481467949419125	-0.0028816371269775029919	0.0098002407339747108633
0	5	0	-0.01222276438116349194	0.0078935696298185406561	-7.1656966077969561477e-43	0	-0.0057008553546674962248	0.0054637586992892072518
0	5	1	0.014843012486708585806	0.00080914602993598322509	0.0037851702394213859564	0.0022674771599896547183	-0.018925851197106928481	-0.011337385799948272724
0	5	2	-0.0013747854875771523767	-0.0037955098422873690539	0.00076072944783523235857	-0.0023913593372422515052	-0.0019018236195880808964	0.0059783983431056283292
0	5	3	-0.0047766298693496106464	-0.0084729077741232082521	-0.0011569597555711062711	0.0038486075140565846088	0.0019282662592851769739	-0.0064143458567609739143
0	5	4	-0.00046718472849726662552	0.0019567261299195202323	2.0782766822887524955e-05	0.0033926125514890759054	-2.5978458528609403653e-05	-0.0042407656893613445565
0	5	5	-0.0031281551370092681649	0.0013060198368231015417	-0.00072960214965271988873	0.00072934035406754468573	0.00072960214965271988873	-0.00072934035406754468573
0	5	6	0.00051459663280610653743	-0.00090537949362015602769	0.0010136151329771597111	0.00022961072194568126164	-0.0008446792774809663536	-0.00019134226828806770448
0	5	7	-0.00035622392464598263192	2.2909296504695037336e-05	-0.00024152337105872749763	-0.00029298035802224447728	0.00017251669361337680338	0.00020927168430160319806
0	6	-7	-0.00010799589110415541574	0.00010422272590399913423	-0.00010218538258186825643	-3.8587550764495893093e-06	-8.7587470784458509388e-05	-3.3075043512425054248e-06
0	6	-6	-0.001098430513153652666	-0.00015580972351267067199	0.0002213193884247650488	0.00040374416805550515609	0.0002213193884247650488	0.00040374416805550515609
0	6	-5	0.00020994410997754477913	0.001303883508758221137	-0.00049483076119257959381	1.4582201824045045807e-05	-0.00059379691343109546921	1.7498642188854056324e-05
0	6	-4	0.0018689535047382503478	0.00065344133334207838044	-0.0013728111815495571118	-0.00029600275258290573285	-0.0020592167723243355593	-0.00044400412887435862638
0	6	-3	8.9184819654279824793e-05	-0.0016684939870641980145	0.0002149933382197470968	0.0008733637193543168295	0.0004299866764394941936	0.001746727438708633659
0	6	-2	-0.0033794362695798666613	0.0032509374704136279402	0.00014058611876299948774	-0.00051444471359869453544	0.00042175835628899851744	-0.0015433341407960834979
0	6	-1	-0.0064825562841767537386	0.0026127324703602845639	0.00034984698871144296944	0.0006252549900629933953	0.0020990819322686577082	0.0037515299403779603718
0	6	0	-0.003654631676782479216	0.0034233465683927754089	0	0	0.0038773591486506754633	-0.0046106324430006647222
0	6	1	0.0002100082739855736215	0.0031382033577365335379	0.00020127330651637987302	0.00020290006201157797312	-0.0012076398390982790755	-0.001217400372069467893
0	6	2	0.0016466259459763836828	-0.00071764752543430334816	0.0011363619400264807126	0.00078214068627200056087	-0.0034090858200794423548	-0.0023464220588160018995
0	6	3	-0.00069448182695753342322	-0.0017970200817079516869	0.00033934913742379821822	5.9945217500216855155e-05	-0.00067869827484759643645	-0.00011989043500043371031
0	6	4	4.3516485176109758978e-05	-0.0018857110244333760967	-0.00014176433188648948896	-0.00096701455769835796203	0.00021264649782973423344	0.001450521836547536943
0	6	5	-0.00040462679787197237393	-0.00032122950419333218264	-0.00094482453677790720348	0.00067884189358179592051	0.0011337894441334887309	-0.00081461027229815516967
0	6	6	0.00051972361675680430349	0.00050170204871238777665	0.0002371789973894455005	0.000824387921826279799	-0.0002371789973894455005	-0.000824387921826279799
0	6	7	0.00014887477586644529376	-0.00065215506902406052137	1.0748429702039122586e-05	-4.6062644865446449559e-05	-9.212939744604962459e-06	3.9482267027525524321e-05
0	7	-7	5.406358974191309406e-05	-0.00016289072900833951522	-0.00012789792756425465148	0.0002142972689232862393	-0.00012789792756425465148	0.0002142972689232862393
0	7	-6	-0.00047440097944441086833	0.00048324061291846724274	7.4653159137595995979e-05	-0.00013487817295530229338	8.7095352327195324125e-05	-0.0001573578684478526982
0	7	-5	-0.00079589432818524851517	-0.00055841731682943255254	-0.00027425972539548484084	-7.6583100244852524223e-06	-0.00038396361555367879885	-1.0721634034279354408e-05
0	7	-4	-0.00034668691543469172187	0.00060300991855386149899	-8.0124341810615792365e-06	-0.00034987868105292664654	-1.4021759816857762393e-05	-0.00061228769184262169922
0	7	-3	0.0012253330537009368174	-0.0014419612304657151557	-0.00029408298836466694555	-0.00013371826599108515145	-0.0006861936395175561882	-0.00031200928731253202908
0	7	-2	0.00065895210949836228401	-0.0020793166601530796607	-1.6307515891989566865e-05	-0.00024633668881146001273	-5.707630562196348064e-05	-0.00086217841084010999036
0	7	-1	-0.00041229124913713579431	0.00047952854491775117425	-1.2962826872364245206e-05	-0.00011707842668031814533	-9.0739788106549719828e-05	-0.00081954898676222707153
0	7	0	0.00024756856901431666118	-0.0020253403253326480137	7.1656966077969561477e-43	0	0.0016273675161809326387	0.0023917196061552879055
0	7	1	9.1918815324568652189e-05	0.0008033574630368468068	2.693287447916747657e-05	0.00028301912004324294644	-0.00018853012135417232921	-0.0019811338403027006251
0	7	2	0.001418499030872173456	-0.0012474664340823126557	0.00010459797438464926158	-0.00014518743280238712739	-0.00036609291034627242231	0.00050815601480835490521
0	7	3	0.00047738928693583868859	0.00048076471164704674558	0.00015720092552130868007	0.00059263706961224719809	-0.00036680215954972022639	-0.0013828198290952433899
0	7	4	0.00076455960322802715007	-0.0004220591832377245463	0.00011850547679929784308	-5.2335465665138481469e-05	-0.00020738458439877120168	9.1587064913992342571e-05
0	7	5	-0.00017525124902713749993	4.4452853473569091104e-06	-0.00034647613894292858148	-0.00038164587729538120703	0.00048506659452010001407	0.00053430422821353366816
0	7	6	0.00040521493488060537089	-0.00045503234455778737494	-2.3657407503988768315e-05	-0.00029554031152911945613	2.760030875465356134e-05	0.00034479703011730604119
0	7	7	-0.00038903698407150109212	-0.00026529689743190238045	7.1325545267325883274e-06	-6.522451007732484431e-05	-7.1325545267325883274e-06	6.522451007732484431e-05
1	-7	-7	-0.00042453208221097845634	0.00011974315111704057486	-2.2064960934334221021e-05	0.00026885473466171764829	-3.8582479381519849495e-05	-0.00025174857021642614921
1	-7	-6	-0.00020769302839909742353	0.00051764073974049096011	3.4961839519962078962e-05	0.00018865394482639596539	-7.5404317506471999432e-05	-0.00013382281234071348886
1	-7	-5	1.4231753291803491559e-06	0.00073684100631768684013	0.00014584289474463068507	-7.7705353008762252111e-06	-0.00020389541757664687025	0.00015824695068476408197
1	-7	-4	0.0011594758477716062602	-9.7508986628420824135e-05	7.7732025974425715412e-05	0.00039927484785909123002	0.00015383791648765655631	-0.00072310823041051486195
1	-7	-3	0.0013950918330031111467	-0.0011398042349776867348	0.00049050282340689353201	-0.00018549691679030648646	-0.00067947597694838104791	5.2891394184819550013e-05
1	-7	-2	-7.3009061778497944808e-05	0.00091211635226212043996	0.00019845635314380631045	1.8423692208859170929e-05	-0.00073110176689257109963	0.0003915752534000530743
1	-7	-1	0.00012466812491371747837	0.00069489997587969770491	-0.00040913741871073471381	-2.636710057870022151e-05	0.0029886300558888603124	0.00087946967993059925548
1	-7	0	4.7258022497080926666e-05	4.5643220833305780579e-05	6.7511460710115607102e-06	6.5204601190436826979e-06	0.00071035994494862675884	-0.0012914574398997522367
1	-7	1	-0.0014645116794058921604	0.00030373209430856450966	-0.00040298397604700351548	0.00027880824214429513874	-0.0013563761529231325564	0.0016479256007015015157
1	-7	2	-0.00079899751674462123497	0.0024518530333568953027	-0.00014723456400736779372	0.00033837425123934628587	-0.00011582221565347664699	-4.1616637340735786318e-05
1	-7	3	0.0014436109197929999134	-0.00083327192324886333128	-0.00046201402944421422281	0.00011457781680468913637	-0.001559236375300833248	0.00054510554696056239248
1	-7	4	-0.00064428042709454712463	-0.0019744054371968722782	-0.00043846972310047368322	-0.00012794461965745976381	-0.00060625190865219215092	0.0002696982748986635303
1	-7	5	-0.0006597794416607388919	-0.00014906157112723936154	-0.0002576290338931497303	-1.5648483602399750205e-05	-0.00022872475911826187656	7.9044371820882206655e-06
1	-7	6	-0.00012520780058369065891	0.0001774128346044188888	0.00021692579309830255447	4.4774879206501109628e-05	0.00027394805871196805389	2.2668553306848150951e-05
1	-7	7	-4.2893507412087659015e-05	-0.00014890366655830511358	-0.00018445422747098642988	-0.00024981748417005132483	-0.00017832658355497392846	-0.00022854553180457916188
1	-6	-7	-9.7300228403385079353e-05	-3.6612544575700839444e-05	-0.00029796547256216515068	-8.8378708449204248609e-05	0.00024149894385280083211	7.0522815159932095109e-05
1	-6	-6	2.0497331924475812718e-06	0.00022416036806737136265	0.00020770573328265752653	0.00015244708215873234479	-0.00020736411108391626461	-0.0001150870208141704465
1	-6	-5	0.0011402648698898725822	0.00069335505910731462867	0.00043656905554582140167	-0.00097460147369414452598	-0.00029582989267701119808	0.0013081927802544362702
1	-6	-4	-0.00031028321794939384051	0.0012110018134625396939	-0.0010761637134206170595	0.00036589667065375539815	0.0015366747656435772104	-0.00024609455261499811954
1	-6	-3	0.0016722203004947411558	0.0024131896163428695826	0.0015479305073278063799	-0.0010305565857542840161	-0.0025384542478240324469	0.0028655097102895247044
1	-6	-2	0.0023766012709808964631	0.00035026539427817959859	0.0010145044250521402431	0.00045518383478282073169	-0.0018552126396659724978	-0.0011904188072093724229
1	-6	-1	-0.00014043591530815989271	0.0042468609663841739438	-0.00024875921360619542965	0.0013034142329843316152	0.001352119366329012631	-0.0035736244315218157475
1	-6	0	-0.00062588857034150124914	-0.0052817011978349452314	-0.00010431476172358353249	-0.00088028353297249083576	8.3905409488180807869e-05	-0.003423899192229407952
1	-6	1	-0.0070699649596512670682	-0.0044052698600234602849	-0.00054736235413119216624	-0.00088075583198735454566	0.0037857908348641142876	-0.0008792651319006673143
1	-6	2	-0.0032676159021972931915	0.0022024496529363651182	-0.00064689525826660241887	-0.0004541204410700298605	-0.00030687782370116060667	-0.0024635861496782721948
1	-6	3	-0.0019447492327259428575	0.0022137536861376212738	-0.00013003865060117633071	-0.00078646704450427136566	0.00038817244303962825493	-0.002310851984387750184
1	-6	4	0.00018183870295007271956	-0.00090336273564301427987	-0.00093953622934450121973	-9.0028594643631019989e-05	-0.0014547640197542699349	9.0797791945307039984e-05
1	-6	5	-0.00084350664977213241861	-7.2619886692574741834e-05	-0.00022711521020784669047	-0.00014130354032396844131	-0.00010383692229498955298	-0.00015504027105024719476
1	-6	6	-3.168154215170105269e-05	-0.00014729014082598298986	0.00030311123063168020873	-0.00054979259068513091843	0.00030839148765696372881	-0.00052524423388080037495
1	-6	7	-0.00022761986801981512777	-0.00030977519266690769096	-0.0001680879091301681796	7.9490069134641072493e-05	-0.00011155822668017057007	0.00011238794392496487707
1	-5	-7	0.00028280334228093545641	-0.00054001971355445508704	-0.00021229080707166927662	0.00030341856059824356788	0.00019203676823418311219	-0.00029387321664938186212
1	-5	-6	0.0011227143575818403567	0.0013909442414978825334	0.00066586162632703896607	0.00069271237563215998408	-0.00036776562900889243034	-0.00034543627277715287975
1	-5	-5	0.00045109739246850411466	-0.002652216625080387833	-0.0014485339021217389678	-0.0016781137118191432993	0.0015387533806154398992	0.0011476703868030658628
1	-5	-4	-0.00087895186666957485916	0.0038796946862870891615	0.00063588312583328125086	0.0018468662536284519669	-0.0010145918739589952513	-0.0013386591454637927767
1	-5	-3	0.0014458443277177808126	0.0031138095599092230868	0.0042822818907136666472	-0.0014119474576273682766	-0.0066551883752835171854	0.0033911822826820214177
1	-5	-2	-0.0086028182888370791775	-0.0067350128758789182953	-0.0018603381621249200518	-0.0028949559599283770754	0.00034943626089376097436	0.003869883461881483324
1	-5	-1	0.010618932431443458414	0.0047087465203578572626	0.0031324919694192968414	0.0012021481556846289225	-0.0050435274156530249257	-0.0013019942580652869163
1	-5	0	0.0071536986577348362151	-0.0074456677619622558748	0.0014307397315469671997	-0.0014891335523924511316	0.0030181952653192184108	-0.0039446312358517986868
1	-5	1	-0.0071372211191254751259	-0.0022408496450011783883	-0.0018996839921982832701	0.00035066753153168962959	-0.0023611988418659416583	0.0039941873026596262652
1	-5	2	0.0025834883908072161195	-0.009061350311587298631	-0.00011829054706775988842	-0.0014699772463342833991	-0.0015874705630730078215	0.00085573203995794049244
1	-5	3	0.0043586368268919159843	-0.00025121807358176220359	0.00045515664474830695328	0.00038740006111468155026	-0.00069428453438346053248	0.00072940612638505665163
1	-5	4	0.00038600242325127043881	-0.0017883213244304172612	-0.00079065985706286434371	-0.0013227944845005043528	-0.0010848254271413979716	-0.0012064127745180261257
1	-5	5	-0.00074615257786669810392	0.00016562809243096269845	-0.0015056599854138064468	0.00035410602485535982303	-0.0013564294698404668043	0.0003209804063691672725
1	-5	6	0.00023572881214005211186	-0.0010974971880015000139	0.0010224306853883775165	0.00079603576514370095237	0.00081273743580030589819	0.00084627933562000077789
1	-5	7	0.00060870324022843625388	-0.00029031862725388378347	-1.8517910268523889622e-05	0.00033789427599495674807	-0.00010018468451015080634	0.00028282714388980966175
1	-4	-7	-0.00078039256918490437342	-0.00048322414934532590802	-0.00073111603914001476769	0.00060837406228778122871	0.00030629594105359349721	-0.0004166743426423501098
1	-4	-6	-0.00071757994439843118383	-0.0013275154862288306677	0.0013594622618214831974	-0.00026450665485348590902	-0.0010259048319473940136	-4.4914811135814491721e-05
1	-4	-5	-0.0008710602184232663428	-0.0023702329002210716265	-0.00072187783882415596914	-0.0024600590279151013373	0.00040329022737467149591	0.0014940006422878666578
1	-4	-4	0.00050615360472674553009	0.0028913251973321282134	-0.0019667944361726596297	0.0028965457693050592619	0.0020933328373543458496	-0.0021737144699720272085
1	-4	-3	-0.0080396663649734984719	-0.0044053758435617868319	0.0033943286206125520763	-0.00036030047637050931263	-0.0072056602824745689256	-0.00098805797935991638258
1	-4	-2	-0.017000632432922768711	0.0011523568136849330137	0.0016575924770478186153	-0.001159343367663742512	-0.011815501170557020719	0.0028948651421699515308
1	-4	-1	-0.0054797757371390703671	0.00723429385447116758	-0.0016401998118047566178	0.0031796286335535879457	0.0010810235100799565379	-0.0054842206797431833354
1	-4	0	0.024047806977423567126	-0.014712853514199791816	0.0060119517443558917816	-0.0036782133785499479539	-8.5483293230582943815e-05	-0.0097065826680428554663
1	-4	1	0.013855482443344566482	-0.013211141378673969815	0.0057921122577472700099	-0.00057532563318974435512	0.0093129665876445152928	0.010909838845914992395
1	-4	2	0.0093565217650793588294	0.0032791724586743089404	0.005828623491008232127	-0.0059458893543040550536	0.0069789860994767848393	-0.01353136493794526371
1	-4	3	-0.0052714200381309842328	-0.0053981454557372006084	0.0020113510208698190916	0.0032131935453462690498	0.0044389413738700868664	0.0060836398790407586468
1	-4	4	-0.0044333096942619845682	0.00025223439588507531612	-0.0026325489395745880171	0.00064552663126350023903	-0.0015242215160090916582	0.00058246803229223143711
1	-4	5	0.003694680079281261343	-0.0016781186812512257148	-0.00028622730321701308478	0.002948921522913341281	-0.00096791785842986267138	0.0026947609545809182545
1	-4	6	-0.00026916879393435697325	-6.2880987516021635649e-06	-0.00084023871724042383316	0.00081645474253125792895	-0.00051529767917122301472	0.00054535117814610563174
1	-4	7	-0.00078761055966185549056	0.00072411383933874615398	9.4078577976441164939e-05	0.00050166437891676664285	0.0001662749816525171682	0.00018322052518976003252
1	-3	-7	-0.00028877701304251622138	-0.0012281531759947537669	-0.00096371225877883172871	0.0010817457997951039021	0.00037176568047056843128	-0.00063905579648286644969
1	-3	-6	0.0015700735542737364551	-0.00011367669711001618371	0.00028533929442541494312	0.00089940382818682294841	0.00011900927849958194214	-0.00046864803027841416471
1	-3	-5	0.0028602342825719611827	0.0014512078928711697259	0.0020127259751320969623	-0.0044069701107887467376	-0.00063558872856486607096	0.0029344236450474818143
1	-3	-4	-0.0083404377916764613904	0.00039423828640360053131	-0.0044387719918355739504	-0.0087483220772713535945	0.0012439695459575646815	0.0066598011295544157218
1	-3	-3	-0.0023683529344754776849	0.0044939860500305102778	0.0034713805964879636615	0.0020740865282053268584	-0.004260831574646455934	-0.0005760911781951565851
1	-3	-2	-0.017092035749809685041	-0.0089644701999999128889	0.0079749424383285059253	-0.0037065720389932461237	-0.020508431532397602276	0.0010776229584899125243
1	-3	-1	-0.022966512734240947247	-0.0087077634348053014474	-0.016381660389344878531	0.00078975811600875034553	0.026178468433793691816	-0.011077037782831552701
1	-3	0	-0.014738251173682012304	-0.0096471357117094633238	-0.0049127503912273374348	-0.0032157119039031545858	-0.011831195358118969455	-0.01800780648524093544
1	-3	1	0.00094809957071044070193	0.008902674586361203693	0.0037947293020152246187	0.010270005377125671422	0.010436088335335233154	0.021907341545015810574
1	-3	2	0.019595900869778037218	-0.0039420002204607366633	0.010055216553028416965	-0.021769501355307162294	0.0052848743946536068383	-0.03068325192273037641
1	-3	3	-0.014026622104710831027	-0.0045155390568317492136	-0.008721599173627454446	-0.0021405102363554451804	-0.0040460584720571762807	-0.00063533055074486207304
1	-3	4	-0.0048410384922569701938	0.0074340671890354148577	-0.00045093422359933083964	-0.0085713044086858508619	0.00087205895536474433739	-0.0082869951037732418608
1	-3	5	0.0026734665063345088194	0.0088927260615845969	-0.0065494604211924142834	0.0026418318312939875064	-0.0044643695539823505941	-0.00019344611354052686529
1	-3	6	0.00047082101889564433733	-0.0028586473455338152865	0.00278901633880257677	0.0050052847806050940541	0.0013160379995853478067	0.0029790836145581829804
1	-3	7	-0.00030359966163397101788	0.0012367401519415722327	0.00064457802338198691948	-0.00096823218440847532915	0.0003196191045399902615	-0.00059163381502385682664
1	-2	-7	-0.0029601441472441357775	-0.0012321376389524049937	-0.0021071248068133627968	-0.0023615360956051353707	0.00017915792376894140617	0.00049870493603683797943
1	-2	-6	-0.00042228279251935033674	0.0020939758590583579592	0.003043294548094415547	0.00017227606887383435847	-0.0010848119814513635176	0.00029157062021844821608
1	-2	-5	0.00032639012640466453759	-0.0034831599841519287827	0.0035280952235621438132	-0.012539475909298946482	-0.0013459600641439245419	0.0043191583668891926628
1	-2	-4	-0.011077578776069293282	-0.00065593103208375482058	-0.0067929342009594145119	0.0018604424330689046507	0.00062707240646238361029	-0.0010942039745553910034
1	-2	-3	-0.011646258135053353527	0.026143514496220043863	0.0024167772136877941833	0.024420443299537970827	-0.0054932708541429809204	-0.0075657907009519650629
1	-2	-2	-0.016132363857576249855	-0.011130257963252980155	-0.0012486288498466686231	-0.039538435025389381816	-0.0068175530789414563043	0.033973306043762890871
1	-2	-1	0.030829950644201107451	0.028194118951142575075	-0.0015402856993534529313	0.027238246438137440203	0.033910522042908015916	-0.026282373925132305331
1	-2	0	-0.013106930390868253705	-0.0025360500690577874629	-0.0065534651954341268526	-0.0012680250345288937314	-0.050338246855400281543	0.010442972109472705225
1	-2	1	-0.012045943220012247932	0.030336417606255328128	-0.0049901288776220764989	0.0076544007982298550505	0.0020656854647680936328	-0.015027616009795619761
1	-2	2	0.01646763831599060493	-0.010611351688106285263	0.0058800597570004423456	-0.025900562142241109753	-0.0023537594009948609869	-0.020594886298187967122
1	-2	3	0.0025858481934346233197	0.016752388837003567151	0.030449677121295589538	0.0061081900860106685264	0.01943783534971885163	-0.0015120028883274104665
1	-2	4	-0.0035539837020360626717	-0.0015477055965623502144	0.0096527404556044880957	-0.01327726214854651858	0.0057148661533112593905	-0.0062517046751326714113
1	-2	5	0.0062377830610397099614	0.0092713312087862910504	-0.0019915470512886002986	0.00023474794028240621104	-0.0020441754327233819383	-0.0017603670656442956498
1	-2	6	0.000481700366288806631	-6.6338835585935202127e-05	0.001988797565718454334	-0.00012975155851396893134	0.00058264912752468360057	-3.2194046907000436651e-05
1	-2	7	0.0020973880743447156569	0.0011182028509442401999	-0.0011504225699218474654	0.00027316715803140290044	-0.00062831903059834440066	-8.1695504983062062804e-05
1	-1	-7	-0.0014368506373418229137	0.0010135369698179024119	-9.7092624139429766546e-05	-0.0015639306617421465904	-0.0001913940018860561755	0.00036820966165143561048
1	-1	-6	0.0026256341096296030926	-0.0011304817173227650097	-0.0010279298045350784407	-0.0010301630348447843484	0.00060892731902744692222	-1.67197804129967622e-05
1	-1	-5	0.002945746668082601348	0.0037229972056341260715	-0.0029875696151130596949	0.0077061255488076732187	0.0011866632566391321652	-0.0007966256686347094728
1	-1	-4	-0.011929870986280692938	-0.019354586948403827706	0.0082985922427254582567	0.0026976767468983395976	-0.0050571158072515373649	-0.0055130659238255413923
1	-1	-3	-0.0075333217272564754682	0.030659756626000303492	-0.0054525959119727024013	0.03136107899384153741	-0.00069357527176125790581	-0.00023377412261374363642
1	-1	-2	0.019144330625166339904	0.013756332060075425125	0.02191295288149100115	-0.02277818344890014321	-0.0013843111281623304062	0.0182672577544877833
1	-1	-1	-0.021105589335190185624	-0.051702264379202368672	-0.053480755113929460964	-0.0026781649172237438107	0.032375165778739271871	-0.04902409946197862356
1	-1	0	0.074765334947300102209	0.068529945500494751642	0.074765334947300102209	0.068529945500494751642	-0.018161816358261882731	0.080330524787358942307
1	-1	1	-0.040105064626020182905	-0.011450599585336406622	-0.022408467807220597279	-0.0013818975455046694171	0.017696596818799585626	0.010068702039831737421
1	-1	2	-3.0298171366118086954e-05	0.039736943351980684447	0.026003323323685465646	0.047608872028801096921	0.013016810747525791453	0.0039359643384102071043
1	-1	3	0.0017762451655849527312	0.0047887270723261264257	-0.016734012149531105745	0.0039144805787511127021	-0.0061700857717053537652	-0.00029141549785833778139
1	-1	4	0.0094877594312070632349	-0.0026416722657652182832	-0.00088169495621705283681	0.0079016900334043134457	-0.0025923635968560288824	0.0026358405747923829322
1	-1	5	0.0050461564762094776593	0.00033121101720402031012	-0.0057160828796367687404	0.0027460962352200955251	-0.0021524478711692491932	0.00048297704360321510805
1	-1	6	-0.0016835818594213851525	0.0043718630400825511315	0.0044060937492908236468	0.0024986574047113031469	0.0010149459347853682055	-0.00031220093922854134883
1	-1	7	-0.0006875454835043175476	-0.00061132952113403227733	-9.6056553837346511497e-05	-0.001868662532112586299	8.4498418523853001286e-05	-0.0001796190015683648525
1	0	-7	0.0016052990605680264244	-0.0014377135775293910323	0.001596802946632769598	-0.00019318155379152558248	0.00022932843722400377104	-0.00020538765393277014747
1	0	-6	0.001226661135422480722	-0.0040690546878212477747	0.0010593918461506016473	0.0026473136915843528162	0.00020444352257041343559	-0.00067817578130354133192
1	0	-5	0.0020408166448416592206	0.0015549298921432759546	0.0011513171312434841882	0.0025931298235798562295	0.00040816332896833186581	0.0003109859784286552126
1	0	-4	0.017049392648636370329	-0.0069153465777652654844	-0.01472425875649856393	0.025501152771979486433	0.0042623481621590925822	-0.0017288366444413163711
1	0	-3	-0.00042930394075459582569	-0.0015418976891543069441	0.0002947339866092415551	0.01918862445238740666	-0.0001431013135848652662	-0.00051396589638476894522
1	0	-2	0.020014647408525751415	-0.028358294474758863335	0.031838273893431037753	0.050283448481293874233	0.010007323704262875708	-0.014179147237379431667
1	0	-1	0.032233157200879075654	-0.015371799413642313337	-0.024569220010780379315	-0.024441410142147110274	0.032233157200879075654	-0.015371799413642313337
1	0	0	0	0	-0.071456197174613239609	-0.12342683973663119701	0.097314769406830717302	-0.10498305570740995574
1	0	1	0.0006282542510254575472	0.039685812964413744175	-0.043929846161351752964	-0.093305237441929422815	-0.0006282542510254575472	-0.039685812964413744175
1	0	2	0.03116850933449590022	-0.022720845577040595792	-0.043484228498491976633	-0.001814506647171581534	-0.01558425466724795011	0.011360422788520297896
1	0	3	-0.017085828278841020539	-0.027726011710466565846	0.010654263790900219203	-0.0037558647877665531957	0.0056952760929470068463	0.009242003903488855282
1	0	4	-0.0043119444787324129331	-0.011644427453309846854	-0.0011139075101870901923	-0.018217643289367865117	0.0010779861196831032333	0.0029111068633274617135
1	0	5	-0.0076142483487503329759	6.8240866592723266112e-06	-0.0023137413888469978047	-0.0019807635036976473618	0.0015228496697500665518	-1.3648173318544653646e-06
1	0	6	-0.0040231504709492887581	0.002226631954294748441	-0.00065550387776135306522	0.0046131064733867001293	0.00067052507849154816249	-0.00037110532571579140683
1	0	7	0.00017097422115293936539	0.00078375589229016235076	-0.00068209411143902310814	-0.00014023860222143864581	-2.4424888736134194088e-05	-0.00011196512747002318716
1	1	-7	-0.00049497494081545572765	-0.0016329747767314631464	0.0010167975837402289541	0.00055152274346175790554	7.4546091846396198444e-05	-0.00015449314760995790704
1	1	-6	0.00039842958945233818016	-0.0038390274946620908669	0.0019690652457885963848	0.0026351250745200015951	0.0003945824725401557518	-0.00020065040335701483346
1	1	-5	0.00098434709175056677929	-0.0014774128978316800921	0.00015274235609424052936	0.0019827427959426334285	0.0002274178895689614292	0.00010106597962219061307
1	1	-4	-8.0774027154237215318e-05	-0.012167414026802835653	-0.0042116834260033436318	-0.0045175184858250588826	-0.0010731143632893953236	-0.0041712331281569736338
1	1	-3	-0.020212005740163789536	0.023796522671249056846	-0.0045924013976645213994	-0.0095779627836627551085	-0.0082681357126094378457	0.0047395199625287660894
1	1	-2	0.040400466914201974	-0.031061772692645275851	-0.0058577755138038778773	-0.0095992966428818903013	0.017271345700199048495	-0.020330534667763581341
1	1	-1	-0.026848539078186305779	0.059411892798761627155	-0.015886436815745121065	-0.084163372550302456565	-0.042734975893931430313	-0.024751479751540825941
1	1	0	-0.02408717330090124481	-0.043355482753658157458	0.02408717330090124481	0.043355482753658157458	0.047803467941759165971	-0.077451913433907906836
1	1	1	-0.041399940495930855067	0.011475474282992130862	-0.015226723015482253668	0.038731805335394497991	0.056626663511413106999	-0.050207279618386627118
1	1	2	0.0066979405250012476539	0.027296290974947574892	0.0066798823324376770463	-0.038674149939632189443	-0.0066889114287194623501	0.0056889294823423064082
1	1	3	0.0065114342654034925578	0.016190174366966427616	-0.0011011869492847708909	-0.012319936153498656575	-0.0018034157720395740335	-0.0012900794044892578086
1	1	4	-0.0022421154236932894742	0.0033622421870195700645	0.0066002490802567360256	0.014329644427149425961	-0.0010895334141408617463	-0.0044229716535422493318
1	1	5	-0.0094004493832308810147	-0.0029295184854541381388	-0.010952601102175938894	0.0024102549987214368435	0.0040706100970813643286	0.00010385269734654024821
1	1	6	0.0029306669392208449347	0.0017207037999964623805	0.0030058960594330297669	3.1805564035921475412e-05	-0.00098942716644231237799	-0.00029208489400539729012
1	1	7	-0.0021203643879088331092	-0.0018216496054468758487	0.00032188055667041622597	0.00056982789965725295575	0.00025692626160548812618	0.00017883167225566040941
1	2	-7	-6.4633606690964111687e-05	-0.00063166001429979955119	-0.00086222957388048648147	-0.00079177421584494778965	-0.00025558467920741958015	-0.00031645834942709932759
1	2	-6	0.0035360695271361777814	-0.0049689875227238115146	-0.00062836334920556285045	0.0032282958554760592985	0.00037989047145417536482	0.00024793403137138460409
1	2	-5	0.0046760303228700608388	-0.006815028301000271467	0.0019678306919508736089	0.0025665759038428419096	0.001722338341354361568	-0.00033637529866291756208
1	2	-4	0.0018306191008488372201	-0.0025766970687154029142	-0.0014073888098517068311	0.011426329919250093406	-0.00024603962971364416474	0.0050689906924461965165
1	2	-3	0.009115295700456736705	-0.0071905278636303594439	0.012980934042995537214	0.017823677517900048811	0.011692387928815935888	0.0094856090573899130153
1	2	-2	0.018832132529744992355	-0.0024889195255572908565	0.011866053556942349548	0.0087877422001143533359	0.021282119821814843991	0.0075432824373357068234
1	2	-1	0.029601836598029850761	0.01402393424382207196	-0.0094503604314833487138	-0.00099169658129257204707	0.010701115735063151599	0.012040541081236928733
1	2	0	0.026249433904875094092	0.02565600077776110377	-0.013124716952437547046	-0.012828000388880551885	-0.025392254412643231604	-0.0086687271213514716095
1	2	1	-0.021660528666380077928	-0.024628792732841710972	0.0025757193214369904916	0.0020964288912436561396	0.016509090023506096945	0.020435934950354398693
1	2	2	-0.037349094211008772304	-0.013382485887954549686	-0.0014403661084591938817	-0.017855348616298751668	0.020114913213963581118	0.024546591560276026511
1	2	3	-0.0025682768500465856173	-0.0024653983815042064195	0.010467171385127246874	0.0093650993483050341132	-0.0061220219734026354655	-0.0054216001050352872689
1	2	4	0.013518863609529455441	-0.010564079627204727915	0.014041622789071374344	-0.0040794003481389130503	-0.010400527296918050599	0.004680720080870638504
1	2	5	-0.0034418525092828012799	-0.0036667777939587546145	0.0002475802898507991354	-0.001090359659107598524	0.00058933838591624060181	0.0011694994224347903325
1	2	6	-0.00088782166811752778312	0.00077085935875029589544	0.00046221694668642358296	-0.0029796269900159021334	-6.1020375425532245376e-06	0.00086473243688025126872
1	2	7	-0.00029192776902199754283	0.00098019238936171470059	0.0011341410422366731119	0.0014542879992466978267	-0.0002823363307787640818	-0.00055553834112215857554
1	3	-7	-0.00048390537827402117918	-0.00057332465656096331334	0.00038992946874189806598	0.0018532118924069408868	9.7983289707381863694e-05	0.00071233014580855138174
1	3	-6	0.002139718809933366557	0.0032089208929311306001	0.0052713152021275208256	-0.0017627430850791613731	0.0029922774027193212165	-0.00034655139371772558654
1	3	-5	0.0018375220866252634563	0.0021458301539129588133	0.0024923592844701483728	-0.00046897905033943662265	0.0018629199880071415849	0.00014777860057892978907
1	3	-4	0.0064935142032939178677	0.0064574207627001436668	0.0023187208441675048048	0.0029617570269287640979	0.0033624191839491082874	0.0038356729608716088817
1	3	-3	0.017655291186956727917	0.012072310278786737778	0.0040004594049794471589	0.0044899174244047521803	0.0098855564672983564645	0.008514020850666997528
1	3	-2	0.010148115808614518313	0.039010208829650082352	0.0056536187037117147797	-0.0096055853440639282076	0.013554485959874832193	0.0050967263987291479971
1	3	-1	-0.0024713359456812666534	0.011666248417904884899	-0.0027659555541617573439	0.0019325358830005621904	-0.010769202608166538251	0.017463856066906570386
1	3	0	-0.0040942068267492710137	0.0020191439784362267239	0.0013647356089164237435	-0.00067304799281207557463	-0.015306942139947888812	0.017843855175966857884
1	3	1	-0.0038557099516087628421	-0.013052873884125324594	0.0096114200560081086006	0.0030681074526948191698	-0.024978550216415561225	0.0038485515260408675181
1	3	2	-0.011992532546396443907	0.018796382308733716043	0.012409001423965160954	-0.0035467367340991538469	-0.012617235862749520345	-0.0040780860532181268177
1	3	3	0.011872392681541690113	0.013804236520938510321	-0.012062780393981432925	0.0013714691955165475568	0.008105316166800869554	-0.005972881369162717953
1	3	4	-0.00032085800772579345808	-0.0069286843925657169707	-0.0053194479170936177781	0.0069389735144379889251	0.0040698004397516614541	-0.0034720590376870622343
1	3	5	-0.0020409289557094356486	-0.0024542501748857086137	0.0030673925950228373739	0.001897288124857366429	-0.0014322497658718154247	-0.00064752283993727802625
1	3	6	-0.0014096965833359713198	-0.0028620731122687512876	0.001338466108637382905	0.00071910315017036856126	-0.00043428362376269626869	0.00011746061029294094301
1	3	7	-0.00067607823335829448069	-0.0012848515893024961727	0.00033038963981617182905	0.00068759504245439475537	-4.5012955155745866781e-05	-0.00011113336258009830486
1	4	-7	0.00060909665293662409048	-0.00050549808585612500227	-0.00046769498217580471496	0.00083276957657789168164	-0.00018024046796665641498	0.00040365431720792023084
1	4	-6	0.00076354637354792353424	0.00040467851787114977576	0.00013179033580626363874	0.0017151831966120769952	0.00021511795279549633013	0.001210901884053242842
1	4	-5	0.0021855734608531140334	0.00066752986998073300055	0.0033389174778924789015	-0.0010251492720674232166	0.0031082486744846058412	-0.00068661344365779190813
1	4	-4	-0.0016055657977236898262	0.004037038010020179736	0.001456751216685544777	-0.0024970861161109133425	0.0010553597672546223205	-0.0014878266136058686253
1	4	-3	0.00060787280300103423408	-0.0021057628393145173644	0.0043622898844115683831	0.00088934192785194402138	0.0060190107802157695807	0.00048386829069775296125
1	4	-2	-0.0047051029235627463143	-0.0071631536389853327565	0.0046095137160756874395	-0.00096037146433577112465	0.0068664759703700025892	-0.0055023197481642088444
1	4	-1	0.013913478168244210187	0.017198554719774175603	-0.0039425916838601599707	-0.0042878229954724693743	-0.0018568885671964303462	4.7262737884299088631e-05
1	4	0	0.014261645123425523152	0.0017693673270839250372	-0.0035654112808563807879	-0.0004423418317709812593	0.021512515890302869037	0.017172853938544653529
1	4	1	-0.0059873262260409032889	-0.011817001934278882277	-0.0012705379135206566581	-0.00098548337470053632911	0.011069477880123530789	0.015758935433081027594
1	4	2	-0.012840231915489276962	-0.020922487499516206205	0.00068505751954956708907	0.0044976008867204861352	0.005050000918645504086	0.0014660419763171306153
1	4	3	-0.0043828103151385949116	-0.00511153257028416734	-0.0042976730148826585917	0.0019761286164843893179	0.0071911674582230767153	-0.00093099396521779682456
1	4	4	-0.0053836326700372055809	-0.0011237378647939869417	-0.0056264860501833539874	0.0025915997030912896019	0.0069723942176926553826	-0.0023106652368927930834
1	4	5	0.003547266484443740639	0.0008821326132316285526	-0.0023766419423894009737	0.00024992864731537622414	0.0011918602570227727379	-0.00037636944049862671152
1	4	6	0.00018650191275210777769	0.00092703492398907977583	-0.00064319234726951111155	0.0015176844792017887571	0.00039771124605432277808	-0.0011662954734660390798
1	4	7	0.00027400603442717072792	-0.00027419780225285708642	0.0004858106043546943126	0.00036286031706282798363	-0.0003167497788351353945	-0.00016817763799977926789
1	5	-7	0.00018743414259680729519	-0.00060126728390524062685	0.00037803620690128841679	0.0002466670217015436129	0.00029680216815760706965	9.0295403514639645563e-05
1	5	-6	-0.0005316165902483587077	0.0021940591301277479266	0.0013909573667120833998	-0.00067560317593672882495	0.0010705283738853431028	-0.00019732612492598267258
1	5	-5	-0.0018920650741739422282	-0.00079813716174694708614	-0.00048337234490264868389	-0.00043171001620913470025	-0.00086178535973743710785	-0.00059133744855852413917
1	5	-4	-0.0013849655318739805595	0.003445284592629064592	0.00090624505217425652733	0.0038822882401954267144	0.00078656493224932549219	0.0057141814484015498662
1	5	-3	0.00055293086281466062668	-0.0038821139327345419168	0.0014610685914833549618	0.0016470002199511139893	0.002619424606743811848	0.0014509623890070091987
1	5	-2	-0.0070236748965085329249	0.0039873639235711837853	-0.0001021087207094188129	-0.0016054842579705263551	-0.0037671092500278133795	-0.0020200286831407237784
1	5	-1	-0.00032359598919075001702	0.0053985861137694881109	-0.0021008764054898845103	0.0003034770257281031009	-0.010827978016640173869	0.0069159712424100043202
1	5	0	-0.0067838371204272784193	0.010554899988314976264	0.0013567674240854555971	-0.0021109799976629954263	-0.0070072514572155492063	0.0015087084938708516472
1	5	1	0.0018843103374947070289	0.0034334349359546271346	0.0017159219845316918754	0.0025758182143237541746	-0.010463920260153166189	-0.016312526007573397574
1	5	2	-0.0063846898158924064032	-0.00060164764598079627407	0.0019210559325985184474	0.00058294745524632739838	-0.0016102949235500927001	-0.0011565448151254205215
1	5	3	0.0062869679994039485635	-0.0057722704229716797347	-0.00041476927683299570811	-0.00086507016456572715778	-0.001404373871746323341	0.0033658737486001052107
1	5	4	-0.0014972026341557730274	-0.001901673191034066162	-0.00081094418167416981464	0.0010001536194875757565	0.001387980885631655498	-0.00077477372660095320932
1	5	5	-0.00072985476626018697035	0.0011537635803108572344	-0.00057523397191677045313	0.00075448165834046578958	0.00072120492516880780384	-0.00098523437440263734489
1	5	6	-0.00072670948065626118223	-0.00045056220514603628063	0.0007461032494552183314	-0.00095215389986293033457	-0.00050063446110330507913	0.00086855528407678132558
1	5	7	0.00053466256445094538681	0.00054527264775448629989	0.00031420226585855644047	-0.00064837200500098869649	-0.00030081055624910394905	0.0003852267681786367636
1	6	-7	-2.512709522612911132e-05	0.00031539205820770282312	0.00022651612580671260646	0.00027431786263232152759	0.00019056709423059237075	0.00028018560485737600612
1	6	-6	-0.0010053055041265655366	0.00066995857735004311125	0.00022614941112903693505	-2.5836652013457444161e-05	5.8598493774609352388e-05	8.5823110878216420138e-05
1	6	-5	4.5005202555242110709e-05	0.0003594482718525500789	-0.0010451147102495093617	-0.00044533563766628228965	-0.0012451366117883627942	-0.00046251311082902874265
1	6	-4	0.0014862174362312915044	0.00053173569486539989676	-0.00057135523210177546934	0.00059348101183295841939	-0.00048547848909484038211	0.001023155441465787522
1	6	-3	0.0014736268113685023484	0.00012779938477606951402	0.0010049804816359047058	0.0014446072237225412397	0.0025011699003946435277	0.0029318142423704392913
1	6	-2	0.0034973824229901574918	0.0025585675947375373027	-0.00021982516234160084565	0.0008280621504313241503	0.0010892157244702762361	0.0037634702486627411022
1	6	-1	-0.0027055709486957144581	0.00083167267644453145379	0.00062373354462273472749	-0.00018481961207955687268	0.0010368303190406939068	-0.00027724499603280972808
1	6	0	-0.0017804192717720121117	0.0042383381761086644582	0.00029673654529533533388	-0.00070638969601811074303	0.00013436834545238381935	0.001511124681529065145
1	6	1	-0.00097068772361002695834	0.0007383110430121506574	0.00083539916757047086131	0.00037001334874456332088	-0.0040417072818127982095	-0.0029583911354795306911
1	6	2	-0.0011491297547460493315	0.0033794320460732813968	0.0010391964850667773698	-0.00059097813535571332415	-0.0025430245778273077688	8.3218383030499368919e-05
1	6	3	0.0014440828780177131837	-0.0018773424384550844654	-0.00034349029900262247235	0.00018341680720409923736	0.00020561963866600724391	0.00025894719841016306796
1	6	4	-0.00013033077403553554405	-0.0017871033978456318282	-0.00014817336787668812948	0.00026641791409752203475	0.00025484274532391610734	4.7148978315124898152e-05
1	6	5	-0.00038903211241693506613	-0.0013726171516571161399	0.00012875320282275856654	0.00027475937621799508773	-7.6697420903923274756e-05	-5.5187821130170903051e-05
1	6	6	0.00059679212828511849116	0.00079222517561478326617	0.00016769344710652647995	-0.00026634094636075370628	-0.00026715880182071288611	0.00013430341709162317999
1	6	7	0.0002759630127280515233	-0.00025116216240941537574	-0.00021704198474818957873	0.00028462094471767135622	0.00014661269939444083825	-0.00020808050084237324391
1	7	-7	3.6484768401571827815e-05	3.1374787616070963405e-05	-8.8194581894324313473e-06	4.7777198709547094363e-05	-3.6073484177793134511e-06	5.2259311226128665404e-05
1	7	-6	-0.00048542319243161043173	0.00050645441862587391516	1.8657289147489359508e-05	-0.00015021505777221120679	-5.9137028066530815808e-05	-9.0841830963267413031e-05
1	7	-5	-0.00040582001553302271763	-0.00083712408018914294047	-0.00064152219148488898171	6.4401353863357611146e-05	-0.0009792950711854490637	-7.7262920629127924358e-05
1	7	-4	-0.00084346504014687958412	0.00021186690888750988487	0.00014489709537025090009	-0.00065666778370483095024	4.2703656861219179135e-05	-0.0010962018942615766714
1	7	-3	0.00047551354368898256014	-0.00047037509410410534901	5.1004618413067746681e-06	-7.5226573098030445228e-05	0.00017040559219270998213	-0.00033232036859677283091
1	7	-2	-0.00010951921247076327971	-0.0020200819024284335894	0.00018141953546304377004	-0.00014144680853344881164	0.00058020876788527156204	-0.0015051047810812874864
1	7	-1	-0.0016888330948032651089	-0.0029348852468994912276	0.00030613818415687411899	0.00048816467911022912163	0.00045413419429485372405	0.00048226750687211256954
1	7	0	-0.0014704258406271822606	-0.00028703391895279283625	0.000210060834375311767	4.1004845564684686053e-05	0.00049070564190115606093	-0.00046070874129157380044
1	7	1	0.001737037004740703142	-0.00062386315183988344003	-0.00012804316433277733293	0.00034764414818935616578	-0.0008407348544112618928	-0.0018096458854856096662
1	7	2	0.001320868837752968341	0.0013299259865963044668	1.3329598957972262278e-06	-4.5514646353135772923e-05	-0.00066509977851177441103	-0.00050566173106217707223
1	7	3	0.0013186282736035621899	0.00061041770815263162071	0.00026076347467152372278	0.0002144176413886663302	-0.0010479908654347426956	-0.00070378039929109865308
1	7	4	0.00087881913784679905558	-8.1914621441701255394e-05	0.00018069849793538270166	-0.00020977425615802296264	-0.00053592715584861955278	0.0003875836036369654917
1	7	5	-0.0007231915118470431383	0.0010225619260907678303	-0.00039972876029493065609	-2.6622037687775968834e-05	0.00070425856678231154619	-0.00016724153245526720765
1	7	6	0.00044222434567470491089	-0.00062662987923389062983	-0.00036767052178294362935	0.0002274121939206320722	0.00035524488446765010953	-0.00016087591303508896119
1	7	7	-0.00018237893349512776281	-0.00025250842831522598078	-9.9452597820190563583e-05	-5.5001050807938718428e-05	0.00012550673117663738491	9.1073683424399578634e-05
2	-7	-7	-0.00012386695476929951995	-0.0004198054632131334148	8.0254269904940785216e-05	2.4157149579908927215e-05	-0.00011564482841045493184	-0.00014410156764080417455
2	-7	-6	-2.6395440936320164896e-05	-5.6989361782408494211e-05	0.00041416890177193254035	0.0001036389906401734756	-0.00049199553237936136107	-0.00013990860967433855068
2	-7	-5	4.8105333109371054381e-05	0.0005094705404810524231	-0.0001448212358606892707	-6.3854772875707025738e-05	0.00022199186344871340345	0.00029318489821841077275
2	-7	-4	0.00033459849719207795157	-0.00023612398975249732904	8.9305417831995741076e-05	8.3562469511419621825e-05	1.1014767390046432288e-05	-0.00026429631652123301627
2	-7	-3	0.00030989614142491760974	0.00088659170185535415842	0.00011408253510102927869	-0.00021707280266157217489	-5.9595154285789908187e-05	0.0010975643407805711713
2	-7	-2	-0.0016612978710982388448	0.00053769351788937537646	-0.0005415196150433568105	0.00038485487845710389171	0.00023402078155351012747	-0.0008092985567104882174
2	-7	-1	6.0824637867056363883e-06	-0.00041341687081687423112	0.00010964504980332368097	-0.00013835330120348166612	-0.00075535042104985449744	0.00014163936679062317354
2	-7	0	0.00043167900065693590259	0.0012600693741530279504	0.00012333685733055310728	0.00036001982118657945313	0.00016794797301057439809	-0.0014920606164835776425
2	-7	1	0.0014950915157473966544	-0.0015877319533536527439	0.00028971854559406721909	-0.00027370142615673967185	-0.00096215321233632288347	0.0012595539236101278933
2	-7	2	8.1609394278242132601e-05	-0.00047804860002170366986	-0.0001039143470463622373	-7.3559807381398584471e-06	-0.00044530960894050995637	0.00045230266743821414708
2	-7	3	1.2136228356656211566e-05	-0.0001188224686671736954	-0.00038186233197779828955	0.00014113418886864197935	-0.00089910292685263352736	0.00040852808647161373973
2	-7	4	3.97415859359298595e-05	-0.00039989186967490688825	0.00029456737257299320937	-0.00018418896802049070311	0.00049562210903477321375	-0.00012238475919840529987
2	-7	5	-0.00046648008116024737915	-0.00052147919566626654061	-0.00022393597931810510157	-0.00050646775014682868851	-0.00012691833858124816885	-0.00050046317193905352598
2	-7	6	0.00022137814063804382042	0.00016974847213785317513	0.0001870963259964706618	-0.00027713288017150705103	0.00014448633344986782745	-0.00037990451757937592414
2	-7	7	4.2145966835722292352e-05	-0.00011791063098623613518	1.5006392408699025377e-05	-0.00015658812882475789418	2.9646875984926558311e-06	-0.00012289937711440471657
2	-6	-7	6.3614126214643206426e-05	-0.00027133914141456533199	0.00020990224074982267609	0.00036621268186520138316	-0.00016174074172423566725	-0.00039142205343147701019
2	-6	-6	-0.00038590148453116542449	0.00056510841236234222746	0.00038735016370334207029	-0.00028683903827813364259	-0.00051598399188039717565	0.00047520850906558105174
2	-6	-5	0.0013324152816432917931	0.00022048098149731609622	-0.00055146140286835884214	-0.00041560102413874534496	0.0011947197960993473712	0.00058691362156542087412
2	-6	-4	0.0012313307013511647428	0.00031747017082376841448	3.0894066962989033542e-05	0.00032477142602974312484	0.00056932425023109882109	-0.00032842205363273045291
2	-6	-3	0.002069164541174115142	0.0022186495170427515504	-9.0449424848213576364e-05	0.00012747639465103210673	0.0015603418771458373287	0.0012241468887264370189
2	-6	-2	0.00094758245821363867173	-0.0028523320565297751762	0.00033239188365601660081	-0.00035273890415964760702	-4.9593192754411178139e-05	-0.0017941153440508320841
2	-6	-1	-0.0044940992213614791573	0.0024664434511144851976	-0.001268649116673018851	0.00061247867817166190725	-0.0013763037426848456421	0.0012580148331989989517
2	-6	0	0.0011121787551904350512	-0.0018148598511943370669	0.00037072625173014496286	-0.00060495328373144565282	0.0041569998813709837723	-0.0014641707090519548353
2	-6	1	-0.0037073880902125139376	-0.0021170695271908327242	-0.000835039787677179326	-0.0010575375540657066132	0.0024045374543619521361	-0.0021110862700125742307
2	-6	2	0.00080085360676169516612	-0.001187264539576279648	-0.0014805552104114395092	-0.00046580195390039054243	-0.0052425192379960136937	-0.00021014132212489189801
2	-6	3	-0.00035715291088155552441	0.00014004250256502949403	-0.00079793266811965162053	7.8513074497188229143e-05	-0.0013577633956515994858	6.3664480617690128936e-05
2	-6	4	0.00096576402719557904574	-0.0010291402499363283638	-0.00044908293016966520372	0.00020680644595769817683	-0.0011565064088522873827	0.00082477979390471137938
2	-6	5	-0.00089837324294523516338	-0.00063117731075465444927	-0.00030147951565293187133	-0.00014244165676153598427	-2.4261216054241571161e-06	8.1540936188018595869e-05
2	-6	6	-0.00017611547384007019833	0.00033204953467677746732	-0.00044206490878214452309	-0.00011629548833182213349	-0.00038335975083545446602	-0.00022697866655741461808
2	-6	7	0.00022992770614988040033	0.00015508578818762176082	0.00022641202696467363086	-0.00033729538560422529661	0.00012837382135546870432	-0.00033342055571437074959
2	-5	-7	0.00015549077112228445194	-0.00072999797315507607837	-0.00080215304833344629708	-0.00034832515675218504031	0.00061739239770168573892	4.0232833921539011242e-05
2	-5	-6	-0.0002520915625842111733	0.00070556751236260941383	0.0004698567449596542352	0.00032551797942259282689	-0.00047557780832778228991	-3.6075812064624192949e-05
2	-5	-5	-8.3607262516743614377e-05	-0.0010033195292746478929	-0.00060227839018212525266	-0.00022081516831226426483	0.00056883548517542778522	-0.00018051264339759488147
2	-5	-4	-0.0028760301498532286901	0.0023862456249301271238	-0.00017654919797492981846	-0.00035060771439453318043	-0.0012173285774579520584	0.0016313824554582299561
2	-5	-3	-0.0016216641882050735791	0.0020489074857293959261	0.00035830469687710050355	0.0019375955940141948927	-0.0016782839535985499824	-0.0018633876662040608704
2	-5	-2	-0.010057534579607970912	-0.008821568327073599225	-0.0027715578912016211946	-0.0014194749684557717365	-0.0031286398516039183593	-0.0052728809059341703175
2	-5	-1	0.006445081915733804831	0.0026278715706297734074	0.0025688983021825446268	0.0016004378361563632426	4.5672320554886317913e-05	-0.0027464460395222687478
2	-5	0	0.0044736949557335273231	-0.0054557175633509870719	0.0017894779822934109292	-0.0021822870253403949155	-0.0019776339512881922246	-0.0029770481432536181031
2	-5	1	-0.0018691162078500924825	-0.0099465168365183726645	-0.00098966145806374163779	-0.0055567281477295260225	-0.0012100748746185227903	-0.0078906070656108873856
2	-5	2	-0.0017940059136157381764	-0.0018289564029492617024	9.0954127765428709928e-06	-0.00042293774029383759006	0.0018167444455570952531	0.00077161205221466767305
2	-5	3	0.00111915094698306441	-0.0022716599888131161142	-0.0011642538272176731259	-0.0021205150865422389868	-0.0026865236766848315554	-0.0020197518183616542352
2	-5	4	-0.00074995327975635505194	-0.003579722750645872309	-0.00019346078801397238777	-0.00014857342876885401475	0.00013315065486071205481	0.0016041445893618688258
2	-5	5	-0.00033736193130354003456	-0.0016666847069194076509	-0.0022831329631589933164	-0.00020570267960849216641	-0.0021481881906375774327	0.00046097120315927088852
2	-5	6	-0.00088354760257600270176	-0.0016872679742878820327	-0.0006709633789247179984	-5.4530734236093529848e-05	-0.00026462028157859743141	0.00051698037956588273941
2	-5	7	0.00036598252395351484577	-0.00059060386124932888995	-0.00035838283710307899162	0.00026935449813010321589	-0.00036055417620320352138	0.00036114003044988201088
2	-4	-7	-0.00048269843063895813331	-0.0017873176557844411456	-0.00013867955618800440311	0.00057497260230026888718	-5.8668376646556955436e-05	-0.00083921796010999396166
2	-4	-6	-0.00044375958934268880428	-6.381702646626367199e-05	0.00060532569231916194194	-0.00058076456422394425686	-0.00055147032466033754465	0.00036590403399387494724
2	-4	-5	0.001586473611379076408	-0.0015334808032147237249	-0.00059253319828814405602	-0.00027006704319848138726	0.0011086160031821459381	-0.00039733868672710439098
2	-4	-4	-0.0035221764163584773355	0.00021440313646459626946	0.0012648157160796624429	-0.0041828951666015665861	-0.0030259039242589011107	0.0042900967348338649512
2	-4	-3	-0.0061038907625744617466	0.0066923125789268480407	0.00064974023654082631047	-0.00046972344284493521699	-0.0049355808237707427671	0.0050878396430778126056
2	-4	-2	0.0027508271522620267313	0.0020591698159245605711	0.0025536482757840270677	-0.0010882087035325247858	-0.0023564693993060269704	0.0042355872229896101427
2	-4	-1	-0.011822572641531163204	0.0052997829087386184865	-0.0060881485947961852187	0.0036790509097129496172	0.00070744909612241598483	-0.0041166378213745623629
2	-4	0	0.00051852983743986072462	-0.0033074860649865665818	0.00025926491871993036231	-0.0016537430324932832909	0.010487842557438450258	-0.0055237830969601482353
2	-4	1	0.00050636073318302793171	0.0022338680497096022846	0.0004164330710146946289	0.00027232563510505840721	0.00065301081769272243532	-0.0033784335589989709404
2	-4	2	-0.006778110142551266315	0.0042657211862682318376	-0.0065688475608978898201	-0.0031346180912944390622	-0.0063595849792445133253	-0.010534957368857109095
2	-4	3	0.0098278461706424232597	0.0032706031535333396527	0.0060938679034333639167	0.0027843618947959564679	0.0015732597574828694267	0.001532080424039048783
2	-4	4	0.00078213128673331822407	0.00055034084254465694651	-0.0025049713851604347298	-0.0034203754129953434573	-0.002896037028527093625	-0.003695545834267672039
2	-4	5	0.00039278598312882876797	-0.0026176265628339366424	-0.00091046887931346231863	0.00043777647784895443389	-0.00088548949670230140546	0.001397271807412738074
2	-4	6	-0.00097997180235024055478	0.0011757144541692490965	-0.00043447014689576910059	-0.00086411236366834055529	3.7010502852900798083e-05	-0.00096797972716864333007
2	-4	7	-0.00033890656601167349531	0.00052478102936373072825	-0.00021603315252569281024	0.00021740080655247644398	-2.6617068297060599447e-05	-2.5708404645365102553e-05
2	-3	-7	0.00089454736840059213571	-4.5598534455698779195e-05	0.00057036823901795161498	-0.00027159228458746993403	1.1141431392475634532e-05	0.00010336854069300175491
2	-3	-6	0.00050846570787950874475	-0.00096143205962987093958	0.00056370587664193608311	-0.0010498465656920900717	-0.00011236436902779845545	0.00020444592963608803791
2	-3	-5	0.0023944084491541819427	0.00055519248836221658534	0.0025734952823264307595	0.0012551363298403731255	-0.00058633378973418578701	-0.0005310048025593371978
2	-3	-4	-0.0013499872739072488539	-0.0068028975891827421149	0.00078435415144599259299	0.003085327551407028232	-0.0012632592505381187633	-0.0057154444581466422315
2	-3	-3	-0.00054097496199200553312	-0.010499794315416604087	-0.0043105473951188877715	-0.0043924890308916211476	0.0039498974204575506772	-0.0026073738460527817219
2	-3	-2	-0.012296684369486270139	-0.002423678608105855458	-0.0074018344265696081261	-0.0026056293192835955873	-0.0011939327296318568653	0.0014847653708195381397
2	-3	-1	-0.0061476637962232395102	-0.024191161693851544884	-0.0078195440442900155525	-0.022736903324550753608	0.011163304540423565903	0.019828386585949171056
2	-3	0	0.022881518932894851642	0.002101367817599536069	0.01525434595526323385	0.001400911878399690785	0.022416450085976698942	-0.011318021326049317044
2	-3	1	-0.0049141919792735459793	0.0021343334326686426439	-0.0037189684623260520213	0.0023528799461896929973	-0.0013285214284310643221	0.0027899729732317937042
2	-3	2	0.0032947297330016447718	0.021367676631898487039	-0.00053103451194190986941	0.004901545831950461854	-0.0040912815009145099554	-0.01401535788397279339
2	-3	3	0.0058456904156505562487	-0.0093803364805783960578	0.0030951834236756414938	-0.018945343065088458834	-0.00080194352009139622216	-0.012691785411369529285
2	-3	4	0.0014202908204526286298	-0.00099837650984237321858	-0.0072129755377170418421	-0.00335813207413056692	-0.0061198770635140960217	-0.0020194108006767385807
2	-3	5	0.0028647730491473742502	0.0018145507834212647701	0.00089025588514405793687	0.0022084068538384994673	-0.00061175568857251493796	0.00059922379893459368563
2	-3	6	1.7065820203753799035e-05	0.00010671890101908565311	-0.0011396464535308973177	0.00035877081124530162994	-0.00057551183350003322012	0.0001438124386162889306
2	-3	7	0.0011953115844644133983	8.5722292428114726459e-05	-0.00065224257008306986937	-0.00098714320033148773154	-0.00062105012559686238998	-0.00044755345512152754431
2	-2	-7	0.0013304702907056375604	-0.00016171619151415911309	-0.0004252102009787489729	-0.00098076877651574680302	0.00050162299762411045358	0.0002340150242861679269
2	-2	-6	-1.6806488253557597975e-05	0.0017209407016335373074	-0.0019581974943658395603	-0.00046435240381669271948	0.0006471303353707606688	0.00072843103515007672985
2	-2	-5	0.0059957329788945428264	-0.0015417386416989038288	0.0021890375553765316699	-0.00033901668085545007096	0.0015226781694072045927	-0.000481088784337381514
2	-2	-4	-0.0014639625077368561071	-0.0038355072425514447933	0.0090566997950988353816	0.00047337435324025105331	-0.005260331151417846178	-0.0021544407978958480046
2	-2	-3	0.0043435882000815162485	0.0094821811978583574188	-0.0097944485349878030594	-0.0018569113803569505146	0.009425357823379545627	0.0075593950521435377549
2	-2	-2	-0.0010936569809276638909	-0.0071002622625925340683	0.0051981478590427399045	-0.02398110869098427772	-0.0062918048399704037954	0.016880846428391743652
2	-2	-1	-0.0022790151062753285019	0.0037544399632334821658	0.0064024840230275303563	-0.0089566919115999458351	-0.017362998258605717716	0.025422263749666856869
2	-2	0	0.00091679761341721536291	-0.011319912702153425363	0.00091679761341721536291	-0.011319912702153425363	0.026862752994060094813	-0.019525967855061453909
2	-2	1	0.020964132791835544956	-0.0074066704033970819782	0.01053178159085759423	-3.7416732594054832525e-05	-0.020864702401955901451	0.014738507341606053858
2	-2	2	-0.0095175891748859094837	0.014622292814232849822	0.012831930329065740007	0.018134808237676748599	0.022349519503951649491	0.0035125154234439005113
2	-2	3	-0.002911691461130525363	0.0011109092188340188162	-0.0023148221344727140138	-0.0064401280524850942205	0.00039791288443854084525	-0.0050340248475460756469
2	-2	4	-0.0016972497476699453366	0.00029193757702077104219	0.0068024283535087822633	-0.0096131005874782772536	0.0042498390505893643421	-0.0049525190822495238768
2	-2	5	-0.0026489361967307416788	-0.00035963250311265378047	0.0016734785458436542919	0.0062991064428478630438	0.0017289658970297582582	0.0026634955783842065129
2	-2	6	-0.00189003676222348929	0.00015207159177750735612	-0.00077151058693202131337	0.0023944263835181550139	0.00037284205843048936167	0.00074745159724688258873
2	-2	7	0.0011030366048021802896	-0.0012908130495263288144	-0.0009908037110887221461	0.00010094353055611844693	-0.00059824009025454352208	0.00039764473716641352647
2	-1	-7	-0.00060621121802432521072	-0.00082693957310366126689	0.0010388892319839371399	0.00038150899839102428001	-0.00032161595257608396057	-0.00029076973494262094242
2	-1	-6	0.0014853212325451386946	0.0032968265990470017705	0.0012433652938859951487	0.0010379006887692838156	0.00028787952853404704008	0.00092595875155411988197
2	-1	-5	0.002631773749615139938	-0.0023901366558581309957	0.00091271796694046016495	0.0018168453787019264636	0.00087016590645796392054	-0.0013194237380836377344
2	-1	-4	-0.0064284221813751540875	-0.0042508741407764919981	-0.0096214900871046549896	0.017847013357391791621	-0.00080883856891141329634	-0.0065871904097361934707
2	-1	-3	-0.0043760717424777906617	0.0025396139860709827062	-0.029964656272585342422	0.014840411433183549328	0.0070708375958765867439	-0.0032537278203471943494
2	-1	-2	0.0081966136229272585495	0.01830596608529910449	0.0017352916427047992368	-0.0062632335384565024708	0.0073289678015748599069	0.021437582854527355292
2	-1	-1	-0.018246675003476462568	-0.027250151398601235586	-0.033599539601836383995	-0.035447978679539110525	-0.0028938104051165446096	-0.019052324117663360648
2	-1	0	0.0070999762560847428511	-0.0060036259014412708679	0.014199952512169485702	-0.012007251802882541736	0.013765664376896585494	-0.038982549038311602174
2	-1	1	-0.0084882809447675792308	-0.0014839712357217716907	0.038484990450630356118	-0.0043194999954110965129	0.05546155234016551111	-0.0013515575239675529148
2	-1	2	-0.00036880930918420184008	0.015982246177030135642	0.028973811041535603439	0.0011055837270020419435	0.014855714829952003722	-0.015429454313529114562
2	-1	3	0.0026375096188799669258	0.0081013499577028986326	-0.014603429655992972852	-0.011506124536474758233	-0.0066261496312509694795	-0.0092362748172935184993
2	-1	4	-0.0051585242742230022137	0.0051979923099436161488	0.00011460820239345611833	0.010112291240270682505	0.0026079141877098648179	-7.0923344904137759922e-05
2	-1	5	-0.0041461827252430669827	-0.0009034263377065880965	-0.0099754888255290143084	0.0038094552968496240945	-0.00033662467500857615535	0.0011232615944525600575
2	-1	6	0.0011759682420542419932	0.0009319159187607073359	-0.0016327094228434149963	0.004751240004632220279	-0.00066410765115864983047	0.00048123469451846761927
2	-1	7	0.00086455709050639812166	-9.7443948335322415734e-05	-0.0003177668600766010102	-0.00033516644828978725892	-0.00029241157729848529095	-2.0039793088448916756e-05
2	0	-7	0.00073685761622824892583	-0.00054831421624386097492	-5.0884172934232095576e-05	0.0010564794261571583151	0.00021053074749378540738	-0.00015666120464110315893
2	0	-6	0.0018018635630506752137	-0.0022321211067531819203	-0.0015723043538868261559	-0.0025904757764918405136	0.00060062118768355844071	-0.00074404036891772737904
2	0	-5	-0.0014392373801592305959	-0.00375202546390886486	0.0075394565074327728194	0.0091007554870051275003	-0.00057569495206369228173	-0.0015008101855635458573
2	0	-4	-0.016045558264996141046	-0.011857177379878703141	0.0031487277264056314288	-0.0011945504668060252101	-0.0080227791324980705229	-0.0059285886899393515706
2	0	-3	-0.025099277402297271583	-0.013631017011970700953	0.0090546669308637292573	0.022256814307073807119	-0.016732851601531515545	-0.0090873446746471339686
2	0	-2	-0.0055838783542977651897	-0.028133639985477847112	0.033773427028345577583	0.015285379919840767771	-0.0055838783542977651897	-0.028133639985477847112
2	0	-1	-0.0056673804574802304213	-0.012863796406334391739	0.0052641945538244565989	0.029300485419009258958	-0.011334760914960460843	-0.025727592812668783478
2	0	0	0	0	-0.017122030128296657908	0.016286538986883820901	0.0077090593354253401578	0.015417232102633890434
2	0	1	-0.00063440476331386608678	-0.012080956800969034487	-0.027013659162706548517	-0.011415420501302149872	0.0012688095266277321736	0.024161913601938068974
2	0	2	-0.015792989579526635346	-0.0085061591798265747538	0.015976955559133993595	0.013375996240927759753	0.015792989579526635346	0.0085061591798265747538
2	0	3	0.018403837166726652597	0.014470455353784715188	-0.0051915536636130601295	0.011746456122833781946	-0.012269224777817768976	-0.009646970235856476214
2	0	4	0.0046167901051268394816	0.0069365336470603158533	-0.0099751346633174357847	-0.019823424875743164697	-0.0023083950525634197408	-0.0034682668235301579267
2	0	5	-0.0058475050166571194976	0.0017392006834051952722	-0.0043421595374712402063	0.0016951915343912807646	0.0023390020066628479725	-0.00069568027336207815224
2	0	6	-3.6427372613078665706e-05	-0.00018399817398554230478	0.0038574266707067012862	0.0001634394768288147462	1.2142457537692888004e-05	6.1332724661847430408e-05
2	0	7	-0.00068445138998928498932	-0.00096502360795222054141	-0.0010735043854946649169	-0.00051676087502521570252	0.00019555753999693856063	0.00027572103084349159101
2	1	-7	2.6843656364516652675e-05	0.0015245174662898042673	0.001035503561090072959	0.0018928508758464740805	0.00015559869625987230411	0.00070598368691801181764
2	1	-6	0.0032088102565873692813	-0.00026532553141194440858	0.0018772417352314865659	0.00050490089865955136306	0.0013824770414010375576	-4.2916940273895610016e-06
2	1	-5	-0.0036710469657303236926	-0.0011476431840320021512	0.0019916607602216977908	0.0035834443067409467443	-0.0010700866342477899622	0.00025763158773538848839
2	1	-4	-0.0017164418471919322493	-0.014494550255732851704	-0.0081056039284383429866	0.023721981730303917657	-0.0028846219057055521966	-0.0013167796952904464378
2	1	-3	-0.012170194216442538002	-0.0043763779925839853616	0.0065762574052353021947	0.016977998237748113952	-0.0059213770092165912695	0.0027417474175267146988
2	1	-2	-0.0033907374509953452403	-0.0028131966870879802738	0.028100136577759116108	-0.025361212046809619713	0.010659330837884213247	-0.015493802710492790564
2	1	-1	0.0088163431000622145134	-0.0035749304184203426794	0.019240599995764551267	0.030694733202554440321	0.036873286195888983763	0.02354487236571375583
2	1	0	-0.020205698597440299724	0.020363842298842374512	0.040411397194880599448	-0.040727684597684749024	0.027128670187049602064	0.029287339379588009369
2	1	1	0.0013649301105534783572	-0.017457708935573121312	-0.029641473931658182672	0.018450626398346915702	0.026911613710551226392	0.016464791472799323452
2	1	2	0.00020804827819634279088	0.019203143667983636061	-0.016279929579539397649	0.014845483925062231273	0.0079319165115733555188	-0.026625885630514753433
2	1	3	0.0018963081705212873895	-0.0092484971728140907832	0.018027381419722491446	0.011800977508470875468	-0.0072733325869216887416	0.0022320056123857688439
2	1	4	-0.013792348435751833335	0.0057026881718523986589	0.0090759084208235172447	-0.015942290959681963691	0.0046271971126700377902	0.0011342286539942909428
2	1	5	-0.0030193866729256997432	-0.00093822472159654638543	-0.0065026459665661904067	-0.0091464001437664664562	0.0025082838624835178051	0.0022045699173919115418
2	1	6	0.00050466189564648546943	-0.0024924156233978836568	0.0032005437714990687612	0.0014704771589996055645	-0.00070164459379867328333	0.00058572568129936029152
2	1	7	0.00095449565300631674606	-0.0019223164774292665624	0.0028220231982344829748	0.00015572072777289170807	-0.00067585921489244520956	0.00052698746101223449198
2	2	-7	0.00065981947677265409113	-0.00049862339614985989097	4.4129958027561087797e-05	-0.00038393036427464716795	0.00020112840994291863029	-0.00025215821726414487398
2	2	-6	0.002415971831795224109	-0.002151455165698464532	4.2284584202111854168e-06	-0.0024276417748058604432	0.0008067334300718117298	-0.0015263656468347749917
2	2	-5	0.0026021723198108876601	0.0073066738701624122515	0.0016486533109736191752	-0.0038486839003962778141	0.0017003302523138025606	0.0013831959879064537316
2	2	-4	0.0070245518093730889217	0.0067010968753872766912	-0.011572430574381236887	-0.0046986016315631049314	-0.0022739393825040735489	0.001001247621912085663
2	2	-3	0.0097568920431299974855	0.015435618651125660242	-0.0054042508675780000921	-0.00025764089029541964145	0.002901760783701331451	0.010118651840553494203
2	2	-2	0.022673700553873705338	-0.018579796774377897728	-0.0085832234811662067725	0.036081235328134945994	0.014090477072707498565	0.017501438553757051736
2	2	-1	-0.0035863512133681601547	-0.0054518432458614419361	-0.011386718058911967852	0.017128858962322111165	-0.029946138544560258615	0.023354031432921334988
2	2	0	-0.026430699595801139534	-0.0064494268798019173741	0.026430699595801139534	0.0064494268798019173741	-0.039693689001377888137	0.0063337731917844425009
2	2	1	-0.013674345108848628971	0.019608482043133534933	0.019909439383475297652	-0.0086311015729399094554	-0.012470188549253337362	-0.021954760940387254425
2	2	2	-0.0043635620439499232109	-0.0054347564540729326882	0.019197805380216682869	-0.0065421334132639962639	-0.014834243336266761393	0.011976889867336928952
2	2	3	0.0025387567176159793123	-0.021984592193472731608	0.0049483604237215367619	0.023905144176692941227	-0.0049914114275583440494	-0.0012803679888134713444
2	2	4	-0.0032151234973164170665	0.0050744284969526827489	0.0084977596772820990223	-0.010421587416957547867	-0.0026413180899828407611	0.002673579460002432559
2	2	5	-0.0013303518851083993499	-0.0032059585147975661924	-0.0056621931098541251892	0.0024078524751106810883	0.0027970179979850099024	0.00031924241587475397659
2	2	6	-0.0017365134407543072591	0.0022593710156707672368	0.00023032096320246671036	-0.0022178669313190884499	0.00050206415918394682249	-1.3834694783892839746e-05
2	2	7	0.00023178146116021650894	-0.00035604788779274379462	0.00016692005731854477513	-0.00056137566317745666005	-0.00011391471956536037462	0.00026212101456291438464
2	3	-7	0.0011580298871679453165	-0.0006606746572965479028	0.00057804495454977385636	0.0003399005750114680955	0.00057859923399788742646	-4.3092512794098775857e-05
2	3	-6	0.0032433505119055365019	0.0027034210155529206192	0.00050743521986620736264	-0.0019117155841054990235	0.001334834447234949182	-5.4717453535109321155e-05
2	3	-5	0.0025849288366133591106	-0.0025846462551111118282	0.0008604143615881697715	-0.001366943712688316586	0.0015502201515982453987	-0.0018540247296574346395
2	3	-4	-0.00016846862985162602854	0.0039943197638741545497	-0.00083957239928440026595	-0.004539284963119907812	-0.00071391361438911320018	-0.0014073038404028533673
2	3	-3	0.0027313415917458523825	0.00056645679563793998462	0.0070740722801155382291	-0.0030100847723128856294	0.0088949666746127725725	-0.0026324469085542592621
2	3	-2	0.0012277632589510029896	0.013871961680847885376	0.0030565970503489059071	-0.0030263123782468892911	0.005812658834474362067	0.0093324931134775510055
2	3	-1	0.0092020792689784056823	-0.017410197050699089544	-0.0093587179195263325848	0.0058610182636936146439	-0.0096719952206221846552	-0.017237339310317335156
2	3	0	0.0032277041913568219576	-0.0086391483782038858835	-0.0021518027942378815942	0.0057594322521359242115	0.0011181181647403352821	0.00050675029982899099257
2	3	1	-0.009041539985249497785	0.018600239524944790076	0.008334785261454395397	-0.004069135764276407552	-0.0069212758138641906208	-0.024993071757060357496
2	3	2	0.011964131041362020824	-0.0033088987625428346526	-0.011524578120366477801	0.0045306042968117996722	0.0053227361391876967453	-0.0034870076826748639884
2	3	3	0.0031499557121212546154	0.0036495353013666145814	0.0015930740876003420068	0.013143667678119023978	-0.0036930445623478448669	-0.015576691212363432543
2	3	4	0.0010018052986336032327	-0.00061592164694807352305	0.0017000562933812022812	-0.0019488988809308832682	-0.0017759448693527033272	0.0017696349841721992126
2	3	5	0.0061729570518776833224	-0.0035617042643096919266	-0.0010016919059931440883	-0.00080289723004963679115	-0.0018681676771551867459	0.0019064200437536589321
2	3	6	0.0013001677135924152688	-0.0011983705160290220645	0.00086715888168990395545	-4.7057347935230303161e-05	-0.00086696867870909041873	0.00042298551264395583974
2	3	7	-0.00074422863412361808019	-0.00072511114064869805484	0.0006901975310505267195	0.0009806259271971753174	-8.3162189272049152271e-05	-0.00021309364289916142544
2	4	-7	-0.00034821772092533771412	0.00017788841989206430317	0.00044189465880652080594	0.00051502277040904164557	0.00015302045619648683181	0.00034512398877432789958
2	4	-6	0.0012036057997206134687	0.0002757705162710135131	-0.00033431782255706910673	0.0017906192115912942034	0.00017832338486882510315	0.0012856696464845340094
2	4	-5	0.0020490517537046048883	0.0015987814700956089978	6.1652422738511607463e-05	0.00058661172295095410489	0.00086894263967265115457	0.0011088019663990067963
2	4	-4	-0.0026142358388330801632	0.0027986871346385075975	-0.00074490859593173708048	0.0019670968757691479484	-0.0020520265153482772705	0.0033664404430884015303
2	4	-3	0.0014632225458781288573	-0.00015826607496713881204	0.00081664195263178422386	-0.0017111154680436394676	0.0020643376340944647254	-0.0023869980073696118496
2	4	-2	-0.00048773108487881836623	0.0029178417697319435596	0.0045738434300577768959	0.0031091571854265798863	0.0086599557752367346125	0.0091361561405851037659
2	4	-1	0.012600313917223639193	0.0089975384089356329892	-0.0026967424868718312819	-0.0047280609680369753076	0.014413657886959951523	-0.00091716705427663308345
2	4	0	-0.0090887833321910971307	0.0050861103397578715998	0.0045443916660955485654	-0.0025430551698789357999	-0.010731376471582003418	-0.0065344766687796158877
2	4	1	-0.0018778030852407835531	0.0092345089542758274082	0.0022403745429191842739	-0.0066742595838583064147	-0.005205892001195169122	0.0082280204268815725771
2	4	2	-0.0024312424101580729953	-0.0036816087253381734809	0.0035886283965347286207	-0.0015488707084733552202	-0.0047460143829113838124	0.0067793501422848834875
2	4	3	0.0019931990468864992094	0.0010540736802663564723	-0.0027024641218709342591	-0.0018284058382470526772	0.0022744861312369128725	0.0017351586641518325881
2	4	4	-0.0016307427063018968723	-0.00076180778193895475406	-0.0038694932824686828834	0.0011500965255082224153	0.0046848646356196319701	-0.00076919263453874503825
2	4	5	4.5303880997569950296e-05	0.0014329174083120236466	-0.00066068372988738275492	-0.0011588016945944870639	0.0005104254315108781425	0.00035387439235078018166
2	4	6	-0.00010644612953279977328	0.0012229727707010449884	0.00027503643234928358595	-0.0016856669912088926861	-0.00014787557838858911481	0.00071612040390558020023
2	4	7	0.00033478158144958116956	-0.00040226163219934647861	0.00031783048814663591736	-0.00049355964371536765328	-0.00027726930221224374649	0.00039696597703716617013
2	5	-7	0.00052342833634522168383	-0.00041875342945906846633	0.00021905395834944578568	0.00059196712822717593994	0.00030601806634823888395	0.0003031898260311060786
2	5	-6	0.0013473276264004227943	0.00058136746255761932896	-0.00016970079282562996765	-0.00094853846477504838094	0.00030769188144544925559	-0.00059665956646000057727
2	5	-5	0.00080787196091956748559	-0.00099062783089245293189	-0.00099844022094982762261	0.0016664382780382806706	-0.00067529143658200054164	0.0012701871456812993677
2	5	-4	-0.00011845049553785566901	0.00024542070090084223966	0.0015626610638035047084	0.0022727439245150823574	0.0018941010819854531798	0.0029636402560942738497
2	5	-3	-0.0012516687754961374097	-0.00062340641064669542748	-0.00074851585631034961259	0.00083495280192706232327	-0.0020819722775146740773	0.00097598372944730684819
2	5	-2	-0.0057688194228966409999	0.0033638659049513978429	0.0037179542150800439296	0.0014524426906603973321	0.0035260661148034688241	0.00699497263160239139
2	5	-1	0.00050520922615267119596	0.010546666820848215468	0.00018208204501991796516	-0.0053023712160581064692	0.0019208286774049323532	-0.0054185224385941005432
2	5	0	0.0018580617388289605123	0.00075928733001322636434	-0.00074322469553158426996	-0.00030371493200529055658	-0.005962262057587532256	0.00045324396900755381393
2	5	1	0.0030283049659347348673	-0.012049283381484237471	-0.0018130615393921940305	0.005888258579116849474	0.003008697765091500418	-0.0053427261326157741636
2	5	2	-0.0019521103207760196353	0.0013361929337895731614	0.0017965290240631837885	0.00035239088243164609767	-0.0025392122393819395107	-0.0022171701398686883243
2	5	3	0.0059389234252500821415	-0.0018713171165964830652	-0.0023174035877010536189	-0.00031994095424859615977	-9.6942970664965066462e-05	0.0017807796681453156792
2	5	4	-0.0014290056931399162422	0.00034228229134438819007	-0.00093419941557279322347	0.00051949435300102783306	0.0018822521160359495691	-0.00082050908692347891346
2	5	5	-0.0020339412540304096025	-0.00013014797577538253157	-0.00060583016685204641241	0.00016474711216974582246	0.00141940666846421021	-0.00011268792185959281254
2	5	6	-0.00022041750737867476032	0.00026953601714749573321	0.00080202223803757326757	0.00037938466001513333845	-0.00059487936257175276673	-0.00040599922239510969312
2	5	7	0.00079264199181924572656	-0.00030069098530937943834	0.00012402668015079246601	0.000754432374119753924	-0.00031505962634177908091	-0.00045296855714000149604
2	6	-7	0.00036420556742282946677	0.00036600447655015351999	3.3668751029801916974e-05	-0.00033308698063896533762	0.00013291766300349577455	-0.00018093041867621215244
2	6	-6	0.00036939523474017869377	0.00051772111152791858591	0.00017699333425106274545	0.00018703356392681778236	0.00030012507916445563434	0.00035960726776945728389
2	6	-5	-6.0398168074148943661e-06	0.00082570932042383860406	0.00034534893031596124472	-8.5387208848754805835e-06	0.00041200278965618756946	0.00032003726310768484866
2	6	-4	0.00011027827641868391203	6.22164292902131343e-05	-0.001179062057892099136	7.4467127569439783884e-05	-0.0017134539486288067819	0.00014280890599926624298
2	6	-3	-0.0018145753462151222382	-0.0024330100201471901132	-0.0010211152850900029939	0.0017352982138997348656	-0.0032519474676567542912	0.0018485897477013427722
2	6	-2	-0.004825987892330596031	-0.00028996586210660202799	0.0014025868947542758161	0.00081341779543146741898	-0.00061822720806776847429	0.002150287524187800229
2	6	-1	0.002024288819638891436	0.003059268884634042205	-0.00096333992852613923707	-0.0014860176565575555687	-0.0017314619318790527673	-0.0027975681700772498696
2	6	0	0.0057400116791650971498	-0.0017872149219805841865	-0.0019133372263883657166	0.00059573830732686139551	-0.00015850893142679240507	-0.0025198965668095508856
2	6	1	-0.00086340173187853636819	0.0010684301632128657359	-0.0003728965779578210897	-5.6999170497221424289e-05	0.0039641829315039990578	-0.0017948653034424028041
2	6	2	-0.0019619585237095203863	0.0018908228292850827804	0.0016841009959237057073	-0.00011749075207290888819	-0.0030903444640615969526	-0.001538350573066356048
2	6	3	-5.9014516267870550329e-05	-0.0015809277782979221875	-0.00054711322572818408758	-0.00070284757763612029299	0.0011335694623016152448	0.0024596470074708552331
2	6	4	-0.00031889159166985185916	-0.0010486088244764143595	-0.00059489014561422829449	-0.00059137279559146104044	0.0010517810142562683713	0.0014113636056253986862
2	6	5	-0.00014496343728372600808	-0.0018121992941937286378	0.00016034696909659860867	0.0004048618865611205357	-0.00013443098800242794344	0.00023904545380414677974
2	6	6	-0.00059669223568251442396	0.00070569519826871643896	0.00021669902422134367393	-0.00023435928111409880638	-1.7801612327172210571e-05	-8.7245164213998546359e-07
2	6	7	-0.00011021866076748400342	-0.0001362711882479041188	-0.00014554086911366937145	1.7817072031749220048e-05	0.00015624036231671204139	2.3662849186473270514e-05
2	7	-7	-7.3992106284248618153e-06	-2.8984220806851477035e-06	-0.00014187352223236877414	0.00037167047809399971674	-0.00014398758241191873006	0.00037084235749951824064
2	7	-6	-0.0005207930829876098117	-0.00010636310296683579345	0.00010489367294658636775	0.0001898017741096181979	-5.1221742558185848302e-05	0.00018598103547227596189
2	7	-5	0.0001561468625191277809	-0.0010637724941651922114	-0.00053640807757167894339	0.00052878319500247760766	-0.00068851256359269948429	0.00031478747533739175534
2	7	-4	0.00092900821777044918174	0.0001781451500623324022	-0.00072862287548906530879	5.7995472419942530626e-06	-0.00081058592322063975372	9.9221782704656151584e-05
2	7	-3	-0.0012598677702884159696	-0.00084489943038465107044	0.00086506692728029795786	0.00069060187484926485995	0.0011785776501284179942	0.0010481380877251839957
2	7	-2	-0.0016662522543325038529	-0.00050850127133523028745	0.00075786581321712009028	-0.00022271707792979108121	0.00098627809192741657147	-0.0012880110440894991259
2	7	-1	-0.0015484107703272475837	-0.00052374071952524089892	0.00048425272103058632266	0.00011648299278323935276	0.0002929475065596093622	-0.00023210048956780622012
2	7	0	-0.0017726973296158248135	-0.00039694789661262695063	0.00050648495131880712054	0.00011341368474646484497	-0.0010398653498773829853	0.001376755094982188253
2	7	1	-0.00061999784465676147874	0.0014240147086767788575	0.00039180811262471061012	-0.00019561704518341574595	-0.0015026610990594511507	-0.0014787101010696474934
2	7	2	0.00088714254693156172418	0.00010268095503354858153	3.6283302482743841324e-06	-0.00026439603765116855396	-0.00089984170280052206293	0.00082270517674554134377
2	7	3	0.00037458206158682199943	0.0013465051514743864303	0.00050848950098364540003	-0.0004097660744650345006	-0.0014361968766863873748	5.8450739435489514008e-05
2	7	4	0.002257865407397101256	-0.00081502647904213045265	-0.00021380889460956059491	0.00017905657743000290261	-0.00075476713813181972243	9.4164229018560112873e-05
2	7	5	-0.00048325039640216094303	-0.0011997748862063216738	0.0001472317719516871978	0.00023158381652030755253	-1.2824322171497705799e-05	0.00015569261135409809597
2	7	6	4.9979523803654371766e-05	0.00015404017350254323366	0.00010829995729603065493	0.00029724865311862543656	-0.00014300979144658723489	-0.0003981368198059107087
2	7	7	-5.3502371305379662161e-05	-0.00030140572118703384385	1.8212630696928999778e-05	-0.00012230196895903088406	-2.9262388953919536884e-06	0.00020841788929818339925
3	-7	-7	-0.00017851999978746755315	-0.00016603395996543190809	-2.0368274834188006012e-05	-4.80462499628626444e-05	-5.6140296503298091097e-05	-2.3111161450893879409e-05
3	-7	-6	0.00062347004107859169218	-0.00056901551282342150394	0.00016650570571033368223	1.8943773603477998334e-06	0.00011747836387723990608	-0.00028671786333211654336
3	-7	-5	-0.00035292798768546461505	0.00028630702112828675067	-0.00010297880733277866194	-5.3849723634471604651e-05	-6.7586462345388631468e-05	0.00024717382576523228878
3	-7	-4	-0.00037421800840811323633	0.00025440079434423638763	-0.00015881090841404253504	-4.9636295604787581393e-06	-2.7444165815105226845e-06	0.00019948694748901513716
3	-7	-3	-0.0014318530182924739478	-0.00052841499198327888508	-0.00040930938253998634885	-0.00074666797755449721471	-0.00047679779236583922416	0.0012138102889772146159
3	-7	-2	-0.0016238803322133901156	2.8088676396438489081e-05	-0.00092093620368929516012	6.8530182926626052235e-06	0.00078745621459244772439	1.8147450570338611952e-05
3	-7	-1	-0.0015078509764833085242	-0.00031482839632857186453	-0.0007372998241968395372	-3.6482145480320357059e-05	0.00063754583992795086245	-0.00068911017062347308063
3	-7	0	-0.00099895709592070971311	0.0014002387492698077035	-0.00042812446968030413953	0.00060010232111563195038	-0.00019458798204700038627	-0.0019735444884588951124
3	-7	1	0.00029452898887755054724	-1.9493149732298985862e-05	-0.00035022000838864615971	-5.3177892008935441351e-05	-0.0033351270253531746512	-0.00031376579486565113865
3	-7	2	0.0010775859327605010439	-0.00029865346689647305056	0.00030399861472574360097	6.0735478147382073962e-05	-0.00055238374760064874562	0.00066055437386054684148
3	-7	3	0.0007010490354073356219	-0.00039354531956362824542	-0.00013711980359614722572	5.528491468569793956e-05	-0.0010209952437983458966	0.00052254345383025678235
3	-7	4	0.00098988376469309660027	6.2976971112273862378e-05	0.00066975378289237986768	-7.8303637327309564913e-05	0.00042965629654184218271	-0.00018426409365699712522
3	-7	5	-0.00011237429740039572433	-5.6999778367633856919e-05	-3.7361014554099838394e-05	-0.00026425648301133572004	1.5119158064497661864e-05	-0.00033575920919528970746
3	-7	6	-0.00020633515601804311196	-3.3632755895386579786e-05	0.00017594890710316674043	-0.00011092571425346062913	0.00030844130296271612263	-0.00011259695534801077404
3	-7	7	0.00019763524206171861138	2.2428795890373868913e-05	0.00029267884687797778454	-0.00022459235453977264229	0.00020797802885152698207	-0.00023420469563564713092
3	-6	-7	0.00033568108581726903558	0.00028277227083456265818	0.00010012528535086570624	0.00020869022316446532374	5.80416493352304099e-05	-5.7689218069014868047e-05
3	-6	-6	-0.00017674677690436975354	0.00044733989064880085289	-0.00015042368976525696215	0.0002288958965997739002	6.2050301313072071829e-05	-5.225951275373481377e-06
3	-6	-5	0.00026371117124806859201	-0.00054144019242722716753	-0.00014158967289912825251	2.3193404901590205391e-05	0.00032813431022779505821	-0.00035269620133824457816
3	-6	-4	-0.0008637088396269473195	-0.00096052249065248489907	-0.00013977070748840420412	0.0002036015375917451316	-0.00043812556848760419699	-0.0010257941743769813988
3	-6	-3	0.0010234978767193929957	0.0011061144745106536984	0.00068032950539707566853	-0.00016171286043743939671	-0.00033716113407475834136	0.0014295401953855326003
3	-6	-2	-0.00026857773263751379394	-0.0015625476909843667977	9.1585525816541320655e-05	-0.0008544633902361529294	-0.00067762317640589458511	0.00021956863423190867298
3	-6	-1	-0.0027871419524037174473	-0.00049435366141419620056	-0.001695273110240805162	-0.00047739441210178066872	0.0018102128042336781966	0.0013813054883680953022
3	-6	0	-0.0024419110006364034247	-0.0010302884854348985221	-0.0012209555003182017124	-0.00051514424271744926106	0.0005769690044706249181	-0.0034739679961298536304
3	-6	1	0.0011135910598597119521	-0.00033275449768016925793	0.00060841586760349247558	-0.00029883452590028137695	0.00030972202604181883452	-0.00079474366236118054209
3	-6	2	-5.2865001012420192105e-05	-0.001368450109472556242	-0.00097475899919306904437	-0.00010854415583480967931	-0.0028449794960605768145	0.0017270426967044051354
3	-6	3	-0.00044153981879555394361	-0.0013945509010501201935	-0.0005974119677098334389	-0.00088007612655280722299	-0.00075328411662411304262	-0.00036560135205549436094
3	-6	4	0.00021743747579711227924	-0.00074712158128655307629	-0.0010034058983318522307	1.0654080260939672258e-05	-0.0016681869543456126232	0.00057632230635632430375
3	-6	5	-0.0012549297683460245052	-0.00033655094780870854721	-0.0007312529121392342046	-0.00026585350975269304982	-0.00012454563355946633154	-0.00011709364301800651519
3	-6	6	-0.00033469265041698929679	0.00030348374943284434947	-0.00029797973667266397903	-0.00032290184728095492738	-0.00013063341146416933064	-0.00047464372199737710212
3	-6	7	0.00029397661250578463639	-0.0006284714926613574771	0.00031815943439420586898	-0.00018921100765998926231	0.00014671810983541159947	0.00010716406171773386195
3	-5	-7	0.00056846771394173940383	-0.00033792651455396134587	-0.00022414949037583627601	-0.00060796483833862292271	0.00040373579910062850533	0.0002894349497187472019
3	-5	-6	0.00058262350118734932119	-0.00012306167438591838537	0.00046278445217948997042	0.00061424209030610317679	-9.4341959555900310242e-05	-0.00057339924578137847506
3	-5	-5	-0.0004882192719415481331	-0.00053619784496428449759	0.00048871197821118421856	-4.7537365604575357379e-05	-0.00078164354137611304421	-0.00027418134137399533846
3	-5	-4	-0.0015899969055821361764	0.0018683103885273389701	-0.0014692760872555522215	-0.00078745605351084502384	0.00064409742988283825299	0.0023855528582840605616
3	-5	-3	-0.0019351807339129088476	-0.00024052800526611038136	-0.0012216959078108994424	0.0025372592106879796915	0.00010097911243859034958	-0.0044692933564127431192
3	-5	-2	-0.0025156560700864958637	-0.0053562040051657999057	0.00076409573570230832767	-0.0019551598953651597688	-0.0056837234443855143978	-0.0031464062693358006532
3	-5	-1	-0.0043411730926741030206	0.0028495165691197559509	-0.0024621357999653633274	0.0021515542044405976639	-0.00071284027819549264197	-0.0022092213148437213344
3	-5	0	-0.0038619531281040412642	-0.0046078366710433221742	-0.0023171718768624244983	-0.0027647020026259931311	0.0017997847567838816743	-0.0031299641480565078624
3	-5	1	0.00030455018416848396012	-0.0048734230294187556171	0.00085575928692848627754	-0.0029199235846867855823	0.0033651458821369792905	2.0651164822340267778e-05
3	-5	2	0.0030807835022052519093	-0.0008753108252931878679	0.0043138878441973784253	-0.0016195117164393561023	0.0061635443571855684161	-0.0027358130531586082913
3	-5	3	0.002795363025344206262	-0.0015095704863224647298	-0.00060528684207706922541	-0.0035182368738146093182	-0.0038041744288059881236	-0.0043541576367018839169
3	-5	4	4.3401426714465377867e-05	-0.00092602360374525007677	-0.00095661855193994395265	-0.00059615165978513359659	-0.0012283242599607790708	-5.0671871922479404281e-05
3	-5	5	0.00028103191310591591097	-0.00059236980547516576625	-0.0001703099034288761682	-0.0013751092319300127487	-0.00033892905129242573104	-0.0010196873486449133106
3	-5	6	-0.00030796428689088716684	-0.00046094416444869372711	-0.00012885884284400848585	-0.00029109987663785184082	4.6599774408769842956e-05	-1.2111148307196333739e-05
3	-5	7	0.00045992478904654062648	-0.00023265506393194167797	-5.0572233226805458981e-05	-0.00041339025050227888418	-0.00023323364761052131546	-0.00019556943724508135262
3	-4	-7	0.00079837897918444270841	-0.00040908917946936895803	-0.00060836003496791751441	0.0001960816408437294231	0.00068979672534642832733	-0.00028737058596900352499
3	-4	-6	0.00064375352755238030803	-0.00066146728733446004574	-0.0003117062321641713785	-0.00078690889190416890998	0.00052968091855230446056	0.00019387228426888256571
3	-4	-5	0.00069447133507896511607	0.0019736498364405067642	-0.00034730711760390365304	0.00052826337911373330656	0.00069452849513050194871	0.00076157919857331747831
3	-4	-4	-0.001097008579502951062	-9.6476637913359847027e-05	0.00041046435267938410213	0.0012076357963351253173	-0.0012332207873065974529	-0.0012799932747701451077
3	-4	-3	-0.0025674716420340006062	0.0047384679823607479821	0.0022228806268444517742	-0.0011489213590868646402	-0.0055313124778266029719	0.0062703631278099008356
3	-4	-2	0.0045891356400894660686	0.00031518780734013189786	0.00086559979161163083747	-0.0040422982393708605311	0.0051525038769109380785	0.0085573781897519199391
3	-4	-1	-0.0026389384538665324256	-0.002893507719069064732	-0.0029462676883345072579	-0.0016072069396986562572	0.003868255391738432622	-0.0022516953984125682997
3	-4	0	-0.0037268145588617756017	-0.0046862845510455544348	-0.0027951109191463319181	-0.003514713413284166043	-0.0099507554688661858239	-0.0027073569884719377206
3	-4	1	-0.0047058879398029348703	-0.0080493919305170726075	-0.0029604150850871782837	-0.0047721900076169599531	0.0022760034790600927775	0.005059415761083379745
3	-4	2	-0.0042967216356562601409	0.0054295273728872158608	0.0012207854127762281845	0.0031842569063883054484	0.008886653279036847014	-0.001775777246554213545
3	-4	3	0.0033449340535393989708	0.0030897495107535494045	0.0054749878533979553369	-0.00015067515296765554046	0.0039550497509912088678	-0.0032906497147104233139
3	-4	4	0.0025166186046846001148	0.0016825376436897215415	0.00046424271119257051093	-0.002158355575006562152	-0.0014232212423208796294	-0.0034202588077738532539
3	-4	5	0.0024659011664398661733	-0.0028013158746356008923	0.00095870297229642888626	-0.0015601501580864119648	-0.00071257832202677672505	0.00043266939831223085507
3	-4	6	0.0010316599361025742369	0.00037899096746496561787	0.00035766781058585146811	-0.00013562993012460432935	-0.00027738476099405280639	-0.00027991543714888571324
3	-4	7	-9.7715399132390409601e-05	-0.00029314086650368776027	-0.00079296173699956067678	-0.00055347258608678495499	-0.00041124296437158164557	-0.00019063824926229667556
3	-3	-7	0.00043909995524844689036	0.00068446941135958153882	-5.7274101464734713445e-05	-0.00046984072398079622639	0.00021273173859136354545	0.00049470434371730472554
3	-3	-6	0.0033237645956648242083	0.0013443891337448369075	-0.00057954340541599175685	0.0012441376319982462486	0.0019516540005404079284	5.0125750873295383658e-05
3	-3	-5	0.0034456525264739039718	-0.0029028204593281340881	-2.8951450259446166773e-05	0.002819206812867125489	0.0020847623860400098413	-0.0034332163633171556595
3	-3	-4	-0.0032623996411809868048	-0.0029157229083934667162	-0.00294371601318425824	-0.0013454905539912866228	-0.00023901272099754658626	-0.0011776742658016351242
3	-3	-3	-0.00075415025273521468178	0.0044256187997946056303	0.0042194514952425994647	0.0036321523160234695828	-0.0049736017479778144718	0.0007934664837711356139
3	-3	-2	0.00061234366371654656847	-0.010879077032975154743	-0.0044224467102842177427	-0.0042853802962625016024	0.0075521855610011469004	-0.0098905451050689784098
3	-3	-1	-3.0163907121248016377e-05	0.007926289907485659092	0.00053304038962799006086	0.0029319469331310797286	-0.001689612890247714147	0.014983028923063738957
3	-3	0	0.0089590973233042194013	-0.0011411236081445162629	0.0089590973233042194013	-0.0011411236081445162629	0.011529464256759665297	-0.01551042032911063677
3	-3	1	-0.010122593456170230972	0.0048256534865048477528	-0.0093059127516238945854	0.0036025104592570388225	0.0024500421136390091587	-0.0036694290817434280921
3	-3	2	-0.0035657150695885173573	0.0078181313872566320089	0.0025654071634152496653	0.0014724870271767642824	0.0091966833495056507508	-0.0095184665401198027823
3	-3	3	-0.003771752960942157621	-0.0020900628472095518148	-0.0037265248428431162024	-0.0011866630238197906685	4.5228118099041642226e-05	0.00090339982338976103794
3	-3	4	0.0028769632177136545727	-0.0034059045562640360982	0.00016977431544413869638	0.0022740900538175887191	-0.002030391676702136914	0.004259995957561218613
3	-3	5	-0.0009103232435869133268	0.0019740048379971947626	5.7384173078659705882e-05	0.0013609352077620748712	0.00058062444999934384807	-0.00036784177814107207579
3	-3	6	0.0014885372423603154737	-0.00051234084871090105479	-0.0010869678918574688341	-0.00067335824762583204334	-0.0012877525671088922623	-8.0508699457465521384e-05
3	-3	7	-7.1973945747480950075e-05	0.00030818602023371997976	0.00033449366314914784262	-0.00010410189489696967686	0.0001742004038128409189	-0.00017669482077029555938
3	-2	-7	0.0013980815494475096455	-0.00049446354798380785182	0.00099724607968050093913	0.00037425666849401990812	0.00031425035556878954876	-0.00031884342584849478287
3	-2	-6	0.00090367390336042001647	0.0015787849202161165912	0.0012263414739216798276	0.001556352946685864028	4.3056460372983383232e-05	0.00027060814454610358348
3	-2	-5	0.0021633076651833512728	-0.00036346528004952332941	-0.0027172372282956974016	-0.0057031291315171256731	0.0023848794904282894641	0.0020631724845771364993
3	-2	-4	-0.003567905039546479494	-0.0045809196590100237714	-0.0013212766767550163105	-0.0072028907469010141143	-0.0020152904412823516821	0.00016575562919298903884
3	-2	-3	0.0012672656441146011239	-0.0074878313853494879102	-0.008728625104806691376	-0.0041528205644075326386	0.007086349047319061463	-0.0047192843424111331069
3	-2	-2	-0.0015895318826832326425	-0.01781141961181439623	-0.016898543484256553504	-0.014979980423887080329	0.014514245660231704649	-0.011737148993834512281
3	-2	-1	0.0014104271641936336375	0.011566166145474503224	0.0029057371631517597138	0.0079968768367351707183	-0.0015801928337226182984	0.018704744762953168236
3	-2	0	0.0077005626093979324953	-0.0084517982805638325328	0.011550843914096898743	-0.012677697420845748799	-0.012718400169787615756	0.014084589993343067313
3	-2	1	-0.00070662277812242224768	-0.0062851935989633343424	0.0074675472220767959153	-0.01273987777665383167	0.01705496277852085879	-0.0066241747564176585786
3	-2	2	-0.016549962476233495007	0.014160006463619043485	-0.010492882686066086137	-0.010620015549559184628	0.014332061028284154638	-0.031860025244987752457
3	-2	3	0.0048823380253685787211	0.0061395069568265080856	0.0078738437686205094146	-0.0091842002530701707247	0.00036689115371176125001	-0.012262307125539955235
3	-2	4	0.0054974441516581068479	-0.0028459569365419331612	-0.0051058516526660841645	-0.00060332926488529251604	-0.0066760089400766222181	0.0018328030699638036671
3	-2	5	-0.00037893937468883010476	-0.002677525679336673764	-0.0015057224606433343775	0.00072280796980459167435	-0.00037492535944403564477	0.001895638595523840798
3	-2	6	0.00098427045409545999878	-0.00085350869373408851364	-0.0019536951835092170211	0.0004060011859853390726	-0.0011433669548841355647	0.00056208807552882394769
3	-2	7	-0.00072222729310212848731	-9.7313371557390833649e-05	-8.554560878446457997e-05	-0.00032273784436193635053	0.00028508438024820803927	-5.0505082007385743842e-05
3	-1	-7	0.00034806838689526776488	0.00037233769416991987925	0.00076188254736453582538	0.00015791763549959626453	4.0331801903038218607e-05	0.00013701363528716620005
3	-1	-6	-0.00019556044486640578929	9.6150544033236977305e-05	0.0034893605805542413437	0.0025340079666191124563	-0.0006793403191922431231	-0.00037425938908656688911
3	-1	-5	-4.8238248247783415106e-05	-0.0049010715791653535964	8.4712441094234717013e-05	-0.0013168307967236787381	-4.5885437167516988401e-05	-0.0026772767881544762801
3	-1	-4	-0.0012200878316688044782	0.0034486667817293825862	-0.011943746712690829839	0.0042786598791676672474	0.0020708708044211042096	0.0015168351165051200194
3	-1	-3	0.0076930748575584654778	-0.0016287957505192324215	-0.0013005241169170352489	0.024227809745801506813	0.0081265828965308099102	-0.0097047323324530674477
3	-1	-2	-0.020989578209652470786	-0.011717301365951339823	-0.020407370850851092037	-0.022637923682150062898	-0.021280681889053160161	-0.0062569902078519791522
3	-1	-1	0.0042549794422771279948	0.0076510403818998021577	-0.016981182728931207976	0.017097883490201359891	0.029746121055762592827	0.0058552376554980457152
3	-1	0	0.0085063861229437535971	0.0098473237321638554254	0.025519158368831257322	0.029541971196491562807	0.0034122035936450028845	-0.0092472496347806142775
3	-1	1	-0.0074897536275616606594	0.00096839936772631564788	-0.019275647533010635548	0.0045638200075662762809	0.0031936133496743459963	0.0016586219043873292288
3	-1	2	-0.0097473494376922060339	-0.007359791626544575846	0.022210124620806986906	-0.0091705520891744666395	0.025726086466941803371	0.0064544113952296295819
3	-1	3	-0.002526708618634727118	0.0038371448986029704775	-0.015381510370680541097	-0.0097553297795891120991	-0.0026004615049254531031	-0.0070889214917993414664
3	-1	4	0.0018981677632643962142	-0.0025516773224474684906	-0.0023228845786083572936	0.0065722900935464402886	-0.002004346967100386484	0.0035568305152222112232
3	-1	5	0.0047350851371215901126	0.0079227099297409786516	-0.00046447827361919310617	0.0037068844260079890016	-0.0029339467369967927972	-0.0040122490726429895641
3	-1	6	0.0029547445213401087039	-1.5200211583285582186e-05	0.0016852951554146796721	-0.0030552351439579309746	-0.0011964897347676076676	-0.00050160575153467901795
3	-1	7	-0.00083145988257853694226	-0.0012965778114883059514	-0.00097999052212916762036	-0.00088471557961170672283	0.0002163413036580633152	0.00042928826497903020036
3	0	-7	0.0010059217402979708268	0.00015066871497679357812	0.00020710984736788028908	-0.0030007223088097693606	0.00043110931727055888706	6.4572306418625815324e-05
3	0	-6	0.0010051037661852418002	0.0012043319673286274635	0.00028093634667166530062	0.00032764182291797875777	0.00050255188309262090011	0.00060216598366431373177
3	0	-5	-7.3064482246696816768e-05	-0.001312082549338526279	0.006249497810493763808	-0.0053023788301836917089	-4.3838689348018090061e-05	-0.00078724952960311587579
3	0	-4	-0.0026839301425934103396	-0.003347460577534509818	-0.0094839041844793844915	0.00088031450693240587135	-0.0020129476069450577547	-0.0025105954331508823635
3	0	-3	-0.017565099097360547392	-0.0012905108808975525227	-0.00037102950793471906662	0.0047633794896296821619	-0.017565099097360547392	-0.0012905108808975525227
3	0	-2	0.013851409091662157322	0.0081284442640627858206	-0.010409253642893653499	-0.023651444718324650396	0.020777113637493235115	0.012192666396094177864
3	0	-1	-0.0070056639711938064469	0.0046277819629455341569	0.013945035119573286758	-0.0089493441941560659264	-0.021016991913581417606	0.013883345888836603338
3	0	0	0	-4.4785603798730975923e-44	0.0068835871223013808673	0.0098320909334787386785	0.026737396294864677893	0.043590534663551436245
3	0	1	-0.0015918759451000040906	-0.0039345025340357863905	0.011588014808303605252	0.018242268380264804739	0.0047756278353000124887	0.011803507602107358304
3	0	2	-0.0036368140141410558799	0.0024282836656649535445	0.026633246657087397691	0.0065492910892613730861	0.0054552210212115842536	-0.0036424254984974303168
3	0	3	0.0009849724185921522341	-0.0078977788592795566264	0.0023869058931557975145	0.013036765633814834456	-0.0009849724185921522341	0.0078977788592795566264
3	0	4	-0.008916916979349705924	-0.0016862426424563354329	-0.003822477814075190411	-0.011835979440979870619	0.006687687734512279443	0.0012646819818422515205
3	0	5	0.0010450198701357424347	0.00051260981802190674732	-0.00012121515077756659046	0.0059246752765515393879	-0.00062701192208144550418	-0.00030756589081314404839
3	0	6	-0.0013296505002866056914	-0.0013945276024090761877	0.0014895681169475570322	0.0012169794000292551411	0.00066482525014330284569	0.00069726380120453809383
3	0	7	0.00018161876955411789371	-4.1743526086720888382e-08	-0.00069585287185003417542	-0.0022532095756874846032	-7.7836615523193373339e-05	1.7890082608594667868e-08
3	1	-7	0.0004824855011039519523	0.00038519821666366320075	0.0018217058331543029958	-0.0010525630563938881065	0.00046702319092373694798	1.4718799085300223598e-05
3	1	-6	0.0011848600610763579833	0.00049568765936275121977	0.00097938897156612907124	0.0016881177791030755036	0.00075566152579920043125	0.00052919679286522150908
3	1	-5	-0.0014654254889889983988	0.0052807353130421780599	-0.00063402557248021219026	-0.0012584844975006865154	-0.001006060407889441434	0.0029167442883251694895
3	1	-4	-0.00048827431547533608862	-0.011264531327500708346	-0.0060712335155340569487	0.0011552826449534011125	-0.0018840141154900162494	-0.0081595778343871803312
3	1	-3	-0.0085180662200639092885	-0.0035627771341446472578	-0.022754546329715037017	0.013341269576042187259	-0.016102914996635589451	0.00088431272453608146707
3	1	-2	-0.0066832798627026691538	-0.012822276053238199078	0.015324903188964742254	0.0046840878142710828252	-0.0023624681995716326037	-0.016891370172721759807
3	1	-1	-0.0077795025616442144145	-0.0012198439642552509187	0.02780712743016643812	0.019945550755282245858	0.0044686197452337966113	0.016286018862516495054
3	1	0	0.0023063873802238741076	0.0055174002917967191612	-0.0069191621406716223228	-0.016552200875390155749	0.013153264284728471284	0.0020425492670071588447
3	1	1	-0.00057975153727716588568	-0.02017445106981385558	0.00039299376737575886665	0.031007118953769667591	0.0013462608444557387904	0.02951623425567189915
3	1	2	-0.004966101770499782575	0.0041337213875869520396	-0.016711739132082809728	0.007717990566443812088	0.015805022221791080461	-0.010059577364602334537
3	1	3	-0.00036225741930823846491	0.0089854650446736308855	-0.0073972201083485206174	-0.0033412346097961053218	0.0028279974554244122209	-0.0078717201747415966456
3	1	4	0.0023420014633543980581	0.0095676939720738211209	0.0031556740963945882975	-0.0083953484770262713083	-0.0025454196216144454011	-0.0050769333597987980136
3	1	5	0.00028519515315846943708	0.00090939487875996475284	-0.0016649402566760354138	-0.0035988819966915591014	0.00016187095944012545846	0.00017413947208233296316
3	1	6	0.00090524232573341431238	-0.001386305957300763619	-0.0025591547694301546891	0.0023489541224465571197	-2.6095367961681371292e-05	0.00030166062490928895624
3	1	7	0.00034924125969091116255	0.00059736113974517390367	-0.00029438491943588481446	0.00017411455542564038346	-0.00010761983709097837608	-0.0002808854249515946159
3	2	-7	0.0016262377218288939611	0.0004191567438331029777	0.00089509040439019285119	-0.0013718069751828098745	0.00095269913918100959313	-0.00021230624555233009332
3	2	-6	-0.00035836590258459460412	-0.0011914413555030632999	-0.00054720628165693275397	0.0017394265846585681666	-0.00036158504517794156242	-1.5911816198675602323e-05
3	2	-5	0.00039807426367178058713	0.0056142129962644705954	-0.0024921476702795663377	0.00065866656467592941352	-0.00075801450990875822618	0.003631994423629054513
3	2	-4	-0.0019694488062639609223	-0.00082386937427616764411	-0.0063760232385039394484	0.0013393849507968725449	-0.0046650982239499405244	5.1790444691310519017e-05
3	2	-3	0.0038481637865554270579	-0.0031913058078020571998	0.001250052366168864738	-0.0026276815740806504056	0.0046815320306680032608	-0.0049430935238558241368
3	2	-2	-0.0065736207001793976051	-0.00060906745243314382079	0.0024886903380046837032	-0.018830686264984124179	-0.0073717407122644122708	-0.019744287443633837253
3	2	-1	0.0072398077524346874864	0.00070946415587093164968	-0.0075171615849604599136	-0.011176007211760215221	0.0066851000873831426322	-0.020223621955907634951
3	2	0	-0.0025962785851769529417	-0.0069380434688564220774	0.0038944178777654291958	0.010407065203284632249	-0.011697901854465264301	0.0094332921633717391197
3	2	1	0.0022880618843223246572	0.014641138160050108305	-0.015792529298564769724	-0.012325908091201365907	0.024720872944162568946	-0.019271598297747591366
3	2	2	0.015878571282609482002	-0.0036391802186174463003	-0.0070113514960923233391	0.0061570980694605932648	-0.016806505427821898796	-0.00069832774153442413959
3	2	3	0.002717965173287673411	-0.0041652040968021579112	-0.00011021770404663867534	-0.00082950043601917795334	-0.0026444867039232475281	0.0047182043874816103138
3	2	4	-0.0013755612020068842816	0.0007413536169795664375	0.010655112166379531249	-0.003670314346456962553	-0.0042958851816846024135	0.0012791419604938063671
3	2	5	-0.000624464068816518161	-0.0052615370089703341824	-0.0027920234115790193777	-0.0028480050727104746014	0.0014914878059215186477	0.0042961242344663900031
3	2	6	-0.0023094185816286360267	0.00026286628347942201126	0.0011146623763180648053	0.0010467410618150488604	0.00078315516537496307828	-0.00048034682901139396814
3	2	7	-0.00016892162696233587989	0.001104915943291707699	0.001842597263681446107	-0.00091994078143120062204	-0.00045406137806798351061	-0.0002106951810018174308
3	3	-7	0.0016466110842273749392	-0.00060752407600146783422	0.0001809209370460629449	0.0012962236769353599735	0.000783228009117187653	0.00029515697182881092458
3	3	-6	0.0020894405663674855966	-0.0011904555991033539345	0.00045216329416637420294	-0.00011041050653521501245	0.0012708019302669298998	-0.00065043305281928449381
3	3	-5	0.0011940732515100980441	-0.0021943650412521763585	0.0007395900116754211941	0.00015595276737617445894	0.0011601979579113114345	-0.0012230473643256010476
3	3	-4	-0.00018907923623672070676	7.1851030008853272149e-05	-0.0025198215175897065513	-0.0024560906047839453289	-0.0020316755653698205519	-0.0017881796810813189308
3	3	-3	0.0020351196419002054623	0.006613236431971888582	-0.0031766890500381163472	0.0012072415270064434326	-0.0011415694081379108848	0.0078204779589783317978
3	3	-2	0.0015999222279551594556	0.012655960407564821255	-0.0044511140406788014118	-0.010841713335416868977	-0.0042767877190854619585	0.0027213706082219262482
3	3	-1	0.0020960243774935218355	-0.012366960895888279987	-0.00090554667184373648006	0.012483330945945768711	0.0035714331169493566086	0.00034911015017246937271
3	3	0	-0.0073148087025042239639	-0.0063134889687773880843	0.0073148087025042239639	0.0063134889687773880843	-0.009278865878371086659	-0.0015942481839355036963
3	3	1	-0.010334192894842305147	0.0063116557382348319888	0.010259150177284941802	-0.0020166862625113773921	0.00022512815267209475073	-0.01288490842717036379
3	3	2	-0.0032760646113369046827	0.0027927612665531371429	0.0077462508140599172293	-0.0040371524664633449617	-0.0067052793040845186032	0.0018665867998653121618
3	3	3	0.0022382858676754258803	0.0057818749285919422698	-0.0012185771764797901848	0.0011130225031072424682	-0.0010197086911956359124	-0.006894897431699184738
3	3	4	-0.00093409249424775218223	0.0020331292139450438117	0.0043742102548904810214	-0.0001119903518082337394	-0.0025800883204820466293	-0.0014408541466026075339
3	3	5	0.0010921502467003091179	0.001285963381280349517	-0.0001377051502326723958	-0.0021574834250165466666	-0.00057266705788058206578	0.00052291202624171837648
3	3	6	-4.065665172637330637e-05	-0.0015927173929767149754	0.0010517827651186598559	-0.0015545046618626529641	-0.000505563056696143329	0.0015736110274196838613
3	3	7	-0.00053441592322303458663	-0.0015826416750730550476	-0.00042255706588291088886	-7.9061709163474980602e-05	0.00041013128104540520378	0.00071215859324422713366
3	4	-7	0.0011959299840526554232	-0.00010831189813223988494	0.00016876571069456537352	-0.0003949189443465990902	0.00060897897070517534833	-0.00027208735311187373781
3	4	-6	0.00052686539131431803056	-4.9632397855437446492e-05	-0.0013498962598070571133	-0.0006213337862380696134	-0.00063649814421421239356	-0.00043903872308643181578
3	4	-5	0.00038020494463910313974	0.00072519088985176954117	-0.00097961297781661450107	0.001552549938275088557	-0.00055556741546982973869	0.001677154484531132592
3	4	-4	-0.001598819471653322756	0.0011824338838790895891	-0.00016284800022877218449	-0.00075218073625399534989	-0.0013619626039687640889	0.00013464467665532192328
3	4	-3	0.0010897407008373391837	0.00093952936403530584297	0.0040855639290477618539	-0.0037300150783264192887	0.0065371592729010219447	-0.0040338240737332531002
3	4	-2	-0.0036529126292531382235	0.0055872559437771312715	0.0043827372389196785768	-0.003989965416334754697	0.0032861055339596500352	0.00040095308299618783853
3	4	-1	0.0078743604279523267409	0.010176690322285223203	-0.0042415719424862621811	-0.0054821160444782539647	0.0066567935139119323654	0.0086016067889426554849
3	4	0	-0.0034064765168189312626	0.0040749322993877965318	0.0025548573876141983385	-0.003056199224540847182	0.0083365426118874753209	-0.0014799527699062627484
3	4	1	-0.0026040505486718350768	-0.0014650102470728692053	0.00037508905690449088465	0.0023917027771542566372	0.0063117954183975416918	-0.005171780367398418933
3	4	2	-0.0035909182681602242956	-0.0041057506143752546882	0.0051894122139946926436	0.0034748649820596807895	-0.0049924470257490475428	-0.00079110404255648030577
3	4	3	0.00069133945802510201988	-0.0033774330157776638953	-0.0055960874995367665755	0.0013800362147230100553	0.0067701105413572534863	0.0015373847294803170103
3	4	4	0.00046940425205756853644	-0.0011123448403020537705	0.00068528115484251569522	-0.0020709755740749504101	-0.0010373343438856920569	0.0029052342043014906837
3	4	5	0.0021217606346979221363	-9.3666945928333350557e-05	0.00042211921664324049885	0.00020840267653280175933	-0.0016107517541333457242	-0.00011052197366924139171
3	4	6	0.0007922748521328917392	0.00034486096294948593915	0.00034258909448017728534	0.00013879209189868678929	-0.00062453015571989735702	-0.00026495854274053413533
3	4	7	0.00031836899058539357707	-0.00072965803376584558761	0.00068397189185227054344	0.00035259101584675145479	-0.00052728493416646612154	0.0001112300054157901077
3	5	-7	-0.00023816666262512715458	-0.00014857732153080366105	0.0011398541006243211992	-0.00016877059060993129412	0.0007121100736066034078	-0.00018422641680600963625
3	5	-6	0.0008916216497889120152	0.00083195214171807277577	-0.00041788387800412537436	-0.00087219321345971068463	9.7574259891018195632e-05	-0.00031085160702405581316
3	5	-5	0.00042137461388721793656	0.00073536555754309977304	-0.00014279166467491517323	0.00027559858510248452877	0.00011003310365741557244	0.00071681791962834441427
3	5	-4	0.00027967444046065454127	-0.00014496251097748070417	-0.0011333662711803529303	0.0015336844293011163594	-0.0012069520086299503382	0.0018083836533932847856
3	5	-3	-0.00082837686205445215312	-0.0028608591752171956719	-0.00075374468063837257985	0.0024913835262488112469	-0.0020846179964517396778	0.0012914467018641561172
3	5	-2	-0.002225055637589708115	0.001728495511571642284	0.00053384051356826782604	-0.00097078167061732142766	-0.002002982172463892499	0.000165789090814159911
3	5	-1	0.0067512252085653859032	0.00073158172321684223575	-0.0037935295537512223052	-0.00035306272207759152853	0.0012860278569400450995	0.00042943155926256901039
3	5	0	-0.00099898426432233275452	-0.0015797256211103256375	0.00059939055859339971776	0.00094783537266619527408	0.0014602166825001879503	0.0033979939760873751828
3	5	1	-0.0020067138440493501907	0.00051577742821408434099	0.00037754679405552801601	0.00076931618691320586504	0.0041324075618704107088	-0.0053939132192082819145
3	5	2	0.00014148053352339479594	-0.0042623676668434862247	-0.0012489449440376584714	0.0026665049694757480409	0.0029101415598090539169	-0.00027271092342414087351
3	5	3	-0.0020712275905287653478	6.7593569276726170022e-05	0.0014861147373699042529	-0.0015043945913801441173	-0.00040563030508774166813	0.0024397307496901807916
3	5	4	-0.00091646438123890901217	0.0032335493673390745817	0.00021039487678298351568	-0.001004328382860614384	0.00042435468995045239841	-0.0011697515469285379563
3	5	5	-7.4146026450445096773e-05	0.0001287524528112810008	0.00023084584121530266	0.00026671670128620061837	-0.00018635822534503562091	-0.00034396817297296922427
3	5	6	0.00023886653889553001993	0.0001043421468286124176	-0.00013671316106541074121	0.00024789271354483453751	-5.5056352265894044343e-06	-0.00025874833470166828725
3	5	7	0.00074090207096618213804	0.00041044881681983062978	0.00034274228557487493784	-0.00013002334870689270514	-0.0005623453772532744201	-8.303281527500405582e-05
3	6	-7	0.0003851759017037435979	0.00014614887765066055881	-7.2003076162823677572e-06	0.00019281065492231751462	0.00015890369420193379115	0.00022790150892655524815
3	6	-6	-0.00020287163303252492112	-0.00038990583005393450976	9.485752250917770629e-05	2.1924993227293032989e-05	-6.5782940070847525769e-06	-0.00017302792179967421173
3	6	-5	-0.00094118855448184696785	0.00065157088462210687417	-0.00028957858439410637382	-0.00056952458750369008324	-0.00091220743396203585098	-0.00029248697423116389949
3	6	-4	-0.0014526793412066463934	0.00028504972879332901798	-0.00026404734079451711937	0.00059176869510572699569	-0.0014855805170967603928	0.0011014403392535872164
3	6	-3	-0.0026626476986288723919	0.0010451311762726528658	0.00020597726416759552337	-0.0010397802573971386738	-0.002250693170293681291	-0.0010344293385216242649
3	6	-2	-0.0015215011431028062708	0.00084784478144803415278	0.00050838431345816173339	-0.00058606486785103611634	-0.00075709877427972431443	-0.00048642743138105711985
3	6	-1	-0.0028614806820753380633	0.001884752781242220827	0.0011627619700564652792	-0.00087653913241590481094	-0.0016078702258872214301	0.00039502354923123361545
3	6	0	-0.00197290578653612882	0.0028889304333792249248	0.00098645289326806441001	-0.0014444652166896124624	-0.00013662695903938207797	-0.0017546051573341420356
3	6	1	0.00086740372355690231656	0.00076738133975021529699	-0.00040776145418083234884	-0.00050544729988257852769	-0.0001556424455857127753	0.00073053978004482516672
3	6	2	-0.00091206269060478055259	-0.0017347004467008994046	0.00079531685681846254771	0.00077197222725998047507	-0.0010178565345482168143	0.00028613398827140751899
3	6	3	0.00025548794876620393567	-0.0017039026673445192492	0.00024146883158908687052	0.00045889592471898082125	-0.00073842561194437767672	0.00078611081790655760668
3	6	4	-0.0011553056937485370499	-0.0006297424336825362557	1.3313406410478457194e-06	0.00038369128368128188481	0.00086448225934983096656	-0.00010323010026002063543
3	6	5	0.0001548084483146642946	-0.0012451105220343933709	0.00026076584338455657038	0.00039647735575326365897	-0.00040580408105026649374	0.00027129348631671967515
3	6	6	8.5422042348431371432e-05	0.00032253496344857143698	-0.00018389459616684493328	-9.222009111545997949e-05	0.00014118357499262924079	-6.9047390608825725449e-05
3	6	7	0.00019494953545975987163	0.00011956340423638655874	7.5826694645144576039e-05	-6.1097929750197893647e-05	-0.00014854411060716385569	1.1281951131468124205e-06
3	7	-7	7.9395039275916348947e-05	0.00023762504779993188901	-0.00018738003721521356154	0.00023460727286450452239	-0.00015335359181124940038	0.00033644657906447530873
3	7	-6	0.00013758756846868336332	-0.00043518680530075295196	1.7166589260816801176e-06	-9.5676155477934776965e-05	7.0796552981436971955e-05	-0.00032921558404130040051
3	7	-5	0.0007693587773548727889	-8.1560642023201758368e-05	-0.00064782410430634662386	6.4228731198559120921e-05	-0.00044533847961596156753	4.0983838464061707492e-05
3	7	-4	0.0010716353859817808608	8.7784173965657212894e-05	-0.00092058805276799956716	-0.00012137566220009732407	-0.00080730255285766359691	-0.00014656927837592741083
3	7	-3	0.0003140216428778866615	-1.5081084324623249179e-05	-0.00040473909216112675469	1.7762783709774367352e-05	-0.00063036957216474243278	2.6365410998183609105e-05
3	7	-2	-7.8658411485367458809e-05	-0.00053602380880102664176	-0.00013808562838841552454	0.00012619697292958007712	-0.00060128731658750549701	-0.00036234630794800969274
3	7	-1	-0.00063321724079746675648	-0.00043788009026800219512	0.00022185153804236848549	0.00029342276249181561487	-0.00034669095609582092519	0.00074031906663870282719
3	7	0	0.00034007956483074578162	-0.00048366312011000338507	-0.00014574838492746247784	0.00020728419433285860522	0.00028205785438625065884	0.0006092679243742356093
3	7	1	0.00010959248881335985576	0.00040422736819778053727	3.4772711438337005783e-05	-0.00025878359575436018364	-0.00057218644650843864842	0.00059880306568717951102
3	7	2	0.0010142520697582054975	-0.00083195650409549409474	-0.00032262770716626610994	0.00032795213810377695646	-0.00039218112955537696995	0.00010010227278002172674
3	7	3	-0.00051219941327724344791	-0.00016456346701559294876	0.00048420756054496863095	0.00012365759782542653112	-0.00061761822799435007851	-0.00012397092791040231763
3	7	4	-0.00011225084650466361086	6.8188198556508073126e-05	7.5418268498288789899e-05	1.2497983671305990842e-05	-4.7793834993507667403e-05	-7.3012620342166535854e-05
3	7	5	-0.0003544206971197526963	-0.0010048720841125673587	0.00025224563937452072976	8.279291429906183769e-05	-0.00014049147685247739305	0.00048701317044885387769
3	7	6	-6.962806624645923731e-05	0.00026797747591595868664	-0.00015842820748002435353	7.3951187576973184115e-05	0.00021964694184992467518	-0.00022026512346444806264
3	7	7	0.0001618156803951364942	-0.00010240552565895788279	-0.00010929391924733267117	0.00020595188719975816545	3.9944341935131328128e-05	-0.00016206380477449050721
4	-7	-7	-0.00018898629966298502816	-0.00011577263549405274168	-7.2048081212249854991e-05	-0.00025303800342081958887	-3.5944090023741587735e-05	0.00018688221170993233114
4	-7	-6	0.00034205384023090762294	-0.00017724951924942702148	-0.00012269056270072784313	-0.00016720054284404976602	0.00037117488330478754302	7.6900953818440041516e-05
4	-7	-5	0.00025899865487797062071	-0.00010824378198038501347	0.00023119497866039038039	-0.00032505098724647647724	-0.00011647404622217004953	0.0003684763565607590682
4	-7	-4	-7.834098831485341685e-05	-3.5757115839768783823e-05	-0.00017518867037568638988	-5.8950312468415762171e-05	0.00022823918484259777899	6.7405930979958796588e-05
4	-7	-3	0.00053476136648639193208	-0.00034209047759760379849	0.00042566057254416768928	-0.00013138136255631534081	-0.00028019284728786878922	-0.00014956412416540262986
4	-7	-2	-0.00042844627953590302136	-0.00015421890432191045269	-0.00060481363868760350776	-0.0001458490165552168657	0.0012599551763348062344	0.00020203374929943809747
4	-7	-1	-0.0013632166614559145575	0.00075135030524254480325	-0.00083815038448600842364	0.00040892216332957597802	0.000414186045578400898	0.00014294607766314736683
4	-7	0	-0.0010454355674464090292	-0.00043208323258721737913	-0.00059739175282651939877	-0.00024690470433555276484	-0.00048458197983853272669	-0.0016569185696566884197
4	-7	1	-2.7757240824866249415e-05	2.5667716748163980591e-05	-0.00031578750444872209649	-2.9308082845736335215e-06	-0.0020994835678415897998	-0.00012318652498467135871
4	-7	2	0.00051645919537488395139	0.00016593765052176414894	9.5513247316825268291e-05	-7.9771586398086903434e-06	-0.00069862202514087959251	-0.00035979535628285873186
4	-7	3	-0.0002921200959624024548	-0.00062054339958497869642	-0.00047882258345967852482	-0.00029939038532638469637	-0.00072775923345604661818	0.0001288136336850739794
4	-7	4	-0.00013270650764829656793	-0.0002494260464551584797	-0.00015043520322768254511	-3.6567983032777911492e-05	-0.00013055509800014792666	0.00018543207614779715661
4	-7	5	-9.5374658415014578871e-05	-1.0544572743253659825e-05	-0.00029974603558605118162	-0.00032101296904079944889	-0.00034334472308845996949	-0.00044098249846251629924
4	-7	6	-0.00015021216063858890176	0.00018900423602617594785	-0.0001039693070205543454	0.00015788274827320178655	-2.11560844315874662e-05	5.8193715634618116818e-05
4	-7	7	0.00015536554803600747198	-0.00020047268644872063442	0.00025426851883869665489	-7.0278985627715017423e-05	0.00016548820567526380601	4.4276835200125335421e-05
4	-6	-7	-9.4537509449536040348e-06	0.00055944286425567305108	0.00031493596720524565579	0.00015237438860619208127	-0.00027534725814446978087	0.00018907501791221996727
4	-6	-6	-0.00014908635710646174011	-0.00024720112412770676395	0.00014979625488660964876	-0.0001062148619341881365	-0.0002491871596242508269	-5.858588748428302591e-05
4	-6	-5	9.6082112163822560994e-05	-0.00031362507919594959614	0.00014418166493200532444	-0.00049825254546220592005	-9.6152308187348345956e-05	0.00034700299119788739462
4	-6	-4	-0.00041292174984795349067	-0.00015264833109718357125	-9.9979195826745758882e-06	6.3402382645376010738e-05	-0.0003979248704739415921	-0.00024775190506524762124
4	-6	-3	-6.2852948668193023572e-06	-0.00077269575287927585051	0.00024214896752362859698	-0.00067455829900237430745	-0.00049267832820301627958	0.00031885559416571407527
4	-6	-2	-0.00071078442167379397593	-0.0012349189203866577265	-0.00048937155315438227166	-0.00070904488919917938589	4.654581611555884277e-05	-0.0003427031731757771869
4	-6	-1	-0.0016892455705058548234	-0.00060422490953521558292	-0.0014268283725492711574	-0.00064978945134204274189	0.001803987953272208301	0.0014818370699113939028
4	-6	0	-0.001920702171124978163	-0.0014194048405062823903	-0.0012804681140833186308	-0.0009462698936708548907	0.0020283827928725618912	0.00018227112049614457357
4	-6	1	-0.0010846178054783222385	0.0026904015865481432056	-0.00054760722715348209011	0.0015827785219393597504	0.0010528278589923966303	-0.0012649352145564147533
4	-6	2	0.0018059739460264759032	-0.0010323814827823251522	-0.00010970448772185247975	-0.00038396059910389895376	-0.0039410613552185091643	0.00091288116825295349734
4	-6	3	0.00039999661120092549343	0.00026074503944132487862	-0.00028176902112684866194	0.00061328734650890654075	-0.00109686685718826454	0.00087891464042937983772
4	-6	4	0.0011922675874076710083	-0.00016260164352492490077	5.5755939916543146792e-05	-0.00027054356067851190702	-0.0011086336775328563525	-0.00024321369749284298687
4	-6	5	-2.5660119313220258465e-05	-0.00033479587676183000322	-0.00040918521276656316362	-0.0005287474456620133538	-0.00047049415986929955975	-0.00036666023338495197861
4	-6	6	-0.0002716797037973946974	0.00016933361064293560349	3.7683353460724486827e-05	-0.00053300774001529844376	0.00021880315599232094724	-0.00064589681377725551275
4	-6	7	-8.0476187372935004843e-05	-0.00015630520005376676712	-4.8759343983605168635e-05	-0.00019038575071001192303	4.1926693700155754133e-06	-7.3870529149286368303e-05
4	-5	-7	0.00025325527383813741444	6.6376862575097438438e-05	0.00035080418161173788005	-0.00058783423232346382163	-0.00010585711610087712156	0.0004578112302739584011
4	-5	-6	3.6572779339146244918e-05	0.00094177374104908529243	0.00025168088541952426864	0.00044636068183349529234	-0.00018535221829017270467	0.000255881925838144118
4	-5	-5	0.0017866370308497791022	0.00020951159693034123702	-5.5049888956994957672e-05	-0.00081161211755354629137	0.0014843595136368181731	0.00097922139509781921593
4	-5	-4	-0.00062915135887083245905	0.00071738741870339389067	0.00019151795253487984613	0.0008553206846041845569	-0.00086854879953943229381	-0.00035176343705183677835
4	-5	-3	0.00059748040201932489917	-0.0017352747847458444529	-0.00019003054067238470668	-0.0012545910305763188167	0.0011133581038130742954	-0.00022271466203392775566
4	-5	-2	-0.001568118065894562015	-0.0014076000390394669253	-0.0010426892399556882043	-0.00050127823385946615551	-0.00052951303189990351922	-0.0015620044934302685161
4	-5	-1	0.00082210323609067015218	-0.00066942903781319347111	0.00076933859487109232562	2.9527544886305391136e-05	-0.00055828002999278123625	-0.0028253538756843007453
4	-5	0	-0.0032600765034283374182	-0.0048894105840413416147	-0.0026080612027426699345	-0.0039115284672330734653	-0.0017979659999874180679	0.00077280303181109680048
4	-5	1	0.00071236388052469919781	-0.00032800351257170876117	0.0010423288241759359665	-0.0003863628419671788234	0.0023621885987808832578	-0.00061980015954905907233
4	-5	2	0.0006680705020984953682	0.0015922647875835954819	0.0006333713514465222523	0.00025607186761906802937	0.00024728737441931494855	-0.0025443499061195209987
4	-5	3	0.001205764028648422621	-0.00090152456725033146105	0.00015895723770216135611	-0.0016990584521080576239	-0.0013427566420276279644	-0.0016297313305129873529
4	-5	4	0.0014126006443291329838	1.3332021457446361604e-05	0.001081822983227737154	0.0003578304714309089125	-6.0321915294461351609e-05	0.00043395606783118976547
4	-5	5	-0.0006840481498673526119	-0.00035268794139267867433	6.4371962235582863674e-05	-4.3061178967488920064e-05	0.00061161048212946499385	0.00023908917414665402075
4	-5	6	-0.00050305458422836117627	-0.00018543666578482411378	8.3410002861743220851e-05	-0.00050241535150164764664	0.00040487805853702679704	-0.00029505501572815701723
4	-5	7	0.0005143215012051443203	-3.3870566360006696338e-05	0.00022593736161774657261	-0.00048343894452240586011	-0.00013251417096169206748	-0.00032595892245314322033
4	-4	-7	-0.00049245582841643206502	2.8893119054872730503e-05	-0.00067599619487851165395	4.5873803396633812217e-05	0.00010488020940690265129	-9.7032481952920452415e-06
4	-4	-6	0.0007367569480634717817	0.0012550178455618412297	-0.00049976354934798221646	-0.00084275156579364715864	0.0008243469982743026293	0.0013985129409036589979
4	-4	-5	-0.00021452827284869563969	0.00034554407782350391809	-0.0015388712965774802716	0.00025435557727780400963	0.0010594744189830276621	7.2950800436559913218e-05
4	-4	-4	-0.001362040711476353869	0.00093203790547861421496	-0.0011025479355892427429	-0.0017151426944250641217	-0.00025949277588711118026	0.0026471805999036782282
4	-4	-3	0.002094181891793216177	-0.0021580077219896945731	0.00070105800182744841195	-0.00023991606265297442716	0.0018574985199543570923	-0.0025574555457822936363
4	-4	-2	-0.00045882321001568119115	-0.0037074258967684636107	-0.0005603197078030283055	-0.0045202877088600362104	0.00020299299557469412027	0.0016257236241831449827
4	-4	-1	-0.0015964513902073022671	-0.00030114825652058959792	-0.0017707669724586155933	-0.0013696368510137963553	0.00069726232900525406382	0.0042739543779728274633
4	-4	0	0.00035567140306147406598	-0.0030516591489309239857	0.00035567140306147406598	-0.0030516591489309239857	0.0010787221196784926511	-0.0035479521787259707052
4	-4	1	0.0011316002662340464945	-0.0063586822587377361468	-0.00011194731490486201054	-0.0066279273678885898546	-0.0049741903245556339658	-0.0010769804366034163492
4	-4	2	-0.0014151838616025045996	0.00065878202566084129947	-0.00064544181075741006298	0.0008466842664936837827	0.00153948410169018929	0.00037580448166568491226
4	-4	3	0.00035074056490441436317	0.0026792800677263401907	-0.0012424856707937547307	0.0028582912490668762814	-0.0021243016475975587919	0.00023868157512071483286
4	-4	4	0.00089383371096546707351	0.0033429445460999383105	0.0018673488049119120902	0.00099182481278415300652	0.00097351509394644501674	-0.002351119733315785304
4	-4	5	-0.00022819092875633022058	-0.00079105783802988925615	0.00071970826101648154201	-0.001709983582527942322	0.0007583193518182493667	-0.00073514059559844243102
4	-4	6	0.00052546041719528314897	0.00050537722017243073922	0.0005398746859078782127	-0.00030533463078052399233	9.6095124750633899383e-06	-0.00054047456730196982103
4	-4	7	1.7200797910952873908e-05	-3.3602086913030681202e-05	0.00027632187836859134836	4.6211974399875607462e-05	0.00014806918883293626143	4.5608035035946448729e-05
4	-3	-7	0.00037729451232975373155	-0.00030927023440469134791	-0.00014224278122038270687	-6.2228159419508533392e-05	0.00027655805614002328466	-0.00015005663705146282541
4	-3	-6	0.00069307673973343557425	0.0009079995965191600682	0.00017661464033093000328	-0.00095221826618651598129	0.00037374383965682535409	0.0010814421974393647208
4	-3	-5	0.0027702982953827955115	0.0004700457169729991354	0.0010053766347030582227	0.00095463085541863353708	0.0016130126554844013888	-0.00019674193967278080851
4	-3	-4	-0.00078390988293964918802	-0.00090167005137370350061	-0.0029490643115503128308	-0.0016590401587206629955	0.0014278883507230855435	0.0003426100676667938002
4	-3	-3	-0.0027728179041147343713	0.0017174542663231265154	0.0013784624293605358437	0.0038788587459623472334	-0.0050755529681801815275	-0.0015889197241981786908
4	-3	-2	-0.0035816477888142876293	0.0010149190238799177689	-0.0022364434890241725699	0.0020181932799035154531	-0.0038086303440923170542	-0.00099745187209543742513
4	-3	-1	-0.0022311417778165237163	-0.00067033509816786900071	-0.0044115723417747897822	-0.0012018862134090706802	0.0043101499140582736139	0.00092431824755573625471
4	-3	0	0.0066648094050219836709	0.00021357132610572623628	0.008886412540029310983	0.00028476176814096833311	0.00042123439812418139424	-0.008170633998388058053
4	-3	1	-0.0050666549333747883457	-0.0040595882128119332652	-0.003612032740960948677	-0.0062601627707050203075	0.009430521510616308653	-0.0025421354608673278619
4	-3	2	-0.0025848958531269725265	0.00082997019803112467157	0.00022603966559625154453	-0.0046171997947054002273	0.0055088512046483229662	-0.0085857400881203492504
4	-3	3	-0.0023347435207901165617	0.0017933965738430577598	-0.005897890406140531179	0.0072785985727340032914	-0.0027848990450870421409	0.0048874031409432599007
4	-3	4	0.0010957655818088090933	0.0022388808617370813819	0.00034878756116576905156	0.0031865563370359756279	-0.00083417491093448238593	0.00015103639103990036609
4	-3	5	-0.00025331616229374074147	-0.00044618599304537134116	0.0011151345161722883356	0.00045751418027465220496	0.00087173363953836559455	0.00063145730260108837422
4	-3	6	0.00024246649210786822785	0.00018032863012667983737	0.00011711067681794035155	0.00059585474208983981847	-0.0001030889896629419829	0.00017770828429380000862
4	-3	7	0.00025433919600609261472	0.0010294652318163450069	0.00037459696267387875305	0.00039608850889039087925	1.5204871999609403428e-05	-0.00041851362865631539564
4	-2	-7	0.00054941567213699876553	0.00058601805969521025396	-0.00017912123535967407347	0.0007680799411203829757	0.00036512930846676331558	0.00011541605093429642035
4	-2	-6	-0.00010700537683326428247	0.0013131223093629409808	0.00027113477215912084629	4.5537056059079898652e-05	-0.00016171517527521647945	0.0008602358542222673498
4	-2	-5	0.0012806009343805692391	0.0020277298865257961658	-0.0021780591067890784328	-0.0036450334102422874034	0.001895704390220086721	0.0030801972733175519807
4	-2	-4	-0.0054516997812235432758	-0.003515843381174851498	-0.004091064425122047099	-0.0047286020589966983041	-0.0034061675686625192926	-0.0011515423516765021291
4	-2	-3	-0.0024681618952029603375	-0.00027901111943592449109	-0.0085185966441772790342	0.00073741833353407101447	0.0023881819025142396289	-0.00086362704827061336724
4	-2	-2	-0.0054038876530202771889	0.0036444459713713970098	-0.0010939795003719837794	0.00017570202489584544172	-0.0097137958056685708153	0.0071131899178469492825
4	-2	-1	-0.0024949597087683965564	0.0040058180127774964743	-0.0088557330320452737338	0.00011770728002363121196	0.0077316272290169621093	0.015787857491062724097
4	-2	0	0.00025716085957837298264	-0.000151191168542387901	0.00051432171915674596528	-0.000302382337084775802	-0.0037730292563986061322	0.0062482996418862409016
4	-2	1	-0.0024034793293562727555	-0.0011072068665685050066	0.0034031881073105000289	0.0013949618425658479384	0.016420293532046090212	0.0072187511514057159032
4	-2	2	-1.5152670909090361503e-06	-0.0013119635679193991998	-0.0029030302650785433372	-0.00031374258109242612273	-0.0028999997308967249803	0.0023101845547463723853
4	-2	3	-0.0040934799468409803144	-0.00061632712984729769168	0.0050630960956050581612	-0.0032780637369122702512	0.0088333706595246780369	-0.001363606318145116434
4	-2	4	0.001885387514857321577	0.0013925502260682231636	-0.00073315758863337393732	-0.00046873621280896693355	-0.0022519663091740086541	-0.0016269183324727064677
4	-2	5	0.00065187410208635845031	0.00048980456974912791029	0.0015800538153118506846	0.00012946722475793426819	0.00011052224445565349731	-0.00034005676589612856674
4	-2	6	-0.0011363220757893580191	0.00020995334328084412656	0.00058168680120289297138	-0.00086000321177577240036	0.00095144365092720303932	-0.00042663663277915355116
4	-2	7	0.00030738497336532807306	0.00062476890965936274745	0.0011882090413071215353	-0.0002402892198458985145	0.00016383974130756152041	-0.00042566486833274969374
4	-1	-7	-6.9918300046520700554e-05	0.00043060500645885116909	0.00076804111432956189125	-0.00018325216725189431366	-0.00014967347350223494072	0.00027223888472675697534
4	-1	-6	-0.00088333321817032960186	-0.00046074413157916706881	0.0014590959651689008447	0.0017145074990537261753	-0.00083207147297503650588	-0.00059291400422839914738
4	-1	-5	-0.00021111366824267589846	3.2278656839973855416e-05	0.00070854293213728071314	-0.0021137333950637564664	-0.00031059952102159685055	0.00044856960448473034509
4	-1	-4	-0.0017774733942183384289	0.0016778339268126410584	0.0021091147384239921324	-0.0066423186588684714204	-0.0023047520788243361367	0.0033384135915297589135
4	-1	-3	-0.0030400461090337926526	-0.0020585383726653867786	-0.0031170367101683929545	-0.0051971063411656373554	-0.0030143825753222593632	-0.0010123490498319702088
4	-1	-2	0.0044132058656040735675	0.0013374577910616222524	-0.0080531710429814027524	0.00039281529393991610746	0.012852997252698849379	0.0024785079351532864241
4	-1	-1	-0.0060690832959082174902	0.0060635017298527431329	-0.02717806078536896125	0.02225887045190516958	0.0029017276017360899877	0.0019951364675058038192
4	-1	0	-0.0029499391538158449902	0.0022342744531352867407	-0.011799756615263379961	0.0089370978125411469628	0.01364942183298888459	0.014838227612414815748
4	-1	1	0.0023638576110215268021	0.0067649559941498323482	0.00857384203197794105	0.020182491024179925743	-0.00088158841210816680893	-0.0068773329524194027826
4	-1	2	-0.0047979312522890742512	-0.0031483744612172538495	0.0097797182418862243364	0.0074820730442403532434	0.014485721625521259803	0.010037785444554685188
4	-1	3	-0.00070525961634983907762	-0.0010960912117000483259	-0.000348542997285085864	-0.0090978917546975183323	0.00082416515603809018496	-0.0015711756359657754432
4	-1	4	-0.0034218897544581478726	5.6571021875665779722e-05	-0.0016111800467996141312	-0.00098797197468044489245	0.0030190947427582441771	-0.00030356401554577705027
4	-1	5	0.00045862664726728838817	-0.0004810261994590052056	-0.0012894492169359286597	-0.00013450728755610066715	-0.00062479116120101637743	0.00035791950205598402563
4	-1	6	-1.9820180406947007247e-05	0.0016662121335619737954	-0.000828327371163584689	-0.0004459987897530123032	-0.00012484110825596611452	-0.0011851412206668179503
4	-1	7	0.0010378258688937280502	-0.00059248004985472098403	0.0012919597809365080277	-0.00047276420868541722906	-0.00040847767066262919084	0.00027102228439049525161
4	0	-7	0.0011826034270194221622	0.0008548196544283415306	-0.00052118315521182618025	-0.0010141615560693656526	0.00067577338686824128203	0.00048846837395905234967
4	0	-6	-0.00074899148546721976746	5.6605053058704529094e-05	0.0016815684686475981975	0.00053991767943167747867	-0.00049932765697814651164	3.7736702039136350471e-05
4	0	-5	-0.00065232282804389657253	-0.001666901470323497959	0.0012026338814969906796	-0.00057367074151717294215	-0.00052185826243511730139	-0.0013335211762587984106
4	0	-4	-0.0042265468984763977442	0.00021608675214183478068	0.0018891682243818437147	-0.0066511554435449166817	-0.0042265468984763977442	0.00021608675214183478068
4	0	-3	-0.00082161529848595734552	-0.0011789985786662959821	0.0047149167205566199987	-0.0077974361396383543021	-0.0010954870646479430551	-0.0015719981048883946428
4	0	-2	-2.880624396557144711e-05	0.0048644818593721519256	-0.0096706149697443014729	-0.021014617249878790595	-5.7612487931142894221e-05	0.0097289637187443038513
4	0	-1	-0.0033046992444916998069	0.0030575126790486385764	-0.0069788612256291068098	-0.0068712515163683787062	-0.013218796977966799228	0.012230050716194554306
4	0	0	0	0	-0.0055539236167297181823	-0.0069519228331010440164	0.013571641112519943623	-0.0049213530810349398817
4	0	1	0.0032048105617894281222	-0.0019799228450562639595	-0.011066098656518023879	-0.0044401837163327260993	-0.012819242247157712489	0.0079196913802250558378
4	0	2	-0.0044176362094739433581	0.0086132159722173539523	0.0090006223873160453447	0.0003816121330160337664	0.0088352724189478867162	-0.017226431944434707905
4	0	3	0.0032656198037635444237	0.0037571345080934484724	0.012805565241391035289	0.0024338214379037979331	-0.0043541597383513919867	-0.0050095126774579315856
4	0	4	-0.0033935820593929228936	-0.00070113454474973095978	-0.0054575475123090242888	-0.003926790322549349524	0.0033935820593929228936	0.00070113454474973095978
4	0	5	-0.0002727421231160213639	-0.003289910698289147048	2.2000379810491626939e-05	0.0013175188840725887349	0.00021819369849281712364	0.0026319285586313173782
4	0	6	-0.0015890143256988497559	0.00015636881134014054347	0.00028567177457113345244	0.0012752106859418436188	0.0010593428837992332429	-0.00010424587422676037587
4	0	7	-0.0014395503683047733423	-0.00043820898144931693437	-0.00036068493312129714084	-0.00034619779756787021985	0.00082260021045987049681	0.00025040513225675251844
4	1	-7	-0.00048531897003864114598	-0.00058462787697243022	-0.00027622140231974880165	0.00037047869960374899597	-0.00031678532606775903959	-0.00028114754404085309531
4	1	-6	0.00047965939902081975929	-0.00051380567493649709036	0.0010345968758087749351	0.0021347506145510679494	0.00049220574531534232871	1.3254652467513273131e-05
4	1	-5	-0.0023713199378206989074	0.0012271653293431884681	0.0016628778635497476566	-0.0012458472742493849339	-0.0015644803775466096813	0.00073256280862467380941
4	1	-4	0.00078386592928311900601	-0.0052046993137873850954	-0.0036649925790748845607	-0.0012912195353843886492	-0.00013238221548560213416	-0.0055275041976334824204
4	1	-3	-0.0061647032950367533846	-0.0069982693181262082063	0.0036841214339315311692	0.011791917752650593609	-0.0069915639154051615126	-0.0054003865066180791604
4	1	-2	0.0034366322046870383805	-0.0018266331586752713057	-0.0043572455742462755726	0.0065367221182957430115	0.004694641622250938541	-0.0003849052582026710515
4	1	-1	0.0045322153092428032681	-0.0026768308038067518961	-0.01735769471011710044	0.00085006873607386282485	0.00077116652685411219911	-0.0098572544791531435671
4	1	0	0.0020693151156857669121	0.0039432697199417755807	-0.0082772604627430676483	-0.015773078879767102323	0.0019967906415045517596	0.014301069818610357906
4	1	1	-0.0004940539000779585032	0.0019397117470126934522	-0.017586404356797986914	-0.0055963296857178424643	0.019562619957109821794	-0.0021625173023329317783
4	1	2	-0.005050309368593703524	-0.0085907643276166047175	0.00045065527932393410065	0.0025747038733062812578	0.0098752910975254386966	0.01589417671858006989
4	1	3	-0.00051371716271298611175	-0.0043794369986583708484	0.0077061317121038660702	-0.0069763476574586985243	-0.0018837543537506403965	0.0081646985506973954183
4	1	4	-0.0043510803129497999803	-0.000168532610620733222	0.0031560049740518543795	-0.0030105448797353882504	0.0035620790694368361685	0.00092116883055458028459
4	1	5	0.0035416071042247451554	0.0025201959693731124101	-0.00048757935714708520959	-7.1694855074556267452e-05	-0.002735769811950378768	-0.0020018178044835786313
4	1	6	0.00045910967329526928106	-0.0014522744113287871463	0.00038018743023157544701	-0.0016088410704411405111	-0.00036943768723544213135	0.0012363231192927149216
4	1	7	0.00028869480553186780986	0.0001222642110685992782	0.00035355307329327281254	3.681605472018702809e-05	-0.000215476042202963436	-7.5124699856369167822e-05
4	2	-7	0.0011356773479296239978	0.0016726463564980102207	0.00077388016116870794736	0.0013699767366648198195	0.00087006710200798742776	0.0013472198427602400436
4	2	-6	0.00084378594349964082793	-0.00037973171791518179783	0.0011271688283497288772	0.0026041528178643072976	0.00093824690511633680821	0.00061489646067798119783
4	2	-5	-0.00040743881836684053225	0.0020783019109379698673	-0.001658967306558371043	0.0036692836364666503966	-0.00098953797731682097312	0.0031303549833370360525
4	2	-4	-0.0038392234648274643945	-0.00062003656964310874949	-0.00036473172342022571607	0.0022461862886060668387	-0.0040215893265375772525	0.00050305657465992477829
4	2	-3	-0.0030084557372285947348	0.0038312807352180781005	-0.00029259447314788813565	-0.0064231367415126562614	-0.0042063372984033854315	0.00082628315261566677094
4	2	-2	0.0074021162664443087079	0.00036232213382039599918	-0.0072208484481705590211	0.0073600865549620798217	0.0075833840847180583947	0.0080847308226028730127
4	2	-1	-0.0031825503005339966962	-0.00023314444073827512928	0.010764617855970919774	0.0016084685649566563773	0.0087990345098058510287	0.0022843593669602119123
4	2	0	-0.0051459411834124165613	0.0029173262069097367737	0.010291882366824833123	-0.0058346524138194735473	0.011132340709902804193	-0.0098733750887973741744
4	2	1	0.0059074909884190545534	-0.0043243677111760138801	-0.0086657388188553022279	0.0093164647892271419682	-0.0062984863159656137577	-0.0013354587337502295003
4	2	2	0.0027677238610278181996	-0.0066285152980718872393	-0.0032181815453603025701	0.0014397037391830466626	-0.0023172661766953338291	0.011817326856960727599
4	2	3	0.0033167175436969796413	0.0050178637016708481713	0.0011414846242590111387	-0.0014660178962522566696	-0.0051832798077686469476	-0.0057131396713929602157
4	2	4	-0.00010733866950772099941	0.0026417812388590876209	0.0039132038764695883937	-0.0022479335360067530074	-0.0018492632687270732245	-0.0015178144708557111172
4	2	5	0.0004864278201640913693	0.00050584234462936286149	0.0017633001528941582518	-0.00075500900689422386063	-0.001094462317288936266	-0.00010267027294580071783
4	2	6	-0.00089505643614173945391	-0.00050051630115056369111	0.0021554615870799974722	8.976994249667812867e-05	-0.00012178290493217285028	0.00030375421993481644496
4	2	7	0.00031286438293615901089	-0.0003536644755844672687	0.0010448940702836222259	-0.00094254203382988820722	-0.00047732081033026869639	0.00047139170999966364907
4	3	-7	9.6640889353642023653e-05	0.0006225434975349210644	-0.00023987546080198485655	0.00034026200486123600944	-4.7580403570198061085e-05	0.00050156571496048462776
4	3	-6	0.0012262098341185971324	0.00011960937275859077162	-0.00021485653237315251065	0.00071261993596934841439	0.00071004495655915508042	0.00043604954982373475775
4	3	-5	-0.00012185956267066994454	0.00048569518712575533844	-2.283340533914009733e-05	-0.00032143388571099926415	-0.0001111876933400200181	0.0001956958182740047231
4	3	-4	-0.0012521939530993387874	0.0023250705578666615476	0.00026898424882986209528	-0.0038333389412468395208	-0.0010504557664769422973	-0.00054993364806846776766
4	3	-3	-0.00021474612343069590117	-0.0048246682470218325151	-0.00077904709055882817408	0.0024333789498658391255	-0.001065375255133089484	-0.0039995120461632704609
4	3	-2	-0.0014757970483492272289	0.0018874457415705698897	0.0035186843869549344621	-0.0024934025435668243954	0.0023264324837339472353	3.4787667790903165912e-05
4	3	-1	-0.0013416037234140394153	0.001711720207280680809	0.0019319099177713371096	-0.0033086017254321097719	0.00042931485965785410111	-0.0030789243471736052124
4	3	0	0.0064485921144322305709	-0.0065918105931806730141	-0.0085981228192429735163	0.0087890807909075645971	0.0028171154402088453145	0.0074337394342817476878
4	3	1	0.00036291607021338238284	-0.0066624082057314343644	-0.00090207470207668378689	0.0077071509947727497025	0.0012545598253765218293	0.0035281798386074879163
4	3	2	-0.0045176347235721349069	0.00018516601445057957655	0.0052272892772001599421	-0.0045344632532892583526	0.0011943355313440299006	0.0064313628510327290264
4	3	3	-0.0015251664060507170301	0.0014712264586433005959	-0.0016668601036618534497	-0.0051472154728600038806	0.003700415311729476301	0.0031855801946689367085
4	3	4	0.00059661982759151804909	0.00085604362363282898805	0.0029250904383437584082	0.00033636503388708414736	-0.0027904376563493370721	-0.0011083173990481421257
4	3	5	0.0013189974423194574579	0.00010033583067502027241	-0.00080773095322819949207	0.0010465167459736692771	-0.00057055938191864622767	-0.00070817871212421783841
4	3	6	0.0012128952369475610399	-0.00055821662873139067749	-0.00040815056385728651876	0.00038026641113744134685	-0.00060452154270306413669	0.00018201121358553978727
4	3	7	-0.00021657834231442307641	-0.00048375570560649347376	0.00077720461342952059346	0.00011826079949814635283	-0.00020932863871869563537	0.00022574863199021925268
4	4	-7	3.5596234396897463226e-05	0.00011197612007089063511	0.00022937984589671686284	-0.00098445127327172134331	0.00015141490302492246816	-0.0004985572304004746904
4	4	-6	0.00080935555827722348732	-0.00020571462308786384585	-0.00072456092651188160839	2.9117809842999642914e-05	5.6529754510227910253e-05	-0.00011773120882990946185
4	4	-5	-0.00180201766007572102	-0.0001705542716929762297	-0.00050667977353211900594	-0.00014073632689256114514	-0.0018469579468862720641	-0.00024903247886842993239
4	4	-4	-0.0021723067990302592084	0.00022995067912499002794	-0.00073062551413502680765	-9.8963607804823243734e-05	-0.0029029323131652857992	0.0001309870713201667842
4	4	-3	-0.00027216689115865810725	0.001298588552037107692	0.00054291053582499176206	0.00018381893616444737547	0.00036099152622177818834	0.0019765433176020734234
4	4	-2	-0.0010106048112499569844	-0.0022312601092633632151	-0.00044414936153358601989	0.0035425300010305535783	-0.0029095083455670861169	0.0026225397835343811602
4	4	-1	1.9642561875355005554e-05	-0.0017546031359430666781	-0.00083456198407449229838	0.0027224114517031858078	-0.0032596776887965491984	0.0038712332630404773862
4	4	0	-0.0078479653611871567215	-0.0032314591205517533695	0.0078479653611871567215	0.0032314591205517533695	0.0030281067533922162612	0.0013149165484867067488
4	4	1	-0.003674880450875263934	-0.00062307014213512125489	0.0039944119549044643236	0.00075850824858212143563	-0.0012781260161168037266	-0.00054175242578800061454
4	4	2	0.00041476833974067790246	-0.0014687343403555750722	0.00096708051169729482375	0.0014469890719458857516	-0.0027636977028759452356	4.3490536819378607222e-05
4	4	3	-0.0023194419373511665147	0.00039014021603652051596	0.00078968398707462907245	0.00029919862856626379399	0.0020396772670353831118	-0.00091911845947037907993
4	4	4	0.00056989380467185846938	9.955198975076055281e-05	-0.00071370192112320805268	-0.00080819193737545708209	0.0001438081164513495833	0.00070863994762469654284
4	4	5	9.2782983261667257169e-05	5.9340842637125234497e-05	0.00066512110050325639644	-0.00018152956289066833769	-0.00060632326701193890121	9.7750976202834487976e-05
4	4	6	-0.00024625535874385148533	0.00063436366966874448668	0.0005771948447845856589	0.00033510637432671773429	-0.00022062632402715615185	-0.00064631336266364144451
4	4	7	0.00015369840086998799288	-0.00044340775972698237952	0.00042429418015568737916	0.00076851599921233071204	-0.00033028147487181448282	-0.0001857761368487705067
4	5	-7	0.00075260351492475172693	0.00021207651256282972489	-0.00016551315807209312017	-9.6721782789258287078e-06	0.00031183546704836303609	0.00011427787983666996829
4	5	-6	0.0010175557162947126283	0.00017006360083095996435	-0.00036758316793125933282	-0.00030618630277737512438	0.00037205117092042568668	-0.00014177951842717263645
4	5	-5	-0.00010870308864372885138	0.00032458034733120235934	-0.000491889447140061325	-0.0010890663703837903404	-0.00057885191805504433021	-0.00082940209251882845293
4	5	-4	-0.0013056996037318644235	0.00089672759665089323781	-0.00020547804067093446167	-0.00012933739792807385908	-0.0015625471545705326565	0.00073505584924080092073
4	5	-3	-0.00015742549367454746747	0.000379803434604517856	0.00047319386595961874424	-0.00063248664400601282629	0.00057875578503330130185	-0.00054773982720399756914
4	5	-2	0.0012230802164694771963	0.0022943868994151398431	-0.0011867951176932861439	-0.0014806794396636925419	-0.00052082736129426129238	0.00088707519967104843991
4	5	-1	0.0060363759403844665513	0.00039209631391085096163	-0.0041839184303661272959	-7.0478910617787797672e-05	0.0032259116097072314602	0.0012159907025544648175
4	5	0	0.0015051257549952839088	-0.0012940564089167693948	-0.0012041006039962272138	0.0010352451271334155158	0.0031215882802471442946	-0.00059209271172351704473
4	5	1	0.00044201381277126120754	-0.0034084633071705633216	-0.00078951330414079256247	0.0031821730893848571009	0.0021795112696189177653	-0.0022770122182420322182
4	5	2	-0.00027918275852089930074	0.00031629029333141519707	-0.00022136593287594815349	2.9628590971166322469e-05	0.0011117803492316689039	-0.00070665206409074616135
4	5	3	0.0001832702933542760908	-0.0012276503166651021783	7.3492453720578015779e-05	0.00028744364387378590472	-0.00036684781400666481403	0.0011577943490971597841
4	5	4	-0.00069887653930034675243	0.00019761053157962333747	0.0008053180654536672969	0.00028796433338616284287	-0.00030777104251673728739	-0.0005575659483123268775
4	5	5	-8.1637473146973956991e-05	-0.00017013582790554343418	-0.00092737981617428027255	-0.001000574209023302524	0.00099268979469185935141	0.0011366828713477374231
4	5	6	0.00031048172617207953766	0.00027437471630055703525	-0.0003389509495898530649	-0.00041102076056879382256	7.547130721015784876e-05	0.00015960082294029016197
4	5	7	0.00042445405187359195502	-7.5479716003631290014e-05	0.00015435455617916917339	-9.5451776968930753778e-05	-0.00035279842691288766958	0.00011131110697988270801
4	6	-7	0.00016485055025046587394	0.000271868557070268095	-0.00010555876596900178922	-0.00045580169207737634626	3.7213721696932505257e-06	-0.0002353337034547408333
4	6	-6	0.0005331555123967874352	0.00011724827481757868681	-0.00041608267723659928417	-7.9741123486164254379e-05	-6.0645668972074356733e-05	-1.5756069411117946701e-06
4	6	-5	-0.00011612754723018718444	0.000481567514426946969	6.163469337497246871e-06	-0.00033592905729901731231	-8.5505874579153051305e-05	-1.7860857217263215153e-05
4	6	-4	-0.00063767594151552524796	-5.4153040070537750335e-06	0.00031463543432542676439	-0.00038044738813305630561	-0.00016572279002738515559	-0.00057608638620663824362
4	6	-3	-0.00079008730529901412352	-0.0017205377203351069487	-2.1841692405027878296e-05	-6.8566858943561954432e-05	-0.0010971331252087412975	-0.0024311840116672664078
4	6	-2	-0.0010638801986727018916	-0.0011915300125685127433	-0.00013965363125987794693	0.0003573493454418718001	-0.0025467212911250377595	-0.0013110119888114100863
4	6	-1	-0.00076975736353928389099	0.0015459085120083653105	0.00024588582353679268267	-0.0011634511463678887545	-0.0016037145129363793595	-0.00079707283017387117654
4	6	0	0.00084919855128306510634	0.0017932496090105028499	-0.00056613236752204340423	-0.0011954997393403353056	0.002040718161939452692	-0.0022166608111911308317
4	6	1	-0.00025366300260055529674	0.0005734774335549569892	-3.4843502095002359703e-05	-0.0004061839313878790503	0.0012237130229722354129	0.00014319385410744637208
4	6	2	-0.00036812128337783352238	-0.00015157845304230547091	0.00039476549935835592714	-3.7645541906847905385e-06	-0.00044805393131940068245	0.00031445056865666529437
4	6	3	0.00058629209749600061548	-0.0021733932578935606997	-0.00021388273370072553728	0.0013112749102215980404	-0.00035395732925988304327	0.0002753078567482180228
4	6	4	-0.00071746204346009639832	-0.00072064077633944665247	0.00031927591590946805553	-5.3103886939060779759e-05	0.00023854816959589434213	0.00080029660674803780856
4	6	5	-0.00026257319655984684426	0.00011734648789582433862	0.00024020710613964870502	-0.00019614860325664731965	-7.8189970119701008569e-05	0.00014150113359131730184
4	6	6	-0.00025990663751458757636	0.00069161197057922947033	5.4073885531563030491e-05	-5.9645797429969152857e-05	0.00011919720614482869612	-0.00040142884962285048725
4	6	7	2.1402487196187878891e-05	0.00042515338626940643455	9.6334106454399742499e-07	0.00023390812694276303415	-1.305571359600221412e-05	-0.00044343747239060057105
4	7	-7	-0.00013309081018023492696	-9.6525029474828720867e-05	0.0002383351935462280633	7.6905875917957079279e-06	0.0001622833020146652479	-4.7466572108106415862e-05
4	7	-6	-0.0001186322156675632337	4.8762215040805405471e-05	6.8736011784361261343e-05	-0.00033025092572425986635	1.1038699700459753018e-06	-0.00035278460331776621784
4	7	-5	-0.00020417907134771028977	0.0003411922385861429572	-0.00021377980818936798244	-0.00038788300667646482753	-0.00046263498854328343433	-0.00027008241847813641446
4	7	-4	-0.00019820255245043055998	-5.7166306635349186575e-06	8.4918384162155011174e-05	3.2570584218035996836e-05	-4.9595380166659303977e-05	5.1281891718028077499e-05
4	7	-3	-0.00023091053992859182295	0.00056997862738066267657	7.3239374664299227162e-05	-0.00049548194034391176803	-0.00013698884568809089604	-0.00039615302429491053857
4	7	-2	9.4148593061866977453e-06	1.850594004995299681e-05	7.7152589400566658499e-06	-0.00014478677337743229127	4.5833124902571724271e-05	-0.00046974182672110696484
4	7	-1	-0.00017978730322271553686	-0.00014390514970372481128	7.6094462560387881147e-05	9.4120235330263278756e-05	-0.00018648797496814703361	8.3221048496943706178e-05
4	7	0	0.00061607066673236737017	-0.00057501506955127989259	-0.00035204038098992425799	0.00032858003974358849456	-0.00011275518993445879975	0.00079778592929065535178
4	7	1	-0.00042406940824807993562	-4.7181144079910601033e-05	0.00025909413587346387083	-6.9235598400787130022e-05	-0.00011738131812192740752	0.0006733737651251523685
4	7	2	0.00094248870586186429908	0.0007283739517712759827	-0.00055449338824801975775	-0.00027857969959336131372	5.5749447144340621746e-05	-0.00048171895496578739449
4	7	3	0.00021647401407377171744	-0.00066392248047419163276	2.3700021622421423419e-05	0.00047505886562867636821	-0.00034393206921734558639	-0.00022324071250132262794
4	7	4	-0.00017460664703460653207	-0.00015102871373565574659	8.5129778998160815582e-06	7.4244699318125816859e-05	0.00015970893570992837325	2.1100489928935573858e-05
4	7	5	-9.5064614647792457561e-05	-4.1137918092745425858e-05	6.5709127373627897921e-05	3.1979474777829091584e-05	-1.5941086604845096462e-05	-1.1860930214764392953e-05
4	7	6	6.4343897281332056875e-05	4.5511713104301599719e-05	-0.00013355463842800843256	-0.00024632700930976570135	0.00011291781331178847125	0.00025704036879185891392
4	7	7	-7.7613236517427022586e-06	6.625080054734076363e-05	-0.00014204785872458725103	-1.9692775335738507426e-05	0.00014648290081129737919	-1.8164824977027644188e-05
5	-7	-7	2.4847526769372171584e-06	-2.38475042968212216e-05	-1.7546034188520166476e-05	-3.9833783487666471381e-05	1.9320857529189606154e-05	2.279985184707988404e-05
5	-7	-6	0.0001586098432915800788	2.3162525880251755571e-05	0.00010696261709098395384	-0.00019865815249709312682	7.3851494701687957878e-06	0.00025106994948015176009
5	-7	-5	0.00018891825594171378225	4.8112093071490750205e-05	8.1410741591512151985e-05	-0.00013334056923399267261	7.494321771359676134e-05	0.00023478888999908049864
5	-7	-4	0.00038274771119823763075	-0.00080953755211043640101	0.00013311200594579139424	-0.00049258690600229742586	0.00024548862859266216627	-0.00014989485463402500601
5	-7	-3	-0.00010875788355014320786	-0.00025717500672261969742	-0.00012671866040941842419	-0.00021422427290285119689	0.00011441373503840430548	7.1231625568953229276e-05
5	-7	-2	2.5186965297147142546e-05	-0.00012712707370451630374	-0.00017516142716681113172	0.00012382795767712663883	0.00067603240832670677841	-0.00075121553613123398171
5	-7	-1	-8.9134293672700121484e-05	-0.00021538326634442124378	4.0848246399956942188e-05	-0.00016810721403495211025	-0.00073160919316319922984	9.9834166522558512205e-05
5	-7	0	-8.4339902430833355116e-05	0.00053449785462963506164	-6.0242787450595259463e-05	0.00038178418187831078155	0.00085808052334197695669	-0.0010832907679281245095
5	-7	1	-0.00035400036819524505725	-0.001012361954333694785	-0.00017394899831019806696	-0.00071574596349266851429	0.00055235885280483865492	5.1588027219794751848e-05
5	-7	2	-0.00050917462831758701983	-9.3095995668406394757e-05	-0.00011774812074642442678	-7.7229586616718961297e-05	0.00086081814818148201518	-3.7563563987500370872e-05
5	-7	3	0.00039280451185977821116	-3.1540499056287600501e-05	-0.00010295837748432497955	-0.00014286279027209635405	-0.00089491040056305533584	-0.00028077901220774549194
5	-7	4	-0.00023125476958119945857	3.3775416740055625884e-05	9.5510870029480306019e-06	0.00020984718512407287577	0.000305782864231658345	0.00032501330304205800024
5	-7	5	-0.00029413420978473514252	-4.4540155094540377374e-05	-0.00010739893895210162107	-0.00021512591323399286045	0.00014377569525179286218	-0.00025663612343304961641
5	-7	6	-7.4053047061758492733e-05	1.0141107224951631494e-05	1.9323508565590933581e-05	-1.3980769022198529812e-05	8.4254965877988169279e-05	-2.4761819880024646054e-05
5	-7	7	-8.5910052709720833956e-05	9.2590799571487259747e-05	-0.0001704834941694541371	3.0741265535946559254e-05	-0.00010911917080536783875	-3.539501987225862628e-05
5	-6	-7	-1.6824855303611328892e-05	0.00010781623266189936195	7.1087792405558560709e-05	4.7478418411006852618e-05	-7.2950147278772576546e-05	3.6315807549065101082e-05
5	-6	-6	-0.0002546310304680805413	0.00031173292086259164107	-0.00016403096367896926504	0.00015404909641302357622	-4.8161561711097864e-05	0.00010572833763913610659
5	-6	-5	0.00064924937868568010756	-1.0779044650035211607e-05	0.00026949330682622527804	-0.00024662758286895088101	0.00032585741049420978476	0.00028517405479270587203
5	-6	-4	0.00019943297260270094343	0.00015155420655073653592	6.3912877570263271221e-06	-0.00015465815521139910792	0.00023970428411783668691	0.00042142999100551931145
5	-6	-3	5.2474225182278583102e-06	-0.00049371692917055739081	0.00012754704879076942921	-0.0006026606009032325342	-0.00024634839338449242762	0.0003824596531888695616
5	-6	-2	-1.8931523249213033741e-05	-0.0015100078255615148257	-0.00028845046228318725308	-0.0013154373495226677829	0.00081802257872652921894	0.00017129248466421641999
5	-6	-1	-0.00079685773701825566087	-9.4483362437992595443e-06	-0.00081604017691251022181	9.1329191846461438915e-05	0.00091195237638378313493	-0.00059521683229776486176
5	-6	0	0.00079648780779594040118	-0.0003679853682692620716	0.00066373983982995037045	-0.00030665447355771838396	0.00034122350023885569164	-0.0015951839637891309862
5	-6	1	-0.00058037941019868318805	-0.00030134936620560562543	-0.00047615896193759464639	-0.00036633390602985036518	4.494327936784796708e-05	-0.00069125660515107411816
5	-6	2	0.00051177730579549118601	-0.00087206597282360573571	0.0004047515089640241529	-0.00092842675698802292882	-6.5188737596655384351e-05	-0.00060511533890505433877
5	-6	3	-0.00046413224056086757954	-8.3296881333092088009e-05	-0.00033552774686728721468	0.00010844800213572578927	0.00010249824053353825742	0.00035572413982660507211
5	-6	4	0.00011351296393373536955	-0.00017817273742453976779	7.1402045191671143398e-05	-3.938335789045348457e-05	-3.4788137129662490064e-05	0.0001636408849449944795
5	-6	5	-9.8885146145704573453e-05	-0.00015012765004402859551	-0.00029683201450549437372	-0.00049211858633617518947	-0.00025731327126088870483	-0.00044041465355938171859
5	-6	6	-0.00012378092666842893232	5.0321881492474311657e-05	-0.00013255395144516659276	0.00015568171385659421396	-2.9403179221475807926e-05	0.00011374681261286561978
5	-6	7	6.1401875353456553054e-05	6.369224468187492617e-05	5.453847077291066372e-05	0.00013515187350290438812	2.8887782671687469864e-06	7.0350002515435941346e-05
5	-5	-7	8.5056950060221405427e-05	-9.5978071080545537775e-05	7.6009084750945949825e-05	-0.00029836342068321125088	6.4627609351967501292e-06	0.00014456096400190408466
5	-5	-6	-0.00015337244645293216742	-9.3101624269901765338e-05	7.856485278824289686e-05	-4.8925016736163653248e-05	-0.0001932810827009792112	-3.6813839611448422224e-05
5	-5	-5	0.00035680717867659636012	-8.4333925188414480536e-05	0.00040415368783041906399	-0.00040255894326009109213	-4.7346509153822690318e-05	0.00031822501807167658449
5	-5	-4	0.0012743667073291142008	0.00085216349840543060765	0.0007483090047444978252	0.0005254107729062019571	0.00065757212823077044236	0.0004084409068740358674
5	-5	-3	0.00091304163578945023681	3.5323133702968036152e-05	0.00063053440785181219617	-0.00061079229710502393538	0.00047084537989606334686	0.0010768590513466533808
5	-5	-2	-0.00030452771693188128649	-0.00076023341773445208842	-0.00040002031716398600125	-0.00065059242558061086692	0.00023873150058026184109	-0.00027410248038460310795
5	-5	-1	-0.0010495971413543832632	-0.00029013976458424674005	-0.00099564459875979127029	-0.00024340780180422512879	-0.0002697627129729593138	-0.00023365981390010805629
5	-5	0	-0.0014454293413049103603	-0.0019208901050937819514	-0.0014454293413049103603	-0.0019208901050937819514	0.00025088201019665072166	0.00025593463474034495357
5	-5	1	-0.0017927486196161104143	-0.0009998221534205328255	-0.00200522314695521231	-0.001022286332491939868	-0.0010623726366955094785	-0.00011232089535703542946
5	-5	2	-0.00033306417892992425719	9.2046451383196979949e-05	-0.00060825234880763369948	-0.00049135545721939685206	-0.00068797042469427355151	-0.0014585047715064845732
5	-5	3	0.00032481002743367715828	0.00019932922574646984564	0.00013177098414387492138	-0.00033119305825591070043	-0.00032173173881633711571	-0.00088420380667063422538
5	-5	4	0.00013293564536479536369	0.0011331375959086965096	-0.00025574728680625373033	0.0014701665991741451594	-0.0004858536652138113472	0.0004212862540818106496
5	-5	5	3.8685918030393071163e-05	7.5521187619767348809e-05	-0.00029345918937545383259	-0.00069308596489942584425	-0.00033214510740584691053	-0.00076860715251919327438
5	-5	6	-0.00017531560362720854506	0.00016318205825543950489	-0.00032687381556499849619	0.00026329783985482030232	-0.00012629850994815830165	8.342981799948398882e-05
5	-5	7	0.00011445768547256573164	3.3408423058088834875e-05	0.00014881860896982093754	-4.0953602866484597263e-05	2.454351678375372818e-05	-5.3115732803266739177e-05
5	-4	-7	-6.2548376566220302022e-05	9.7997368552247819695e-05	0.00016582192399761222544	-0.00030143344622645800454	-0.00013943279697450721138	0.00024224580395243872901
5	-4	-6	0.00016581075958507979825	0.0012368136833151208674	0.00033627416697747791871	0.00044295726542741990566	-8.6007144997418780597e-05	0.00073537322581098741626
5	-4	-5	0.00067436643486388754901	0.00051567428768021865947	-0.00076515914489224019779	0.00076844722932676559537	0.0012864937507776797072	-9.9083495781193835802e-05
5	-4	-4	-0.0012625864241392183249	0.0007211766833153748996	-0.00098199614808111243026	0.00093582335565342230927	-0.00059623688209291053012	-3.4352501509203610234e-05
5	-4	-3	0.00074292118512952120754	2.0341862963345992222e-05	0.00091689599438115763821	-0.00037083364299443383888	1.5673982707658534486e-05	0.00052834796226482172703
5	-4	-2	0.0014163423489539830186	-0.00080090771965577421676	0.0011144767752287547662	-0.0016703962328425909015	0.001311902321927448014	0.001338523166545746261
5	-4	-1	-0.00034152847794032128526	-0.0027093314074380973021	-0.00026711747158742794612	-0.003261439987713552098	-0.00063917250335189469603	-0.00050089708633627649196
5	-4	0	0.00090601270368506397947	-0.0022284859153490015581	0.0011325158796063300014	-0.0027856073941862516223	0.0015936443438127679325	-0.00040883724195657700955
5	-4	1	0.00011362312856247629069	-0.00062802516963531137759	0.00019614931365887828445	-0.00049097968897183813432	0.00021648161182313165724	0.0011762070922892043506
5	-4	2	-0.001423968843453236573	-0.001303348969793114917	-0.001165804985830177793	-0.00088179884661901972512	0.0012283121369727359549	0.0014947747312447480592
5	-4	3	-0.00024874427237480176535	0.0011682584434120697921	-0.00062513535747558978978	0.0027447721059302237177	-0.00041894002267611675939	0.0017125987355535153035
5	-4	4	0.00069379871029920652404	-0.00015523582163892409372	0.00038287259664347966098	0.0004996627003907897456	-0.00048437579123052852117	0.00069370747743944486275
5	-4	5	0.00012042221734313099401	-0.0004344420397866847962	0.00021674354213296222866	-0.00022300612757596258336	5.2972616363238795689e-05	0.00025603713772591474036
5	-4	6	0.00029202575562434516859	0.00052608410221117215665	0.00051220561540358080285	0.00045172405884687466624	9.8115613915432872152e-05	-0.00013725404594472703779
5	-4	7	0.00015266914153705797791	-8.7825329658818360726e-06	0.00048909587071534524859	-0.00029691042936614019153	0.00017043396788229874862	-0.00016338986466216451733
5	-3	-7	-8.3106925654041129093e-05	0.00078014966067960114359	0.00044416198976395373024	0.00055064398369583666699	-0.00024971722822315239355	0.00032125947890149941137
5	-3	-6	0.00031578689837583116644	0.00039583841941750981053	-0.0005156869562988740819	-0.0013894699656622109488	0.00052099922679596304912	0.0010246003323456970464
5	-3	-5	0.0012907662780938190718	0.00027069858991779071223	0.0002676765785160914804	0.0013079874595181605404	0.0011301603309841641836	-0.00051409388579310561201
5	-3	-4	0.0003801702502300181169	-0.00020651092813680271072	-9.7168152305872316121e-05	-0.0012084416886326318063	0.00054808892701692683239	0.00064819260630347044598
5	-3	-3	-0.0017669029607088426563	0.0014982794208056586949	-0.00087447885055822740467	0.0021969334047746550721	-0.002070359417289843653	0.0003001989632347763933
5	-3	-2	-0.0013778999035936642225	-0.0023495785519045760299	-0.00096055297880303692776	-0.001667291689255819085	-0.0020039202907796054356	-0.0033730088458777114473
5	-3	-1	-0.0018286059999128945284	0.0020846435677811373834	-0.0020605108987935484739	0.0035592690366869992463	-0.002961497303183827437	-0.00025458927115530957533
5	-3	0	0.0018016248834661367697	-0.00013019841728942400569	0.0030027081391102278772	-0.00021699736214904000045	0.00011418896724580664072	-0.0090435627155938634603
5	-3	1	0.0010084152113945792778	-0.0027867599001379448481	0.0018297931189730030216	-0.0039118067153287019652	0.00044730329994611272995	0.0021983793547036170439
5	-3	2	-0.00083858591553143666843	0.00015934916334345744808	-0.00077856519075454296355	3.1499089642233039942e-05	0.00092861700269677733416	-0.0003511242738952940535
5	-3	3	-0.0019097188080979671503	-0.0017499262956854604468	-0.0022230970850454123862	-0.003004143317030792161	0.00095976759511786637839	-8.7599490888358078522e-05
5	-3	4	-0.0010023093707457830879	0.0013846860121914251595	-0.0021203634199299047601	0.0031926704349466150656	-0.00033738585151519981864	0.00066364531097067968723
5	-3	5	-0.00045357148281660939057	-0.00056983371191699589905	0.00020852733082260454449	0.00066280045313781368616	0.00057868788131017212268	0.00096751398379968411075
5	-3	6	3.8195617040126556712e-05	0.00013627462663253153913	0.00010162267880300058164	0.00059588042575439085623	1.8981658534728162486e-05	0.00018437802401675246981
5	-3	7	0.00059953632850141369386	0.00035192362918632491943	0.00099671993117893611935	0.000313396082571116522	-1.0745498528942588881e-06	-0.00011706141403118212408
5	-2	-7	0.00049456558575353083609	9.5035565396123542837e-05	0.00013930838212346127953	0.00064582667486071728292	0.00031345873778867593042	-0.00011663936039154526646
5	-2	-6	7.9612525202464034537e-05	0.00020560495798132633798	0.00016509777890368537365	-4.7640361583506908257e-05	1.1311178034158246035e-05	0.00018721758551227423752
5	-2	-5	0.00012099951828644158077	0.0015996476566689180748	-0.0004001464896335039218	-0.0014617330571460732461	0.00028105811413984313051	0.002184340879527347113
5	-2	-4	-0.0017562550773432892941	-0.00043091352074996083863	-0.0024456126050700047365	-0.0011813128685879896278	-0.00097251254414410924932	5.2014533356543738492e-05
5	-2	-3	-3.6304864021448385498e-05	0.0027192403379559639334	-0.0029781519530433279118	-0.0020984363348625760005	0.0019249265286598047156	0.0059310247865016572227
5	-2	-2	0.00027561974380682142428	-0.00096219907991763539701	0.0041207446110156547084	-0.0006990138034310466918	-0.0034316952514986008224	-0.0017064838963630419091
5	-2	-1	-0.0022321831970224929355	-7.3087615081249306852e-05	-0.0067402058002768595185	-0.0007714675454785880444	0.0023194956154412547933	0.0011774970155509294732
5	-2	0	0.0052845686670906465154	0.00063141082077043208902	0.013211421667726618023	0.0015785270519260801141	-0.0025133726504247186871	-0.0044487765744405530569
5	-2	1	-0.00062766688196754948006	0.00083699397174083923091	0.0023236791808677560375	0.0052909930030479038546	0.0077856927715732595838	0.0063970161473916112294
5	-2	2	0.0010674833420825074332	0.0030767932072697534197	0.0013125848006426813798	0.0021592714561184506682	-0.0013561235545635874199	-0.005532711562055933098
5	-2	3	-0.00060770437617101765587	-0.0028044922780728139163	-0.00048930852997079938085	-0.0012216661545465280769	0.00068663494030449646974	0.0038597096937570043312
5	-2	4	0.0007827994060981637069	-0.00036246413101114074258	-5.1326371618012041147e-05	-0.00073300146614308598833	-0.0010041624434317106881	8.6579430692382947608e-05
5	-2	5	-3.5889276804957944008e-05	-0.00032658971169046937437	-0.0034297899949656440906	-0.00034364857156452249115	-0.0013360267211812997153	0.00018913028306466038875
5	-2	6	-0.00062602350832751351133	0.00020455060261260601322	-0.00026651014587040350572	0.0011493238256840632768	0.00043284954164946010894	0.00021264910638418277051
5	-2	7	0.00062606982490329458283	0.00031939909733292697882	0.0008513031702029267081	0.00070662399299370232033	-0.0002039632548729456232	-2.6249642953890041532e-05
5	-1	-7	-0.00035112778410816708214	0.0001630641361463369709	-0.00020160955408138987385	-0.00039140798863690826189	-0.00022200419520849223117	0.00017238980990979900889
5	-1	-6	-0.00034418079923997376519	-0.00018551335579450106347	-0.00013753272522081354799	5.0219757767610224205e-05	-0.00026389521182984255988	-0.0001629644227900192558
5	-1	-5	0.0018079975542201992371	-0.0010419999357087141208	0.0018531516616602952772	-0.0016160815233864569019	0.0014373672218881401817	-0.00071878363103142271871
5	-1	-4	-0.0027292997246428315518	0.0002455520459975670932	0.00071689924184585997018	-0.003289617753186085871	-0.0035908494662650045949	0.00112934449579348028
5	-1	-3	-0.0013076129169558913055	-0.00031899904009052447353	-0.0051980643916952461864	-0.0066501346050268231661	-0.00044666673102807007752	0.0016850464681914003023
5	-1	-2	-0.0014543480850402795614	0.0004371584292488826318	0.0014271666897496583255	-0.0040416983556043209816	-0.0043494535574755280663	0.0031137452509243670161
5	-1	-1	-0.0016831055564263705353	0.00049439310250742689833	-0.0074284001384541083549	-0.0027681337491849127702	-0.00098712764367774453837	0.0052400992617220474787
5	-1	0	-0.00012656987839277934445	1.5734294959886164061e-06	-0.00063284939196389677647	7.8671474799430826658e-06	-0.0031571586758240774429	-0.0053274735812507681074
5	-1	1	-0.0013013893435853665561	0.00038619513536030861253	-0.0054144401791317540995	0.0026372606914964939577	0.0010925065387950788978	0.00070628501469495051559
5	-1	2	-0.0026313882951701414968	0.00065382051189064017103	0.0028931960115853548599	-0.003981830950375461059	0.0080250687437180313888	-0.0036254667549143310655
5	-1	3	0.00083485913978894113474	-0.0035729175034551721897	0.00093761332714857126367	-0.001985976463052900251	-0.0010788941239320449118	0.0052928703514076537104
5	-1	4	-0.00025759937860156303501	0.0019826526114264234925	-0.0027171102922123411411	-0.0014289705781337918179	-0.0003572783498011314644	-0.0028355584088164773743
5	-1	5	-0.0009082927611492493114	-0.00072818072873947863044	-0.0007723540603789779118	0.0010597674449807712848	0.00075382194907345372904	0.00094013421773563293077
5	-1	6	-0.0012383070377324641945	0.0011897240748745790528	-0.0013727272408124886749	0.00055652165626848847969	0.00080313465797497197735	-0.00089868311968406772508
5	-1	7	8.6785284055094323173e-05	-0.00051996161140723570326	0.00071822764651635899631	0.00052895410192185484451	4.0614460891555349744e-05	0.00044696602270829046463
5	0	-7	-0.00075229739275913334613	-0.00019808683237567312175	6.8850349282893914815e-05	-0.00056405875222354222992	-0.00053735528054223808889	-0.00014149059455405223369
5	0	-6	-0.00036866730980593669532	-0.00084633488812779192247	0.0016700822647951881969	0.00012402641124001858208	-0.00030722275817161393083	-0.00070527907343982654785
5	0	-5	0.00099701367310497924189	-0.00089241435458664271959	0.0023077176110470314779	-0.0013766954821821926567	0.00099701367310497924189	-0.00089241435458664271959
5	0	-4	-0.0032625990914694983497	0.0021128089775684557455	-0.0022014203347744706711	-0.0014958651445114931351	-0.0040782488643368733708	0.0026410112219605696819
5	0	-3	-0.00065143811688916756792	0.00055473922527042162246	-0.0046709224704063441805	-0.0072622832034636803852	-0.0010857301948152791714	0.00092456537545070266795
5	0	-2	0.0027680915232042558292	-0.000189733891394266947	-0.012904455030485302222	-0.0098976550036817319972	0.0069202288080106389226	-0.00047433472848566732684
5	0	-1	-0.0013371549111680857639	0.00036945481762298604299	-0.015789244599323595114	0.0047874573740743602002	-0.00668577455584042947	0.0018472740881149303776
5	0	0	0	0	-0.005182855160820963418	-0.0037316919040494378294	-0.0092511936555394573556	0.0054640672289955945912
5	0	1	-1.1981957419030228514e-05	-0.0012409799870981240693	-0.0023883637500022509605	-0.00089400665744192103161	5.9909787095151139182e-05	0.0062048999354906205633
5	0	2	-0.0011872887586564634908	-0.0013510154176057127123	0.0076072598840174259979	0.00013131418985466418599	0.0029682218966411589439	0.0033775385440142817808
5	0	3	-0.0034412650672934774233	-0.0010061077313425290797	-0.0013893229530695127595	-0.0017581878363782227868	0.0057354417788224622277	0.0016768462189042153496
5	0	4	0.00031385928427203748725	-0.0023842717423693975988	-0.0011674282454047775308	0.0013621033177169410058	-0.00039232410534004684552	0.0029803396779617468901
5	0	5	0.0010665182826428551074	-0.0016091336279099460477	-0.00046457617327843827486	-0.0015183751765241769796	-0.0010665182826428551074	0.0016091336279099460477
5	0	6	-0.0016480553368149722295	0.00012574647235509504579	0.00028950749708055563631	0.0010068143901567567014	0.0013733794473458100106	-0.00010478872696257920483
5	0	7	-0.00036339987841698875989	-7.3576741102355863126e-05	-0.0001402754498189972979	1.0719259211452956338e-05	0.00025957134172642054278	5.2554815073111331772e-05
5	1	-7	0.00064626122971852076066	0.0005018222267727343467	-0.00050543185233229413235	0.00069285492291678511378	0.00038941061375147279465	0.00045742372239720806683
5	1	-6	0.0010362850555098836527	-0.00037597090514180161883	0.0016083801656314009217	0.0014636599572961045499	0.0011316342405301364586	-6.9365761402150595224e-05
5	1	-5	-0.00070754596475259721663	-0.0015480315100510379234	-0.0010484332039930827161	0.0022378033654168938069	-0.00091723260555121380322	-0.0011004708369676591186
5	1	-4	0.0013361542250726165647	0.0014405555035314620161	-0.0021793365106665997522	-0.0011105528455412939925	0.0011253586536741208221	0.0015230561680290039678
5	1	-3	0.00088995095643303468846	0.0018090164036248508692	-0.0054710854566717998654	0.0021742495353671282936	-0.0003404435581688753298	0.0037397771844971273297
5	1	-2	0.0053422301858894990015	-0.0027230707297692985543	-0.011962082454358927835	0.0012981879712862976102	0.0073745342375442840196	-0.0061585828387800967132
5	1	-1	-0.00020893614704741122795	0.00092518547282908168705	-0.0051415754738606111313	-0.00043113820407498170371	-0.0061862562090976673523	0.0041947891600704265147
5	1	0	0.0011590895458700831589	0.00094509431877530384377	-0.0057954477293504155777	-0.0047254715938765193273	-0.0090701491561526546153	-0.00027672821514032884841
5	1	1	0.00072970773863284045004	0.00044607842363244719006	0.0035053491140490502034	-0.0048275211943289283653	-0.0071538878072132522368	0.0025971290761666928487
5	1	2	-0.0017850447860373235085	-0.0038561927091833340595	0.0047965454714040643702	0.0056597556857461610649	0.0020643392293912764777	0.0068106039300852554835
5	1	3	0.0010761186413562509167	-0.00052927659221548104679	0.0026380918803887028722	0.00090227387162480367742	-0.0026728950290566522684	0.00058136969648420059112
5	1	4	-8.9541619830815798783e-05	-0.0027041086936113955218	0.0025471607179141414652	0.0023321295892211844902	-0.00052486315469001565848	0.0027971034697089483881
5	1	5	0.00026683495022610263705	-0.0013772122070886631123	0.0025297881254172198406	-0.0013958234823426289746	-0.00077279257530954654012	0.0016563769035571886904
5	1	6	-0.00030978295068499333035	-0.00063262970795251855221	3.0954158443601848406e-05	-0.0017707475251566655826	0.00025299343249689411469	0.00082231601081987637254
5	1	7	-0.00035227881058417527928	-0.00020743800729321066061	2.1695503082541179528e-05	0.00074028726736168678092	0.00024852836426261928427	4.2414681300623790811e-05
5	2	-7	-0.00032090320423452657573	0.00044721492966222836174	0.00047393108800876398599	0.00075958435070122305027	-9.380769216501500603e-05	0.00053646333567336967809
5	2	-6	-0.00072996440829694545383	0.00054142160175038806305	0.0017068706492070547399	-0.00028137757350850330128	-3.9346790511769595428e-05	0.00035739214362248895212
5	2	-5	-0.00090068144854557477888	0.00024578028738647808094	-0.00016306956839438167144	1.3142041062257559639e-05	-0.0009659092759033274583	0.00025103710381138111089
5	2	-4	-0.0020833935659247126981	-0.0015256248055230832959	-0.0011661549290327775496	0.0013203067783730500825	-0.0031873194219222797559	-0.0012468776177173288618
5	2	-3	-0.00047756128625801017897	0.0015262300531125880601	-0.001813665066309886947	-0.0016954121672224894187	-0.0020050455213032748573	0.0014134419770393204154
5	2	-2	0.00074497233690742003468	-0.0024374426126928146197	0.0028681950317602563499	0.0020796294986072556832	0.0047306258740288063824	-0.004013977033124780866
5	2	-1	-0.001269799816520100072	-0.0020461400233844780593	0.0007518894715848267957	0.0033751245200876228876	-0.004845220139430846118	-0.0034804510767471436537
5	2	0	-0.003922826116584740043	-0.0021040218072259590093	0.0098070652914618496737	0.0052600545180648975233	-0.0047931670161031475486	0.001748705311367116039
5	2	1	4.3045192898016657154e-05	-0.0017356244072814469136	0.0017992780849282990607	0.0044679992870553337722	-0.0038137821343466812851	-0.00025787653770343303044
5	2	2	-8.6456550628139587611e-05	-0.0010701477574556559486	-0.0028059506530553842731	0.00023579958601535407786	0.0030220920296257333844	0.0024395698076237859291
5	2	3	0.0010935056992398379475	-0.00068606099413595384318	0.0013346157838529078624	0.0010982758328812801223	-0.0027122533546350018931	0.00041125110163906956678
5	2	4	-0.00060959520885865627494	0.0010662769809294521482	0.0012223939611894828281	0.00027354827422503008453	0.00015079703047857890251	-0.0014696203632743301461
5	2	5	0.00043145291955627430814	-0.00010311178144767267997	0.0017561549475482891858	0.00058460427731077348103	-0.0011339148985755899933	-0.00013072992947663669076
5	2	6	0.00037152177844003035417	8.0881318925016116553e-05	0.00052982858232435191617	0.00095930681381770066801	-0.00048621100947480924009	-0.00038717003704341368701
5	2	7	0.0004765706156847078598	0.00023462192105719428857	2.1301831487401914057e-06	0.00042947771279107252538	-0.00034101620638871712717	-0.00029029500440973091992
5	3	-7	0.00012902818988327986109	8.9708440620124874922e-05	-0.00013093348318485103186	9.8241495376075253483e-05	3.6048642837406601408e-05	0.00010618095560412144399
5	3	-6	-0.00026914363778134526824	-0.00057388787798188828533	0.000108228237187836342	0.00018151584118280075526	-0.00017017224622386956383	-0.00038748197772683982401
5	3	-5	-0.00022558169543003772791	0.00074568879026245106587	-0.0011116742322547872295	-0.00027979542336575494296	-0.00089258623478291013609	0.00057781153624299804589
5	3	-4	0.00038573514023621896475	8.6609335647097338896e-05	-0.0025657948168024409356	-0.0002478515579163900035	-0.0014421771873065569822	-7.7626998878420845943e-05
5	3	-3	-0.00059439194329934715716	-0.0010335089784618267921	-0.0012661879346447953675	0.00098503682730933118245	-0.0022568411734770407739	-0.00073747813679371336266
5	3	-2	0.0012705124206746291459	-0.0012236180046475554455	-0.0012296283744126341141	0.0010647375113394025228	0.0013318384900676218021	-0.0014619387446097851548
5	3	-1	-0.00086535841348321434693	0.00080000651297943098459	0.001281376853274127656	-0.0022602481381309644237	-0.00048266150759368887501	-0.0027807118494957380229
5	3	0	0.00057464860063156637891	0.0028594417839765307217	-0.00095774766771927733432	-0.0047657363066275510582	-0.004360165746342515615	-0.0033605079064499623898
5	3	1	0.0028278827189080531918	0.0046360394484756687131	-0.0038836214807479226691	-0.0085448171203813243907	-0.0024885491522964979516	0.002454254118765626571
5	3	2	-0.00080982897497904439768	-0.0011930521763948214939	0.00014827218752873233564	0.00064917343807677609438	0.0018021641561545124772	0.0020088702838718893763
5	3	3	-0.00032157632784962896779	-0.0014004565344561076354	0.00067246398566184249854	0.000136086168904293517	-0.00013650343924579425503	0.0021980080551892190732
5	3	4	-0.00062742043610585613266	0.0005695748473752957914	-0.00013722767556945011892	0.00045477805124047315658	0.00088719630180940779567	-0.0010530520976494745118
5	3	5	0.00067482631037662555752	0.00057501014102622394122	0.0002442423310498856759	0.0018371070009864929381	-0.00082137170900655690885	-0.0016772743416181197258
5	3	6	0.00072758725389091602042	0.00078803426674812051059	-0.00032296191879114849628	-0.00037062497555369344499	-0.00044484175218018913835	-0.00047138273451325366685
5	3	7	0.00033277225612190250003	-0.00013825880199071598751	4.0143434891925278997e-05	0.00015367443869590248712	-0.00025489879789789834453	3.2895813409410359549e-05
5	4	-7	0.00019605779353884468432	-0.00014007854031422746488	-6.5382025629904237142e-05	-5.7236975442362061526e-05	0.00010268012359637235329	-0.00013276294333436935947
5	4	-6	-0.00044679675494678971689	-0.00045774856348010140071	-0.00091949308784456112043	0.00061735542286435137783	-0.00098532602101869884437	3.0113145676149756942e-05
5	4	-5	0.00021722848691048889883	0.0011303091177819848175	-0.0017299014998060815562	-0.00020133205823180363222	-0.0011666927129343764545	0.00096924347119654202017
5	4	-4	-0.00040604144085411059302	-0.0013897234262188707873	1.5087361724005677899e-05	0.00098492466485533471804	-0.00049246443934363251255	-0.00075222961791825365772
5	4	-3	-0.00050544752202729759712	-0.0017610780054860969424	-0.00068316661062712484391	0.0005787320704063501171	-0.0017533013508816623453	-0.0021634872486016947478
5	4	-2	-0.00098409103489785357613	-0.00053645306317275922789	0.0010316370297658381937	0.0011211293689605235976	-0.00039695352771295760704	0.00090112607998914912542
5	4	-1	0.001075029915888264017	-0.0010152509930313453976	-0.0012641031973591888155	0.0012630119692950188964	0.00031873679000456460637	-2.4207087976651765038e-05
5	4	0	-0.0019336220862234015407	-0.0025220703196743793698	0.0024170276077792518174	0.0031525878995929739954	-0.00072955161430454185459	-0.0024049972778357985026
5	4	1	0.0019206432837759414203	0.00083940771888902602094	-0.0021963961373596008891	-0.00099033773978630598722	-0.00081763186944130343634	-0.00023568763529990604741
5	4	2	-0.00017772228990220698022	-0.00024539711941901147215	0.0018238700770915102639	-0.00055826131272580770647	-0.0032034344294275033348	0.0017300154239991440662
5	4	3	-8.6634107045013069247e-05	0.0017698303407108985277	-0.00037971862125126877065	-0.0020047502816162524747	0.00065068167341004686834	-0.00027671685902982750757
5	4	4	0.00055514419080836187748	-0.00058369162770223036868	-0.0012737120498548762815	-0.00020091100081233936002	0.00057978181134442407021	0.00093052553544012721245
5	4	5	0.00043238818889416004649	-0.00050237015493400272344	-0.00026443914878386017139	0.0005104217391003340468	-0.00022083686986707192564	9.4032763653735485995e-05
5	4	6	-0.00049169252988940672072	-4.1028672721487423759e-05	0.00032632825369630807152	0.00073658332472440705019	0.00019219160577696689529	-0.00045686498921503185039
5	4	7	-0.00017103599791944672096	-0.00011429876890467481653	0.00048809570039854940134	0.00033829461241408488158	-0.00015674325885670916617	-0.00011166922930470936652
5	5	-7	0.00039479828976819682012	3.6476314891963056107e-06	7.8290995782479515372e-05	-0.00018056764835978610117	0.00033792091825048310065	-0.00012637144062184983836
5	5	-6	0.00026446756712979890705	-0.0001689380044971298153	0.00034334411255959801975	-0.00041385808655545124968	0.0005065097330744974119	-0.00048566340921048423889
5	5	-5	5.7462745329279691969e-05	0.00072754172837465090964	8.9173004712086428717e-05	-0.00053901187586845289955	0.00014663575004136611391	0.00018852985250619806431
5	5	-4	1.4710736948855118107e-05	-0.00015331117819388325645	0.00036431277590425636308	2.7303783945560793301e-05	0.00047377939106638935953	-0.00015750924281040308995
5	5	-3	0.00098681940923214827611	-0.00052741689416783879129	-0.0004898305409575974198	0.00058303264897842962781	0.0008283147804575846521	9.2692924684318047323e-05
5	5	-2	0.0012007643497307541203	0.0011311078688985198772	-0.0013978388006110006609	-0.00067899333432610555969	-0.00049268612720061624299	0.0011302863364310361191
5	5	-1	0.0013029593940269024871	2.242622927149184883e-05	-0.0011691983840518111685	0.00017690315851645640045	0.00066880504987545659305	0.00099664693893974118204
5	5	0	0.00086579907770766213228	-0.00022106081513655173707	-0.00086579907770766213228	0.00022106081513655173707	0.00064634831458620217986	0.0016651794494476654211
5	5	1	0.0002542275157592005291	0.0013400937124011724419	-0.00036194577178228761957	-0.0013832607757581990866	0.00053859128011543534395	0.00021583531678513344018
5	5	2	-0.0010547435029017637655	0.0001008070609664732289	-0.00018548479578719877995	-0.00029727503221353029396	0.0031005707467224061062	0.0004911699281176427033
5	5	3	-0.00035923808952017627057	0.00013395804211637410267	0.00066734470013140960703	-0.00053494871569927462691	-0.00051351101768538898445	0.00066831778930483425223
5	5	4	-0.00027119116396924638308	0.00055403515689737283748	0.00038844299922025966746	-0.00016509432377909353108	-0.00014656479406376660547	-0.00048617604139784918044
5	5	5	0.00062639360121254452924	0.00017108398267847918571	-0.00081438231119011609844	0.0003024500091599002208	0.00018798870997757154209	-0.0004735339918383793794
5	5	6	7.1457056606019476812e-05	-9.4932159512649594876e-05	-0.00033484610579822231399	0.00015669343485630909583	0.00021949087432683567732	-5.146772945304959316e-05
5	5	7	0.00030844706013440488469	0.00042558395420204766547	-0.00014484373878818746872	0.00025832077608726631765	-0.0001168595152472981833	-0.00048850337877808143201
5	6	-7	2.0123622534173269609e-05	6.2196737208702800796e-05	0.00011215699260479240209	-0.00018992111394592969082	0.00011050858118566011059	-0.00011836328537600916493
5	6	-6	0.00010816345484997192414	0.00012641577438213510488	6.8627960351176178527e-05	-0.00031072127164760541965	0.00015876417272615278423	-0.00020537479299582617914
5	6	-5	-0.0004373971716734364394	-4.1194282338049030209e-05	-0.00026910098926341140431	-7.5676190361180674512e-05	-0.00076031835878953004867	-0.0001320057107714658342
5	6	-4	-0.00077717161028581168997	-0.00093712493407023403705	0.00041621932456585868012	0.00066191307441966571855	-0.00034713552600847661939	-0.00017853655595829391427
5	6	-3	0.00019155559172321685738	7.4295634180109745522e-05	-0.00052969818990051772446	-0.00040119403032925419865	-0.00074013706026234056014	-0.00067856200369165880788
5	6	-2	0.00063479483168343419242	-0.00052768441684991943506	-0.00064803974431759127882	0.00025145412840331160574	-0.00035713215374418851803	-0.00056484865691486360779
5	6	-1	-0.00024771608421629310324	0.00010169777806934800408	0.00030173682493890406501	-0.00055608713211311876137	0.00057184052855195892807	-0.0028280339023319723581
5	6	0	0.00041417392315412556456	0.00045584789609605136677	-0.00034514493596177127669	-0.00037987324674670946327	-0.00045092377992670865756	-0.0018737974929561055856
5	6	1	0.00026074942774754035707	-0.00059865541304530576951	-0.00038508377649918725492	0.00015976889921495227432	0.0010067555202574217984	0.0020346636699368151474
5	6	2	-6.841876720883301123e-05	-0.0011028999747544788058	-2.6038878597238572781e-05	0.00034576988361566913469	0.00024916355381379825997	0.0017199402860391896104
5	6	3	0.00053823910648825564005	-0.00045179202733329389954	-0.00027975818846174530137	-8.6952763813807941798e-05	-0.00033754880055693537366	0.00092689223984977232862
5	6	4	-0.00018328685469797600179	0.00019195278902669606568	0.00019702350786593967897	-0.00021134895219572681765	-6.6426693426439509444e-05	7.7082442010220164706e-05
5	6	5	8.8168932949924752889e-05	-0.00012302038119518251364	0.00031632138952031009982	4.9633423651647689016e-05	-0.00046775460037429684827	6.3460272813205300378e-05
5	6	6	-0.00021913267034465771436	-0.00025694339885954492995	-9.7119934512884126005e-05	0.00012056674627212788568	0.00027973049313343220776	9.3552752777492875725e-05
5	6	7	2.1160076073000740293e-05	8.4280699939477619876e-05	-4.5418260876314133303e-05	0.00024484854016408494045	2.3815597841840155456e-05	-0.0002700706772402711002
5	7	-7	-8.0932844577351093244e-05	0.00019001663426814754346	1.9677493736710842967e-05	-0.00014437389445961682855	-3.8131680961397077391e-05	-8.6477271252257311562e-06
5	7	-6	-0.00010965469695271148963	0.00015727434779811192388	4.903179492770774376e-05	-5.8036141272124123873e-05	-3.4175153378267203582e-05	6.3353125014281792046e-05
5	7	-5	-0.00014689054885152081622	0.0003007840189521149548	-6.1723093440668930958e-05	-8.4451040623628072907e-05	-0.00023330287966845733583	0.00018255256207903565544
5	7	-4	-0.00040087487360320584557	0.00029150386779157409084	0.00021283439361951251548	-6.7468010136088879666e-05	-0.00012863340316986041165	0.00024631081700131205381
5	7	-3	-1.7168875980919080473e-05	-0.00020795454863088019565	-2.6029337249249659452e-05	0.0004462498042466472685	-8.9349913549781003917e-05	0.00069465862885737666987
5	7	-2	-0.00012228455514614949232	2.3083392152084570572e-05	0.000204761411143147468	5.1212550421788412703e-05	0.00041095355113564242073	0.0002369524068564708675
5	7	-1	-0.00062836071035674598111	0.000587162516335245732	0.00045518730463455653063	-0.00051777460874611669957	4.4507580658165747905e-05	-0.00068860967954658758652
5	7	0	0.00026236708504424758118	0.00048550541686648117498	-0.0001874050607458911449	-0.0003467895834760580131	-0.00045474325059443357041	-0.00015887946582859413091
5	7	1	-6.4251750425055041455e-05	0.00025121889865714868827	0.00014535627552679758045	-0.00040871729139997572001	-0.00069623517656230786942	0.0016049265465140868155
5	7	2	0.00067415310820097924457	-0.00013893386362991228737	-0.00040876612295916088828	0.00010318041562919688311	-0.0002547013401453851922	-1.3796795627408340291e-05
5	7	3	0.00038467408380152848463	-0.00020945646855579202051	-4.4351096571333716565e-05	0.0003782199212248184934	-0.00053763758100276877981	-0.00053341903526492318033
5	7	4	0.00010743780671519958701	-0.00039700452620999534571	-6.8662016521353079934e-05	0.00028524562282570712973	-1.4138729481631597261e-05	-2.9241821824933130976e-06
5	7	5	0.00031611892246697368206	-0.00015773349891339132913	2.1960571680406420001e-05	0.0001495013661780786535	-0.00034686372281954265312	-5.156841373591878713e-05
5	7	6	5.007519030281435714e-05	0.00025820919350230881525	-0.00022843452137523575195	-0.00021381001680543132871	0.00022477761635209640169	3.4270691687745873045e-05
5	7	7	0.0001762817200606524087	0.00012040015549744781647	-6.63363969249681232e-05	-0.00012497371197344323891	-5.957911740406930868e-05	3.8973600903837648938e-05
6	-7	-7	0.00036318657334679488834	-0.0005800370255730622664	8.8523811091993989675e-05	-0.00052959772550650982721	0.00022277896606240159792	3.2423132158170757215e-05
6	-7	-6	-5.5734319595115975102e-05	6.4684859557780617309e-05	6.9461146384032226516e-06	-9.0682235853479674012e-05	-6.3838120006586395318e-05	0.00017048080138684025054
6	-7	-5	-0.00014489187600546363558	-1.4135850263473390771e-05	9.0750693010140332049e-05	-0.00015910782244155525491	-0.00030092122142075282756	0.00020578793110200926898
6	-7	-4	2.6062581698508340499e-05	-0.00011962729307956194687	-0.00016136490659412084259	-0.00012965630316448547936	0.00032148245908747397851	4.7457590918506688911e-05
6	-7	-3	0.00025591088231371620981	-0.0001666799456596359196	0.00020249022984760987908	-0.00010790427560202174313	3.9344561649676007987e-05	-8.1583248247887789968e-05
6	-7	-2	5.4054820627881059055e-05	-0.00029490771753628832125	-1.6707686285681649176e-05	-0.00019393735384215846475	0.00022064136388352895775	-0.00020594241416131036423
6	-7	-1	-0.0004071069408984995361	-0.0002341640042284432008	-0.00023866895989861796105	-9.9064033229521970348e-05	-0.00077195892610067129956	-0.00071153579276400538527
6	-7	0	9.8231783063005401034e-06	0.00025152729786623008673	8.4198671196861774735e-06	0.00021559482674248295472	0.00040418307359058063986	-0.00023196440027012667196
6	-7	1	-0.00023145095401805800841	-0.0002370672240595592486	-0.00022732374252115494567	-0.00018900892383012056074	-0.00020256047353973646082	9.9340877546511674847e-05
6	-7	2	-8.2112162611863999504e-05	8.6946977746821268616e-05	5.3928339967677882833e-06	9.1769972472378728585e-05	0.00026521140682427923971	6.0353970412861764527e-05
6	-7	3	6.8880060634926419281e-05	0.00023941206344556235247	4.8169253928116956102e-05	0.00010978043576970211129	-2.5365195437579936472e-05	-0.00022266977676181976052
6	-7	4	5.4959270233699343306e-05	-3.4672051874241423188e-05	3.3280049377573400358e-05	7.2690586801898103745e-06	-2.4198818939795562638e-05	6.4728930501694299337e-05
6	-7	5	-0.00010504251370251593801	-6.0701249866452527601e-05	-9.5378260752529127418e-05	-0.00013007461411971749684	-7.4785486105216507412e-06	-0.00010926295992786146788
6	-7	6	7.1312693709795754314e-05	-2.5084529712142404368e-05	0.00010647462255079746395	8.7273242349932862857e-05	5.2907699266134613515e-05	0.00012690331245373073646
6	-7	7	-0.00033239350897915754092	-7.9739806662397025457e-05	-5.5729894890132389274e-05	0.00020731651140751131482	0.00022917882709200265452	0.000275664917118137356
6	-6	-7	-9.9987523844678907845e-06	-2.4645774332630793121e-05	-5.937426677189076938e-05	-0.00024966923057109265257	4.2321869474933894971e-05	0.00019287724820439585533
6	-6	-6	6.9004860408307391807e-05	-0.00015491247199556098624	-8.4093827815099871179e-05	1.4682982434791583929e-05	0.00015309868822340727654	-0.00016959545443035256508
6	-6	-5	0.00021619383034708700912	0.00011709793684498312168	0.0002106766616057296202	6.4863623706510164092e-05	6.6206024896288565376e-06	6.2681175766167549109e-05
6	-6	-4	-0.00010820631331016543699	-7.5902874465142014049e-05	-0.00028485926052755069582	-0.00010301385017201212006	0.00026497942082607790857	4.0666463560305159011e-05
6	-6	-3	0.00019774092711291051832	-0.00022989699930758025715	0.00011241492936485881799	-5.0252110395042106077e-05	0.00017065199549610340067	-0.00035928977782507631571
6	-6	-2	-0.0003270908903991710478	-0.00056472866577221027522	-0.00042489884833414565775	-0.00055554432784537719457	0.00029342387380492393825	-2.7553013780499265674e-05
6	-6	-1	-0.00025085635549391293751	-0.00010054772367414453315	-0.00013661438396481395382	-0.00012020132684161195845	-0.00068545182917459390216	0.00011792161900480455181
6	-6	0	0.00041684337909396397721	-0.00049185119874411585474	0.00041684337909396397721	-0.00049185119874411585474	2.2560440004228453977e-05	0.00119139938045801177
6	-6	1	1.5450850192245123191e-05	0.00054703673558707832138	4.2748472754741581548e-05	0.00047087072280104825834	0.00016378573537497877048	-0.00045699607671618064928
6	-6	2	-8.2522843434308797931e-05	-5.723734375330848665e-05	4.00397688602502881e-05	-0.00012804500149358278909	0.00036768783688367727164	-0.00021242297322082292089
6	-6	3	-0.0001706538413991672931	0.00038952638360659853694	-0.00020857069355779457327	0.00037195040884124456549	-7.5833704317254560338e-05	-3.5151949530707902254e-05
6	-6	4	9.3921373311269074698e-05	-0.00014830139601293296507	-0.00024008965353310856867	-2.5713737200473408645e-05	-0.00050101654026656647183	0.00018388148821868932278
6	-6	5	-0.0001024064348698559135	0.00013411579048263545691	4.7909317138231391432e-05	-0.00018919415310619827034	0.00018037890240970476862	-0.00038797193230660049438
6	-6	6	-8.8320590150755786578e-05	0.00012683116568995342192	-0.00015359256956437507703	2.6062282857774453528e-05	-6.5271979413619290447e-05	-0.000100768882832178965
6	-6	7	0.00026286319331431920367	-9.7418445762081646699e-05	5.5145663935218775615e-05	8.8189621094817793965e-05	-0.00017804359661065748653	0.00015909262873448523873
6	-5	-7	0.00013268282867629559402	1.6856563395550307975e-05	5.85138424871466494e-05	-0.00021578042609428959631	7.1932537088862901473e-05	0.00016857735869210712623
6	-5	-6	-8.2092356486904746564e-05	-5.834688427092297818e-05	-1.6780278036727225678e-05	0.00024878208587109204748	-6.8108791456298725165e-05	-0.00026566528916349967538
6	-5	-5	0.00033429028746688086533	-8.3597845427509879113e-06	0.00022181575952096084406	-0.000209449864943029939	0.00017933258543929619976	0.00019941812349172875892
6	-5	-4	-0.00018728433186581574361	0.00061474165348137288414	6.6689657357876816024e-05	0.00076164645855159084174	-0.00036428856949606965238	-2.9945592967429195472e-05
6	-5	-3	0.0011164696220749975586	-0.00027116701889161239645	0.00085273177189360927029	-0.00010979406335118838968	0.00081171962432731307232	-0.00035934393219791080105
6	-5	-2	-0.00011417206596849290641	-0.00059881824867638350652	-0.00016299472136227380684	-0.0002182874384395003958	6.4970605500205811408e-05	-0.0012507361499303995978
6	-5	-1	-0.0002457083947697151537	-0.00025971059783056583232	-0.00010496755525470222918	-0.00030732621409323306917	-0.00094941259234477995248	-2.1632516517229834419e-05
6	-5	0	-8.5998825068509294361e-05	-8.1223324999793873298e-05	-0.00010319859008221115865	-9.7467989999752634406e-05	0.0014244561649445648937	5.4228463599692294314e-06
6	-5	1	-0.00038758236253384005564	0.0002519947216502724306	-0.00045281284593830516431	0.00040471512079709204583	6.1429945511514661371e-05	0.0005116072740838254829
6	-5	2	0.00039303279432254152603	0.00056930992481130798539	5.7089848327399533379e-05	0.00033701152835130277494	-0.0010363737621491258666	-0.0008654009535556669375
6	-5	3	0.00019615615364408799559	4.2495571634257743219e-05	0.00038794991221553895479	0.00031268929033372114962	0.00025427087973772219453	0.00043615767395435310529
6	-5	4	-6.6297810686596912505e-06	0.00019490973213784367792	0.0002821937161724653257	0.00044899905113545763224	0.00036268681681857119908	0.00026888421571255653698
6	-5	5	-2.6805333848008826715e-05	0.00020560643274850255594	-0.00011615140792424023732	-0.00028804012051867120122	-8.3985007306629642552e-05	-0.00053476783981687425751
6	-5	6	6.4011238215280950544e-05	0.00025924473994859599394	5.9569445597413993494e-05	0.00031766286454630875179	-1.4370033550769287605e-05	5.4743138399946116615e-06
6	-5	7	0.00016726977675501702395	-7.3727111302040643811e-05	2.1951652498579005981e-05	1.8710120530487109542e-05	-0.00012769434257674388308	7.6559038637811344368e-05
6	-4	-7	-2.9075885605135017823e-05	0.00018527095256665036165	-6.875969615066184085e-06	-2.4886200694872069583e-05	-2.0993062167220766744e-05	0.00017302435973991290956
6	-4	-6	8.4694928499586176083e-05	7.8234291734450734789e-05	0.00024085432181133250044	0.00019407953027672958683	-7.5874619374635495395e-05	-5.1152061783368989764e-05
6	-4	-5	-0.00036524202993088730144	0.00020378123257283587387	8.1685630471147743174e-05	-0.00028174709938672318731	-0.0005036389402939829129	0.00046993515859678158765
6	-4	-4	-0.00026725461422988101411	0.00068963459710449828265	-7.3064193667543689313e-05	-0.00060437074061861668917	-0.00032781772767727785896	0.0016388226362753640589
6	-4	-3	0.00012343207662620237896	0.00048355151880657645412	-0.0001395651199476040643	8.486051523256063359e-05	0.00043295097984921021312	0.0008539556839697388024
6	-4	-2	6.0448621703743033102e-05	-0.0020191811155898203682	0.00047264051590589778321	-0.0030035363782040867646	-0.00076393516670056641968	-5.047059036128710111e-05
6	-4	-1	-0.00077162399945572882586	-0.00092052892077609642114	-0.0010042151206350186099	-0.0011555334943259487016	-0.00061288351419429884081	-0.00090103954735278404559
6	-4	0	0.0014114935469569122629	-0.0012668907742550575366	0.0021172403204353681776	-0.0019003361613825864133	-0.00083265814628563812605	0.00014711563297526255353
6	-4	1	-0.0010383017622995485089	3.1737797332104682776e-05	-0.0018034915988777596146	0.00017497647648760403867	-0.00098415582171374762187	0.00050947912195778812579
6	-4	2	-3.1929304596017528883e-05	0.0011735798501314868066	-0.00038736397922746571313	0.0024317848711222882219	-0.0006789400446668787583	0.0013428301918501155902
6	-4	3	0.00030134207641838655451	-7.0633040676855505906e-05	0.00013928371235793644747	-0.00052143274574447523711	-0.00041697253635952449434	-0.00055397757963892256539
6	-4	4	-9.088927874185293986e-05	0.00046367705989415610801	0.00047838991875093797536	0.0011257752027895129125	0.00061472383686371739192	0.00043025961294827866918
6	-4	5	-0.0001101299508188190667	-0.00035315998933652369965	-0.00022349749935942649472	-0.0011066112355261541016	-4.6642058504958315741e-05	-0.00046149700121709484168
6	-4	6	0.00011719721215993486661	0.00019259149608430564649	-5.0334463424697718071e-06	-0.00038950058494723689608	-0.00012055284305491471787	-0.00045225855271579693765
6	-4	7	0.00037720644173239728991	0.00010387035780275491979	0.00035542710208249844381	-5.7203740949701429902e-05	-0.00012021860600919858568	-0.00012171958723076217691
6	-3	-7	-3.1565960871820844254e-05	0.00023938642052952354517	-0.00012404344276824768928	-0.00026856463935787561496	2.6104937581973999361e-05	0.00032028749160725256476
6	-3	-6	0.00034835740085305938983	0.00032057502564813354596	0.00012711566647001404265	6.135345888168340471e-05	0.00028479956761805235495	0.00028989829620729184361
6	-3	-5	0.00097872820473262158759	-0.00038524156309064212745	0.00034851239252819607699	-0.00067296641212228496855	0.00096536641016222834565	-5.851002843539951625e-05
6	-3	-4	-0.00094748570099758623077	0.00092059377382907377641	-0.0011919367822616712318	0.0015128301232936460733	-0.00052727596480012597652	0.00024626806827337610964
6	-3	-3	0.0010712559341986452148	0.00064074706636166355641	0.0013987598852413930632	8.0285683359361659076e-05	0.00074375198315589714955	0.0012012084493639653589
6	-3	-2	0.0010011296403595602075	-0.00085664426509542927063	0.00018766128186278586932	-0.00083907886166117062916	0.0027218969982845020623	-0.0013113145027945319766
6	-3	-1	-0.00027251718492346245449	0.00035912216842565961722	-0.00036964939669041933443	0.00059871133860431270061	-0.00052615491946951694052	0.00035859899474101949307
6	-3	0	-0.00017931692764578676682	-0.0013164725195573307066	-0.00035863385529157353364	-0.0026329450391146614133	0.0018225743054140965561	-0.0037102986231074791372
6	-3	1	-0.00067607346120883372777	-0.00093289094676319509868	-0.0018965952090730247865	-0.0015217261431793545953	-0.0016333448599660722097	0.0010321672510411070232
6	-3	2	0.00017750408633032698814	0.00085106364480440419972	-0.00020595989928758840436	0.00092707086389527833779	-0.00084145210792236355742	-0.0011625846385702948756
6	-3	3	-0.00064928690307222789585	-0.00051051749516569148134	-0.0020975831347411185226	-0.0012460049809090525431	-0.00079900932859666283937	-0.00022496999057766949915
6	-3	4	-0.00014576281499101081279	0.00011489192976518874403	-0.00018444224222103540478	0.00033062832719364529865	8.0312540820739672376e-05	7.5633350747450844398e-05
6	-3	5	2.874431850661497241e-06	-0.00044977759385950540809	-0.00098496999411123845915	-4.6798825536514475321e-05	-0.00059443131468753685354	0.00051165381730949779232
6	-3	6	-0.00038179110384645853623	8.9080754772582169954e-05	-0.0004972916753193498858	0.0001927270285546306243	0.00013314526618678359333	7.2827595047331430416e-06
6	-3	7	-6.6568365608866820571e-05	0.0004094087141767914842	-2.4898706918013961692e-05	-7.1409254379093940832e-05	4.6387724699879866977e-05	-0.00038152572117114723132
6	-2	-7	-0.00022455968281228023053	-0.00019470849625053486651	0.00018478715743572383186	0.00011435686558757945106	-0.00024527605882073273648	-0.00019956638695405257426
6	-2	-6	-0.00014754529921321221523	0.00033432785338591340749	-0.00052450476432149386371	-0.0012676463646364578407	2.7289622227285730309e-05	0.00075687664159806609335
6	-2	-5	5.0291690326614621313e-05	-8.4647058967983332877e-05	5.234474678425497801e-05	-0.00074286744723176434575	3.9412129678235558437e-05	0.00019557050813112574427
6	-2	-4	-0.0011508262746592267615	0.00060446874647587149967	-0.0014945722827040511423	-0.00091330447341894020839	-0.00097895327063681446267	0.0013633553564232772995
6	-2	-3	-0.00099498462257185797154	0.00045729876641268290887	0.00025892096812962485603	-0.0014957778022709423884	-0.0021625832238967991443	0.0019117827343393275184
6	-2	-2	-0.0016687432459116173337	-0.0012923729503714355936	-0.0013603410080160760216	-0.0023473333386763921109	-0.0036458887297187761965	-0.0015297855124379146699
6	-2	-1	-0.00039604320243574319283	-0.00065511681319609116076	-0.0030883813462523482599	-0.0021076189996273335045	0.0038005034778902367122	0.00028453712007812009864
6	-2	0	0.0017035061785417697239	0.00013447774772577813802	0.0051105185356253093887	0.00040343324317733441405	0.00054390595166228382536	0.0001970248680473891934
6	-2	1	0.00051310282329869840237	-8.5246381834358758278e-05	0.0010874810511918206989	-0.00078719775851987701387	-0.00090365483740854955861	-0.0010629172260336015865
6	-2	2	0.000932543031205170154	0.0013416329890147688907	-1.9759063672354760892e-05	0.0034024795759209727243	-0.0028173881572878651212	-0.00062241939112333427315
6	-2	3	-0.0018399293368671818492	-0.00014710155774816130892	-0.0033061170493625937836	0.0004786812482303321294	0.0014757806408259676982	0.00061332394764987733463
6	-2	4	0.0012675906656961530121	0.00046604397892504066192	-0.00019711704839783515436	0.0014907557460791124107	-0.001999944522743147407	4.6311904651995219244e-05
6	-2	5	-0.00031303842192928634349	2.6777694401768570369e-05	-0.0011432505589595797456	3.323720129501011374e-05	-8.1654117268688277916e-05	-1.8838352764118238269e-05
6	-2	6	-0.00037088860081611104563	0.00020166279066344093692	-0.0010913385560370953472	0.00089669431443706738415	7.1090821370792654939e-06	9.7235314148914862311e-05
6	-2	7	-2.7973134006772819098e-05	-1.2550639939169247231e-05	0.00025568938823664858363	0.00032051719564147224161	9.703108293056200782e-05	0.00010233403298827999474
6	-1	-7	-0.00019914245890974806427	0.00024584041045833121423	0.00056516886790145036759	5.4189252583652804238e-05	-0.00025143194590856267128	0.00020297903002376206389
6	-1	-6	-1.7325030795318929229e-05	-0.00011218503514287313314	2.1872235370069029555e-05	-0.00055628723555799675527	-2.0970403356997102516e-05	-1.9470495883207006137e-05
6	-1	-5	-0.00073030848991141746572	-0.00085989443203325231693	0.00066065534411799062275	-0.002001871824707811276	-0.0010085012567172990834	-0.00063149895349834048175
6	-1	-4	0.00012187900492305713657	-0.0011076382972248046462	-0.0010827984549649685275	0.00029771184692122985242	0.00045351812112582787738	-0.0017358854075675144053
6	-1	-3	-0.0010030225088138524942	-0.00041850086065888420254	-0.0011397389700955535326	-0.0018517405141060523741	-0.0016261320275958537386	-0.00021975488328241754143
6	-1	-2	-0.0019313101143957141399	-0.00021345211491804585231	-0.0028861297003716060612	-0.0014631030342172324493	-0.0043508654930013391723	9.119517235447865413e-05
6	-1	-1	-0.0014595673887522065803	0.00037319858436993838492	-0.0058126924719829635088	-0.00060404893286140307496	-0.0029447118605302751056	0.0028432404390810336013
6	-1	0	0.0001286416620489147988	-5.3968020267564247353e-05	0.00077184997229348879279	-0.00032380812160538551122	0.0019373837416967669249	0.0019507270301342256001
6	-1	1	-0.00076893131625932855441	0.00096983518793260854902	-0.0023639518103564754851	0.001955862950200164263	0.0022496360871994951908	-0.0038631481773954874648
6	-1	2	-5.6805134045147156596e-06	-0.00097363906501587397114	0.0029302745491742569241	0.00043218463540881427686	0.0014821788148006726903	0.0031370095127520292687
6	-1	3	0.001151077691895735066	-0.00094160880372945790755	-0.00093017115231215023296	4.086897307276344106e-05	-0.0026122124345621866234	0.0018968405984831702548
6	-1	4	0.00041090219560754517999	-0.0010189361468365030431	0.00010858669811764289786	2.3701434274065580056e-05	-0.00058920661888190708957	0.0015343295788232710723
6	-1	5	-0.00016888937338799917833	0.0005701798664596311253	-0.0013810811692904227579	0.00052013038113702628629	-7.3548985792485545711e-05	-0.00058018976352415215815
6	-1	6	-4.4679676975093330499e-05	0.00034302073469220559741	-0.00050949777261682027089	-0.00055782790769202429682	-4.0236618461043376798e-05	-0.00043599205264087631355
6	-1	7	3.9542342819293550718e-05	-0.00017776157271385658524	1.5881029746581539982e-05	0.00011788933466788545455	-3.162471816702567965e-05	0.00016920839585014642759
6	0	-7	-0.00036674253116502188513	-8.3369026718146637257e-05	-0.00029402789568042580559	0.00038005738527481963988	-0.00031435074099859020274	-7.1459165758411399491e-05
6	0	-6	-0.0001202757758997010794	1.4235063528299062905e-05	0.00060586794317612775295	-0.00020876445511680384462	-0.0001202757758997010794	1.4235063528299062905e-05
6	0	-5	0.00057593751826078508869	2.9240033241670851128e-05	9.0459706058194003079e-05	-0.00038695932651555589154	0.00069112502191294206307	3.5088039890005022709e-05
6	0	-4	0.00061015748403319845696	-0.00033318359602281446153	0.0017689842789674699221	-0.001845399259900108984	0.00091523622604979763123	-0.00049977539403422163809
6	0	-3	-0.0013942050629429934058	0.0002294908177003326835	-0.00023080705319615410715	-0.0019688762507367668989	-0.0027884101258859868115	0.000458981635400665367
6	0	-2	-0.0010554240467858281519	0.00085370175002364464927	-0.001030279235425495335	-0.0076421804080607919074	-0.003166272140357484239	0.002561105250070933731
6	0	-1	-6.2661740254709439026e-06	0.00036291741882779827077	-0.0014250159187735869041	0.0010207176361722745603	-3.7597044152825661722e-05	0.0021775045129667899499
6	0	0	0	0	0.00025969780313997957444	0.00016523391400296473931	-0.0013381227918196553824	-0.0034898769251183354989
6	0	1	0.00029540672501440702787	-0.00099863140219071827065	0.0008145161449125971594	0.0025757930719928802399	-0.0017724403500864421672	0.0059917884131443100576
6	0	2	-0.00010658702930789855715	-0.00036555609917553568474	-0.0027206384581590693263	0.00029366119182893562264	0.00031976108792369567144	0.0010966682975266069458
6	0	3	0.00053110290998685083085	-0.00039122799482268317498	0.00089866901296092361901	-0.0019302056610171881932	-0.0010622058199737016617	0.00078245598964536634996
6	0	4	0.00032364466628094745422	7.8558906317296553929e-06	-0.0013323934683699687528	-0.0017075129309473508973	-0.00048546699942142120844	-1.1783835947594482242e-05
6	0	5	-0.00023119498366723297716	-5.1819631313659010011e-05	0.0004185560997641425262	-0.0016283595227566036428	0.00027743398040067958343	6.2183557576390817434e-05
6	0	6	-0.00012352465061114023103	0.00057658318824223785647	-0.00045884319966603615741	0.00051925523775019609158	0.00012352465061114023103	-0.00057658318824223785647
6	0	7	-0.00032453805253365361743	-6.1115124287277233957e-05	-0.00012425576457438880854	0.0006770586652538184173	0.00027817547360027452923	5.238439224623763201e-05
6	1	-7	-0.00013464577275728312612	0.00022182225192581475474	-3.4971058956950704945e-05	0.00047165029001094630054	-0.00012040652792866421655	0.00025751197165226210294
6	1	-6	-1.2310067895123934681e-05	-0.00027578697079163716054	0.00031800575207478444994	-0.00059185610745376830179	4.0690890784006810929e-05	-0.00037442965536726519277
6	1	-5	-0.00081163098235037295543	-0.00023522052866297048419	0.0012793976374567480204	-0.00017329891433161468653	-0.00071807765132909798581	-0.00031692441726188753459
6	1	-4	0.00071452972694738899236	-0.00038971586982310439055	-0.0013338553104566682958	0.0014383560280648978544	0.00073833076280691641458	-0.00022498479771843214931
6	1	-3	-0.00030133986695044813996	0.0017596047337086662046	0.002798762235724419796	-0.0014016851327751369757	0.00033024101134057691313	0.0030519810898256200839
6	1	-2	0.0026674764860627028958	-0.0016153650093891178553	-0.0035178343950292905937	0.00022652563369231147844	0.0062435122606734625231	-0.0047328322113211977046
6	1	-1	-0.00070755194138894374287	1.1510345165330382637e-05	0.0022972688057702932499	-0.0032684140003889031872	-0.0019480428425633694242	-0.0031993519293969209863
6	1	0	0.00092337341448708908434	-2.639373600425778683e-05	-0.005540240486922534506	0.00015836241602554672098	0.0066646140108613778977	-0.0015399924176008757647
6	1	1	0.0001121291160375527049	0.00053236395539377461689	0.004334210343665792671	0.00095018039209677183921	-0.0050069850398911089004	-0.0041443641244594195405
6	1	2	-0.00044758814990085096655	-0.00095601195642437458624	0.0011210692546232347514	0.0019505710049406745077	0.00078222982239093546974	0.0018927503668027863964
6	1	3	0.00073433427401843880556	-6.5473555976686809675e-05	0.0011801727972993189628	-0.00045355866847794976257	-0.0018620594804699837875	0.00028213333477935685547
6	1	4	-4.8821333407766075423e-05	-0.00054097319833518587966	-0.00060316472308565493785	-0.00072219830305056203438	0.0002240231808830628476	0.00099200937326541930097
6	1	5	7.4885098525180214188e-05	0.00076354146792764212258	0.0015467369904270369865	0.0012191808243592044264	-0.00039920951631562364348	-0.001160085926385011389
6	1	6	0.00047388973017887869388	-9.4703449601505349312e-05	-0.0011656540676127831197	-0.0008227443854950975766	-0.00027961405224341485867	0.00023182751385068827875
6	1	7	-0.00022127700649765994303	-0.00028172416248979848712	-0.00014413682475047917813	-6.8384013842445515153e-05	0.00021025698053377697662	0.00025124699839731946208
6	2	-7	-5.5209535530094742798e-05	0.00023667038826524200153	-1.5699496263645916716e-05	0.00054234346840838047743	-5.1808029386837184318e-05	0.00035781560948688754305
6	2	-6	-7.8388895175956251949e-05	0.00012359751334842445421	-0.00026094517025039538167	-0.00010526198616031952294	-0.00016537061859275470799	8.8510184628317955602e-05
6	2	-5	-0.00038280630500686982495	-0.00028530856287119432885	-4.669704790743260781e-07	0.0010304360865786140952	-0.00045955435419987351745	6.9804159186012419073e-05
6	2	-4	-0.001120347131757017025	-0.00043351062638672277928	0.00083534834698624428791	0.00059136509205774050006	-0.0012628465241424032851	-0.00035458339355121391888
6	2	-3	-0.00066353084346379410073	0.0015087816338077292277	-0.0014747182208482620663	-0.0010128354604095914353	-0.0023102071674930965348	0.0023423396273423977877
6	2	-2	0.00067025471690359975444	9.76756396784975384e-05	-0.0031085763962637432203	-0.0033494705735624121998	-0.001097812245552943957	-0.0030564436545269194762
6	2	-1	0.0012356307054446566147	0.0029072571280739098812	-0.0023943829733378144478	-0.0080896402977385494654	0.0026250182859923107924	0.0012642621729663605732
6	2	0	-0.00010457234919946691021	-0.00049377505569623051339	0.00031371704759840073062	0.0014813251670886915402	0.00050263604333903926999	-0.0051464154116561775659
6	2	1	0.00067842145393107048182	-0.00082107408651329574691	-0.00074001546087065436536	0.0036458643667264902834	-0.0025904978018451139433	-0.0023652842143732058684
6	2	2	-0.00017190393174776392895	-0.00035768008495855839468	-0.0029202820157391115759	0.0028894191055874873797	0.0034359938109824032272	-0.0018163788507118119788
6	2	3	0.0019792293333756919536	-0.00045987683469001742077	-0.00015585812659775860026	-0.00026293112061816589385	-0.0038545532490195442803	0.0010950410831254786623
6	2	4	-0.00043474545078458869249	-0.00042122089122072881679	-5.4365421689622685925e-05	0.00054216729621918977652	0.00067930088702169435459	0.00036074768872149836404
6	2	5	0.00060196302152085666686	0.00036134487937231936231	0.00072244145656442991608	-0.00073984992188416459809	-0.00101133220845080001	-0.00013767388649311740638
6	2	6	2.2706036929702518514e-06	-5.26727120930184012e-05	-0.000381320777610315157	-0.00031158683123446942074	0.00012483632217713479229	0.00015653498917117487704
6	2	7	0.00018945431326590153349	-0.00026139674482729484102	-0.00022556922497133353555	8.0576705372871314107e-05	-9.7941061378963167211e-05	0.0002010324368882894573
6	3	-7	-8.2316664821845066287e-05	-0.00027054246130576179103	-0.00042853759494063695069	0.00066396046889758114206	-0.0002542161105361401708	5.2660948408310403188e-05
6	3	-6	-0.00053235641256052014005	-0.00036471334387848912276	-0.00031641315531797769818	0.00056986953045483313644	-0.00069056299021950907045	-7.9778578651072554542e-05
6	3	-5	-0.00081421003424043123572	0.00073542977146595829054	-0.0010617114646841792781	-0.0004567919324263523405	-0.0016140789198990249196	0.00060844056630333855518
6	3	-4	0.00067848254491048684989	0.00017246350286073688853	-0.0020821700234311068221	0.00047637006284890283424	-0.00054390370020759967913	0.00061597280142778243137
6	3	-3	-0.00024353683892497967668	0.0014121668587071312985	-0.0010166805656592321858	-0.00022337506426986004525	-0.001503754243509191485	0.0026009586531444027144
6	3	-2	0.00060758179420728950209	0.0011865569734305708108	3.2000460385488878876e-05	-0.0016462103515277705986	0.00187074607320010175	0.0010903553930000562094
6	3	-1	0.00054116165024545412505	0.00026127244652598323677	-0.00047967949301135634835	-6.8152797382009007313e-05	0.0018079314224386557053	0.00136317628700987248
6	3	0	-0.0016115017108987357043	0.00079817148204594241378	0.0032230034217974714086	-0.0015963429640918848276	0.0040444609554843328689	-0.00029844845714509021448
6	3	1	-0.0016270451659910261863	0.0011448548926557575254	0.0028619006426144288045	-0.0025483007666458751261	0.001176569068102870921	0.00077577294400307957555
6	3	2	0.00075612339278732538118	0.00038983028193702236623	-0.00031551151715055185572	-0.00081492581239453508804	-0.0017951029026361485768	5.2897872780735574034e-05
6	3	3	0.00059702535679218167973	-0.00078523816475716847179	-0.00077541023466240986944	8.3577781557423762499e-05	-0.00041864047892195359844	0.0014868985479569133031
6	3	4	0.0004569243140491591193	-0.00034222156514447649297	-0.00087678161076938318248	0.00033116699174387173848	-2.7800262996701305645e-05	0.0002649571039088109356
6	3	5	0.00046220209603840275254	-0.00032034091731418588671	-0.00084582386358954069448	0.00031699055036985441256	-4.7148197092358875519e-05	0.00019421477055511039483
6	3	6	8.2346097478614333105e-05	0.00061224193184287534555	0.00013168959548400752807	-0.00091883590069706294785	-0.00014819089522061809714	-0.00015282398149434389873
6	3	7	-9.8903540570207125514e-05	0.00013094912346338041147	0.00030338009530508929954	-0.00020175601742536639093	-4.524557749914645614e-05	-2.5775241214883326551e-05
6	4	-7	-2.5397108203236604797e-06	-0.00019568849742757023127	-0.00022673718366251211366	0.00022095071610611061153	-0.00013174099993885579293	-4.1475445734425564037e-05
6	4	-6	-0.00016067728452855413956	-0.00059976038621379604201	0.00011871613525119775344	0.00049005906914883394856	-8.1533194361088957044e-05	-0.00027305434011457339156
6	4	-5	1.2110523553245788338e-05	0.00062562911226968144929	-0.00015163944188763091368	-0.00062784261438799727519	-0.00010677892524620979443	0.00024848084321321998406
6	4	-4	-0.00030734755676862975928	0.00010808353054156781959	0.00031905545100586877368	7.6090798616042164509e-05	-0.00014196588414707589235	0.0002382160944283938939
6	4	-3	0.00084638833468895591314	-0.00034739072951480332203	-0.0017084714636110324114	0.00039610325424850899084	-0.00058518528210346472222	-0.00016664378669826128681
6	4	-2	0.00019457228881801516486	-0.00077975069087951056311	-0.00013394712874805026295	0.0018583732918428020643	0.00031582260895794494159	0.0013774945110470722225
6	4	-1	-0.0003113575265555449962	-0.00063541640534520464276	0.00027534205281180075715	0.0012610155191766848123	-0.00076677694808606705699	0.0012315636446355109589
6	4	0	-0.00023310413640191023012	0.00013550554213213970162	0.00034965620460286535873	-0.00020325831319820952532	0.0017922794797697756946	0.00054768580359976963903
6	4	1	-0.00044987064555221297759	5.2110963161169568522e-05	0.00060632053243789068783	0.00050524905208974727009	0.0002739417435617149516	-0.0023336619873260064373
6	4	2	-0.00073694724510012785991	-9.5911905528205503306e-05	0.00049208788005350781718	-0.00036900616558558903355	0.0012266659751933679454	0.0010257480477557944822
6	4	3	-0.0004562934606087826455	0.0012294155017377307679	0.00016794555608693547029	-0.0012641754767008671258	0.00068865951310165133062	-0.00077326370120763866529
6	4	4	-0.00027518282507992442194	0.00025372107467870689537	-0.00032478952891344827327	-0.001052206931051833912	0.00073756376653333496039	0.00067162531903377348762
6	4	5	-3.9673016910358439803e-05	0.00036444878756991099791	0.00014117285683477458257	1.7912909742918222707e-05	-6.5330665175389541002e-05	-0.00045166887287822777295
6	4	6	-3.9464207664597039356e-05	0.00031989730213667611457	-2.3824312547599503444e-05	0.00017625869392147010891	5.5347082696330039393e-05	-0.00043740309808432283577
6	4	7	0.00013678068174075778789	-9.7427543802825619591e-05	-0.00018587190090374214693	0.00042259496115563233804	-1.1028069547082602748e-05	-0.00015797351168651078946
6	5	-7	-5.7062403892306938827e-05	-7.9997966163594509356e-05	0.00020162003979177687239	0.00016281658770977852917	9.5103682229291818429e-05	4.7727877366760791753e-05
6	5	-6	5.6456163887859546114e-06	-0.000267671575991122073	0.0001698475640144937889	-8.5140019133083465305e-05	0.00014718525306753077898	-0.0003386215919353583099
6	5	-5	0.00011384616900041340248	-0.00028156446068297526393	-0.00021682714926333812892	9.2437265964820231859e-05	-8.0211746462842026966e-05	-0.00024544008685475009841
6	5	-4	-0.00022992912004868239391	-0.00040057330719754039722	0.00049947605413950917335	-6.7125844303519342738e-05	0.00027945138760136290293	-0.00068476726617570980813
6	5	-3	-0.00018092903196120576508	-0.0004298543326123695804	0.00013675830369242717062	0.00012647308539465848738	-0.00013392755776836620966	-0.00064892018956697506034
6	5	-2	0.00016063270259953800066	-8.3326499815032198143e-05	-0.00046292353522183881265	0.00033386678326286173355	-0.00067541073025598305675	0.00058468745871205767169
6	5	-1	0.00063460946181871278303	0.00016303760203423584983	-0.00058493919113606338868	-0.00025443871938759371736	0.00088296081523195942952	-0.0002939679847325534336
6	5	0	0.0010588601564138345849	4.462074732277294286e-05	-0.0012706321876966013718	-5.3544896787327531432e-05	-6.0227643683081368681e-05	0.00070728239233495732337
6	5	1	-0.00070674484417535216128	-0.00041561130438512607467	0.00073783159536963314161	0.00061804026561342408942	0.00055131108820394736803	-0.00059653350175636399907
6	5	2	8.1918909463305281116e-05	0.00064585856738842229233	-0.00010610226071246825117	-0.00046022555149474411078	1.9498923391254774411e-05	-0.00078701182342840662713
6	5	3	-0.00025811987071357558095	-0.00027164655555804879125	0.00035390297080945806512	-0.00067550535959124541601	-7.3598543255279014392e-05	0.0016691353771015064646
6	5	4	0.00074361527515850707817	-0.00029331761535230103976	-0.0011238198417818287805	0.00014180091682034675076	0.00028935188948952530411	0.00026272527700301807375
6	5	5	0.00053030170370569284198	-0.00014175713800426543673	-0.00077834926277283518654	0.00034543596224976885409	0.00014198721832600370027	-0.00017532739664465036254
6	5	6	-0.00020550420002212398899	0.00017401841182945339249	-0.00013444694697271222079	-0.00017523358447508774775	0.0003175433224993841775	-2.7990424766880267103e-05
6	5	7	-0.0001001509533184891267	0.00019273193860952915176	6.4209069403745684581e-05	0.00014967762457348759791	3.9980053270315201689e-05	-0.00027211139350351613245
6	6	-7	5.3369010344246777498e-05	-0.00013277702765504678368	7.956878836464583056e-06	5.6646810597188133332e-05	5.2565047869181162317e-05	-6.525447176387885284e-05
6	6	-6	0.00015324088008750381311	8.634360164735358379e-05	-7.7641703253619317126e-05	-0.00012015612459742750168	7.5599176833884495987e-05	-3.3812522950073917887e-05
6	6	-5	-0.00027931125455403233576	-2.601911786481329991e-05	-1.8334015234596835639e-05	-0.00015633076286906741185	-0.00035717432374635500704	-0.00021881985688065685005
6	6	-4	-0.00019632214164986883142	-0.00031826826902118106029	-0.0001588919357568150054	0.00013728220712225041276	-0.00053282111611002572812	-0.00027147909284839594419
6	6	-3	0.00044057620691966632893	7.9491970212266241597e-05	-0.00052209218754450416582	-0.00017519961653856454676	-0.00016303196124967564667	-0.00019141529265259661034
6	6	-2	0.00038372825876838438826	-6.2565122695489044534e-05	-0.00017360972696101744945	-0.00014808646600518272983	0.00063035559542210081643	-0.0006319547661020153773
6	6	-1	0.00033809315328521457591	0.00018604046531475591135	-0.00024861988372957638744	-0.00034774430619693242955	0.00053683961733382891401	-0.00097022304529305910918
6	6	0	0.00019669777742196254376	-0.00024728142710713364293	-0.00019669777742196254376	0.00024728142710713364293	0.00073547996938575410566	0.0010551933167729070102
6	6	1	0.00013835375346968838335	0.00018088680614725889434	-0.00018321523986936311471	-0.0001149893376402882526	0.00026916891839804827974	-0.00039538481104182395887
6	6	2	0.00078805585484024857131	-0.00050993654547831519103	-0.0003946378635766860008	0.00029090580548391946651	-0.0011802539737906876573	0.00065709221998318701093
6	6	3	0.00048380256906052388237	-0.00022442981559788439754	-6.6230493352432875508e-05	0.00017012128878445819942	-0.00083514415141618201371	0.00010861705362685234203
6	6	4	-5.451835886465890475e-05	0.00014228992427564929519	-0.00028007023207878408095	9.9992658458904431798e-07	0.00050188288641516451243	-0.00021493477629035750228
6	6	5	0.00031984421715364034795	2.394545116374413929e-05	-0.00021558631020061847991	6.2665720790879548652e-05	-0.00012510948834362623622	-0.00010393340634554843231
6	6	6	3.4598950871460701676e-05	-6.9627644251732382264e-05	-2.6839814674507513081e-05	7.4207152333205541575e-05	-7.759136196953190289e-06	-4.5795080814731643938e-06
6	6	7	8.5763903088534386258e-05	3.8344007185823168748e-05	-8.6165172820088276637e-05	9.3239538565329858183e-05	3.439454841890568365e-07	-0.00011278589635813116401
6	7	-7	7.9252928793285519894e-05	-2.1818486980353825328e-05	-0.00017069292225437666596	-6.3297077425003298924e-05	-0.0001027618404315605138	-8.1998637693878005379e-05
6	7	-6	-4.72386944551033173e-05	0.00016755373423296647246	6.5753879447449223501e-05	-0.00017220022414808327095	2.9474164900254102212e-05	-3.3346527273130683754e-05
6	7	-5	-0.00027957328081948200869	0.00020561183816856173109	3.1182985840812894711e-05	-0.00011217053753803974694	-0.00029183175680624038901	8.9695453249018423469e-05
6	7	-4	-8.6037037051488467372e-05	-2.636373574212099691e-05	-3.0700268294027233996e-05	-3.1564174361933763793e-05	-0.0001827810250917803758	-9.4782908746565575227e-05
6	7	-3	0.00013366242323654229794	0.00028475144512357945976	-7.6204637964490619839e-05	-0.00015469688225405660601	8.9514024555939838848e-05	0.00020854349832102691111
6	7	-2	0.00041029960732641440222	-0.00018088651937320953571	-0.00027641759745857148733	0.00016035938750854733222	0.000263437230874243001	1.8598298160287021752e-05
6	7	-1	-0.00027616702047503324975	-0.00015277391121762013966	0.00023011074192027050362	0.0001203417736386035023	-4.6226929408306061261e-05	-7.425105183549640317e-05
6	7	0	0.00023987645320385720597	0.00020762622981298031223	-0.00020560838846044902982	-0.00017796533983969740661	0.00053075531106493557907	-0.00032934225341976411513
6	7	1	8.8035153015223884215e-05	0.00029533978281691202709	-1.0827157550293672921e-05	-0.00023491578398767359133	-0.00045242081523928757113	-0.00012762820898775705035
6	7	2	0.00028684294094421765916	0.00038308006670682544573	-8.1002417630228801715e-05	-0.00029449024967328449624	-0.00057702036112685208338	-0.00011852432626398060034
6	7	3	2.8925625432095536437e-05	0.00032888356370007059163	5.3966058728717260814e-05	-0.00018572076643013314874	-0.00018377205456453134811	-0.00022441867239649716955
6	7	4	-3.0931193543552813058e-05	-4.7496825560048830828e-05	4.4920153169033165224e-05	-0.00019744696954066752416	-3.221347773047881786e-05	0.0004167774350362414169
6	7	5	0.00012569312547025063504	-3.5400867803554452882e-05	3.1833003135710107555e-05	-1.2200509094007694946e-05	-0.00019539795495429493431	5.9561754095876117061e-05
6	7	6	-4.4166007959168789173e-05	0.00015903111721404355463	-6.8053012664689142451e-05	-0.00024793400697609277363	0.000123561189401306113	0.00013022522425806468127
6	7	7	-0.00021849982909730620044	-0.00016824814826537848257	0.00025854798212701196299	0.0002701866797387147013	-7.1262414329320957276e-05	-0.00012597398122553312544
7	-7	-7	-0.00082555140498128851915	2.1651360836408964178e-06	-0.00090460158165375033259	0.0010005875931341954525	7.9050176672461840545e-05	-0.0009984224570505546327
7	-7	-6	-6.8938349591018578265e-05	0.00012177381235378747018	0.00040758790641115056263	0.00029174812103957239355	-0.00055594729866919733331	-0.00019830336013341575297
7	-7	-5	-0.00021145559561960299661	-7.3304026177665952799e-05	-9.4484754873789018469e-05	-5.9681869017559667718e-05	-0.00016375917704413960464	-1.907102002414880318e-05
7	-7	-4	1.0884998019283809064e-05	-2.6271099039425938493e-05	-0.00010186329653212292297	6.4055227159363782366e-06	0.00019730951546496176157	-5.7184088071884054912e-05
7	-7	-3	-1.1910538174703789007e-05	-4.8728133008397724003e-05	9.952841551239581194e-05	-3.0925915209747911695e-05	-0.00026002422526989906436	-4.1538508196849573345e-05
7	-7	-2	0.00014989714453157056812	-0.00026594538082596447508	0.00011357079291852212658	-0.00015508869473432592497	0.00012714223064566959284	-0.00038799840132073480344
7	-7	-1	-0.0001936006125930482991	-0.00034279051546563170209	-0.00015800189034309263512	-0.0002956576577124582321	-0.00024919105574968959367	-0.00032993000427221428998
7	-7	0	-0.00049800808060381342515	-0.00010184145781695379729	-0.00049800808060381342515	-0.00010184145781695379729	-0.00011367865015790356653	0.00013818493872537666411
7	-7	1	-8.5021818467893419736e-05	0.000243399728112422397	-0.00010441590595387148759	0.00028321798699413306593	-0.00013575861240184647501	0.00027872781217197441141
7	-7	2	-0.00013766661045374131451	-6.7506003264223635781e-05	-0.00015020981682434625067	-3.6312699012927260377e-05	-4.3901222297117222372e-05	0.00010917656487953729698
7	-7	3	-0.00024582338606125934402	0.00010138104492736332689	-0.00021238015878796188767	9.1651715803853114851e-05	7.8034196971027425249e-05	-2.2701767954857134308e-05
7	-7	4	-6.2999595987280995377e-05	0.00020088235818822058518	-4.7313847870711383441e-05	0.00014626858002978750887	2.7450059203996827665e-05	-9.5574111777257903877e-05
7	-7	5	-0.00016118975108523548776	7.1643531927945326579e-05	-0.00018041165198676777461	-2.5102911105673987271e-05	-2.6910661262145204307e-05	-0.00013544502024706703194
7	-7	6	0.00026278495564980496003	0.00023017700179986662714	5.5392354663460737288e-05	0.00036051735018308530591	-0.00024195803448406828697	0.00015206373978042178738
7	-7	7	-0.00095518334461642965053	3.2336288408650975504e-05	-0.00052324639495952103216	0.00048737608002859960938	0.00043193694965690861837	0.00045503979161994859322
7	-6	-7	9.7880426603230583299e-05	0.00037831015339753938263	0.00040711562312888122496	8.0587718355883694935e-05	-0.0002510758217929533122	0.00030923496623535336614
7	-6	-6	7.406796590135872728e-05	-0.00017502958663000194777	6.6559826410838332207e-05	-4.6335282676630607001e-05	1.9852800474080184082e-05	-0.0001578659017250383411
7	-6	-5	3.7588617302483576893e-06	-0.0001017536058802013697	0.00010006835913084395097	-0.00013418641129997851058	-0.00011481962453466504489	1.8568645327692297149e-05
7	-6	-4	-0.00014772852249790859275	-0.0002205087799107386488	-0.00020684433322234121338	-9.3322098752358340046e-05	5.174158546217180987e-05	-0.00024590721671525513211
7	-6	-3	0.00025027330554408939957	1.9447086702854181009e-05	0.00044217665392574760641	0.00023942617030763859148	-0.00030038226158195333471	-0.00043347580497528408151
7	-6	-2	0.0001632355302089129529	-0.0003798420429774992447	6.8965928765714795733e-05	-0.00037299128689728390474	0.00036442656943405096152	-0.00021047328972939577775
7	-6	-1	-1.0453537135994777176e-05	-0.00049504782996556760503	3.4068408913014275297e-05	-0.00048751804524347952573	-0.00027758521343004908524	-0.0005402265382980957556
7	-6	0	-0.00011521859334543557642	-0.00036590206227785375317	-0.00013442169223634151034	-0.00042688573932416276624	-0.0004057191482188154453	-0.00012316071734427423874
7	-6	1	0.00031077518541205474689	0.00040292972389729107309	0.00036568679219842501827	0.00047677697863714841404	1.8694455306166972837e-05	4.0153804541852782884e-05
7	-6	2	0.00021737301741274237085	-0.00026387332879428495626	0.00024591614120204121101	-0.00043515591046112343495	-2.3057137338474698854e-05	-0.00038191108060337284951
7	-6	3	0.00010460969135807185297	0.000177660342736802023	4.7061280246779635449e-05	0.00034067561723066618192	-0.00014996671934194171936	0.0002668104347421276887
7	-6	4	0.00020897375461217951244	0.00013096363323144357164	0.00019445077689483476996	1.2913126951035658514e-05	-7.402790522906199861e-05	-0.00020981666772847275921
7	-6	5	-0.00013360168817497646032	3.6252729774966454429e-05	-0.00026127964417549382056	-5.3270953699602819196e-06	-0.00012649320956562552397	-5.7146336128905374165e-05
7	-6	6	-1.076010560870817007e-05	5.4685919427194537655e-05	4.4993527876385724744e-05	3.2720352095537863935e-05	5.7546984419878588414e-05	-3.1079887236189091015e-05
7	-6	7	-0.0001919583557235559929	-0.00010178296625105279802	-0.00034938124498283063338	-0.00018003854667137411628	-0.00010751128283315600567	-5.2535788038696442574e-05
7	-5	-7	-0.00014265562908415198068	2.5875081224248124218e-05	-4.4429081250206294799e-05	-0.00012873178493724485218	-0.00011092057104829034832	0.00011782635617942302541
7	-5	-6	-6.6216414010746371482e-06	1.5972355303427272983e-05	8.3343405041166122421e-06	-3.4791648469006010837e-05	-1.4670532054684252694e-05	4.762745491150348966e-05
7	-5	-5	0.00025701166223752319739	-0.0001995561346320908066	0.00035722705764188036415	-0.0003279427151918603363	2.5892694906520950909e-06	4.8564126706933198933e-05
7	-5	-4	-0.00013390766662573928684	7.5198441670312987607e-05	7.0870909801055637024e-05	-7.0878053601782783433e-05	-0.00032292705384636327453	0.00022019483992527622116
7	-5	-3	0.00027739570855009999069	-0.00045302184657592656008	0.00047220549716210337898	-0.00065028636518517043442	-0.00013975250865327229293	2.67596332981219743e-05
7	-5	-2	-0.00023829087048740429651	-0.00049843720800921706773	-0.00013954889036462366273	-0.00053518657683856725015	-0.00048514582079435590806	-0.00040656378593584144906
7	-5	-1	-0.00023769840092127301426	-0.00023315365184470396862	-0.00026587687292067412612	-0.00031588691943133459256	-0.00033450444184554052347	-5.2640965756254831068e-05
7	-5	0	0.00025822858527698035842	0.00016527127389853794827	0.00036152001938777252347	0.00023137978345795314383	0.00049873811153164826406	-0.00013228215667018065871
7	-5	1	-5.0829944967381671681e-05	-6.3405860617484822474e-05	-1.0153022884253783386e-05	-0.00020254006552090073924	0.000305044500350402795	-0.00056885930328210993889
7	-5	2	0.00014018969920411505307	6.7491308363569428434e-05	0.00010763274332611772843	-3.4349653781391145321e-05	-0.00022158208889910837821	-0.0003220937137259708696
7	-5	3	-0.00023563188790114383852	0.00052646579522503940494	-0.00026810717846956026982	0.0003893143628000017716	0.00010296244098673522772	-0.00057956291752508904639
7	-5	4	-0.00014395421791766957052	-3.5692850859115155622e-05	0.00016927951392096100705	4.2809236089184317723e-05	0.00046351927375712300046	0.00011597403411493191949
7	-5	5	-0.00015570937504421266881	0.00020392171719427375155	-0.00028026400821761242093	-9.8563777311400248672e-05	-6.2270883155714695442e-05	-0.00038405418138338351169
7	-5	6	-0.00010854827980172264911	8.7729948181243196971e-05	-0.00010800565341104083003	2.8984577342005118239e-05	3.6634948592809074639e-05	-7.8197791759779467424e-05
7	-5	7	-3.2456034240242499919e-05	0.0002341361669807817908	1.1513121389640690976e-05	8.391524592768297478e-05	4.0679692375700136572e-05	-0.0001741967056038653996
7	-4	-7	-4.8276109657570143727e-05	0.0001295086895076424092	-2.2487965906590743942e-05	-0.00015899790575384377639	-3.542584342523257576e-05	0.00022036463565269597247
7	-4	-6	8.2083700863836971139e-05	0.00039929744641957476414	4.1448801576505522914e-05	0.00014063609222265719095	6.813178329013945783e-05	0.00037208962600773244894
7	-4	-5	8.4709254371154028189e-05	-0.00012989050887238061264	0.00015871608001821277552	-0.0001466320387193063813	-8.3799078949545901016e-06	-6.4541081445887744515e-05
7	-4	-4	-5.5393890054808524843e-05	0.00066609072101042013803	0.00024800396800998136685	0.00043396691650410046176	-0.00034494327560589629379	0.0007316918452641347527
7	-4	-3	7.6853896802821393668e-05	-0.00030245175023525968077	4.4552705279429831659e-05	-0.00028068541956047872617	0.00011992215216734348538	-0.00033147352446830091743
7	-4	-2	-0.00033360442324245235613	-0.00010256329144834387982	-5.9587511202495587696e-05	4.8552610870275149125e-06	-0.0010484404589435922066	-0.00036868204224325859227
7	-4	-1	-0.00040638566859758977435	0.00010782810352353091893	-0.00050956222788806765367	-6.6856281268045568639e-05	-0.00080645076863085796842	0.0010222218497368987071
7	-4	0	0.00011088302292595985223	-0.00041828576210570792481	0.00019404529012042974478	-0.00073200008368498885487	-0.0014845066829897667592	-0.00091900047718443617431
7	-4	1	-0.00020490946298919084914	-0.00036944625887941676384	-0.00054667278386095867222	-0.00052948223396982903571	-0.00075232489451949869069	0.00046819487627660104139
7	-4	2	6.0900443618688058589e-05	-0.0002160602264552414825	9.4100561602319787301e-06	-0.00052524544843713890686	-0.00019433144034494424421	-0.00029428010428093258431
7	-4	3	-0.00014905217825994429006	0.00015153387558778448792	-0.00039041943675893216572	0.00057644507027368777595	-0.00017277083307203956221	0.00041501438399341991419
7	-4	4	0.00027964046653798532672	-7.7297849665876924418e-05	0.00041120939038214680133	4.0282718885490305394e-05	-7.8161426059327561086e-05	0.0001755539558007749299
7	-4	5	2.1133631832689411806e-05	-0.00023274010427691541503	-6.3205312851463086045e-06	-0.00036738335135533256711	-3.4643509593882222057e-05	3.1929464903415520573e-05
7	-4	6	-0.00015111102334974428141	0.00041956086794454102839	-0.00011414847053070197209	2.176131933482629627e-05	0.0001001972135542336667	-0.0004749801330454136712
7	-4	7	0.00011245918733130410314	6.8712984917067271686e-05	-0.00013270955921912069657	-0.00018522519737724675169	-0.00018829322117080163823	-0.00017455595484692254288
7	-3	-7	-0.00012175815262643064078	0.000306125311384864427	-0.00010963218139488284852	0.00011657400995908898588	-7.4772932028623707639e-05	0.00025616502140239774199
7	-3	-6	0.00031235575027863219126	-2.0402753280217738777e-06	-2.4511469227762205285e-05	0.00025502452139338068968	0.00037667077660561863652	-0.00012989258191271573612
7	-3	-5	-0.00014160556348489020118	-0.0001069122754650294715	0.00034349834134197819837	-0.00013123277631690787276	-0.00040434679368403318982	-7.0937519860896547288e-05
7	-3	-4	-0.0001629063939374360997	-5.4065356346044040389e-05	-0.0005557126352692523313	-0.00018286690963132746276	0.00013169828706142603335	4.2535808617918526389e-05
7	-3	-3	0.00056418767840726185593	9.6650807977119605399e-06	0.00071738595150158961274	0.00050564703912965537277	0.00059905196478202149286	-0.00048309518393499414337
7	-3	-2	-0.00012070212322458443712	-0.00032555786775644983974	-0.00026760894325515049074	-0.00081807850998785074711	-2.104401640331981076e-05	8.7665227834201586688e-05
7	-3	-1	0.00032618359981460533703	-0.00054046952313456856059	0.00054778389728007384658	-0.0011836225193395111255	0.00063993350686201565681	-0.00023241910392344638505
7	-3	0	-0.00050473163188082025357	1.8770235595584611058e-05	-0.0011777071410552474029	4.379721638969742806e-05	-0.0018598639403298981593	-0.00067347547152634757491
7	-3	1	-0.00091617567692444366618	-0.00019797994031916507163	-0.0027936686618581811278	-0.00028786350233860275374	-0.0019677762471034376118	0.00052226907521834740281
7	-3	2	-0.00018890696136270965113	0.00060588125451380560153	-0.0012937572000485759918	0.0013429790268174924585	-0.0012794614353033801138	-0.00010611585057208089053
7	-3	3	-6.6491401487280518722e-06	0.00043042128841969075001	0.00027872859390609211689	0.0012347921274907891574	0.00029424325425312421872	0.00023047578784484421856
7	-3	4	8.0405579090165373783e-05	-2.2055345973086898159e-05	-0.00021436789561657434143	0.00048708769177711885856	-0.00030148568512022015002	0.00040391262428574118944
7	-3	5	-0.00023660556492609291371	-0.00049215357150484502404	0.00026114541925224810624	-0.00051442478059908047089	0.00048793504244787892126	0.0003803601317473347186
7	-3	6	-7.5843445991931982843e-05	0.00011678869569217057258	-0.00028742186287468327001	8.1109237458290225908e-05	-5.5226911113420979317e-05	-9.5698859578387219463e-05
7	-3	7	-6.4060784623821271071e-05	-5.2444094705029843987e-05	0.00018072034520087091724	-0.00017934881282032191828	0.00014151236113848022786	-2.4419682217965267237e-05
7	-2	-7	-1.5652384659874961944e-05	-4.4453240853020263297e-05	9.3815190736679955201e-06	0.00032254155822694250896	-1.833281868092296018e-05	-0.0001366079717750038247
7	-2	-6	-0.00025956332152456270627	-8.8057862749677215147e-05	0.00018419089529216699144	-0.00014167203462493637637	-0.00036422084020937885726	-5.551016166631128092e-05
7	-2	-5	0.00030453139142299680015	0.00015211796606256583432	0.00062379414109698305343	-0.00012752433743515100917	0.000176826291553402288	0.00026397488746165260424
7	-2	-4	-0.0010718621155179097228	-0.00072880741401956379392	-0.00097223454861193581676	0.00021490873772743625128	-0.0013896414278503741065	-0.0013828673433979546837
7	-2	-3	-0.00052551133081644605879	-7.2179135254790834867e-05	0.00016482814441066227632	-0.00028280102946715067556	-0.0013360785348454822311	2.0116037383588509125e-05
7	-2	-2	-5.5106790811710953341e-05	-0.00042545108946034031596	-0.00022105975479615069704	-0.00043254523632910233787	2.8185986955162360343e-05	-0.0010565335767820887951
7	-2	-1	-2.2816710829701089818e-05	-0.00057263838954587113414	-0.00076550557950470483979	-0.0017629666293822337554	0.0013712941832015020441	-0.00048253546805663086183
7	-2	0	-0.00023396100075440048058	-0.00071581334274048002541	-0.00081886350264040170914	-0.0025053466995916800347	0.00099079691251633805055	7.8807174086042950669e-05
7	-2	1	-0.0004421991834861373075	-0.00038617030043516548544	-0.0018889556956149856394	-0.0017242025643603292855	-0.00068251710682701034315	-0.00074521302567450017299
7	-2	2	0.00042304124076515301715	0.00033672065340384230506	0.0011646184404501998266	0.00059220407975528693931	-0.00031602590222783567917	-0.00058631820715816101997
7	-2	3	-0.00051309967964554789067	0.00028976559698244962757	-0.00053203841198171542958	0.00027119071910705188364	0.00084254031118513464729	-0.00049532591355434785717
7	-2	4	3.1049278571057240428e-05	0.00016186058546084988339	-2.8826619162032938683e-05	0.00077352231420908888065	-6.8749547080366646867e-05	0.00010350513254805715794
7	-2	5	-2.8739096713714121711e-05	0.00040039855491949338318	0.00032245885421845001161	-7.6984074317417962785e-05	0.00016921827708657978724	-0.00059135160661425789988
7	-2	6	0.00020537306605565645553	-0.00015204901041044422902	-4.942390978871322029e-06	-7.1333126392539788498e-05	-0.00024124937405788963681	0.00015361280334800499984
7	-2	7	-5.3392461451778270827e-05	1.0493031631911704151e-05	-3.9073186943585899776e-05	0.0002548562648563240207	4.2228693753610869923e-05	6.2323044041323721865e-05
7	-1	-7	-6.4803719924491572134e-05	0.00015902062916775471196	0.00032969959735624940157	0.00010732522545314964553	-0.00011190366240395575881	0.00014368845410301904638
7	-1	-6	-6.9857618585369307294e-05	0.00021006936720020566423	0.00027122309175268310326	-1.0522322381177199094e-06	-0.00012670440364171136217	0.00024525630043992620397
7	-1	-5	0.00070226031680672919462	0.00013137215011874362326	0.0010480277624111669545	0.00027687343407167982166	0.00077355889104718745988	0.00012854632335190509197
7	-1	-4	-0.00053490638153137336653	-0.00014583443593903073717	-6.4490336609242379304e-05	-0.0013809562890910388917	-0.0009199635835275927695	9.0028809379455939656e-05
7	-1	-3	6.1506821392228881902e-05	-0.00052468094397374077931	-0.0012146513310448718223	-0.00095776195346341380654	0.00054839969359682470135	-0.00090500155145092388287
7	-1	-2	7.2103572065414608299e-05	-0.00037813392022209986161	0.00034513520829299460923	-0.00026618382901378120258	7.9794898082453824431e-05	-0.0011903768062704589686
7	-1	-1	-0.00016634330466942871319	0.00052969682213058894016	-0.00095217979221841689014	0.0014815009540389586888	-0.0002122233404675841293	0.002226376800875164326
7	-1	0	0.00010739071084791780087	-0.00026677188783154353767	0.00075173497593542459253	-0.0018674032148208049263	0.0020326711855702468863	0.0020265795477002021725
7	-1	1	-0.00055548204880629726589	-1.6883980310824586133e-05	-0.0028918437888773265883	-0.0010331877240499069172	0.00099653055276675427294	-0.00091499986187413477699
7	-1	2	1.4048801243648525295e-05	-9.9489360438939853097e-05	-0.0013449954143887395564	-0.0020117940627307822829	-0.00072166851154713967942	-0.00065768426982910162173
7	-1	3	0.00026897941697098370212	-0.00012044578294196100923	-0.00075665667703636433662	-0.0021482684215612915697	-0.00087983753194441675048	-0.0004350493136558547763
7	-1	4	-0.00036578717779039553746	0.00037946940761160972977	-0.0017974800854993078919	-0.00059118656608333488515	0.00019075753975836520402	-0.0008118681048411508297
7	-1	5	-0.00081119630575124347313	0.00019032708736713686327	-0.0002296920639239891039	0.00025522859268742596923	0.0010897364152669430145	-0.00021541220377650641474
7	-1	6	-0.00035405716021589227205	0.00010726288337121422142	-0.00062617668522214832601	-8.2725233350124113634e-05	0.00030870390604818289358	-0.00013892756949143727726
7	-1	7	0.00031628990636865404653	0.00013411587872749086313	-0.00014255064736533155662	0.00039278108271172796186	-0.00033665428456370141176	-7.8004295482958285529e-05
7	0	-7	-3.8496475371253698571e-05	-0.0001022406756029843204	0.00032969690648218492402	0.00038566862114868428069	-3.8496475371253698571e-05	-0.0001022406756029843204
7	0	-6	-0.00031511551514986182228	-0.00010274942201523248084	0.00055782386554919659478	9.8817488946501233385e-05	-0.00036763476767483882881	-0.00011987432568443789883
7	0	-5	-0.00049088748120375334891	0.0002361967409788035563	0.0007883193238700662896	-0.0017084990845332864457	-0.0006872424736852546668	0.00033067543737032501676
7	0	-4	-0.00081219138766606188001	2.1061748213983446504e-05	0.00077993920295887800374	0.00014579611377488308106	-0.00142133492841560829	3.6858059374471029688e-05
7	0	-3	7.8014459538021366691e-05	-0.00031311170964904268613	0.0011714467119851277883	-0.0020808357241000013764	0.00018203373892204986013	-0.0007305939891810996371
7	0	-2	-0.00022730169013423698722	-0.00033710869913335073881	-0.00094237452745793513081	-0.00073633499841430939941	-0.00079555591546982948239	-0.00117988044696672764
7	0	-1	-3.121665189343850931e-05	-6.8134677682035911856e-06	-0.00076940007516809315758	-0.0016120408803510270172	-0.0002185165632540695855	-4.769427437742513237e-05
7	0	0	0	0	-0.00064072436152927717771	-0.00033685457315620862158	-0.00097987413565864744588	-0.001439706266289977497
7	0	1	2.5544855066501115967e-05	-0.00013649512843279243673	-0.0022044840973769489964	0.0018723225333587693083	-0.0001788139854655078321	0.00095546589902954705709
7	0	2	-0.00041683972053772248931	-1.1833113196875023421e-05	0.0011699058259950403243	0.0011645310912813166063	0.00145893902188202855	4.1415896189062578585e-05
7	0	3	0.00032290320874652281551	-9.8091065928489426799e-05	-0.00076187718334160047049	-0.00046887376423209548926	-0.0007534408204085532362	0.00022887915383314200038
7	0	4	7.7469017380873524467e-06	-0.00012023228356910592397	-0.00044377858809946515517	-8.1548931604938888762e-05	-1.3557078041652868052e-05	0.0002104064962459353805
7	0	5	-0.00030657032369261133032	-1.1433723464839045314e-05	0.00016105234256139520032	-0.00054949451418958628925	0.00042919845316965587328	1.6007212850774665472e-05
7	0	6	-0.00015996951817249209634	0.00019281587174404900666	-0.00051644015103533729479	-0.00030912149041851892921	0.00018663110453457412144	-0.00022495185036805717444
7	0	7	-0.00010996010773141527109	-0.00016072216957966592617	-0.00050514503974141158026	0.00036662882712447462507	0.00010996010773141527109	0.00016072216957966592617
7	1	-7	-0.00020868926404905461473	0.00017689349269620261817	0.00016032616410119776866	0.00044593088891421250961	-0.00018578552632031206473	0.00024059790539823297669
7	1	-6	-0.00022895296419437021884	0.00025378370453805679371	2.0366469429033006876e-05	-0.00038438091178121409084	-0.00026371737998859306378	0.00023201750333086391086
7	1	-5	0.00022733418975946165924	0.00022865595031004625685	0.00097725566082044698114	-0.00082176960139269635604	0.00051371899782733576253	0.00015576441015552550465
7	1	-4	0.00062657301665512547297	0.00083718274471193644074	0.00033848832468832826866	-0.0012651462971256634618	0.0011811248603185516177	0.0011487832289644728245
7	1	-3	0.00040439598073249135917	-0.00056302540728669187801	0.00055609004660116376131	-0.00077054029383531459207	0.0011289539705762010376	-0.0015705727149473859127
7	1	-2	8.987268887955192256e-05	-0.00018523410135965739779	0.0012985663906381447914	-0.0015101343034620645037	0.00096383760639750409079	-0.0014033865064898331035
7	1	-1	-5.235477633662760004e-05	3.6979084695473981637e-05	-5.4234042891206031599e-05	-0.0023566305221402418166	-0.00042071747724759921833	-0.0020977769292719237147
7	1	0	7.2995683901996640691e-05	-5.8661619622309691649e-05	-0.00051096978731397649839	0.0004106313373561678551	0.00052042374302500383002	-0.0028896986388811845073
7	1	1	0.00015310994715319798157	0.00027344273753895692505	-0.00014946192324451600532	-0.00099177911939456555625	-0.0009223077068278699199	-0.0009223200433781330275
7	1	2	0.00076375699045920356946	0.00016482954076083272243	-0.0011635261102164202052	0.00099051360254629036359	-0.0020913864114990021736	-0.0010721601939360596561
7	1	3	0.00076996228811587491981	-0.00084359744141802525414	0.00069256001647244086646	0.00036057872221706817545	-0.0020274320110945220214	0.0018482011225697029221
7	1	4	-0.00027878283456990194398	9.6205729479782113155e-05	0.0018935437746620000475	-0.0015502905017709695673	1.448401683182835281e-05	0.00021921259885312368025
7	1	5	7.0720392598419926924e-06	0.00010642722479625804047	0.00077613044980914521007	-0.00093826180317548740252	-0.0001651269449256078162	3.8654245920336218422e-05
7	1	6	-4.3795619353108611457e-05	8.876312087773974692e-05	-0.00033734595381062294816	-0.00024254416198251572598	0.00010731921488039720134	-6.3132947360277076967e-05
7	1	7	7.0915469260655623462e-05	-0.00014713691439633533775	-6.43154400598076008e-05	0.00042365391500783714917	-6.1727549252111688235e-05	8.6614926538072889808e-05
7	2	-7	-8.17550418614175229e-05	-0.00012274249803700647689	-0.00034692485235285927363	0.00030384197105817311452	-0.00018087642824794874781	-3.5930506306099879515e-05
7	2	-6	-0.00018106930883917782098	0.00010220134552487161945	-0.00018537563902036886657	3.0219482395558997569e-05	-0.00027303940665249708903	0.00012930806391086988516
7	2	-5	-0.00078080293886989679455	0.00025610703324370069937	2.9343345196160610115e-05	-3.2365197670589890646e-05	-0.0010813867763393911463	0.00034560376747294504996
7	2	-4	-0.00016588668063291698803	0.00020073007153469294805	-0.00051224665087563480293	0.00057468916341557542329	-0.0005464250165454221644	0.00063862220689350030975
7	2	-3	-0.00052758879069422196136	0.00019599409012178553016	0.00022542424352747393178	0.00020180325116761713296	-0.0010807576826015353067	0.00059185504439591095621
7	2	-2	0.00065942447185032772479	0.00076638690972346591463	-0.00022469497830815792741	-0.0016068802033988363858	0.002083290673167989028	0.0010754739806332941528
7	2	-1	0.00023580511119009053768	0.00071311159812329166872	-0.00095490550671817168733	-0.0022529355514463028642	-0.00025917523510570974641	0.00048591008397043578991
7	2	0	-0.00010326329873858797529	-0.0003264493785870211935	0.00036142154558505787962	0.0011425728250545740417	0.0020374743403692215787	-0.0009811640019818303627
7	2	1	0.0003923096047294343078	-3.5170923780566605858e-05	-0.00027748426177026219285	9.2791820655547559279e-05	-0.0021911987095655158231	6.0612825152871108896e-05
7	2	2	5.3245076064527299101e-05	-0.00038822494244890743678	-0.0014900141728969701869	0.0015690673871896301285	0.001303656406671124552	-0.00021028008861845409977
7	2	3	9.1810186391260732914e-05	-9.0116510678623970424e-05	0.00041522379558024859062	0.0012013408267127722012	-0.00049103963196644073892	-0.00059062202622505886526
7	2	4	-3.1178595109262967192e-05	0.0001871127206609253784	0.00083485486581720905197	0.00027579080828523799005	-0.00036286489146739433001	-0.00046534266529923838012
7	2	5	-2.5731111292258870946e-05	-7.3154576066369354911e-05	0.00085770094491953929264	-0.00063851201300824144465	-0.00030705682215865327334	0.00035782121169621370184
7	2	6	-0.00015975197438369758362	1.6575738498093067812e-05	-8.70458879946908585e-05	-8.4666531227849380699e-05	0.00021539259944587747157	8.8838154948412138877e-06
7	2	7	-1.5602097045475134935e-05	6.721970333637397241e-05	-0.00034385393561296864013	-0.00014400177465596892103	0.00011384607864918046456	-2.6076339148954277299e-05
7	3	-7	-8.780017551785820201e-05	-0.00030337873685991567597	-0.00010722295321280858268	0.00033210754809503067542	-0.00013375286975191903478	-0.00016104693053347392696
7	3	-6	-0.00015055604416190054959	-0.0004240489847315477177	-1.8277985986085185197e-05	0.00011915526301985432985	-0.00018478771118192658632	-0.00043514618401021182325
7	3	-5	-0.00050436402966421475368	-0.00032844856335605598831	0.00034631674230467995911	0.00057874054032605994156	-0.0004983195961470927339	-0.00011258366450284240244
7	3	-4	-0.00035825028352098311959	0.00015497346748050814277	0.00026419993304080554263	-9.2071570989671648057e-05	-0.00042878804638111632942	0.00020214988984863552397
7	3	-3	-0.00041376794224024654456	0.00047382887436649156771	0.0001750518361554378999	-0.0003853012047697393621	-0.00079040669573847074925	0.00072029950208540762923
7	3	-2	0.00014563055929150229835	0.00049349729345250098207	0.00028426083491637208801	-0.00065814052941968841093	0.00093609820989481616269	0.00074002973295422098347
7	3	-1	-0.00070692356390684486529	0.00016931855872459586668	0.0018290594117252837077	0.00016440413182811704652	0.00053871328782793717442	0.0016784423065565221792
7	3	0	-0.00021109570653573777699	-0.0002100722800965777444	0.00049255664858338817341	0.00049016865355868137651	0.0014217105882430329175	0.0005172890963072348516
7	3	1	-0.00011468198181654091865	-9.45556032488709461e-05	0.00031024788510003399513	0.00022871630338826368653	-0.0001279697825843155955	-2.4259687422694450453e-05
7	3	2	0.0002793499605659909772	-0.00029189715818285911879	-0.0012592019335265424666	0.00052121939012648261721	0.00091107803830884541516	0.00023981096845028296283
7	3	3	0.00019440755137255360933	-0.00048910363642068769782	-0.00036442782492990055199	0.00091649358510653288097	-8.9189794939391157935e-05	0.00022474823320840509868
7	3	4	-0.00020599774426383944161	9.7450811618459218114e-05	0.00041345985040330460571	0.00058397676771134712434	5.0401164659240554975e-05	-0.00060852149611581400884
7	3	5	8.5258210515360408933e-05	0.00041940166333930207132	-0.00011005325583164838514	-0.00021893453467483020938	-5.3329541222515545486e-05	-0.00045580160787012482301
7	3	6	-0.00017950467862800958941	0.00025656497306559807384	0.00024842702381637813509	-3.9924314437883160259e-05	8.520861315782209751e-05	-0.00027936364469092285403
7	3	7	8.4097056588678748218e-05	-3.4255698765514583696e-05	-0.00013954544151750520719	2.1872347611259933042e-05	-2.4291867366890803248e-05	2.4881835503546039027e-05
7	4	-7	8.383128003680699692e-06	-7.3503222742267844631e-05	-5.4086226619523260434e-05	-1.0136768082567240311e-05	-2.2523287207475447917e-05	-7.9295661646591985823e-05
7	4	-6	0.00017808625141699298039	-0.0002837397058140853209	-0.00024621491730077480582	0.00010545441819905033748	4.3624015119308590766e-05	-0.00026072671131706598273
7	4	-5	-0.00013597671538259279139	-0.00037146282414252524947	-0.00033161622208149893346	0.00018627496005636936345	-0.00045566037920082903302	-0.00037102798575443983681
7	4	-4	-0.0006054780292519165415	-0.00015619166654436364449	0.00029835343117692744936	3.2500858025713044686e-05	-0.00076123312001392647117	-0.00024083455842692331962
7	4	-3	0.0002502857529076512569	0.00031000452210989140828	-0.00067464452404048815513	-0.00035000219208794806046	-0.00031552594193613123794	0.00025667429547248255678
7	4	-2	0.00022799185289240446722	-0.00024751105525950292891	-0.00027824528669624111867	0.000517152934609781058	0.00024148091173093339792	0.00016801717581130175641
7	4	-1	5.656398389749071621e-05	8.1734914663924611235e-05	-0.00012967850111210411056	-0.00022049876532461242895	-0.00012276611716598140843	-0.00030985065865097747781
7	4	0	-0.00026709884404019511349	-0.00086443194948980593001	0.00046742297707034146216	0.0015127559116071603775	3.772131292754279903e-05	-0.00036387732844757564137
7	4	1	-0.00012227071838562990694	-2.3688666674245218482e-05	0.00017352211306307470037	0.00029535268515659825975	0.00016180657644711065549	-0.0010155900739066763775
7	4	2	0.00025921350106066913836	-6.8962498075847391131e-06	-0.00043053026811737296186	-8.6987084447185056561e-05	-4.6186717477596128298e-05	0.00019811104322091670129
7	4	3	0.00058917476993782078205	0.00025165749044124416855	-0.0004228273962845175934	-0.00046060533292241679281	-0.00081097126814222517815	2.6939632866985993744e-05
7	4	4	-3.156768468372700984e-05	-0.00026935925959132813639	0.0002004486661902919666	0.00031971455234580399129	-0.00014520521799376971293	0.00015166415193902026094
7	4	5	-9.0421057911484453012e-05	-0.00022394249136561017888	-0.00015325882052672222576	2.3189982763865852477e-05	0.00024919653749745602567	0.00029496750170076159285
7	4	6	-0.00024148872816427818517	7.1536277713738386321e-05	-7.3406594323626684294e-05	3.3590806316632950399e-05	0.00033067457907407567675	-0.0001058528615437834199
7	4	7	0.00010482734448644970575	-0.00011901944433543296988	-0.00018189382570478202904	2.9904436869300765465e-05	-8.8801551228854638479e-07	0.00010193119469583253247
7	5	-7	0.00024301725564213440874	8.3222972410248010136e-05	-0.0001222098383634846405	3.3763034967384560189e-05	0.00015572451395393110572	0.00010733942595837983884
7	5	-6	9.9809346179228044041e-05	-0.00012883821750658415689	-6.3273745926202995971e-05	-0.00020936611930734739541	6.3716115603930221405e-05	-0.00032478301984713769729
7	5	-5	1.08077535003366528e-05	-0.00020515766221257627946	-0.00021505548913612978655	-4.4486365795030524044e-05	-0.00019992463423565846382	-0.00033170709289263730852
7	5	-4	9.7809584379561313999e-05	0.00010413658457029027966	-0.00037022936489864571863	-9.0062693189559293915e-05	-0.00029161993345907480813	6.966065651105886184e-05
7	5	-3	0.00014649181957450800877	0.00014216714561286804557	0.00011738025924786123352	-0.00017671075540426787261	0.00053744801108695399502	3.7205414089578958204e-05
7	5	-2	-0.00012171041947038896424	-6.0625914889821416298e-05	0.00029848426502190747922	9.1984638054131440403e-05	0.00032022419440840737062	1.7770893020953630414e-05
7	5	-1	2.0627838946955302947e-06	-0.000152711552951178669	-0.00016354471274589212353	0.00033148641594110651257	-0.0008032840764665919852	0.00058845120904728201536
7	5	0	-0.00015617471502085835755	-0.00013819616482804063717	0.00021864460102920171142	0.00019347463075925690288	0.00036002509211496966021	0.0006639342856035091887
7	5	1	-7.9006869516171882332e-06	4.5321595641024921893e-05	5.3056606290951981283e-05	-4.2305459379816686522e-05	-0.00020997822279343960911	-0.00010572387258809102064
7	5	2	8.0290132928855320084e-05	-7.7599480312967296586e-05	4.7499711710279435924e-05	-0.00026064978669176831934	-0.0003997647445266922406	0.00092322264782480629574
7	5	3	-0.00049486787588443981005	0.00023000826865779064583	0.00070725411084243921915	-0.00020718089053673127654	-2.4065141007039070651e-05	-0.00019138447597362605508
7	5	4	-9.15175417012701997e-06	0.00012029300947236537837	0.00021766471425202388074	-0.00041297937181597541966	-0.00025606532301730759943	0.00030571144819332984888
7	5	5	-0.00011499026227526686159	0.00031906987771733187056	-4.0400263221894536659e-05	-0.00030684835659138117933	0.00020138663040726814831	-0.00013984947221288342861
7	5	6	-0.00012706131168810981969	7.615327308114778343e-05	-1.2711182950539685917e-05	-5.6666193065375260391e-05	0.00015883084942824450786	-4.162365770685969588e-05
7	5	7	-0.00011350825325083634262	0.00027435948411326673392	0.00013892640303224816395	-4.8948241875663838776e-05	1.4275108227801926969e-05	-0.00023939645420207830186
7	6	-7	-0.00017765504291663872737	2.9287640820026419826e-05	4.8225095326043154113e-05	-0.00025635137510819346138	-0.00013631924692288747178	-0.00019044210927271083811
7	6	-6	0.00017231405526472082278	-4.1999025321368837517e-05	-0.00023829318457560262189	-0.00011264898920739192594	-3.7260120100095002092e-05	-0.0001616478520823222409
7	6	-5	-9.0294796604100581601e-05	-0.00015511841879494055445	1.0092901198720087981e-05	-1.1662883805346503584e-05	-0.00011430123380727671002	-0.00023116124687933258799
7	6	-4	8.1669653735638898795e-05	-7.6293476020226433528e-06	-3.5993595189925102094e-05	-5.940580732002167044e-05	8.893150125248041975e-05	-0.00010246006928357212983
7	6	-3	0.00042106883647642743152	-3.7320544176266880717e-07	-0.00027560803931521150835	-0.00012996947053213074369	0.000431277873147907693	-0.00026080975376170770262
7	6	-2	0.00013965330809562041293	-0.0001925665527502904437	-3.2919964046369640871e-07	0.00016853795430605918626	0.00048779897941328035716	-0.00016836907170783907547
7	6	-1	9.0879314339828250386e-05	2.3125096761525085356e-05	-6.4157635643201649177e-06	5.0953942821849480403e-05	0.00059766061899287677844	0.00046759933426177246974
7	6	0	5.328818200352271507e-05	-0.00019662359999623823083	-6.2169545670776502045e-05	0.00022939419999561125123	0.0008561264971876613979	0.00073177965674003735402
7	6	1	0.00016781881357677997258	-0.00032349931304061132348	-0.00019239135186920302677	0.00032707337842327962761	-2.0383583822241593212e-05	0.00030205492074460128186
7	6	2	0.00012790489167468596546	6.6065695457844441849e-05	1.6454698952466920761e-05	-0.00018104884093150846102	-0.00049703121771880163799	0.0003119165886920698366
7	6	3	0.00011812296485207333745	0.00039695043023443469339	-1.4240084674329877331e-05	-0.00024688118154341697407	-0.00024714008197284471294	-0.00043245530746018035449
7	6	4	0.00019304051607819562174	-0.00020297463396435017156	-0.00022446811086990369117	-6.1818264292583962639e-05	-1.118736831986782018e-06	0.00044793300587648871708
7	6	5	-5.3602911545920274583e-05	7.8988329651171248759e-06	-0.00024871925506903349613	-2.6331068355010112583e-06	0.00037350718224712860282	-7.8986379485627619939e-06
7	6	6	2.0558969412977600973e-05	-3.1196200599658626296e-05	-0.00012359310989124334284	7.8715234404943014153e-05	9.9607645576102799337e-05	-4.2319667038674613419e-05
7	6	7	0.00030965419594881492694	0.00014317427576503982656	-0.00014608157916235403389	-2.7854295496665440978e-05	-0.00018444141380965435356	-0.00011929916533932657789
7	7	-7	0.00033835972245066454943	-0.00070070689142157733739	-0.00068434433743528287359	0.0006195696051285707771	-0.00034598461498461837837	-8.1137286293006546738e-05
7	7	-6	-4.5735271843255928764e-05	0.00024121498292600706474	3.7381046496131570636e-06	-0.0002177374538317496794	-4.8996695059249904835e-05	2.7390450609966939395e-05
7	7	-5	-0.00015808707210893886198	0.00012977420754961866713	7.3172227342862075378e-05	-7.363581871843788906e-05	-0.00011888078267250752021	7.8593744363653083879e-05
7	7	-4	0.00011164814450923157927	0.00013299021929084049016	5.944000983470932571e-06	-3.9073283498403528187e-05	0.00020578625461222939635	0.000164354637636764697
7	7	-3	0.00017601525890425262521	-0.00012609458557814911053	-1.6125817994764333406e-05	1.1276976327671597156e-05	0.00037307536212213935093	-0.00026790775491778091085
7	7	-2	0.0001901085209161725595	-0.00013128370766872832806	-6.9090136360083168488e-05	2.9015095661591047379e-05	0.00042356434594631285498	-0.00035794014202498048577
7	7	-1	5.5885341049207529218e-05	3.0803114014557929714e-05	-2.1776416192606670269e-05	-8.9541066113480127065e-06	0.00023876247399620597537	0.00015294305182246941397
7	7	0	0.00020552392823500696944	-0.00021736959393155218592	-0.00020552392823500696944	0.00021736959393155218592	0.00062190209736069385765	0.00039266396051209950845
7	7	1	-9.0068940269460306828e-05	-9.3658191287438610577e-05	0.00014588902944306093011	0.00013199881285675494767	-0.00039074062421520441716	-0.00026838435098521434613
7	7	2	-0.00013100628325931744931	-3.6075590464287113628e-05	0.00013329608877927134804	8.5787278803798512898e-05	-8.0143193198387133484e-06	-0.00017399090918828990083
7	7	3	-0.0001683894140470779989	8.7580863850835588948e-05	0.00026889759141038516643	-4.058638030248930956e-05	-0.00023451908051438339091	-0.00010965379494614131857
7	7	4	-6.1897085633023208413e-05	-4.0567510669476824928e-05	0.00019148225579456367926	-8.3211830499239257874e-05	-0.00022677404778269583075	0.00021661384704525313304
7	7	5	-1.7426225395026260584e-05	0.00013139848660680901026	7.7880703946126236836e-05	-6.8855420681097139163e-05	-8.4636269971539976917e-05	-8.7560292295996619539e-05
7	7	6	-0.0001835000712780544916	-4.1569221345204475306e-05	-7.095442645725112163e-06	-0.0002579230171687797073	0.00022236143291107620312	0.0003494076115996481882
7	7	7	0.00034294164769080694773	0.00073961415832620185009	-0.00081554567282735663993	-0.0011629240613684407868	0.00047260402513654974641	0.00042330990304223904512
