# completed local quartic closure restart checkpoint; cutoff=6; restart=6; seed=9057509445970562887; objective=projective-stretching-ratio; selection=double-triple-remainder; optimized_objective=3.08210953522664033; refined_objective=0; accepted_steps=24; candidate_lemma_proved=false
kx	ky	kz	ux_re	ux_im	uy_re	uy_im	uz_re	uz_im
-6	-6	-6	1.3536082827109176987e-05	-4.3250450500933792781e-05	5.1756354565561830949e-05	-4.3597560005094968953e-06	-6.5292437392671002854e-05	4.7610206501443284594e-05
-6	-6	-5	-4.5343768148460361078e-06	-5.8134872179437344791e-05	0.00010273798673408237052	-1.5172575777249120772e-05	-0.00011784433190308359486	8.7968937548023749188e-05
-6	-6	-4	-1.0226692229130865251e-05	-3.4348587091274965482e-05	9.8667119761986862999e-05	-2.3659776456768491151e-05	-0.00013266064129928398815	8.7012545322065186645e-05
-6	-6	-3	-2.0451694489671850457e-05	-1.3459401250777398712e-05	7.6596582701727347316e-05	-1.5498064935988850263e-05	-0.00011228977642411100727	5.7914932373532494563e-05
-6	-6	-2	1.0187769624846680611e-05	-1.7014919017455486233e-05	2.847405054486300884e-05	9.2519095411669324884e-06	-0.00011598546050912907513	2.3289028428865656152e-05
-6	-6	-1	2.3627542305411145539e-06	-9.2100651209427855984e-06	1.0363794008893309807e-05	2.78257161676534149e-06	-7.6359289436606550398e-05	3.8564961025064668039e-05
-6	-6	0	-1.5850030976644879639e-05	8.9418597988181507732e-06	1.5850030976644879639e-05	-8.9418597988181507732e-06	-5.3045658015416492065e-05	4.5784014331607461861e-05
-6	-6	1	-8.414847475787826873e-06	1.8007057171523959863e-05	7.7623792006927911448e-06	-2.0126320373964546917e-06	-3.9148096505702126752e-06	9.5966550804765020865e-05
-6	-6	2	-1.1798485295401625234e-05	6.8606281344901152422e-05	6.5347137010728472952e-06	2.3355204172105846841e-05	-1.5791314782986337205e-05	0.00027588445655102100456
-6	-6	3	8.360232147307392338e-06	8.6630447073484680544e-05	1.8156605225670015072e-06	1.851799141150004067e-05	2.0351785339748787267e-05	0.00021029687696996944243
-6	-6	4	1.8019581054032378164e-05	6.8182686424465762396e-05	1.1114839910143546684e-05	4.8996838100823858562e-05	4.3701631446263888966e-05	0.00017576928678793442805
-6	-6	5	2.412050540890755499e-05	1.9803317236940604719e-05	1.0325148903231941852e-05	8.5888541759371333931e-05	4.13347851745673935e-05	0.00012683023079557433316
-6	-6	6	5.8278000982835185086e-06	-2.1323748527849101432e-05	8.0748984203355133075e-06	7.6804700404424039342e-05	1.3902698518619031816e-05	5.5480951876574934522e-05
-6	-5	-6	-6.6978451298815099122e-05	8.7281322514789539714e-05	-9.3343938568948733826e-05	1.162162252347282004e-05	0.00014476506677293905301	-9.6966007951016885795e-05
-6	-5	-5	-5.9825979625497065597e-05	9.2642055225991069129e-05	-0.00018302314473509685862	7.0888167866017489684e-05	0.00025481432028569332921	-0.00018205863413720677264
-6	-5	-4	-3.2409770649492023495e-05	4.4284593521131010603e-05	-0.00017578576510343243088	9.6143823452711350179e-05	0.00026834686235352857384	-0.00018660666959758570702
-6	-5	-3	3.0699673544354547585e-06	-1.9140328100332821496e-05	-0.00012965755949068474774	8.9699352668921636497e-05	0.00020995599777560365368	-0.00011121826491420376472
-6	-5	-2	-2.8927716321104264935e-06	-5.7284089709450699418e-05	-5.5828434389862487857e-05	7.0742345157964229793e-05	0.00014824940087098751056	-5.0035937665584728393e-06
-6	-5	-1	-1.2728949744793410928e-05	-2.5691986317348011168e-05	-4.8793638529252555752e-06	2.049077405745352578e-05	0.00010077051773338673328	5.1698047616820438108e-05
-6	-5	0	2.3637772815574186944e-05	-2.7532584744055324137e-05	-2.836532737868902501e-05	3.3039101692866387609e-05	8.5724695278568898045e-05	-4.345761767227511056e-05
-6	-5	1	1.5961176891730479403e-05	-1.1697177782134628773e-05	-1.4438869313679909015e-05	-1.6574401840522554931e-05	2.3572714781983338119e-05	-0.00015305507589542054051
-6	-5	2	-6.4358134570265124186e-06	-5.4026869639576124581e-05	-3.1081029280814951297e-06	-6.0477850223003529911e-05	-2.707769769128327508e-05	-0.00031327523447623721207
-6	-5	3	-4.7386285156873269523e-05	-0.00011960363248950487563	1.1255930322533626281e-05	-6.2365782243413900288e-05	-7.601268644285716304e-05	-0.00034315023538469959863
-6	-5	4	-6.5015441266036256922e-05	-0.00012823781321828712902	-2.0501512177131099259e-05	-0.00011093130740300096164	-0.00012315005212046827216	-0.00033102085408118187525
-6	-5	5	-7.0016200265715931904e-05	-9.8075056095291713297e-05	-4.563181831376582001e-05	-0.00012519387448515467806	-0.00012965125863262494236	-0.00024288394179950470149
-6	-5	6	-1.5259511552607166505e-05	3.1814677184617049012e-06	-5.8040282726552110473e-05	-0.00012794089826328130079	-6.3626413824733924103e-05	-0.0001034359475009393901
-6	-4	-6	0.00021809676938365903055	-0.00017074921085868819065	0.00017219115282462980096	-4.1163805842179327342e-05	-0.00033289087126674556452	0.0001981917480868077377
-6	-4	-5	0.00022113442418853068304	-0.00020934432830554752249	0.00024534899877240624747	-0.00013936015110618688311	-0.0004616405080441617851	0.00036270131485160653348
-6	-4	-4	0.00018147831063297130351	-0.00010295874155668332714	0.00020847801767233712332	-0.00019493251529250897624	-0.00048069548362179409214	0.00034937062762753398051
-6	-4	-3	0.00012682904207411495909	-3.4339914757737363064e-05	4.7122282648061165965e-05	-7.0135979868962708091e-05	-0.00031648779434564482419	0.00016219446934075834143
-6	-4	-2	7.1054616901685199726e-05	8.3367286609139392545e-05	-3.2289476688076918962e-06	-6.6487432056829023322e-05	-0.00020670595536744022216	-0.00011712699571376014454
-6	-4	-1	8.8969186060355468442e-06	0.00011085223392395353304	2.1349673600563933221e-05	-0.00011572689879506183747	-0.00013878020603846902411	-0.00020220580836347390257
-6	-4	0	-4.6086711887900752636e-05	0.0001128955285462865675	6.9130067831851122178e-05	-0.00016934329281942985803	-8.8061017386606649585e-05	-0.00014021524433681975042
-6	-4	1	-2.7361080060474489808e-05	2.0335561341734177676e-05	2.6873856244355781353e-05	-2.7940141932480664532e-05	-5.6671055385423820211e-05	1.0252800320482406235e-05
-6	-4	2	1.7622563232272275439e-05	2.4407552022436684999e-05	-9.664679179876738336e-06	0.00015737637739921727037	3.3538331337063346258e-05	0.00038797541086574456864
-6	-4	3	7.0704352367794791234e-06	0.00010075882524322175339	8.7004630344809615657e-05	0.00015619876514223865515	0.00013014704426663844974	0.00040978267067609503794
-6	-4	4	0.00011196009343161349853	0.00013913733934777490291	7.7297414928246670771e-05	0.00021322575132093690774	0.00024523755507566689146	0.00042193176034259927566
-6	-4	5	5.6795775963075730063e-05	9.4082435603596296274e-05	0.00018883876139115369466	0.00020258408388702377569	0.00021922594026861381283	0.00027496618983393456524
-6	-4	6	-1.1653523084570287577e-05	1.3873826869884788596e-05	0.00018951474511852707517	0.00015437284266092666466	0.00011468964032778108627	0.00011678905531050256617
-6	-3	-6	-0.00037725874251518518639	0.0002693735051424470746	-0.00034745663140595437835	9.9218988040737738309e-05	0.00055098705821816234846	-0.00031898299916281595053
-6	-3	-5	-0.0004044492885811846951	0.00031912082367719496597	-0.00034412761957905332573	0.00026237022192087327633	0.0006918157180448536404	-0.00054036712156515793581
-6	-3	-4	-0.00035787340583954435104	0.00031057636286487114207	-0.00018408815578664717628	0.00019214568322238048323	0.00067487622559930186134	-0.00060997380671409210263
-6	-3	-3	-0.00018799518148980418801	1.4715867833870250643e-05	-7.6849459813819976858e-05	0.00026528175846818406172	0.00045283982279342835289	-0.00029471349413592455623
-6	-3	-2	-0.00012993856272600388469	-0.0001742731065321980106	4.1363265208115312553e-05	0.00022850331221188136584	0.00032777079036583870895	0.00018006435127877198302
-6	-3	-1	-3.7080993150673392355e-05	-0.0001576595332877415382	-1.643962314063340932e-05	0.00017743476024803791287	0.00027180482832594055499	0.00041365291898233540928
-6	-3	0	1.9356885913526182107e-05	-5.5179676684400335001e-05	-3.8713771827052364215e-05	0.00011035935336880067	0.00022762035428586775243	0.00069848966617763069177
-6	-3	1	7.449045977626304188e-05	6.4074490120658898567e-05	-8.3107645441676046929e-05	7.5219776905115489306e-05	0.00019761982233255009694	0.00061010627143929987287
-6	-3	2	2.8211131211355750252e-05	9.1638371051489683435e-05	-3.4085522170996102032e-05	-0.00013769498243280383709	3.3505110377573107873e-05	6.8372639505263267559e-05
-6	-3	3	-6.1408578351276082888e-05	-6.7483760816396649667e-05	-5.5443193172931065291e-05	-0.00024484318655888060801	-0.00017826034987548323107	-0.00037981070819167388024
-6	-3	4	-9.4517634098928288958e-05	-0.00018884511053285726618	-0.00029067606684190632491	-0.00031670189245077963415	-0.00035978350127982214324	-0.00052079408513737066554
-6	-3	5	-5.7365439823511680563e-05	-7.1873408402512635484e-05	-0.00041896942505446546764	-0.00032631792236497705276	-0.00032022018282089331894	-0.00028203884350200139966
-6	-3	6	4.0768861265009899105e-05	8.6579553238890607966e-06	-0.00047367864138857484731	-0.00021712497018474354081	-0.000196070459429277511	-9.990452976848270114e-05
-6	-2	-6	0.00051160515558082181754	-0.00043074230687479159998	0.000612622343893918825	-2.7864900734282292504e-05	-0.00071581260354546146201	0.00044003060711955238561
-6	-2	-5	0.00040218192581783520061	-0.00047025641773983226004	0.00047906735922991991201	-0.00013957172346566320024	-0.00067424525467337024891	0.00062013639067406403551
-6	-2	-4	0.00036802094282450476459	-0.00047046739431045941308	8.2984522104397723773e-05	-7.2230616004542844057e-05	-0.00059352367528895592745	0.00074181639946796051454
-6	-2	-3	0.00019291130659126998724	-5.7953352021014265872e-05	3.999757969948847529e-05	-0.00039208310622476731091	-0.00041248766631553227327	0.0003772954415252067345
-6	-2	-2	0.00023405722414260611282	0.00012423299803327172096	-0.00011561648977398318258	-0.00026258442056084922624	-0.00058655518265383519653	-0.00011011457353896593665
-6	-2	-1	0.000108346967564949286	0.00014675723542025383888	-6.275978455370322649e-05	-0.00014689047684497748302	-0.00052456223628228920881	-0.00058676245883156812142
-6	-2	0	-1.4600975951708563552e-05	3.3401387161510961174e-05	4.3802927855125690655e-05	-0.0001002041614845328903	-0.00042821049951728880085	-0.0010537717071468705784
-6	-2	1	-0.00011489065245480980398	-9.8961481287588223539e-05	0.00011631041968123503893	-0.00022238128046379084727	-0.0004567230753663887189	-0.0010385314486531110629
-6	-2	2	-0.00013022595208482732579	-0.000214167521811737887	0.00016179135574066378397	1.5143317249012674708e-05	-0.0002288865005138182205	-0.00062735924818620105066
-6	-2	3	-5.7897955002652362242e-05	-8.4559192175682473271e-05	0.0002011056903311437096	0.00036541106850528407533	1.8274550215457754232e-05	7.4488994652157779382e-05
-6	-2	4	2.5115754154786789081e-05	9.4472880889080807962e-05	0.00073084676748480189613	0.0005497209724943193012	0.00040309701497458113846	0.00041656980758078082866
-6	-2	5	-8.8351661022242309078e-05	2.9403493268927402321e-05	0.0011105433305498622985	0.00052138339483782567517	0.00033819533899325415933	0.00024383754985784315285
-6	-2	6	-9.6402367112415353377e-05	-4.67331219853877076e-05	0.0010843179182076685425	0.00029292269360544872289	0.00026503693895680744894	5.090777588309519777e-05
-6	-1	-6	-0.00050594392992557547187	0.00023529841740613645189	-0.00091398292355914943687	-0.00085014674225039014045	0.0006582744171854338017	-9.3607293697738086112e-05
-6	-1	-5	-0.00028063885857590995833	0.00047455883942934578212	-0.00059286679785823428578	-0.00093012881930789215613	0.00045533998986273883968	-0.00038344484345363656153
-6	-1	-4	-0.00023914993357425885713	0.00045071446281854781737	-0.00014078702656779228347	-0.00091999952844818019219	0.00039392165700333637689	-0.00044607181211577667801
-6	-1	-3	-0.00013721194920252851928	0.00013165019426312579666	-3.6137100167445340555e-06	-4.9076407695297490243e-06	0.00027562846841063854851	-0.00026166450826974166398
-6	-1	-2	-0.00030358354544198385295	-5.7283624300678909127e-06	0.00031146367010178265238	-0.00013635703340423492667	0.00075501880127506028687	8.536360399232113946e-05
-6	-1	-1	-0.0002365938838550997621	-0.00017001842670184806063	0.00012085304249492925018	-0.00011798142573531646073	0.0012987102606356693089	0.00113809198594640496
-6	-1	0	1.4475644450064848882e-05	3.5752536722678426287e-05	-8.6853866700389100071e-05	-0.00021451522033607054417	0.0012920502541373145907	0.0015361083410279773465
-6	-1	1	0.00026489239369967276794	0.00031884041206037142327	-0.00023298558568191977112	-1.5765881883993920038e-05	0.001356368776516116972	0.0018972765904782344908
-6	-1	2	0.00023392627827785778438	0.00037731159252992287935	-0.00017980565757296458943	0.00018242890668355830636	0.0006118760060470911262	0.0012231492309315479539
-6	-1	3	6.8380159537590799279e-05	0.00014323352981389833572	-0.00090162465037819635241	-0.00038879453541776088634	-0.00016378123105088385225	0.00015686888115520972739
-6	-1	4	-2.4548687585832538809e-05	9.0285237884424954507e-06	-0.0021135909849048098788	-0.00057201707940511645634	-0.00056522077760495130841	-0.00012946148416861536922
-6	-1	5	-0.00012913463163168392776	-5.0109630384576438677e-05	-0.0027210528403395590688	-0.0005785996639345538815	-0.00069917212602593249455	-0.00017585148924840248645
-6	-1	6	-0.00045076138186630901675	4.3036788829003879624e-05	-0.0026328706590823514576	-0.00025051168783004251674	-0.00088957315838003429582	1.2848408573301292329e-06
-6	0	-6	0.00059649197891251679385	0.00059292985637355156807	0.0017291879499710014704	0.0029004428391494717354	-0.00059649197891251679385	-0.00059292985637355156807
-6	0	-5	9.6333219019245123712e-05	0.00062340969401014580033	0.00097707007467949416428	0.0045907490903434461371	-0.00011559986282309414303	-0.00074809163281217504714
-6	0	-4	-4.3848922447568204315e-05	0.00049764143105791045028	0.00032938151179227534437	0.0036962811260148795665	6.5773383671352306473e-05	-0.00074646214658686572962
-6	0	-3	3.1211403085227837405e-05	0.00037457728467355877553	-0.00027053874405001925984	0.0016123302802072223688	-6.242280617045567481e-05	-0.00074915456934711755106
-6	0	-2	0.00067174882276432304126	0.00067581427082899969347	-0.00032432919474226630345	0.00083169224705679741568	-0.0020152464682929691238	-0.0020274428124869990804
-6	0	-1	0.00086839361918114252054	0.00070747739835048050697	0.0001710247691140056724	0.00096625229593023010018	-0.0052103617150868553401	-0.0042448643901028832587
-6	0	0	0	-7.1717343267247903371e-43	0.00029761705678163160888	0.00069651407396070113588	-0.0061733258760180275554	-0.0055820571085382804377
-6	0	1	-0.00082881604636899925808	-0.00080898959364648806263	0.00026051308643711108088	2.2510231395295739567e-05	-0.0049728962782139953316	-0.0048539375618789279421
-6	0	2	-0.00054286575418750944184	-0.00079568990297906199739	0.0010502070059543401528	0.000168144987083983596	-0.0016285972625625284339	-0.002387069708937186209
-6	0	3	0.00047607892889378567933	-0.00014332430513793953191	0.0027505691219492992006	0.00033769342364571417912	0.00095215785778757135865	-0.00028664861027587906382
-6	0	4	0.0010968670622326672209	7.1528460562547596159e-05	0.0065737475675806105596	0.00082846805033836938819	0.0016453005933490009397	0.00010729269084382138746
-6	0	5	0.001298261991089455069	3.852039370227073452e-06	0.007327223674725620757	0.00019700839537540034232	0.001557914389307345996	4.6224472442724886506e-06
-6	0	6	0.0016323533453793909014	-0.00025996501501699840943	0.0060738296618315272893	-0.0002141153274907926687	0.0016323533453793909014	-0.00025996501501699840943
-6	1	-6	-0.001022088784709897745	-0.0027492391427791341117	-0.0026313446353108606475	-0.0068582620970444631292	0.00058353134549142104265	0.0016061954599383902569
-6	1	-5	-0.00042094404298990170492	-0.0033701877095261771437	-0.0022383500813363712938	-0.010726289917749147473	5.7462835320607768175e-05	0.0018989672678815826875
-6	1	-4	5.770683823502966586e-05	-0.0031608427833014073223	-0.0010863344325678233552	-0.010018225569079511339	-0.00035814386549450034436	0.0022367077826822333655
-6	1	-3	-7.0903800112818234593e-06	-0.0019554356825581434114	0.00018541955001595336323	-0.0047507139083766180068	7.598727669454810867e-05	0.0023273000623240808205
-6	1	-2	-0.0010655156995915424176	-0.0016800607993027241987	0.00059561251212930427148	-0.0024892707829134897053	0.0034943533548392794429	0.0037955470064514273097
-6	1	-1	-0.001722723870959605658	-0.0015026319495244956376	-0.0003317310592083119584	-0.0017258154562404138394	0.010004612166549320743	0.0072899762409065595528
-6	1	0	-0.00016353239292519946299	-0.00026080336085940191999	-0.00098119435755119688639	-0.0015648201651564115199	0.012523715254608774536	0.008952289698249087449
-6	1	1	0.001537349053102603615	0.0011985746920346025766	-0.00067743082301566269823	-0.00066713129579740898002	0.009901525141631284388	0.0078585794480050246563
-6	1	2	0.0007590969586902710604	0.0011410819119484509523	-0.0022129268399416041589	-0.00076531334102139796528	0.0033837542960416153691	0.0038059024063560520021
-6	1	3	-0.0017061973771592268186	0.00032578315948593905733	-0.0064103775533804882233	-0.0007259377287057792701	-0.0012756022365249578519	0.00089354556187380457417
-6	1	4	-0.0035323577490619629225	0.00024452913071822655628	-0.012384769913666215935	0.00032863027154701876043	-0.002202344145176390617	0.00028463612819058515787
-6	1	5	-0.0040940034998093975671	0.00058999817095802757193	-0.013965064834225861257	0.001348217409222175105	-0.0021197912329261043955	0.00043835432330519810869
-6	1	6	-0.0039618819347279222304	0.00098905892448448691837	-0.010335183157109914878	0.0017821557823896965432	-0.0022393514085429361282	0.00069203296075287079169
-6	2	-6	0.0022294392551706490938	0.0065121699473478771719	0.0044738661403198563826	0.011698512093755426486	-0.00073815054173069700235	-0.0026126659160960689215
-6	2	-5	0.0018953873892053703029	0.0087914939209634574563	0.0050130435960431341327	0.017904900059227055187	-0.00026924742862919059114	-0.0033878326814653259187
-6	2	-4	0.001166607304295152938	0.0086079249113595948661	0.0035609169137254866738	0.018206204362612596337	3.0547500420014112846e-05	-0.0038087851857330936971
-6	2	-3	0.00067303642282650862679	0.0055541711580553917993	0.00026374150021556564544	0.010265331326874431103	-0.0011702451788426400121	-0.0042647880981944970638
-6	2	-2	0.0022507030315694299613	0.0039523277711599677509	-0.0013121513080463016905	0.0045945213486520150928	-0.0080642604027545920081	-0.0072624619648278881598
-6	2	-1	0.0027709277371117339156	0.0026244219278061379531	7.4149872193308784913e-05	0.0026948885440182352921	-0.016477266678283784135	-0.010356754478800356267
-6	2	0	0.00063281336989560804055	0.00083502596448040177553	0.0018984401096868240132	0.0025050778934412052182	-0.021998753147691913618	-0.013042037697598539078
-6	2	1	-0.0018399248855119601422	-0.001070086077057628331	0.0029849653341615916408	0.0021578754236784144713	-0.017009479981394941966	-0.010736267309702599362
-6	2	2	-0.00040718776188066916569	-0.0014334247829479787855	0.0065967832183719786465	0.0022173971269769678603	-0.0078183465040139853847	-0.0065176714758209044337
-6	2	3	0.0049128289086986486056	-0.00083538479601339365142	0.012707560639440109926	0.00043900417125833433689	0.0013539507244372239996	-0.0019634390395323435274
-6	2	4	0.0087126709205436869005	-0.001516916449500798009	0.019951730226186410733	-0.0029069258940596616816	0.0030931412677223249844	-0.00082191172722136628115
-6	2	5	0.0094686034947378209387	-0.0024123509904545857065	0.020419300173857714287	-0.0047345683933835624665	0.0031946041241423007995	-0.0010009938311920779912
-6	2	6	0.0078184593807203977417	-0.0026984529136262623734	0.015180819275183807943	-0.0045784199435512555956	0.0027581862889924616163	-0.0011723129324425103637
-6	3	-6	-0.0042308881401955803284	-0.010821559631519895098	-0.0062487845575087434466	-0.015304222639472028419	0.0011064958614412090387	0.003169448311783880888
-6	3	-5	-0.0045654462699436827722	-0.01417312682203814185	-0.0074695592880983392031	-0.020972463992605046984	0.00099679995107341645526	0.0044242737908827423771
-6	3	-4	-0.0043734626964659715359	-0.015638268989222867122	-0.0074658153687490206793	-0.024888726251203082546	0.00096083251813719179439	0.0047908587954319896418
-6	3	-3	-0.0027051042429977233475	-0.010832134358058477172	-0.0020075907928882854789	-0.016364182540967116275	0.0034026176931071612161	0.0053000861751498354671
-6	3	-2	-0.0026856876612957433954	-0.0063717053174837771923	0.0025571298965062854401	-0.0070701343570614694212	0.011892757828646658563	0.0085099144168591274451
-6	3	-1	-0.0038240251488650439833	-0.0039795953745031835067	0.00084008929260151910413	-0.0036777118130795136142	0.025464418770994822622	0.012844436807780560197
-6	3	0	-0.0010630475067380186407	-0.0013848683708436713459	-0.0021260950134760372814	-0.0027697367416873426918	0.030501781739579302694	0.014361949570695859216
-6	3	1	0.0015046231534349542667	0.0008119402705610144922	-0.0057233565841678423272	-0.0025840789906900378872	0.026197808673113252148	0.012623878595436200181
-6	3	2	-0.0024609063436206355356	0.0015148615747674566614	-0.012294641372173282026	-0.0018453236072760567568	0.011059243027398015999	0.0073125701352164552277
-6	3	3	-0.009797487811896543608	0.002486357890591098501	-0.019765450566815129935	0.001910624516176975601	0.00017047494302204149893	0.0030620912650052216179
-6	3	4	-0.015322709033755493521	0.0046352233700612489528	-0.025906410238448949329	0.0071426559250202604004	-0.003554255871796528285	0.0015958431113266787794
-6	3	5	-0.014425399263502242803	0.0054913943063162468095	-0.021904694074916020163	0.0082106601729280970225	-0.0041676626712530782243	0.0016632770638226382614
-6	3	6	-0.011468342628759904678	0.0051893764357362273665	-0.017381342058090672176	0.0075173441855067206843	-0.0027776715997145685899	0.0014307043429828672412
-6	4	-6	0.0061191162298982184828	0.01354376879735516917	0.0073841243660929742343	0.01608082397340072911	-0.0011963666525029018929	-0.0028232194817546830967
-6	4	-5	0.0075165586062518009378	0.017158988570253771305	0.0092763755311722033425	0.020700838138974445718	-0.0015987699025643978875	-0.0040301157731249693389
-6	4	-4	0.0084759327835501503678	0.020420122730705415198	0.010494691992016054807	0.025661974329864219863	-0.0022192071833091703108	-0.0049682097661939046696
-6	4	-3	0.0063740086975322173338	0.015891901909622547368	0.0054098053905199047775	0.019964151612185496165	-0.0055349435410378946751	-0.0051649350029977624671
-6	4	-2	0.0041543603385113822904	0.0094693163251661580798	-0.0016000534964747733374	0.010265394990278006032	-0.015663188008483694413	-0.0078771589949424639099
-6	4	-1	0.0037467522565980907606	0.0048612303969578088761	-0.0014602943361934209773	0.0046740300494276399573	-0.028321690884362225871	-0.010471262184036295162
-6	4	0	0.0013928035461883067885	0.001748655874388350788	0.0020892053192824600744	0.002622983811582526182	-0.034051628900887198625	-0.011456781265170964262
-6	4	1	0.00043065179311658753581	-0.00066083893033389300327	0.0079011654853030650197	0.0014907290357593693062	-0.029020751182512731503	-0.0099279497250408348108
-6	4	2	0.0061806808382529089541	-0.0027090532872630834413	0.0166792612028462163	-0.00077006673180674120507	-0.014816479890933704003	-0.0065870263981757676969
-6	4	3	0.014431221582588098576	-0.0057942204827665247727	0.023603922085219285892	-0.0063264782356045887526	-0.0026094529484495163595	-0.0031531366513935987425
-6	4	4	0.019514648411388033772	-0.0089900380865678246323	0.026579293105170424816	-0.011485078149210074111	0.0026926795119116271431	-0.0019999789806416637047
-6	4	5	0.016636723620191109368	-0.0087520983129136392664	0.021231529510602694527	-0.011086910996587600806	0.0029788447357471758807	-0.0016329891782262864319
-6	4	6	0.013043547252617936072	-0.0076408135349921024737	0.016785235507357242069	-0.0096287990147589791468	0.0018533902477131068698	-0.0012216141918194489864
-6	5	-6	-0.007082765758430722286	-0.013631747895796587564	-0.0073583983271842670279	-0.013916613567601902532	0.0009507671524438332045	0.0020345699227950031322
-6	5	-5	-0.0085186793756973754749	-0.015593974835124702061	-0.0088424068973941265942	-0.016474127007628510538	0.001380008353442724366	0.0022386427945211336693
-6	5	-4	-0.0089827769548760823259	-0.016253185939845864183	-0.0089136688232534164178	-0.017501308477705875	0.0023320794032473520993	0.0025031433126364533923
-6	5	-3	-0.0081873212158771590391	-0.014073487200515844356	-0.006291395850763434501	-0.014933573121911736248	0.0058889826804819260866	0.003257685864512129166
-6	5	-2	-0.0068991768969408730564	-0.010057898033989806641	-0.002322481692363544039	-0.010276953544412246316	0.014891326459913759722	0.0044813102409388032646
-6	5	-1	-0.005221350570069395805	-0.0053919977027949220205	-0.0007463963649268457682	-0.005129299825528171354	0.027596121595782147073	0.0067054870891286744855
-6	5	0	-0.0029035487436845897578	-0.0018555600619471401477	-0.0034842584924215077094	-0.0022266720743365680038	0.03249941564030262714	0.0072241229018994122801
-6	5	1	-0.0029206484686043645942	0.00094584150527051488039	-0.0090682554326318946109	-5.9572011744524404982e-05	0.027817386351533284622	0.0059729090903457111514
-6	5	2	-0.0073729652328505777825	0.0043313706336051936707	-0.01463136701380735559	0.0037626163125449507349	0.014459521835966658229	0.0035875711194532028739
-6	5	3	-0.012694407148384477882	0.007826480820661566723	-0.01768897474904197048	0.0082542914434078143437	0.0040928102849676585226	0.0018958092356434440295
-6	5	4	-0.015603298085745594473	0.010564548178824476055	-0.018968603538401577341	0.011794210707853488782	0.00030580729438357736466	0.0011040588834198537555
-6	5	5	-0.014618699720806769063	0.010566524480688833237	-0.016953028112082619422	0.011889458343936920928	-0.00058941155288550308496	0.00079037103288967763392
-6	5	6	-0.012548705660961010158	0.0097180552476654798871	-0.014370687692414873746	0.011011107888476895367	-0.00057313258394861555083	0.00054213200726806664784
-6	6	-6	0.0044980688077944884495	0.0079520724188412821032	0.0042587055405424525945	0.0075573865606996509098	-0.00023936326725203577377	-0.00039468585814163075973
-6	6	-5	0.007130838336865437041	0.011922187409139136521	0.0065868762200800758805	0.011231237626468014434	-0.00065275454014243367452	-0.00082913973920534613567
-6	6	-4	0.0070714617200145811829	0.011129004211986247633	0.006117336547513348155	0.010664225121367472762	-0.0014311877587518488913	-0.00069716863592816219735
-6	6	-3	0.0068171763033923254635	0.009322595226265502355	0.0048527224653006290414	0.0089639934651499584423	-0.0039289076761833928442	-0.00071720352223108999393
-6	6	-2	0.0066266674683740462923	0.0067282447949350600302	0.0026578883243148021878	0.0062444534625310495549	-0.011906337432177732313	-0.0014513739972120307756
-6	6	-1	0.0058824511737536888667	0.0039124265917786444149	0.0019125432835616141321	0.0034887947228444166244	-0.023819447341152447106	-0.0025417912136053693456
-6	6	0	0.0046158746698991308041	0.0016311152331292271163	0.0046158746698991308041	0.0016311152331292271163	-0.029557298143898787929	-0.00307820845310268279
-6	6	1	0.0030148344367776315142	-0.0011183245429575499816	0.0069804081524261086394	-0.00072862219615382067556	-0.023793442293890861017	-0.0023382140808223760529
-6	6	2	0.0053671912276813957612	-0.0047220062086138023943	0.0096347496888842323881	-0.0043841973961227381773	-0.012802675383608510748	-0.0010134264374731937353
-6	6	3	0.0090533210985912302565	-0.0085419355949532156658	0.01133799335005106039	-0.0083873976826569288101	-0.0045693445029196620016	-0.000309075824592575175
-6	6	4	0.01105424989303187451	-0.011189579756168580721	0.012371054292506029199	-0.011218568675857484504	-0.0019752065992112324659	4.3483379533356650466e-05
-6	6	5	0.011585755313228328356	-0.01199972021072281958	0.012403962175365655304	-0.012216929276445373173	-0.00098184823456479099375	0.00026065087886706345523
-6	6	6	0.0074696123533055675675	-0.0080598108068675056864	0.0077967960068366769927	-0.008131154439663097408	-0.00032718365353110969622	7.13436327955922501e-05
-5	-6	-6	-5.2249271295976576707e-05	7.587665710578761903e-05	-0.00010454635850484499007	2.5676901748553424806e-05	0.00014808741791815879948	-8.8907449336709775127e-05
-5	-6	-5	-2.6216667659167377694e-05	9.8953194695062561613e-05	-0.00020542307031556889365	3.3929358521604494091e-05	0.00027272435203785005617	-0.00013966842492098795452
-5	-6	-4	-1.2161580228060938529e-05	8.2817382039638914263e-05	-0.00017977825926015307198	2.1583005294194908854e-05	0.00028486936417530578283	-0.0001358962354908410078
-5	-6	-3	9.1154150707153928408e-06	4.706532900464469244e-05	-0.00012461248513119922926	-2.4214560200446692824e-06	0.00023403261181120614673	-7.3599302967651818608e-05
-5	-6	-2	-1.7380419681282859235e-05	4.5678719028052042791e-05	-4.5472007210711080634e-05	-3.6394085363711553181e-05	0.00017986707083534039168	-5.0145414789954525185e-06
-5	-6	-1	9.358754524683564769e-06	4.2694038783764324863e-06	-3.2338991635262152597e-05	-1.5086098729476312052e-07	0.00014724017718815510529	-2.0441853468113584661e-05
-5	-6	0	7.137787413198858576e-05	-2.169599725818990171e-05	-5.9481561776657157058e-05	1.8079997715158250296e-05	0.00016590803837384613144	-9.1905545076537923516e-05
-5	-6	1	2.2124553657953536145e-05	-2.6116385817295580677e-05	-4.2532146707467453643e-06	-9.3948672606399798374e-06	8.5103480265287217012e-05	-0.00018695113265031776547
-5	-6	2	8.729638257832135755e-07	-9.2272249165035650055e-05	1.5957442034192947017e-05	-4.8646317115586788793e-05	5.0054735667036876683e-05	-0.00037661957425934951185
-5	-6	3	-9.6083586805484413613e-06	-0.00015822956644437316987	5.2166929925248506015e-08	-5.5867170329032242763e-05	-1.5909597274396905411e-05	-0.00037545028473201974605
-5	-6	4	-2.6830732300128081011e-05	-0.00017627835558725748295	-2.2628109870676959577e-05	-0.0001045862699650397889	-6.7480580181175533853e-05	-0.00037722734943163152349
-5	-6	5	-4.1854127408197811791e-05	-8.7156684493783611115e-05	-2.9930110657377368392e-05	-0.00015228164641642536609	-7.7770260197050655217e-05	-0.0002698946601934940721
-5	-6	6	-1.4961270189767851861e-05	4.1698785493665933312e-05	-6.0087033787438566413e-06	-0.00014611241119399630555	-1.8476428536883734039e-05	-0.00011136342328260803117
-5	-5	-6	0.00018108240187397533962	-0.00014076885571651556847	0.00022040996387808999739	-5.6963800714798512191e-05	-0.00033457697146005443848	0.00016477721369276173953
-5	-5	-5	0.0002102878830541841655	-0.00018272914512508766564	0.00038439414392467635521	-0.00014432099777825297868	-0.0005946820269788604665	0.00032705014290334064432
-5	-5	-4	9.4283111554633591291e-05	-9.8315334686717748849e-05	0.00036591988270865121336	-0.00014726449966203774286	-0.00057525374282910602276	0.00030697479293594434092
-5	-5	-3	6.4636969975948637616e-05	-3.7919239016999349286e-05	0.00022957629533207972688	-9.4021935278390054015e-05	-0.00049035544218004728772	0.0002199019571589823298
-5	-5	-2	3.4038827921894170394e-05	1.5614887570690744997e-05	9.8794760598875009825e-05	-5.372070801478078325e-05	-0.00033208397130192295055	9.5264551110225097327e-05
-5	-5	-1	7.7528917029004592275e-06	3.6731652468977343178e-05	3.1108371748900218753e-05	-3.4950541912788835627e-05	-0.00019430631725900337635	-8.9055527809425631631e-06
-5	-5	0	-2.9852021540233235195e-05	1.5700993352481060211e-05	2.9852021540233235195e-05	-1.5700993352481060211e-05	-0.00017088342490496048363	2.0822033184897085779e-05
-5	-5	1	-6.9872846675392342691e-06	-7.0813874682887208587e-06	-2.1648172473348482153e-06	5.5130597419987811066e-05	-4.5760509574370413692e-05	0.00024024604975849545019
-5	-5	2	3.568896285026099596e-05	5.2808215603110607555e-05	-1.6780093614507813607e-05	0.00013551276985190177714	4.7272173089382952497e-05	0.00047080246363753096512
-5	-5	3	8.1198404660588746748e-05	0.00023388785771578514774	1.4041980993510682477e-05	0.00014163644957578482735	0.00015873397609016571142	0.00062587384548594990428
-5	-5	4	0.00013021398617213568775	0.00030982303206878277413	4.2865126338088581251e-05	0.00016901539215888065275	0.00021634889063778034641	0.00059854803028457927681
-5	-5	5	0.0001286357988476380138	0.00026533208662870281418	0.00011710775621577712026	0.00026549647292482781921	0.00024574355506341513406	0.0005308285595535306876
-5	-5	6	1.7344751308467345682e-05	4.4032141544921299663e-05	8.0824674932459283938e-05	0.00020852764799249512906	8.1807855200772189091e-05	0.00021046649128118036969
-5	-4	-6	-0.0004963753167196825614	0.00027083935999226580122	-0.00045573626398951946892	0.00014933577000076758007	0.00071747027325941509571	-0.00032525664666073321202
-5	-4	-5	-0.00047422018390134285364	0.00028626508294004947936	-0.00051944017581574838081	0.00029794521017082446377	0.00088977232455394160166	-0.00052462125107670908291
-5	-4	-4	-0.00038716964327113555623	0.00019254277382086193503	-0.000504265573212495208	0.0003618621824283394287	0.00098822762730141474816	-0.00060254064970441682716
-5	-4	-3	-0.00030431616401256227121	0.00015136043070516772609	-0.00026305404532175977877	0.00016922290865945108142	0.00085793233378328350846	-0.00047789792938788102153
-5	-4	-2	-9.2749149481927503245e-05	-8.8028004969362681244e-05	-7.8438770277920274901e-05	8.0853665393054897784e-05	0.00038875041426065929436	5.8362681637296880436e-05
-5	-4	-1	-4.0336850615503707729e-05	-9.5292433708064371088e-05	6.7544638224617809037e-06	4.5044113647307403145e-05	0.0001746663977876714252	0.00029628571395109222931
-5	-4	0	6.7331794435214698197e-05	-3.3335503210259355552e-05	-8.4164743044018379523e-05	4.166937901282419444e-05	-0.00010425295728179405342	0.00041361155739019024504
-5	-4	1	2.6917573201622153412e-05	5.8999075259020521014e-05	-3.6640898672168075465e-05	-5.7593222388501001945e-05	-1.1975728680561531411e-05	6.4622486741098617621e-05
-5	-4	2	-2.118541833020699522e-06	-1.7697370415744667426e-05	-1.0344643826946054037e-05	-0.00014551722612250842263	-2.5985642236443855609e-05	-0.00033527787828437852907
-5	-4	3	-0.00013189314594687671445	-0.00026739986349410329322	-0.00011721116024386865693	-0.00027262295641996452718	-0.00037610345690328606666	-0.00080916371438345820969
-5	-4	4	-0.00030743567550079521937	-0.00044498576916484228758	-0.00010109424112253283376	-0.00031030683074536788944	-0.00048538883549852687152	-0.00086653904220142078958
-5	-4	5	-0.00023655060425288861417	-0.00031388285523374469125	-0.00023807623312066672071	-0.0003594402036819756242	-0.00042701159074942201784	-0.00060143501817932522313
-5	-4	6	-2.8281608408698037725e-05	-9.9687144241768875096e-05	-0.00026400189322083430143	-0.00028986946052192549741	-0.00019956926915447125272	-0.00027631892721609107666
-5	-3	-6	0.00082100252111833482878	-0.0004322026391226240394	0.0007630688308634318677	-0.00036222570173048327345	-0.0010657031830303281827	0.00054128171680076166052
-5	-3	-5	0.00084487612143727380386	-0.00058417637429261019648	0.00083848037142961618501	-0.00056059479721615136302	-0.0013479643442950435366	0.00092053325262230097092
-5	-3	-4	0.00071393101632017828741	-0.00047666378251172197757	0.00062711269745452000949	-0.00054232894562595537671	-0.0013627482934911129206	0.0010025764373591190045
-5	-3	-3	0.00042755978673300962115	-0.00011666574775344639651	0.00027709197675172017551	-0.00038438810680423558764	-0.00098969162130673610234	0.00057883101972664623494
-5	-3	-2	0.00019219664500339246724	0.00012229219025853429689	-0.00011688635883356158411	4.028943480185030626e-05	-0.00030516207425813879871	-0.0003661646278491111745
-5	-3	-1	0.00014346002891164826129	0.00021369655860696033854	-0.00012070992810976228777	8.2608380334427559456e-05	-0.00035517036022895438893	-0.0013163079340380843575
-5	-3	0	-4.7753900409479996193e-06	-0.00012567399549144280652	7.9589834015799988009e-06	0.00020945665915240465043	-0.00014117302092134608837	-0.0018100092818369056032
-5	-3	1	-0.0001054135583076803084	-0.00039139190878188529626	0.00010466274776660813644	0.00015971496815801988203	-0.00021307954823857717334	-0.0014778146394353668894
-5	-3	2	-9.1851586684007553328e-05	-0.00029849896503769327146	0.00014018591785443227011	0.00016853800830485743054	-1.935008992837048493e-05	-0.00049344040013694695154
-5	-3	3	0.00019967972046548414385	0.00013976893744759152569	0.00014029803346808799214	0.00049321814620213212665	0.00047309756757722823189	0.00072616637528145129999
-5	-3	4	0.00032911398215570823473	0.00039684057786824015893	0.00030404495360072079924	0.00050721325785986828838	0.00063942619289517586573	0.0008764606657302014556
-5	-3	5	0.00029245700137898263029	0.00038073877808556476875	0.00053738491152689998442	0.00055104536098492544385	0.00061488794829512259926	0.00071136599467652001337
-5	-3	6	-1.9704728431572459486e-05	5.7352524652837764962e-05	0.00061364607350410528119	0.00040253623646202102123	0.00029040242972574222945	0.00024906188877504197238
-5	-2	-6	-0.00099428491558556505656	0.00077490803929547555275	-0.0013623400122279060494	0.00068999509956487316102	0.0012826841003972728247	-0.00087575506593452073518
-5	-2	-5	-0.0010169940506942975154	0.00096240944089514527011	-0.0010867503080940071631	0.00072105126483976893573	0.0014516941739319004674	-0.0012508299468310527577
-5	-2	-4	-0.00071816113398722315579	0.00070389429896983808296	-0.00063815073274659536804	0.00069290037338379652058	0.0012167767838573266288	-0.001226318060404195864
-5	-2	-3	-0.00040810668635209710383	0.00038672492505973580894	-0.00025069325922861840925	0.00040514783249105906868	0.00084730665007257404027	-0.00091464009676026579963
-5	-2	-2	-0.00019869148638047815533	-0.0002061412195966114472	0.00017206475687353621441	0.00012633537948045789681	0.00032466395907765918747	0.00038901766951107073474
-5	-2	-1	-4.8377060602163520268e-05	-0.00011890661114532899455	0.00023625340901641878662	-8.9899406679892928155e-05	-0.00023062151502201995836	0.00077433186908643081552
-5	-2	0	-8.1963711102009183484e-06	0.00025068422718211403688	2.0490927775502296718e-05	-0.0006267105679552850651	3.85740617605780228e-05	0.0012215777819436766417
-5	-2	1	0.0001664654412455695686	0.00044595801756492985893	-0.00025419156374483598904	-0.00048870865215926834451	0.00032394407873817581073	0.0012523727835061124972
-5	-2	2	0.00027131730785622811767	0.00073834272896216180532	-0.00027051424139352199831	-0.0006134533559834199571	0.00040777902824704829587	0.0012324034664219845562
-5	-2	3	-4.5527611159801585866e-05	-1.768307455484795194e-05	-0.00018183438941666123776	-0.00051431259857523078157	-0.00019710227821077678807	-0.00037234685664156710536
-5	-2	4	-0.00021845671648056604898	-0.00024507072690440955898	-0.0005465508330493524039	-0.00056079107945276580969	-0.00054634631212538376996	-0.00058673394835689484002
-5	-2	5	-0.00034279083528652862711	-0.00039318505664038058819	-0.0010817054582001473916	-0.00077530972378328294123	-0.00077547301856658755123	-0.00070330894615369384058
-5	-2	6	0.00016511203782364813138	-3.8575713473206082148e-05	-0.0011715914655949701689	-0.0004766318954859492113	-0.00025293712367861661801	-0.00019102372638965479652
-5	-1	-6	0.00077852048586855740302	-0.00097236588954304717814	0.0018136015056923805201	-0.00013175906052801357395	-0.00095103398917252795867	0.00083226475137387488819
-5	-1	-5	0.00064788990098182811569	-0.0011224061140276031696	0.0014925736920432816981	-3.6702849817297839767e-05	-0.00094640463939048443363	0.0011297466839910628392
-5	-1	-4	0.00035031249844562416078	-0.00084435020669463125079	0.001113598716921183375	-0.00035986035181904708078	-0.00071629030228732599051	0.0011454028463230509285
-5	-1	-3	0.00010185420152821103416	-0.00025582567234826175282	0.00037397542344385823442	-0.00017026654575523473179	-0.00029441547702830446389	0.00048313163583218121048
-5	-1	-2	0.00021025602179915755911	-9.885687458345374394e-05	-0.00030381276477252708301	0.0002307032509751863155	-0.00037373367211163035628	0.00013179056097104119532
-5	-1	-1	0.00015464470701735265508	-0.00017076394224660167045	-0.00044552219442318274781	0.000806582076031583722	-0.00032770134066358058179	4.7237635201424725139e-05
-5	-1	0	-1.0187808799421118041e-05	-0.00029197206142489575765	5.0939043997105595287e-05	0.001459860307124478734	-0.00011444130834646137147	-0.00044672610156252319426
-5	-1	1	-0.00018951145770219101684	-0.00043799232355173835663	0.00055386738323481897548	0.0010971434406386330798	-0.0003936899052761360816	-0.001092818177120058595
-5	-1	2	-0.0004391358762165658864	-0.00069782091812830833542	0.0006039218716215623544	0.0007029069270471230901	-0.00079587875473063364722	-0.0013930988317972094019
-5	-1	3	-0.0002143424866868353523	-0.00017735915470643446516	0.00074829592831225449044	0.0003484668115834549211	-0.00010780550170730741465	-0.0001794429873162391349
-5	-1	4	9.2334674132135463641e-05	0.00016898006015935527883	0.0019321757179622670638	0.0011741829477369839039	0.00059846227215573611583	0.00050477081213344001352
-5	-1	5	0.00026611574102470083886	0.00019559603135208111693	0.0027941513499483662183	0.00095757002256759810813	0.00082494601101437410422	0.00038711003586560071687
-5	-1	6	-3.1957063897629231974e-05	5.4306513080900545157e-05	0.0027125827334486536484	0.0005160305443098258402	0.00042546623566008459497	0.00013126051828572142879
-5	0	-6	-0.00049900832806974325037	0.00029314415664455465175	-0.0028716687513754743898	-0.0022560766320575760709	0.00041584027339145265443	-0.00024428679720379557023
-5	0	-5	-0.00012735323871498720194	7.3366687126542285097e-05	-0.0023529326421701528445	-0.0028613761415343056532	0.00012735323871498720194	-7.3366687126542285097e-05
-5	0	-4	0.00021990850454942279966	0.00023869440944926438542	-0.001564198062401097461	-0.0015405719884715434603	-0.00027488563068677851313	-0.00029836801181158049533
-5	0	-3	0.00016837739165368931552	-0.00047243608987560642941	-0.0010672105236047451423	-0.00063126623327989996471	-0.00028062898608948220157	0.00078739348312601071568
-5	0	-2	-0.00079359666711985841527	-0.00088608992314872419074	0.00018954308098070160723	-0.0012090624594472212678	0.0019839916677996459297	0.0022152248078718106937
-5	0	-1	-0.00064575132072180725738	-0.00054609199482820848601	0.00042106116334104335417	-0.0013051680414816575152	0.0032287566036090361785	0.0027304599741410423216
-5	0	0	0	-0	-0.00062877337716488298971	-0.0023306834277985670305	0.0046090236309625576619	0.0042981985742387325555
-5	0	1	0.00063096640788845527372	0.00078617666793260655191	-0.00076594195632142224317	-0.0010326425794651109425	0.003154832039442276477	0.0039308833396630325427
-5	0	2	0.00071413763131399651905	0.0010737471134482986113	-0.0013012625229823710296	-0.00088938013213971263676	0.0017853440782849912434	0.0026843677836207468536
-5	0	3	-0.00034398739275274154174	8.4021811825772961578e-05	-0.002721782976058042397	-0.00068343430311113462401	-0.0005733123212545692543	0.00014003635304295493596
-5	0	4	-0.00084912602083149664456	-0.00032395526071312015764	-0.005920612111373526297	-0.0012361070655193683206	-0.0010614075260393708057	-0.00040494407589140022415
-5	0	5	-0.0016256747734423064242	-0.00015413742360666259686	-0.0075719642951409217232	-0.00074538701764505026735	-0.0016256747734423064242	-0.00015413742360666259686
-5	0	6	-0.00099282526783752876251	0.00019582328561442338666	-0.0070008474459023603206	-1.5930692262204305075e-05	-0.00082735438986460737437	0.00016318607134535283577
-5	1	-6	0.00064852437612434655264	0.0025126179233618409561	0.0041338425861340687834	0.0073601899654593952102	0.0001485367842520560666	-0.0008671499418916350007
-5	1	-5	2.2417413937621401927e-05	0.0032621422089757776477	0.0034939426321169034066	0.010530590252627364603	0.00067637111248575925229	-0.001156024158450304597
-5	1	-4	-0.00037086098818680862318	0.0027748768107079485948	0.0022996427061274206036	0.0081443176707915402451	0.0010384869117653660383	-0.0014325165956870506822
-5	1	-3	-5.296497815982270142e-05	0.0023724745033988762534	0.0011526561195090592824	0.0048031864244044170792	0.00047249367010272422251	-0.0023530620308633213959
-5	1	-2	0.0020725484556905499761	0.0028815038496794393233	0.00017902613250101332494	0.0036713942073617637438	-0.0050918580729758678577	-0.0053680625205177173037
-5	1	-1	0.0021731391748542223941	0.0022528581993714780381	0.001047765801106834713	0.0035762836111868129448	-0.0098179300731642774741	-0.007688007385670578113
-5	1	0	0.00039169484869096027639	0.00062737826642785866644	0.0019584742434548014361	0.0031368913321392932238	-0.011899973150196257662	-0.0091489030239020850688
-5	1	1	-0.0014476771030486215806	-0.0012823243200129443627	0.0023849178204514193298	0.0019856035263395386409	-0.0096233033356945274495	-0.008397225126404259804
-5	1	2	-0.0010791898245760651268	-0.0018281717529287332125	0.0034962599459408979195	0.0013437993881401533863	-0.0044461045344106114516	-0.0052423290763919097243
-5	1	3	0.0014339897304856668442	-0.00053787489446109626196	0.005644876575224475751	-3.5286604053381953865e-05	0.00050835735906795275103	-0.00088469595608403313672
-5	1	4	0.0036805934803216997474	1.9677793496487586892e-05	0.012605809469463965036	8.2287615265721769799e-06	0.0014492894830361337504	2.2540051488966438947e-05
-5	1	5	0.0048081809503101582623	-0.00059445323185836800375	0.016201693770109822784	-0.0013112947434193401516	0.0015678421962881934452	-0.00033219428317449997343
-5	1	6	0.0041686363796160788922	-0.00096652428936952808607	0.01392092097582790268	-0.0018742713564572880021	0.0011537101537087484857	-0.00049305834839839216173
-5	2	-6	-0.0020404821868160120252	-0.0077243883436362856601	-0.0061789432755051543894	-0.014375546207200962448	-0.00035924593615504140601	0.0016451415506299170172
-5	2	-5	-0.0015975575145691005372	-0.010017399522574367207	-0.0063477833672903466455	-0.020445740662767136753	-0.00094155583234703814268	0.0018391032574675125061
-5	2	-4	-0.00086885182189699145753	-0.0092644701115923260015	-0.0046579703224991038032	-0.01912066200109917985	-0.0012429203838783126068	0.0020202566389408188781
-5	2	-3	-0.0014461399458893583071	-0.0072277449630296980096	-0.0023254969140770742619	-0.012142408732600014007	0.0008599019670975477066	0.0039513024499828203889
-5	2	-2	-0.0038723093883364077296	-0.0062618245268080113125	-0.0011126964671492032589	-0.0080584457536883678103	0.0085680770036918162819	0.007596115563331660471
-5	2	-1	-0.0045495854978170914562	-0.0047417597073349353198	-0.0020660239935260584637	-0.0056421509597365570102	0.018615879502033340354	0.012424496617201562579
-5	2	0	-0.0022089565195511124025	-0.0022402382589360040135	-0.0055223912988777816568	-0.0056005956473400096002	0.023359592758253836658	0.014594932608701238416
-5	2	1	0.0015128304524809036043	0.0011164390882023233695	-0.0056551002354782355791	-0.0034421444613364311424	0.018874352733360987011	0.01246648436368448
-5	2	2	0.0003552706346315258573	0.002216019728884417294	-0.0078580991229200754938	-0.0019722053167221683355	0.0087462757094988897305	0.0075122546389332113537
-5	2	3	-0.0049662885554274541558	0.0014749139150947046615	-0.0129610041017865045	0.0005231832551280644894	0.00036352180881191219815	0.0021094010217391316597
-5	2	4	-0.0098922104489372903596	0.0015691832935183249158	-0.021030719417109398905	0.003558797060069475264	-0.0018499033526169130631	0.000182080586863168567
-5	2	5	-0.011719582566819684161	0.0026644649914832393284	-0.024676675933995754347	0.0055727743189277548219	-0.001848912193221381034	0.00043535526391213732371
-5	2	6	-0.0098207477931219408496	0.0030483999861456918291	-0.020752119516300768925	0.0057494369272280843736	-0.001266583322168028311	0.00062385434604538166081
-5	3	-6	0.0047442096801459214539	0.013836438457218058068	0.0082775805389344106477	0.019143072238681266284	0.00018528220267893810518	-0.0019588292616744148143
-5	3	-5	0.0054820445046998437025	0.018520153115862005022	0.010606155972184790059	0.028237861748087862007	0.00088164907861103031152	-0.001577436067009286777
-5	3	-4	0.0048601359028875076168	0.018266392768971378979	0.0090015739086927969159	0.027686783494172941683	0.00067601055291021284067	-0.0020679033405845161607
-5	3	-3	0.0043008462698674795877	0.014475493428065941068	0.0041497319481929358792	0.020303737639193339404	-0.0030183451682528643009	-0.0038220847409165615086
-5	3	-2	0.0058841592065501779202	0.010326935847576086333	0.0013673934511440853645	0.011655863365862644682	-0.012659307839659317621	-0.0083335445701462496776
-5	3	-1	0.0068851426816425960117	0.0071981513986962512158	0.0026331097876287016396	0.0073444327576717999967	-0.026526384045326877742	-0.013957458720465856089
-5	3	0	0.0038648434808405815119	0.0030139322830565785927	0.0064414058014009688974	0.0050232204717609646102	-0.032382758910414373432	-0.016036349804939724339
-5	3	1	-0.00049522662320014554631	-0.0010817564641815392498	0.0083670240613283423936	0.0027967323301457528741	-0.027577205299985755454	-0.013798979311344954438
-5	3	2	0.0016187672217725268976	-0.0030957824430620298206	0.011477443968920319345	0.00020048074026713587109	-0.013169247898949161882	-0.0080401772180557790765
-5	3	3	0.011849654254933957021	-0.0038762725723566122428	0.022722068189349839407	-0.003263043963488314065	-0.0029726444311265745254	-0.0031974103237727064843
-5	3	4	0.019255373048401410591	-0.0056202085713066242054	0.029265729627414312219	-0.0084479291583533684673	0.002119919089941029941	-0.00068931384536825314729
-5	3	5	0.020474236818574638452	-0.0070951785714033349661	0.030331262840000323966	-0.010938364501257969927	0.0022754791145744440728	-0.00053215987064855285824
-5	3	6	0.015855032770032258249	-0.0065788142867598238886	0.022997179438653189698	-0.0097216139505406223842	0.0017139375890336198526	-0.00062153826369620878735
-5	4	-6	-0.0078078909141918242942	-0.017987968933614883332	-0.0093912902332630061875	-0.019783668311424904007	0.00024571560631784903793	0.0018008619037291320655
-5	4	-5	-0.01065380592570743315	-0.025572387658235270352	-0.01393096769268514605	-0.029763011362210645833	-0.00049096822844068405915	0.0017619785684667519515
-5	4	-4	-0.011178514859781860796	-0.026227632733094159018	-0.013782913876370695566	-0.031152258310830200499	0.00019022969835663099841	0.0016322826055374984894
-5	4	-3	-0.0096039041632863687142	-0.0213074338699875028	-0.0082728981565914957302	-0.023982407144037373031	0.0049759760633552863052	0.0035358469245960087377
-5	4	-2	-0.0079342340087270538801	-0.013832939178485584644	-0.0017497702841976635509	-0.013588582232501283942	0.016336044453422307599	0.0074051834812113928597
-5	4	-1	-0.0065974573654954378824	-0.0077087706044969622407	-0.00061470050990850705341	-0.0066736639306311110534	0.030528484787843160331	0.011849197299960367857
-5	4	0	-0.0030423616299301761007	-0.0025490271615186245804	-0.0038029520374127201258	-0.0031862839518982809424	0.034123317860537925872	0.012497652604135933707
-5	4	1	-0.00084935829542941219776	0.0017599401753355431617	-0.0089985353113043887313	-0.00066586695651170630435	0.03174734976807049025	0.011463168702724541026
-5	4	2	-0.0060776836957160311828	0.005290361445478975258	-0.016318515639294338404	0.003113918679833154856	0.017442822039298602754	0.0069980662540311293005
-5	4	3	-0.018043363319445376164	0.0086081782257070808134	-0.026466648780661398976	0.0085670398131328529684	0.005216592841806238362	0.0029242439586679965305
-5	4	4	-0.026285203794179100995	0.011957637264840892399	-0.032200793139915688534	0.014095989394976440184	-0.00065571160280818835929	0.00085105718607467618214
-5	4	5	-0.026394341707958721144	0.012805193569854886673	-0.030671507824414471349	0.015492680217037597956	-0.0018571354484271430669	0.00041104939622480857935
-5	4	6	-0.018749320633414067599	0.010116587405261648694	-0.021348083156261785098	0.011770300759828064216	-0.0013923784236705308379	0.00058362233116599708093
-5	5	-6	0.0098169116381969859231	0.018635792398927028546	0.0097101446101893074819	0.017797016959801216507	-8.8972523339732526699e-05	-0.00069897953260484408863
-5	5	-5	0.012327269216501249294	0.022452743135971547223	0.012158528306179371831	0.021928470792718340876	-0.00016874091032187816782	-0.00052427234325320504552
-5	5	-4	0.016655953157712042462	0.028012508238382072961	0.015690321853338871916	0.026979756436810147652	-0.0012070391304664660013	-0.0012909397519649064203
-5	5	-3	0.015516698053472735563	0.022539399751027318353	0.011497193499644873388	0.021145047722474625412	-0.0066991742563797711599	-0.0023239200475878188205
-5	5	-2	0.012442029793502949395	0.014527502053776604127	0.0043119708264259945171	0.012355410634365716904	-0.020325147417692389362	-0.0054302285485272154542
-5	5	-1	0.0081838527618231550476	0.007375437491637185268	0.00081801933838324147365	0.0055011607975207991311	-0.036829167117199565484	-0.0093713834705819280824
-5	5	0	0.0026667068950115076394	0.0016293272431742186843	0.0026667068950115076394	0.0016293272431742186843	-0.042582592440251504362	-0.010235412767739175341
-5	5	1	0.0012278778923519547469	-0.0026582029337950288488	0.0088867566336752745748	-0.00095099876431903155889	-0.038294393706616601525	-0.0085360208473799856904
-5	5	2	0.0067999339578094274497	-0.0075052524256741586992	0.015735383723858138716	-0.0056375585244527398956	-0.022338624415121778599	-0.0046692347530535470088
-5	5	3	0.018253281704871178459	-0.013058676361605316835	0.023417658509391099664	-0.012158548172617814065	-0.0086072946741998709874	-0.0015002136483125057004
-5	5	4	0.026597958307729933219	-0.017554311510306192662	0.028542915522882829349	-0.01763239357033070942	-0.0024311965189411201618	9.7602575030647601437e-05
-5	5	5	0.02179618550427305651	-0.014890844302471326066	0.022462293748088328627	-0.015027967054380302059	-0.00066610824381527027321	0.00013712275190897726669
-5	5	6	0.017571098722634497652	-0.01221886993952270295	0.01819488739159956861	-0.012565808933387141375	-0.00051982389080422691883	0.00028911582822036598637
-5	6	-6	-0.0085378887493904789124	-0.013851361394966227661	-0.0076640176816508186544	-0.012022638685334844852	-0.00054911039049208637194	-0.00047983752286298922678
-5	6	-5	-0.010616302030630455841	-0.015490365826029240531	-0.0093536768603356256618	-0.013568954553500838303	-0.00060811020177229356543	-0.0007923796381717653891
-5	6	-4	-0.012265204250736832375	-0.016108891134598044698	-0.010120913347275280192	-0.01395687743371043163	0.00015013529250811955798	-0.00079920223231809146402
-5	6	-3	-0.012953565816500112531	-0.013684309782236987393	-0.0090666688849710078829	-0.011718527658126554405	0.0034559385908915041079	-0.0006298723458581319181
-5	6	-2	-0.012494571400195391905	-0.0098978083505636572231	-0.0058869283374185623139	-0.0079113459536724328736	0.013575643488232796291	0.0010104830153918416182
-5	6	-1	-0.0089976632510496232925	-0.0051302948468888069991	-0.0029407679809030189133	-0.0037194571801099757767	0.027343708369830004717	0.0033347311537841812026
-5	6	0	-0.0042236329209452919825	-0.0010751451233725714974	-0.0035196941007877430296	-0.00089595426947714287835	0.032598407700665056608	0.0039242275172668055275
-5	6	1	-0.0021946041642693769197	0.0024526323804963888996	-0.0065476759622608137618	0.0015685901497194518119	0.028313034952217999707	0.0028516210041652331926
-5	6	2	-0.0052561660460332991843	0.0072514824050495590643	-0.0097610511963040092615	0.0058007840635736773738	0.016142738473828778523	0.00072635382190286608157
-5	6	3	-0.011169315724526318254	0.011697680932532828965	-0.013013021033151165456	0.010264262098140167559	0.0074105158587584674459	-0.0010323893087256187304
-5	6	4	-0.015289731929976723215	0.01444104167621934956	-0.015088216711756844216	0.012968432322499992213	0.0035201601551643618704	-0.0014013463884758020194
-5	6	5	-0.014988965136726525862	0.013760166113327950213	-0.014347164282570337712	0.012599780883024901124	0.002227632002357880607	-0.001359570946301930745
-5	6	6	-0.012920269454748653515	0.011990490671724690977	-0.012411074849770680276	0.011270330772302876443	0.0016441836374801353186	-0.0012782552125323012795
-4	-6	-6	0.00017078298354133644721	-0.00012182251961974980257	0.00014200498715188501937	-5.294497729227736415e-05	-0.00025586030951277598418	0.00013415999037211056135
-4	-6	-5	0.00016471243304280909492	-0.00015664346901296484276	0.0002182869074353535198	-6.1949457517036991112e-05	-0.00039371423535667152138	0.00019965412423081626355
-4	-6	-4	2.4581495851754632157e-05	-0.00012444508682493815436	0.00029009066300419625827	-2.4049420962584678994e-05	-0.0004597174903580490365	0.00016051921826881518471
-4	-6	-3	1.6453505520014012262e-05	-1.0266547742209793597e-05	0.00012194777467010927286	-1.5789061582643658567e-05	-0.0002658335567002372197	4.5266853488233710855e-05
-4	-6	-2	-5.8267023709672432347e-05	5.7928708604041293851e-06	0.00012800454107556597373	1.0232764363556769258e-05	-0.00026747957580735307005	-4.2284034811478566544e-05
-4	-6	-1	-5.9047809705093971339e-06	-3.4376520503726434733e-05	4.7838266930169704718e-05	1.8747965402488438554e-05	-0.000263410477698980633	2.501828959997510083e-05
-4	-6	0	2.2675635885459009529e-05	-9.358931245327812285e-05	-1.5117090590306006353e-05	6.2392874968852086418e-05	-0.00023403488278707208314	0.00011027370049187344291
-4	-6	1	1.1657108324818148991e-05	-2.2791809979423853521e-05	-4.828478922528269549e-05	6.0367541794586598164e-05	-0.00024308030205242358375	0.00027103801084982416135
-4	-6	2	-2.4971769780871402503e-05	0.00010651954201327221052	-4.6261284754123956433e-05	0.00011859573060364252486	-0.00018872739382411467431	0.00056882627583747203629
-4	-6	3	4.4707348024754106912e-05	0.00013604464960978774235	-4.6931940249401736033e-05	0.0001603133308640730724	-3.4254083132464658332e-05	0.00050201952787452981935
-4	-6	4	5.2913358226405007606e-05	0.00029835780038209124129	2.56141499229037788e-05	0.00018924579693706131351	9.1334583110760675807e-05	0.00058222649578768318444
-4	-6	5	8.7846671478557204153e-05	0.00013155014238678126555	2.5277533631309210589e-05	0.00027760694382860648171	0.00010061037754041681738	0.00043836844650375276881
-4	-6	6	3.9305281563060488878e-05	-5.1631828388971609588e-05	-1.7525586683766847349e-05	0.00021870679881039263213	8.677934358273476311e-06	0.00018428557988441155455
-4	-5	-6	-0.00040076972118408731374	0.00022709744166668634864	-0.00036693349147869005339	9.4263248476743360287e-05	0.00057295772368829995646	-0.00022995100150841036148
-4	-5	-5	-0.00032144680570290209932	0.00027787533461024035899	-0.00054520176708465256567	0.0001458678230644861048	0.00080235921164697424513	-0.00036816809075267841909
-4	-5	-4	-0.0001735926240622447797	0.00019892660562802289633	-0.00060302807278066368479	0.00016373240982245639051	0.00092737771503807438569	-0.00040359211790609339802
-4	-5	-3	-0.00017248925507255152183	6.8673408656187758122e-05	-0.00034087056058672217818	0.000149842207123392242	0.00079810327440793895661	-0.00034130155674723741416
-4	-5	-2	5.0209074857280571044e-05	-8.1386079779224387875e-05	-0.0001863107466562978216	7.9428066882745922768e-05	0.0003653587169261833848	-3.5798007648416037946e-05
-4	-5	-1	3.0274076339674424788e-05	-6.4438801581151547871e-05	-8.8345781400609997396e-05	6.5115020021251030576e-05	0.00032063260164435228783	-6.78198937816489885e-05
-4	-5	0	6.9537817425053381087e-05	-5.6936215132627300615e-05	-5.5630253940042700804e-05	4.5548972106101837782e-05	7.45257369984202411e-05	3.0068990925702100128e-05
-4	-5	1	1.2355921336530120271e-06	-1.6540837947474053635e-05	3.5763931632627918528e-05	-6.8378159886358386307e-05	0.00018376202669775164159	-0.00040805415122168814607
-4	-5	2	-7.1307735531997030868e-05	-4.8004633556430892903e-05	9.6122660150509763141e-05	-0.00017241875510134711965	9.7691179312280339341e-05	-0.00052705615486622957137
-4	-5	3	-0.00012703888625474038434	-0.00032557595954164664535	-3.9310710991855933713e-05	-0.00031950242382868286129	-0.00023490303332608040423	-0.00096660531910333353893
-4	-5	4	-0.00016434191490466540549	-0.00055176405122025573655	-0.00015439824760262623577	-0.00032904940453269790768	-0.00035733972440794820697	-0.00096307580688612809405
-4	-5	5	-0.00017098210829316441771	-0.0003740406238337814159	-0.00018776457153391585653	-0.00039607704957065503109	-0.00032455025816844739611	-0.00069530954863768017465
-4	-5	6	-6.7373112497431827906e-05	-9.9991605451359524305e-05	-8.9906033540987481591e-05	-0.00034230421929086165449	-0.00011983710294911078208	-0.00035191458637662438591
-4	-4	-6	0.00088502006064920249115	-0.00042291789658218688743	0.00070640400273523347528	-0.00021056298149149533096	-0.0010609493755896239053	0.00042232058538245481226
-4	-4	-5	0.00094546866983458177115	-0.00055005431634478718726	0.0010444554449863480226	-0.00046048338321386870749	-0.0015919392918567439651	0.00080843015964692475916
-4	-4	-4	0.00086484360089109763546	-0.00044695940990932477325	0.0010985101183905757963	-0.00053127761724389740809	-0.0019633537192816734318	0.00097823702715322223555
-4	-4	-3	0.00028199407230745959134	-0.00019271141937543927463	0.00037619621505991760217	-0.00029406463870878244609	-0.00087758704982316955521	0.0006490347441122956999
-4	-4	-2	5.7799105264367384342e-06	0.00020590524770081457284	7.4529950882613348376e-05	-3.222174764601664547e-05	-0.00016061972281810016176	-0.00034736700010959582763
-4	-4	-1	-3.869307501025325474e-05	0.00019718486405521850279	-3.7030228237215642522e-05	-3.3888828644061779187e-05	0.00030289321298987556194	-0.00065318414164462692151
-4	-4	0	9.2726611213271428258e-06	-2.1514816395081982309e-06	-9.2726611213271428258e-06	2.1514816395081982309e-06	0.00045035199330929320122	-0.00027375871190397010413
-4	-4	1	6.3115371369599170253e-05	-0.00013937960890927932989	-7.4359691069506716563e-06	0.00011941240392645914906	0.000222717609050593991	-7.9868819931280777506e-05
-4	-4	2	7.3153329067489683557e-05	-3.2833499729962518422e-05	-1.1868440485931891623e-06	0.00028558243159770700008	0.00014393297003779300107	0.00050549786373548888201
-4	-4	3	0.00010080312360276970601	0.000252103480642990247	7.9157476134304930837e-05	0.00035076006271473253234	0.0002399474663160995158	0.0008038180578102971114
-4	-4	4	0.00050812619310950822224	0.00093500986074404959531	0.0003755380758331638264	0.00078093510803941602622	0.00088366426894267210285	0.0017159449687834656215
-4	-4	5	0.0004241902424010122563	0.0006602757219985204212	0.00048878868100508975937	0.00070324443426817415982	0.0007303831387248816559	0.0010908161250133556648
-4	-4	6	9.6649516570970205888e-05	0.00016662791529985755625	0.00033793491302616082738	0.00047429145190288599142	0.00028972295306475403121	0.00042727957813516238318
-4	-3	-6	-0.0014498580748646167256	0.00074553462783170411365	-0.0013679666507926647404	0.00063298930648981446487	0.0016505553753060767455	-0.00081351773846604334434
-4	-3	-5	-0.0018746208300151414889	0.0011569555487846968148	-0.001728096479160945876	0.0010012704258862651242	0.00253655455150868063	-0.0015263266945595163962
-4	-3	-4	-0.0014059178964440065002	0.0010685068448454057566	-0.0011858679566363007282	0.00095905969585215959227	0.0022953188639212320464	-0.0017878016167345255321
-4	-3	-3	-0.00036789546251216618047	0.00017063970347113447063	-0.00053139740848454596056	0.00037659439035655806497	0.0010219246918341008679	-0.00060411399498473737722
-4	-3	-2	8.406663386062256365e-05	-0.00043768991861567116408	0.0002535592988416171859	-0.00025444055704813682171	-0.00054847221598367087905	0.0012570406728035475336
-4	-3	-1	3.8390517008991137133e-05	-0.00018745833526836514675	0.00031936180556255301796	-0.00049888123831865556403	-0.0011116474847236235482	0.0022464770560294273875
-4	-3	0	-0.00010372611819033813432	0.00044008340230787448139	0.00013830149092045084577	-0.00058677786974383264185	-0.00083061214076047195851	0.0014260670786819494571
-4	-3	1	-4.66728096200850882e-05	0.00050102717224248982837	-7.9216824023133888604e-05	-0.0004214137437846243164	-0.00042434171054974204572	0.00073986745761608636428
-4	-3	2	7.2290824797612926607e-05	0.00065103671794159464863	-5.1316098948051413889e-05	-0.00046377364536261648934	6.7607501173148735769e-05	0.00060641296783926442772
-4	-3	3	-0.00017542327543229116883	0.00010658572218044354925	-0.00021124296808668340279	-0.00086673882507301124988	-0.00044514066866307164597	-0.0007246245288324199051
-4	-3	4	-0.00058108569497801834149	-0.00099251593393936401663	-0.00059954698223288666915	-0.00077453307907525078841	-0.0010307459316526831807	-0.0015734157432458020266
-4	-3	5	-0.00071381651830027242206	-0.0010448539793862113376	-0.00095422754620799927778	-0.001188415748294354389	-0.001143589742365017526	-0.0015489326324855815301
-4	-3	6	-5.6358267654957596381e-05	-0.00029532967190859759883	-0.0007114790045393652989	-0.00067125895757471167914	-0.000393311680706321038	-0.00053251592672642097774
-4	-2	-6	0.0019703249630221701151	-0.0017438039359757306641	0.0024383603668228976714	-0.0011442768162367039381	-0.0021263367642890790114	0.0015439615627293884221
-4	-2	-5	0.0023425616034898600303	-0.0023234232543739327496	0.0024953142391660647695	-0.0014097351346894562707	-0.0028721749784583138453	0.0024226326573749288815
-4	-2	-4	0.0019532132095492031609	-0.0018835376544291671224	0.0021709818067504730622	-0.0014809154470720156584	-0.0030387041129244399089	0.0026239953779651748432
-4	-2	-3	-6.0942271102761542433e-06	-0.00030288684577170130446	0.00097479440251030380609	-0.00098777492754451631102	-0.00064173729885983442096	0.0010623657460586124687
-4	-2	-2	-0.000528344010680979791	0.00025404943580398248052	-0.00067701842463077969124	0.00081554880323503851913	0.0017337064459927392732	-0.0013236476748430035886
-4	-2	-1	-2.6446627054078841263e-05	-0.00042118031131658340916	-0.00089895556532035660914	0.0011681495655872040779	0.0019036976388570286782	-0.00065157788590807462752
-4	-2	0	0.00017725305933277644955	-0.00099755059269503133443	-0.00035450611866555289909	0.0019951011853900626689	0.00094301684193866936162	-0.00069958303296351303634
-4	-2	1	6.7572820740544560698e-05	-0.0010886126157282412664	-4.8001396292146264531e-05	0.0016623953194306239842	0.00017428849037788574083	-0.0010296598240517168803
-4	-2	2	-0.00033766916779073429151	-0.0013899871151559402022	2.7910005926308677568e-05	0.0015636058730216686585	-0.00064742832965515996306	-0.001216368357290211746
-4	-2	3	-0.00046454172351180006905	-0.00047644039975012136357	0.00059344240948516410739	0.0010801716201352424152	-0.00022376069169229064197	8.4860547089999792056e-05
-4	-2	4	0.0012036764668337273688	0.0015770504424035209148	0.001453938714895083124	0.0021029903371055807572	0.0019306458242812690393	0.0026285456109563115103
-4	-2	5	0.0011006123978358115477	0.0015230638634020864357	0.001872990444155918149	0.0016364240740946171988	0.0016296860959310165845	0.0018730207203595161582
-4	-2	6	0.00032476343200621985352	0.00066478533470430657346	0.0018247326609699687783	0.001128217052286779442	0.00082475317499413616177	0.00081926257389846419629
-4	-1	-6	-0.0014265612074532063244	0.0024171914741071705811	-0.0035874536717239312485	0.00082757209966929803999	0.001548949750256126091	-0.0017493896660163302595
-4	-1	-5	-0.0014871101340281872409	0.0030097489209036844965	-0.0041765049957560749713	0.0021309207707996490576	0.0020249891063737648737	-0.0028339832908828772352
-4	-1	-4	-0.00056420026664488851387	0.0016649301980633543583	-0.0034960912378380814766	0.0019955053943740428193	0.0014382230761044089914	-0.0021638065466568650631
-4	-1	-3	0.00073394209887892773812	0.0005004388590144505768	-0.0018758417018769264241	0.00097253003238132493084	-0.00035330889787959493314	-0.00099142848947970907934
-4	-1	-2	0.00052541223223148648611	0.0002903590428489573631	0.00072203404099555469446	-0.0016898063871510159671	-0.001411841484960750211	0.00026418510787759325736
-4	-1	-1	8.4307169352072910485e-05	0.00072804461234579045861	0.0012587223995494294451	-0.0022781635306173414479	-0.0015959510769577211955	-0.00063401491876582038651
-4	-1	0	-0.00013403414563135340981	0.00063920267590526237949	0.00053613658252541363924	-0.002556810703621049518	-0.00066135730745056587818	0.00059706607631998434137
-4	-1	1	8.4024961089879725848e-05	0.0011162230506913436556	-0.00017853456173286507943	-0.0026003466263549903509	0.00015756528262665385107	0.0018645455764103842713
-4	-1	2	0.00058163382041262208077	0.0012192956472378956717	-0.00047093230872471909853	-0.002141240009382676477	0.00092780148646288453096	0.0013679712897844533218
-4	-1	3	0.00038848569896385071101	0.00013079492076763587854	-0.0012688620173195153378	-0.002015414536848766057	9.5026926178629173253e-05	-0.00049741161792607425322
-4	-1	4	-0.00064499852376249109439	-0.0010329212445327484466	-0.0032746574366778399834	-0.0031734583269330215484	-0.0014636628829319509818	-0.0018262858262660039421
-4	-1	5	-0.0015621103592155843789	-0.0015992346617893895069	-0.0035449793082910742784	-0.0024421193061580459376	-0.0019586841490306823588	-0.0017678115906631208364
-4	-1	6	-0.0010782283576899164002	-0.00093013434837740190022	-0.003587936704621978723	-0.0014224473507045416569	-0.0013168083558969408652	-0.00085716412403569154296
-4	0	-6	0.00060269783645474966829	-0.001930776113337567346	0.0060202619023081924143	-8.5485908253603645887e-05	-0.00040179855763649977886	0.0012871840755583781584
-4	0	-5	0.00035320996899072641543	-0.0020108727354580455127	0.0060067035878233320662	-0.0012215005379212560792	-0.00028256797519258115402	0.0016086981883664365836
-4	0	-4	-4.4872204364745090584e-05	-0.0011599864876053979021	0.0066281131324976878816	-0.0035183939196072586998	4.4872204364745090584e-05	0.0011599864876053979021
-4	0	-3	-0.00080100200756206575963	0.00019667188223931422503	0.0041211723854127548655	-0.001539482335918098679	0.0010680026767494210128	-0.00026222917631908563337
-4	0	-2	0.00014409508989380968988	0.0010239339017950872639	0.0001880991631238499611	0.0025715524173715721516	-0.00028819017978761937975	-0.0020478678035901745277
-4	0	-1	0.00055310606521777273738	0.00050765815358529869147	-0.00038316831115321021376	0.0041295279835095897655	-0.0022124242608710909495	-0.0020306326143411947659
-4	0	0	0	-0	0.00087005764988023722491	0.0051888565183887879959	-0.0041322757858155848357	-0.0049032348811727998958
-4	0	1	-0.00065091947194215768295	-0.0012089226762018005779	0.00084450178395401671785	0.002619457180837474284	-0.0026036778877686307318	-0.0048356907048072023114
-4	0	2	-0.00085362999738179256171	-0.0014312838781566630461	0.0011052615322846301785	0.0021172761686666530939	-0.0017072599947635851234	-0.0028625677563133260922
-4	0	3	0.00053478686961497756084	0.00015578513150019178499	0.0032382990167085187218	0.0028633124048765457199	0.00071304915948663667551	0.00020771350866692237999
-4	0	4	0.0024554257291795771913	0.0019619467605493947325	0.0076380888845788488806	0.0040954579773218573874	0.0024554257291795771913	0.0019619467605493947325
-4	0	5	0.0031869217184571445832	0.001256809389005972841	0.0080986696102416690091	0.0027659932169593940375	0.0025495373747657155798	0.0010054475112047781861
-4	0	6	0.0029943420898864399685	0.0006111556291932912716	0.0076157075274063687834	0.0013523343026919495882	0.0019962280599242934569	0.00040743708612886090194
-4	1	-6	3.2325973461805020473e-05	-0.0016298567753349430063	-0.0061932872646555539933	-0.0049725430822695256688	-0.0010537651930837956069	0.00025781400317837448307
-4	1	-5	0.00054087741101486530929	-0.0012105629855437929389	-0.0065209110714251131147	-0.0047472422208250991335	-0.0017368841430969146969	1.9001944270014590137e-05
-4	1	-4	0.00042183103955717422091	-0.0014319648107535133501	-0.006685883293262303434	-0.00041813999708503854676	-0.0020933018628727503505	0.0013274298114822535508
-4	1	-3	7.7087440255705456395e-05	-0.0013692586143889539253	-0.0052627342835282631822	-0.00030625150455768920072	-0.0018570280148503615428	0.0017235943176660422933
-4	1	-2	-0.0020034116836986155981	-0.0029185672249814591933	-0.001573645248963984446	-0.0043793285886034871712	0.0032200007429152386479	0.0036474701556611743673
-4	1	-1	-0.0026134077354458538391	-0.0034032687873989512541	-0.0027000214333509067396	-0.0075416821110784737492	0.0077536095084325094839	0.006071393038517331267
-4	1	0	-0.00094008391947660702691	-0.0017566829278504738319	-0.0037603356779064281076	-0.0070267317114018953278	0.0089725540438033365986	0.0078144098477685702137
-4	1	1	0.0012072471241456564795	0.0012495342407387115789	-0.0034122426955158122706	-0.0035614287332915799643	0.0082412311920984394897	0.0085595656962464267137
-4	1	2	0.0011498157841631209339	0.0016884024124330190321	-0.0034404279533403162201	-0.0026702048665865688037	0.004019845544996399761	0.0047119072581593224661
-4	1	3	-0.0016924194096890970117	-8.9455447323409626554e-05	-0.0039662541424722030925	-0.00094827307426742436965	-0.00093447449876139505702	0.00019681709499126196351
-4	1	4	-0.0041447584229782775261	-0.0011689666349353239512	-0.011527172743832107479	-0.0015834606240682916941	-0.0012629652370202502226	-0.00077310147891825108189
-4	1	5	-0.0055671457289771198937	-0.00037012112422063611281	-0.013847496240402861617	-0.00020957301176058407773	-0.0016842173351011237217	-0.0002541822970243921018
-4	1	6	-0.0051229332505899546901	0.00046010065202030180726	-0.013091559037539564347	0.0012748457614513756218	-0.001233362327470042619	9.4259474438305285941e-05
-4	2	-6	0.0012273166921020007072	0.007683178151818573047	0.0068175350881211280174	0.012871314737103584785	0.0014543005679723756789	-0.00083168052217785380566
-4	2	-5	0.00052181708454398644404	0.0085247576974887429718	0.006706632938068251247	0.015872259267990181802	0.0022651995075921109966	-0.00047090245079492182995
-4	2	-4	0.00063843839153994138072	0.0070637211915798425038	0.0065380709387270119146	0.011276069327517934324	0.0026305970778235645766	-0.0014256865278208751251
-4	2	-3	0.0017016551650133715078	0.0062870112034929693384	0.0049199411280009125447	0.0086955030741198442029	0.0010110871986494462081	-0.0025856795552440634163
-4	2	-2	0.0070641865806734286878	0.0088547893819608675114	0.0048691750687593947713	0.0099316851595784971102	-0.009259198092587461737	-0.0077778936043432370454
-4	2	-1	0.0080869477715787754096	0.008350003030659669187	0.0078702718016070618429	0.010859400941994605538	-0.016607247483100974483	-0.011681210238649469141
-4	2	0	0.0050882429528095896726	0.0044185935532221158606	0.010176485905619179345	0.0088371871064442317212	-0.018516932263467927866	-0.01281017980700517242
-4	2	1	0.00059507212547625025056	-0.00080683047540713013785	0.0096247411390590308089	0.0044499301271527305635	-0.016869193776213060182	-0.012127182155933981245
-4	2	2	-0.00040155795258038667244	-0.0026399748965003863067	0.0095371584888835521376	0.0027487996464829059576	-0.010340274394044326675	-0.0080287494394836785711
-4	2	3	0.0033984848116499488668	-0.0015818221981239576502	0.0076275758656458719775	-0.0010509903224320217476	-0.000553737494897316271	-0.0014084360492105955573
-4	2	4	0.0099681410417579597444	-0.00035210748597001330362	0.017666440344488797132	-0.0024761860055455696579	0.0011349208695135609617	0.00088598551680277152533
-4	2	5	0.011949014020336269984	-0.0016276752710497018658	0.020257659998376684185	-0.0046633316541159763879	0.0014561472169183418794	0.00056319244480662914928
-4	2	6	0.0106919917687933793	-0.0022923238857915535782	0.019619607898061892926	-0.0050586151840255897186	0.00058812521317495479109	0.00015798913748082753878
-4	3	-6	-0.0042691778567618843959	-0.01618169636741191228	-0.0084803978538646185292	-0.020360348867114765742	-0.0013940803557577199565	0.00060762314471722491793
-4	3	-5	-0.0045030131166927129388	-0.018355002679745324734	-0.0095139207243010379123	-0.024469958231657634035	-0.0021059419412264518759	2.027204801679289288e-06
-4	3	-4	-0.0042331510195987966452	-0.017328749796548689049	-0.0084633082869209237675	-0.022560565867112528787	-0.0021143301955918957467	0.00040832539621429202528
-4	3	-3	-0.0056542720763812772886	-0.01463615160093289895	-0.0059355814313843662661	-0.01725235730036937809	0.0016034480037906695404	0.0022625115008744860201
-4	3	-2	-0.0098425324648438380915	-0.014381007203356048485	-0.0052585936953529798313	-0.014068014090140638223	0.011797174386658206002	0.0076599932715011405035
-4	3	-1	-0.013653986832480407426	-0.011670235488966862816	-0.010828110003659340357	-0.01151572364999584909	0.022131617318943610367	0.012133771005879898791
-4	3	0	-0.012398629051241595589	-0.0072456180339437060295	-0.016531505401655460785	-0.009660824045258274706	0.028514451362735181855	0.014971599274501392468
-4	3	1	-0.0048841026539044709101	2.9817657407425842591e-05	-0.014177073287113563932	-0.0040039006205493344812	0.022994809245722808155	0.012130972491277706299
-4	3	2	-0.0033313712557136413057	0.0047278355309411657093	-0.01364195575430940735	0.0010398079647966113233	0.013800191120036829281	0.0078959591146874150841
-4	3	3	-0.01067185961882250074	0.0049973377992330167072	-0.017421183688654626187	0.0045956073590615476726	0.0031920375302246233214	0.0020675097065824751819
-4	3	4	-0.018762906431405067254	0.0050388431996436682317	-0.022949516562896874611	0.0077976904534653810469	-0.0015507690092324117291	-0.00080942464045536733665
-4	3	5	-0.021897157412815976274	0.0063934269980197681871	-0.025877041267877348707	0.0096272800536591814774	-0.0019915011695263709277	-0.00066162643377969425004
-4	3	6	-0.01913475234436431624	0.0062890671913637691964	-0.023963112936346050996	0.0093938878971846877242	-0.00077494509473651721626	-0.00050423248768316475919
-4	4	-6	0.0086133374370438147566	0.02417859087006599475	0.01037395703527065581	0.02279233915901582655	0.0011737463988178938913	-0.00092416780736677742701
-4	4	-5	0.011153037124956317189	0.028888721137662561056	0.013195107856186298265	0.028993131509662189299	0.0016336565849839849041	8.3528297599702765251e-05
-4	4	-4	0.011973197646613887093	0.027871024416462882728	0.012776532444541728248	0.02784466829890899775	0.00080333479792784115436	-2.6356117553882321605e-05
-4	4	-3	0.011256297403366399487	0.022045473801181932755	0.0079970709854676139822	0.020376015020570847902	-0.0043456352238650493638	-0.0022259450408147773461
-4	4	-2	0.011591487073552217413	0.015940060715555710857	0.0027995034508279822115	0.012350330396760667365	-0.017583967245448469535	-0.0071794606375900869855
-4	4	-1	0.011760501502132361326	0.010325234314504400795	0.0031683389085684528219	0.0068865630396894713869	-0.034368650374255634017	-0.013754685099259714165
-4	4	0	0.0087446404991398420103	0.0035504124542073407615	0.0087446404991398420103	0.0035504124542073407615	-0.04153243057265972038	-0.016146365022072624307
-4	4	1	0.0028692268881249671265	-0.0030205845303469358414	0.011941194695056101677	0.00038196108369144537303	-0.036287871227724539935	-0.013610182456153524858
-4	4	2	0.0047408123577161020296	-0.0074707241699482557565	0.014977845078963200609	-0.0037655452952238014849	-0.020474065442494197159	-0.0074103577494489085431
-4	4	3	0.016423347138611672086	-0.0099416072576590987925	0.021522868471420295716	-0.0083375468579846567785	-0.0067993617770781651297	-0.002138747199565921818
-4	4	4	0.02871315937507445612	-0.012927549295900522819	0.028724255952289119709	-0.013079348001072412314	-1.1096577214664559517e-05	0.00015179870517188965738
-4	4	5	0.030796969427637519573	-0.013491851708690891579	0.029177604205225918937	-0.014273833904272491616	0.0012954921779292809855	0.00062558575646527963925
-4	4	6	0.024731926640773952558	-0.010905061710977268993	0.024525804417092327697	-0.012702592292206936128	0.00013741481578774948267	0.0011983537208197780899
-4	5	-6	-0.010015982791186884768	-0.020821414107979566155	-0.0092084055310170699615	-0.018086592294956793658	-0.00099634941505630193401	-0.0011912175071442843068
-4	5	-5	-0.015334359504037562219	-0.028884547357079636692	-0.013730227405053549092	-0.024071460370739691803	-0.0014627398018234993166	-0.00096382248507598288281
-4	5	-4	-0.01762796951654690622	-0.029081157784172348424	-0.014614647635569261858	-0.023870717490599813876	-0.00064034002791467153556	-0.00075723907907741794514
-4	5	-3	-0.017052384587223433365	-0.02293460150589366614	-0.011040762707717782787	-0.018010945388907493442	0.0043352416034349383969	0.0005612263596790646996
-4	5	-2	-0.013306029888224216867	-0.014446834181749933224	-0.0041910294386145897222	-0.010111229139131691634	0.016134486179911960296	0.0036155955156706369273
-4	5	-1	-0.0091007150975699908219	-0.0071370243135897865755	-0.0010706286461323196411	-0.0040580604620800561286	0.031049717159618364648	0.0082577949439588647917
-4	5	0	-0.0035932052727681803618	-0.0011574689765951654517	-0.0028745642182145445497	-0.0009259751812761323397	0.034731981967596525784	0.0090922477677047048444
-4	5	1	-0.00075173244009650412589	0.0035207173572878889753	-0.0071305047487966776235	0.0012399449136060931072	0.032645593983597370746	0.0078831448611210892807
-4	5	2	-0.0044785329202335771859	0.0084601014057170131899	-0.011435666466814682976	0.0053486632105347649974	0.019632100326569552201	0.0035485447850971160548
-4	5	3	-0.016654302720005023652	0.014053125801529673874	-0.018289281793736414383	0.011132508701002566051	0.0082763993628873228775	0.00018331990036862249737
-4	5	4	-0.028277129660192436983	0.018080329431926746991	-0.024328206198742464983	0.015333925369455327428	0.0021331280882356468478	-0.0010870772798924122939
-4	5	5	-0.02928012108757322568	0.017616731388700384436	-0.02430510715117831233	0.015570039972680083107	0.00088101028111973111404	-0.0014766548617197764685
-4	5	6	-0.019907270315042739639	0.011876652246070935892	-0.017727353198413231539	0.011024009065563528109	0.001501280788649201085	-0.0012689060572556502913
-4	6	-6	0.0096296608266635986412	0.01545906518789572949	0.0076346897339553696296	0.012166139263588431757	0.0012149158495129708246	0.0018600958049912789082
-4	6	-5	0.012734208417058013457	0.018597401459359584608	0.010197119290537976638	0.01461330129556329821	0.0020491764149991615468	0.0026580403871882905126
-4	6	-4	0.017167373669668920672	0.021539707257113700073	0.012667461221866687868	0.016120559502416316466	0.0018338181631311100458	0.0026411319965107733256
-4	6	-3	0.01764245351639444695	0.017041308583804790772	0.010458594879678099338	0.012104417787715609015	-0.0026060815958363985588	0.0014870907970248304058
-4	6	-2	0.015363717777728705047	0.010218814405406756451	0.0055439158436422410897	0.0066452211514791796609	-0.01409568802453068509	-0.00050196535637597522114
-4	6	-1	0.0089706710830016449937	0.0042670743976432386896	0.0011958108518988067644	0.0021838601099360126917	-0.028707819220613741557	-0.0039651369309568777408
-4	6	0	0.003289717141381213756	0.00033296319319564316201	0.0021931447609208091706	0.00022197546213042874757	-0.03464216007687125759	-0.005114748074685596807
-4	6	1	5.4974274154300944745e-05	-0.0029569175437168396595	0.0050631021452133594465	-0.0013740114768396743689	-0.030158715774662950976	-0.0035836013138293119906
-4	6	2	0.0011055220892692435315	-0.0078089799319329437563	0.0069582865065332243776	-0.0051344551846231600845	-0.018663815341061186504	-0.0002145943099964070966
-4	6	3	0.011542905883058864752	-0.014085935438913423784	0.011923614333426332465	-0.010375348584979935535	-0.0084566874894408464169	0.0019694499180753083367
-4	6	4	0.020555061535574768034	-0.01834011865702332017	0.017018394206726992351	-0.014482970072628685576	-0.0049725297745157178916	0.0033843364519197064594
-4	6	5	0.018118256070094571758	-0.014987703085008003898	0.014991770200360294077	-0.012328085814366876796	-0.003495519384356694792	0.0028035405092338497313
-4	6	6	0.014662040491242768134	-0.011960815887871824315	0.012191479547849774084	-0.0098324063542330319282	-0.002416785887021262718	0.001858529095651816369
-3	-6	-6	-0.00043666709315391807672	0.00020587709561340692939	-0.00019718586138568974949	6.9594644753805383775e-05	0.00041551940796264878785	-0.00017253319256050884847
-3	-6	-5	-0.00037899984612312358646	0.00026963175211793080936	-0.00028750070861396242496	5.668875478927687335e-05	0.00057240075801062912687	-0.00022980555701789074177
-3	-6	-4	-0.00015886035141741335097	0.00012839475411583159306	-0.00024892321642563502429	5.1357630953037114593e-05	0.00049253008820151252933	-0.0001733325120164293633
-3	-6	-3	0.00014208159584512758877	0.00010293496145852469386	-0.00021616689611191918278	-1.3398562349424231828e-06	0.00029025219637871077678	-0.00010025524898863985427
-3	-6	-2	0.00019318807178535899621	3.5653295699076829515e-05	-0.0002290760088661819452	6.1278138294927394906e-06	0.00039744591892050735484	-7.1863385037093462744e-05
-3	-6	-1	1.4694775573603746147e-05	-6.0883824439774395613e-06	-6.870508014179479853e-05	3.0566181809850735403e-05	0.00036814615412995757137	-0.00016513194352717208441
-3	-6	0	3.673244523072499582e-05	-4.1854495611475127826e-05	-1.836622261536249791e-05	2.0927247805737563913e-05	0.00050387686517864053396	-0.00014220276958343887764
-3	-6	1	-7.9345401060340340553e-05	2.8620822812099725222e-05	0.00011384631843354443283	-4.9959777159943970421e-05	0.00044504170742024550759	-0.00021389619452336466041
-3	-6	2	-4.767132090629263956e-05	-5.0441940041640856342e-05	0.00014340971192308138156	-0.00014052838845162617847	0.00035872215440980515823	-0.00049724807541733984702
-3	-6	3	-1.0630435676342993295e-08	-0.00027737496882416395102	6.0220308384537974333e-05	-0.00017707380235693385376	0.00012042998633339960734	-0.00063152257353803165855
-3	-6	4	-5.9751108399010915766e-05	-0.00023391365373986346674	6.0272292026152181579e-06	-0.00039665406149320974914	-3.5772487495335361706e-05	-0.00077041633254471225765
-3	-6	5	-0.00010953519021270301107	-0.00013305399615759589348	-3.7769862244021153477e-06	-0.00034200246385438014089	-7.0253497596904347601e-05	-0.00049023535431981372142
-3	-6	6	-0.00010018877482934505029	0.00016026204925593363296	6.5804448895615146368e-05	-0.00022244474494520570084	1.5710061480942614446e-05	-0.00014231372031723888436
-3	-5	-6	0.00069094496553993476565	-0.00044444592502850736957	0.00046255461116817135929	-0.00011730382488979602116	-0.00073093465874344350653	0.0003199761499224170109
-3	-5	-5	0.0006809407683077633262	-0.00046143332056577870005	0.00070280139516293370187	-0.00019751802297171940428	-0.0011113658561475918494	0.00047437801531118663515
-3	-5	-4	0.00037521558315259595983	-0.00030189924258793455342	0.0006781324358350824524	-0.00018405939241455327913	-0.0011290772321582999947	0.00045649867245914252075
-3	-5	-3	5.4252936842122468958e-05	-0.0001236428854327792674	0.00048474114007871448289	-8.2197103591925604871e-05	-0.00086215483697331320601	0.0002606380580859885953
-3	-5	-2	-0.00026666928957688349963	0.00023033199867176677115	0.00027527597448535841068	-0.00020219188072011473308	-0.00028818600184807075014	0.00015998170379263667597
-3	-5	-1	-0.0002077947103431183884	0.00030558157863082362161	0.0002821548984087326171	-0.00026137175333429651632	-0.00078739036101430786609	0.0003901140307790118794
-3	-5	0	-8.9123547394943426498e-05	0.00029007924466359287811	5.3474128436966055899e-05	-0.00017404754679815572687	-0.00078011105010361602493	0.00024029065822032600035
-3	-5	1	4.0715997448806539216e-05	0.00012778070130434684309	-0.00018180250844989238315	8.3515543101395235524e-06	-0.00078686454990304223033	0.00042509987546373814195
-3	-5	2	0.00011003536705758713745	4.8767043168877322707e-05	-0.0002132355346175334441	0.00013293321527849919243	-0.00036803578595745293795	0.00040548360294956391431
-3	-5	3	0.00012268308786421728966	0.00050636089959014063053	2.1210693902898904568e-05	0.00034024626410519853443	0.0001580342443690487984	0.0010734380064321381518
-3	-5	4	0.00016082200666222524143	0.00070381192967462877143	0.00018614440917158348184	0.00052383736025441341062	0.00035329701646114828337	0.0011826556475739882605
-3	-5	5	0.00020168599754561108745	0.00052313815735911893112	0.00022634441143767165209	0.00065555766988706278432	0.00034735600996503828829	0.00096944056430253418635
-3	-5	6	0.00010193700672954733588	7.7936457346815469138e-05	1.1407696358746173115e-05	0.00036604940372470207112	6.0474916997062150054e-05	0.00034400939844399279835
-3	-4	-6	-0.0013818953407692604208	0.00070982056632844909259	-0.0010023854467446648674	0.00033492242918418610453	0.0013592046348810734192	-0.00057819190262034861599
-3	-4	-5	-0.0016560951389530508947	0.00088919019363963122844	-0.0016489429602076861783	0.0006668840207647786433	0.0023128114515379794361	-0.0010670213327956016517
-3	-4	-4	-0.00094981878881274500043	0.00063268300485170843143	-0.0012272729534551888881	0.00065416251732193573913	0.0019396370450647476384	-0.0011286747709607170085
-3	-4	-3	-0.00031255631042868749648	3.3797577343504271177e-05	-0.00043038896011271510732	0.00019404395108296365862	0.00088640825724564100904	-0.00029252284545412248493
-3	-4	-2	0.00038220628260450729323	-0.00066232090532296285148	0.00012589009439428855788	1.5571200776063625249e-05	-0.0008250896126953380285	0.00096233895643231699962
-3	-4	-1	0.000364209961830016778	-0.00071452738388046220606	1.159200064643968395e-05	0.00017078170570130409185	-0.0011389978880758091714	0.0014604553288361701423
-3	-4	0	0.00016230382292339395976	-0.00059762668284527086047	-0.00012172786719254546982	0.00044822001213395311825	-0.00068005858862884367884	0.00041432744626886412655
-3	-4	1	-1.7420071540056870614e-05	-0.00025555258537373855884	5.8252054669460933098e-06	0.00013981300123780594389	-2.895939275238624538e-05	-0.00020740575116999195515
-3	-4	2	-5.566405435522461375e-05	-1.6633354701690363788e-05	0.00018253970521793451334	0.00010285874610517372035	0.00028158332890303210605	0.00018076746015781189163
-3	-4	3	-0.00017189046824319108341	-0.00065488970536219559722	-6.7537670122775115113e-05	-0.00020223700701112198408	-0.00026194069507355790356	-0.00092453904804369157599
-3	-4	4	-0.00048168580712401273293	-0.00088897820495170297352	-0.00051078183673835696101	-0.0012052435192947555734	-0.00087204619208136656492	-0.0018719771730085327764
-3	-4	5	-0.00059056477393410367234	-0.0011386190659682924632	-0.00067782125392224976384	-0.0012853514247397226748	-0.00089659586749826194942	-0.0017114525793727535744
-3	-4	6	-0.00018817972915209719618	-0.00041444720795974564036	-0.00022255537856013187675	-0.00066793685740728389426	-0.00024246011694946986281	-0.00065251484225139534407
-3	-3	-6	0.0030890454675121890166	-0.0018255744956016729287	0.0023352484893536724388	-0.0011817734235890636763	-0.0027121469784329309445	0.0015036739595953683025
-3	-3	-5	0.0043847513062008919987	-0.0025715931028642826858	0.0037034900256399092867	-0.0020554617713799717971	-0.0048529447991044810315	0.002776232924546552603
-3	-3	-4	0.0032348223386698868841	-0.0017541087254136229334	0.0032065564618530988973	-0.0016109578240359615289	-0.004831034100392239336	0.0025237999120871885093
-3	-3	-3	0.00047316223393139390319	0.00012330029310605715464	0.00030517336802515283335	0.00010488753877248733148	-0.00077833560195654679075	-0.00022818783187854448612
-3	-3	-2	-0.0011691152877815651559	0.0017282011643216690748	-0.0013107165636788774103	0.0011813584829283784675	0.0037197477771906636325	-0.0043643394708750716388
-3	-3	-1	-0.00054162605907427132084	0.00094724545881847170212	-0.00070903233206945674109	0.00043974877064622489974	0.0037519751734311841858	-0.0041609826883940896972
-3	-3	0	4.2899929362869292397e-05	7.1469789272806714757e-05	-4.2899929362869292397e-05	-7.1469789272806714757e-05	0.0020349695662597679958	-0.00200720265540231535
-3	-3	1	7.8922219756066345326e-05	-0.00054533747187355369971	-4.9693311642007129039e-05	2.7469293987628238456e-05	8.7686724342177655637e-05	-0.0015536045336577764854
-3	-3	2	-0.00024102885813202039561	-0.00062850400353511599177	-0.00023785589325408656178	0.00032110992956859210883	-0.00071832712707916039543	-0.00046109111094978587862
-3	-3	3	0.00011190775880522705124	0.00044711963081869496826	0.00026235170710246585001	0.0010786951515310290017	0.00037425946590769290125	0.0015258147823497239699
-3	-3	4	0.0013770623696274511202	0.0028871769211725492425	0.001609703853578341344	0.0031713772010600132199	0.0022400746674043443482	0.0045439155916744220637
-3	-3	5	0.0018340946341092556442	0.0028239532009561585379	0.0022868591352979178617	0.0034216434482034342561	0.0024725722616443044505	0.003747357989495755503
-3	-3	6	0.00071884878775343096727	0.0012348772838905856288	0.0012661544441464060891	0.0016498138908235186577	0.00099250161594991847397	0.0014423455873570521432
-3	-2	-6	-0.0041107895193826056099	0.0040182575698732309749	-0.0047986805840747924837	0.0028445655002193133074	0.0036549549543829001549	-0.0029573172850097199232
-3	-2	-5	-0.005444893582003913074	0.0051420147904442077905	-0.0064748031272146046311	0.0042546678439208708566	0.0058568574000881900438	-0.0047870760118348728435
-3	-2	-4	-0.004169945932369144119	0.0033899375669857690838	-0.0056421841271824448721	0.0035937758201227089014	0.0059485515128680803085	-0.0043393410853006814804
-3	-2	-3	0.00021071550980640327386	-0.00050727142426217465641	-0.001622002780547946799	0.00012933731870563004132	0.00087061967722556132202	0.00042104654512508798026
-3	-2	-2	0.0012874163540764070775	0.00010725596152816510153	0.0012806040444168346505	-0.00098513140544251092887	-0.0032117285755314454836	0.00082424746315026321559
-3	-2	-1	0.00023415673352854046566	0.00080088209465506974595	0.001526795713541924393	-0.0016577915180436767883	-0.0037560616276694699933	0.00091293675212214455555
-3	-2	0	-0.00046165652570992910669	0.0013544219932000518998	0.00069248478856489366004	-0.0020316329898000776329	-0.0017660741771331799413	0.0027010932675830168388
-3	-2	1	-0.00031509330329832234332	0.0021499025348956308026	0.00042123040616755063302	-0.0009590657545663041272	-0.00010281909755986579102	0.004531576095554284804
-3	-2	2	0.00028388237332273422078	0.0021605873376751502657	0.00020004026363950648212	-0.00076761680570592107954	0.00062586382362360784039	0.0024732642008068045358
-3	-2	3	-4.543702423162174675e-05	-0.0011230291089313875624	-0.0011504015647130212512	-0.003883020648662564682	-0.00081237140070696933335	-0.003711709541373097495
-3	-2	4	-0.0024489674581831414116	-0.0047434201148496271325	-0.003252070412525633579	-0.0052813208252837622741	-0.0034627607999001726313	-0.0061982254987791012696
-3	-2	5	-0.0037742680943190815186	-0.0050126680710318059428	-0.0040826537119836416381	-0.0052497412843092337506	-0.0038976223413849054797	-0.0051074973563427772394
-3	-2	6	-0.0025363226149362674139	-0.0030724992864762019386	-0.002817428427064132615	-0.0030543831833849126485	-0.0022073041164895113898	-0.0025543773710330719244
-3	-1	-6	0.003290000469318232236	-0.0062109511542752160115	0.00815097429237586317	-0.0044746077190237713156	-0.003003495950055093313	0.0038512435303082364138
-3	-1	-5	0.0045875914214506471889	-0.0072801609578842163203	0.010394531028638296852	-0.0070974053307696245707	-0.0048314610585980478571	0.0057875776408844543594
-3	-1	-4	0.0029654179863871140549	-0.00475983139222718038	0.0079270140446527082023	-0.006135058351853732439	-0.0042058170009535130254	0.0051036381321338183947
-3	-1	-3	-0.00078530121381569309175	-0.00096108676679362923644	0.0044199471408102241829	-0.0015000299664638301351	-0.00068801449978771504149	0.0014610967556149059843
-3	-1	-2	-0.0011552499409901550564	-0.0020568212336045314619	-0.0010404685690287001493	0.0025981401835361160775	0.0022531091959995825508	0.0017861617586387389372
-3	-1	-1	3.0280786067822590337e-05	-0.0032915113818185017316	-0.0014805035000387965945	0.0067069659919398441281	0.0013896611418353287896	0.0031675681535156619342
-3	-1	0	0.00057284866373533257968	-0.003161793684806506622	-0.0017185459912059976306	0.0094853810544195202997	0.00078698177827909423978	-0.00062972910267527538748
-3	-1	1	0.00064543025296962854009	-0.0034399103213145717541	-0.0012835924105022030427	0.0065344704317245134659	0.00065269834840668268603	-0.0037852605322192013626
-3	-1	2	-0.0002105626525741084601	-0.0029267600594032367085	-0.00028418817765292627526	0.0032454218990713651696	-0.00045793806768762581423	-0.0027674291395691726948
-3	-1	3	0.00054674630231729855461	0.0007477704139089204078	0.0030125367553005279707	0.0066754816550124648766	0.0015509252207508079143	0.0029729309655797419611
-3	-1	4	0.0038109686930814039817	0.0060255670389777905155	0.0050087513308761872147	0.0063972526416304206429	0.0041104143525300994647	0.0061184884396409478305
-3	-1	5	0.006696918933394956433	0.0065444043083950319273	0.0064801191910518248646	0.0072070661056200056166	0.0053141751982473386592	0.0053680558061610199327
-3	-1	6	0.0056298769283333102015	0.0045969397756574856967	0.0044023381451078445747	0.0039926836184398777768	0.0035486614883512958632	0.0029639171575687223333
-3	0	-6	-0.0018692152615535893596	0.0063661786292705350998	-0.011515074549076523974	0.0051276389073816614622	0.00093460763077679467978	-0.0031830893146352675499
-3	0	-5	-0.0035408962225049844634	0.008624179828366353856	-0.016623441677806966021	0.012246078246931146188	0.002124537733502990678	-0.0051745078970198126606
-3	0	-4	-0.0029849579652802241299	0.0060936641139271640819	-0.016145600146932517771	0.013768163745486495381	0.0022387184739601677722	-0.0045702480854453728445
-3	0	-3	2.8050664461554551985e-05	0.0014259690115658830382	-0.0090862196875488542014	0.0050668689129673566418	-2.8050664461554551985e-05	-0.0014259690115658830382
-3	0	-2	0.00015386560831837041278	0.0016411785784713965163	-0.0019300362474274027763	-0.0092630813190430118936	-0.00023079841247755560562	-0.0024617678677070950997
-3	0	-1	0.00021031179241922737591	0.002071178914600061826	-0.0010684490543812319007	-0.022637923926648317874	-0.00063093537725768212773	-0.0062135367438001859117
-3	0	0	0	-7.1717343267247903371e-43	-0.00075031475876582553325	-0.02475864653926674458	-0.00027857872972589876794	-0.0015310421065843978113
-3	0	1	4.2804305105759293533e-05	0.0015242778122939927999	-0.00026202792306260445096	-0.01755532373609050914	0.00012841291531727789415	0.0045728334368819786165
-3	0	2	0.00033487707729807058557	0.0032358651977575816731	0.00037270201167750025874	-0.0053567752509928378765	0.00050231561594710585125	0.0048537977966363722929
-3	0	3	-0.0021429948714773053124	-0.0027497685933296437538	-0.0049715283109888165278	-0.0075860366332330805492	-0.0021429948714773053124	-0.0027497685933296437538
-3	0	4	-0.0076450934080736819912	-0.0084202988803549969066	-0.012480321494441165911	-0.011263841087663446078	-0.0057338200560552617102	-0.0063152241602662476799
-3	0	5	-0.011904193513085284742	-0.0082050907175256673071	-0.011902769605603526204	-0.0095841645343086121628	-0.0071425161078511704982	-0.0049230544305154007312
-3	0	6	-0.0096003086816927596381	-0.0043957377522335179185	-0.0060916651269046677777	-0.0041847905744677553475	-0.004800154340846379819	-0.0021978688761167589592
-3	1	-6	-0.00015101691908873195224	-0.0024041673205125076163	0.011412823251736715566	-0.0020430160054502053205	0.0019776456681671519128	0.00086158099268121947963
-3	1	-5	0.00056075921375549450838	-0.0044721417621282483212	0.015143957888320859137	-0.0091903905876862864582	0.0026923360494108751657	0.00084520693973969159268
-3	1	-4	0.0017882382854762048953	-0.0047082978900160046484	0.016774692215190407929	-0.016369505670872301628	0.0028524943396904477687	-0.00056115300020607170386
-3	1	-3	0.0028524861950864374531	-0.0014523466543364181407	0.014114114557083716484	-0.0087543469382969953119	0.0018522186572748013025	-0.0014657689917625803689
-3	1	-2	0.0028195599461266298603	0.0031557681225592762973	0.0066811627461409528808	0.012160163133647150513	-0.00088875854611946824169	0.0013464293829846603768
-3	1	-1	0.0029791163401993066284	0.0080865942579103223392	0.0082730447206406949184	0.027953152690682665782	-0.00066430429995722540051	0.0036933699169516991979
-3	1	0	0.0029108445340903293594	0.010687190323067032385	0.0087325336022709872108	0.032061570969201098891	-0.0013508544167859708272	-1.7271207046786902351e-05
-3	1	1	0.00059778777891250568961	0.0038348411297274066258	0.0042785532781586272516	0.016651586500228136162	-0.0024851899414211099659	-0.0051470631110459158508
-3	1	2	-0.00090843281958351989897	-0.0021795990964430457699	0.0022738331457297640374	0.0040952917099328130929	-0.0024995658022401619214	-0.0053170444996309754182
-3	1	3	0.0036799017314500959835	0.0032833735302788919982	0.007443894522157745372	0.0064454719668169827354	0.0011986035573975141206	0.001134882874673231231
-3	1	4	0.0083603166181508859617	0.0067820896056546460529	0.012706179657540190436	0.007313507822079796071	0.0030936925492281164285	0.003258190248721035305
-3	1	5	0.011001179419970122733	0.0048886540932597541756	0.012445778057979882403	0.0051241517978825069923	0.0041115520403860964654	0.0019083620963793513671
-3	1	6	0.010280178749835142821	0.0021070162640385256027	0.0094940270050646678041	0.0017060958115263540665	0.0035577515407401263427	0.00076915883009820386253
-3	2	-6	9.2034674235897426069e-06	-0.0055753496450054989414	-0.0081167370864243804096	-0.007153028593399264265	-0.0027101807625199217378	0.00040333195803632826588
-3	2	-5	-0.00055019452721160688833	-0.0029848347772192126114	-0.010254511401969408288	-0.0022105856027725620527	-0.0037716878444607987268	0.00090666662522250265899
-3	2	-4	-0.0016410578394203897707	0.00027342144826898002411	-0.010268342469095213809	0.0062874079122797578781	-0.0039033778549823140887	0.0029386378699381441107
-3	2	-3	-0.0056880722189275000067	0.0012681134274042497618	-0.011639947880449742074	0.0073852691660925813902	-0.0020718930347056610866	0.0036553993499908047152
-3	2	-2	-0.0064683173776857736184	-0.0054488286520593494019	-0.007782765214662410759	-0.0069177982641412047449	0.0019197108518662503191	0.0012554447139478191412
-3	2	-1	-0.010056995912712805505	-0.012216405527733989814	-0.01185516194010322738	-0.017071751385021084052	0.0064606638579319617538	0.0025057138131598056738
-3	2	0	-0.01114905546934869679	-0.012054921078107965968	-0.016723583204023045184	-0.018082381617161948084	0.0085120111540837022773	0.0059633941747573183251
-3	2	1	-0.0037032144256351753539	-0.0012152629917866147966	-0.0097636717707459911436	-0.0057443834946578386028	0.0084177002645864570929	0.0078429780139558334662
-3	2	2	-0.0013984932637428905931	0.0018325871605199722022	-0.0064045311867131056796	-0.0020800226668891272017	0.0043067912910987700068	0.0048289034076690849628
-3	2	3	-0.0064304787689617405252	-0.0017797226745788507531	-0.0091439878479620539942	-0.0019848660290355518016	-0.00033448687032037110545	-0.00045647865522181627291
-3	2	4	-0.010328696985518916532	-0.00345542268992767845	-0.010516742220106208364	-0.00077282990630743865317	-0.0024881516290860836507	-0.0022051520642920397278
-3	2	5	-0.014600210936758485636	-0.0018447464091585897943	-0.013955469722547650044	0.0011835485976017740342	-0.0031779386730360317977	-0.0015802672845358634035
-3	2	6	-0.012585265247431714	0.00048365545288339998817	-0.013157268574158787963	0.002571839402774014037	-0.0019068764323295942734	-0.00061545207448297138773
-3	3	-6	0.0028530927500515523322	0.015090192271092364371	0.006318286962606084467	0.014582732530771516308	0.0017325971062772662842	-0.00025372987016042354352
-3	3	-5	0.0031667218545218854889	0.015493968464038989849	0.0076954617797224747489	0.015651310566719624229	0.0027172439551203532958	9.4405261608380183335e-05
-3	3	-4	0.0030255985820107685752	0.011364755350322178207	0.0062830366918017917233	0.0097475286200754338028	0.0024430785823432677947	-0.0012129200476850580861
-3	3	-3	0.0040977809898471466085	0.007641865902712848338	0.004342796786536089193	0.0055455437693156927476	0.00024501579668894247609	-0.0020963221333971555904
-3	3	-2	0.013808345678283324987	0.011763125561265635674	0.0056506510875403148653	0.0067420192874477619105	-0.012236541886114513447	-0.0075316594107268115127
-3	3	-1	0.018205855600644766518	0.013541471744956869866	0.011455769706536781533	0.0099313107253849505079	-0.020250257682323951486	-0.010830483058715754605
-3	3	0	0.017180387210324433306	0.0064440358629766067086	0.017180387210324433306	0.0064440358629766067086	-0.020042236037792159759	-0.010866412832283296741
-3	3	1	0.011109902040957193858	-0.0022431320760920858692	0.018834799880586932525	0.0020778431557776462155	-0.023174693518889219468	-0.012962925695609197121
-3	3	2	0.0062835043315863006036	-0.0063850998183789097612	0.016576699107341306277	-0.00092668325327642216485	-0.015439792163632509378	-0.0081876248476537311777
-3	3	3	0.008670807597500265404	-0.0031766815792300955208	0.0098016193114214590631	-0.0034125762476789650753	-0.0011308117139211943097	0.00023589466844886963575
-3	3	4	0.016239271568231232468	-0.0025095227655921605557	0.013561454549334999928	-0.0052008657045911994496	0.0020083627641721731039	0.0020185072042492794957
-3	3	5	0.022374259096477531333	-0.0036817598229778852187	0.01783012933840233058	-0.0065415831247585976699	0.0027264778548451214929	0.0017158939810684274707
-3	3	6	0.018503020319871998911	-0.0035152033813512905541	0.016567005858736775364	-0.0060109180218420234926	0.00096800723056761144806	0.0012478573202453666861
-3	4	-6	-0.0070496324049601618786	-0.022461419465808391688	-0.0068866529549922823536	-0.017441895158627252621	-0.0010662857675147738908	-0.00039722037284730695155
-3	4	-5	-0.008196511154025736684	-0.023484317501110952425	-0.0083361371597769316766	-0.01897025317091420582	-0.0017510030354061030707	-0.0010856120360647945021
-3	4	-4	-0.0081079810031778193347	-0.020514467841002897303	-0.0075931338211932212362	-0.015649285755045705404	-0.0015121480688098576026	-0.00026343487429353334853
-3	4	-3	-0.0083118811467061039927	-0.014960296518869136556	-0.0044120443695502119946	-0.010368773165376645937	0.0024291553206391551002	0.0011352656317002750904
-3	4	-2	-0.0095779971180094524569	-0.010957380996451958344	-0.00089399463832806787267	-0.0058804523999351236349	0.012579006400358043807	0.0046751666948076902458
-3	4	-1	-0.011924702435955778987	-0.0064207712619847572694	-0.0033508153161272082217	-0.0024648815581520275644	0.022370846043358504074	0.0094027875533461598156
-3	4	0	-0.012595611491472712834	-0.0011391094915100944719	-0.0094467086186045354929	-0.00085433211863257074552	0.029507855840622172067	0.012243138888352317686
-3	4	1	-0.0081761592530776704829	0.0035938358004704126954	-0.012422598179176945823	0.00026104491261906694966	0.02516191495747477011	0.009737327750934970938
-3	4	2	-0.0061518660127291551615	0.0078711101394564036288	-0.0127122573934543414	0.003354423390770997198	0.016196715767814947456	0.0050978184276426127819
-3	4	3	-0.01338207068838730314	0.0080303492397890072207	-0.013532352328785985512	0.0055593389260465732316	0.0046610657499940120335	0.0006178973383935765706
-3	4	4	-0.022769541022344477743	0.0089540520246875615618	-0.0160174173518480914	0.008304513271900928334	-0.0010597384149102666902	-0.0015889742533852565121
-3	4	5	-0.026848720217705370622	0.0095148373096302224505	-0.018179310722195633765	0.0089895355517560521924	-0.0015657835528667164455	-0.0014827260556267087173
-3	4	6	-0.02347591418682775169	0.0079176602268949004132	-0.016643329254837569559	0.0076712522369275608358	-0.00064240425685549689804	-0.0011553380445042571618
-3	5	-6	0.0093372262123179953358	0.02136332772488416798	0.0068443259823456883625	0.014869096820239891682	0.0010349918791290764735	0.0017092501544244932069
-3	5	-5	0.013765063128288287236	0.026863906369937507607	0.0096289745294865208142	0.017777460795350603223	0.0013699366525135479519	0.0016591169733880997
-3	5	-4	0.01474309948280044455	0.024463524874392027914	0.0097893383238423052617	0.015776113454058666996	0.0011793482927025481649	0.0013724981617793149784
-3	5	-3	0.014184136072435443027	0.017625105023605817239	0.0066908128896922478002	0.01059971937583259298	-0.0030327812562816959703	4.1093936115169343425e-05
-3	5	-2	0.0097400783777517579293	0.009378924282945200544	0.00068085324976067604363	0.0046650679688583131938	-0.012907984442225947652	-0.0024057165022720173979
-3	5	-1	0.0074507114169723104649	0.0042904391915573047989	-0.0010683862028494570118	0.00096907788539654215326	-0.027694065265164217321	-0.0080259281476892027629
-3	5	0	0.0044791022566325429041	-0.00025613435400377912833	0.0026874613539795257425	-0.00015368061240226746616	-0.034180324356634914085	-0.0099631888455465646148
-3	5	1	0.0012215432523426127988	-0.0037937158074032514832	0.0067369880690497244494	-0.00070294880484403820999	-0.030020310588220786019	-0.0078664033979895624238
-3	5	2	0.0022559332647350341383	-0.0065101531170368050205	0.0082707155211627029351	-0.0027490680170649756456	-0.017292888905804208732	-0.0028925596328927688505
-3	5	3	0.0110970692194749046	-0.010944427350723361439	0.011060397362263508711	-0.0068504069457206830454	-0.0073369263842976090509	0.00047291755881111055635
-3	5	4	0.023763472174053609093	-0.014316195837483072784	0.015801451421505963157	-0.010116788460051521006	-0.0019292101463422453925	0.0019088386969520951524
-3	5	5	0.027901282840115889522	-0.014676539370855435501	0.017352666642984564127	-0.010407485920987186861	-0.00061189693891503091263	0.0016015622984739252138
-3	5	6	0.020613458465205927034	-0.0099660152973112536845	0.014054216231160243308	-0.0077812489163385876317	-0.0014051176266972388064	0.0015013664482931958228
-3	6	-6	-0.009121325316940622624	-0.015448907292575640368	-0.0061063452285918303625	-0.010584716207197589904	-0.0015456825701215192673	-0.0028602625609097684194
-3	6	-5	-0.01249112945040268402	-0.01853555687574371183	-0.0082650007006281524941	-0.012157898926814373827	-0.0024233231705121723205	-0.0034681445867310212346
-3	6	-4	-0.016333201387206282978	-0.020155554643880493199	-0.0095060755507156424748	-0.011933480878755823099	-0.0020092122856687532131	-0.0027835553352233634479
-3	6	-3	-0.014839686990166831709	-0.013567773517825105697	-0.0068766790409645990254	-0.0078074009623746755404	0.0010863289082376347428	-0.0020470284069242458171
-3	6	-2	-0.011722678754002294893	-0.0068039198172130197634	-0.0022063121740754556427	-0.0034205344988848039416	0.010965081608777075411	-5.5723770834882199938e-05
-3	6	-1	-0.0065596924250397757247	-0.0022643109070253253541	0.0011527042159181924517	-0.00042858668030909254044	0.026595302570628483185	0.0042214126392214213618
-3	6	0	-0.0019886627303397517649	0.00044721038967915702081	-0.00099433136516987588246	0.00022360519483957851041	0.032247803892304381657	0.0054815381592128948132
-3	6	1	0.00069634938911285605527	0.002457739614771529274	-0.0044625011236879832607	0.00054242642137999148768	0.028864054909466467513	0.0041186603160346391128
-3	6	2	0.0013220052280329016008	0.0054551566515306532806	-0.0047271881076109420819	0.0027220876416115692004	0.016164572164882179406	1.6472052461271923456e-05
-3	6	3	-0.0071524491855784848304	0.010413479705988194779	-0.0071784289083595877873	0.0064045207601439229847	0.0072044086311406898768	-0.0023955618142996507568
-3	6	4	-0.018740250139056339324	0.015615414387503063695	-0.012210746960817949261	0.010103232292921638519	0.0042609328369346702661	-0.0034432876487551604405
-3	6	5	-0.018445315131289892474	0.013630754503285538379	-0.012329213575653726401	0.0094788357157557373567	0.0037278672120105368903	-0.0031961501569355631018
-3	6	6	-0.014724982743585430384	0.010151140457216153296	-0.01024806150385190219	0.0071459558207676793576	0.0028855701320591861311	-0.0020703855921596027098
-2	-6	-6	0.0010053149720799800862	-0.00024033134475989826923	0.00027029203658462058009	-0.00012357012514145623654	-0.00060539702727794718513	0.00020368057339475566865
-2	-6	-5	0.00094472610454888518178	-0.00026657686820771023728	0.00016455416321792325045	-7.9651255239417004467e-05	-0.00057535543768106201662	0.00020221225357038450569
-2	-6	-4	0.00033472759346425272516	-0.00010380495425776793542	0.00016253605912418378336	-9.7644524661729279673e-05	-0.00041116788541840205116	0.00019836926412147788722
-2	-6	-3	-0.000247589308540617308	-0.00017214636149362244535	0.00011423545055417844531	-1.5066270020719418275e-05	-6.3411362081278703365e-05	0.00014489678103718711764
-2	-6	-2	-0.00021533984480993654457	-8.3175512091516088736e-06	0.00025947734377036269036	-0.00010845104736838582062	-0.00056309218650115149939	0.00033367069331430906226
-2	-6	-1	-9.8649027605129374478e-05	0.00014422902952013417132	0.00012309832511729691435	-8.9872044902054631834e-05	-0.00054129189549352281843	0.00025077421037205944836
-2	-6	0	2.1957328981780958258e-05	7.6115660069966199742e-05	-7.3191096605936530352e-06	-2.5371886689988734377e-05	-0.00068467867779372086796	0.00025475989716063302069
-2	-6	1	4.4641445064319254366e-06	-8.3779913070192611026e-07	-0.00013173307564349752245	6.2492224894665076044e-05	-0.00078147016484812130248	0.00037327775110658663327
-2	-6	2	0.00016288668757430139404	-5.1997856775565692898e-05	-0.00022461435158263739435	0.00016686803228917423915	-0.00051095636717361076189	0.00044860624009195699743
-2	-6	3	3.1038755344465994153e-05	0.00033274227987628482005	-0.00014542000980591508622	0.00015803037658041014179	-0.00027014751604885283397	0.00053788893974501014554
-2	-6	4	0.00017273339511238194107	7.1246974858985028965e-05	-8.3382655626612457527e-05	0.00043544886752016893731	-3.8707285883727715755e-05	0.00068879678870974593401
-2	-6	5	0.00029005655570265198757	-0.00021583937298607125984	-9.3387548880882224824e-05	0.0004347430177883235161	3.9575636240021160934e-06	0.0004353558721515596937
-2	-6	6	0.000244648662984960259	-0.00056365051659082693152	-0.00014259169571433541576	0.00021493821762960787841	-6.1042141386015338466e-05	2.7054712099332204077e-05
-2	-5	-6	-0.0012775318853626958533	0.00067552722010319151726	-0.00044520931945826887864	0.00022570362248289661247	0.00079685172800278934995	-0.00041326209210347769184
-2	-5	-5	-0.0011813904010339335363	0.00061159801284851856261	-0.00071046924597538559879	0.00028285210708676170781	0.001183025406388959035	-0.00052749131222616912201
-2	-5	-4	-0.00053658178272036752884	0.0003758515551354882139	-0.00043289341097550715614	0.00018716247098412268227	0.00080940765507956768249	-0.00042187886629789744623
-2	-5	-3	4.2788630745327764266e-05	8.7236356076629786751e-05	-9.4440041541868656244e-05	0.00018324574808937401488	0.0001288743154062292509	-0.00036356715086670988264
-2	-5	-2	0.00043277193245604925762	-0.00047003012441316469093	-0.00024448874333295671874	0.00032419265079876926098	0.00017844992587634251214	-0.00034045150258375848863
-2	-5	-1	0.0005112080451929479916	-0.000709971026905527932	-0.00016210958869693428848	0.00031334744563834323727	-0.00021186814690122462209	-0.00014679517438066032233
-2	-5	0	0.00025830213750180754193	-0.00073208451853876946487	-0.00010332085500072300593	0.00029283380741550776426	0.00014344002914566685958	0.00012050872007629574235
-2	-5	1	-6.3737479669567442494e-05	-0.00027814442284736077583	0.00010312497927860008883	6.7735065271236713112e-05	0.00038814993705386550494	-0.00021761351933853804032
-2	-5	2	-0.0001856140307792641627	-0.00024817892782545746336	0.00035891528008573180377	0.00011352870533840432946	0.00071167416943506529251	3.5642835520553353505e-05
-2	-5	3	-3.1438651392557047056e-05	-0.00054216689062505478425	9.3673185906977240447e-05	-0.0004803182979444017126	0.00013516287558325737841	-0.0011619750903240394675
-2	-5	4	-0.00014524378603389490614	-0.00061319726259553874233	-7.1640756016954902532e-05	-0.0004865346933546333655	-0.00016217283803814108462	-0.0009147669979910611187
-2	-5	5	-0.00021921514094636084576	-0.00041274811042966264669	-0.00022488997951543551247	-0.00078550207120976788845	-0.00031257603589397985619	-0.00095060131538163294713
-2	-5	6	-0.00012598459855983900084	9.485236520883357197e-05	6.5604792768677477237e-05	-0.00049590435396381043857	1.2675794453951566909e-05	-0.00038163617323356413416
-2	-4	-6	0.0028375525289700614592	-0.0011356306928703506064	0.0010505243411838267962	-0.0007558207266109340022	-0.0016462004037792383505	0.00088242404869740627589
-2	-4	-5	0.0030430790309851139634	-0.0011534043338040510414	0.0015756757816080091232	-0.0011041077206665364345	-0.0024777722376804530574	0.0013446479100548496509
-2	-4	-4	0.0023399288079144846784	-0.00084810322090674570335	0.0016501039848706474788	-0.00074909200482282391979	-0.002820068388827889818	0.0011731436152761967173
-2	-4	-3	0.00067570501543676294784	-0.00016276470568109022521	-0.00083391650452792744162	0.00020997728058375254726	0.00066141866241272795693	-0.00017145990365760992191
-2	-4	-2	-0.0010316240090497072468	0.0017159346931804077274	-0.0010198843912838555584	9.2000188960515515537e-05	0.0030713927916174183635	-0.0018999350711014389211
-2	-4	-1	-0.0014120737209222149547	0.0021111355447356789684	-7.6114485828426286401e-05	-0.00052262430203209384993	0.0031286053851581350008	-0.0021317738813429821035
-2	-4	0	-0.00083244209194448161998	0.0020127952894674859541	0.00041622104597224080999	-0.001006397644733742977	0.0014177762550683337909	-0.0011080757398383911036
-2	-4	1	-0.00032084250830449880876	0.00080097499851703476796	0.00025036223721698543402	-0.00076560312044365310628	0.00035976393225894406436	-0.0014604624847405426723
-2	-4	2	-0.00029784372636748075855	0.00047336801604168084016	-0.00017605124123263105117	-0.00077626276851224104356	-0.00064994620883274286088	-0.0010791575209828012469
-2	-4	3	0.00035953581374522801308	0.0010198776922932064649	-0.00029146808206569649151	1.1322974429410254628e-05	-0.00014893356692410999803	0.00069501576076801802571
-2	-4	4	0.0007327851488849537482	0.0020466890335837793942	0.00083852793335558904134	0.0022088588458967881208	0.0012049205077980659154	0.003232203362688677601
-2	-4	5	0.00068234418946564693188	0.0011528899929897592526	0.00098631486961797947693	0.0023585636225333717932	0.0010619895714806422676	0.0023480068952226010488
-2	-4	6	0.00038278035500746059386	0.00038928047038839857456	0.00041864786241349377302	0.0012749837166427114687	0.0004066920266114827133	0.0009797493012246071345
-2	-3	-6	-0.0057023520802271772737	0.0029476043263830234084	-0.0027773838512054551016	0.0025519859640066853458	0.0032894759523451203367	-0.002258527757464350548
-2	-3	-5	-0.0074451704351840364629	0.0037397954294923979948	-0.0046281741965972606964	0.0033773305714067604517	0.0057549726920319704826	-0.0035223165146410152955
-2	-3	-4	-0.0059076817651568178102	0.0024825331059812479582	-0.0035355152247541514129	0.0022306709859252083633	0.005605477301144022248	-0.0029142697924345304684
-2	-3	-3	-0.0016685280835211752874	-0.00055459600646652542234	0.00077898289403126915863	-0.0011289986440776854804	0.00033336916164951433013	0.001498729315055369023
-2	-3	-2	0.0014194242606707073179	-0.0020445305240288070246	0.0015836016457429996727	9.9193213564817167994e-05	-0.0037948267292852071522	0.0018957407036815814624
-2	-3	-1	0.0018076531804195857325	-0.0028328021153376735895	0.00022665667239134496078	0.0010188579749040554533	-0.0042952763780132064558	0.0026090303059631806022
-2	-3	0	0.0010203832392359491171	-0.0024351578045068256011	-0.00068025549282396615032	0.0016234385363378836618	-0.0022930744466464797644	0.0037940128752061326456
-2	-3	1	0.00055982143472928409811	-0.00037647262535720914158	-0.00056709894544123857357	0.0020601497430446365049	-0.00058165396686514763292	0.0054275039784194914483
-2	-3	2	0.00051775061961824178722	5.2777773954422041718e-05	-8.5846009188322931391e-05	0.0019346471044326915036	0.00038898160583575742402	0.0029547484306034592361
-2	-3	3	-0.00017184184773647750272	-0.0026796151813930561662	-0.00039613882855251742908	-0.0022901334522784692026	-0.00051070006037683580036	-0.0040765435732071737471
-2	-3	4	-0.0024023778815641379063	-0.0049715030433947812044	-0.002191608991174671256	-0.0059316958182198840574	-0.0028448956841630721783	-0.0069345233853623034284
-2	-3	5	-0.0027234649146290722255	-0.0049638100510372030333	-0.0035250011261395027516	-0.0059809462517087311206	-0.0032043866415353305412	-0.0055740917714401198857
-2	-3	6	-0.0016779597153647810015	-0.0028581884553572959283	-0.0024750419001264068776	-0.0037241091718074751174	-0.0017968408551847971782	-0.002814784071022836346
-2	-2	-6	0.0089492049314401165422	-0.007156824286944006748	0.0074344100441172894858	-0.0062483544388933116853	-0.0054612049918524689651	0.0044683929086124394778
-2	-2	-5	0.01257513597980961656	-0.0091110761087876794562	0.011823869853741668379	-0.0088811227521486523634	-0.0097596023334205143224	0.0071968795443745330748
-2	-2	-4	0.010555103042134677399	-0.0067030344467036203499	0.010834400315214114466	-0.0073125194758618880519	-0.0106947516786743968	0.0070077769612827542009
-2	-2	-3	0.0020838842076509153829	-0.0018836771027258194383	0.00228772111601609901	-0.0021916209847991823326	-0.0029144035491113430732	0.0027168653916833343694
-2	-2	-2	-0.00072346210542210411757	-0.00065771166481395286312	-0.00081380662801261709639	-0.0014325638395225289475	0.001537268733434721214	0.0020902755043364818106
-2	-2	-1	-0.00059827544412484323904	0.00062646668207741928666	-0.00074782134631019641594	0.00015155785355560637533	0.00269219358087007931	-0.001556049071266051324
-2	-2	0	5.4419577088693795971e-05	8.6683118557911165701e-05	-5.4419577088693795971e-05	-8.6683118557911165701e-05	0.00074155968951333068803	-0.0027089662239553253566
-2	-2	1	-7.5734961870874850263e-05	-0.00045160630384113677931	0.00015195942267981119543	-0.00088631361808743009713	0.00015244892161787271744	-0.0026758398438571336445
-2	-2	2	-0.00024056064346856731646	-0.0017810671099513740705	0.00033831058336424328289	-0.0019036470967320078852	9.7749939895675966436e-05	-0.0036847142066833821726
-2	-2	3	0.0012698777768857458237	0.0029098409527438481338	0.001827154710499897302	0.0036969182542312727449	0.0020646883249237622283	0.0044045061379834144974
-2	-2	4	0.0067341954490075291856	0.011512390801964639611	0.0068170683702334670603	0.012563147943523264929	0.0067756319096204985566	0.01203776937274395227
-2	-2	5	0.0082858945132325903526	0.011573591700985394123	0.0082679660034647699945	0.011825974703738417748	0.0066215442066789439654	0.0093598265618895244017
-2	-2	6	0.0060914454616604260528	0.0075022948595958368484	0.0058184378493910645161	0.0071481247329334253807	0.0039699611036838299005	0.0048834731975097543655
-2	-1	-6	-0.0090178485852393779759	0.011505086220214108539	-0.013288147949876618487	0.010407564067603427421	0.0052206408533925626955	-0.0055696227513386074165
-2	-1	-5	-0.014655819653420826612	0.015641213143628405341	-0.021441536134056030788	0.017552196547067546589	0.010150635088179536455	-0.0097669245668648707603
-2	-1	-4	-0.013021708139352250119	0.01248414234137894957	-0.020675877963235434615	0.016755160238196457195	0.011679823560484983713	-0.010430861230238589951
-2	-1	-3	-0.0015337486367050963409	0.0056146906055218439094	-0.0066498757297535539962	0.0071166045651048833592	0.0032391243343879157039	-0.006115328592049523726
-2	-1	-2	0.0010967889792068777084	0.0024589340914631619903	0.00040481099227391041315	-0.0011759473796257354644	-0.0012991944753438329149	-0.0018709604016502942581
-2	-1	-1	0.00081881493493008567202	0.0024029425710356791708	0.00086834766951012409743	-0.0033631909415214409492	-0.0025059775393702953331	-0.0014426942005499173924
-2	-1	0	-0.0014079326879699483478	0.0075626243362471043744	0.0028158653759398966955	-0.015125248672494208749	-3.2981256212180122024e-05	-0.00080023757728858572504
-2	-1	1	-0.00055585709827538033398	0.0029869066963157152664	0.0016686508931263153467	-0.0039526837511515153581	0.00055693669657555478717	0.0020211296414799156083
-2	-1	2	-0.00089809842785287807843	0.0028069702709292271813	0.00095215149235226045465	-0.003241108914283066713	-0.00042202268167674790531	0.0011864158137876940416
-2	-1	3	-0.0031851678920301819582	-0.0019767127661525023784	-0.0047370721056109949335	-0.0064658099431927767986	-0.0037024692965571194721	-0.0034730784918325938518
-2	-1	4	-0.012624181855969644067	-0.01642432156720285974	-0.014720638856860257526	-0.020297922938789181302	-0.0099922506421998864151	-0.013286641518298725195
-2	-1	5	-0.01654947726823488216	-0.017136210218852948595	-0.01477074116677193176	-0.018137033747028234731	-0.0095739391406483385222	-0.010481890836946826731
-2	-1	6	-0.013129103518535543971	-0.011000464906373569676	-0.0082933733081871213733	-0.0094441448373677044925	-0.0057585967242097012633	-0.0052408457750191400626
-2	0	-6	0.0092659915917478793274	-0.016512975810723959369	0.020303215505531956031	-0.016134641520727438513	-0.0030886638639159597758	0.0055043252702413189223
-2	0	-5	0.015973020374350666017	-0.022215003655902575835	0.029825533545816674402	-0.028066693587991676379	-0.0063892081497402665805	0.0088860014623610306811
-2	0	-4	0.016106229913913541751	-0.020143094098495999827	0.031418570797429740127	-0.031689763375869456352	-0.0080531149569567708757	0.010071547049247999914
-2	0	-3	0.0035637368507153224795	-0.0074503007517207724131	0.016099652797549379724	-0.012562100354514441763	-0.0023758245671435481751	0.0049668671678138485645
-2	0	-2	-0.00051660510738613454884	-0.003457782709176301407	0.0024605593835567629232	0.008903545686143784707	0.00051660510738613454884	0.003457782709176301407
-2	0	-1	-0.0006598995250731769192	-0.0026301338122645297191	-0.00071936907303980063798	0.014588099108509305912	0.0013197990501463538384	0.0052602676245290594381
-2	0	0	0	-0	0.00020302060631927879193	0.012350253040006685737	0.00099108509413760054879	0.0023491146825804884619
-2	0	1	3.3699902292366757754e-06	-0.0013958069102034148957	-0.0013223906431516817619	0.012664114396757358491	6.7399804584733515508e-06	-0.0027916138204068297914
-2	0	2	7.2449111851459786098e-05	-0.0035099214335023503838	-0.0031615464287119156815	0.0086977789572848605154	7.2449111851459786098e-05	-0.0035099214335023503838
-2	0	3	0.0053606075113509848648	0.0036877819952094875212	0.0083301114162870077556	0.012852493150906045896	0.0035737383409006565765	0.0024585213301396582029
-2	0	4	0.022373175899773587588	0.022658822997882341332	0.025654686298019462737	0.026033407192777698047	0.011186587949886793794	0.011329411498941170666
-2	0	5	0.027787867374887274818	0.021758583453125941026	0.022797100664212130439	0.021895451102629966827	0.011115146949954909233	0.0087034333812503767575
-2	0	6	0.022420822998367777312	0.013786767880908872008	0.012138641934755464366	0.012288678406646829852	0.0074736076661225930157	0.0045955892936362903803
-2	1	-6	-0.0036216746263726751556	0.010183148349099769431	-0.017116528618991891375	0.011885660164565976446	-0.0016455298943744236552	-0.0014134394222722604026
-2	1	-5	-0.0097549070500709163245	0.018784444395338509293	-0.026943258418377920294	0.028171630684406558792	-0.001486688863647217659	-0.0018794516212540918719
-2	1	-4	-0.013738722755016058441	0.021316095150923045076	-0.03070759887785795561	0.038190649603485095354	-0.00080753834195645989892	-0.0011103851745902486997
-2	1	-3	-0.0083148423931208911147	0.010849336545951496907	-0.020683965475993604244	0.018389705028601502357	-0.0013514268965839413943	-0.0011029893544338312088
-2	1	-2	-0.0031878049936200120347	-0.00074534232741363187161	-0.0097246718547034424057	-0.0098137156574366717077	-0.0016745309337317089513	-0.0041615155013047045243
-2	1	-1	-0.0025029049899496485371	-0.0068312987728989058717	-0.0070937546184604953481	-0.017741397937516209526	-0.0020879446385611987076	-0.0040788003917183986505
-2	1	0	-0.0044999464447337093886	-0.016523097193682913936	-0.0089998928894674187773	-0.033046194387365827871	-0.00059257003089329286089	-0.00018539544383933885367
-2	1	1	-0.0006158703137778529001	-0.0042827139459121624579	-0.0022430312011995712576	-0.010744768846800723319	0.0010112905736438656742	0.0021793409549763992708
-2	1	2	0.001243395595990443199	0.00070702645376774931728	0.00093132067729509708954	-0.0058925898324065535683	0.00077773525734289470843	0.0036533213699710257762
-2	1	3	-0.0083581572352603439313	-0.0068323653287187015304	-0.0095283861046299989095	-0.010860470881366138599	-0.0023959761219635631289	-0.00093475325869042159583
-2	1	4	-0.026326886925694733405	-0.020898937489047104271	-0.026031173112672976316	-0.020206128615668408899	-0.0066556501846791226232	-0.0053979365906064490435
-2	1	5	-0.028445480399814936784	-0.016981745782415853807	-0.020309749496918747674	-0.015498506493523587016	-0.0073162422605422255256	-0.0036929970142616235125
-2	1	6	-0.020721552197626794123	-0.007721224608332842923	-0.0090042645180750963824	-0.0077348135471161857946	-0.0054064733128630828446	-0.001284605944924916603
-2	2	-6	0.00048694350156251058927	-0.0029654795069301745185	0.01370315659207601254	-0.005899752292522546411	0.0044054043635045007227	-0.00097809092853079070314
-2	2	-5	0.003911251797378672776	-0.0097674768191147315344	0.016887645524261932217	-0.016168935025893536178	0.005190557490753303603	-0.0025605832827115212504
-2	2	-4	0.0089030728367649088206	-0.018312038688656422786	0.01979975284010706757	-0.029838883870808942389	0.0054483400016710802419	-0.0057634225910762598016
-2	2	-3	0.0086584221769725883133	-0.017885932991976903617	0.014089527814286505539	-0.021694354345320018135	0.0036207370915426126401	-0.0025389475688954092451
-2	2	-2	0.005771816433715823598	-0.0013239587402116463968	0.0075417596554538529618	0.0044629319020078658115	0.0017699432217380293639	0.0057868906422195122083
-2	2	-1	0.0033687938586650281042	0.0045653389292073789582	0.0036081594526773488364	0.0069127623865165273645	0.00047873118802464173548	0.0046948469146182968126
-2	2	0	0.0052997874131550911161	-0.0022290336572524868664	0.0052997874131550911161	-0.0022290336572524868664	-0.00023948950819978616464	0.00077617622298737037976
-2	2	1	0.0022468215003961372611	-0.010451274385239590209	0.0035756753256888608103	-0.0079207115825773166673	-0.0026577076505854466647	-0.0050611256053245444811
-2	2	2	0.0023385026914939134601	-0.0088780031960559342707	0.0055845415217048886489	-0.001492429620862950005	-0.0032460388302109751887	-0.007385573575192983832
-2	2	3	0.015242645650226776047	0.007901285618517557563	0.011178811642917344665	0.0055108714477358810083	0.0027092226715396206319	0.0015936094471877850203
-2	2	4	0.029956256487767965457	0.016793949793814825361	0.016008621996750061617	0.007063156958781588099	0.0069738172455089519203	0.0048653964175166186309
-2	2	5	0.028580460002502944272	0.010681904895380700884	0.011514921146748359135	0.0050309806468070176685	0.0068262155423018345754	0.0022603696994294730262
-2	2	6	0.024013678405766274854	0.0052062312345771116079	0.0082113560364368912148	0.0033069011032442513671	0.005267440789776461213	0.00063311004377762008025
-2	3	-6	-0.0008197317280033174355	-0.0098161524593027623536	-0.0048170041796392962241	-0.0067625327745773214719	-0.0021352581804852089307	-0.00010921556752107359643
-2	3	-5	-0.0021930044705658494411	-0.0047273375427238951973	-0.0059412685112141079211	-0.0018926398248688912872	-0.0026875593185021252364	0.00075535112216822337169
-2	3	-4	-0.0031487189760749868979	0.0033395418276531397238	-0.0050913921535457691211	0.0047950678103145421075	-0.0022441846271218333919	0.0019265299439093369355
-2	3	-3	-0.0039549992089101381615	0.0080990481143356357618	-0.0031534243742996413522	0.0077061646162623759215	-0.0005167582350262160196	0.0023067992067052852691
-2	3	-2	-0.0044782716731559240458	0.0017192008319962953644	-0.0014106665077990576673	0.0014847644415813554281	0.0023622719114573371112	0.00050794583037573777778
-2	3	-1	-0.0050731333888317294706	-5.8182177778483990937e-05	-0.0012909145109093393515	0.00054855993830974587779	0.006273523244935440453	0.0017620441704862058185
-2	3	0	-0.0064682116760418646023	0.009617321079732262315	-0.0043121411173612433573	0.0064115473864881748767	0.0087105629674417775488	0.004452881740192583121
-2	3	1	-0.0055854108212240634324	0.0089087650451870580015	-0.006950385270974205644	0.0037136262654606576154	0.0096803341704744891999	0.006676651293992142723
-2	3	2	-0.0047584587773519980078	0.0065268746008212150458	-0.0064604054764558025564	0.0023129363001811518823	0.0049321494373317066942	0.0030574701505494874393
-2	3	3	-0.015798232492864432153	-0.002167665654439858685	-0.0091448087153894307838	0.00059633092426372485886	-0.0013873462798535244906	-0.0020414413605569642352
-2	3	4	-0.018596563401909921992	-0.0039360534081641050663	-0.0059667225853940603075	0.0012234274890605900069	-0.0048232397619094157654	-0.0028855973208774948757
-2	3	5	-0.023133050945192003278	-0.0017517434572577998166	-0.0071603308014692558861	0.0016815642142082557094	-0.0049570218971952484735	-0.0017096359114280733522
-2	3	6	-0.018852433447833282648	0.00055466445869312023045	-0.0070868839548280399693	0.0017840889715601451326	-0.0027407025051970740868	-0.00070715633288236589508
-2	4	-6	0.0044355692336589163174	0.016556272833687234181	0.0033338160489998851753	0.0096243558797423078843	0.00074402095478028464157	0.00089747964193246081849
-2	4	-5	0.0052743776767375273595	0.016538930779303916835	0.0042709277689541745235	0.0092029794562001540625	0.0013069911444683285449	0.00074681125323855686304
-2	4	-4	0.0055175095258017999716	0.010004917218275736351	0.0037594186927477043006	0.0051034657554076025276	0.0010006639298468040979	0.00010100714626973493471
-2	4	-3	0.0026915999496086051058	0.0041454203140103285108	0.00095210168438760573416	0.0024355879353835227161	-0.00052493105388892920011	0.0004838370378378111002
-2	4	-2	0.0069167382943144109161	0.0036463796186537601046	-0.0015046088581563282771	-0.00029667618476049027656	-0.0099259560106270683377	-0.0042397319881747408746
-2	4	-1	0.0079235410352392187522	0.0034217170534656493434	-0.00024558419540561239819	-8.8019246778421155863e-05	-0.016829418852100888615	-0.0071955110940449835272
-2	4	0	0.0074879098508355236216	-0.00079946026323021116694	0.0037439549254177618108	-0.00039973013161510558347	-0.019929405929756838223	-0.0085685883221922661684
-2	4	1	0.0058045027768913771971	-0.004076440622671395099	0.0078927847271906496213	-1.2998474628841218925e-05	-0.019962133354979844091	-0.0081008873468274254781
-2	4	2	0.0044327515700975936644	-0.0060269604964516502316	0.0089597600119382756617	-0.00084129017808893928349	-0.013486768453778958526	-0.0043443801402737718814
-2	4	3	0.0081653295241903948998	-0.0032963535111852023708	0.0052120318654718155241	-0.0024346219681830689671	-0.0015058228045021584442	0.0010485936167872900865
-2	4	4	0.018523612947657561861	-0.0037707706026473752567	0.0069558555369820867717	-0.0038453352150663797082	0.0023059509368466937253	0.0019599499137426920799
-2	4	5	0.020982446591403049879	-0.0048664349614551431419	0.0076916002090880852132	-0.0040606028752787721656	0.0022396984692907516944	0.0013019083156409604757
-2	4	6	0.019024324346452813062	-0.0036577072876545243911	0.0084133273219723133524	-0.0033693601649334718913	0.0007325565675027286049	0.0010270043474041397249
-2	5	-6	-0.007327124579213661372	-0.01779284602962298914	-0.0036147769746851438934	-0.00913543903995267699	-0.00056993928583306608434	-0.0016819171900862347341
-2	5	-5	-0.0099337753896739221932	-0.020309182955845505453	-0.0048810326887710128729	-0.0097561401143153644172	-0.00090752253290144455945	-0.0016324669319771618458
-2	5	-4	-0.0097055941330460426125	-0.016923701484555176561	-0.0046180529648875189366	-0.0075881975598374225983	-0.00091976913958637682243	-0.0010233962075191891002
-2	5	-3	-0.007293287971241299919	-0.0093082508671149637169	-0.0023059195686516271127	-0.0043907321932695718425	0.0010189926997414883083	-0.0011123864107059774041
-2	5	-2	-0.0059856031579791114938	-0.0042923816644858774072	0.0012766614055456904607	-0.00103560569876087619	0.0091772566718433378624	0.0017033674175836867153
-2	5	-1	-0.0048199438786521303646	-0.0018851458963259405156	0.0020479665391521920982	0.00053511771107811586991	0.019879720453065220787	0.0064458803480424604893
-2	5	0	-0.0025758563384752713142	0.0017049001064084053862	-0.0010303425353901086124	0.00068196004256336213278	0.02588811939007651039	0.0086798596334108704675
-2	5	1	-0.00033261357279258408357	0.0030119791429151910982	-0.0047101811266894036759	-0.00013037431848751993534	0.022885678487861847719	0.0066758298782679820899
-2	5	2	-0.001044901823268866263	0.0046658289453564288918	-0.0059410691678373848262	0.00094511556471966388752	0.013807771096324595803	0.0023030400335572694982
-2	5	3	-0.0064454664844871036034	0.0053646565239749985712	-0.0054719380870159178842	0.0029352214619321982322	0.0048229191553684613164	-0.0013155980872369980785
-2	5	4	-0.016442276797038399283	0.0083300869496917163276	-0.0072492973586491720253	0.004839143854282294821	0.00084048329979226484802	-0.0018838863430070097119
-2	5	5	-0.021538426752233271605	0.0094215129044862584023	-0.0092023693771551770548	0.0053284693169261976992	0.00058699867626186869474	-0.0015598641551316941647
-2	5	6	-0.017682471660079118053	0.0065903365642785410178	-0.0083044979768034966894	0.0039449829135348567916	0.0010262577606432079624	-0.0010907069065195335814
-2	6	-6	0.0071975620022739286719	0.012846005704648196313	0.003669094941202037663	0.0071657620410698055421	0.0012699076071107280334	0.0028837601395204069156
-2	6	-5	0.01081202061967565832	0.0162618828235170515	0.0048776518703037771707	0.007635922784882817442	0.0015283739964942687998	0.0026583542124525598102
-2	6	-4	0.012042429017243609646	0.014990240230921722878	0.0049618822433144709264	0.006384949023952997578	0.0014216088563499017835	0.0020823034204686344945
-2	6	-3	0.0093517554538546758536	0.0083813506014522656806	0.0031976215026694836119	0.0038123505117718605069	0.00016073936943585006936	0.0020371339559088772267
-2	6	-2	0.0062925208515085219105	0.0035018420649974447284	-0.00057407681991982894166	0.0010990309487850264281	-0.0080147513112680084102	-0.0002047492186423653898
-2	6	-1	0.0030489037901978792953	0.0006627169994451243603	-0.0019524760654423029167	-0.0003563137020554875585	-0.017812663973049577826	-0.0034633162112231740716
-2	6	0	0.001110069356248937671	-0.00071217989599031922363	0.00037002311874964589032	-0.00023739329866343975928	-0.024463710750789343512	-0.0052456933276131502072
-2	6	1	-0.00083677163989795671356	-0.0017029272409445381058	0.0030972335499228551003	2.8752502318525013616e-05	-0.020256944579333042294	-0.0035783694958002264762
-2	6	2	-0.0012213953563153046381	-0.0030124495738633322306	0.0037828563438546641655	-0.00084025619738305331544	-0.012569964387879295833	-0.00049168098171417250111
-2	6	3	0.0037338292804080168256	-0.0055955311051375184253	0.0037254201404672156704	-0.0029773402507295579703	-0.0049616207606624201237	0.0022243264313674369903
-2	6	4	0.013402275268361395558	-0.01010833162310062483	0.006525636126458498644	-0.0052355892115497400935	-0.0030873165555070501871	0.0027992180057742972916
-2	6	5	0.016435150687398900754	-0.010438129284808595962	0.0077833604123662353605	-0.0054615142812881782922	-0.0027659722198799222177	0.0023785654236223759128
-2	6	6	0.012440310105050757586	-0.006948892478749804473	0.0068202895451507060398	-0.0040040891960284276038	-0.0026735195101337864108	0.0016877917031118262574
-1	-6	-6	-0.0023557290053623568087	-0.00024910059117800730129	-0.00061311766968252464933	4.4918347941594013225e-05	0.0010057391705762506757	-3.4015827452594679513e-06
-1	-6	-5	-0.0022255836753041088015	-0.00026918207791715333252	-0.00015869160421468848422	8.4917252137830877929e-05	0.00063554666011844793052	-4.8064286981966388367e-05
-1	-6	-4	-0.0014597491686674758053	-0.00033832437145992475848	-1.9959924285859363208e-05	0.00013622241676576192742	0.00039487717859565797749	-0.00011975253228366170152
-1	-6	-3	-0.00025977207334397978047	1.7106462192078024967e-05	-4.6821450377771946455e-05	5.8272262435493231989e-05	0.00018023359187020382877	-0.00012224667893501246665
-1	-6	-2	0.00026618187610067485429	-0.00016277773704952819799	-0.00037878426522981912964	0.00023439682375604910117	0.0010032618576391199618	-0.00062180160274338325873
-1	-6	-1	0.0001078634937763630258	-0.00030554712787968707141	-0.00029597126596009819917	0.00015975593350665853406	0.0016679641019842260472	-0.00065298847316026407874
-1	-6	0	-0.00017396880741870062326	-0.00013781909664418811158	2.8994801236450102748e-05	2.2969849440698020856e-05	0.0017620279331013661336	-0.00070451328560436744883
-1	-6	1	-0.00022421002287740748426	-2.7177751212534003992e-06	0.00032851528532588112133	-0.00010730211808392159823	0.0017468816890778794335	-0.000646530483624782994
-1	-6	2	-0.00015937212894346836143	0.00029295503215798321568	0.00028360001213633312563	-0.00012773047964566416803	0.00077111397193726529103	-0.00023671392285800092335
-1	-6	3	-0.00043476771280368301485	0.00010165794628363035836	0.00013401654232291767893	-7.6708134652437581368e-05	0.00012311051371127434387	-0.00011953028721033171898
-1	-6	4	-0.00087065968429610683926	0.0009829037683151040615	0.00013884536985497774263	-0.0003103187424874454068	-9.396866291560073843e-06	-0.00021975217165239212193
-1	-6	5	-0.0009688137102612106406	0.0014034087542106957192	1.4717094417179005651e-05	-0.00022610693769956790233	-0.00017610222875162731592	9.3534256026576444333e-06
-1	-6	6	-0.00082803709720506127497	0.0018212472256501285872	-4.5846637170589179915e-05	0.00027994577879692205671	-0.00018385282003809938337	0.00058348698307194354212
-1	-5	-6	0.0027164723804675053147	-0.00041500555467605771765	0.00032445255329752376765	-0.00036290464176670959254	-0.00072312252449252068312	0.00037158812725160091962
-1	-5	-5	0.0027722333400922441124	-0.00030271383485714660347	0.00026577135052481152882	-0.00036353967396303464923	-0.00082021801854326040551	0.00042408244093446395909
-1	-5	-4	0.0019060042786667350748	-0.00017464711670285088451	-0.00014224730653868302268	-0.00021027922933680885859	-0.00029869193649333000392	0.00030651081584672380115
-1	-5	-3	0.00059413726696501824136	5.0763460423211135186e-05	-0.00026338557315965237552	-7.0145800906487872192e-05	0.00024093019961108125726	9.998851470307609107e-05
-1	-5	-2	-0.00034450613464731370946	0.00077238324912133691624	0.00010422223912349017994	-0.00037753577698248206619	-8.8302530485068574779e-05	0.00055764781789553665315
-1	-5	-1	-0.00072274595690530272357	0.0012184720727308104814	0.00016644885867022707424	-0.00033189613608140160813	-0.0001094983364458326883	0.00044100860767619777612
-1	-5	0	-0.000477388277469215441	0.0013044640333823608654	9.5477655493843090911e-05	-0.00026089280667647218393	-0.00014162610088895615434	0.0001346119348980432881
-1	-5	1	0.00030694811090566662473	0.00024442438224306004251	-0.00013151515249274877881	-4.2092139315433378622e-05	-0.00035062765155807729643	3.3963685665893129071e-05
-1	-5	2	0.0002838849273490095756	0.00012178615873268829159	-0.00039252955996535535696	6.5739528425833065989e-06	-0.00083938143623888360461	7.7327961472802416104e-05
-1	-5	3	0.00030204186248427070637	0.00013259130340443587106	-0.00021320058039928872079	0.00011066228906590424804	-0.000254653679837391002	0.00022863424957798568569
-1	-5	4	0.00056950124981699167242	0.00050834606972797221746	-1.6383775239779401407e-06	0.00050778652376482521884	0.00014032734054927550622	0.00076181967213802465923
-1	-5	5	0.0006552474215280696887	-0.00070039824789024508582	0.00018247464855188506297	0.0005560071090083386694	0.00031352413285749901155	0.00041592745943028961971
-1	-5	6	0.00044561150063473456851	-0.0012691627083755703358	-2.6923623685563968376e-05	0.00036673541109222859528	5.1832230367819127881e-05	9.4085724514262106775e-05
-1	-4	-6	-0.0052895656102931697118	0.00087161637509248200174	-0.00056368198965394333486	0.0012366767970634069511	0.0012573822614848238419	-0.00096972059389101826488
-1	-4	-5	-0.0056505880350090718217	0.0012807954977547470789	-0.00061073884988541008757	0.0012909425429825894475	0.0016187086869101424344	-0.0012889131339370210171
-1	-4	-4	-0.0047346029394395652834	0.00096269648147127276274	0.00024206509962245659966	0.00032667621901861463316	0.00094158563523743469409	-0.00056735033938643279674
-1	-4	-3	-0.0021060546632417466786	0.00013055755318300290798	0.0019810888615119453225	-0.00051995287944011400576	-0.0019394335942686782761	0.00064975132152581764177
-1	-4	-2	0.0012098069798106077678	-0.0026000243428138877788	0.0010828177546792446852	5.8197180437072427235e-05	-0.0027705389992637931458	0.0011836178105327991705
-1	-4	-1	0.0021594233892064003399	-0.0032518023693599244078	7.6722231709966631601e-05	0.00064101985630038557564	-0.0024663123160462668663	0.00068772294415838199685
-1	-4	0	0.001239871182510765427	-0.0022041129317171949745	-0.00030996779562769135674	0.00055102823292929874362	-0.0013932030346029719396	0.0012858805853413817974
-1	-4	1	0.00044774716455944801223	-0.0010167068075253638849	-0.0002782642548054922076	0.00085020654406408550235	-0.00066530985466252087236	0.0023841193687309781245
-1	-4	2	0.00033559267003583525451	-0.00088636405368601553934	0.00021664648284643861216	0.00087068583103431878255	0.00060108930071079487868	0.0012981896352256298496
-1	-4	3	-0.00011359170707426289996	-0.0023488016580112784648	5.7648829766478110268e-05	-0.00014256933743415626972	3.9001203997216513705e-05	-0.00097302633591596777562
-1	-4	4	-0.0011431413606025353242	-0.0029429686705663049735	-0.00043635368620624368418	-0.0017602239754985178968	-0.00072213902635687751523	-0.0024959661431400940318
-1	-4	5	-0.00090297365839762022601	-0.0015898738444238133191	-0.0012726465022394350436	-0.0026187308942534548092	-0.001198711933471072015	-0.0024129594842875264245
-1	-4	6	-0.00048312532654609972394	0.0004965386100033486504	-0.00087264611176766644467	-0.0016546827730541280744	-0.00066228496226946090807	-0.001020365413702193887
-1	-3	-6	0.010302263247108641581	-0.0035083829262467450955	0.0019940414455147715579	-0.0039629236059070373568	-0.0027140645972754929259	0.0025661922906613098168
-1	-3	-5	0.012622831243749067093	-0.004657858870422615892	0.0038832973970028077625	-0.0043827697973228803632	-0.0048545446869514979893	0.0035612336524782515698
-1	-3	-4	0.0087344721546979784549	-0.0034047750828329992161	0.0018618608472834245315	-0.0019885766899913784149	-0.0035800136741370629581	0.0023426262882017836152
-1	-3	-3	0.0048264493939456695054	0.00029702007107945639294	-0.0011496832541899846842	0.00047456322106964035287	-0.00045913321045857192603	-0.00057356991142945915052
-1	-3	-2	-0.0017336509850105099977	0.0043440509903136890341	-0.0011257316234303160925	-0.0010682387448736412831	0.0025554229276507291375	-0.00056966737784638280927
-1	-3	-1	-0.0034128560298338525385	0.0072069948622189104054	0.00095589280786121028945	-0.0027226312153159283776	0.00054517760625022177855	0.00096089878372887429364
-1	-3	0	-0.0043408929091063854985	0.0094167737252259988562	0.0014469643030354619774	-0.0031389245750753328075	0.0008065840250618000213	-0.0021631228163117998016
-1	-3	1	-0.0029848599650441551279	0.0063265895131104244592	0.0014751263681641940077	-0.0036963974812910930547	0.0014405191394484264614	-0.0047626029307628551385
-1	-3	2	-0.0016298747057226989354	0.0023085516449839874921	0.00071364802671286292797	-0.0029169936970091245657	0.00025553468720794503266	-0.0032212147230216928856
-1	-3	3	0.00061695116104653008413	0.0070908603660209861344	0.00096923947246449742438	0.0014442067277649786681	0.0011748898594800074886	0.0038078268497719739739
-1	-3	4	0.0029595086843866064315	0.0072233158196044902968	0.0031610697137377887812	0.0081668839339559401447	0.0031106794563999931938	0.0079309919053680774659
-1	-3	5	0.0035492581448637403746	0.0076857776565213932127	0.0051240793875868308194	0.0084982169346165536972	0.0037842992615248465665	0.0066360856920742112078
-1	-3	6	0.0017181888395552088241	0.0037521348561009135354	0.004374738532988029123	0.0057783264690354470619	0.0024737340730865494016	0.0035145190438678757146
-1	-2	-6	-0.015736641391276735835	0.0090791220230359275661	-0.0082031182872699687919	0.0095071721285893747572	0.0053571463276361119474	-0.0046822443800357800917
-1	-2	-5	-0.023873306116573005109	0.013944809489730614419	-0.015437819076969134385	0.013067881854736788233	0.010949788854102254429	-0.00801611463984083783
-1	-2	-4	-0.021211967847553300087	0.011901209871350194522	-0.014527601051926524942	0.010088547202004798098	0.012566792487851587493	-0.0080195760688399481131
-1	-2	-3	-0.0069506397524616734748	0.0046747979133880297742	-0.0024811858656506127242	0.0043341326044284570265	0.0039710038279209660186	-0.0044476877074149812757
-1	-2	-2	0.00038800715311525035096	-0.0020441858350897530033	0.0003016749987994420644	0.0024642656566264934011	-0.00049567857535706726698	-0.0014421727390816166826
-1	-2	-1	0.0018682850826655193061	-0.0043634540261713915602	-9.5447895354914784999e-05	0.0019327874798117411666	-0.001677389291955689709	0.00049787906654790933542
-1	-2	0	0.0048801645587565455758	-0.015414828041697924838	-0.0024400822793782727879	0.0077074140208489624188	-0.0012616849601743372871	0.00088305323174247716753
-1	-2	1	0.0014577865836563456709	-0.0048479304224124846259	-0.00053948946270964749129	0.0040382251927757340654	0.00037880765823705068833	0.0032285199631389835048
-1	-2	2	0.0014620696067793831179	-0.0030665250469381318335	-0.0011615883530203036014	0.0033158372804861454587	-0.00043055354963061209664	0.001782574757017079542
-1	-2	3	-0.003782236132244917292	-0.008082012676344129537	-0.0037366691444957575614	-0.0021471558320999106599	-0.0037518581404121444274	-0.0041254414468479836189
-1	-2	4	-0.012604553728739042312	-0.022178774354720248024	-0.011075542778265662705	-0.01892235455149915771	-0.0086889098213175919305	-0.015005870864429639994
-1	-2	5	-0.012830759597448513146	-0.020048398021250961321	-0.013612840046832290833	-0.018964822541694178332	-0.0080112879382226200031	-0.01159560862092786325
-1	-2	6	-0.0074434363965687720677	-0.010873613809981285891	-0.010277041313395220146	-0.011470095951716304319	-0.0046662531705598687265	-0.0056356342855689821325
-1	-1	-6	0.020744141676164791488	-0.018317792883140074367	0.019348216779791285042	-0.018216462421141322442	-0.0066820597426593460882	0.0060890425507135661348
-1	-1	-5	0.033801836209982824566	-0.028172957137150372864	0.033962172431373678638	-0.029170270761390882513	-0.013552801728271300641	0.011468645579708251422
-1	-1	-4	0.030322414260074887632	-0.025444195523727182462	0.032282621929776038339	-0.027436129761185333586	-0.01565125904746273236	0.013220081321228129012
-1	-1	-3	0.0057163702859708816553	-0.0079533990562315384082	0.0069482361962168127587	-0.0093669772022727752075	-0.0042215354940625645155	0.0057734587528347714944
-1	-1	-2	-0.0028923896555618582548	0.0017444133863452082091	0.00027098350053052786338	-0.0015794010690790129346	0.0013107030775156651957	-8.25061586330975695e-05
-1	-1	-1	0.00073747002953538482416	0.0020756245803689897175	-0.0013345803994646949706	4.0754762448346228945e-05	0.0005971103699293101464	-0.0021163793428173359804
-1	-1	0	-0.00048251640035139889634	0.0011148012590964423343	0.00048251640035139889634	-0.0011148012590964423343	-9.0787063262271746949e-05	-0.00042395569415847831349
-1	-1	1	0.00013195296016851225732	-0.0014090721065840518429	-0.00033614158574772547584	0.0016187988379307738807	-0.00020418862557921319142	0.00020972673134672206491
-1	-1	2	0.0010447790810910303951	0.0013650146818636652545	-0.0020749250766579430474	-0.0030072709530953815188	-0.00051507299778345643458	-0.00082112813561585813217
-1	-1	3	0.0062021854348629744391	0.0068857104746492345942	0.0063013005473054068545	0.0057788675498701719963	0.0041678286607227934754	0.0042215260081731355302
-1	-1	4	0.025429348889727546035	0.031973108134141239867	0.025399472945540145508	0.032351826827891970451	0.012707205458816922886	0.016081233740508300845
-1	-1	5	0.028948566840599338629	0.032987766170939132604	0.028140951722283938374	0.032778137861870525194	0.011417903712576655748	0.013153180806561932253
-1	-1	6	0.019184037389135051577	0.019025528547885219716	0.017514356653852470452	0.018357192494595483967	0.0061163990071645864266	0.0062304535070801178587
-1	0	-6	-0.021240938445434627557	0.02551417391451570732	-0.02659460003265306377	0.024715198228877219983	0.0035401564075724376371	-0.00425236231908595122
-1	0	-5	-0.036432588553917691354	0.038835548439154300715	-0.041645490195238603348	0.041283736906776696829	0.0072865177107835380974	-0.0077671096878308603165
-1	0	-4	-0.036932229626923475385	0.040017111043748769539	-0.047958477744180647018	0.049115715083291350274	0.0092330574067308688463	-0.010004277760937192385
-1	0	-3	-0.0062551520197234537074	0.010953612155127813096	-0.014639470936710270027	0.013107970444647055325	0.0020850506732411513804	-0.0036512040517092713213
-1	0	-2	-0.0003355379792112456812	-0.0014479205934069788297	-0.003010889365287255405	0.00602019400695222133	0.0001677689896056228406	0.00072396029670348941484
-1	0	-1	0.00015923456484321911355	-0.001254826778790128208	0.0019828767905314915662	0.0023960605446950587923	-0.00015923456484321911355	0.001254826778790128208
-1	0	0	0	-0	-0.00026181570509957105553	0.00020137137619145092232	7.4136486389924724917e-05	0.00027678735381828599438
-1	0	1	0.00082557715018746974725	-0.00086645504391432391633	-1.4513550082915553066e-05	-0.0017510037206443368474	0.00082557715018746974725	-0.00086645504391432391633
-1	0	2	-0.00019122594017042922007	-0.0029600743386816916712	0.00076821808382595863519	-0.00083102293565890956312	-9.5612970085214610033e-05	-0.0014800371693408458356
-1	0	3	-0.010901904480352185567	-0.006680876322641002979	-0.0068558967742514400831	-0.011716611816502053509	-0.0036339681601173950444	-0.0022269587742136678042
-1	0	4	-0.041418473730723617821	-0.039756377187115589378	-0.041475390316796943713	-0.041973346975432118677	-0.010354618432680904455	-0.0099390942967788973444
-1	0	5	-0.044563710334940831448	-0.038405622058391764018	-0.037453129480677228857	-0.03526603980989245074	-0.0089127420669881662896	-0.007681124411678352977
-1	0	6	-0.031598617526993784399	-0.02317458340874583092	-0.0219878377510823661	-0.021351202116941664366	-0.0052664362544989646447	-0.0038624305681243050088
-1	1	-6	0.013775317659048999866	-0.023337594854126664928	0.026936820359996709734	-0.024905222090330643436	0.0021935837834912851226	-0.00026127120603399616502
-1	1	-5	0.028865380547330832944	-0.040926665450076192554	0.041427247643689255052	-0.046925737748326812326	0.0025123734192716842481	-0.001199814459650124605
-1	1	-4	0.033298909882048734199	-0.046954371974450577476	0.043519561710922666231	-0.055258933218340168525	0.0025551629572184821407	-0.0020761403109723981959
-1	1	-3	0.010767505164176996782	-0.019521074584766821142	0.019196002482206972473	-0.018070078652143290593	0.0028094991060099916078	0.00048366531087451095994
-1	1	-2	0.0051659043072300502367	-0.009292113266075211625	0.0067951518593740260765	-0.010479068601770684735	0.00081462377607198770309	-0.00059347766784773601286
-1	1	-1	0.0043261228626521814125	-0.00077230876997114259602	0.0024649019464878883096	-0.0070816062772443922127	-0.0018612209161642935366	-0.0063092975072732496167
-1	1	0	-0.00071574440091112605765	-0.0014573764740047410841	-0.00071574440091112605765	-0.0014573764740047410841	-0.0013627697971287761839	-0.0007187035154129146116
-1	1	1	-0.0019439415535802287774	-0.00064206149224754999021	-0.0015914532686770147159	-0.0025375286050403535881	-0.0003524882849032140073	0.0018954671127928033811
-1	1	2	0.0039053101786549271682	0.0049406177681237247942	0.0025522295748441107231	0.0029121581850320254863	0.0006765403019054081141	0.0010142297915458494371
-1	1	3	0.016576696512325926613	0.0085996938455404573626	0.011462784164325053732	0.012172044577794246395	0.0017046374493336242939	-0.0011907835774179296052
-1	1	4	0.051424821369401255144	0.038297880499191666592	0.041975863881725097859	0.033481240297383065008	0.0023622393719190388876	0.0012041600504521497456
-1	1	5	0.052526305991378800797	0.034351302285467497089	0.037730385300221637446	0.030554288438291467983	0.0029591841382314333642	0.00075940276943520549583
-1	1	6	0.035554519867612384421	0.018644877313011169739	0.017900963904621442629	0.018228367650900318547	0.0029422593271651569652	6.9418277018474814689e-05
-1	2	-6	-0.0033209282931575116217	0.0091203578972499296795	-0.013253048426011097838	0.010676318432601134348	-0.0038641947598107807479	0.0020387131613253902697
-1	2	-5	-0.012189229192368006283	0.023739412840823252704	-0.019242294797867161293	0.024600327236346683502	-0.0052590720806732632608	0.0050922483263740230333
-1	2	-4	-0.0174936160120152083	0.033276392058881401614	-0.019125385415291122626	0.031256099220026693775	-0.0051892887046417583707	0.007308951595292994749
-1	2	-3	-0.0075719058189977822212	0.022058982791871489804	-0.0082385652590516739863	0.015006339205212522805	-0.0029684082330351880055	0.0026512318728511858473
-1	2	-2	0.00077009278991650948008	0.01196887799483848866	-0.00093689285175457251344	0.003552476543057378304	-0.0013219392467128273077	-0.0024319624543618660259
-1	2	-1	0.0034887363828102874695	0.013924847093751607785	0.0014441513905245713031	0.0048429213199057815839	-0.00060043360176114475481	-0.0042390044539400454846
-1	2	0	0.011666538438149510332	0.036584466694328438008	0.0058332692190747551658	0.018292233347164219004	-0.00075080826362880687987	-0.0026727025982666977912
-1	2	1	0.0044216320773931361635	0.019450179005071795146	0.0021923487336099763655	0.0084630418850578908313	3.6934610173183175037e-05	0.0025240952349560152185
-1	2	2	-0.0015788377009192855385	0.012278610151680337259	-0.0012909929487541461305	0.0028116307660144643915	0.00050157409829450346969	0.003327674309825704238
-1	2	3	-0.019260388609504876939	-0.0052044568835439087087	-0.0084331338609781817534	-0.0029626858057157754063	-0.00079804029584950469424	0.00024030490929588080068
-1	2	4	-0.03965525560668470284	-0.02143039275589549153	-0.018759076527274282792	-0.01030293679128145741	-0.00053427563803403561524	-0.00020612979333314398783
-1	2	5	-0.037675824068411647993	-0.017015424445889822808	-0.014355415771831697355	-0.010952758786567462143	-0.0017929985049496500928	0.0009780186254490204692
-1	2	6	-0.024367530054488557856	-0.0076032047512414038457	-0.0066867514055567768561	-0.0077605459579443286655	-0.0018323378738958340239	0.0013196478607745423198
-1	3	-6	0.0002671065313785064366	0.0020835982938083282348	0.0053810592886630002896	-0.0013647170637277889881	0.0026460118891017490178	-0.0010296249141652825693
-1	3	-5	0.0033035435068142697361	-0.0059454699377054281637	0.0061611667631395090894	-0.0062109546997706800708	0.0030359913565208515064	-0.0025374788323213222363
-1	3	-4	0.0054078474510576290957	-0.014009387742977297622	0.0051548463546044146627	-0.01066621685766987529	0.0025141729031889037231	-0.0044973157075080816281
-1	3	-3	0.0027017093592472981971	-0.014737808316210097848	0.0021553168964648546091	-0.0079829409904091166994	0.0012547471100490883988	-0.0030703382183390835053
-1	3	-2	-0.0012442364578189634219	-0.0053155957780790293737	-0.00079690452854943260013	-0.0010193563833508392617	-0.00057323856391466724344	0.0011287633140132557943
-1	3	-1	-0.0066123576238385399842	-0.01672928045972835176	-0.0022871126178950727803	-0.0047296730290910067238	-0.00024898022984667841093	0.0025402613724553320222
-1	3	0	-0.0093831168311216753275	-0.028752565790013614316	-0.0031277056103738917758	-0.0095841885966712041939	-0.0014668179806711868687	-0.0012469854183029748743
-1	3	1	-0.0036131644479083422326	-0.020995301004080743623	6.1869883886091285282e-05	-0.0052903808501536539813	-0.003798774099566616224	-0.0051241584536197842814
-1	3	2	0.0038386178737095807099	-0.0082556574030180351897	0.0039513452175681147704	-0.00025925235384779223057	-0.0040077088894973815839	-0.0037389501707373296556
-1	3	3	0.01700092843041265539	0.0029436993553913154767	0.0040998893300691055183	-0.00095414797306699896361	0.001567086813401779178	0.0019353810915307707169
-1	3	4	0.023971955061313814789	0.007895155608481009557	0.0027840670880428576052	0.00044397682719038590983	0.0039049384492963103849	0.0016408062817274630518
-1	3	5	0.025135874111846239626	0.0054860306560527826586	0.0021373455794908985395	0.0017487151472974093742	0.0037447674746747088015	4.7977042832110869267e-05
-1	3	6	0.018998686002592756611	0.0022568192589113816697	0.0019221020667973254519	0.0021403004976768137506	0.0022053966337001302232	-0.00069401370568650993034
-1	4	-6	-0.0019958695040637876132	-0.0096339735827038110866	-0.0017784285681917665067	-0.0035377181035441190513	-0.00085297412811721306895	-0.00075281647191211063623
-1	4	-5	-0.0030021836057389878968	-0.006725897287343961771	-0.002180392486447338754	-0.0019804295369802720102	-0.0011438772680100735106	-0.00023916417211542517264
-1	4	-4	-0.0034277326125746517688	-0.00063591514548950111522	-0.001651329526605131888	-2.5364100051018051375e-05	-0.00079439637346146894578	0.00013361468632135722065
-1	4	-3	-0.00062623950418792741646	0.0032768750308885255182	-0.00060750234367008674498	0.00058824644760097988608	-0.00060125662349747315168	-0.00030796308016153541498
-1	4	-2	-0.0020070425492391030971	7.7224030740614661868e-05	0.0014529792477526220964	0.00072351444122884878488	0.0039094797701247959582	0.0014084168670873901778
-1	4	-1	-0.0017624132822912825808	0.00012465901156633128061	0.0015731227302027109456	0.00074315879458437990313	0.0080549042031021270138	0.0028479761667711883319
-1	4	0	-0.0013295161312125191363	0.0028810184687336733503	-0.00033237903280312978407	0.00072025461718341833757	0.0099203254606585675179	0.0044596414047042686607
-1	4	1	-0.00076386113261580354875	0.0044063195913406731641	-0.0027729742398690838956	-0.00016549005969251288483	0.010328035826860532467	0.0050682798301107251371
-1	4	2	-0.0013061984447851452979	0.0034852643882288215568	-0.0031522472394639997929	-5.4567113269522648437e-05	0.005651395256535427479	0.0018517664206534562108
-1	4	3	-0.0082377612050799700616	-0.00047826727461934526956	-0.0014463884685954114459	0.0011823451649814952728	-0.0008174024435661079481	-0.0017358826448484420118
-1	4	4	-0.014493282365419064492	-0.00053292139786035165432	-0.001480756544928368227	0.001408495087538109633	-0.002142564046426397896	-0.0015417254370031976008
-1	4	5	-0.016615755715067657278	0.0010219670052830876969	-0.0017051028945930190271	0.00074999269554702535558	-0.0019590688273391164941	-0.0003956007553810027234
-1	4	6	-0.013833741704774013548	0.00088049733173641150322	-0.0025090218808813957718	0.00040404168623594301918	-0.00063294236354140514904	-0.00012261156886789344699
-1	5	-6	0.0042111667057849293261	0.010932229665453060616	0.0012916713976131972367	0.0038571369142876990935	0.00037453171371350962079	0.0013922424843309058086
-1	5	-5	0.0058619659658653913703	0.011954336506977256485	0.0017990865291265623147	0.0037324616310685314845	0.00062669333595348399729	0.0013415943296730800573
-1	5	-4	0.0053596095835431447826	0.0077645491607483858865	0.0015111445889721285187	0.0022219728189572652936	0.00054902834032937439853	0.00083632873350948547068
-1	5	-3	0.0029164413459807385018	0.0037643424808436027305	0.00052952169049331392157	0.0012690906005111653784	-8.961096450472300079e-05	0.00086037017390407468428
-1	5	-2	0.0029081382184242346445	0.0018627721509663231619	-0.0014641784758341954038	-3.1244611131455013041e-05	-0.005114515298797605615	-0.0010094976033117989984
-1	5	-1	0.0018770803701813375611	0.00045884965768439088616	-0.0017141667081640779829	-0.00062218659731834327457	-0.010447913911001726825	-0.0035697826442761073674
-1	5	0	0.00078349101761152214161	-0.0012932825177263999276	0.00015669820352230443374	-0.00025865650354528002888	-0.013847364676882762541	-0.0052536694209475822206
-1	5	1	0.00028744994079027435694	-0.0019003769774584215561	0.0026729362750154269865	0.00052963555671722633515	-0.013077231434286859871	-0.0045485547610445535571
-1	5	2	0.00057079219747717673417	-0.0020879965147240350451	0.0036592119907694008706	0.00027717853142606379375	-0.0088626338781849136467	-0.001736944585927177034
-1	5	3	0.0038918116008439906754	-0.0016650392558750712335	0.0017475878035855109491	-0.00094746053119891624622	-0.0016153758056945213568	0.0010240878000398365936
-1	5	4	0.009855956090656255858	-0.0032027191644986843441	0.0021035397519377002293	-0.0016386295615501218943	-0.00016543566725806121368	0.0012476071608129811735
-1	5	5	0.013741013455530923584	-0.0042703725550812688533	0.0032111551886933095007	-0.0016956557837042938574	-0.00046295249758712464288	0.00084158127268804
-1	5	6	0.011818783874426645047	-0.0029915556147632567027	0.0032936260683447500172	-0.0010996428886802965194	-0.00077489107788285098433	0.00041777647143970440607
-1	6	-6	-0.004441148800883239732	-0.0084246552679952593085	-0.0015972117495532121064	-0.0036474439700704577687	-0.00085702028273933889002	-0.0022433347587379145506
-1	6	-5	-0.0068527579209077572886	-0.010434760599649525736	-0.0018500993937127045968	-0.0031701656449601169595	-0.0008495676882736940801	-0.0017172466540222349873
-1	6	-4	-0.0071008290188324749842	-0.0090436416509965100036	-0.0018278723980723527755	-0.0025025884993544822779	-0.00096660134240041052558	-0.0014929723362825956991
-1	6	-3	-0.0045214521333506070555	-0.0041454268216987080059	-0.0010122674234784492103	-0.0014290321058766266953	-0.00051738413584002929373	-0.0014762552711870176054
-1	6	-2	-0.0023530257673600165833	-0.0017640686609168454869	0.00079019041935783347445	-0.00033333879843612735294	0.0035470841417535084981	-0.00011798206484995928827
-1	6	-1	-0.00075307423138776176819	-0.00013152971792270088248	0.0016915145396274313631	0.00042667966715039044564	0.010902161469152349405	0.0026916077208250436918
-1	6	0	-0.00057429364787596427419	0.00056768823760233949952	-9.5715607979327379032e-05	9.4614706267056583253e-05	0.014724601366005221278	0.0039283270751241505109
-1	6	1	-4.6917306958743631995e-05	0.00073089814441869120631	-0.0022243572346726239383	-0.00038693294957375007652	0.013299226101076999998	0.003052495841861191557
-1	6	2	0.0004802530429382855068	0.001237733315507910355	-0.002118598921666157639	-7.1211264013993402956e-06	0.0065959232864676161853	0.00064023003695815321364
-1	6	3	-0.0021078134228794962249	0.0021563758052764786174	-0.0015925044587734580367	0.00095247126642088544325	0.0024824044432537506651	-0.0011861505977496112751
-1	6	4	-0.0079191929964560394545	0.0049438038158802644767	-0.0024879973335949203891	0.0019032751085844552916	0.0017521977512783705033	-0.0016189617089066169267
-1	6	5	-0.010714957815293357779	0.0057015290662533789703	-0.0032609698876971660551	0.0020130285388834439839	0.0017701723021779276236	-0.0012753284334094570299
-1	6	6	-0.0084384173884645610059	0.0037256113085985470904	-0.0035296348832895780082	0.0015743443156956441961	0.0021232319852121511738	-0.00095340909759588634773
0	-6	-6	0.0050650223179608275595	0.0014075306013327888374	0.0015938395744156353892	0.00036972349781320886517	-0.0015938395744156353892	-0.00036972349781320886517
0	-6	-5	0.0057622017529152186679	0.0022950847442162625872	0.0011080093015917627085	0.00053336022926664264712	-0.0013296111619101151635	-0.00064003227511997119823
0	-6	-4	0.0040403176393539446537	0.0016994052535184366818	0.00070407880741752109765	0.00043890139365463737503	-0.0010561182111262818091	-0.00065835209048195608966
0	-6	-3	0.0010903605291963682205	0.00056460656497218442759	0.00060309750081438890431	0.00014524198347612166798	-0.0012061950016287778086	-0.00029048396695224333597
0	-6	-2	9.7058726857780322256e-05	0.00033847335664781311258	0.0012603414078348131218	-0.00023832584084672856807	-0.0037810242235044393654	0.00071497752254018570421
0	-6	-1	0.00028797953224057567037	0.00038478728336805638303	0.0012097732764937479608	-0.00035589880298187473147	-0.0072586396589624877645	0.0021353928178912484973
0	-6	0	0.00010589596084229381935	0.00041178170834530277615	-1.1474774922759664539e-41	8.9646679084059879214e-44	-0.0077268507826771344257	0.0023166008224223409891
0	-6	1	0.00035422995972401132144	-8.9692646992067052969e-05	-0.00097921610009731518617	0.00031058070734408290813	-0.0058752966005838919844	0.001863484244064497232
0	-6	2	0.0011907837906190430529	-0.0008137216548555262479	-0.00062049612257888140179	5.5744338089080508426e-05	-0.0018614883677366439885	0.00016723301426724152528
0	-6	3	0.001777898581348335335	-0.0018429819717824078452	0.00015263877756899492106	-0.00030292698678882314578	0.00030527755513798984213	-0.00060585397357764629155
0	-6	4	0.0033907263170128783443	-0.0038295160763054184039	0.00040753192492774185755	-0.00052188241946670311383	0.00061129788739161278633	-0.00078282362920005467075
0	-6	5	0.0031794207148752064163	-0.0050447713622053351468	0.00045516574455081162606	-0.00074167356702898765922	0.00054619889346097395127	-0.00089000828043478516938
0	-6	6	0.0022836276355682862474	-0.0045564888403799193306	0.00048144630316235720877	-0.001385885384658174348	0.00048144630316235720877	-0.001385885384658174348
0	-5	-6	-0.0063752975423339705227	-0.00062916748617652582497	-0.00080703570031492345704	0.0002190521239688196281	0.0006725297502624362142	-0.0001825434366406830189
0	-5	-5	-0.0070948721146173766849	-0.00096013451268329910032	-0.00091255206076222106053	-9.6883657156966282074e-05	0.00091255206076222106053	9.6883657156966282074e-05
0	-5	-4	-0.0048317596470282362514	-0.00043647394799644847899	7.6821743835650126522e-05	-0.00012067743997692115796	-9.6027179794562654764e-05	0.00015084679997115144068
0	-5	-3	-0.0025436653616699067722	-0.00019068520851793017133	-0.00020116503601126011153	-0.00027370623207701778477	0.00033527506001876681641	0.00045617705346169632602
0	-5	-2	3.2260217882531440499e-05	-0.001053095898422305287	-0.0014262220991985042218	0.00039768452091807336181	0.0035655552479962604462	-0.0009942113022951832961
0	-5	-1	0.00094006728373764085558	-0.0014244747190448718305	-0.00088662196879056218417	0.00039876218652148119094	0.004433109843952811463	-0.0019938109326074057379
0	-5	0	0.00025576147278066424734	-0.0015019767771184174953	0	-4.5899099691038658157e-41	0.0054960913753143367244	-0.0024736474042799153593
0	-5	1	-0.00071880289082185675788	8.1121702190728331525e-05	0.0006747074032187236857	-0.00017749365467821639954	0.0033735370160936184285	-0.00088746827339108199772
0	-5	2	-0.0010156915438650463042	0.00020269814372586328582	0.00086942065120047015529	-0.00015635334780727980176	0.0021735516280011754967	-0.0003908833695181994773
0	-5	3	-0.0012364162463741879255	0.00027651253828846330748	-2.3091105770924191137e-05	9.6483830598106140489e-05	-3.8485176284873649636e-05	0.00016080638433017688726
0	-5	4	-0.0021458351866676427314	0.001932074238030849142	-0.00035033133877465872036	-2.9720502676332426819e-05	-0.0004379141734683233869	-3.7150628345415536065e-05
0	-5	5	-0.0022471892121699935108	0.0042199906303577753783	-0.000643599891314309701	0.00061273362048224573259	-0.000643599891314309701	0.00061273362048224573259
0	-5	6	-0.0016889021996842408686	0.0050971040704334974469	-0.00022709227141619987237	0.00074503619120358099016	-0.00018924355951349989364	0.00062086349266965087934
0	-4	-6	0.010215815228194848052	-0.00070775688040075417605	0.00078198561266205706115	-0.0012755318478402271655	-0.0005213237417747046713	0.00085035456522681803805
0	-4	-5	0.011136214404116967502	-0.0010049423002547114899	0.0007620803324449402236	-0.0007947430610443867666	-0.00060966426595595213551	0.00063579444883550941328
0	-4	-4	0.011106146337954363179	-0.0016100200813181542343	-2.0693432036589331331e-05	0.00017724501024592626041	2.0693432036589331331e-05	-0.00017724501024592626041
0	-4	-3	0.0059144275661136480257	-0.00050934781003966604108	-0.00092464296260328998015	0.00089083746170285022306	0.0012328572834710532346	-0.0011877832822704669641
0	-4	-2	9.938229260604386208e-07	0.002628063769865960405	0.00025727285229882625433	2.6117477383912759357e-05	-0.00051454570459765250866	-5.2234954767825518714e-05
0	-4	-1	-0.0012324186496608037673	0.0033522715347286103325	0.00077809843864452788928	-0.00054485211399007418224	-0.0031123937545781115571	0.002179408455960296729
0	-4	0	-0.00070378724940922882721	0.0029634173071686940003	0	-0	-0.0045135392341011815881	0.002116248042452256381
0	-4	1	9.4898193709222665123e-05	0.0004755441661859301423	-0.00048721693374628017139	-0.00018246508301093445248	-0.0019488677349851206855	-0.00072986033204373780992
0	-4	2	0.00010799557778540780069	0.0007054603003988200614	-0.00071045462247570705886	-0.00018247350000086804659	-0.0014209092449514141177	-0.00036494700000173609317
0	-4	3	0.00047742178882599959179	0.0045511500350279869218	0.00035585179735176221752	0.00042221561715338165773	0.00047446906313568292055	0.00056295415620450891311
0	-4	4	0.0024840781682793659432	0.0044599601536875572647	0.0011686733819707101172	0.002233954796355443629	0.0011686733819707101172	0.002233954796355443629
0	-4	5	0.0018649461988760446772	-0.00016809944308476416886	0.0016146557567221953185	0.0012301190631563948315	0.0012917246053777563415	0.0009840952505251157785
0	-4	6	0.00078622274923097331886	-0.003136584069552477913	0.0014797538275505707061	0.0003224526093103669	0.00098650255170038047073	0.00021496840620691126666
0	-3	-6	-0.016428339638904936038	0.0033347808789279450442	-0.0019466441034058038634	0.0044406350887562845084	0.00097332205170290193169	-0.0022203175443781422542
0	-3	-5	-0.023114804620808539204	0.006850059181057689163	-0.0044476229545473353055	0.0046466036053435036401	0.0026685737727284012701	-0.0027879621632061024443
0	-3	-4	-0.020752133297965991154	0.0070730633568529335808	-0.0032064606265547637536	0.0019001775132591154031	0.0024048454699160727067	-0.0014251331349443366065
0	-3	-3	-0.01041796705058007505	0.0010624566502834623116	0.00010962743887769279964	-0.0011971882619176100679	-0.00010962743887769279964	0.0011971882619176100679
0	-3	-2	0.00024910242912663566224	-0.0078740503262683149421	-0.0013663345366912941353	0.0018283126406386164976	0.002049501805036941203	-0.0027424689609579248548
0	-3	-1	0.0070376877335709625907	-0.019534506028979041481	-0.00076017276218992644709	0.0016365114670613717818	0.0022805182865697792328	-0.0049095344011841155624
0	-3	0	0.0089862415794176187661	-0.022186602158126660783	7.1717343267247903371e-43	-0	3.448933802310746459e-05	-0.00034803619789837739965
0	-3	1	0.0076845199929525855043	-0.017319210506913405162	-0.0004701852740122881456	0.0014302682119808722561	-0.0014105558220368643284	0.0042908046359426167682
0	-3	2	0.0034158283121604117623	-0.0063958238043569787257	-0.00057440561266738476148	0.0019775094823856875087	-0.0008616084190010770338	0.002966264223578531263
0	-3	3	-0.0014767777662877761523	-0.01209622742023881356	-0.001900489980113780281	-0.004337181481775622717	-0.001900489980113780281	-0.004337181481775622717
0	-3	4	-0.0065032970803481499056	-0.015853124234959926203	-0.0053056147643664973435	-0.011879505140421896606	-0.0039792110732748730076	-0.0089096288553164228879
0	-3	5	-0.005128418264078391138	-0.011661137097552063888	-0.0076268246201861246078	-0.010726530660432493161	-0.0045760947721116751116	-0.0064359183962594962436
0	-3	6	-0.00061769606126926791465	-0.0025868717420338663456	-0.0059521721094649105918	-0.0056163970546275069143	-0.0029760860547324552959	-0.0028081985273137534571
0	-2	-6	0.025906789461842775341	-0.011494780036074583873	0.010309930739069040478	-0.012358587928668847422	-0.0034366435796896800149	0.0041195293095562827632
0	-2	-5	0.036222823562412520548	-0.01893692332857104671	0.019572029776131767698	-0.015854057076784121988	-0.007828811910452707773	0.0063416228307136487952
0	-2	-4	0.036645026780285014367	-0.019861950605639489692	0.019978202131833811689	-0.012484640845909882045	-0.0099891010659169058444	0.0062423204229549410227
0	-2	-3	0.015882213328517639367	-0.0051957761032835276041	0.0049349156419939300272	-0.0039268427451645262702	-0.0032899437613292865402	0.002617895163443017658
0	-2	-2	0.00014880541902856015053	0.01020904351831529791	0.0003244901755876093718	-0.0023629183504624180767	-0.0003244901755876093718	0.0023629183504624180767
0	-2	-1	-0.0086307041304487120553	0.018078764518605378031	-1.2330348023368259172e-05	-0.0010268941412220557348	2.4660696046736518345e-05	0.0020537882824441114696
0	-2	0	-0.0034498072958421394617	0.013959492166766835144	0	-0	0.0030065952564905639582	-0.0053192299828732888048
0	-2	1	-0.0056951465768439474974	0.01473938387759422125	0.00048980557515823988646	-0.0017331089925305396583	0.00097961115031647977291	-0.0034662179850610793166
0	-2	2	-0.0032897391389089892036	0.010597672698421123708	0.0010838193297474378769	-0.0022174626653137024732	0.0010838193297474378769	-0.0022174626653137024732
0	-2	3	0.0061672423431783588571	0.01867574433980598303	0.0062626825734213575902	0.007157688468003900982	0.0041751217156142383935	0.0047717923120026003656
0	-2	4	0.019030810773642024142	0.03363954563425474581	0.017802689198272426269	0.029058737468060032855	0.0089013445991362131343	0.014529368734030016427
0	-2	5	0.016435740338393903942	0.027743772732735767772	0.020486418579303097842	0.027262869275446941636	0.008194567431721238443	0.010905147710178777348
0	-2	6	0.0079400705655079222012	0.014937091647472347869	0.016347012747165316771	0.017122835081022809434	0.0054490042490551050119	0.0057076116936742703895
0	-1	-6	-0.030938741828573305959	0.021038913795948948476	-0.022841726450529700049	0.02222157046156697513	0.0038069544084216168194	-0.003703595076927829622
0	-1	-5	-0.046053289384936059447	0.033978744204964751729	-0.041850029132506169627	0.034612953197851431542	0.0083700058265012353131	-0.0069225906395702866553
0	-1	-4	-0.050354279451908998122	0.03833843645756519064	-0.042468467020453821992	0.034639872252832562549	0.010617116755113455498	-0.0086599680632081406373
0	-1	-3	-0.013134383073876074871	0.0078878237122249356822	-0.0082409803556635855687	0.010088270892256565384	0.0027469934518878618562	-0.00336275696408552165
0	-1	-2	0.00048984120964400926657	-0.00072052175885854101	0.00055022329601737008774	-0.0018169286283136823219	-0.00027511164800868504387	0.00090846431415684116093
0	-1	-1	-0.00040855715367669201638	-0.0014947082186662007889	0.00057320072543076173999	-0.00047224559592429405817	-0.00057320072543076173999	0.00047224559592429405817
0	-1	0	-0.022038382298809978954	-0.0088647126193421091345	0	-0	0.0063095831409259650266	0.0023203194862532255591
0	-1	1	0.00036200460905147686681	-7.0249416541651483613e-05	0.00045728886977215444905	-0.0015956085035567578023	0.00045728886977215444905	-0.0015956085035567578023
0	-1	2	-0.0030138769111954745103	-0.0001548908661716082364	3.3382261449186695313e-05	-0.0039145166827339325857	1.6691130724593347657e-05	-0.0019572583413669662929
0	-1	3	-0.0089204991508794548999	-0.01545543193628572988	-0.011256336740875795208	-0.0092816764686859242611	-0.0037521122469585986917	-0.0030938921562286411313
0	-1	4	-0.036460818874798482658	-0.047827609223065843669	-0.037710854287310663358	-0.047042702275129452683	-0.0094277135718276658394	-0.011760675568782363171
0	-1	5	-0.033026745742453345045	-0.039929885449876162395	-0.038205294266312410378	-0.043858015836738831195	-0.0076410588532624824226	-0.0087716031673477669328
0	-1	6	-0.020200785765203916472	-0.024738272716398265749	-0.026306387025856570877	-0.025912536128576097588	-0.0043843978376427623911	-0.004318756021429349598
0	0	-6	0.03365851780274941446	-0.030334095813056859842	0.031985697363486220723	-0.030484133547391618208	0	-2.8686937306899161348e-42
0	0	-5	0.05553140067652524714	-0.052291048069283189992	0.055798489666639985995	-0.053567949740745052223	0	-0
0	0	-4	0.051617777420228633245	-0.051545528026091247398	0.054139893471123377855	-0.054658115781912458564	0	-0
0	0	-3	0.016101559252059430283	-0.017393973076799032484	0.015087345590116235661	-0.018158822149537182794	-1.7929335816811975843e-43	-1.4343468653449580674e-42
0	0	-2	-0.00083019398568858512703	-1.6123890454117923294e-05	-0.0016338497641167205703	-0.0024926968737727503087	0	-0
0	0	-1	0.0004847963140377602718	-0.00012497779704643069356	0.010319482437813949638	0.0066910235740649665059	0	-0
0	0	1	0.0004847963140377602718	0.00012497779704643069356	0.010319482437813949638	-0.0066910235740649665059	0	0
0	0	2	-0.00083019398568858512703	1.6123890454117923294e-05	-0.0016338497641167205703	0.0024926968737727503087	0	0
0	0	3	0.016101559252059430283	0.017393973076799032484	0.015087345590116235661	0.018158822149537182794	-1.7929335816811975843e-43	1.4343468653449580674e-42
0	0	4	0.051617777420228633245	0.051545528026091247398	0.054139893471123377855	0.054658115781912458564	0	0
0	0	5	0.05553140067652524714	0.052291048069283189992	0.055798489666639985995	0.053567949740745052223	0	0
0	0	6	0.03365851780274941446	0.030334095813056859842	0.031985697363486220723	0.030484133547391618208	0	2.8686937306899161348e-42
0	1	-6	-0.020200785765203916472	0.024738272716398265749	-0.026306387025856570877	0.025912536128576097588	-0.0043843978376427623911	0.004318756021429349598
0	1	-5	-0.033026745742453345045	0.039929885449876162395	-0.038205294266312410378	0.043858015836738831195	-0.0076410588532624824226	0.0087716031673477669328
0	1	-4	-0.036460818874798482658	0.047827609223065843669	-0.037710854287310663358	0.047042702275129452683	-0.0094277135718276658394	0.011760675568782363171
0	1	-3	-0.0089204991508794548999	0.01545543193628572988	-0.011256336740875795208	0.0092816764686859242611	-0.0037521122469585986917	0.0030938921562286411313
0	1	-2	-0.0030138769111954745103	0.0001548908661716082364	3.3382261449186695313e-05	0.0039145166827339325857	1.6691130724593347657e-05	0.0019572583413669662929
0	1	-1	0.00036200460905147686681	7.0249416541651483613e-05	0.00045728886977215444905	0.0015956085035567578023	0.00045728886977215444905	0.0015956085035567578023
0	1	0	-0.022038382298809978954	0.0088647126193421091345	0	0	0.0063095831409259650266	-0.0023203194862532255591
0	1	1	-0.00040855715367669201638	0.0014947082186662007889	0.00057320072543076173999	0.00047224559592429405817	-0.00057320072543076173999	-0.00047224559592429405817
0	1	2	0.00048984120964400926657	0.00072052175885854101	0.00055022329601737008774	0.0018169286283136823219	-0.00027511164800868504387	-0.00090846431415684116093
0	1	3	-0.013134383073876074871	-0.0078878237122249356822	-0.0082409803556635855687	-0.010088270892256565384	0.0027469934518878618562	0.00336275696408552165
0	1	4	-0.050354279451908998122	-0.03833843645756519064	-0.042468467020453821992	-0.034639872252832562549	0.010617116755113455498	0.0086599680632081406373
0	1	5	-0.046053289384936059447	-0.033978744204964751729	-0.041850029132506169627	-0.034612953197851431542	0.0083700058265012353131	0.0069225906395702866553
0	1	6	-0.030938741828573305959	-0.021038913795948948476	-0.022841726450529700049	-0.02222157046156697513	0.0038069544084216168194	0.003703595076927829622
0	2	-6	0.0079400705655079222012	-0.014937091647472347869	0.016347012747165316771	-0.017122835081022809434	0.0054490042490551050119	-0.0057076116936742703895
0	2	-5	0.016435740338393903942	-0.027743772732735767772	0.020486418579303097842	-0.027262869275446941636	0.008194567431721238443	-0.010905147710178777348
0	2	-4	0.019030810773642024142	-0.03363954563425474581	0.017802689198272426269	-0.029058737468060032855	0.0089013445991362131343	-0.014529368734030016427
0	2	-3	0.0061672423431783588571	-0.01867574433980598303	0.0062626825734213575902	-0.007157688468003900982	0.0041751217156142383935	-0.0047717923120026003656
0	2	-2	-0.0032897391389089892036	-0.010597672698421123708	0.0010838193297474378769	0.0022174626653137024732	0.0010838193297474378769	0.0022174626653137024732
0	2	-1	-0.0056951465768439474974	-0.01473938387759422125	0.00048980557515823988646	0.0017331089925305396583	0.00097961115031647977291	0.0034662179850610793166
0	2	0	-0.0034498072958421394617	-0.013959492166766835144	0	0	0.0030065952564905639582	0.0053192299828732888048
0	2	1	-0.0086307041304487120553	-0.018078764518605378031	-1.2330348023368259172e-05	0.0010268941412220557348	2.4660696046736518345e-05	-0.0020537882824441114696
0	2	2	0.00014880541902856015053	-0.01020904351831529791	0.0003244901755876093718	0.0023629183504624180767	-0.0003244901755876093718	-0.0023629183504624180767
0	2	3	0.015882213328517639367	0.0051957761032835276041	0.0049349156419939300272	0.0039268427451645262702	-0.0032899437613292865402	-0.002617895163443017658
0	2	4	0.036645026780285014367	0.019861950605639489692	0.019978202131833811689	0.012484640845909882045	-0.0099891010659169058444	-0.0062423204229549410227
0	2	5	0.036222823562412520548	0.01893692332857104671	0.019572029776131767698	0.015854057076784121988	-0.007828811910452707773	-0.0063416228307136487952
0	2	6	0.025906789461842775341	0.011494780036074583873	0.010309930739069040478	0.012358587928668847422	-0.0034366435796896800149	-0.0041195293095562827632
0	3	-6	-0.00061769606126926791465	0.0025868717420338663456	-0.0059521721094649105918	0.0056163970546275069143	-0.0029760860547324552959	0.0028081985273137534571
0	3	-5	-0.005128418264078391138	0.011661137097552063888	-0.0076268246201861246078	0.010726530660432493161	-0.0045760947721116751116	0.0064359183962594962436
0	3	-4	-0.0065032970803481499056	0.015853124234959926203	-0.0053056147643664973435	0.011879505140421896606	-0.0039792110732748730076	0.0089096288553164228879
0	3	-3	-0.0014767777662877761523	0.01209622742023881356	-0.001900489980113780281	0.004337181481775622717	-0.001900489980113780281	0.004337181481775622717
0	3	-2	0.0034158283121604117623	0.0063958238043569787257	-0.00057440561266738476148	-0.0019775094823856875087	-0.0008616084190010770338	-0.002966264223578531263
0	3	-1	0.0076845199929525855043	0.017319210506913405162	-0.0004701852740122881456	-0.0014302682119808722561	-0.0014105558220368643284	-0.0042908046359426167682
0	3	0	0.0089862415794176187661	0.022186602158126660783	7.1717343267247903371e-43	0	3.448933802310746459e-05	0.00034803619789837739965
0	3	1	0.0070376877335709625907	0.019534506028979041481	-0.00076017276218992644709	-0.0016365114670613717818	0.0022805182865697792328	0.0049095344011841155624
0	3	2	0.00024910242912663566224	0.0078740503262683149421	-0.0013663345366912941353	-0.0018283126406386164976	0.002049501805036941203	0.0027424689609579248548
0	3	3	-0.01041796705058007505	-0.0010624566502834623116	0.00010962743887769279964	0.0011971882619176100679	-0.00010962743887769279964	-0.0011971882619176100679
0	3	4	-0.020752133297965991154	-0.0070730633568529335808	-0.0032064606265547637536	-0.0019001775132591154031	0.0024048454699160727067	0.0014251331349443366065
0	3	5	-0.023114804620808539204	-0.006850059181057689163	-0.0044476229545473353055	-0.0046466036053435036401	0.0026685737727284012701	0.0027879621632061024443
0	3	6	-0.016428339638904936038	-0.0033347808789279450442	-0.0019466441034058038634	-0.0044406350887562845084	0.00097332205170290193169	0.0022203175443781422542
0	4	-6	0.00078622274923097331886	0.003136584069552477913	0.0014797538275505707061	-0.0003224526093103669	0.00098650255170038047073	-0.00021496840620691126666
0	4	-5	0.0018649461988760446772	0.00016809944308476416886	0.0016146557567221953185	-0.0012301190631563948315	0.0012917246053777563415	-0.0009840952505251157785
0	4	-4	0.0024840781682793659432	-0.0044599601536875572647	0.0011686733819707101172	-0.002233954796355443629	0.0011686733819707101172	-0.002233954796355443629
0	4	-3	0.00047742178882599959179	-0.0045511500350279869218	0.00035585179735176221752	-0.00042221561715338165773	0.00047446906313568292055	-0.00056295415620450891311
0	4	-2	0.00010799557778540780069	-0.0007054603003988200614	-0.00071045462247570705886	0.00018247350000086804659	-0.0014209092449514141177	0.00036494700000173609317
0	4	-1	9.4898193709222665123e-05	-0.0004755441661859301423	-0.00048721693374628017139	0.00018246508301093445248	-0.0019488677349851206855	0.00072986033204373780992
0	4	0	-0.00070378724940922882721	-0.0029634173071686940003	0	0	-0.0045135392341011815881	-0.002116248042452256381
0	4	1	-0.0012324186496608037673	-0.0033522715347286103325	0.00077809843864452788928	0.00054485211399007418224	-0.0031123937545781115571	-0.002179408455960296729
0	4	2	9.938229260604386208e-07	-0.002628063769865960405	0.00025727285229882625433	-2.6117477383912759357e-05	-0.00051454570459765250866	5.2234954767825518714e-05
0	4	3	0.0059144275661136480257	0.00050934781003966604108	-0.00092464296260328998015	-0.00089083746170285022306	0.0012328572834710532346	0.0011877832822704669641
0	4	4	0.011106146337954363179	0.0016100200813181542343	-2.0693432036589331331e-05	-0.00017724501024592626041	2.0693432036589331331e-05	0.00017724501024592626041
0	4	5	0.011136214404116967502	0.0010049423002547114899	0.0007620803324449402236	0.0007947430610443867666	-0.00060966426595595213551	-0.00063579444883550941328
0	4	6	0.010215815228194848052	0.00070775688040075417605	0.00078198561266205706115	0.0012755318478402271655	-0.0005213237417747046713	-0.00085035456522681803805
0	5	-6	-0.0016889021996842408686	-0.0050971040704334974469	-0.00022709227141619987237	-0.00074503619120358099016	-0.00018924355951349989364	-0.00062086349266965087934
0	5	-5	-0.0022471892121699935108	-0.0042199906303577753783	-0.000643599891314309701	-0.00061273362048224573259	-0.000643599891314309701	-0.00061273362048224573259
0	5	-4	-0.0021458351866676427314	-0.001932074238030849142	-0.00035033133877465872036	2.9720502676332426819e-05	-0.0004379141734683233869	3.7150628345415536065e-05
0	5	-3	-0.0012364162463741879255	-0.00027651253828846330748	-2.3091105770924191137e-05	-9.6483830598106140489e-05	-3.8485176284873649636e-05	-0.00016080638433017688726
0	5	-2	-0.0010156915438650463042	-0.00020269814372586328582	0.00086942065120047015529	0.00015635334780727980176	0.0021735516280011754967	0.0003908833695181994773
0	5	-1	-0.00071880289082185675788	-8.1121702190728331525e-05	0.0006747074032187236857	0.00017749365467821639954	0.0033735370160936184285	0.00088746827339108199772
0	5	0	0.00025576147278066424734	0.0015019767771184174953	0	4.5899099691038658157e-41	0.0054960913753143367244	0.0024736474042799153593
0	5	1	0.00094006728373764085558	0.0014244747190448718305	-0.00088662196879056218417	-0.00039876218652148119094	0.004433109843952811463	0.0019938109326074057379
0	5	2	3.2260217882531440499e-05	0.001053095898422305287	-0.0014262220991985042218	-0.00039768452091807336181	0.0035655552479962604462	0.0009942113022951832961
0	5	3	-0.0025436653616699067722	0.00019068520851793017133	-0.00020116503601126011153	0.00027370623207701778477	0.00033527506001876681641	-0.00045617705346169632602
0	5	4	-0.0048317596470282362514	0.00043647394799644847899	7.6821743835650126522e-05	0.00012067743997692115796	-9.6027179794562654764e-05	-0.00015084679997115144068
0	5	5	-0.0070948721146173766849	0.00096013451268329910032	-0.00091255206076222106053	9.6883657156966282074e-05	0.00091255206076222106053	-9.6883657156966282074e-05
0	5	6	-0.0063752975423339705227	0.00062916748617652582497	-0.00080703570031492345704	-0.0002190521239688196281	0.0006725297502624362142	0.0001825434366406830189
0	6	-6	0.0022836276355682862474	0.0045564888403799193306	0.00048144630316235720877	0.001385885384658174348	0.00048144630316235720877	0.001385885384658174348
0	6	-5	0.0031794207148752064163	0.0050447713622053351468	0.00045516574455081162606	0.00074167356702898765922	0.00054619889346097395127	0.00089000828043478516938
0	6	-4	0.0033907263170128783443	0.0038295160763054184039	0.00040753192492774185755	0.00052188241946670311383	0.00061129788739161278633	0.00078282362920005467075
0	6	-3	0.001777898581348335335	0.0018429819717824078452	0.00015263877756899492106	0.00030292698678882314578	0.00030527755513798984213	0.00060585397357764629155
0	6	-2	0.0011907837906190430529	0.0008137216548555262479	-0.00062049612257888140179	-5.5744338089080508426e-05	-0.0018614883677366439885	-0.00016723301426724152528
0	6	-1	0.00035422995972401132144	8.9692646992067052969e-05	-0.00097921610009731518617	-0.00031058070734408290813	-0.0058752966005838919844	-0.001863484244064497232
0	6	0	0.00010589596084229381935	-0.00041178170834530277615	-1.1474774922759664539e-41	-8.9646679084059879214e-44	-0.0077268507826771344257	-0.0023166008224223409891
0	6	1	0.00028797953224057567037	-0.00038478728336805638303	0.0012097732764937479608	0.00035589880298187473147	-0.0072586396589624877645	-0.0021353928178912484973
0	6	2	9.7058726857780322256e-05	-0.00033847335664781311258	0.0012603414078348131218	0.00023832584084672856807	-0.0037810242235044393654	-0.00071497752254018570421
0	6	3	0.0010903605291963682205	-0.00056460656497218442759	0.00060309750081438890431	-0.00014524198347612166798	-0.0012061950016287778086	0.00029048396695224333597
0	6	4	0.0040403176393539446537	-0.0016994052535184366818	0.00070407880741752109765	-0.00043890139365463737503	-0.0010561182111262818091	0.00065835209048195608966
0	6	5	0.0057622017529152186679	-0.0022950847442162625872	0.0011080093015917627085	-0.00053336022926664264712	-0.0013296111619101151635	0.00064003227511997119823
0	6	6	0.0050650223179608275595	-0.0014075306013327888374	0.0015938395744156353892	-0.00036972349781320886517	-0.0015938395744156353892	0.00036972349781320886517
1	-6	-6	-0.0084384173884645610059	-0.0037256113085985470904	-0.0035296348832895780082	-0.0015743443156956441961	0.0021232319852121511738	0.00095340909759588634773
1	-6	-5	-0.010714957815293357779	-0.0057015290662533789703	-0.0032609698876971660551	-0.0020130285388834439839	0.0017701723021779276236	0.0012753284334094570299
1	-6	-4	-0.0079191929964560394545	-0.0049438038158802644767	-0.0024879973335949203891	-0.0019032751085844552916	0.0017521977512783705033	0.0016189617089066169267
1	-6	-3	-0.0021078134228794962249	-0.0021563758052764786174	-0.0015925044587734580367	-0.00095247126642088544325	0.0024824044432537506651	0.0011861505977496112751
1	-6	-2	0.0004802530429382855068	-0.001237733315507910355	-0.002118598921666157639	7.1211264013993402956e-06	0.0065959232864676161853	-0.00064023003695815321364
1	-6	-1	-4.6917306958743631995e-05	-0.00073089814441869120631	-0.0022243572346726239383	0.00038693294957375007652	0.013299226101076999998	-0.003052495841861191557
1	-6	0	-0.00057429364787596427419	-0.00056768823760233949952	-9.5715607979327379032e-05	-9.4614706267056583253e-05	0.014724601366005221278	-0.0039283270751241505109
1	-6	1	-0.00075307423138776176819	0.00013152971792270088248	0.0016915145396274313631	-0.00042667966715039044564	0.010902161469152349405	-0.0026916077208250436918
1	-6	2	-0.0023530257673600165833	0.0017640686609168454869	0.00079019041935783347445	0.00033333879843612735294	0.0035470841417535084981	0.00011798206484995928827
1	-6	3	-0.0045214521333506070555	0.0041454268216987080059	-0.0010122674234784492103	0.0014290321058766266953	-0.00051738413584002929373	0.0014762552711870176054
1	-6	4	-0.0071008290188324749842	0.0090436416509965100036	-0.0018278723980723527755	0.0025025884993544822779	-0.00096660134240041052558	0.0014929723362825956991
1	-6	5	-0.0068527579209077572886	0.010434760599649525736	-0.0018500993937127045968	0.0031701656449601169595	-0.0008495676882736940801	0.0017172466540222349873
1	-6	6	-0.004441148800883239732	0.0084246552679952593085	-0.0015972117495532121064	0.0036474439700704577687	-0.00085702028273933889002	0.0022433347587379145506
1	-5	-6	0.011818783874426645047	0.0029915556147632567027	0.0032936260683447500172	0.0010996428886802965194	-0.00077489107788285098433	-0.00041777647143970440607
1	-5	-5	0.013741013455530923584	0.0042703725550812688533	0.0032111551886933095007	0.0016956557837042938574	-0.00046295249758712464288	-0.00084158127268804
1	-5	-4	0.009855956090656255858	0.0032027191644986843441	0.0021035397519377002293	0.0016386295615501218943	-0.00016543566725806121368	-0.0012476071608129811735
1	-5	-3	0.0038918116008439906754	0.0016650392558750712335	0.0017475878035855109491	0.00094746053119891624622	-0.0016153758056945213568	-0.0010240878000398365936
1	-5	-2	0.00057079219747717673417	0.0020879965147240350451	0.0036592119907694008706	-0.00027717853142606379375	-0.0088626338781849136467	0.001736944585927177034
1	-5	-1	0.00028744994079027435694	0.0019003769774584215561	0.0026729362750154269865	-0.00052963555671722633515	-0.013077231434286859871	0.0045485547610445535571
1	-5	0	0.00078349101761152214161	0.0012932825177263999276	0.00015669820352230443374	0.00025865650354528002888	-0.013847364676882762541	0.0052536694209475822206
1	-5	1	0.0018770803701813375611	-0.00045884965768439088616	-0.0017141667081640779829	0.00062218659731834327457	-0.010447913911001726825	0.0035697826442761073674
1	-5	2	0.0029081382184242346445	-0.0018627721509663231619	-0.0014641784758341954038	3.1244611131455013041e-05	-0.005114515298797605615	0.0010094976033117989984
1	-5	3	0.0029164413459807385018	-0.0037643424808436027305	0.00052952169049331392157	-0.0012690906005111653784	-8.961096450472300079e-05	-0.00086037017390407468428
1	-5	4	0.0053596095835431447826	-0.0077645491607483858865	0.0015111445889721285187	-0.0022219728189572652936	0.00054902834032937439853	-0.00083632873350948547068
1	-5	5	0.0058619659658653913703	-0.011954336506977256485	0.0017990865291265623147	-0.0037324616310685314845	0.00062669333595348399729	-0.0013415943296730800573
1	-5	6	0.0042111667057849293261	-0.010932229665453060616	0.0012916713976131972367	-0.0038571369142876990935	0.00037453171371350962079	-0.0013922424843309058086
1	-4	-6	-0.013833741704774013548	-0.00088049733173641150322	-0.0025090218808813957718	-0.00040404168623594301918	-0.00063294236354140514904	0.00012261156886789344699
1	-4	-5	-0.016615755715067657278	-0.0010219670052830876969	-0.0017051028945930190271	-0.00074999269554702535558	-0.0019590688273391164941	0.0003956007553810027234
1	-4	-4	-0.014493282365419064492	0.00053292139786035165432	-0.001480756544928368227	-0.001408495087538109633	-0.002142564046426397896	0.0015417254370031976008
1	-4	-3	-0.0082377612050799700616	0.00047826727461934526956	-0.0014463884685954114459	-0.0011823451649814952728	-0.0008174024435661079481	0.0017358826448484420118
1	-4	-2	-0.0013061984447851452979	-0.0034852643882288215568	-0.0031522472394639997929	5.4567113269522648437e-05	0.005651395256535427479	-0.0018517664206534562108
1	-4	-1	-0.00076386113261580354875	-0.0044063195913406731641	-0.0027729742398690838956	0.00016549005969251288483	0.010328035826860532467	-0.0050682798301107251371
1	-4	0	-0.0013295161312125191363	-0.0028810184687336733503	-0.00033237903280312978407	-0.00072025461718341833757	0.0099203254606585675179	-0.0044596414047042686607
1	-4	1	-0.0017624132822912825808	-0.00012465901156633128061	0.0015731227302027109456	-0.00074315879458437990313	0.0080549042031021270138	-0.0028479761667711883319
1	-4	2	-0.0020070425492391030971	-7.7224030740614661868e-05	0.0014529792477526220964	-0.00072351444122884878488	0.0039094797701247959582	-0.0014084168670873901778
1	-4	3	-0.00062623950418792741646	-0.0032768750308885255182	-0.00060750234367008674498	-0.00058824644760097988608	-0.00060125662349747315168	0.00030796308016153541498
1	-4	4	-0.0034277326125746517688	0.00063591514548950111522	-0.001651329526605131888	2.5364100051018051375e-05	-0.00079439637346146894578	-0.00013361468632135722065
1	-4	5	-0.0030021836057389878968	0.006725897287343961771	-0.002180392486447338754	0.0019804295369802720102	-0.0011438772680100735106	0.00023916417211542517264
1	-4	6	-0.0019958695040637876132	0.0096339735827038110866	-0.0017784285681917665067	0.0035377181035441190513	-0.00085297412811721306895	0.00075281647191211063623
1	-3	-6	0.018998686002592756611	-0.0022568192589113816697	0.0019221020667973254519	-0.0021403004976768137506	0.0022053966337001302232	0.00069401370568650993034
1	-3	-5	0.025135874111846239626	-0.0054860306560527826586	0.0021373455794908985395	-0.0017487151472974093742	0.0037447674746747088015	-4.7977042832110869267e-05
1	-3	-4	0.023971955061313814789	-0.007895155608481009557	0.0027840670880428576052	-0.00044397682719038590983	0.0039049384492963103849	-0.0016408062817274630518
1	-3	-3	0.01700092843041265539	-0.0029436993553913154767	0.0040998893300691055183	0.00095414797306699896361	0.001567086813401779178	-0.0019353810915307707169
1	-3	-2	0.0038386178737095807099	0.0082556574030180351897	0.0039513452175681147704	0.00025925235384779223057	-0.0040077088894973815839	0.0037389501707373296556
1	-3	-1	-0.0036131644479083422326	0.020995301004080743623	6.1869883886091285282e-05	0.0052903808501536539813	-0.003798774099566616224	0.0051241584536197842814
1	-3	0	-0.0093831168311216753275	0.028752565790013614316	-0.0031277056103738917758	0.0095841885966712041939	-0.0014668179806711868687	0.0012469854183029748743
1	-3	1	-0.0066123576238385399842	0.01672928045972835176	-0.0022871126178950727803	0.0047296730290910067238	-0.00024898022984667841093	-0.0025402613724553320222
1	-3	2	-0.0012442364578189634219	0.0053155957780790293737	-0.00079690452854943260013	0.0010193563833508392617	-0.00057323856391466724344	-0.0011287633140132557943
1	-3	3	0.0027017093592472981971	0.014737808316210097848	0.0021553168964648546091	0.0079829409904091166994	0.0012547471100490883988	0.0030703382183390835053
1	-3	4	0.0054078474510576290957	0.014009387742977297622	0.0051548463546044146627	0.01066621685766987529	0.0025141729031889037231	0.0044973157075080816281
1	-3	5	0.0033035435068142697361	0.0059454699377054281637	0.0061611667631395090894	0.0062109546997706800708	0.0030359913565208515064	0.0025374788323213222363
1	-3	6	0.0002671065313785064366	-0.0020835982938083282348	0.0053810592886630002896	0.0013647170637277889881	0.0026460118891017490178	0.0010296249141652825693
1	-2	-6	-0.024367530054488557856	0.0076032047512414038457	-0.0066867514055567768561	0.0077605459579443286655	-0.0018323378738958340239	-0.0013196478607745423198
1	-2	-5	-0.037675824068411647993	0.017015424445889822808	-0.014355415771831697355	0.010952758786567462143	-0.0017929985049496500928	-0.0009780186254490204692
1	-2	-4	-0.03965525560668470284	0.02143039275589549153	-0.018759076527274282792	0.01030293679128145741	-0.00053427563803403561524	0.00020612979333314398783
1	-2	-3	-0.019260388609504876939	0.0052044568835439087087	-0.0084331338609781817534	0.0029626858057157754063	-0.00079804029584950469424	-0.00024030490929588080068
1	-2	-2	-0.0015788377009192855385	-0.012278610151680337259	-0.0012909929487541461305	-0.0028116307660144643915	0.00050157409829450346969	-0.003327674309825704238
1	-2	-1	0.0044216320773931361635	-0.019450179005071795146	0.0021923487336099763655	-0.0084630418850578908313	3.6934610173183175037e-05	-0.0025240952349560152185
1	-2	0	0.011666538438149510332	-0.036584466694328438008	0.0058332692190747551658	-0.018292233347164219004	-0.00075080826362880687987	0.0026727025982666977912
1	-2	1	0.0034887363828102874695	-0.013924847093751607785	0.0014441513905245713031	-0.0048429213199057815839	-0.00060043360176114475481	0.0042390044539400454846
1	-2	2	0.00077009278991650948008	-0.01196887799483848866	-0.00093689285175457251344	-0.003552476543057378304	-0.0013219392467128273077	0.0024319624543618660259
1	-2	3	-0.0075719058189977822212	-0.022058982791871489804	-0.0082385652590516739863	-0.015006339205212522805	-0.0029684082330351880055	-0.0026512318728511858473
1	-2	4	-0.0174936160120152083	-0.033276392058881401614	-0.019125385415291122626	-0.031256099220026693775	-0.0051892887046417583707	-0.007308951595292994749
1	-2	5	-0.012189229192368006283	-0.023739412840823252704	-0.019242294797867161293	-0.024600327236346683502	-0.0052590720806732632608	-0.0050922483263740230333
1	-2	6	-0.0033209282931575116217	-0.0091203578972499296795	-0.013253048426011097838	-0.010676318432601134348	-0.0038641947598107807479	-0.0020387131613253902697
1	-1	-6	0.035554519867612384421	-0.018644877313011169739	0.017900963904621442629	-0.018228367650900318547	0.0029422593271651569652	-6.9418277018474814689e-05
1	-1	-5	0.052526305991378800797	-0.034351302285467497089	0.037730385300221637446	-0.030554288438291467983	0.0029591841382314333642	-0.00075940276943520549583
1	-1	-4	0.051424821369401255144	-0.038297880499191666592	0.041975863881725097859	-0.033481240297383065008	0.0023622393719190388876	-0.0012041600504521497456
1	-1	-3	0.016576696512325926613	-0.0085996938455404573626	0.011462784164325053732	-0.012172044577794246395	0.0017046374493336242939	0.0011907835774179296052
1	-1	-2	0.0039053101786549271682	-0.0049406177681237247942	0.0025522295748441107231	-0.0029121581850320254863	0.0006765403019054081141	-0.0010142297915458494371
1	-1	-1	-0.0019439415535802287774	0.00064206149224754999021	-0.0015914532686770147159	0.0025375286050403535881	-0.0003524882849032140073	-0.0018954671127928033811
1	-1	0	-0.00071574440091112605765	0.0014573764740047410841	-0.00071574440091112605765	0.0014573764740047410841	-0.0013627697971287761839	0.0007187035154129146116
1	-1	1	0.0043261228626521814125	0.00077230876997114259602	0.0024649019464878883096	0.0070816062772443922127	-0.0018612209161642935366	0.0063092975072732496167
1	-1	2	0.0051659043072300502367	0.009292113266075211625	0.0067951518593740260765	0.010479068601770684735	0.00081462377607198770309	0.00059347766784773601286
1	-1	3	0.010767505164176996782	0.019521074584766821142	0.019196002482206972473	0.018070078652143290593	0.0028094991060099916078	-0.00048366531087451095994
1	-1	4	0.033298909882048734199	0.046954371974450577476	0.043519561710922666231	0.055258933218340168525	0.0025551629572184821407	0.0020761403109723981959
1	-1	5	0.028865380547330832944	0.040926665450076192554	0.041427247643689255052	0.046925737748326812326	0.0025123734192716842481	0.001199814459650124605
1	-1	6	0.013775317659048999866	0.023337594854126664928	0.026936820359996709734	0.024905222090330643436	0.0021935837834912851226	0.00026127120603399616502
1	0	-6	-0.031598617526993784399	0.02317458340874583092	-0.0219878377510823661	0.021351202116941664366	-0.0052664362544989646447	0.0038624305681243050088
1	0	-5	-0.044563710334940831448	0.038405622058391764018	-0.037453129480677228857	0.03526603980989245074	-0.0089127420669881662896	0.007681124411678352977
1	0	-4	-0.041418473730723617821	0.039756377187115589378	-0.041475390316796943713	0.041973346975432118677	-0.010354618432680904455	0.0099390942967788973444
1	0	-3	-0.010901904480352185567	0.006680876322641002979	-0.0068558967742514400831	0.011716611816502053509	-0.0036339681601173950444	0.0022269587742136678042
1	0	-2	-0.00019122594017042922007	0.0029600743386816916712	0.00076821808382595863519	0.00083102293565890956312	-9.5612970085214610033e-05	0.0014800371693408458356
1	0	-1	0.00082557715018746974725	0.00086645504391432391633	-1.4513550082915553066e-05	0.0017510037206443368474	0.00082557715018746974725	0.00086645504391432391633
1	0	0	0	0	-0.00026181570509957105553	-0.00020137137619145092232	7.4136486389924724917e-05	-0.00027678735381828599438
1	0	1	0.00015923456484321911355	0.001254826778790128208	0.0019828767905314915662	-0.0023960605446950587923	-0.00015923456484321911355	-0.001254826778790128208
1	0	2	-0.0003355379792112456812	0.0014479205934069788297	-0.003010889365287255405	-0.00602019400695222133	0.0001677689896056228406	-0.00072396029670348941484
1	0	3	-0.0062551520197234537074	-0.010953612155127813096	-0.014639470936710270027	-0.013107970444647055325	0.0020850506732411513804	0.0036512040517092713213
1	0	4	-0.036932229626923475385	-0.040017111043748769539	-0.047958477744180647018	-0.049115715083291350274	0.0092330574067308688463	0.010004277760937192385
1	0	5	-0.036432588553917691354	-0.038835548439154300715	-0.041645490195238603348	-0.041283736906776696829	0.0072865177107835380974	0.0077671096878308603165
1	0	6	-0.021240938445434627557	-0.02551417391451570732	-0.02659460003265306377	-0.024715198228877219983	0.0035401564075724376371	0.00425236231908595122
1	1	-6	0.019184037389135051577	-0.019025528547885219716	0.017514356653852470452	-0.018357192494595483967	0.0061163990071645864266	-0.0062304535070801178587
1	1	-5	0.028948566840599338629	-0.032987766170939132604	0.028140951722283938374	-0.032778137861870525194	0.011417903712576655748	-0.013153180806561932253
1	1	-4	0.025429348889727546035	-0.031973108134141239867	0.025399472945540145508	-0.032351826827891970451	0.012707205458816922886	-0.016081233740508300845
1	1	-3	0.0062021854348629744391	-0.0068857104746492345942	0.0063013005473054068545	-0.0057788675498701719963	0.0041678286607227934754	-0.0042215260081731355302
1	1	-2	0.0010447790810910303951	-0.0013650146818636652545	-0.0020749250766579430474	0.0030072709530953815188	-0.00051507299778345643458	0.00082112813561585813217
1	1	-1	0.00013195296016851225732	0.0014090721065840518429	-0.00033614158574772547584	-0.0016187988379307738807	-0.00020418862557921319142	-0.00020972673134672206491
1	1	0	-0.00048251640035139889634	-0.0011148012590964423343	0.00048251640035139889634	0.0011148012590964423343	-9.0787063262271746949e-05	0.00042395569415847831349
1	1	1	0.00073747002953538482416	-0.0020756245803689897175	-0.0013345803994646949706	-4.0754762448346228945e-05	0.0005971103699293101464	0.0021163793428173359804
1	1	2	-0.0028923896555618582548	-0.0017444133863452082091	0.00027098350053052786338	0.0015794010690790129346	0.0013107030775156651957	8.25061586330975695e-05
1	1	3	0.0057163702859708816553	0.0079533990562315384082	0.0069482361962168127587	0.0093669772022727752075	-0.0042215354940625645155	-0.0057734587528347714944
1	1	4	0.030322414260074887632	0.025444195523727182462	0.032282621929776038339	0.027436129761185333586	-0.01565125904746273236	-0.013220081321228129012
1	1	5	0.033801836209982824566	0.028172957137150372864	0.033962172431373678638	0.029170270761390882513	-0.013552801728271300641	-0.011468645579708251422
1	1	6	0.020744141676164791488	0.018317792883140074367	0.019348216779791285042	0.018216462421141322442	-0.0066820597426593460882	-0.0060890425507135661348
1	2	-6	-0.0074434363965687720677	0.010873613809981285891	-0.010277041313395220146	0.011470095951716304319	-0.0046662531705598687265	0.0056356342855689821325
1	2	-5	-0.012830759597448513146	0.020048398021250961321	-0.013612840046832290833	0.018964822541694178332	-0.0080112879382226200031	0.01159560862092786325
1	2	-4	-0.012604553728739042312	0.022178774354720248024	-0.011075542778265662705	0.01892235455149915771	-0.0086889098213175919305	0.015005870864429639994
1	2	-3	-0.003782236132244917292	0.008082012676344129537	-0.0037366691444957575614	0.0021471558320999106599	-0.0037518581404121444274	0.0041254414468479836189
1	2	-2	0.0014620696067793831179	0.0030665250469381318335	-0.0011615883530203036014	-0.0033158372804861454587	-0.00043055354963061209664	-0.001782574757017079542
1	2	-1	0.0014577865836563456709	0.0048479304224124846259	-0.00053948946270964749129	-0.0040382251927757340654	0.00037880765823705068833	-0.0032285199631389835048
1	2	0	0.0048801645587565455758	0.015414828041697924838	-0.0024400822793782727879	-0.0077074140208489624188	-0.0012616849601743372871	-0.00088305323174247716753
1	2	1	0.0018682850826655193061	0.0043634540261713915602	-9.5447895354914784999e-05	-0.0019327874798117411666	-0.001677389291955689709	-0.00049787906654790933542
1	2	2	0.00038800715311525035096	0.0020441858350897530033	0.0003016749987994420644	-0.0024642656566264934011	-0.00049567857535706726698	0.0014421727390816166826
1	2	3	-0.0069506397524616734748	-0.0046747979133880297742	-0.0024811858656506127242	-0.0043341326044284570265	0.0039710038279209660186	0.0044476877074149812757
1	2	4	-0.021211967847553300087	-0.011901209871350194522	-0.014527601051926524942	-0.010088547202004798098	0.012566792487851587493	0.0080195760688399481131
1	2	5	-0.023873306116573005109	-0.013944809489730614419	-0.015437819076969134385	-0.013067881854736788233	0.010949788854102254429	0.00801611463984083783
1	2	6	-0.015736641391276735835	-0.0090791220230359275661	-0.0082031182872699687919	-0.0095071721285893747572	0.0053571463276361119474	0.0046822443800357800917
1	3	-6	0.0017181888395552088241	-0.0037521348561009135354	0.004374738532988029123	-0.0057783264690354470619	0.0024737340730865494016	-0.0035145190438678757146
1	3	-5	0.0035492581448637403746	-0.0076857776565213932127	0.0051240793875868308194	-0.0084982169346165536972	0.0037842992615248465665	-0.0066360856920742112078
1	3	-4	0.0029595086843866064315	-0.0072233158196044902968	0.0031610697137377887812	-0.0081668839339559401447	0.0031106794563999931938	-0.0079309919053680774659
1	3	-3	0.00061695116104653008413	-0.0070908603660209861344	0.00096923947246449742438	-0.0014442067277649786681	0.0011748898594800074886	-0.0038078268497719739739
1	3	-2	-0.0016298747057226989354	-0.0023085516449839874921	0.00071364802671286292797	0.0029169936970091245657	0.00025553468720794503266	0.0032212147230216928856
1	3	-1	-0.0029848599650441551279	-0.0063265895131104244592	0.0014751263681641940077	0.0036963974812910930547	0.0014405191394484264614	0.0047626029307628551385
1	3	0	-0.0043408929091063854985	-0.0094167737252259988562	0.0014469643030354619774	0.0031389245750753328075	0.0008065840250618000213	0.0021631228163117998016
1	3	1	-0.0034128560298338525385	-0.0072069948622189104054	0.00095589280786121028945	0.0027226312153159283776	0.00054517760625022177855	-0.00096089878372887429364
1	3	2	-0.0017336509850105099977	-0.0043440509903136890341	-0.0011257316234303160925	0.0010682387448736412831	0.0025554229276507291375	0.00056966737784638280927
1	3	3	0.0048264493939456695054	-0.00029702007107945639294	-0.0011496832541899846842	-0.00047456322106964035287	-0.00045913321045857192603	0.00057356991142945915052
1	3	4	0.0087344721546979784549	0.0034047750828329992161	0.0018618608472834245315	0.0019885766899913784149	-0.0035800136741370629581	-0.0023426262882017836152
1	3	5	0.012622831243749067093	0.004657858870422615892	0.0038832973970028077625	0.0043827697973228803632	-0.0048545446869514979893	-0.0035612336524782515698
1	3	6	0.010302263247108641581	0.0035083829262467450955	0.0019940414455147715579	0.0039629236059070373568	-0.0027140645972754929259	-0.0025661922906613098168
1	4	-6	-0.00048312532654609972394	-0.0004965386100033486504	-0.00087264611176766644467	0.0016546827730541280744	-0.00066228496226946090807	0.001020365413702193887
1	4	-5	-0.00090297365839762022601	0.0015898738444238133191	-0.0012726465022394350436	0.0026187308942534548092	-0.001198711933471072015	0.0024129594842875264245
1	4	-4	-0.0011431413606025353242	0.0029429686705663049735	-0.00043635368620624368418	0.0017602239754985178968	-0.00072213902635687751523	0.0024959661431400940318
1	4	-3	-0.00011359170707426289996	0.0023488016580112784648	5.7648829766478110268e-05	0.00014256933743415626972	3.9001203997216513705e-05	0.00097302633591596777562
1	4	-2	0.00033559267003583525451	0.00088636405368601553934	0.00021664648284643861216	-0.00087068583103431878255	0.00060108930071079487868	-0.0012981896352256298496
1	4	-1	0.00044774716455944801223	0.0010167068075253638849	-0.0002782642548054922076	-0.00085020654406408550235	-0.00066530985466252087236	-0.0023841193687309781245
1	4	0	0.001239871182510765427	0.0022041129317171949745	-0.00030996779562769135674	-0.00055102823292929874362	-0.0013932030346029719396	-0.0012858805853413817974
1	4	1	0.0021594233892064003399	0.0032518023693599244078	7.6722231709966631601e-05	-0.00064101985630038557564	-0.0024663123160462668663	-0.00068772294415838199685
1	4	2	0.0012098069798106077678	0.0026000243428138877788	0.0010828177546792446852	-5.8197180437072427235e-05	-0.0027705389992637931458	-0.0011836178105327991705
1	4	3	-0.0021060546632417466786	-0.00013055755318300290798	0.0019810888615119453225	0.00051995287944011400576	-0.0019394335942686782761	-0.00064975132152581764177
1	4	4	-0.0047346029394395652834	-0.00096269648147127276274	0.00024206509962245659966	-0.00032667621901861463316	0.00094158563523743469409	0.00056735033938643279674
1	4	5	-0.0056505880350090718217	-0.0012807954977547470789	-0.00061073884988541008757	-0.0012909425429825894475	0.0016187086869101424344	0.0012889131339370210171
1	4	6	-0.0052895656102931697118	-0.00087161637509248200174	-0.00056368198965394333486	-0.0012366767970634069511	0.0012573822614848238419	0.00096972059389101826488
1	5	-6	0.00044561150063473456851	0.0012691627083755703358	-2.6923623685563968376e-05	-0.00036673541109222859528	5.1832230367819127881e-05	-9.4085724514262106775e-05
1	5	-5	0.0006552474215280696887	0.00070039824789024508582	0.00018247464855188506297	-0.0005560071090083386694	0.00031352413285749901155	-0.00041592745943028961971
1	5	-4	0.00056950124981699167242	-0.00050834606972797221746	-1.6383775239779401407e-06	-0.00050778652376482521884	0.00014032734054927550622	-0.00076181967213802465923
1	5	-3	0.00030204186248427070637	-0.00013259130340443587106	-0.00021320058039928872079	-0.00011066228906590424804	-0.000254653679837391002	-0.00022863424957798568569
1	5	-2	0.0002838849273490095756	-0.00012178615873268829159	-0.00039252955996535535696	-6.5739528425833065989e-06	-0.00083938143623888360461	-7.7327961472802416104e-05
1	5	-1	0.00030694811090566662473	-0.00024442438224306004251	-0.00013151515249274877881	4.2092139315433378622e-05	-0.00035062765155807729643	-3.3963685665893129071e-05
1	5	0	-0.000477388277469215441	-0.0013044640333823608654	9.5477655493843090911e-05	0.00026089280667647218393	-0.00014162610088895615434	-0.0001346119348980432881
1	5	1	-0.00072274595690530272357	-0.0012184720727308104814	0.00016644885867022707424	0.00033189613608140160813	-0.0001094983364458326883	-0.00044100860767619777612
1	5	2	-0.00034450613464731370946	-0.00077238324912133691624	0.00010422223912349017994	0.00037753577698248206619	-8.8302530485068574779e-05	-0.00055764781789553665315
1	5	3	0.00059413726696501824136	-5.0763460423211135186e-05	-0.00026338557315965237552	7.0145800906487872192e-05	0.00024093019961108125726	-9.998851470307609107e-05
1	5	4	0.0019060042786667350748	0.00017464711670285088451	-0.00014224730653868302268	0.00021027922933680885859	-0.00029869193649333000392	-0.00030651081584672380115
1	5	5	0.0027722333400922441124	0.00030271383485714660347	0.00026577135052481152882	0.00036353967396303464923	-0.00082021801854326040551	-0.00042408244093446395909
1	5	6	0.0027164723804675053147	0.00041500555467605771765	0.00032445255329752376765	0.00036290464176670959254	-0.00072312252449252068312	-0.00037158812725160091962
1	6	-6	-0.00082803709720506127497	-0.0018212472256501285872	-4.5846637170589179915e-05	-0.00027994577879692205671	-0.00018385282003809938337	-0.00058348698307194354212
1	6	-5	-0.0009688137102612106406	-0.0014034087542106957192	1.4717094417179005651e-05	0.00022610693769956790233	-0.00017610222875162731592	-9.3534256026576444333e-06
1	6	-4	-0.00087065968429610683926	-0.0009829037683151040615	0.00013884536985497774263	0.0003103187424874454068	-9.396866291560073843e-06	0.00021975217165239212193
1	6	-3	-0.00043476771280368301485	-0.00010165794628363035836	0.00013401654232291767893	7.6708134652437581368e-05	0.00012311051371127434387	0.00011953028721033171898
1	6	-2	-0.00015937212894346836143	-0.00029295503215798321568	0.00028360001213633312563	0.00012773047964566416803	0.00077111397193726529103	0.00023671392285800092335
1	6	-1	-0.00022421002287740748426	2.7177751212534003992e-06	0.00032851528532588112133	0.00010730211808392159823	0.0017468816890778794335	0.000646530483624782994
1	6	0	-0.00017396880741870062326	0.00013781909664418811158	2.8994801236450102748e-05	-2.2969849440698020856e-05	0.0017620279331013661336	0.00070451328560436744883
1	6	1	0.0001078634937763630258	0.00030554712787968707141	-0.00029597126596009819917	-0.00015975593350665853406	0.0016679641019842260472	0.00065298847316026407874
1	6	2	0.00026618187610067485429	0.00016277773704952819799	-0.00037878426522981912964	-0.00023439682375604910117	0.0010032618576391199618	0.00062180160274338325873
1	6	3	-0.00025977207334397978047	-1.7106462192078024967e-05	-4.6821450377771946455e-05	-5.8272262435493231989e-05	0.00018023359187020382877	0.00012224667893501246665
1	6	4	-0.0014597491686674758053	0.00033832437145992475848	-1.9959924285859363208e-05	-0.00013622241676576192742	0.00039487717859565797749	0.00011975253228366170152
1	6	5	-0.0022255836753041088015	0.00026918207791715333252	-0.00015869160421468848422	-8.4917252137830877929e-05	0.00063554666011844793052	4.8064286981966388367e-05
1	6	6	-0.0023557290053623568087	0.00024910059117800730129	-0.00061311766968252464933	-4.4918347941594013225e-05	0.0010057391705762506757	3.4015827452594679513e-06
2	-6	-6	0.012440310105050757586	0.006948892478749804473	0.0068202895451507060398	0.0040040891960284276038	-0.0026735195101337864108	-0.0016877917031118262574
2	-6	-5	0.016435150687398900754	0.010438129284808595962	0.0077833604123662353605	0.0054615142812881782922	-0.0027659722198799222177	-0.0023785654236223759128
2	-6	-4	0.013402275268361395558	0.01010833162310062483	0.006525636126458498644	0.0052355892115497400935	-0.0030873165555070501871	-0.0027992180057742972916
2	-6	-3	0.0037338292804080168256	0.0055955311051375184253	0.0037254201404672156704	0.0029773402507295579703	-0.0049616207606624201237	-0.0022243264313674369903
2	-6	-2	-0.0012213953563153046381	0.0030124495738633322306	0.0037828563438546641655	0.00084025619738305331544	-0.012569964387879295833	0.00049168098171417250111
2	-6	-1	-0.00083677163989795671356	0.0017029272409445381058	0.0030972335499228551003	-2.8752502318525013616e-05	-0.020256944579333042294	0.0035783694958002264762
2	-6	0	0.001110069356248937671	0.00071217989599031922363	0.00037002311874964589032	0.00023739329866343975928	-0.024463710750789343512	0.0052456933276131502072
2	-6	1	0.0030489037901978792953	-0.0006627169994451243603	-0.0019524760654423029167	0.0003563137020554875585	-0.017812663973049577826	0.0034633162112231740716
2	-6	2	0.0062925208515085219105	-0.0035018420649974447284	-0.00057407681991982894166	-0.0010990309487850264281	-0.0080147513112680084102	0.0002047492186423653898
2	-6	3	0.0093517554538546758536	-0.0083813506014522656806	0.0031976215026694836119	-0.0038123505117718605069	0.00016073936943585006936	-0.0020371339559088772267
2	-6	4	0.012042429017243609646	-0.014990240230921722878	0.0049618822433144709264	-0.006384949023952997578	0.0014216088563499017835	-0.0020823034204686344945
2	-6	5	0.01081202061967565832	-0.0162618828235170515	0.0048776518703037771707	-0.007635922784882817442	0.0015283739964942687998	-0.0026583542124525598102
2	-6	6	0.0071975620022739286719	-0.012846005704648196313	0.003669094941202037663	-0.0071657620410698055421	0.0012699076071107280334	-0.0028837601395204069156
2	-5	-6	-0.017682471660079118053	-0.0065903365642785410178	-0.0083044979768034966894	-0.0039449829135348567916	0.0010262577606432079624	0.0010907069065195335814
2	-5	-5	-0.021538426752233271605	-0.0094215129044862584023	-0.0092023693771551770548	-0.0053284693169261976992	0.00058699867626186869474	0.0015598641551316941647
2	-5	-4	-0.016442276797038399283	-0.0083300869496917163276	-0.0072492973586491720253	-0.004839143854282294821	0.00084048329979226484802	0.0018838863430070097119
2	-5	-3	-0.0064454664844871036034	-0.0053646565239749985712	-0.0054719380870159178842	-0.0029352214619321982322	0.0048229191553684613164	0.0013155980872369980785
2	-5	-2	-0.001044901823268866263	-0.0046658289453564288918	-0.0059410691678373848262	-0.00094511556471966388752	0.013807771096324595803	-0.0023030400335572694982
2	-5	-1	-0.00033261357279258408357	-0.0030119791429151910982	-0.0047101811266894036759	0.00013037431848751993534	0.022885678487861847719	-0.0066758298782679820899
2	-5	0	-0.0025758563384752713142	-0.0017049001064084053862	-0.0010303425353901086124	-0.00068196004256336213278	0.02588811939007651039	-0.0086798596334108704675
2	-5	1	-0.0048199438786521303646	0.0018851458963259405156	0.0020479665391521920982	-0.00053511771107811586991	0.019879720453065220787	-0.0064458803480424604893
2	-5	2	-0.0059856031579791114938	0.0042923816644858774072	0.0012766614055456904607	0.00103560569876087619	0.0091772566718433378624	-0.0017033674175836867153
2	-5	3	-0.007293287971241299919	0.0093082508671149637169	-0.0023059195686516271127	0.0043907321932695718425	0.0010189926997414883083	0.0011123864107059774041
2	-5	4	-0.0097055941330460426125	0.016923701484555176561	-0.0046180529648875189366	0.0075881975598374225983	-0.00091976913958637682243	0.0010233962075191891002
2	-5	5	-0.0099337753896739221932	0.020309182955845505453	-0.0048810326887710128729	0.0097561401143153644172	-0.00090752253290144455945	0.0016324669319771618458
2	-5	6	-0.007327124579213661372	0.01779284602962298914	-0.0036147769746851438934	0.00913543903995267699	-0.00056993928583306608434	0.0016819171900862347341
2	-4	-6	0.019024324346452813062	0.0036577072876545243911	0.0084133273219723133524	0.0033693601649334718913	0.0007325565675027286049	-0.0010270043474041397249
2	-4	-5	0.020982446591403049879	0.0048664349614551431419	0.0076916002090880852132	0.0040606028752787721656	0.0022396984692907516944	-0.0013019083156409604757
2	-4	-4	0.018523612947657561861	0.0037707706026473752567	0.0069558555369820867717	0.0038453352150663797082	0.0023059509368466937253	-0.0019599499137426920799
2	-4	-3	0.0081653295241903948998	0.0032963535111852023708	0.0052120318654718155241	0.0024346219681830689671	-0.0015058228045021584442	-0.0010485936167872900865
2	-4	-2	0.0044327515700975936644	0.0060269604964516502316	0.0089597600119382756617	0.00084129017808893928349	-0.013486768453778958526	0.0043443801402737718814
2	-4	-1	0.0058045027768913771971	0.004076440622671395099	0.0078927847271906496213	1.2998474628841218925e-05	-0.019962133354979844091	0.0081008873468274254781
2	-4	0	0.0074879098508355236216	0.00079946026323021116694	0.0037439549254177618108	0.00039973013161510558347	-0.019929405929756838223	0.0085685883221922661684
2	-4	1	0.0079235410352392187522	-0.0034217170534656493434	-0.00024558419540561239819	8.8019246778421155863e-05	-0.016829418852100888615	0.0071955110940449835272
2	-4	2	0.0069167382943144109161	-0.0036463796186537601046	-0.0015046088581563282771	0.00029667618476049027656	-0.0099259560106270683377	0.0042397319881747408746
2	-4	3	0.0026915999496086051058	-0.0041454203140103285108	0.00095210168438760573416	-0.0024355879353835227161	-0.00052493105388892920011	-0.0004838370378378111002
2	-4	4	0.0055175095258017999716	-0.010004917218275736351	0.0037594186927477043006	-0.0051034657554076025276	0.0010006639298468040979	-0.00010100714626973493471
2	-4	5	0.0052743776767375273595	-0.016538930779303916835	0.0042709277689541745235	-0.0092029794562001540625	0.0013069911444683285449	-0.00074681125323855686304
2	-4	6	0.0044355692336589163174	-0.016556272833687234181	0.0033338160489998851753	-0.0096243558797423078843	0.00074402095478028464157	-0.00089747964193246081849
2	-3	-6	-0.018852433447833282648	-0.00055466445869312023045	-0.0070868839548280399693	-0.0017840889715601451326	-0.0027407025051970740868	0.00070715633288236589508
2	-3	-5	-0.023133050945192003278	0.0017517434572577998166	-0.0071603308014692558861	-0.0016815642142082557094	-0.0049570218971952484735	0.0017096359114280733522
2	-3	-4	-0.018596563401909921992	0.0039360534081641050663	-0.0059667225853940603075	-0.0012234274890605900069	-0.0048232397619094157654	0.0028855973208774948757
2	-3	-3	-0.015798232492864432153	0.002167665654439858685	-0.0091448087153894307838	-0.00059633092426372485886	-0.0013873462798535244906	0.0020414413605569642352
2	-3	-2	-0.0047584587773519980078	-0.0065268746008212150458	-0.0064604054764558025564	-0.0023129363001811518823	0.0049321494373317066942	-0.0030574701505494874393
2	-3	-1	-0.0055854108212240634324	-0.0089087650451870580015	-0.006950385270974205644	-0.0037136262654606576154	0.0096803341704744891999	-0.006676651293992142723
2	-3	0	-0.0064682116760418646023	-0.009617321079732262315	-0.0043121411173612433573	-0.0064115473864881748767	0.0087105629674417775488	-0.004452881740192583121
2	-3	1	-0.0050731333888317294706	5.8182177778483990937e-05	-0.0012909145109093393515	-0.00054855993830974587779	0.006273523244935440453	-0.0017620441704862058185
2	-3	2	-0.0044782716731559240458	-0.0017192008319962953644	-0.0014106665077990576673	-0.0014847644415813554281	0.0023622719114573371112	-0.00050794583037573777778
2	-3	3	-0.0039549992089101381615	-0.0080990481143356357618	-0.0031534243742996413522	-0.0077061646162623759215	-0.0005167582350262160196	-0.0023067992067052852691
2	-3	4	-0.0031487189760749868979	-0.0033395418276531397238	-0.0050913921535457691211	-0.0047950678103145421075	-0.0022441846271218333919	-0.0019265299439093369355
2	-3	5	-0.0021930044705658494411	0.0047273375427238951973	-0.0059412685112141079211	0.0018926398248688912872	-0.0026875593185021252364	-0.00075535112216822337169
2	-3	6	-0.0008197317280033174355	0.0098161524593027623536	-0.0048170041796392962241	0.0067625327745773214719	-0.0021352581804852089307	0.00010921556752107359643
2	-2	-6	0.024013678405766274854	-0.0052062312345771116079	0.0082113560364368912148	-0.0033069011032442513671	0.005267440789776461213	-0.00063311004377762008025
2	-2	-5	0.028580460002502944272	-0.010681904895380700884	0.011514921146748359135	-0.0050309806468070176685	0.0068262155423018345754	-0.0022603696994294730262
2	-2	-4	0.029956256487767965457	-0.016793949793814825361	0.016008621996750061617	-0.007063156958781588099	0.0069738172455089519203	-0.0048653964175166186309
2	-2	-3	0.015242645650226776047	-0.007901285618517557563	0.011178811642917344665	-0.0055108714477358810083	0.0027092226715396206319	-0.0015936094471877850203
2	-2	-2	0.0023385026914939134601	0.0088780031960559342707	0.0055845415217048886489	0.001492429620862950005	-0.0032460388302109751887	0.007385573575192983832
2	-2	-1	0.0022468215003961372611	0.010451274385239590209	0.0035756753256888608103	0.0079207115825773166673	-0.0026577076505854466647	0.0050611256053245444811
2	-2	0	0.0052997874131550911161	0.0022290336572524868664	0.0052997874131550911161	0.0022290336572524868664	-0.00023948950819978616464	-0.00077617622298737037976
2	-2	1	0.0033687938586650281042	-0.0045653389292073789582	0.0036081594526773488364	-0.0069127623865165273645	0.00047873118802464173548	-0.0046948469146182968126
2	-2	2	0.005771816433715823598	0.0013239587402116463968	0.0075417596554538529618	-0.0044629319020078658115	0.0017699432217380293639	-0.0057868906422195122083
2	-2	3	0.0086584221769725883133	0.017885932991976903617	0.014089527814286505539	0.021694354345320018135	0.0036207370915426126401	0.0025389475688954092451
2	-2	4	0.0089030728367649088206	0.018312038688656422786	0.01979975284010706757	0.029838883870808942389	0.0054483400016710802419	0.0057634225910762598016
2	-2	5	0.003911251797378672776	0.0097674768191147315344	0.016887645524261932217	0.016168935025893536178	0.005190557490753303603	0.0025605832827115212504
2	-2	6	0.00048694350156251058927	0.0029654795069301745185	0.01370315659207601254	0.005899752292522546411	0.0044054043635045007227	0.00097809092853079070314
2	-1	-6	-0.020721552197626794123	0.007721224608332842923	-0.0090042645180750963824	0.0077348135471161857946	-0.0054064733128630828446	0.001284605944924916603
2	-1	-5	-0.028445480399814936784	0.016981745782415853807	-0.020309749496918747674	0.015498506493523587016	-0.0073162422605422255256	0.0036929970142616235125
2	-1	-4	-0.026326886925694733405	0.020898937489047104271	-0.026031173112672976316	0.020206128615668408899	-0.0066556501846791226232	0.0053979365906064490435
2	-1	-3	-0.0083581572352603439313	0.0068323653287187015304	-0.0095283861046299989095	0.010860470881366138599	-0.0023959761219635631289	0.00093475325869042159583
2	-1	-2	0.001243395595990443199	-0.00070702645376774931728	0.00093132067729509708954	0.0058925898324065535683	0.00077773525734289470843	-0.0036533213699710257762
2	-1	-1	-0.0006158703137778529001	0.0042827139459121624579	-0.0022430312011995712576	0.010744768846800723319	0.0010112905736438656742	-0.0021793409549763992708
2	-1	0	-0.0044999464447337093886	0.016523097193682913936	-0.0089998928894674187773	0.033046194387365827871	-0.00059257003089329286089	0.00018539544383933885367
2	-1	1	-0.0025029049899496485371	0.0068312987728989058717	-0.0070937546184604953481	0.017741397937516209526	-0.0020879446385611987076	0.0040788003917183986505
2	-1	2	-0.0031878049936200120347	0.00074534232741363187161	-0.0097246718547034424057	0.0098137156574366717077	-0.0016745309337317089513	0.0041615155013047045243
2	-1	3	-0.0083148423931208911147	-0.010849336545951496907	-0.020683965475993604244	-0.018389705028601502357	-0.0013514268965839413943	0.0011029893544338312088
2	-1	4	-0.013738722755016058441	-0.021316095150923045076	-0.03070759887785795561	-0.038190649603485095354	-0.00080753834195645989892	0.0011103851745902486997
2	-1	5	-0.0097549070500709163245	-0.018784444395338509293	-0.026943258418377920294	-0.028171630684406558792	-0.001486688863647217659	0.0018794516212540918719
2	-1	6	-0.0036216746263726751556	-0.010183148349099769431	-0.017116528618991891375	-0.011885660164565976446	-0.0016455298943744236552	0.0014134394222722604026
2	0	-6	0.022420822998367777312	-0.013786767880908872008	0.012138641934755464366	-0.012288678406646829852	0.0074736076661225930157	-0.0045955892936362903803
2	0	-5	0.027787867374887274818	-0.021758583453125941026	0.022797100664212130439	-0.021895451102629966827	0.011115146949954909233	-0.0087034333812503767575
2	0	-4	0.022373175899773587588	-0.022658822997882341332	0.025654686298019462737	-0.026033407192777698047	0.011186587949886793794	-0.011329411498941170666
2	0	-3	0.0053606075113509848648	-0.0036877819952094875212	0.0083301114162870077556	-0.012852493150906045896	0.0035737383409006565765	-0.0024585213301396582029
2	0	-2	7.2449111851459786098e-05	0.0035099214335023503838	-0.0031615464287119156815	-0.0086977789572848605154	7.2449111851459786098e-05	0.0035099214335023503838
2	0	-1	3.3699902292366757754e-06	0.0013958069102034148957	-0.0013223906431516817619	-0.012664114396757358491	6.7399804584733515508e-06	0.0027916138204068297914
2	0	0	0	0	0.00020302060631927879193	-0.012350253040006685737	0.00099108509413760054879	-0.0023491146825804884619
2	0	1	-0.0006598995250731769192	0.0026301338122645297191	-0.00071936907303980063798	-0.014588099108509305912	0.0013197990501463538384	-0.0052602676245290594381
2	0	2	-0.00051660510738613454884	0.003457782709176301407	0.0024605593835567629232	-0.008903545686143784707	0.00051660510738613454884	-0.003457782709176301407
2	0	3	0.0035637368507153224795	0.0074503007517207724131	0.016099652797549379724	0.012562100354514441763	-0.0023758245671435481751	-0.0049668671678138485645
2	0	4	0.016106229913913541751	0.020143094098495999827	0.031418570797429740127	0.031689763375869456352	-0.0080531149569567708757	-0.010071547049247999914
2	0	5	0.015973020374350666017	0.022215003655902575835	0.029825533545816674402	0.028066693587991676379	-0.0063892081497402665805	-0.0088860014623610306811
2	0	6	0.0092659915917478793274	0.016512975810723959369	0.020303215505531956031	0.016134641520727438513	-0.0030886638639159597758	-0.0055043252702413189223
2	1	-6	-0.013129103518535543971	0.011000464906373569676	-0.0082933733081871213733	0.0094441448373677044925	-0.0057585967242097012633	0.0052408457750191400626
2	1	-5	-0.01654947726823488216	0.017136210218852948595	-0.01477074116677193176	0.018137033747028234731	-0.0095739391406483385222	0.010481890836946826731
2	1	-4	-0.012624181855969644067	0.01642432156720285974	-0.014720638856860257526	0.020297922938789181302	-0.0099922506421998864151	0.013286641518298725195
2	1	-3	-0.0031851678920301819582	0.0019767127661525023784	-0.0047370721056109949335	0.0064658099431927767986	-0.0037024692965571194721	0.0034730784918325938518
2	1	-2	-0.00089809842785287807843	-0.0028069702709292271813	0.00095215149235226045465	0.003241108914283066713	-0.00042202268167674790531	-0.0011864158137876940416
2	1	-1	-0.00055585709827538033398	-0.0029869066963157152664	0.0016686508931263153467	0.0039526837511515153581	0.00055693669657555478717	-0.0020211296414799156083
2	1	0	-0.0014079326879699483478	-0.0075626243362471043744	0.0028158653759398966955	0.015125248672494208749	-3.2981256212180122024e-05	0.00080023757728858572504
2	1	1	0.00081881493493008567202	-0.0024029425710356791708	0.00086834766951012409743	0.0033631909415214409492	-0.0025059775393702953331	0.0014426942005499173924
2	1	2	0.0010967889792068777084	-0.0024589340914631619903	0.00040481099227391041315	0.0011759473796257354644	-0.0012991944753438329149	0.0018709604016502942581
2	1	3	-0.0015337486367050963409	-0.0056146906055218439094	-0.0066498757297535539962	-0.0071166045651048833592	0.0032391243343879157039	0.006115328592049523726
2	1	4	-0.013021708139352250119	-0.01248414234137894957	-0.020675877963235434615	-0.016755160238196457195	0.011679823560484983713	0.010430861230238589951
2	1	5	-0.014655819653420826612	-0.015641213143628405341	-0.021441536134056030788	-0.017552196547067546589	0.010150635088179536455	0.0097669245668648707603
2	1	6	-0.0090178485852393779759	-0.011505086220214108539	-0.013288147949876618487	-0.010407564067603427421	0.0052206408533925626955	0.0055696227513386074165
2	2	-6	0.0060914454616604260528	-0.0075022948595958368484	0.0058184378493910645161	-0.0071481247329334253807	0.0039699611036838299005	-0.0048834731975097543655
2	2	-5	0.0082858945132325903526	-0.011573591700985394123	0.0082679660034647699945	-0.011825974703738417748	0.0066215442066789439654	-0.0093598265618895244017
2	2	-4	0.0067341954490075291856	-0.011512390801964639611	0.0068170683702334670603	-0.012563147943523264929	0.0067756319096204985566	-0.01203776937274395227
2	2	-3	0.0012698777768857458237	-0.0029098409527438481338	0.001827154710499897302	-0.0036969182542312727449	0.0020646883249237622283	-0.0044045061379834144974
2	2	-2	-0.00024056064346856731646	0.0017810671099513740705	0.00033831058336424328289	0.0019036470967320078852	9.7749939895675966436e-05	0.0036847142066833821726
2	2	-1	-7.5734961870874850263e-05	0.00045160630384113677931	0.00015195942267981119543	0.00088631361808743009713	0.00015244892161787271744	0.0026758398438571336445
2	2	0	5.4419577088693795971e-05	-8.6683118557911165701e-05	-5.4419577088693795971e-05	8.6683118557911165701e-05	0.00074155968951333068803	0.0027089662239553253566
2	2	1	-0.00059827544412484323904	-0.00062646668207741928666	-0.00074782134631019641594	-0.00015155785355560637533	0.00269219358087007931	0.001556049071266051324
2	2	2	-0.00072346210542210411757	0.00065771166481395286312	-0.00081380662801261709639	0.0014325638395225289475	0.001537268733434721214	-0.0020902755043364818106
2	2	3	0.0020838842076509153829	0.0018836771027258194383	0.00228772111601609901	0.0021916209847991823326	-0.0029144035491113430732	-0.0027168653916833343694
2	2	4	0.010555103042134677399	0.0067030344467036203499	0.010834400315214114466	0.0073125194758618880519	-0.0106947516786743968	-0.0070077769612827542009
2	2	5	0.01257513597980961656	0.0091110761087876794562	0.011823869853741668379	0.0088811227521486523634	-0.0097596023334205143224	-0.0071968795443745330748
2	2	6	0.0089492049314401165422	0.007156824286944006748	0.0074344100441172894858	0.0062483544388933116853	-0.0054612049918524689651	-0.0044683929086124394778
2	3	-6	-0.0016779597153647810015	0.0028581884553572959283	-0.0024750419001264068776	0.0037241091718074751174	-0.0017968408551847971782	0.002814784071022836346
2	3	-5	-0.0027234649146290722255	0.0049638100510372030333	-0.0035250011261395027516	0.0059809462517087311206	-0.0032043866415353305412	0.0055740917714401198857
2	3	-4	-0.0024023778815641379063	0.0049715030433947812044	-0.002191608991174671256	0.0059316958182198840574	-0.0028448956841630721783	0.0069345233853623034284
2	3	-3	-0.00017184184773647750272	0.0026796151813930561662	-0.00039613882855251742908	0.0022901334522784692026	-0.00051070006037683580036	0.0040765435732071737471
2	3	-2	0.00051775061961824178722	-5.2777773954422041718e-05	-8.5846009188322931391e-05	-0.0019346471044326915036	0.00038898160583575742402	-0.0029547484306034592361
2	3	-1	0.00055982143472928409811	0.00037647262535720914158	-0.00056709894544123857357	-0.0020601497430446365049	-0.00058165396686514763292	-0.0054275039784194914483
2	3	0	0.0010203832392359491171	0.0024351578045068256011	-0.00068025549282396615032	-0.0016234385363378836618	-0.0022930744466464797644	-0.0037940128752061326456
2	3	1	0.0018076531804195857325	0.0028328021153376735895	0.00022665667239134496078	-0.0010188579749040554533	-0.0042952763780132064558	-0.0026090303059631806022
2	3	2	0.0014194242606707073179	0.0020445305240288070246	0.0015836016457429996727	-9.9193213564817167994e-05	-0.0037948267292852071522	-0.0018957407036815814624
2	3	3	-0.0016685280835211752874	0.00055459600646652542234	0.00077898289403126915863	0.0011289986440776854804	0.00033336916164951433013	-0.001498729315055369023
2	3	4	-0.0059076817651568178102	-0.0024825331059812479582	-0.0035355152247541514129	-0.0022306709859252083633	0.005605477301144022248	0.0029142697924345304684
2	3	5	-0.0074451704351840364629	-0.0037397954294923979948	-0.0046281741965972606964	-0.0033773305714067604517	0.0057549726920319704826	0.0035223165146410152955
2	3	6	-0.0057023520802271772737	-0.0029476043263830234084	-0.0027773838512054551016	-0.0025519859640066853458	0.0032894759523451203367	0.002258527757464350548
2	4	-6	0.00038278035500746059386	-0.00038928047038839857456	0.00041864786241349377302	-0.0012749837166427114687	0.0004066920266114827133	-0.0009797493012246071345
2	4	-5	0.00068234418946564693188	-0.0011528899929897592526	0.00098631486961797947693	-0.0023585636225333717932	0.0010619895714806422676	-0.0023480068952226010488
2	4	-4	0.0007327851488849537482	-0.0020466890335837793942	0.00083852793335558904134	-0.0022088588458967881208	0.0012049205077980659154	-0.003232203362688677601
2	4	-3	0.00035953581374522801308	-0.0010198776922932064649	-0.00029146808206569649151	-1.1322974429410254628e-05	-0.00014893356692410999803	-0.00069501576076801802571
2	4	-2	-0.00029784372636748075855	-0.00047336801604168084016	-0.00017605124123263105117	0.00077626276851224104356	-0.00064994620883274286088	0.0010791575209828012469
2	4	-1	-0.00032084250830449880876	-0.00080097499851703476796	0.00025036223721698543402	0.00076560312044365310628	0.00035976393225894406436	0.0014604624847405426723
2	4	0	-0.00083244209194448161998	-0.0020127952894674859541	0.00041622104597224080999	0.001006397644733742977	0.0014177762550683337909	0.0011080757398383911036
2	4	1	-0.0014120737209222149547	-0.0021111355447356789684	-7.6114485828426286401e-05	0.00052262430203209384993	0.0031286053851581350008	0.0021317738813429821035
2	4	2	-0.0010316240090497072468	-0.0017159346931804077274	-0.0010198843912838555584	-9.2000188960515515537e-05	0.0030713927916174183635	0.0018999350711014389211
2	4	3	0.00067570501543676294784	0.00016276470568109022521	-0.00083391650452792744162	-0.00020997728058375254726	0.00066141866241272795693	0.00017145990365760992191
2	4	4	0.0023399288079144846784	0.00084810322090674570335	0.0016501039848706474788	0.00074909200482282391979	-0.002820068388827889818	-0.0011731436152761967173
2	4	5	0.0030430790309851139634	0.0011534043338040510414	0.0015756757816080091232	0.0011041077206665364345	-0.0024777722376804530574	-0.0013446479100548496509
2	4	6	0.0028375525289700614592	0.0011356306928703506064	0.0010505243411838267962	0.0007558207266109340022	-0.0016462004037792383505	-0.00088242404869740627589
2	5	-6	-0.00012598459855983900084	-9.485236520883357197e-05	6.5604792768677477237e-05	0.00049590435396381043857	1.2675794453951566909e-05	0.00038163617323356413416
2	5	-5	-0.00021921514094636084576	0.00041274811042966264669	-0.00022488997951543551247	0.00078550207120976788845	-0.00031257603589397985619	0.00095060131538163294713
2	5	-4	-0.00014524378603389490614	0.00061319726259553874233	-7.1640756016954902532e-05	0.0004865346933546333655	-0.00016217283803814108462	0.0009147669979910611187
2	5	-3	-3.1438651392557047056e-05	0.00054216689062505478425	9.3673185906977240447e-05	0.0004803182979444017126	0.00013516287558325737841	0.0011619750903240394675
2	5	-2	-0.0001856140307792641627	0.00024817892782545746336	0.00035891528008573180377	-0.00011352870533840432946	0.00071167416943506529251	-3.5642835520553353505e-05
2	5	-1	-6.3737479669567442494e-05	0.00027814442284736077583	0.00010312497927860008883	-6.7735065271236713112e-05	0.00038814993705386550494	0.00021761351933853804032
2	5	0	0.00025830213750180754193	0.00073208451853876946487	-0.00010332085500072300593	-0.00029283380741550776426	0.00014344002914566685958	-0.00012050872007629574235
2	5	1	0.0005112080451929479916	0.000709971026905527932	-0.00016210958869693428848	-0.00031334744563834323727	-0.00021186814690122462209	0.00014679517438066032233
2	5	2	0.00043277193245604925762	0.00047003012441316469093	-0.00024448874333295671874	-0.00032419265079876926098	0.00017844992587634251214	0.00034045150258375848863
2	5	3	4.2788630745327764266e-05	-8.7236356076629786751e-05	-9.4440041541868656244e-05	-0.00018324574808937401488	0.0001288743154062292509	0.00036356715086670988264
2	5	4	-0.00053658178272036752884	-0.0003758515551354882139	-0.00043289341097550715614	-0.00018716247098412268227	0.00080940765507956768249	0.00042187886629789744623
2	5	5	-0.0011813904010339335363	-0.00061159801284851856261	-0.00071046924597538559879	-0.00028285210708676170781	0.001183025406388959035	0.00052749131222616912201
2	5	6	-0.0012775318853626958533	-0.00067552722010319151726	-0.00044520931945826887864	-0.00022570362248289661247	0.00079685172800278934995	0.00041326209210347769184
2	6	-6	0.000244648662984960259	0.00056365051659082693152	-0.00014259169571433541576	-0.00021493821762960787841	-6.1042141386015338466e-05	-2.7054712099332204077e-05
2	6	-5	0.00029005655570265198757	0.00021583937298607125984	-9.3387548880882224824e-05	-0.0004347430177883235161	3.9575636240021160934e-06	-0.0004353558721515596937
2	6	-4	0.00017273339511238194107	-7.1246974858985028965e-05	-8.3382655626612457527e-05	-0.00043544886752016893731	-3.8707285883727715755e-05	-0.00068879678870974593401
2	6	-3	3.1038755344465994153e-05	-0.00033274227987628482005	-0.00014542000980591508622	-0.00015803037658041014179	-0.00027014751604885283397	-0.00053788893974501014554
2	6	-2	0.00016288668757430139404	5.1997856775565692898e-05	-0.00022461435158263739435	-0.00016686803228917423915	-0.00051095636717361076189	-0.00044860624009195699743
2	6	-1	4.4641445064319254366e-06	8.3779913070192611026e-07	-0.00013173307564349752245	-6.2492224894665076044e-05	-0.00078147016484812130248	-0.00037327775110658663327
2	6	0	2.1957328981780958258e-05	-7.6115660069966199742e-05	-7.3191096605936530352e-06	2.5371886689988734377e-05	-0.00068467867779372086796	-0.00025475989716063302069
2	6	1	-9.8649027605129374478e-05	-0.00014422902952013417132	0.00012309832511729691435	8.9872044902054631834e-05	-0.00054129189549352281843	-0.00025077421037205944836
2	6	2	-0.00021533984480993654457	8.3175512091516088736e-06	0.00025947734377036269036	0.00010845104736838582062	-0.00056309218650115149939	-0.00033367069331430906226
2	6	3	-0.000247589308540617308	0.00017214636149362244535	0.00011423545055417844531	1.5066270020719418275e-05	-6.3411362081278703365e-05	-0.00014489678103718711764
2	6	4	0.00033472759346425272516	0.00010380495425776793542	0.00016253605912418378336	9.7644524661729279673e-05	-0.00041116788541840205116	-0.00019836926412147788722
2	6	5	0.00094472610454888518178	0.00026657686820771023728	0.00016455416321792325045	7.9651255239417004467e-05	-0.00057535543768106201662	-0.00020221225357038450569
2	6	6	0.0010053149720799800862	0.00024033134475989826923	0.00027029203658462058009	0.00012357012514145623654	-0.00060539702727794718513	-0.00020368057339475566865
3	-6	-6	-0.014724982743585430384	-0.010151140457216153296	-0.01024806150385190219	-0.0071459558207676793576	0.0028855701320591861311	0.0020703855921596027098
3	-6	-5	-0.018445315131289892474	-0.013630754503285538379	-0.012329213575653726401	-0.0094788357157557373567	0.0037278672120105368903	0.0031961501569355631018
3	-6	-4	-0.018740250139056339324	-0.015615414387503063695	-0.012210746960817949261	-0.010103232292921638519	0.0042609328369346702661	0.0034432876487551604405
3	-6	-3	-0.0071524491855784848304	-0.010413479705988194779	-0.0071784289083595877873	-0.0064045207601439229847	0.0072044086311406898768	0.0023955618142996507568
3	-6	-2	0.0013220052280329016008	-0.0054551566515306532806	-0.0047271881076109420819	-0.0027220876416115692004	0.016164572164882179406	-1.6472052461271923456e-05
3	-6	-1	0.00069634938911285605527	-0.002457739614771529274	-0.0044625011236879832607	-0.00054242642137999148768	0.028864054909466467513	-0.0041186603160346391128
3	-6	0	-0.0019886627303397517649	-0.00044721038967915702081	-0.00099433136516987588246	-0.00022360519483957851041	0.032247803892304381657	-0.0054815381592128948132
3	-6	1	-0.0065596924250397757247	0.0022643109070253253541	0.0011527042159181924517	0.00042858668030909254044	0.026595302570628483185	-0.0042214126392214213618
3	-6	2	-0.011722678754002294893	0.0068039198172130197634	-0.0022063121740754556427	0.0034205344988848039416	0.010965081608777075411	5.5723770834882199938e-05
3	-6	3	-0.014839686990166831709	0.013567773517825105697	-0.0068766790409645990254	0.0078074009623746755404	0.0010863289082376347428	0.0020470284069242458171
3	-6	4	-0.016333201387206282978	0.020155554643880493199	-0.0095060755507156424748	0.011933480878755823099	-0.0020092122856687532131	0.0027835553352233634479
3	-6	5	-0.01249112945040268402	0.01853555687574371183	-0.0082650007006281524941	0.012157898926814373827	-0.0024233231705121723205	0.0034681445867310212346
3	-6	6	-0.009121325316940622624	0.015448907292575640368	-0.0061063452285918303625	0.010584716207197589904	-0.0015456825701215192673	0.0028602625609097684194
3	-5	-6	0.020613458465205927034	0.0099660152973112536845	0.014054216231160243308	0.0077812489163385876317	-0.0014051176266972388064	-0.0015013664482931958228
3	-5	-5	0.027901282840115889522	0.014676539370855435501	0.017352666642984564127	0.010407485920987186861	-0.00061189693891503091263	-0.0016015622984739252138
3	-5	-4	0.023763472174053609093	0.014316195837483072784	0.015801451421505963157	0.010116788460051521006	-0.0019292101463422453925	-0.0019088386969520951524
3	-5	-3	0.0110970692194749046	0.010944427350723361439	0.011060397362263508711	0.0068504069457206830454	-0.0073369263842976090509	-0.00047291755881111055635
3	-5	-2	0.0022559332647350341383	0.0065101531170368050205	0.0082707155211627029351	0.0027490680170649756456	-0.017292888905804208732	0.0028925596328927688505
3	-5	-1	0.0012215432523426127988	0.0037937158074032514832	0.0067369880690497244494	0.00070294880484403820999	-0.030020310588220786019	0.0078664033979895624238
3	-5	0	0.0044791022566325429041	0.00025613435400377912833	0.0026874613539795257425	0.00015368061240226746616	-0.034180324356634914085	0.0099631888455465646148
3	-5	1	0.0074507114169723104649	-0.0042904391915573047989	-0.0010683862028494570118	-0.00096907788539654215326	-0.027694065265164217321	0.0080259281476892027629
3	-5	2	0.0097400783777517579293	-0.009378924282945200544	0.00068085324976067604363	-0.0046650679688583131938	-0.012907984442225947652	0.0024057165022720173979
3	-5	3	0.014184136072435443027	-0.017625105023605817239	0.0066908128896922478002	-0.01059971937583259298	-0.0030327812562816959703	-4.1093936115169343425e-05
3	-5	4	0.01474309948280044455	-0.024463524874392027914	0.0097893383238423052617	-0.015776113454058666996	0.0011793482927025481649	-0.0013724981617793149784
3	-5	5	0.013765063128288287236	-0.026863906369937507607	0.0096289745294865208142	-0.017777460795350603223	0.0013699366525135479519	-0.0016591169733880997
3	-5	6	0.0093372262123179953358	-0.02136332772488416798	0.0068443259823456883625	-0.014869096820239891682	0.0010349918791290764735	-0.0017092501544244932069
3	-4	-6	-0.02347591418682775169	-0.0079176602268949004132	-0.016643329254837569559	-0.0076712522369275608358	-0.00064240425685549689804	0.0011553380445042571618
3	-4	-5	-0.026848720217705370622	-0.0095148373096302224505	-0.018179310722195633765	-0.0089895355517560521924	-0.0015657835528667164455	0.0014827260556267087173
3	-4	-4	-0.022769541022344477743	-0.0089540520246875615618	-0.0160174173518480914	-0.008304513271900928334	-0.0010597384149102666902	0.0015889742533852565121
3	-4	-3	-0.01338207068838730314	-0.0080303492397890072207	-0.013532352328785985512	-0.0055593389260465732316	0.0046610657499940120335	-0.0006178973383935765706
3	-4	-2	-0.0061518660127291551615	-0.0078711101394564036288	-0.0127122573934543414	-0.003354423390770997198	0.016196715767814947456	-0.0050978184276426127819
3	-4	-1	-0.0081761592530776704829	-0.0035938358004704126954	-0.012422598179176945823	-0.00026104491261906694966	0.02516191495747477011	-0.009737327750934970938
3	-4	0	-0.012595611491472712834	0.0011391094915100944719	-0.0094467086186045354929	0.00085433211863257074552	0.029507855840622172067	-0.012243138888352317686
3	-4	1	-0.011924702435955778987	0.0064207712619847572694	-0.0033508153161272082217	0.0024648815581520275644	0.022370846043358504074	-0.0094027875533461598156
3	-4	2	-0.0095779971180094524569	0.010957380996451958344	-0.00089399463832806787267	0.0058804523999351236349	0.012579006400358043807	-0.0046751666948076902458
3	-4	3	-0.0083118811467061039927	0.014960296518869136556	-0.0044120443695502119946	0.010368773165376645937	0.0024291553206391551002	-0.0011352656317002750904
3	-4	4	-0.0081079810031778193347	0.020514467841002897303	-0.0075931338211932212362	0.015649285755045705404	-0.0015121480688098576026	0.00026343487429353334853
3	-4	5	-0.008196511154025736684	0.023484317501110952425	-0.0083361371597769316766	0.01897025317091420582	-0.0017510030354061030707	0.0010856120360647945021
3	-4	6	-0.0070496324049601618786	0.022461419465808391688	-0.0068866529549922823536	0.017441895158627252621	-0.0010662857675147738908	0.00039722037284730695155
3	-3	-6	0.018503020319871998911	0.0035152033813512905541	0.016567005858736775364	0.0060109180218420234926	0.00096800723056761144806	-0.0012478573202453666861
3	-3	-5	0.022374259096477531333	0.0036817598229778852187	0.01783012933840233058	0.0065415831247585976699	0.0027264778548451214929	-0.0017158939810684274707
3	-3	-4	0.016239271568231232468	0.0025095227655921605557	0.013561454549334999928	0.0052008657045911994496	0.0020083627641721731039	-0.0020185072042492794957
3	-3	-3	0.008670807597500265404	0.0031766815792300955208	0.0098016193114214590631	0.0034125762476789650753	-0.0011308117139211943097	-0.00023589466844886963575
3	-3	-2	0.0062835043315863006036	0.0063850998183789097612	0.016576699107341306277	0.00092668325327642216485	-0.015439792163632509378	0.0081876248476537311777
3	-3	-1	0.011109902040957193858	0.0022431320760920858692	0.018834799880586932525	-0.0020778431557776462155	-0.023174693518889219468	0.012962925695609197121
3	-3	0	0.017180387210324433306	-0.0064440358629766067086	0.017180387210324433306	-0.0064440358629766067086	-0.020042236037792159759	0.010866412832283296741
3	-3	1	0.018205855600644766518	-0.013541471744956869866	0.011455769706536781533	-0.0099313107253849505079	-0.020250257682323951486	0.010830483058715754605
3	-3	2	0.013808345678283324987	-0.011763125561265635674	0.0056506510875403148653	-0.0067420192874477619105	-0.012236541886114513447	0.0075316594107268115127
3	-3	3	0.0040977809898471466085	-0.007641865902712848338	0.004342796786536089193	-0.0055455437693156927476	0.00024501579668894247609	0.0020963221333971555904
3	-3	4	0.0030255985820107685752	-0.011364755350322178207	0.0062830366918017917233	-0.0097475286200754338028	0.0024430785823432677947	0.0012129200476850580861
3	-3	5	0.0031667218545218854889	-0.015493968464038989849	0.0076954617797224747489	-0.015651310566719624229	0.0027172439551203532958	-9.4405261608380183335e-05
3	-3	6	0.0028530927500515523322	-0.015090192271092364371	0.006318286962606084467	-0.014582732530771516308	0.0017325971062772662842	0.00025372987016042354352
3	-2	-6	-0.012585265247431714	-0.00048365545288339998817	-0.013157268574158787963	-0.002571839402774014037	-0.0019068764323295942734	0.00061545207448297138773
3	-2	-5	-0.014600210936758485636	0.0018447464091585897943	-0.013955469722547650044	-0.0011835485976017740342	-0.0031779386730360317977	0.0015802672845358634035
3	-2	-4	-0.010328696985518916532	0.00345542268992767845	-0.010516742220106208364	0.00077282990630743865317	-0.0024881516290860836507	0.0022051520642920397278
3	-2	-3	-0.0064304787689617405252	0.0017797226745788507531	-0.0091439878479620539942	0.0019848660290355518016	-0.00033448687032037110545	0.00045647865522181627291
3	-2	-2	-0.0013984932637428905931	-0.0018325871605199722022	-0.0064045311867131056796	0.0020800226668891272017	0.0043067912910987700068	-0.0048289034076690849628
3	-2	-1	-0.0037032144256351753539	0.0012152629917866147966	-0.0097636717707459911436	0.0057443834946578386028	0.0084177002645864570929	-0.0078429780139558334662
3	-2	0	-0.01114905546934869679	0.012054921078107965968	-0.016723583204023045184	0.018082381617161948084	0.0085120111540837022773	-0.0059633941747573183251
3	-2	1	-0.010056995912712805505	0.012216405527733989814	-0.01185516194010322738	0.017071751385021084052	0.0064606638579319617538	-0.0025057138131598056738
3	-2	2	-0.0064683173776857736184	0.0054488286520593494019	-0.007782765214662410759	0.0069177982641412047449	0.0019197108518662503191	-0.0012554447139478191412
3	-2	3	-0.0056880722189275000067	-0.0012681134274042497618	-0.011639947880449742074	-0.0073852691660925813902	-0.0020718930347056610866	-0.0036553993499908047152
3	-2	4	-0.0016410578394203897707	-0.00027342144826898002411	-0.010268342469095213809	-0.0062874079122797578781	-0.0039033778549823140887	-0.0029386378699381441107
3	-2	5	-0.00055019452721160688833	0.0029848347772192126114	-0.010254511401969408288	0.0022105856027725620527	-0.0037716878444607987268	-0.00090666662522250265899
3	-2	6	9.2034674235897426069e-06	0.0055753496450054989414	-0.0081167370864243804096	0.007153028593399264265	-0.0027101807625199217378	-0.00040333195803632826588
3	-1	-6	0.010280178749835142821	-0.0021070162640385256027	0.0094940270050646678041	-0.0017060958115263540665	0.0035577515407401263427	-0.00076915883009820386253
3	-1	-5	0.011001179419970122733	-0.0048886540932597541756	0.012445778057979882403	-0.0051241517978825069923	0.0041115520403860964654	-0.0019083620963793513671
3	-1	-4	0.0083603166181508859617	-0.0067820896056546460529	0.012706179657540190436	-0.007313507822079796071	0.0030936925492281164285	-0.003258190248721035305
3	-1	-3	0.0036799017314500959835	-0.0032833735302788919982	0.007443894522157745372	-0.0064454719668169827354	0.0011986035573975141206	-0.001134882874673231231
3	-1	-2	-0.00090843281958351989897	0.0021795990964430457699	0.0022738331457297640374	-0.0040952917099328130929	-0.0024995658022401619214	0.0053170444996309754182
3	-1	-1	0.00059778777891250568961	-0.0038348411297274066258	0.0042785532781586272516	-0.016651586500228136162	-0.0024851899414211099659	0.0051470631110459158508
3	-1	0	0.0029108445340903293594	-0.010687190323067032385	0.0087325336022709872108	-0.032061570969201098891	-0.0013508544167859708272	1.7271207046786902351e-05
3	-1	1	0.0029791163401993066284	-0.0080865942579103223392	0.0082730447206406949184	-0.027953152690682665782	-0.00066430429995722540051	-0.0036933699169516991979
3	-1	2	0.0028195599461266298603	-0.0031557681225592762973	0.0066811627461409528808	-0.012160163133647150513	-0.00088875854611946824169	-0.0013464293829846603768
3	-1	3	0.0028524861950864374531	0.0014523466543364181407	0.014114114557083716484	0.0087543469382969953119	0.0018522186572748013025	0.0014657689917625803689
3	-1	4	0.0017882382854762048953	0.0047082978900160046484	0.016774692215190407929	0.016369505670872301628	0.0028524943396904477687	0.00056115300020607170386
3	-1	5	0.00056075921375549450838	0.0044721417621282483212	0.015143957888320859137	0.0091903905876862864582	0.0026923360494108751657	-0.00084520693973969159268
3	-1	6	-0.00015101691908873195224	0.0024041673205125076163	0.011412823251736715566	0.0020430160054502053205	0.0019776456681671519128	-0.00086158099268121947963
3	0	-6	-0.0096003086816927596381	0.0043957377522335179185	-0.0060916651269046677777	0.0041847905744677553475	-0.004800154340846379819	0.0021978688761167589592
3	0	-5	-0.011904193513085284742	0.0082050907175256673071	-0.011902769605603526204	0.0095841645343086121628	-0.0071425161078511704982	0.0049230544305154007312
3	0	-4	-0.0076450934080736819912	0.0084202988803549969066	-0.012480321494441165911	0.011263841087663446078	-0.0057338200560552617102	0.0063152241602662476799
3	0	-3	-0.0021429948714773053124	0.0027497685933296437538	-0.0049715283109888165278	0.0075860366332330805492	-0.0021429948714773053124	0.0027497685933296437538
3	0	-2	0.00033487707729807058557	-0.0032358651977575816731	0.00037270201167750025874	0.0053567752509928378765	0.00050231561594710585125	-0.0048537977966363722929
3	0	-1	4.2804305105759293533e-05	-0.0015242778122939927999	-0.00026202792306260445096	0.01755532373609050914	0.00012841291531727789415	-0.0045728334368819786165
3	0	0	0	7.1717343267247903371e-43	-0.00075031475876582553325	0.02475864653926674458	-0.00027857872972589876794	0.0015310421065843978113
3	0	1	0.00021031179241922737591	-0.002071178914600061826	-0.0010684490543812319007	0.022637923926648317874	-0.00063093537725768212773	0.0062135367438001859117
3	0	2	0.00015386560831837041278	-0.0016411785784713965163	-0.0019300362474274027763	0.0092630813190430118936	-0.00023079841247755560562	0.0024617678677070950997
3	0	3	2.8050664461554551985e-05	-0.0014259690115658830382	-0.0090862196875488542014	-0.0050668689129673566418	-2.8050664461554551985e-05	0.0014259690115658830382
3	0	4	-0.0029849579652802241299	-0.0060936641139271640819	-0.016145600146932517771	-0.013768163745486495381	0.0022387184739601677722	0.0045702480854453728445
3	0	5	-0.0035408962225049844634	-0.008624179828366353856	-0.016623441677806966021	-0.012246078246931146188	0.002124537733502990678	0.0051745078970198126606
3	0	6	-0.0018692152615535893596	-0.0063661786292705350998	-0.011515074549076523974	-0.0051276389073816614622	0.00093460763077679467978	0.0031830893146352675499
3	1	-6	0.0056298769283333102015	-0.0045969397756574856967	0.0044023381451078445747	-0.0039926836184398777768	0.0035486614883512958632	-0.0029639171575687223333
3	1	-5	0.006696918933394956433	-0.0065444043083950319273	0.0064801191910518248646	-0.0072070661056200056166	0.0053141751982473386592	-0.0053680558061610199327
3	1	-4	0.0038109686930814039817	-0.0060255670389777905155	0.0050087513308761872147	-0.0063972526416304206429	0.0041104143525300994647	-0.0061184884396409478305
3	1	-3	0.00054674630231729855461	-0.0007477704139089204078	0.0030125367553005279707	-0.0066754816550124648766	0.0015509252207508079143	-0.0029729309655797419611
3	1	-2	-0.0002105626525741084601	0.0029267600594032367085	-0.00028418817765292627526	-0.0032454218990713651696	-0.00045793806768762581423	0.0027674291395691726948
3	1	-1	0.00064543025296962854009	0.0034399103213145717541	-0.0012835924105022030427	-0.0065344704317245134659	0.00065269834840668268603	0.0037852605322192013626
3	1	0	0.00057284866373533257968	0.003161793684806506622	-0.0017185459912059976306	-0.0094853810544195202997	0.00078698177827909423978	0.00062972910267527538748
3	1	1	3.0280786067822590337e-05	0.0032915113818185017316	-0.0014805035000387965945	-0.0067069659919398441281	0.0013896611418353287896	-0.0031675681535156619342
3	1	2	-0.0011552499409901550564	0.0020568212336045314619	-0.0010404685690287001493	-0.0025981401835361160775	0.0022531091959995825508	-0.0017861617586387389372
3	1	3	-0.00078530121381569309175	0.00096108676679362923644	0.0044199471408102241829	0.0015000299664638301351	-0.00068801449978771504149	-0.0014610967556149059843
3	1	4	0.0029654179863871140549	0.00475983139222718038	0.0079270140446527082023	0.006135058351853732439	-0.0042058170009535130254	-0.0051036381321338183947
3	1	5	0.0045875914214506471889	0.0072801609578842163203	0.010394531028638296852	0.0070974053307696245707	-0.0048314610585980478571	-0.0057875776408844543594
3	1	6	0.003290000469318232236	0.0062109511542752160115	0.00815097429237586317	0.0044746077190237713156	-0.003003495950055093313	-0.0038512435303082364138
3	2	-6	-0.0025363226149362674139	0.0030724992864762019386	-0.002817428427064132615	0.0030543831833849126485	-0.0022073041164895113898	0.0025543773710330719244
3	2	-5	-0.0037742680943190815186	0.0050126680710318059428	-0.0040826537119836416381	0.0052497412843092337506	-0.0038976223413849054797	0.0051074973563427772394
3	2	-4	-0.0024489674581831414116	0.0047434201148496271325	-0.003252070412525633579	0.0052813208252837622741	-0.0034627607999001726313	0.0061982254987791012696
3	2	-3	-4.543702423162174675e-05	0.0011230291089313875624	-0.0011504015647130212512	0.003883020648662564682	-0.00081237140070696933335	0.003711709541373097495
3	2	-2	0.00028388237332273422078	-0.0021605873376751502657	0.00020004026363950648212	0.00076761680570592107954	0.00062586382362360784039	-0.0024732642008068045358
3	2	-1	-0.00031509330329832234332	-0.0021499025348956308026	0.00042123040616755063302	0.0009590657545663041272	-0.00010281909755986579102	-0.004531576095554284804
3	2	0	-0.00046165652570992910669	-0.0013544219932000518998	0.00069248478856489366004	0.0020316329898000776329	-0.0017660741771331799413	-0.0027010932675830168388
3	2	1	0.00023415673352854046566	-0.00080088209465506974595	0.001526795713541924393	0.0016577915180436767883	-0.0037560616276694699933	-0.00091293675212214455555
3	2	2	0.0012874163540764070775	-0.00010725596152816510153	0.0012806040444168346505	0.00098513140544251092887	-0.0032117285755314454836	-0.00082424746315026321559
3	2	3	0.00021071550980640327386	0.00050727142426217465641	-0.001622002780547946799	-0.00012933731870563004132	0.00087061967722556132202	-0.00042104654512508798026
3	2	4	-0.004169945932369144119	-0.0033899375669857690838	-0.0056421841271824448721	-0.0035937758201227089014	0.0059485515128680803085	0.0043393410853006814804
3	2	5	-0.005444893582003913074	-0.0051420147904442077905	-0.0064748031272146046311	-0.0042546678439208708566	0.0058568574000881900438	0.0047870760118348728435
3	2	6	-0.0041107895193826056099	-0.0040182575698732309749	-0.0047986805840747924837	-0.0028445655002193133074	0.0036549549543829001549	0.0029573172850097199232
3	3	-6	0.00071884878775343096727	-0.0012348772838905856288	0.0012661544441464060891	-0.0016498138908235186577	0.00099250161594991847397	-0.0014423455873570521432
3	3	-5	0.0018340946341092556442	-0.0028239532009561585379	0.0022868591352979178617	-0.0034216434482034342561	0.0024725722616443044505	-0.003747357989495755503
3	3	-4	0.0013770623696274511202	-0.0028871769211725492425	0.001609703853578341344	-0.0031713772010600132199	0.0022400746674043443482	-0.0045439155916744220637
3	3	-3	0.00011190775880522705124	-0.00044711963081869496826	0.00026235170710246585001	-0.0010786951515310290017	0.00037425946590769290125	-0.0015258147823497239699
3	3	-2	-0.00024102885813202039561	0.00062850400353511599177	-0.00023785589325408656178	-0.00032110992956859210883	-0.00071832712707916039543	0.00046109111094978587862
3	3	-1	7.8922219756066345326e-05	0.00054533747187355369971	-4.9693311642007129039e-05	-2.7469293987628238456e-05	8.7686724342177655637e-05	0.0015536045336577764854
3	3	0	4.2899929362869292397e-05	-7.1469789272806714757e-05	-4.2899929362869292397e-05	7.1469789272806714757e-05	0.0020349695662597679958	0.00200720265540231535
3	3	1	-0.00054162605907427132084	-0.00094724545881847170212	-0.00070903233206945674109	-0.00043974877064622489974	0.0037519751734311841858	0.0041609826883940896972
3	3	2	-0.0011691152877815651559	-0.0017282011643216690748	-0.0013107165636788774103	-0.0011813584829283784675	0.0037197477771906636325	0.0043643394708750716388
3	3	3	0.00047316223393139390319	-0.00012330029310605715464	0.00030517336802515283335	-0.00010488753877248733148	-0.00077833560195654679075	0.00022818783187854448612
3	3	4	0.0032348223386698868841	0.0017541087254136229334	0.0032065564618530988973	0.0016109578240359615289	-0.004831034100392239336	-0.0025237999120871885093
3	3	5	0.0043847513062008919987	0.0025715931028642826858	0.0037034900256399092867	0.0020554617713799717971	-0.0048529447991044810315	-0.002776232924546552603
3	3	6	0.0030890454675121890166	0.0018255744956016729287	0.0023352484893536724388	0.0011817734235890636763	-0.0027121469784329309445	-0.0015036739595953683025
3	4	-6	-0.00018817972915209719618	0.00041444720795974564036	-0.00022255537856013187675	0.00066793685740728389426	-0.00024246011694946986281	0.00065251484225139534407
3	4	-5	-0.00059056477393410367234	0.0011386190659682924632	-0.00067782125392224976384	0.0012853514247397226748	-0.00089659586749826194942	0.0017114525793727535744
3	4	-4	-0.00048168580712401273293	0.00088897820495170297352	-0.00051078183673835696101	0.0012052435192947555734	-0.00087204619208136656492	0.0018719771730085327764
3	4	-3	-0.00017189046824319108341	0.00065488970536219559722	-6.7537670122775115113e-05	0.00020223700701112198408	-0.00026194069507355790356	0.00092453904804369157599
3	4	-2	-5.566405435522461375e-05	1.6633354701690363788e-05	0.00018253970521793451334	-0.00010285874610517372035	0.00028158332890303210605	-0.00018076746015781189163
3	4	-1	-1.7420071540056870614e-05	0.00025555258537373855884	5.8252054669460933098e-06	-0.00013981300123780594389	-2.895939275238624538e-05	0.00020740575116999195515
3	4	0	0.00016230382292339395976	0.00059762668284527086047	-0.00012172786719254546982	-0.00044822001213395311825	-0.00068005858862884367884	-0.00041432744626886412655
3	4	1	0.000364209961830016778	0.00071452738388046220606	1.159200064643968395e-05	-0.00017078170570130409185	-0.0011389978880758091714	-0.0014604553288361701423
3	4	2	0.00038220628260450729323	0.00066232090532296285148	0.00012589009439428855788	-1.5571200776063625249e-05	-0.0008250896126953380285	-0.00096233895643231699962
3	4	3	-0.00031255631042868749648	-3.3797577343504271177e-05	-0.00043038896011271510732	-0.00019404395108296365862	0.00088640825724564100904	0.00029252284545412248493
3	4	4	-0.00094981878881274500043	-0.00063268300485170843143	-0.0012272729534551888881	-0.00065416251732193573913	0.0019396370450647476384	0.0011286747709607170085
3	4	5	-0.0016560951389530508947	-0.00088919019363963122844	-0.0016489429602076861783	-0.0006668840207647786433	0.0023128114515379794361	0.0010670213327956016517
3	4	6	-0.0013818953407692604208	-0.00070982056632844909259	-0.0010023854467446648674	-0.00033492242918418610453	0.0013592046348810734192	0.00057819190262034861599
3	5	-6	0.00010193700672954733588	-7.7936457346815469138e-05	1.1407696358746173115e-05	-0.00036604940372470207112	6.0474916997062150054e-05	-0.00034400939844399279835
3	5	-5	0.00020168599754561108745	-0.00052313815735911893112	0.00022634441143767165209	-0.00065555766988706278432	0.00034735600996503828829	-0.00096944056430253418635
3	5	-4	0.00016082200666222524143	-0.00070381192967462877143	0.00018614440917158348184	-0.00052383736025441341062	0.00035329701646114828337	-0.0011826556475739882605
3	5	-3	0.00012268308786421728966	-0.00050636089959014063053	2.1210693902898904568e-05	-0.00034024626410519853443	0.0001580342443690487984	-0.0010734380064321381518
3	5	-2	0.00011003536705758713745	-4.8767043168877322707e-05	-0.0002132355346175334441	-0.00013293321527849919243	-0.00036803578595745293795	-0.00040548360294956391431
3	5	-1	4.0715997448806539216e-05	-0.00012778070130434684309	-0.00018180250844989238315	-8.3515543101395235524e-06	-0.00078686454990304223033	-0.00042509987546373814195
3	5	0	-8.9123547394943426498e-05	-0.00029007924466359287811	5.3474128436966055899e-05	0.00017404754679815572687	-0.00078011105010361602493	-0.00024029065822032600035
3	5	1	-0.0002077947103431183884	-0.00030558157863082362161	0.0002821548984087326171	0.00026137175333429651632	-0.00078739036101430786609	-0.0003901140307790118794
3	5	2	-0.00026666928957688349963	-0.00023033199867176677115	0.00027527597448535841068	0.00020219188072011473308	-0.00028818600184807075014	-0.00015998170379263667597
3	5	3	5.4252936842122468958e-05	0.0001236428854327792674	0.00048474114007871448289	8.2197103591925604871e-05	-0.00086215483697331320601	-0.0002606380580859885953
3	5	4	0.00037521558315259595983	0.00030189924258793455342	0.0006781324358350824524	0.00018405939241455327913	-0.0011290772321582999947	-0.00045649867245914252075
3	5	5	0.0006809407683077633262	0.00046143332056577870005	0.00070280139516293370187	0.00019751802297171940428	-0.0011113658561475918494	-0.00047437801531118663515
3	5	6	0.00069094496553993476565	0.00044444592502850736957	0.00046255461116817135929	0.00011730382488979602116	-0.00073093465874344350653	-0.0003199761499224170109
3	6	-6	-0.00010018877482934505029	-0.00016026204925593363296	6.5804448895615146368e-05	0.00022244474494520570084	1.5710061480942614446e-05	0.00014231372031723888436
3	6	-5	-0.00010953519021270301107	0.00013305399615759589348	-3.7769862244021153477e-06	0.00034200246385438014089	-7.0253497596904347601e-05	0.00049023535431981372142
3	6	-4	-5.9751108399010915766e-05	0.00023391365373986346674	6.0272292026152181579e-06	0.00039665406149320974914	-3.5772487495335361706e-05	0.00077041633254471225765
3	6	-3	-1.0630435676342993295e-08	0.00027737496882416395102	6.0220308384537974333e-05	0.00017707380235693385376	0.00012042998633339960734	0.00063152257353803165855
3	6	-2	-4.767132090629263956e-05	5.0441940041640856342e-05	0.00014340971192308138156	0.00014052838845162617847	0.00035872215440980515823	0.00049724807541733984702
3	6	-1	-7.9345401060340340553e-05	-2.8620822812099725222e-05	0.00011384631843354443283	4.9959777159943970421e-05	0.00044504170742024550759	0.00021389619452336466041
3	6	0	3.673244523072499582e-05	4.1854495611475127826e-05	-1.836622261536249791e-05	-2.0927247805737563913e-05	0.00050387686517864053396	0.00014220276958343887764
3	6	1	1.4694775573603746147e-05	6.0883824439774395613e-06	-6.870508014179479853e-05	-3.0566181809850735403e-05	0.00036814615412995757137	0.00016513194352717208441
3	6	2	0.00019318807178535899621	-3.5653295699076829515e-05	-0.0002290760088661819452	-6.1278138294927394906e-06	0.00039744591892050735484	7.1863385037093462744e-05
3	6	3	0.00014208159584512758877	-0.00010293496145852469386	-0.00021616689611191918278	1.3398562349424231828e-06	0.00029025219637871077678	0.00010025524898863985427
3	6	4	-0.00015886035141741335097	-0.00012839475411583159306	-0.00024892321642563502429	-5.1357630953037114593e-05	0.00049253008820151252933	0.0001733325120164293633
3	6	5	-0.00037899984612312358646	-0.00026963175211793080936	-0.00028750070861396242496	-5.668875478927687335e-05	0.00057240075801062912687	0.00022980555701789074177
3	6	6	-0.00043666709315391807672	-0.00020587709561340692939	-0.00019718586138568974949	-6.9594644753805383775e-05	0.00041551940796264878785	0.00017253319256050884847
4	-6	-6	0.014662040491242768134	0.011960815887871824315	0.012191479547849774084	0.0098324063542330319282	-0.002416785887021262718	-0.001858529095651816369
4	-6	-5	0.018118256070094571758	0.014987703085008003898	0.014991770200360294077	0.012328085814366876796	-0.003495519384356694792	-0.0028035405092338497313
4	-6	-4	0.020555061535574768034	0.01834011865702332017	0.017018394206726992351	0.014482970072628685576	-0.0049725297745157178916	-0.0033843364519197064594
4	-6	-3	0.011542905883058864752	0.014085935438913423784	0.011923614333426332465	0.010375348584979935535	-0.0084566874894408464169	-0.0019694499180753083367
4	-6	-2	0.0011055220892692435315	0.0078089799319329437563	0.0069582865065332243776	0.0051344551846231600845	-0.018663815341061186504	0.0002145943099964070966
4	-6	-1	5.4974274154300944745e-05	0.0029569175437168396595	0.0050631021452133594465	0.0013740114768396743689	-0.030158715774662950976	0.0035836013138293119906
4	-6	0	0.003289717141381213756	-0.00033296319319564316201	0.0021931447609208091706	-0.00022197546213042874757	-0.03464216007687125759	0.005114748074685596807
4	-6	1	0.0089706710830016449937	-0.0042670743976432386896	0.0011958108518988067644	-0.0021838601099360126917	-0.028707819220613741557	0.0039651369309568777408
4	-6	2	0.015363717777728705047	-0.010218814405406756451	0.0055439158436422410897	-0.0066452211514791796609	-0.01409568802453068509	0.00050196535637597522114
4	-6	3	0.01764245351639444695	-0.017041308583804790772	0.010458594879678099338	-0.012104417787715609015	-0.0026060815958363985588	-0.0014870907970248304058
4	-6	4	0.017167373669668920672	-0.021539707257113700073	0.012667461221866687868	-0.016120559502416316466	0.0018338181631311100458	-0.0026411319965107733256
4	-6	5	0.012734208417058013457	-0.018597401459359584608	0.010197119290537976638	-0.01461330129556329821	0.0020491764149991615468	-0.0026580403871882905126
4	-6	6	0.0096296608266635986412	-0.01545906518789572949	0.0076346897339553696296	-0.012166139263588431757	0.0012149158495129708246	-0.0018600958049912789082
4	-5	-6	-0.019907270315042739639	-0.011876652246070935892	-0.017727353198413231539	-0.011024009065563528109	0.001501280788649201085	0.0012689060572556502913
4	-5	-5	-0.02928012108757322568	-0.017616731388700384436	-0.02430510715117831233	-0.015570039972680083107	0.00088101028111973111404	0.0014766548617197764685
4	-5	-4	-0.028277129660192436983	-0.018080329431926746991	-0.024328206198742464983	-0.015333925369455327428	0.0021331280882356468478	0.0010870772798924122939
4	-5	-3	-0.016654302720005023652	-0.014053125801529673874	-0.018289281793736414383	-0.011132508701002566051	0.0082763993628873228775	-0.00018331990036862249737
4	-5	-2	-0.0044785329202335771859	-0.0084601014057170131899	-0.011435666466814682976	-0.0053486632105347649974	0.019632100326569552201	-0.0035485447850971160548
4	-5	-1	-0.00075173244009650412589	-0.0035207173572878889753	-0.0071305047487966776235	-0.0012399449136060931072	0.032645593983597370746	-0.0078831448611210892807
4	-5	0	-0.0035932052727681803618	0.0011574689765951654517	-0.0028745642182145445497	0.0009259751812761323397	0.034731981967596525784	-0.0090922477677047048444
4	-5	1	-0.0091007150975699908219	0.0071370243135897865755	-0.0010706286461323196411	0.0040580604620800561286	0.031049717159618364648	-0.0082577949439588647917
4	-5	2	-0.013306029888224216867	0.014446834181749933224	-0.0041910294386145897222	0.010111229139131691634	0.016134486179911960296	-0.0036155955156706369273
4	-5	3	-0.017052384587223433365	0.02293460150589366614	-0.011040762707717782787	0.018010945388907493442	0.0043352416034349383969	-0.0005612263596790646996
4	-5	4	-0.01762796951654690622	0.029081157784172348424	-0.014614647635569261858	0.023870717490599813876	-0.00064034002791467153556	0.00075723907907741794514
4	-5	5	-0.015334359504037562219	0.028884547357079636692	-0.013730227405053549092	0.024071460370739691803	-0.0014627398018234993166	0.00096382248507598288281
4	-5	6	-0.010015982791186884768	0.020821414107979566155	-0.0092084055310170699615	0.018086592294956793658	-0.00099634941505630193401	0.0011912175071442843068
4	-4	-6	0.024731926640773952558	0.010905061710977268993	0.024525804417092327697	0.012702592292206936128	0.00013741481578774948267	-0.0011983537208197780899
4	-4	-5	0.030796969427637519573	0.013491851708690891579	0.029177604205225918937	0.014273833904272491616	0.0012954921779292809855	-0.00062558575646527963925
4	-4	-4	0.02871315937507445612	0.012927549295900522819	0.028724255952289119709	0.013079348001072412314	-1.1096577214664559517e-05	-0.00015179870517188965738
4	-4	-3	0.016423347138611672086	0.0099416072576590987925	0.021522868471420295716	0.0083375468579846567785	-0.0067993617770781651297	0.002138747199565921818
4	-4	-2	0.0047408123577161020296	0.0074707241699482557565	0.014977845078963200609	0.0037655452952238014849	-0.020474065442494197159	0.0074103577494489085431
4	-4	-1	0.0028692268881249671265	0.0030205845303469358414	0.011941194695056101677	-0.00038196108369144537303	-0.036287871227724539935	0.013610182456153524858
4	-4	0	0.0087446404991398420103	-0.0035504124542073407615	0.0087446404991398420103	-0.0035504124542073407615	-0.04153243057265972038	0.016146365022072624307
4	-4	1	0.011760501502132361326	-0.010325234314504400795	0.0031683389085684528219	-0.0068865630396894713869	-0.034368650374255634017	0.013754685099259714165
4	-4	2	0.011591487073552217413	-0.015940060715555710857	0.0027995034508279822115	-0.012350330396760667365	-0.017583967245448469535	0.0071794606375900869855
4	-4	3	0.011256297403366399487	-0.022045473801181932755	0.0079970709854676139822	-0.020376015020570847902	-0.0043456352238650493638	0.0022259450408147773461
4	-4	4	0.011973197646613887093	-0.027871024416462882728	0.012776532444541728248	-0.02784466829890899775	0.00080333479792784115436	2.6356117553882321605e-05
4	-4	5	0.011153037124956317189	-0.028888721137662561056	0.013195107856186298265	-0.028993131509662189299	0.0016336565849839849041	-8.3528297599702765251e-05
4	-4	6	0.0086133374370438147566	-0.02417859087006599475	0.01037395703527065581	-0.02279233915901582655	0.0011737463988178938913	0.00092416780736677742701
4	-3	-6	-0.01913475234436431624	-0.0062890671913637691964	-0.023963112936346050996	-0.0093938878971846877242	-0.00077494509473651721626	0.00050423248768316475919
4	-3	-5	-0.021897157412815976274	-0.0063934269980197681871	-0.025877041267877348707	-0.0096272800536591814774	-0.0019915011695263709277	0.00066162643377969425004
4	-3	-4	-0.018762906431405067254	-0.0050388431996436682317	-0.022949516562896874611	-0.0077976904534653810469	-0.0015507690092324117291	0.00080942464045536733665
4	-3	-3	-0.01067185961882250074	-0.0049973377992330167072	-0.017421183688654626187	-0.0045956073590615476726	0.0031920375302246233214	-0.0020675097065824751819
4	-3	-2	-0.0033313712557136413057	-0.0047278355309411657093	-0.01364195575430940735	-0.0010398079647966113233	0.013800191120036829281	-0.0078959591146874150841
4	-3	-1	-0.0048841026539044709101	-2.9817657407425842591e-05	-0.014177073287113563932	0.0040039006205493344812	0.022994809245722808155	-0.012130972491277706299
4	-3	0	-0.012398629051241595589	0.0072456180339437060295	-0.016531505401655460785	0.009660824045258274706	0.028514451362735181855	-0.014971599274501392468
4	-3	1	-0.013653986832480407426	0.011670235488966862816	-0.010828110003659340357	0.01151572364999584909	0.022131617318943610367	-0.012133771005879898791
4	-3	2	-0.0098425324648438380915	0.014381007203356048485	-0.0052585936953529798313	0.014068014090140638223	0.011797174386658206002	-0.0076599932715011405035
4	-3	3	-0.0056542720763812772886	0.01463615160093289895	-0.0059355814313843662661	0.01725235730036937809	0.0016034480037906695404	-0.0022625115008744860201
4	-3	4	-0.0042331510195987966452	0.017328749796548689049	-0.0084633082869209237675	0.022560565867112528787	-0.0021143301955918957467	-0.00040832539621429202528
4	-3	5	-0.0045030131166927129388	0.018355002679745324734	-0.0095139207243010379123	0.024469958231657634035	-0.0021059419412264518759	-2.027204801679289288e-06
4	-3	6	-0.0042691778567618843959	0.01618169636741191228	-0.0084803978538646185292	0.020360348867114765742	-0.0013940803557577199565	-0.00060762314471722491793
4	-2	-6	0.0106919917687933793	0.0022923238857915535782	0.019619607898061892926	0.0050586151840255897186	0.00058812521317495479109	-0.00015798913748082753878
4	-2	-5	0.011949014020336269984	0.0016276752710497018658	0.020257659998376684185	0.0046633316541159763879	0.0014561472169183418794	-0.00056319244480662914928
4	-2	-4	0.0099681410417579597444	0.00035210748597001330362	0.017666440344488797132	0.0024761860055455696579	0.0011349208695135609617	-0.00088598551680277152533
4	-2	-3	0.0033984848116499488668	0.0015818221981239576502	0.0076275758656458719775	0.0010509903224320217476	-0.000553737494897316271	0.0014084360492105955573
4	-2	-2	-0.00040155795258038667244	0.0026399748965003863067	0.0095371584888835521376	-0.0027487996464829059576	-0.010340274394044326675	0.0080287494394836785711
4	-2	-1	0.00059507212547625025056	0.00080683047540713013785	0.0096247411390590308089	-0.0044499301271527305635	-0.016869193776213060182	0.012127182155933981245
4	-2	0	0.0050882429528095896726	-0.0044185935532221158606	0.010176485905619179345	-0.0088371871064442317212	-0.018516932263467927866	0.01281017980700517242
4	-2	1	0.0080869477715787754096	-0.008350003030659669187	0.0078702718016070618429	-0.010859400941994605538	-0.016607247483100974483	0.011681210238649469141
4	-2	2	0.0070641865806734286878	-0.0088547893819608675114	0.0048691750687593947713	-0.0099316851595784971102	-0.009259198092587461737	0.0077778936043432370454
4	-2	3	0.0017016551650133715078	-0.0062870112034929693384	0.0049199411280009125447	-0.0086955030741198442029	0.0010110871986494462081	0.0025856795552440634163
4	-2	4	0.00063843839153994138072	-0.0070637211915798425038	0.0065380709387270119146	-0.011276069327517934324	0.0026305970778235645766	0.0014256865278208751251
4	-2	5	0.00052181708454398644404	-0.0085247576974887429718	0.006706632938068251247	-0.015872259267990181802	0.0022651995075921109966	0.00047090245079492182995
4	-2	6	0.0012273166921020007072	-0.007683178151818573047	0.0068175350881211280174	-0.012871314737103584785	0.0014543005679723756789	0.00083168052217785380566
4	-1	-6	-0.0051229332505899546901	-0.00046010065202030180726	-0.013091559037539564347	-0.0012748457614513756218	-0.001233362327470042619	-9.4259474438305285941e-05
4	-1	-5	-0.0055671457289771198937	0.00037012112422063611281	-0.013847496240402861617	0.00020957301176058407773	-0.0016842173351011237217	0.0002541822970243921018
4	-1	-4	-0.0041447584229782775261	0.0011689666349353239512	-0.011527172743832107479	0.0015834606240682916941	-0.0012629652370202502226	0.00077310147891825108189
4	-1	-3	-0.0016924194096890970117	8.9455447323409626554e-05	-0.0039662541424722030925	0.00094827307426742436965	-0.00093447449876139505702	-0.00019681709499126196351
4	-1	-2	0.0011498157841631209339	-0.0016884024124330190321	-0.0034404279533403162201	0.0026702048665865688037	0.004019845544996399761	-0.0047119072581593224661
4	-1	-1	0.0012072471241456564795	-0.0012495342407387115789	-0.0034122426955158122706	0.0035614287332915799643	0.0082412311920984394897	-0.0085595656962464267137
4	-1	0	-0.00094008391947660702691	0.0017566829278504738319	-0.0037603356779064281076	0.0070267317114018953278	0.0089725540438033365986	-0.0078144098477685702137
4	-1	1	-0.0026134077354458538391	0.0034032687873989512541	-0.0027000214333509067396	0.0075416821110784737492	0.0077536095084325094839	-0.006071393038517331267
4	-1	2	-0.0020034116836986155981	0.0029185672249814591933	-0.001573645248963984446	0.0043793285886034871712	0.0032200007429152386479	-0.0036474701556611743673
4	-1	3	7.7087440255705456395e-05	0.0013692586143889539253	-0.0052627342835282631822	0.00030625150455768920072	-0.0018570280148503615428	-0.0017235943176660422933
4	-1	4	0.00042183103955717422091	0.0014319648107535133501	-0.006685883293262303434	0.00041813999708503854676	-0.0020933018628727503505	-0.0013274298114822535508
4	-1	5	0.00054087741101486530929	0.0012105629855437929389	-0.0065209110714251131147	0.0047472422208250991335	-0.0017368841430969146969	-1.9001944270014590137e-05
4	-1	6	3.2325973461805020473e-05	0.0016298567753349430063	-0.0061932872646555539933	0.0049725430822695256688	-0.0010537651930837956069	-0.00025781400317837448307
4	0	-6	0.0029943420898864399685	-0.0006111556291932912716	0.0076157075274063687834	-0.0013523343026919495882	0.0019962280599242934569	-0.00040743708612886090194
4	0	-5	0.0031869217184571445832	-0.001256809389005972841	0.0080986696102416690091	-0.0027659932169593940375	0.0025495373747657155798	-0.0010054475112047781861
4	0	-4	0.0024554257291795771913	-0.0019619467605493947325	0.0076380888845788488806	-0.0040954579773218573874	0.0024554257291795771913	-0.0019619467605493947325
4	0	-3	0.00053478686961497756084	-0.00015578513150019178499	0.0032382990167085187218	-0.0028633124048765457199	0.00071304915948663667551	-0.00020771350866692237999
4	0	-2	-0.00085362999738179256171	0.0014312838781566630461	0.0011052615322846301785	-0.0021172761686666530939	-0.0017072599947635851234	0.0028625677563133260922
4	0	-1	-0.00065091947194215768295	0.0012089226762018005779	0.00084450178395401671785	-0.002619457180837474284	-0.0026036778877686307318	0.0048356907048072023114
4	0	0	0	0	0.00087005764988023722491	-0.0051888565183887879959	-0.0041322757858155848357	0.0049032348811727998958
4	0	1	0.00055310606521777273738	-0.00050765815358529869147	-0.00038316831115321021376	-0.0041295279835095897655	-0.0022124242608710909495	0.0020306326143411947659
4	0	2	0.00014409508989380968988	-0.0010239339017950872639	0.0001880991631238499611	-0.0025715524173715721516	-0.00028819017978761937975	0.0020478678035901745277
4	0	3	-0.00080100200756206575963	-0.00019667188223931422503	0.0041211723854127548655	0.001539482335918098679	0.0010680026767494210128	0.00026222917631908563337
4	0	4	-4.4872204364745090584e-05	0.0011599864876053979021	0.0066281131324976878816	0.0035183939196072586998	4.4872204364745090584e-05	-0.0011599864876053979021
4	0	5	0.00035320996899072641543	0.0020108727354580455127	0.0060067035878233320662	0.0012215005379212560792	-0.00028256797519258115402	-0.0016086981883664365836
4	0	6	0.00060269783645474966829	0.001930776113337567346	0.0060202619023081924143	8.5485908253603645887e-05	-0.00040179855763649977886	-0.0012871840755583781584
4	1	-6	-0.0010782283576899164002	0.00093013434837740190022	-0.003587936704621978723	0.0014224473507045416569	-0.0013168083558969408652	0.00085716412403569154296
4	1	-5	-0.0015621103592155843789	0.0015992346617893895069	-0.0035449793082910742784	0.0024421193061580459376	-0.0019586841490306823588	0.0017678115906631208364
4	1	-4	-0.00064499852376249109439	0.0010329212445327484466	-0.0032746574366778399834	0.0031734583269330215484	-0.0014636628829319509818	0.0018262858262660039421
4	1	-3	0.00038848569896385071101	-0.00013079492076763587854	-0.0012688620173195153378	0.002015414536848766057	9.5026926178629173253e-05	0.00049741161792607425322
4	1	-2	0.00058163382041262208077	-0.0012192956472378956717	-0.00047093230872471909853	0.002141240009382676477	0.00092780148646288453096	-0.0013679712897844533218
4	1	-1	8.4024961089879725848e-05	-0.0011162230506913436556	-0.00017853456173286507943	0.0026003466263549903509	0.00015756528262665385107	-0.0018645455764103842713
4	1	0	-0.00013403414563135340981	-0.00063920267590526237949	0.00053613658252541363924	0.002556810703621049518	-0.00066135730745056587818	-0.00059706607631998434137
4	1	1	8.4307169352072910485e-05	-0.00072804461234579045861	0.0012587223995494294451	0.0022781635306173414479	-0.0015959510769577211955	0.00063401491876582038651
4	1	2	0.00052541223223148648611	-0.0002903590428489573631	0.00072203404099555469446	0.0016898063871510159671	-0.001411841484960750211	-0.00026418510787759325736
4	1	3	0.00073394209887892773812	-0.0005004388590144505768	-0.0018758417018769264241	-0.00097253003238132493084	-0.00035330889787959493314	0.00099142848947970907934
4	1	4	-0.00056420026664488851387	-0.0016649301980633543583	-0.0034960912378380814766	-0.0019955053943740428193	0.0014382230761044089914	0.0021638065466568650631
4	1	5	-0.0014871101340281872409	-0.0030097489209036844965	-0.0041765049957560749713	-0.0021309207707996490576	0.0020249891063737648737	0.0028339832908828772352
4	1	6	-0.0014265612074532063244	-0.0024171914741071705811	-0.0035874536717239312485	-0.00082757209966929803999	0.001548949750256126091	0.0017493896660163302595
4	2	-6	0.00032476343200621985352	-0.00066478533470430657346	0.0018247326609699687783	-0.001128217052286779442	0.00082475317499413616177	-0.00081926257389846419629
4	2	-5	0.0011006123978358115477	-0.0015230638634020864357	0.001872990444155918149	-0.0016364240740946171988	0.0016296860959310165845	-0.0018730207203595161582
4	2	-4	0.0012036764668337273688	-0.0015770504424035209148	0.001453938714895083124	-0.0021029903371055807572	0.0019306458242812690393	-0.0026285456109563115103
4	2	-3	-0.00046454172351180006905	0.00047644039975012136357	0.00059344240948516410739	-0.0010801716201352424152	-0.00022376069169229064197	-8.4860547089999792056e-05
4	2	-2	-0.00033766916779073429151	0.0013899871151559402022	2.7910005926308677568e-05	-0.0015636058730216686585	-0.00064742832965515996306	0.001216368357290211746
4	2	-1	6.7572820740544560698e-05	0.0010886126157282412664	-4.8001396292146264531e-05	-0.0016623953194306239842	0.00017428849037788574083	0.0010296598240517168803
4	2	0	0.00017725305933277644955	0.00099755059269503133443	-0.00035450611866555289909	-0.0019951011853900626689	0.00094301684193866936162	0.00069958303296351303634
4	2	1	-2.6446627054078841263e-05	0.00042118031131658340916	-0.00089895556532035660914	-0.0011681495655872040779	0.0019036976388570286782	0.00065157788590807462752
4	2	2	-0.000528344010680979791	-0.00025404943580398248052	-0.00067701842463077969124	-0.00081554880323503851913	0.0017337064459927392732	0.0013236476748430035886
4	2	3	-6.0942271102761542433e-06	0.00030288684577170130446	0.00097479440251030380609	0.00098777492754451631102	-0.00064173729885983442096	-0.0010623657460586124687
4	2	4	0.0019532132095492031609	0.0018835376544291671224	0.0021709818067504730622	0.0014809154470720156584	-0.0030387041129244399089	-0.0026239953779651748432
4	2	5	0.0023425616034898600303	0.0023234232543739327496	0.0024953142391660647695	0.0014097351346894562707	-0.0028721749784583138453	-0.0024226326573749288815
4	2	6	0.0019703249630221701151	0.0017438039359757306641	0.0024383603668228976714	0.0011442768162367039381	-0.0021263367642890790114	-0.0015439615627293884221
4	3	-6	-5.6358267654957596381e-05	0.00029532967190859759883	-0.0007114790045393652989	0.00067125895757471167914	-0.000393311680706321038	0.00053251592672642097774
4	3	-5	-0.00071381651830027242206	0.0010448539793862113376	-0.00095422754620799927778	0.001188415748294354389	-0.001143589742365017526	0.0015489326324855815301
4	3	-4	-0.00058108569497801834149	0.00099251593393936401663	-0.00059954698223288666915	0.00077453307907525078841	-0.0010307459316526831807	0.0015734157432458020266
4	3	-3	-0.00017542327543229116883	-0.00010658572218044354925	-0.00021124296808668340279	0.00086673882507301124988	-0.00044514066866307164597	0.0007246245288324199051
4	3	-2	7.2290824797612926607e-05	-0.00065103671794159464863	-5.1316098948051413889e-05	0.00046377364536261648934	6.7607501173148735769e-05	-0.00060641296783926442772
4	3	-1	-4.66728096200850882e-05	-0.00050102717224248982837	-7.9216824023133888604e-05	0.0004214137437846243164	-0.00042434171054974204572	-0.00073986745761608636428
4	3	0	-0.00010372611819033813432	-0.00044008340230787448139	0.00013830149092045084577	0.00058677786974383264185	-0.00083061214076047195851	-0.0014260670786819494571
4	3	1	3.8390517008991137133e-05	0.00018745833526836514675	0.00031936180556255301796	0.00049888123831865556403	-0.0011116474847236235482	-0.0022464770560294273875
4	3	2	8.406663386062256365e-05	0.00043768991861567116408	0.0002535592988416171859	0.00025444055704813682171	-0.00054847221598367087905	-0.0012570406728035475336
4	3	3	-0.00036789546251216618047	-0.00017063970347113447063	-0.00053139740848454596056	-0.00037659439035655806497	0.0010219246918341008679	0.00060411399498473737722
4	3	4	-0.0014059178964440065002	-0.0010685068448454057566	-0.0011858679566363007282	-0.00095905969585215959227	0.0022953188639212320464	0.0017878016167345255321
4	3	5	-0.0018746208300151414889	-0.0011569555487846968148	-0.001728096479160945876	-0.0010012704258862651242	0.00253655455150868063	0.0015263266945595163962
4	3	6	-0.0014498580748646167256	-0.00074553462783170411365	-0.0013679666507926647404	-0.00063298930648981446487	0.0016505553753060767455	0.00081351773846604334434
4	4	-6	9.6649516570970205888e-05	-0.00016662791529985755625	0.00033793491302616082738	-0.00047429145190288599142	0.00028972295306475403121	-0.00042727957813516238318
4	4	-5	0.0004241902424010122563	-0.0006602757219985204212	0.00048878868100508975937	-0.00070324443426817415982	0.0007303831387248816559	-0.0010908161250133556648
4	4	-4	0.00050812619310950822224	-0.00093500986074404959531	0.0003755380758331638264	-0.00078093510803941602622	0.00088366426894267210285	-0.0017159449687834656215
4	4	-3	0.00010080312360276970601	-0.000252103480642990247	7.9157476134304930837e-05	-0.00035076006271473253234	0.0002399474663160995158	-0.0008038180578102971114
4	4	-2	7.3153329067489683557e-05	3.2833499729962518422e-05	-1.1868440485931891623e-06	-0.00028558243159770700008	0.00014393297003779300107	-0.00050549786373548888201
4	4	-1	6.3115371369599170253e-05	0.00013937960890927932989	-7.4359691069506716563e-06	-0.00011941240392645914906	0.000222717609050593991	7.9868819931280777506e-05
4	4	0	9.2726611213271428258e-06	2.1514816395081982309e-06	-9.2726611213271428258e-06	-2.1514816395081982309e-06	0.00045035199330929320122	0.00027375871190397010413
4	4	1	-3.869307501025325474e-05	-0.00019718486405521850279	-3.7030228237215642522e-05	3.3888828644061779187e-05	0.00030289321298987556194	0.00065318414164462692151
4	4	2	5.7799105264367384342e-06	-0.00020590524770081457284	7.4529950882613348376e-05	3.222174764601664547e-05	-0.00016061972281810016176	0.00034736700010959582763
4	4	3	0.00028199407230745959134	0.00019271141937543927463	0.00037619621505991760217	0.00029406463870878244609	-0.00087758704982316955521	-0.0006490347441122956999
4	4	4	0.00086484360089109763546	0.00044695940990932477325	0.0010985101183905757963	0.00053127761724389740809	-0.0019633537192816734318	-0.00097823702715322223555
4	4	5	0.00094546866983458177115	0.00055005431634478718726	0.0010444554449863480226	0.00046048338321386870749	-0.0015919392918567439651	-0.00080843015964692475916
4	4	6	0.00088502006064920249115	0.00042291789658218688743	0.00070640400273523347528	0.00021056298149149533096	-0.0010609493755896239053	-0.00042232058538245481226
4	5	-6	-6.7373112497431827906e-05	9.9991605451359524305e-05	-8.9906033540987481591e-05	0.00034230421929086165449	-0.00011983710294911078208	0.00035191458637662438591
4	5	-5	-0.00017098210829316441771	0.0003740406238337814159	-0.00018776457153391585653	0.00039607704957065503109	-0.00032455025816844739611	0.00069530954863768017465
4	5	-4	-0.00016434191490466540549	0.00055176405122025573655	-0.00015439824760262623577	0.00032904940453269790768	-0.00035733972440794820697	0.00096307580688612809405
4	5	-3	-0.00012703888625474038434	0.00032557595954164664535	-3.9310710991855933713e-05	0.00031950242382868286129	-0.00023490303332608040423	0.00096660531910333353893
4	5	-2	-7.1307735531997030868e-05	4.8004633556430892903e-05	9.6122660150509763141e-05	0.00017241875510134711965	9.7691179312280339341e-05	0.00052705615486622957137
4	5	-1	1.2355921336530120271e-06	1.6540837947474053635e-05	3.5763931632627918528e-05	6.8378159886358386307e-05	0.00018376202669775164159	0.00040805415122168814607
4	5	0	6.9537817425053381087e-05	5.6936215132627300615e-05	-5.5630253940042700804e-05	-4.5548972106101837782e-05	7.45257369984202411e-05	-3.0068990925702100128e-05
4	5	1	3.0274076339674424788e-05	6.4438801581151547871e-05	-8.8345781400609997396e-05	-6.5115020021251030576e-05	0.00032063260164435228783	6.78198937816489885e-05
4	5	2	5.0209074857280571044e-05	8.1386079779224387875e-05	-0.0001863107466562978216	-7.9428066882745922768e-05	0.0003653587169261833848	3.5798007648416037946e-05
4	5	3	-0.00017248925507255152183	-6.8673408656187758122e-05	-0.00034087056058672217818	-0.000149842207123392242	0.00079810327440793895661	0.00034130155674723741416
4	5	4	-0.0001735926240622447797	-0.00019892660562802289633	-0.00060302807278066368479	-0.00016373240982245639051	0.00092737771503807438569	0.00040359211790609339802
4	5	5	-0.00032144680570290209932	-0.00027787533461024035899	-0.00054520176708465256567	-0.0001458678230644861048	0.00080235921164697424513	0.00036816809075267841909
4	5	6	-0.00040076972118408731374	-0.00022709744166668634864	-0.00036693349147869005339	-9.4263248476743360287e-05	0.00057295772368829995646	0.00022995100150841036148
4	6	-6	3.9305281563060488878e-05	5.1631828388971609588e-05	-1.7525586683766847349e-05	-0.00021870679881039263213	8.677934358273476311e-06	-0.00018428557988441155455
4	6	-5	8.7846671478557204153e-05	-0.00013155014238678126555	2.5277533631309210589e-05	-0.00027760694382860648171	0.00010061037754041681738	-0.00043836844650375276881
4	6	-4	5.2913358226405007606e-05	-0.00029835780038209124129	2.56141499229037788e-05	-0.00018924579693706131351	9.1334583110760675807e-05	-0.00058222649578768318444
4	6	-3	4.4707348024754106912e-05	-0.00013604464960978774235	-4.6931940249401736033e-05	-0.0001603133308640730724	-3.4254083132464658332e-05	-0.00050201952787452981935
4	6	-2	-2.4971769780871402503e-05	-0.00010651954201327221052	-4.6261284754123956433e-05	-0.00011859573060364252486	-0.00018872739382411467431	-0.00056882627583747203629
4	6	-1	1.1657108324818148991e-05	2.2791809979423853521e-05	-4.828478922528269549e-05	-6.0367541794586598164e-05	-0.00024308030205242358375	-0.00027103801084982416135
4	6	0	2.2675635885459009529e-05	9.358931245327812285e-05	-1.5117090590306006353e-05	-6.2392874968852086418e-05	-0.00023403488278707208314	-0.00011027370049187344291
4	6	1	-5.9047809705093971339e-06	3.4376520503726434733e-05	4.7838266930169704718e-05	-1.8747965402488438554e-05	-0.000263410477698980633	-2.501828959997510083e-05
4	6	2	-5.8267023709672432347e-05	-5.7928708604041293851e-06	0.00012800454107556597373	-1.0232764363556769258e-05	-0.00026747957580735307005	4.2284034811478566544e-05
4	6	3	1.6453505520014012262e-05	1.0266547742209793597e-05	0.00012194777467010927286	1.5789061582643658567e-05	-0.0002658335567002372197	-4.5266853488233710855e-05
4	6	4	2.4581495851754632157e-05	0.00012444508682493815436	0.00029009066300419625827	2.4049420962584678994e-05	-0.0004597174903580490365	-0.00016051921826881518471
4	6	5	0.00016471243304280909492	0.00015664346901296484276	0.0002182869074353535198	6.1949457517036991112e-05	-0.00039371423535667152138	-0.00019965412423081626355
4	6	6	0.00017078298354133644721	0.00012182251961974980257	0.00014200498715188501937	5.294497729227736415e-05	-0.00025586030951277598418	-0.00013415999037211056135
5	-6	-6	-0.012920269454748653515	-0.011990490671724690977	-0.012411074849770680276	-0.011270330772302876443	0.0016441836374801353186	0.0012782552125323012795
5	-6	-5	-0.014988965136726525862	-0.013760166113327950213	-0.014347164282570337712	-0.012599780883024901124	0.002227632002357880607	0.001359570946301930745
5	-6	-4	-0.015289731929976723215	-0.01444104167621934956	-0.015088216711756844216	-0.012968432322499992213	0.0035201601551643618704	0.0014013463884758020194
5	-6	-3	-0.011169315724526318254	-0.011697680932532828965	-0.013013021033151165456	-0.010264262098140167559	0.0074105158587584674459	0.0010323893087256187304
5	-6	-2	-0.0052561660460332991843	-0.0072514824050495590643	-0.0097610511963040092615	-0.0058007840635736773738	0.016142738473828778523	-0.00072635382190286608157
5	-6	-1	-0.0021946041642693769197	-0.0024526323804963888996	-0.0065476759622608137618	-0.0015685901497194518119	0.028313034952217999707	-0.0028516210041652331926
5	-6	0	-0.0042236329209452919825	0.0010751451233725714974	-0.0035196941007877430296	0.00089595426947714287835	0.032598407700665056608	-0.0039242275172668055275
5	-6	1	-0.0089976632510496232925	0.0051302948468888069991	-0.0029407679809030189133	0.0037194571801099757767	0.027343708369830004717	-0.0033347311537841812026
5	-6	2	-0.012494571400195391905	0.0098978083505636572231	-0.0058869283374185623139	0.0079113459536724328736	0.013575643488232796291	-0.0010104830153918416182
5	-6	3	-0.012953565816500112531	0.013684309782236987393	-0.0090666688849710078829	0.011718527658126554405	0.0034559385908915041079	0.0006298723458581319181
5	-6	4	-0.012265204250736832375	0.016108891134598044698	-0.010120913347275280192	0.01395687743371043163	0.00015013529250811955798	0.00079920223231809146402
5	-6	5	-0.010616302030630455841	0.015490365826029240531	-0.0093536768603356256618	0.013568954553500838303	-0.00060811020177229356543	0.0007923796381717653891
5	-6	6	-0.0085378887493904789124	0.013851361394966227661	-0.0076640176816508186544	0.012022638685334844852	-0.00054911039049208637194	0.00047983752286298922678
5	-5	-6	0.017571098722634497652	0.01221886993952270295	0.01819488739159956861	0.012565808933387141375	-0.00051982389080422691883	-0.00028911582822036598637
5	-5	-5	0.02179618550427305651	0.014890844302471326066	0.022462293748088328627	0.015027967054380302059	-0.00066610824381527027321	-0.00013712275190897726669
5	-5	-4	0.026597958307729933219	0.017554311510306192662	0.028542915522882829349	0.01763239357033070942	-0.0024311965189411201618	-9.7602575030647601437e-05
5	-5	-3	0.018253281704871178459	0.013058676361605316835	0.023417658509391099664	0.012158548172617814065	-0.0086072946741998709874	0.0015002136483125057004
5	-5	-2	0.0067999339578094274497	0.0075052524256741586992	0.015735383723858138716	0.0056375585244527398956	-0.022338624415121778599	0.0046692347530535470088
5	-5	-1	0.0012278778923519547469	0.0026582029337950288488	0.0088867566336752745748	0.00095099876431903155889	-0.038294393706616601525	0.0085360208473799856904
5	-5	0	0.0026667068950115076394	-0.0016293272431742186843	0.0026667068950115076394	-0.0016293272431742186843	-0.042582592440251504362	0.010235412767739175341
5	-5	1	0.0081838527618231550476	-0.007375437491637185268	0.00081801933838324147365	-0.0055011607975207991311	-0.036829167117199565484	0.0093713834705819280824
5	-5	2	0.012442029793502949395	-0.014527502053776604127	0.0043119708264259945171	-0.012355410634365716904	-0.020325147417692389362	0.0054302285485272154542
5	-5	3	0.015516698053472735563	-0.022539399751027318353	0.011497193499644873388	-0.021145047722474625412	-0.0066991742563797711599	0.0023239200475878188205
5	-5	4	0.016655953157712042462	-0.028012508238382072961	0.015690321853338871916	-0.026979756436810147652	-0.0012070391304664660013	0.0012909397519649064203
5	-5	5	0.012327269216501249294	-0.022452743135971547223	0.012158528306179371831	-0.021928470792718340876	-0.00016874091032187816782	0.00052427234325320504552
5	-5	6	0.0098169116381969859231	-0.018635792398927028546	0.0097101446101893074819	-0.017797016959801216507	-8.8972523339732526699e-05	0.00069897953260484408863
5	-4	-6	-0.018749320633414067599	-0.010116587405261648694	-0.021348083156261785098	-0.011770300759828064216	-0.0013923784236705308379	-0.00058362233116599708093
5	-4	-5	-0.026394341707958721144	-0.012805193569854886673	-0.030671507824414471349	-0.015492680217037597956	-0.0018571354484271430669	-0.00041104939622480857935
5	-4	-4	-0.026285203794179100995	-0.011957637264840892399	-0.032200793139915688534	-0.014095989394976440184	-0.00065571160280818835929	-0.00085105718607467618214
5	-4	-3	-0.018043363319445376164	-0.0086081782257070808134	-0.026466648780661398976	-0.0085670398131328529684	0.005216592841806238362	-0.0029242439586679965305
5	-4	-2	-0.0060776836957160311828	-0.005290361445478975258	-0.016318515639294338404	-0.003113918679833154856	0.017442822039298602754	-0.0069980662540311293005
5	-4	-1	-0.00084935829542941219776	-0.0017599401753355431617	-0.0089985353113043887313	0.00066586695651170630435	0.03174734976807049025	-0.011463168702724541026
5	-4	0	-0.0030423616299301761007	0.0025490271615186245804	-0.0038029520374127201258	0.0031862839518982809424	0.034123317860537925872	-0.012497652604135933707
5	-4	1	-0.0065974573654954378824	0.0077087706044969622407	-0.00061470050990850705341	0.0066736639306311110534	0.030528484787843160331	-0.011849197299960367857
5	-4	2	-0.0079342340087270538801	0.013832939178485584644	-0.0017497702841976635509	0.013588582232501283942	0.016336044453422307599	-0.0074051834812113928597
5	-4	3	-0.0096039041632863687142	0.0213074338699875028	-0.0082728981565914957302	0.023982407144037373031	0.0049759760633552863052	-0.0035358469245960087377
5	-4	4	-0.011178514859781860796	0.026227632733094159018	-0.013782913876370695566	0.031152258310830200499	0.00019022969835663099841	-0.0016322826055374984894
5	-4	5	-0.01065380592570743315	0.025572387658235270352	-0.01393096769268514605	0.029763011362210645833	-0.00049096822844068405915	-0.0017619785684667519515
5	-4	6	-0.0078078909141918242942	0.017987968933614883332	-0.0093912902332630061875	0.019783668311424904007	0.00024571560631784903793	-0.0018008619037291320655
5	-3	-6	0.015855032770032258249	0.0065788142867598238886	0.022997179438653189698	0.0097216139505406223842	0.0017139375890336198526	0.00062153826369620878735
5	-3	-5	0.020474236818574638452	0.0070951785714033349661	0.030331262840000323966	0.010938364501257969927	0.0022754791145744440728	0.00053215987064855285824
5	-3	-4	0.019255373048401410591	0.0056202085713066242054	0.029265729627414312219	0.0084479291583533684673	0.002119919089941029941	0.00068931384536825314729
5	-3	-3	0.011849654254933957021	0.0038762725723566122428	0.022722068189349839407	0.003263043963488314065	-0.0029726444311265745254	0.0031974103237727064843
5	-3	-2	0.0016187672217725268976	0.0030957824430620298206	0.011477443968920319345	-0.00020048074026713587109	-0.013169247898949161882	0.0080401772180557790765
5	-3	-1	-0.00049522662320014554631	0.0010817564641815392498	0.0083670240613283423936	-0.0027967323301457528741	-0.027577205299985755454	0.013798979311344954438
5	-3	0	0.0038648434808405815119	-0.0030139322830565785927	0.0064414058014009688974	-0.0050232204717609646102	-0.032382758910414373432	0.016036349804939724339
5	-3	1	0.0068851426816425960117	-0.0071981513986962512158	0.0026331097876287016396	-0.0073444327576717999967	-0.026526384045326877742	0.013957458720465856089
5	-3	2	0.0058841592065501779202	-0.010326935847576086333	0.0013673934511440853645	-0.011655863365862644682	-0.012659307839659317621	0.0083335445701462496776
5	-3	3	0.0043008462698674795877	-0.014475493428065941068	0.0041497319481929358792	-0.020303737639193339404	-0.0030183451682528643009	0.0038220847409165615086
5	-3	4	0.0048601359028875076168	-0.018266392768971378979	0.0090015739086927969159	-0.027686783494172941683	0.00067601055291021284067	0.0020679033405845161607
5	-3	5	0.0054820445046998437025	-0.018520153115862005022	0.010606155972184790059	-0.028237861748087862007	0.00088164907861103031152	0.001577436067009286777
5	-3	6	0.0047442096801459214539	-0.013836438457218058068	0.0082775805389344106477	-0.019143072238681266284	0.00018528220267893810518	0.0019588292616744148143
5	-2	-6	-0.0098207477931219408496	-0.0030483999861456918291	-0.020752119516300768925	-0.0057494369272280843736	-0.001266583322168028311	-0.00062385434604538166081
5	-2	-5	-0.011719582566819684161	-0.0026644649914832393284	-0.024676675933995754347	-0.0055727743189277548219	-0.001848912193221381034	-0.00043535526391213732371
5	-2	-4	-0.0098922104489372903596	-0.0015691832935183249158	-0.021030719417109398905	-0.003558797060069475264	-0.0018499033526169130631	-0.000182080586863168567
5	-2	-3	-0.0049662885554274541558	-0.0014749139150947046615	-0.0129610041017865045	-0.0005231832551280644894	0.00036352180881191219815	-0.0021094010217391316597
5	-2	-2	0.0003552706346315258573	-0.002216019728884417294	-0.0078580991229200754938	0.0019722053167221683355	0.0087462757094988897305	-0.0075122546389332113537
5	-2	-1	0.0015128304524809036043	-0.0011164390882023233695	-0.0056551002354782355791	0.0034421444613364311424	0.018874352733360987011	-0.01246648436368448
5	-2	0	-0.0022089565195511124025	0.0022402382589360040135	-0.0055223912988777816568	0.0056005956473400096002	0.023359592758253836658	-0.014594932608701238416
5	-2	1	-0.0045495854978170914562	0.0047417597073349353198	-0.0020660239935260584637	0.0056421509597365570102	0.018615879502033340354	-0.012424496617201562579
5	-2	2	-0.0038723093883364077296	0.0062618245268080113125	-0.0011126964671492032589	0.0080584457536883678103	0.0085680770036918162819	-0.007596115563331660471
5	-2	3	-0.0014461399458893583071	0.0072277449630296980096	-0.0023254969140770742619	0.012142408732600014007	0.0008599019670975477066	-0.0039513024499828203889
5	-2	4	-0.00086885182189699145753	0.0092644701115923260015	-0.0046579703224991038032	0.01912066200109917985	-0.0012429203838783126068	-0.0020202566389408188781
5	-2	5	-0.0015975575145691005372	0.010017399522574367207	-0.0063477833672903466455	0.020445740662767136753	-0.00094155583234703814268	-0.0018391032574675125061
5	-2	6	-0.0020404821868160120252	0.0077243883436362856601	-0.0061789432755051543894	0.014375546207200962448	-0.00035924593615504140601	-0.0016451415506299170172
5	-1	-6	0.0041686363796160788922	0.00096652428936952808607	0.01392092097582790268	0.0018742713564572880021	0.0011537101537087484857	0.00049305834839839216173
5	-1	-5	0.0048081809503101582623	0.00059445323185836800375	0.016201693770109822784	0.0013112947434193401516	0.0015678421962881934452	0.00033219428317449997343
5	-1	-4	0.0036805934803216997474	-1.9677793496487586892e-05	0.012605809469463965036	-8.2287615265721769799e-06	0.0014492894830361337504	-2.2540051488966438947e-05
5	-1	-3	0.0014339897304856668442	0.00053787489446109626196	0.005644876575224475751	3.5286604053381953865e-05	0.00050835735906795275103	0.00088469595608403313672
5	-1	-2	-0.0010791898245760651268	0.0018281717529287332125	0.0034962599459408979195	-0.0013437993881401533863	-0.0044461045344106114516	0.0052423290763919097243
5	-1	-1	-0.0014476771030486215806	0.0012823243200129443627	0.0023849178204514193298	-0.0019856035263395386409	-0.0096233033356945274495	0.008397225126404259804
5	-1	0	0.00039169484869096027639	-0.00062737826642785866644	0.0019584742434548014361	-0.0031368913321392932238	-0.011899973150196257662	0.0091489030239020850688
5	-1	1	0.0021731391748542223941	-0.0022528581993714780381	0.001047765801106834713	-0.0035762836111868129448	-0.0098179300731642774741	0.007688007385670578113
5	-1	2	0.0020725484556905499761	-0.0028815038496794393233	0.00017902613250101332494	-0.0036713942073617637438	-0.0050918580729758678577	0.0053680625205177173037
5	-1	3	-5.296497815982270142e-05	-0.0023724745033988762534	0.0011526561195090592824	-0.0048031864244044170792	0.00047249367010272422251	0.0023530620308633213959
5	-1	4	-0.00037086098818680862318	-0.0027748768107079485948	0.0022996427061274206036	-0.0081443176707915402451	0.0010384869117653660383	0.0014325165956870506822
5	-1	5	2.2417413937621401927e-05	-0.0032621422089757776477	0.0034939426321169034066	-0.010530590252627364603	0.00067637111248575925229	0.001156024158450304597
5	-1	6	0.00064852437612434655264	-0.0025126179233618409561	0.0041338425861340687834	-0.0073601899654593952102	0.0001485367842520560666	0.0008671499418916350007
5	0	-6	-0.00099282526783752876251	-0.00019582328561442338666	-0.0070008474459023603206	1.5930692262204305075e-05	-0.00082735438986460737437	-0.00016318607134535283577
5	0	-5	-0.0016256747734423064242	0.00015413742360666259686	-0.0075719642951409217232	0.00074538701764505026735	-0.0016256747734423064242	0.00015413742360666259686
5	0	-4	-0.00084912602083149664456	0.00032395526071312015764	-0.005920612111373526297	0.0012361070655193683206	-0.0010614075260393708057	0.00040494407589140022415
5	0	-3	-0.00034398739275274154174	-8.4021811825772961578e-05	-0.002721782976058042397	0.00068343430311113462401	-0.0005733123212545692543	-0.00014003635304295493596
5	0	-2	0.00071413763131399651905	-0.0010737471134482986113	-0.0013012625229823710296	0.00088938013213971263676	0.0017853440782849912434	-0.0026843677836207468536
5	0	-1	0.00063096640788845527372	-0.00078617666793260655191	-0.00076594195632142224317	0.0010326425794651109425	0.003154832039442276477	-0.0039308833396630325427
5	0	0	0	0	-0.00062877337716488298971	0.0023306834277985670305	0.0046090236309625576619	-0.0042981985742387325555
5	0	1	-0.00064575132072180725738	0.00054609199482820848601	0.00042106116334104335417	0.0013051680414816575152	0.0032287566036090361785	-0.0027304599741410423216
5	0	2	-0.00079359666711985841527	0.00088608992314872419074	0.00018954308098070160723	0.0012090624594472212678	0.0019839916677996459297	-0.0022152248078718106937
5	0	3	0.00016837739165368931552	0.00047243608987560642941	-0.0010672105236047451423	0.00063126623327989996471	-0.00028062898608948220157	-0.00078739348312601071568
5	0	4	0.00021990850454942279966	-0.00023869440944926438542	-0.001564198062401097461	0.0015405719884715434603	-0.00027488563068677851313	0.00029836801181158049533
5	0	5	-0.00012735323871498720194	-7.3366687126542285097e-05	-0.0023529326421701528445	0.0028613761415343056532	0.00012735323871498720194	7.3366687126542285097e-05
5	0	6	-0.00049900832806974325037	-0.00029314415664455465175	-0.0028716687513754743898	0.0022560766320575760709	0.00041584027339145265443	0.00024428679720379557023
5	1	-6	-3.1957063897629231974e-05	-5.4306513080900545157e-05	0.0027125827334486536484	-0.0005160305443098258402	0.00042546623566008459497	-0.00013126051828572142879
5	1	-5	0.00026611574102470083886	-0.00019559603135208111693	0.0027941513499483662183	-0.00095757002256759810813	0.00082494601101437410422	-0.00038711003586560071687
5	1	-4	9.2334674132135463641e-05	-0.00016898006015935527883	0.0019321757179622670638	-0.0011741829477369839039	0.00059846227215573611583	-0.00050477081213344001352
5	1	-3	-0.0002143424866868353523	0.00017735915470643446516	0.00074829592831225449044	-0.0003484668115834549211	-0.00010780550170730741465	0.0001794429873162391349
5	1	-2	-0.0004391358762165658864	0.00069782091812830833542	0.0006039218716215623544	-0.0007029069270471230901	-0.00079587875473063364722	0.0013930988317972094019
5	1	-1	-0.00018951145770219101684	0.00043799232355173835663	0.00055386738323481897548	-0.0010971434406386330798	-0.0003936899052761360816	0.001092818177120058595
5	1	0	-1.0187808799421118041e-05	0.00029197206142489575765	5.0939043997105595287e-05	-0.001459860307124478734	-0.00011444130834646137147	0.00044672610156252319426
5	1	1	0.00015464470701735265508	0.00017076394224660167045	-0.00044552219442318274781	-0.000806582076031583722	-0.00032770134066358058179	-4.7237635201424725139e-05
5	1	2	0.00021025602179915755911	9.885687458345374394e-05	-0.00030381276477252708301	-0.0002307032509751863155	-0.00037373367211163035628	-0.00013179056097104119532
5	1	3	0.00010185420152821103416	0.00025582567234826175282	0.00037397542344385823442	0.00017026654575523473179	-0.00029441547702830446389	-0.00048313163583218121048
5	1	4	0.00035031249844562416078	0.00084435020669463125079	0.001113598716921183375	0.00035986035181904708078	-0.00071629030228732599051	-0.0011454028463230509285
5	1	5	0.00064788990098182811569	0.0011224061140276031696	0.0014925736920432816981	3.6702849817297839767e-05	-0.00094640463939048443363	-0.0011297466839910628392
5	1	6	0.00077852048586855740302	0.00097236588954304717814	0.0018136015056923805201	0.00013175906052801357395	-0.00095103398917252795867	-0.00083226475137387488819
5	2	-6	0.00016511203782364813138	3.8575713473206082148e-05	-0.0011715914655949701689	0.0004766318954859492113	-0.00025293712367861661801	0.00019102372638965479652
5	2	-5	-0.00034279083528652862711	0.00039318505664038058819	-0.0010817054582001473916	0.00077530972378328294123	-0.00077547301856658755123	0.00070330894615369384058
5	2	-4	-0.00021845671648056604898	0.00024507072690440955898	-0.0005465508330493524039	0.00056079107945276580969	-0.00054634631212538376996	0.00058673394835689484002
5	2	-3	-4.5527611159801585866e-05	1.768307455484795194e-05	-0.00018183438941666123776	0.00051431259857523078157	-0.00019710227821077678807	0.00037234685664156710536
5	2	-2	0.00027131730785622811767	-0.00073834272896216180532	-0.00027051424139352199831	0.0006134533559834199571	0.00040777902824704829587	-0.0012324034664219845562
5	2	-1	0.0001664654412455695686	-0.00044595801756492985893	-0.00025419156374483598904	0.00048870865215926834451	0.00032394407873817581073	-0.0012523727835061124972
5	2	0	-8.1963711102009183484e-06	-0.00025068422718211403688	2.0490927775502296718e-05	0.0006267105679552850651	3.85740617605780228e-05	-0.0012215777819436766417
5	2	1	-4.8377060602163520268e-05	0.00011890661114532899455	0.00023625340901641878662	8.9899406679892928155e-05	-0.00023062151502201995836	-0.00077433186908643081552
5	2	2	-0.00019869148638047815533	0.0002061412195966114472	0.00017206475687353621441	-0.00012633537948045789681	0.00032466395907765918747	-0.00038901766951107073474
5	2	3	-0.00040810668635209710383	-0.00038672492505973580894	-0.00025069325922861840925	-0.00040514783249105906868	0.00084730665007257404027	0.00091464009676026579963
5	2	4	-0.00071816113398722315579	-0.00070389429896983808296	-0.00063815073274659536804	-0.00069290037338379652058	0.0012167767838573266288	0.001226318060404195864
5	2	5	-0.0010169940506942975154	-0.00096240944089514527011	-0.0010867503080940071631	-0.00072105126483976893573	0.0014516941739319004674	0.0012508299468310527577
5	2	6	-0.00099428491558556505656	-0.00077490803929547555275	-0.0013623400122279060494	-0.00068999509956487316102	0.0012826841003972728247	0.00087575506593452073518
5	3	-6	-1.9704728431572459486e-05	-5.7352524652837764962e-05	0.00061364607350410528119	-0.00040253623646202102123	0.00029040242972574222945	-0.00024906188877504197238
5	3	-5	0.00029245700137898263029	-0.00038073877808556476875	0.00053738491152689998442	-0.00055104536098492544385	0.00061488794829512259926	-0.00071136599467652001337
5	3	-4	0.00032911398215570823473	-0.00039684057786824015893	0.00030404495360072079924	-0.00050721325785986828838	0.00063942619289517586573	-0.0008764606657302014556
5	3	-3	0.00019967972046548414385	-0.00013976893744759152569	0.00014029803346808799214	-0.00049321814620213212665	0.00047309756757722823189	-0.00072616637528145129999
5	3	-2	-9.1851586684007553328e-05	0.00029849896503769327146	0.00014018591785443227011	-0.00016853800830485743054	-1.935008992837048493e-05	0.00049344040013694695154
5	3	-1	-0.0001054135583076803084	0.00039139190878188529626	0.00010466274776660813644	-0.00015971496815801988203	-0.00021307954823857717334	0.0014778146394353668894
5	3	0	-4.7753900409479996193e-06	0.00012567399549144280652	7.9589834015799988009e-06	-0.00020945665915240465043	-0.00014117302092134608837	0.0018100092818369056032
5	3	1	0.00014346002891164826129	-0.00021369655860696033854	-0.00012070992810976228777	-8.2608380334427559456e-05	-0.00035517036022895438893	0.0013163079340380843575
5	3	2	0.00019219664500339246724	-0.00012229219025853429689	-0.00011688635883356158411	-4.028943480185030626e-05	-0.00030516207425813879871	0.0003661646278491111745
5	3	3	0.00042755978673300962115	0.00011666574775344639651	0.00027709197675172017551	0.00038438810680423558764	-0.00098969162130673610234	-0.00057883101972664623494
5	3	4	0.00071393101632017828741	0.00047666378251172197757	0.00062711269745452000949	0.00054232894562595537671	-0.0013627482934911129206	-0.0010025764373591190045
5	3	5	0.00084487612143727380386	0.00058417637429261019648	0.00083848037142961618501	0.00056059479721615136302	-0.0013479643442950435366	-0.00092053325262230097092
5	3	6	0.00082100252111833482878	0.0004322026391226240394	0.0007630688308634318677	0.00036222570173048327345	-0.0010657031830303281827	-0.00054128171680076166052
5	4	-6	-2.8281608408698037725e-05	9.9687144241768875096e-05	-0.00026400189322083430143	0.00028986946052192549741	-0.00019956926915447125272	0.00027631892721609107666
5	4	-5	-0.00023655060425288861417	0.00031388285523374469125	-0.00023807623312066672071	0.0003594402036819756242	-0.00042701159074942201784	0.00060143501817932522313
5	4	-4	-0.00030743567550079521937	0.00044498576916484228758	-0.00010109424112253283376	0.00031030683074536788944	-0.00048538883549852687152	0.00086653904220142078958
5	4	-3	-0.00013189314594687671445	0.00026739986349410329322	-0.00011721116024386865693	0.00027262295641996452718	-0.00037610345690328606666	0.00080916371438345820969
5	4	-2	-2.118541833020699522e-06	1.7697370415744667426e-05	-1.0344643826946054037e-05	0.00014551722612250842263	-2.5985642236443855609e-05	0.00033527787828437852907
5	4	-1	2.6917573201622153412e-05	-5.8999075259020521014e-05	-3.6640898672168075465e-05	5.7593222388501001945e-05	-1.1975728680561531411e-05	-6.4622486741098617621e-05
5	4	0	6.7331794435214698197e-05	3.3335503210259355552e-05	-8.4164743044018379523e-05	-4.166937901282419444e-05	-0.00010425295728179405342	-0.00041361155739019024504
5	4	1	-4.0336850615503707729e-05	9.5292433708064371088e-05	6.7544638224617809037e-06	-4.5044113647307403145e-05	0.0001746663977876714252	-0.00029628571395109222931
5	4	2	-9.2749149481927503245e-05	8.8028004969362681244e-05	-7.8438770277920274901e-05	-8.0853665393054897784e-05	0.00038875041426065929436	-5.8362681637296880436e-05
5	4	3	-0.00030431616401256227121	-0.00015136043070516772609	-0.00026305404532175977877	-0.00016922290865945108142	0.00085793233378328350846	0.00047789792938788102153
5	4	4	-0.00038716964327113555623	-0.00019254277382086193503	-0.000504265573212495208	-0.0003618621824283394287	0.00098822762730141474816	0.00060254064970441682716
5	4	5	-0.00047422018390134285364	-0.00028626508294004947936	-0.00051944017581574838081	-0.00029794521017082446377	0.00088977232455394160166	0.00052462125107670908291
5	4	6	-0.0004963753167196825614	-0.00027083935999226580122	-0.00045573626398951946892	-0.00014933577000076758007	0.00071747027325941509571	0.00032525664666073321202
5	5	-6	1.7344751308467345682e-05	-4.4032141544921299663e-05	8.0824674932459283938e-05	-0.00020852764799249512906	8.1807855200772189091e-05	-0.00021046649128118036969
5	5	-5	0.0001286357988476380138	-0.00026533208662870281418	0.00011710775621577712026	-0.00026549647292482781921	0.00024574355506341513406	-0.0005308285595535306876
5	5	-4	0.00013021398617213568775	-0.00030982303206878277413	4.2865126338088581251e-05	-0.00016901539215888065275	0.00021634889063778034641	-0.00059854803028457927681
5	5	-3	8.1198404660588746748e-05	-0.00023388785771578514774	1.4041980993510682477e-05	-0.00014163644957578482735	0.00015873397609016571142	-0.00062587384548594990428
5	5	-2	3.568896285026099596e-05	-5.2808215603110607555e-05	-1.6780093614507813607e-05	-0.00013551276985190177714	4.7272173089382952497e-05	-0.00047080246363753096512
5	5	-1	-6.9872846675392342691e-06	7.0813874682887208587e-06	-2.1648172473348482153e-06	-5.5130597419987811066e-05	-4.5760509574370413692e-05	-0.00024024604975849545019
5	5	0	-2.9852021540233235195e-05	-1.5700993352481060211e-05	2.9852021540233235195e-05	1.5700993352481060211e-05	-0.00017088342490496048363	-2.0822033184897085779e-05
5	5	1	7.7528917029004592275e-06	-3.6731652468977343178e-05	3.1108371748900218753e-05	3.4950541912788835627e-05	-0.00019430631725900337635	8.9055527809425631631e-06
5	5	2	3.4038827921894170394e-05	-1.5614887570690744997e-05	9.8794760598875009825e-05	5.372070801478078325e-05	-0.00033208397130192295055	-9.5264551110225097327e-05
5	5	3	6.4636969975948637616e-05	3.7919239016999349286e-05	0.00022957629533207972688	9.4021935278390054015e-05	-0.00049035544218004728772	-0.0002199019571589823298
5	5	4	9.4283111554633591291e-05	9.8315334686717748849e-05	0.00036591988270865121336	0.00014726449966203774286	-0.00057525374282910602276	-0.00030697479293594434092
5	5	5	0.0002102878830541841655	0.00018272914512508766564	0.00038439414392467635521	0.00014432099777825297868	-0.0005946820269788604665	-0.00032705014290334064432
5	5	6	0.00018108240187397533962	0.00014076885571651556847	0.00022040996387808999739	5.6963800714798512191e-05	-0.00033457697146005443848	-0.00016477721369276173953
5	6	-6	-1.4961270189767851861e-05	-4.1698785493665933312e-05	-6.0087033787438566413e-06	0.00014611241119399630555	-1.8476428536883734039e-05	0.00011136342328260803117
5	6	-5	-4.1854127408197811791e-05	8.7156684493783611115e-05	-2.9930110657377368392e-05	0.00015228164641642536609	-7.7770260197050655217e-05	0.0002698946601934940721
5	6	-4	-2.6830732300128081011e-05	0.00017627835558725748295	-2.2628109870676959577e-05	0.0001045862699650397889	-6.7480580181175533853e-05	0.00037722734943163152349
5	6	-3	-9.6083586805484413613e-06	0.00015822956644437316987	5.2166929925248506015e-08	5.5867170329032242763e-05	-1.5909597274396905411e-05	0.00037545028473201974605
5	6	-2	8.729638257832135755e-07	9.2272249165035650055e-05	1.5957442034192947017e-05	4.8646317115586788793e-05	5.0054735667036876683e-05	0.00037661957425934951185
5	6	-1	2.2124553657953536145e-05	2.6116385817295580677e-05	-4.2532146707467453643e-06	9.3948672606399798374e-06	8.5103480265287217012e-05	0.00018695113265031776547
5	6	0	7.137787413198858576e-05	2.169599725818990171e-05	-5.9481561776657157058e-05	-1.8079997715158250296e-05	0.00016590803837384613144	9.1905545076537923516e-05
5	6	1	9.358754524683564769e-06	-4.2694038783764324863e-06	-3.2338991635262152597e-05	1.5086098729476312052e-07	0.00014724017718815510529	2.0441853468113584661e-05
5	6	2	-1.7380419681282859235e-05	-4.5678719028052042791e-05	-4.5472007210711080634e-05	3.6394085363711553181e-05	0.00017986707083534039168	5.0145414789954525185e-06
5	6	3	9.1154150707153928408e-06	-4.706532900464469244e-05	-0.00012461248513119922926	2.4214560200446692824e-06	0.00023403261181120614673	7.3599302967651818608e-05
5	6	4	-1.2161580228060938529e-05	-8.2817382039638914263e-05	-0.00017977825926015307198	-2.1583005294194908854e-05	0.00028486936417530578283	0.0001358962354908410078
5	6	5	-2.6216667659167377694e-05	-9.8953194695062561613e-05	-0.00020542307031556889365	-3.3929358521604494091e-05	0.00027272435203785005617	0.00013966842492098795452
5	6	6	-5.2249271295976576707e-05	-7.587665710578761903e-05	-0.00010454635850484499007	-2.5676901748553424806e-05	0.00014808741791815879948	8.8907449336709775127e-05
6	-6	-6	0.0074696123533055675675	0.0080598108068675056864	0.0077967960068366769927	0.008131154439663097408	-0.00032718365353110969622	-7.13436327955922501e-05
6	-6	-5	0.011585755313228328356	0.01199972021072281958	0.012403962175365655304	0.012216929276445373173	-0.00098184823456479099375	-0.00026065087886706345523
6	-6	-4	0.01105424989303187451	0.011189579756168580721	0.012371054292506029199	0.011218568675857484504	-0.0019752065992112324659	-4.3483379533356650466e-05
6	-6	-3	0.0090533210985912302565	0.0085419355949532156658	0.01133799335005106039	0.0083873976826569288101	-0.0045693445029196620016	0.000309075824592575175
6	-6	-2	0.0053671912276813957612	0.0047220062086138023943	0.0096347496888842323881	0.0043841973961227381773	-0.012802675383608510748	0.0010134264374731937353
6	-6	-1	0.0030148344367776315142	0.0011183245429575499816	0.0069804081524261086394	0.00072862219615382067556	-0.023793442293890861017	0.0023382140808223760529
6	-6	0	0.0046158746698991308041	-0.0016311152331292271163	0.0046158746698991308041	-0.0016311152331292271163	-0.029557298143898787929	0.00307820845310268279
6	-6	1	0.0058824511737536888667	-0.0039124265917786444149	0.0019125432835616141321	-0.0034887947228444166244	-0.023819447341152447106	0.0025417912136053693456
6	-6	2	0.0066266674683740462923	-0.0067282447949350600302	0.0026578883243148021878	-0.0062444534625310495549	-0.011906337432177732313	0.0014513739972120307756
6	-6	3	0.0068171763033923254635	-0.009322595226265502355	0.0048527224653006290414	-0.0089639934651499584423	-0.0039289076761833928442	0.00071720352223108999393
6	-6	4	0.0070714617200145811829	-0.011129004211986247633	0.006117336547513348155	-0.010664225121367472762	-0.0014311877587518488913	0.00069716863592816219735
6	-6	5	0.007130838336865437041	-0.011922187409139136521	0.0065868762200800758805	-0.011231237626468014434	-0.00065275454014243367452	0.00082913973920534613567
6	-6	6	0.0044980688077944884495	-0.0079520724188412821032	0.0042587055405424525945	-0.0075573865606996509098	-0.00023936326725203577377	0.00039468585814163075973
6	-5	-6	-0.012548705660961010158	-0.0097180552476654798871	-0.014370687692414873746	-0.011011107888476895367	-0.00057313258394861555083	-0.00054213200726806664784
6	-5	-5	-0.014618699720806769063	-0.010566524480688833237	-0.016953028112082619422	-0.011889458343936920928	-0.00058941155288550308496	-0.00079037103288967763392
6	-5	-4	-0.015603298085745594473	-0.010564548178824476055	-0.018968603538401577341	-0.011794210707853488782	0.00030580729438357736466	-0.0011040588834198537555
6	-5	-3	-0.012694407148384477882	-0.007826480820661566723	-0.01768897474904197048	-0.0082542914434078143437	0.0040928102849676585226	-0.0018958092356434440295
6	-5	-2	-0.0073729652328505777825	-0.0043313706336051936707	-0.01463136701380735559	-0.0037626163125449507349	0.014459521835966658229	-0.0035875711194532028739
6	-5	-1	-0.0029206484686043645942	-0.00094584150527051488039	-0.0090682554326318946109	5.9572011744524404982e-05	0.027817386351533284622	-0.0059729090903457111514
6	-5	0	-0.0029035487436845897578	0.0018555600619471401477	-0.0034842584924215077094	0.0022266720743365680038	0.03249941564030262714	-0.0072241229018994122801
6	-5	1	-0.005221350570069395805	0.0053919977027949220205	-0.0007463963649268457682	0.005129299825528171354	0.027596121595782147073	-0.0067054870891286744855
6	-5	2	-0.0068991768969408730564	0.010057898033989806641	-0.002322481692363544039	0.010276953544412246316	0.014891326459913759722	-0.0044813102409388032646
6	-5	3	-0.0081873212158771590391	0.014073487200515844356	-0.006291395850763434501	0.014933573121911736248	0.0058889826804819260866	-0.003257685864512129166
6	-5	4	-0.0089827769548760823259	0.016253185939845864183	-0.0089136688232534164178	0.017501308477705875	0.0023320794032473520993	-0.0025031433126364533923
6	-5	5	-0.0085186793756973754749	0.015593974835124702061	-0.0088424068973941265942	0.016474127007628510538	0.001380008353442724366	-0.0022386427945211336693
6	-5	6	-0.007082765758430722286	0.013631747895796587564	-0.0073583983271842670279	0.013916613567601902532	0.0009507671524438332045	-0.0020345699227950031322
6	-4	-6	0.013043547252617936072	0.0076408135349921024737	0.016785235507357242069	0.0096287990147589791468	0.0018533902477131068698	0.0012216141918194489864
6	-4	-5	0.016636723620191109368	0.0087520983129136392664	0.021231529510602694527	0.011086910996587600806	0.0029788447357471758807	0.0016329891782262864319
6	-4	-4	0.019514648411388033772	0.0089900380865678246323	0.026579293105170424816	0.011485078149210074111	0.0026926795119116271431	0.0019999789806416637047
6	-4	-3	0.014431221582588098576	0.0057942204827665247727	0.023603922085219285892	0.0063264782356045887526	-0.0026094529484495163595	0.0031531366513935987425
6	-4	-2	0.0061806808382529089541	0.0027090532872630834413	0.0166792612028462163	0.00077006673180674120507	-0.014816479890933704003	0.0065870263981757676969
6	-4	-1	0.00043065179311658753581	0.00066083893033389300327	0.0079011654853030650197	-0.0014907290357593693062	-0.029020751182512731503	0.0099279497250408348108
6	-4	0	0.0013928035461883067885	-0.001748655874388350788	0.0020892053192824600744	-0.002622983811582526182	-0.034051628900887198625	0.011456781265170964262
6	-4	1	0.0037467522565980907606	-0.0048612303969578088761	-0.0014602943361934209773	-0.0046740300494276399573	-0.028321690884362225871	0.010471262184036295162
6	-4	2	0.0041543603385113822904	-0.0094693163251661580798	-0.0016000534964747733374	-0.010265394990278006032	-0.015663188008483694413	0.0078771589949424639099
6	-4	3	0.0063740086975322173338	-0.015891901909622547368	0.0054098053905199047775	-0.019964151612185496165	-0.0055349435410378946751	0.0051649350029977624671
6	-4	4	0.0084759327835501503678	-0.020420122730705415198	0.010494691992016054807	-0.025661974329864219863	-0.0022192071833091703108	0.0049682097661939046696
6	-4	5	0.0075165586062518009378	-0.017158988570253771305	0.0092763755311722033425	-0.020700838138974445718	-0.0015987699025643978875	0.0040301157731249693389
6	-4	6	0.0061191162298982184828	-0.01354376879735516917	0.0073841243660929742343	-0.01608082397340072911	-0.0011963666525029018929	0.0028232194817546830967
6	-3	-6	-0.011468342628759904678	-0.0051893764357362273665	-0.017381342058090672176	-0.0075173441855067206843	-0.0027776715997145685899	-0.0014307043429828672412
6	-3	-5	-0.014425399263502242803	-0.0054913943063162468095	-0.021904694074916020163	-0.0082106601729280970225	-0.0041676626712530782243	-0.0016632770638226382614
6	-3	-4	-0.015322709033755493521	-0.0046352233700612489528	-0.025906410238448949329	-0.0071426559250202604004	-0.003554255871796528285	-0.0015958431113266787794
6	-3	-3	-0.009797487811896543608	-0.002486357890591098501	-0.019765450566815129935	-0.001910624516176975601	0.00017047494302204149893	-0.0030620912650052216179
6	-3	-2	-0.0024609063436206355356	-0.0015148615747674566614	-0.012294641372173282026	0.0018453236072760567568	0.011059243027398015999	-0.0073125701352164552277
6	-3	-1	0.0015046231534349542667	-0.0008119402705610144922	-0.0057233565841678423272	0.0025840789906900378872	0.026197808673113252148	-0.012623878595436200181
6	-3	0	-0.0010630475067380186407	0.0013848683708436713459	-0.0021260950134760372814	0.0027697367416873426918	0.030501781739579302694	-0.014361949570695859216
6	-3	1	-0.0038240251488650439833	0.0039795953745031835067	0.00084008929260151910413	0.0036777118130795136142	0.025464418770994822622	-0.012844436807780560197
6	-3	2	-0.0026856876612957433954	0.0063717053174837771923	0.0025571298965062854401	0.0070701343570614694212	0.011892757828646658563	-0.0085099144168591274451
6	-3	3	-0.0027051042429977233475	0.010832134358058477172	-0.0020075907928882854789	0.016364182540967116275	0.0034026176931071612161	-0.0053000861751498354671
6	-3	4	-0.0043734626964659715359	0.015638268989222867122	-0.0074658153687490206793	0.024888726251203082546	0.00096083251813719179439	-0.0047908587954319896418
6	-3	5	-0.0045654462699436827722	0.01417312682203814185	-0.0074695592880983392031	0.020972463992605046984	0.00099679995107341645526	-0.0044242737908827423771
6	-3	6	-0.0042308881401955803284	0.010821559631519895098	-0.0062487845575087434466	0.015304222639472028419	0.0011064958614412090387	-0.003169448311783880888
6	-2	-6	0.0078184593807203977417	0.0026984529136262623734	0.015180819275183807943	0.0045784199435512555956	0.0027581862889924616163	0.0011723129324425103637
6	-2	-5	0.0094686034947378209387	0.0024123509904545857065	0.020419300173857714287	0.0047345683933835624665	0.0031946041241423007995	0.0010009938311920779912
6	-2	-4	0.0087126709205436869005	0.001516916449500798009	0.019951730226186410733	0.0029069258940596616816	0.0030931412677223249844	0.00082191172722136628115
6	-2	-3	0.0049128289086986486056	0.00083538479601339365142	0.012707560639440109926	-0.00043900417125833433689	0.0013539507244372239996	0.0019634390395323435274
6	-2	-2	-0.00040718776188066916569	0.0014334247829479787855	0.0065967832183719786465	-0.0022173971269769678603	-0.0078183465040139853847	0.0065176714758209044337
6	-2	-1	-0.0018399248855119601422	0.001070086077057628331	0.0029849653341615916408	-0.0021578754236784144713	-0.017009479981394941966	0.010736267309702599362
6	-2	0	0.00063281336989560804055	-0.00083502596448040177553	0.0018984401096868240132	-0.0025050778934412052182	-0.021998753147691913618	0.013042037697598539078
6	-2	1	0.0027709277371117339156	-0.0026244219278061379531	7.4149872193308784913e-05	-0.0026948885440182352921	-0.016477266678283784135	0.010356754478800356267
6	-2	2	0.0022507030315694299613	-0.0039523277711599677509	-0.0013121513080463016905	-0.0045945213486520150928	-0.0080642604027545920081	0.0072624619648278881598
6	-2	3	0.00067303642282650862679	-0.0055541711580553917993	0.00026374150021556564544	-0.010265331326874431103	-0.0011702451788426400121	0.0042647880981944970638
6	-2	4	0.001166607304295152938	-0.0086079249113595948661	0.0035609169137254866738	-0.018206204362612596337	3.0547500420014112846e-05	0.0038087851857330936971
6	-2	5	0.0018953873892053703029	-0.0087914939209634574563	0.0050130435960431341327	-0.017904900059227055187	-0.00026924742862919059114	0.0033878326814653259187
6	-2	6	0.0022294392551706490938	-0.0065121699473478771719	0.0044738661403198563826	-0.011698512093755426486	-0.00073815054173069700235	0.0026126659160960689215
6	-1	-6	-0.0039618819347279222304	-0.00098905892448448691837	-0.010335183157109914878	-0.0017821557823896965432	-0.0022393514085429361282	-0.00069203296075287079169
6	-1	-5	-0.0040940034998093975671	-0.00058999817095802757193	-0.013965064834225861257	-0.001348217409222175105	-0.0021197912329261043955	-0.00043835432330519810869
6	-1	-4	-0.0035323577490619629225	-0.00024452913071822655628	-0.012384769913666215935	-0.00032863027154701876043	-0.002202344145176390617	-0.00028463612819058515787
6	-1	-3	-0.0017061973771592268186	-0.00032578315948593905733	-0.0064103775533804882233	0.0007259377287057792701	-0.0012756022365249578519	-0.00089354556187380457417
6	-1	-2	0.0007590969586902710604	-0.0011410819119484509523	-0.0022129268399416041589	0.00076531334102139796528	0.0033837542960416153691	-0.0038059024063560520021
6	-1	-1	0.001537349053102603615	-0.0011985746920346025766	-0.00067743082301566269823	0.00066713129579740898002	0.009901525141631284388	-0.0078585794480050246563
6	-1	0	-0.00016353239292519946299	0.00026080336085940191999	-0.00098119435755119688639	0.0015648201651564115199	0.012523715254608774536	-0.008952289698249087449
6	-1	1	-0.001722723870959605658	0.0015026319495244956376	-0.0003317310592083119584	0.0017258154562404138394	0.010004612166549320743	-0.0072899762409065595528
6	-1	2	-0.0010655156995915424176	0.0016800607993027241987	0.00059561251212930427148	0.0024892707829134897053	0.0034943533548392794429	-0.0037955470064514273097
6	-1	3	-7.0903800112818234593e-06	0.0019554356825581434114	0.00018541955001595336323	0.0047507139083766180068	7.598727669454810867e-05	-0.0023273000623240808205
6	-1	4	5.770683823502966586e-05	0.0031608427833014073223	-0.0010863344325678233552	0.010018225569079511339	-0.00035814386549450034436	-0.0022367077826822333655
6	-1	5	-0.00042094404298990170492	0.0033701877095261771437	-0.0022383500813363712938	0.010726289917749147473	5.7462835320607768175e-05	-0.0018989672678815826875
6	-1	6	-0.001022088784709897745	0.0027492391427791341117	-0.0026313446353108606475	0.0068582620970444631292	0.00058353134549142104265	-0.0016061954599383902569
6	0	-6	0.0016323533453793909014	0.00025996501501699840943	0.0060738296618315272893	0.0002141153274907926687	0.0016323533453793909014	0.00025996501501699840943
6	0	-5	0.001298261991089455069	-3.852039370227073452e-06	0.007327223674725620757	-0.00019700839537540034232	0.001557914389307345996	-4.6224472442724886506e-06
6	0	-4	0.0010968670622326672209	-7.1528460562547596159e-05	0.0065737475675806105596	-0.00082846805033836938819	0.0016453005933490009397	-0.00010729269084382138746
6	0	-3	0.00047607892889378567933	0.00014332430513793953191	0.0027505691219492992006	-0.00033769342364571417912	0.00095215785778757135865	0.00028664861027587906382
6	0	-2	-0.00054286575418750944184	0.00079568990297906199739	0.0010502070059543401528	-0.000168144987083983596	-0.0016285972625625284339	0.002387069708937186209
6	0	-1	-0.00082881604636899925808	0.00080898959364648806263	0.00026051308643711108088	-2.2510231395295739567e-05	-0.0049728962782139953316	0.0048539375618789279421
6	0	0	0	7.1717343267247903371e-43	0.00029761705678163160888	-0.00069651407396070113588	-0.0061733258760180275554	0.0055820571085382804377
6	0	1	0.00086839361918114252054	-0.00070747739835048050697	0.0001710247691140056724	-0.00096625229593023010018	-0.0052103617150868553401	0.0042448643901028832587
6	0	2	0.00067174882276432304126	-0.00067581427082899969347	-0.00032432919474226630345	-0.00083169224705679741568	-0.0020152464682929691238	0.0020274428124869990804
6	0	3	3.1211403085227837405e-05	-0.00037457728467355877553	-0.00027053874405001925984	-0.0016123302802072223688	-6.242280617045567481e-05	0.00074915456934711755106
6	0	4	-4.3848922447568204315e-05	-0.00049764143105791045028	0.00032938151179227534437	-0.0036962811260148795665	6.5773383671352306473e-05	0.00074646214658686572962
6	0	5	9.6333219019245123712e-05	-0.00062340969401014580033	0.00097707007467949416428	-0.0045907490903434461371	-0.00011559986282309414303	0.00074809163281217504714
6	0	6	0.00059649197891251679385	-0.00059292985637355156807	0.0017291879499710014704	-0.0029004428391494717354	-0.00059649197891251679385	0.00059292985637355156807
6	1	-6	-0.00045076138186630901675	-4.3036788829003879624e-05	-0.0026328706590823514576	0.00025051168783004251674	-0.00088957315838003429582	-1.2848408573301292329e-06
6	1	-5	-0.00012913463163168392776	5.0109630384576438677e-05	-0.0027210528403395590688	0.0005785996639345538815	-0.00069917212602593249455	0.00017585148924840248645
6	1	-4	-2.4548687585832538809e-05	-9.0285237884424954507e-06	-0.0021135909849048098788	0.00057201707940511645634	-0.00056522077760495130841	0.00012946148416861536922
6	1	-3	6.8380159537590799279e-05	-0.00014323352981389833572	-0.00090162465037819635241	0.00038879453541776088634	-0.00016378123105088385225	-0.00015686888115520972739
6	1	-2	0.00023392627827785778438	-0.00037731159252992287935	-0.00017980565757296458943	-0.00018242890668355830636	0.0006118760060470911262	-0.0012231492309315479539
6	1	-1	0.00026489239369967276794	-0.00031884041206037142327	-0.00023298558568191977112	1.5765881883993920038e-05	0.001356368776516116972	-0.0018972765904782344908
6	1	0	1.4475644450064848882e-05	-3.5752536722678426287e-05	-8.6853866700389100071e-05	0.00021451522033607054417	0.0012920502541373145907	-0.0015361083410279773465
6	1	1	-0.0002365938838550997621	0.00017001842670184806063	0.00012085304249492925018	0.00011798142573531646073	0.0012987102606356693089	-0.00113809198594640496
6	1	2	-0.00030358354544198385295	5.7283624300678909127e-06	0.00031146367010178265238	0.00013635703340423492667	0.00075501880127506028687	-8.536360399232113946e-05
6	1	3	-0.00013721194920252851928	-0.00013165019426312579666	-3.6137100167445340555e-06	4.9076407695297490243e-06	0.00027562846841063854851	0.00026166450826974166398
6	1	4	-0.00023914993357425885713	-0.00045071446281854781737	-0.00014078702656779228347	0.00091999952844818019219	0.00039392165700333637689	0.00044607181211577667801
6	1	5	-0.00028063885857590995833	-0.00047455883942934578212	-0.00059286679785823428578	0.00093012881930789215613	0.00045533998986273883968	0.00038344484345363656153
6	1	6	-0.00050594392992557547187	-0.00023529841740613645189	-0.00091398292355914943687	0.00085014674225039014045	0.0006582744171854338017	9.3607293697738086112e-05
6	2	-6	-9.6402367112415353377e-05	4.67331219853877076e-05	0.0010843179182076685425	-0.00029292269360544872289	0.00026503693895680744894	-5.090777588309519777e-05
6	2	-5	-8.8351661022242309078e-05	-2.9403493268927402321e-05	0.0011105433305498622985	-0.00052138339483782567517	0.00033819533899325415933	-0.00024383754985784315285
6	2	-4	2.5115754154786789081e-05	-9.4472880889080807962e-05	0.00073084676748480189613	-0.0005497209724943193012	0.00040309701497458113846	-0.00041656980758078082866
6	2	-3	-5.7897955002652362242e-05	8.4559192175682473271e-05	0.0002011056903311437096	-0.00036541106850528407533	1.8274550215457754232e-05	-7.4488994652157779382e-05
6	2	-2	-0.00013022595208482732579	0.000214167521811737887	0.00016179135574066378397	-1.5143317249012674708e-05	-0.0002288865005138182205	0.00062735924818620105066
6	2	-1	-0.00011489065245480980398	9.8961481287588223539e-05	0.00011631041968123503893	0.00022238128046379084727	-0.0004567230753663887189	0.0010385314486531110629
6	2	0	-1.4600975951708563552e-05	-3.3401387161510961174e-05	4.3802927855125690655e-05	0.0001002041614845328903	-0.00042821049951728880085	0.0010537717071468705784
6	2	1	0.000108346967564949286	-0.00014675723542025383888	-6.275978455370322649e-05	0.00014689047684497748302	-0.00052456223628228920881	0.00058676245883156812142
6	2	2	0.00023405722414260611282	-0.00012423299803327172096	-0.00011561648977398318258	0.00026258442056084922624	-0.00058655518265383519653	0.00011011457353896593665
6	2	3	0.00019291130659126998724	5.7953352021014265872e-05	3.999757969948847529e-05	0.00039208310622476731091	-0.00041248766631553227327	-0.0003772954415252067345
6	2	4	0.00036802094282450476459	0.00047046739431045941308	8.2984522104397723773e-05	7.2230616004542844057e-05	-0.00059352367528895592745	-0.00074181639946796051454
6	2	5	0.00040218192581783520061	0.00047025641773983226004	0.00047906735922991991201	0.00013957172346566320024	-0.00067424525467337024891	-0.00062013639067406403551
6	2	6	0.00051160515558082181754	0.00043074230687479159998	0.000612622343893918825	2.7864900734282292504e-05	-0.00071581260354546146201	-0.00044003060711955238561
6	3	-6	4.0768861265009899105e-05	-8.6579553238890607966e-06	-0.00047367864138857484731	0.00021712497018474354081	-0.000196070459429277511	9.990452976848270114e-05
6	3	-5	-5.7365439823511680563e-05	7.1873408402512635484e-05	-0.00041896942505446546764	0.00032631792236497705276	-0.00032022018282089331894	0.00028203884350200139966
6	3	-4	-9.4517634098928288958e-05	0.00018884511053285726618	-0.00029067606684190632491	0.00031670189245077963415	-0.00035978350127982214324	0.00052079408513737066554
6	3	-3	-6.1408578351276082888e-05	6.7483760816396649667e-05	-5.5443193172931065291e-05	0.00024484318655888060801	-0.00017826034987548323107	0.00037981070819167388024
6	3	-2	2.8211131211355750252e-05	-9.1638371051489683435e-05	-3.4085522170996102032e-05	0.00013769498243280383709	3.3505110377573107873e-05	-6.8372639505263267559e-05
6	3	-1	7.449045977626304188e-05	-6.4074490120658898567e-05	-8.3107645441676046929e-05	-7.5219776905115489306e-05	0.00019761982233255009694	-0.00061010627143929987287
6	3	0	1.9356885913526182107e-05	5.5179676684400335001e-05	-3.8713771827052364215e-05	-0.00011035935336880067	0.00022762035428586775243	-0.00069848966617763069177
6	3	1	-3.7080993150673392355e-05	0.0001576595332877415382	-1.643962314063340932e-05	-0.00017743476024803791287	0.00027180482832594055499	-0.00041365291898233540928
6	3	2	-0.00012993856272600388469	0.0001742731065321980106	4.1363265208115312553e-05	-0.00022850331221188136584	0.00032777079036583870895	-0.00018006435127877198302
6	3	3	-0.00018799518148980418801	-1.4715867833870250643e-05	-7.6849459813819976858e-05	-0.00026528175846818406172	0.00045283982279342835289	0.00029471349413592455623
6	3	4	-0.00035787340583954435104	-0.00031057636286487114207	-0.00018408815578664717628	-0.00019214568322238048323	0.00067487622559930186134	0.00060997380671409210263
6	3	5	-0.0004044492885811846951	-0.00031912082367719496597	-0.00034412761957905332573	-0.00026237022192087327633	0.0006918157180448536404	0.00054036712156515793581
6	3	6	-0.00037725874251518518639	-0.0002693735051424470746	-0.00034745663140595437835	-9.9218988040737738309e-05	0.00055098705821816234846	0.00031898299916281595053
6	4	-6	-1.1653523084570287577e-05	-1.3873826869884788596e-05	0.00018951474511852707517	-0.00015437284266092666466	0.00011468964032778108627	-0.00011678905531050256617
6	4	-5	5.6795775963075730063e-05	-9.4082435603596296274e-05	0.00018883876139115369466	-0.00020258408388702377569	0.00021922594026861381283	-0.00027496618983393456524
6	4	-4	0.00011196009343161349853	-0.00013913733934777490291	7.7297414928246670771e-05	-0.00021322575132093690774	0.00024523755507566689146	-0.00042193176034259927566
6	4	-3	7.0704352367794791234e-06	-0.00010075882524322175339	8.7004630344809615657e-05	-0.00015619876514223865515	0.00013014704426663844974	-0.00040978267067609503794
6	4	-2	1.7622563232272275439e-05	-2.4407552022436684999e-05	-9.664679179876738336e-06	-0.00015737637739921727037	3.3538331337063346258e-05	-0.00038797541086574456864
6	4	-1	-2.7361080060474489808e-05	-2.0335561341734177676e-05	2.6873856244355781353e-05	2.7940141932480664532e-05	-5.6671055385423820211e-05	-1.0252800320482406235e-05
6	4	0	-4.6086711887900752636e-05	-0.0001128955285462865675	6.9130067831851122178e-05	0.00016934329281942985803	-8.8061017386606649585e-05	0.00014021524433681975042
6	4	1	8.8969186060355468442e-06	-0.00011085223392395353304	2.1349673600563933221e-05	0.00011572689879506183747	-0.00013878020603846902411	0.00020220580836347390257
6	4	2	7.1054616901685199726e-05	-8.3367286609139392545e-05	-3.2289476688076918962e-06	6.6487432056829023322e-05	-0.00020670595536744022216	0.00011712699571376014454
6	4	3	0.00012682904207411495909	3.4339914757737363064e-05	4.7122282648061165965e-05	7.0135979868962708091e-05	-0.00031648779434564482419	-0.00016219446934075834143
6	4	4	0.00018147831063297130351	0.00010295874155668332714	0.00020847801767233712332	0.00019493251529250897624	-0.00048069548362179409214	-0.00034937062762753398051
6	4	5	0.00022113442418853068304	0.00020934432830554752249	0.00024534899877240624747	0.00013936015110618688311	-0.0004616405080441617851	-0.00036270131485160653348
6	4	6	0.00021809676938365903055	0.00017074921085868819065	0.00017219115282462980096	4.1163805842179327342e-05	-0.00033289087126674556452	-0.0001981917480868077377
6	5	-6	-1.5259511552607166505e-05	-3.1814677184617049012e-06	-5.8040282726552110473e-05	0.00012794089826328130079	-6.3626413824733924103e-05	0.0001034359475009393901
6	5	-5	-7.0016200265715931904e-05	9.8075056095291713297e-05	-4.563181831376582001e-05	0.00012519387448515467806	-0.00012965125863262494236	0.00024288394179950470149
6	5	-4	-6.5015441266036256922e-05	0.00012823781321828712902	-2.0501512177131099259e-05	0.00011093130740300096164	-0.00012315005212046827216	0.00033102085408118187525
6	5	-3	-4.7386285156873269523e-05	0.00011960363248950487563	1.1255930322533626281e-05	6.2365782243413900288e-05	-7.601268644285716304e-05	0.00034315023538469959863
6	5	-2	-6.4358134570265124186e-06	5.4026869639576124581e-05	-3.1081029280814951297e-06	6.0477850223003529911e-05	-2.707769769128327508e-05	0.00031327523447623721207
6	5	-1	1.5961176891730479403e-05	1.1697177782134628773e-05	-1.4438869313679909015e-05	1.6574401840522554931e-05	2.3572714781983338119e-05	0.00015305507589542054051
6	5	0	2.3637772815574186944e-05	2.7532584744055324137e-05	-2.836532737868902501e-05	-3.3039101692866387609e-05	8.5724695278568898045e-05	4.345761767227511056e-05
6	5	1	-1.2728949744793410928e-05	2.5691986317348011168e-05	-4.8793638529252555752e-06	-2.049077405745352578e-05	0.00010077051773338673328	-5.1698047616820438108e-05
6	5	2	-2.8927716321104264935e-06	5.7284089709450699418e-05	-5.5828434389862487857e-05	-7.0742345157964229793e-05	0.00014824940087098751056	5.0035937665584728393e-06
6	5	3	3.0699673544354547585e-06	1.9140328100332821496e-05	-0.00012965755949068474774	-8.9699352668921636497e-05	0.00020995599777560365368	0.00011121826491420376472
6	5	4	-3.2409770649492023495e-05	-4.4284593521131010603e-05	-0.00017578576510343243088	-9.6143823452711350179e-05	0.00026834686235352857384	0.00018660666959758570702
6	5	5	-5.9825979625497065597e-05	-9.2642055225991069129e-05	-0.00018302314473509685862	-7.0888167866017489684e-05	0.00025481432028569332921	0.00018205863413720677264
6	5	6	-6.6978451298815099122e-05	-8.7281322514789539714e-05	-9.3343938568948733826e-05	-1.162162252347282004e-05	0.00014476506677293905301	9.6966007951016885795e-05
6	6	-6	5.8278000982835185086e-06	2.1323748527849101432e-05	8.0748984203355133075e-06	-7.6804700404424039342e-05	1.3902698518619031816e-05	-5.5480951876574934522e-05
6	6	-5	2.412050540890755499e-05	-1.9803317236940604719e-05	1.0325148903231941852e-05	-8.5888541759371333931e-05	4.13347851745673935e-05	-0.00012683023079557433316
6	6	-4	1.8019581054032378164e-05	-6.8182686424465762396e-05	1.1114839910143546684e-05	-4.8996838100823858562e-05	4.3701631446263888966e-05	-0.00017576928678793442805
6	6	-3	8.360232147307392338e-06	-8.6630447073484680544e-05	1.8156605225670015072e-06	-1.851799141150004067e-05	2.0351785339748787267e-05	-0.00021029687696996944243
6	6	-2	-1.1798485295401625234e-05	-6.8606281344901152422e-05	6.5347137010728472952e-06	-2.3355204172105846841e-05	-1.5791314782986337205e-05	-0.00027588445655102100456
6	6	-1	-8.414847475787826873e-06	-1.8007057171523959863e-05	7.7623792006927911448e-06	2.0126320373964546917e-06	-3.9148096505702126752e-06	-9.5966550804765020865e-05
6	6	0	-1.5850030976644879639e-05	-8.9418597988181507732e-06	1.5850030976644879639e-05	8.9418597988181507732e-06	-5.3045658015416492065e-05	-4.5784014331607461861e-05
6	6	1	2.3627542305411145539e-06	9.2100651209427855984e-06	1.0363794008893309807e-05	-2.78257161676534149e-06	-7.6359289436606550398e-05	-3.8564961025064668039e-05
6	6	2	1.0187769624846680611e-05	1.7014919017455486233e-05	2.847405054486300884e-05	-9.2519095411669324884e-06	-0.00011598546050912907513	-2.3289028428865656152e-05
6	6	3	-2.0451694489671850457e-05	1.3459401250777398712e-05	7.6596582701727347316e-05	1.5498064935988850263e-05	-0.00011228977642411100727	-5.7914932373532494563e-05
6	6	4	-1.0226692229130865251e-05	3.4348587091274965482e-05	9.8667119761986862999e-05	2.3659776456768491151e-05	-0.00013266064129928398815	-8.7012545322065186645e-05
6	6	5	-4.5343768148460361078e-06	5.8134872179437344791e-05	0.00010273798673408237052	1.5172575777249120772e-05	-0.00011784433190308359486	-8.7968937548023749188e-05
6	6	6	1.3536082827109176987e-05	4.3250450500933792781e-05	5.1756354565561830949e-05	4.3597560005094968953e-06	-6.5292437392671002854e-05	-4.7610206501443284594e-05
