# exact-gradient local quartic closure adversary; cutoff=8; objective=projective-height-dynamic-coercivity-ratio; selection=double-triple-remainder; backend=direct; objective_value=10.3008; constant_ratio=0; candidate_lemma_proved=false
kx	ky	kz	ux_re	ux_im	uy_re	uy_im	uz_re	uz_im
-8	-8	-8	0.0067210111099283336225	0.0016845246951050676498	-0.00099772777182584207294	0.0016659018936430445602	-0.0057232833381024913327	-0.0033504265887481119932
-8	-8	-7	-0.0069171572693989104644	0.0013091298818121834078	0.00014158958067109756579	-0.0021264180723151882707	0.0077435059299746436534	0.00093404364628914824439
-8	-8	-6	0.0041220592962936883352	-0.0011269763721561988894	-0.0022744538065963041361	0.0015292332267302394689	-0.0024634739862631786431	-0.00053634247276538747542
-8	-8	-5	-0.0049589645079210339582	0.0027049799465051439437	0.0019388242974964717009	-0.0038447102883531016938	0.0048322243366792994382	0.0018235685469567323135
-8	-8	-4	0.002001419373629343551	-0.00098632936651755131682	-0.00071001327000707985249	0.001827860862928694808	-0.0025828122072445269634	-0.0016830629928222869823
-8	-8	-3	0.00015204961895429631178	0.0012199115444142176554	-0.0010522205264802911989	-0.0012925147905222783128	0.0024004557534026528878	0.00019360865628816146394
-8	-8	-2	0.00062509041950498719226	0.0013551080593325443534	-0.00029055310988136722394	-0.00071384446996749508722	-0.0013381492384944796564	-0.0025650543574601974983
-8	-8	-1	-0.0032165888324794267988	-0.0012058129274074950998	0.0032799113614641003424	0.00067564523388236800809	-0.00050658023187738780626	0.004241341548201016734
-8	-8	0	0.0030051151015481774621	0.0023329352221441433148	-0.0030051151015481774621	-0.0023329352221441433148	-0.0044848786029770097705	-0.0043448432372588672093
-8	-8	1	-0.0011454326087264471174	0.0024485396983195146375	0.0015578498408228666668	-0.0019982701840384610274	0.0032993378567713563948	0.0036021561142484258451
-8	-8	2	0.00035340458469154900851	-0.0033740172522681603426	-0.0017675774346456161502	0.0035266158679179162271	-0.0056566913998162687838	0.00061039446259902364628
-8	-8	3	0.0054670957318188519863	-0.00080950755678066497589	-0.0051127996082068914371	0.0013597132779908265628	0.0009447896629652298298	0.0014672152565604308985
-8	-8	4	-0.0037793018510429913885	0.004882299735975110383	0.0026165824587087928473	-0.0047591874467746856162	-0.0023254387846683970825	0.00024622457840085034677
-8	-8	5	0.0011262652644679533882	-0.0099969869490405382367	-0.00010002517521444666249	0.0088593695261447204248	0.001641984142805610631	-0.0018201878766333091497
-8	-8	6	0.001710899915523301151	0.0094746044714758125699	-0.00093538712634967842181	-0.0050400260022263904808	0.0010340170522314970445	0.0059127712923325633637
-8	-8	7	-0.007898578556101659362	-0.0084768918548013046793	0.0025394987529275808019	0.0081507354536798810873	-0.006124662632198948041	-0.0003727501727101977403
-8	-8	8	0.0077654594383641598054	0.002159750261774613482	-0.0025716206593174809752	-0.0074416399946807421789	0.0051938387790466779628	-0.0052818897329061286969
-8	-7	-8	0.0052302556697471722785	0.005289156107180711941	0.00031444538469055583396	0.0044715751733451093025	-0.005505395381351408518	-0.0092017843838576827975
-8	-7	-7	-0.004983986482323609149	-0.001323004507733617106	-0.0012586250584270851968	-0.0016372235349128242549	0.0069546096096540664308	0.0031492286866083869096
-8	-7	-6	0.0057473998673028591291	-0.00067387098321834519848	-0.0023272083553506034241	0.00089306069418811182426	-0.0049481234084947749163	-0.00014340949892833681849
-8	-7	-5	-0.00057405685870311239441	0.0013257684861065180577	0.0028016605289105556316	-0.0011780653371290038083	-0.0030038337665497980532	-0.00047193810578982344156
-8	-7	-4	0.0012926581308606199978	-0.00055976879984380738167	-0.0016375302131784702075	0.0022011333968581310756	0.00028036161134108275898	-0.0027324458448141145106
-8	-7	-3	0.00352444749181776186	-0.0004984620953168836981	-0.0014513057010358436979	-0.0030762760762138301358	-0.0060121466757637300263	0.008507209765343960034
-8	-7	-2	-0.0017110957907054504847	0.0027551958935862130504	0.0019062602043412929173	-0.00084132551239429016407	0.00017247244762727634857	-0.0080761442809648368441
-8	-7	-1	-0.0018737357699146819923	-0.002862893269791851221	0.0015028771765471214423	0.0024455438641445572355	0.0044697459234876064926	0.0057843391093229086855
-8	-7	0	-0.00010538141381598566874	0.00090610732873620889859	0.00012043590150398361368	-0.0010355512328413815984	-0.0054569343510128638305	-0.0043108964486043540101
-8	-7	1	-0.0016158410416433667284	-6.173475656782819094e-05	0.0030942054416958604882	0.00067298662143790068807	0.0087327097587240887222	0.0042170282975226795058
-8	-7	2	-0.00026959069717946595839	0.000306347624590332416	-0.0012535647129992995557	9.2041502739728491e-05	-0.0054658392842154126037	0.0015475357579503793825
-8	-7	3	0.0027637322340764904766	0.0010661369393210845362	-0.0029524702126103416662	-0.0018266872097450600945	0.00048085546144651096934	-0.0014192383178822480516
-8	-7	4	-0.0055959150624873815055	-0.0016187681473704979961	0.010734878535115587039	0.0025819482647095651738	0.0075942073114775143078	0.0012808731685007429535
-8	-7	5	0.004473469454049559986	-0.0030620283950833953115	-0.0062479538680794864322	0.005863615754179380378	-0.0015895842888319854612	0.0033098166237177004644
-8	-7	6	-0.0055756741091429430288	0.0094559148727674079832	0.010458756243307562941	-0.013103991423770956423	0.0047676501383348991042	-0.0026801034973762379379
-8	-7	7	-0.0017569695786146329215	-0.0097514720931395522385	-0.0014471526097100701359	0.010015364631686630645	-0.0034551178424125079773	-0.0011291749033299997105
-8	-7	8	0.0056971502081150024455	0.008586442268332050709	-0.0014345561993163514266	-0.013894087931026057742	0.0044419135337131947575	-0.0035708846713157493813
-8	-6	-8	0.00090252297726732251624	0.0036794159766491479555	-0.0018597324158274848669	0.0061198223544993279183	0.00049227633460329118815	-0.0082692827425236443278
-8	-6	-7	-0.0035762972785534879842	-0.0041167636758981081616	-0.0029789945729700073769	-0.0028624354062611045979	0.006640620809463992219	0.0071583888349644984872
-8	-6	-6	0.0042785393428090082169	-0.00020946476881291103793	0.0012765496385079566632	-0.00094222737262704544733	-0.0069812687622533018197	0.0012215137310442600923
-8	-6	-5	-0.0027266259562964329823	0.0006779739658205670861	0.0018197494761732940002	0.0022189737656103537128	0.0021789021586663399714	-0.0037475268640453319666
-8	-6	-4	-0.00032802565523677663841	-0.0018604792730039238901	-0.0023420626548009844912	0.00099993980037252979017	0.0041691452926750300137	0.0022210488454490529865
-8	-6	-3	0.00093842199061678840694	0.00019782052719091033845	0.0021963907954537778208	-0.0020147034361323824456	-0.0068952402325523241486	0.0035018854664223371051
-8	-6	-2	-0.00051259192223795772576	0.00047145399173648279943	-0.00026460105547987085653	0.0015593183787764239301	0.0028441708553914434726	-0.006563771103275202988
-8	-6	-1	-0.00087948953100966550077	-0.0010303248443626674552	0.0011161142560289600504	0.00018344601841734355595	0.00033923071190356327009	0.0071419226443972787938
-8	-6	0	0.0016942481742738507537	-0.00015435315685653194502	-0.0022589975656984676716	0.00020580420914204257529	-0.0016719078924997605486	-0.0061831458751720521499
-8	-6	1	0.00034021665337753421565	0.0007419293459788198165	0.00025566340428521917502	8.9061611242833007228e-05	0.0042557136527315887753	0.0064698044352875568735
-8	-6	2	-0.0012526117585687302283	-0.001792025938571314243	-0.00015300621908517460842	0.0017254626560888365605	-0.0054694656915304446301	-0.0019917157860187468567
-8	-6	3	0.001362344652075703471	0.0017953402377682559088	-5.9334884094780740069e-05	-0.0038939016468468035104	0.0035142493040123141262	-0.0030002293263115919868
-8	-6	4	-0.0045847849682942986432	-0.0013110834676169946019	0.0072390787248745426877	0.0038292680146430435432	0.0016890481507232165282	0.0031217350867305758942
-8	-6	5	0.0043712990960739495083	-0.0014973806041446769723	-0.009114481507587162204	6.4466616861387327457e-06	-0.0039432992553862754315	-0.0023880729726081166391
-8	-6	6	-0.0033696266793766102218	0.0012668041728594286576	0.011916057753210014189	-0.001362493070756093036	0.0074232221807078672265	0.00032657915972314515611
-8	-6	7	0.0052638808027753768506	-0.0033413725070552025183	-0.019331351625460884563	0.008233155512282029978	-0.010553866190080328502	0.0032382790024643656746
-8	-6	8	0.0029276275158884356234	0.0042523250789817624781	0.0067211816113186967359	-0.009905632706104649729	0.0079685137243774590426	-0.0031768994505967248186
-8	-5	-8	-0.0011356596915958652293	0.0011791093683427950837	-0.003676809872477320492	0.0067508641431980867184	0.0034336658618941903742	-0.005398399457841599608
-8	-5	-7	-0.0027324934565633009556	-0.0027806218901806258742	-0.0023646104401352403823	-0.0077818714203482745179	0.0048118571218832301845	0.0087363331747409116168
-8	-5	-6	0.0025121700045533080191	0.0011643697718608397342	0.006284555372389348353	0.0031073625277874611025	-0.0085866894830622011309	-0.0041419618023040040422
-8	-5	-5	-0.0023535937994777424327	0.0030515724700943104922	-0.0014660779016700349522	-0.0012074197125472171336	0.0052318279808344228879	-0.003675096239603679437
-8	-5	-4	0.00023832626305472312685	-0.00076866825497668269176	0.0014597166935069320112	-0.0021482034234279957959	-0.0023012983929931113761	0.0042225907892383604536
-8	-5	-3	-0.00079654672369219923882	0.0018916829430570087853	0.0033341375043178180133	-0.00043384086838184885739	-0.0034327712440171656745	-0.0043214197341822748258
-8	-5	-2	0.00029060124310224425903	0.000357281169078439004	-0.001774650497393837718	-0.0013356116275636618473	0.0032742212710756171505	0.0019099043925953987106
-8	-5	-1	-0.00020088454274125772158	-0.0026533901876016384794	0.00054045842582753312808	0.0036967780535617721614	-0.0010952157872076036509	0.0027432312330042474616
-8	-5	0	0.00088703688275639034754	0.0016347586591072044062	-0.0014192590124102245127	-0.0026156138545715269632	0.002568189765709528137	-0.0026661890802126531584
-8	-5	1	-0.0013985922351365432	0.0009958021223453732574	0.0021530231648217907671	-0.00086322333377921367167	-0.00042362205698339333625	0.0036503003098669172671
-8	-5	2	-0.00082588416903638431875	-0.00064281202590770391767	0.00062255027824374969004	0.00012349561537250343824	-0.0017471609805361631041	-0.0022625090651995569124
-8	-5	3	0.0015209767548190170246	0.00039722566445585206704	-0.0026652740248661503999	-0.0010197986477741393784	-0.00038618536192620503281	-0.00064039597440796001016
-8	-5	4	3.2094422507972674341e-05	-0.00066595004687365600381	-0.00082521667862472643587	0.0041632579151905336687	-0.00096733200326496262839	0.0038721723002408548614
-8	-5	5	0.0035737183447446243742	-0.0010696449779471332332	-0.0036458563147587670639	-0.0024223205975998480209	0.0020720930368326321083	-0.0041337525623152612808
-8	-5	6	-0.00062729012728942917972	0.0024815960730133440441	0.0066450910549682830689	0.0046687682965156412571	0.0047011890427543301732	0.0071994350111141596285
-8	-5	7	-0.0021113652767929427627	-0.0018341065514174399818	-0.010935629384654933435	-0.0030185249623048732333	-0.010224152733945458468	-0.004252211031837697941
-8	-5	8	0.0032655461075943728946	0.0018386254739800231804	0.012961814998593546716	-0.0022997134371952943944	0.011366680481715340026	0.0004013045757329642923
-8	-4	-8	-0.0002564815632228448542	-0.00094903775408964317385	-0.0065494071503744630269	0.0038749038924046994709	0.0035311851384100764219	-0.00098841419211270656157
-8	-4	-7	-0.0026434498438239308407	0.00084590610227106206344	-0.00040688556216713435464	-0.0077221643902853822489	0.0032535915713228550326	0.0034459155347104329647
-8	-4	-6	0.0033525919715101993625	7.0374447096886261297e-05	0.0011676986577632169403	0.0075174748409496455412	-0.005248588400522410588	-0.0051054824900956122594
-8	-4	-5	0.00010015553239168211016	0.0020545444479522258219	-0.002471934216833577419	-0.0047847476032996712897	0.0018172985216401706891	0.00054052696591617554328
-8	-4	-4	-0.00025028158441590730781	-0.00098181066115296078238	0.0022173779540266510581	0.00040470353036121064182	-0.001716814785194836334	0.0015589177919447109229
-8	-4	-3	-0.00030543575946183142795	0.0010680948771205948065	-0.0011543476368254500242	0.00010051956513652750454	0.0023536255409988171734	-0.0029822790925036228235
-8	-4	-2	-0.0012909638828805356132	0.00045624034449120087417	0.002266880567711626604	-0.0019200670658937103209	0.00063009439609888967873	0.0020151727538226175789
-8	-4	-1	0.00099452900649019061914	-0.0010651708718043490301	-0.0020117720553254059279	0.0026585898708588458043	9.0856169380099802081e-05	-0.0021129925090005914103
-8	-4	0	-0.001003678289740139902	0.00091016839576437476734	0.002007356579480279804	-0.0018203367915287495347	0.0018798244417397827651	-8.6020624430626637606e-05
-8	-4	1	-5.7870392198418374766e-05	-0.0017851568511753632476	-0.00070062678679379134308	0.0036589990282999453053	-0.0032654702847625120994	0.0003547413037968763787
-8	-4	2	4.4752960408162707729e-05	-0.00085966350799637845492	-3.4627430466685530069e-05	0.0012032251233763495424	0.00010975698069927975723	-0.0010322037852328145181
-8	-4	3	0.0014903008853830524219	-0.00095698280308938719375	-0.0031401912093775756832	0.0026503428803639921853	-0.00021278591814862809302	0.00098183636558029025246
-8	-4	4	-0.0011883306295397996592	-0.00093665134833124691783	-0.0002345306746593413792	0.0033216770514483853587	-0.0026111919337389408874	0.001448374354785891523
-8	-4	5	0.0012046099142081156085	-0.00037595834722427664198	0.00083834484152093668302	-0.0050244985089676246284	0.0025980517359497344067	-0.0046211321627329425901
-8	-4	6	-0.003135455728042054694	0.0019857567672102774924	0.0020171345523014951907	0.0049444933214258428647	-0.002835851269188409754	0.0059440045705642652329
-8	-4	7	-0.0037239226231996725922	-0.0023084613245590523099	-0.0031719468018246788424	-0.010727606675527554675	-0.0060684525989851568345	-0.0087683024712260915212
-8	-4	8	0.0041684313709496921899	0.0048599382660154252442	0.0080239956827698934866	0.0010891665379638897169	0.0081804292123346389332	0.0054045215349973699942
-8	-3	-8	0.0064697029258585156408	0.0015471594329949753688	-0.0048334549211078705819	0.0010192237385661972234	-0.0046571573304430647147	-0.0019293683349572994089
-8	-3	-7	-0.00019313375306257362599	-0.00035620218528485144251	0.0059317348903064354843	-0.004687147200030447082	-0.0023214478066312452254	0.0024158655831957361743
-8	-3	-6	0.0029543045270872098605	-0.00099507264034238464279	-0.0011703231267148649693	0.0064961633708289804809	-0.0033539111394255138876	-0.0019213181649579773834
-8	-3	-5	-0.00097893215222034793768	0.0011949320049677468122	-0.0022501287610415684169	-0.0016307820598534046759	0.0029163687001774974902	-0.00093342197203635194225
-8	-3	-4	0.00035577114277153732867	0.00012708685743949811532	0.002196425354961172114	-0.0020188535428133655772	-0.0023588613017639539597	0.0012599664422310277896
-8	-3	-3	-0.00040141851974326764113	0.00061711153758707440551	0.00022153987278499860528	0.00081909934895607356287	0.00084890951319704834738	-0.0024647301158549385358
-8	-3	-2	-0.00046979083518244131243	-0.0014379873849067244945	0.0014624321034633375616	0.0016753280024344749475	-0.00031448481446524103851	0.0032389575359751854484
-8	-3	-1	0.0023106410049584550845	0.0010203389312064947009	-0.004993771764548762121	-0.0017529199515356620308	-0.0035038127460213534456	-0.0029039515950449708639
-8	-3	0	-0.0023528356083992248322	0.0003768476905616205061	0.0062742282890645992635	-0.0010049271748309878717	0.0044102294915392432212	-0.00032420178675908115085
-8	-3	1	0.0010773269658708032378	-0.00049537209580861765821	-0.0035799296736243745205	0.0028111998776781219229	-0.0021211732939066972256	0.0044706228665654240695
-8	-3	2	-0.0023467787755142802825	-0.001049194308761304973	0.0051389728978856706598	0.0025469754728880827921	-0.0016786557552286140559	-0.00037631402571309543288
-8	-3	3	0.00083894284669111941592	9.1094521340081055895e-05	-0.00058754579527369745449	-0.0021470080683766165977	0.0016496351292359543936	-0.0019040893448030672599
-8	-3	4	0.00087577467705528364451	-0.00026060858905577264765	0.002100421317332838711	0.0019525160420168575018	0.0033268653421101965391	0.00094316985340109772262
-8	-3	5	0.00090088987330997748887	0.0014693587398653662739	2.1466483271654738034e-06	-0.0021699059146054943889	0.0014427117862922634543	0.0010490304350212894483
-8	-3	6	-0.0018724674311643536243	0.00020545715902132104897	-4.8587944105679635172e-05	0.00038453958486798210138	-0.0025209172136053115132	0.0004662126711290858188
-8	-3	7	0.003557760926650648664	-0.0027293003782028566612	-0.0026967463615952397271	-0.0013480214394420728195	0.0029102640469170670996	-0.0036969239062784385423
-8	-3	8	0.0012798265674122963689	0.0073419721000682440504	4.4753540192648015236e-05	0.0060894882313697745735	0.0012966091449845393475	0.0096255301868319095154
-8	-2	-8	0.0046005802374955561546	0.0028613787412523953267	-0.0033197057093184751016	7.982198291288719735e-05	-0.0037706538101659374876	-0.0028813342369806171396
-8	-2	-7	-0.0031812382882386936248	-0.0025418173015848864391	0.0077731106570667583833	-0.00080154908957809616749	0.0014148121416822901329	0.0031339480845478978784
-8	-2	-6	0.0039544931898077848378	-0.00026556612592824527372	-0.0054470295094280864537	0.0058569848520598558062	-0.0034569810832676840101	-0.0015982401161156250483
-8	-2	-5	-0.00072388585703595117148	0.0034480402426473738542	-0.0028029188965640527628	-0.0039248513335986062386	0.0022793849298831428928	-0.0039469238547963558447
-8	-2	-4	-0.001904266059637821102	-0.0037600643810315960598	0.0046505395814302819338	0.0029109160492395433698	0.0014832623285605012371	0.0060646707374434200011
-8	-2	-3	-0.0003969401469804460748	0.00082722939375910080947	-0.003611380376076419544	0.0018563838956325634175	0.0034660939759988025621	-0.003443534313779310959
-8	-2	-2	0.0010359811716985822729	-0.0007114179675628797472	-0.001728460938196559743	0.00272298506038686286	-0.0024154637485977697824	0.00012268680986465618299
-8	-2	-1	0.00036979557506240092954	0.0013479062123003557414	-0.0016398517107260616663	-0.0025961065323244669929	0.0003213388209529158962	-0.0055910366337539119455
-8	-2	0	-0.0008419901301180383402	7.2490476484068556051e-05	0.0033679605204721533608	-0.00028996190593627422421	0.0077856138795108038517	0.0018613720165782503008
-8	-2	1	-0.00024939759063549276881	0.00032928022323371557547	-0.0021134172004839270158	0.00044520371409974453247	-0.0062220151260517966157	0.0035246492140692136687
-8	-2	2	-0.0008698782093306083301	-0.0017883719704607254231	0.00440601273671798431	0.0014827550690879982235	0.00092649989939555088114	-0.0056707328127549036859
-8	-2	3	0.0018385141632348246058	0.0017350947926864830357	-0.0014910938862835298319	-0.0049244930583935532867	0.0039086418444371790609	0.0013439240749015858318
-8	-2	4	0.00023471264207317258234	0.00074389256250230635648	0.00038845484072539131389	-0.00049914996963565166563	0.00066365270450904087583	0.0012382101401867868801
-8	-2	5	-0.00084325095356688694291	0.00054219661441847605537	-0.0050393388663600687319	-0.003402040253011250244	-0.0033649370722510464279	-0.00049330151813493840901
-8	-2	6	0.00060893579295851754316	-0.0035703615103317635875	-0.0022476134279811746733	0.0018492731993736100885	6.2709914617631711139e-05	-0.0041440576139844809145
-8	-2	7	0.0054087428397306090699	0.00072712635617811177506	-0.00090006314199011215084	-0.00043924597021413543151	0.0059242594905520922985	0.00070550270128523192084
-8	-2	8	-0.0054005088529426367033	0.0023559220801126668117	-0.00017484480211062185468	0.0023951608287498976115	-0.005444220053470292045	0.0029547122873001411061
-8	-1	-8	-0.00085010329614009394906	0.0091984294583024508313	-0.0017398866591888781288	-0.0029526264446474983702	0.0010675891285387036338	-0.0088293511527215134266
-8	-1	-7	-0.0024313443902254411495	-0.003717746072532624943	0.0075977987828247202026	0.000113776645766199618	0.0016932794769969729612	0.0042325988477849713076
-8	-1	-6	0.0074544166518305671199	0.0033272377399770894021	-0.0045801739645278585072	0.0032737663685599447186	-0.009175859875019447276	-0.0049819447147294434672
-8	-1	-5	-0.0048745971746668179461	0.0038141434519115050526	-0.00030450742535713517861	-0.0078464795296324350848	0.0078602569645383358471	-0.0045333336171319215877
-8	-1	-4	0.00028845602827194552573	-0.003834447932820685221	0.003185096059088271276	0.002744318895134358928	-0.0013731860713159589789	0.0069828161418577809269
-8	-1	-3	0.00126214091410080647	0.00039047111587157972866	-0.0042337053921002922724	-0.0027452446281491186403	-0.0019544739735687195401	-0.0001261747662745064686
-8	-1	-2	0.00058088839291406109498	-0.00038831065931535811491	0.00098873553427121377637	0.0017398890565730803105	-0.0028179213387918514849	0.00068329810897489230443
-8	-1	-1	-0.00072002240261880283857	0.0008023674084763943214	0.00023894163601782705646	-0.0038993149990636318154	0.0055212375849325954352	-0.0025196242687475227558
-8	-1	0	-7.7794991690492061608e-05	-5.8568066080434254966e-05	0.00062235993352393649287	0.00046854452864347403973	-0.00095733565959707272921	0.010545685872805082503
-8	-1	1	0.00011565638445180141333	-0.0011629062675116309117	-0.0054813629496131884705	6.04612088413233336e-05	-0.0045561118739987768386	-0.00924278893125172335
-8	-1	2	0.00225148825067872458	-0.00039155904767285203095	-0.00064935636588575400795	-0.0029251715006266714759	0.0086812748197720203402	-0.0030288219410047438618
-8	-1	3	-0.00034821827482589155561	0.0015467266642628847186	0.0021778430668233659043	-0.00058269061155794650217	-0.0002026343772612555316	0.0039303742341817108491
-8	-1	4	-0.0031429152433271037234	0.00049001983953882112446	0.0016481464069431901558	0.0043961539491205459118	-0.0058737938849184097995	0.0020790781663577789437
-8	-1	5	-0.00014130544879211646937	-0.0023685840063030543998	-0.0030162047089765551752	0.00025187991474275988344	-0.00082932965986269732098	-0.0037393584271363349003
-8	-1	6	0.0029714521152789550792	0.00045021451332143862852	0.0038628766322505747079	-0.0022472285443164304562	0.0046057489257470352398	0.0002257479270425131405
-8	-1	7	0.0012485827075967160637	0.0019475977502648987322	0.0004769193541799700395	0.0010569867881450739373	0.0014950830021362427041	0.0023768241128948948589
-8	-1	8	-0.0017873124145830741362	-0.0012043381052190354173	-0.0020633713942663552826	-0.0024083884889500297918	-0.0020452338388663683297	-0.0015053866663377890329
-8	0	-8	-0.0017938828781103174307	0.002850636164098844464	-0.0016863121083541001387	-0.0032106842788199702575	0.0017938828781103174307	-0.002850636164098844464
-8	0	-7	0.00048595035366300276753	-0.0065165295589615368499	0.0028807881195732037809	0.00050460712394700133268	-0.00055537183275771741763	0.007447462353098899257
-8	0	-6	0.0029762060346615699588	0.0049753291270330460977	-0.0033691625772611678846	0.0022557248111043605096	-0.0039682747128820935675	-0.0066337721693773945078
-8	0	-5	-0.0052600970737228898086	0.00056516905654587390895	-0.0012423876511564618287	-0.0040916692913629260087	0.0084161553179566226529	-0.00090427049047339821096
-8	0	-4	0.000796490108835938267	-0.0033483963684595532441	0.001391878984236000899	0.0035931440961749130242	-0.001592980217671876534	0.0066967927369191064882
-8	0	-3	0.0013883873042639860093	0.0010431446384549347261	-0.0014135769895051906141	0.00057534578033080561576	-0.0037023661447039626915	-0.0027817190358798262254
-8	0	-2	-0.00062351246462398251993	0.0015088033831560895056	-0.0007395400530880699751	-0.0025985942937663680796	0.0024940498584959300797	-0.0060352135326243580224
-8	0	-1	-0.0004771411464483606992	-0.00052582703532010619321	0.0019090832360694252965	-0.00078205176131131474114	0.0038171291715868855936	0.0042066162825608495457
-8	0	0	0	-0	-0.0025080093430663039436	0.0011149343740812407439	-0.0020457145707179526239	-0.0024878668941819988801
-8	0	1	0.00021735198522383064601	-0.0008420452552505540162	-0.0021714710787206163017	-0.00088803820258431950211	0.0017388158817906451681	-0.0067363620420044321296
-8	0	2	0.00047427430021010293136	0.0016352193702643081849	-0.0015612680397754227432	-0.00070278473830930195902	0.0018970972008404117255	0.0065408774810572327396
-8	0	3	-0.00078641797109791115265	-0.000154030523743762973	0.0052757768170142776629	-0.0011800994006045308765	-0.002097114589594429885	-0.0004107480633167012252
-8	0	4	-0.0013708132611248526663	0.0019173448581168072921	-0.0023160670817291804935	0.0061342731489323629526	-0.0027416265222497053326	0.0038346897162336145842
-8	0	5	0.0019229644698037994758	-0.0039539569581457951336	-0.0013578330235885750169	-0.0095435888814803179758	0.0030767431516860793347	-0.0063263311330332720403
-8	0	6	0.0024167528017022504687	0.0045941330835532279489	0.005882059622870977264	1.9425816383007571872e-06	0.0032223370689363341028	0.0061255107780709711768
-8	0	7	-0.0044156883003284375447	0.0011219316243286947023	-0.0070565919927706331413	0.0052530803661707276692	-0.0050465009146610714796	0.0012822075706613652191
-8	0	8	-0.0015449857416112886769	-0.008076735474534206885	-0.00038858777145124156344	-0.0045166692802115241887	-0.0015449857416112886769	-0.008076735474534206885
-8	1	-8	-0.0068720958768513328019	-0.0023107283553223134133	0.00096196116095509625731	-0.0022857804234625326775	0.0069923410219707195223	0.0020250058023894967202
-8	1	-7	0.0062773644513981060808	-0.0054323706184282102849	-0.0017463688048053333662	-0.00016493793698942640609	-0.0074236120594271684872	0.0061848610014908931773
-8	1	-6	-0.00087335176357031382363	0.006096371278102309145	-0.0016251122035019524396	0.0017665642424687167441	0.00089361698417675969157	-0.0078340676637249587883
-8	1	-5	-0.0046029265691485818021	-0.0026260462977519480332	0.00093852521414012528636	-0.0024436030164880981341	0.0075523875534657556804	0.0037129534731054972263
-8	1	-4	0.0024014918748547914307	-0.0022986559069326185575	0.00053706836497137574148	0.0013018200271097881294	-0.0046687166584667384381	0.0049227668206426834427
-8	1	-3	0.00074248277985280476676	0.0013432468065913488135	0.0025002486528661912839	-0.0017366376787733004469	-0.0011465378619854155445	-0.0041608707105013640129
-8	1	-2	-0.00077007184019916782858	-6.8866531377348550011e-05	0.00035785371397264678249	-0.0020657753957020290325	0.0032592142177829946242	-0.000757421572341620262
-8	1	-1	0.00069254094392828357933	-0.00012481813434890012479	0.0036956223670612034504	0.0041920664448126011836	-0.0018447051843650654011	0.005190611519603802182
-8	1	0	3.2442840646666242985e-05	0.00018320089431807825946	0.00025954272517332994388	0.0014656071545446260757	-0.0054948576237838523892	-0.0050904722815015308185
-8	1	1	0.0011982262352342922668	8.9945204452328595757e-05	0.0022750188586075576272	-0.0011609376264348771849	0.007310791023266780507	0.001880499262053505951
-8	1	2	-0.0011182493104271440387	0.00072498613069553235946	0.00010861111841959447753	-0.0012996442246716829235	-0.0045273028009183736986	0.003549766635117971008
-8	1	3	0.0017634463154664230602	0.00041952559927099076055	0.0010839071500638752278	0.00023381777586193864789	0.0043412211245558362735	0.0010407956727686623524
-8	1	4	-0.0039518140229810143349	0.0018221097768497281338	-0.0077098066229570778873	0.001959226310879725718	-0.0059761763902227600653	0.0031544129759795251633
-8	1	5	0.0028556225147311235443	-0.0044259000853089421751	0.0019689780485844937674	-0.0056828119102597992457	0.0041752004138528994379	-0.0059448777544423474575
-8	1	6	-0.00073013452445669683403	0.0071139400028324452363	0.0032646827108995775737	0.0037989532838805396137	-0.001517626484425525302	0.0088520944564631706686
-8	1	7	-0.0046887787543006317209	-0.004034176702680098564	-0.0058647824114070332482	0.00080795629118111901221	-0.0045207782318568597024	-0.0047259099875174154226
-8	1	8	0.0070803792414293170027	0.0024181665709998413985	0.0087078193704185243018	-0.0046609519388167370071	0.0059919018201270018986	0.0030007855633519338497
-8	2	-8	-0.0054086424846045959985	-0.0036929252382427927952	0.00022713769263101875979	-0.0022924127570439324988	0.0054654269077623511899	0.0031198220489818094536
-8	2	-7	0.008646259272197334006	-0.00074447768337939225318	0.0012819787813641908211	0.0012068380942961743924	-0.0095151595164071848393	0.0011956425222324981467
-8	2	-6	-0.0057256285470062805165	0.004846414668019934785	0.00025873536653810906387	0.0030342104726042025929	0.0077204165181877434931	-0.005450482733158512616
-8	2	-5	-0.00021678397732001765375	-0.0039374783849733183128	0.00043190793896584868741	-0.00091512266982171392056	0.0005196175392983676776	0.0059339163480286241659
-8	2	-4	0.0021739158996291092774	0.00018254230408817060695	-0.00021454287699602961012	-0.00013126620285885544598	-0.0044551032377562341594	-0.00043071770960576895044
-8	2	-3	0.00016441262848648343438	0.0013440979645348491694	0.0028662964499134710103	-0.00051880924708484310419	0.0014724306239783581818	-0.0039301340701494930432
-8	2	-2	0.00092926360954263408261	-0.0013709711504316689831	0.0037262683963276976851	0.0010644127242259041142	9.2139581571611259351e-06	0.0065482973259525806969
-8	2	-1	-0.00045147146159386144235	-0.0004221400940711900673	-0.0020742992407067639173	-0.0018261021424183746398	-0.00053682678866263597046	-0.00027508353226722884969
-8	2	0	0.00040578158168253099626	-0.00013948912600985090195	0.0016231263267301239851	-0.00055795650403940360781	0.00043496777827707865929	-0.00097364429192491812153
-8	2	1	0.0011254045825519129465	-0.00035544382151942864774	0.0036711709245075443801	-0.0023878775820293548886	0.001660894811400213944	0.0019322045919032801616
-8	2	2	-7.8857114793795678892e-05	-0.0011592462606907424916	-0.00055896421443412725762	-0.0023222721315684698856	0.00024353575525894451495	-0.002314712911194499647
-8	2	3	0.00080071709907129408074	0.0014976700538073075587	-0.00035819636853632436622	0.0033328879650995481103	0.0023740431765476672707	0.0017718615000864544606
-8	2	4	-0.0025406386569243634421	-0.0022660907932282462265	-0.0021361828880183900831	-0.0018063113959341974349	-0.0040131858698395318427	-0.003629025888489393302
-8	2	5	0.0058743025804485673319	-0.00093224209538958393694	0.0032888393231858461391	0.001612016642158123304	0.0080833483994433696224	-0.0021363940094865836207
-8	2	6	-0.0037225961334228004768	0.0057945168666980427508	0.00070513419997081925629	0.0019587942841567469905	-0.0051985062445540075604	0.0070730910608784751045
-8	2	7	-0.0006704982416934021118	-0.0057093897952020878153	-0.0010615178375171045993	-0.0028493804445234140535	-0.00046299289407328677497	-0.0057109082103671245448
-8	2	8	0.0035202409080427490666	0.0066472409244507056625	0.0051435512500253646739	0.0023139760303644901426	0.0022343530955364078981	0.00606874691685958291
-8	3	-8	-0.0026872762660924208282	-0.0064232706921546010165	0.0054516041362890890407	-0.0026792445861526102864	0.00473162781720082911	0.0054185539723473723217
-8	3	-7	0.0080144154491025160203	0.0047853941685783553742	0.0041450295146613904892	0.0027890384576400050788	-0.0073828907212622795278	-0.004273719710815261294
-8	3	-6	-0.0077388974907964735647	0.00028831662169359725985	-0.0049242497851188339955	-0.00060489101672372600719	0.0078564050951692148556	-0.00068686767061999277374
-8	3	-5	0.002673946608996446983	-0.0036477135202482623491	0.00103976807149156001	-0.0029704778224605822914	-0.0036544537314993790801	0.0040540549389208703837
-8	3	-4	0.0005392690629661047591	0.002239402226022079237	0.00055851064613484345533	-0.00016495150985719770763	-0.00065965514133107692671	-0.0046025180844370561922
-8	3	-3	-0.0014578735438170536097	-0.00042075583800789791633	0.00071926521666528311916	0.0014884841064100736655	0.0046069280001774263675	0.0026104996744311347034
-8	3	-2	0.0013592805187771128846	-0.0003554441660957024119	-0.0003970636291863095693	-0.00059752906622963632231	-0.0060327175188879160819	0.00052548306503835521836
-8	3	-1	-0.0012130751944650053874	0.0010763964677594833538	-0.0013586228288614114485	0.0015257762666471942972	0.0056287330691358085366	-0.004033842942134283939
-8	3	0	-0.0006890731226991800339	0.00082844149865677924483	-0.001837528327197813496	0.002209177329751411175	-0.003011396306823433365	0.003343195622695564577
-8	3	1	0.0022397279773496629567	0.00014965320369423267639	0.0056003682028024160192	0.00093086418424322223825	0.0011167192103900562463	-0.0015953669231758055205
-8	3	2	-0.00085754070062888797417	0.00036402378235840521367	-0.0024252686514116307548	0.00089126990887170888522	0.00020774017460189445235	0.00011919026612605749973
-8	3	3	-0.0016219670854100108615	0.0010442757759152460073	7.6388490578347504624e-05	-0.0017766264546378437647	-0.0044016340516717100684	0.0045613618570785000733
-8	3	4	-0.00024269239036226088061	-0.0023157834737847324443	0.0026462773748710420249	0.0018633582310521859191	-0.0024700928118778033883	-0.0060290856208586049783
-8	3	5	0.0036909380874610357541	0.00053705091081110076495	0.001524917310853099537	-0.0027560787603624473975	0.0049905505534257972242	0.0025129287135152297492
-8	3	6	-0.0057902739685756444629	0.0012992939150433676591	0.0028659932022443777681	0.0020207711572919903956	-0.0091533618925563817181	0.00072200630807849476133
-8	3	7	0.0054616229168868166491	-0.003628653411650045995	-0.0044085354657538702514	-0.0019088377470950223819	0.0081312271046223051629	-0.0033289591502736145569
-8	3	8	-0.0025777774045578349948	0.0092437125794788185112	0.0088090592766619998932	0.0022957192405341805656	-0.0058811746333060849548	0.0083828178642785019375
-8	4	-8	-0.0013475994024469604114	-0.0063613727283998791617	0.0074447844686918035473	-0.002485535105064751258	0.0050699916367928626187	0.0051186051758675037496
-8	4	-7	0.0073856910920977892482	0.0074029594577329823485	-0.0025486758117050172488	0.0093656128785679030463	-0.0098971759976574837786	-0.0031087463067988930533
-8	4	-6	-0.0069347652542388078106	-0.0011721657351702918001	-0.0051142057884346857344	-0.0032823364519951312747	0.0058368831466952863021	-0.0006253366544363652248
-8	4	-5	0.0040109580961150683928	-0.0029590010625193483712	0.0039077511305482615436	-0.0013472416508285471951	-0.0032913320493455008875	0.0036566083793681198114
-8	4	-4	-0.00091197473984637694548	0.004186920029693165686	-0.0017483816130668720316	0.0049562618589429592933	7.5567866625881818733e-05	-0.0034175782004433712113
-8	4	-3	-0.00088747330621310809799	-0.0027960905154608395838	-0.0020317516344901982717	-0.00052069474903325668313	-0.00034240669608530957882	0.006761981709184562879
-8	4	-2	0.0025099682506093613961	0.0026776072158927787317	0.0022515201600339421716	0.0013186630373872075626	-0.0055368326823695612413	-0.0080731027887967002354
-8	4	-1	-0.00087701480564612269326	-0.00033880252946888759699	0.00037950430173800487948	0.00049530014868712701412	0.0085341356521210012809	0.0046916208304996088324
-8	4	0	0.0013921833333890574255	0.0011798163513294316739	0.0027843666667781148509	0.0023596327026588633478	-0.0048236667219531932996	-0.0011465469239423208957
-8	4	1	-0.0013660339601443513991	0.00018295222474682990379	-0.0035553302291304964694	0.0016139711592353372244	0.003293049235367174251	-0.004992266838966709884
-8	4	2	0.001715833624662886029	-2.143817584511583635e-05	0.0026082267034472643615	-0.0010866269060347039013	0.0016468810917570153932	0.0020875011086889444165
-8	4	3	-0.0032948111190429230088	0.00015645448117326661249	-7.2832401128766782348e-05	3.3157198816149295367e-05	-0.0086890531159427714103	0.0003730023513738452666
-8	4	4	0.0011749526443598683548	-0.0039625049871766888573	-0.0030130738056226612567	-0.0025396139817803449826	0.0053629790943423979663	-0.0053853959925730327321
-8	4	5	0.0015723137764091130956	0.0030087285862771102028	0.0029307301864560948018	-0.0038106770163692732858	0.00017111789308970508979	0.0078625073511387946062
-8	4	6	-0.0038586498523979317725	-0.004637827745026803887	-0.003188938021569683208	0.0062658555834858567155	-0.0030189077888174539917	-0.010361007382359644149
-8	4	7	0.010072778525872775127	0.0042498104138501933968	-0.00021625394530066455938	-0.0071288776376079660349	0.011635320569740693203	0.0089305705516047727971
-8	4	8	-0.0061277745826311654301	0.0028563607524783375148	0.0046885518119383230023	0.0041222151308236715944	-0.0084720504886003269313	0.00079525318706650150076
-8	5	-8	-0.001669624702083532565	-0.010636193492307223149	0.006497257015208127498	-0.00030421060110739206852	0.0057304103365886120344	0.010446061866615103872
-8	5	-7	0.001770144038806413132	0.0056495356006946986435	-0.0041150374860810393432	0.0043785490616430984209	-0.0049623342486937857196	-0.0033290770710488705106
-8	5	-6	-0.0044722816468526598033	-0.0032188434800912869155	-0.0023862445302369394637	-0.0053842448858675059226	0.0039745050872727633734	-0.00019507943143453885843
-8	5	-5	0.0010555726563848495322	-0.0022742226767400726233	0.0026636201421980643111	-0.0011065745387486779737	0.00097470389198230512461	0.0025321817440354379633
-8	5	-4	-0.0017217127308769217264	0.00077774696743821054596	-0.0023259671203781822138	0.0010384861820303950206	0.00053596656128111525193	-0.00025738620733842726201
-8	5	-3	0.0011611953087911875641	-0.00081105430747179635929	2.6161511831585848202e-05	0.00029511701472985043702	-0.0030529183037238572136	0.0026546731778078745158
-8	5	-2	0.00037313962886241611346	0.0027506512219709995312	0.0022242098805768978527	0.002403621621774879296	0.0040679661859925808284	-0.004993550833446799668
-8	5	-1	-0.0019960612253090205016	-0.0016000492083508806914	-0.0019705442204464491442	-0.0011609726801620088785	0.0061157687002399195933	0.0069955302659970011389
-8	5	0	0.0015892374990516204124	-0.00011784973815661635964	0.0025427799984825928334	-0.00018855958105058618084	-0.0087988405680719423974	-0.005168092194061839513
-8	5	1	-0.00039710417504236326545	6.7060908487358189306e-05	-0.0024463116448542186927	0.00050435658152652611871	0.0090547248239321864727	-0.0019852956397337652959
-8	5	2	0.002087790490467908433	8.9479167775221329808e-05	0.0038683752824638403638	-0.0043107920452147320545	-0.0013197762442879665268	0.011134896784137714859
-8	5	3	-0.0016154565879632702251	0.00071966535898017281944	-0.00066986200859390717961	0.0050290987756073171622	-0.0031914475535788754818	-0.0064627236687317349967
-8	5	4	0.0019578414610969753669	-0.0017556739348893080251	-0.0034102610297695843018	-0.0046808454726628171902	0.008178509209405930569	0.0023397089710499047871
-8	5	5	-0.00050301165976118290043	0.002914033362043432461	0.0064850910847183288258	0.0049201091162608106416	-0.007289909740336220946	-0.00025765573699131885579
-8	5	6	-0.0011190589144292120705	-0.0067449188532527262069	-0.0090329666096188605123	0.0044575973707594437542	0.0060353936221101012888	-0.012707889613303172127
-8	5	7	0.0046483361607983055344	0.006850209545887610621	0.0024306839856473917184	-0.0059970639760261873485	0.003576181336878497645	0.012112428035318830929
-8	5	8	-0.0054430550829401968399	-0.0017578106065027525925	-0.00057205349784625759285	0.0095746930715470777301	-0.0050855216467862859528	-0.0077419937762196761738
-8	6	-8	0.002801926809873575043	-0.0096951936072993075838	0.0058118215674993686792	0.0012716812613945880327	0.0015569393657509514664	0.0106489545533452485
-8	6	-7	0.0038439626240990287798	0.010124576269738925355	-0.0034852247442927744223	0.0045888073041716014033	-0.0073804356369355540723	-0.0076376809046974003178
-8	6	-6	-0.0052881263454802067067	-0.0026579590604448601575	-0.0028719532117177501082	-0.0065096977059342121807	0.0041788819155891918783	-0.0029657522920077316816
-8	6	-5	0.0040578172711878083417	-0.0030381811298503622748	0.0053945067090613377236	-0.00076771914863731039944	-1.9099583026887701647e-05	0.0039398268293958076808
-8	6	-4	0.00099680796205088920137	0.0033160823251051534458	-0.0024198118689630595049	0.0053127695585955814206	-0.0056233337275463680938	0.0013369896876830658899
-8	6	-3	-0.00093042335015150218636	-0.00034627719801929635925	-0.00092194392860537037904	-0.0038553450227916080499	0.00063724107652659840555	-0.0067872841841984258085
-8	6	-2	0.0023298217477502498884	0.00059977974343325380583	0.0039278626143606949761	0.0015096902627426093003	0.0024643008520810849409	0.0021299518144948128943
-8	6	-1	-0.00062528698320216049168	-0.0015293006588504899374	-0.0016272037895547529843	-0.0015415388728700920272	-0.0047609268717112331049	0.0029851720335833669025
-8	6	0	0.0024794664524088070798	0.0014113226925296861684	0.0033059552698784097288	0.0018817635900395814855	8.434941144401425007e-05	-0.0065715920868381315356
-8	6	1	-0.0025885285432541587682	-0.0025846744004532217105	-0.0039104291445283927142	-0.0043772958740419436532	0.0027543465211370870074	0.0055863800406258873679
-8	6	2	0.0037634079857011039361	0.0003819168636821727034	0.0065012058531745634676	0.00054968171828081232189	-0.0044499856167192746587	-0.00012137770011374607077
-8	6	3	-0.0066526909240605088328	-0.00066432530927913496961	-0.010182178403679593287	0.0025595443870310174463	0.0026238476765311634538	-0.0068906229321397281448
-8	6	4	0.0038361186912871281414	-0.0047935292396659506461	0.0051416047661112622424	-0.0088252983089208477535	-4.0169766592636843713e-05	0.003650888984049371639
-8	6	5	-0.0016183727703756661202	0.0040386159534225602591	0.004546462311179668217	0.011762940180510215657	-0.0080451512060166676527	-0.0076537426911361611595
-8	6	6	0.0051603168333356720307	-0.00452930093113265448	-0.0072851804480514115517	-0.0055432637638302912145	0.014165602892498973392	-0.00049580414434658185915
-8	6	7	0.00060461174342487983193	0.00806727824793937974	0.012284761156014957842	-0.0018904592378294845546	-0.0098388104269558161047	0.010840140201498848702
-8	6	8	-0.0060548007536477231605	-0.0024589206162751188998	-0.0075341338224828293887	0.005850593538964129689	-0.00040420038678560155261	-0.0068468657704982161666
-8	7	-8	0.0061214383809809723436	-0.0092302998731547784839	0.0035319905406401941143	0.0012575855557084335626	-0.0030309466579208025477	0.010330687234399659261
-8	7	-7	0.0025260921059953888625	0.011171060262620600631	-0.0027109019435675673314	0.0029999046933057008958	-0.0055978643504194409986	-0.0097670213211178413815
-8	7	-6	-0.008326126578424450364	-0.0081265416827134250022	0.00037155162040911527029	-0.0072909441945969650015	0.011534978995043234859	0.0023292873499214401117
-8	7	-5	0.0077958665674944900223	0.00050687636445575210732	0.0060013728859737150087	0.0055145522601799581291	-0.0040714644676279835439	0.006909370981122738356
-8	7	-4	-0.0058083914172892053482	-0.0011948045983819009352	-0.0087858373575704258596	-0.0036068930194875824594	-0.0037584325411698354252	-0.0039224535873394672167
-8	7	-3	-0.00084172669973791170838	-0.0037028054716329765819	0.0015346794458706417875	-0.0050777572652639432066	0.0058255232396659285821	-0.0019739523612612645646
-8	7	-2	0.00062407652768548579469	0.001911018633699849761	-0.0017694030704786679453	0.0034891599743305970298	-0.0086892168574172808787	0.0045679853753576903433
-8	7	-1	-0.0021842211986789362294	-0.00092728288411714578955	-0.0024145599608464390212	-0.0018179542840337371661	0.00057184986350641755365	-0.0053074169152989934123
-8	7	0	-0.0027133251998711278331	0.00091969303893922615695	-0.0031009430855670032379	0.0010510777587876870675	0.0012877346695979942533	0.0077196014263470726438
-8	7	1	0.00031575502453472600482	-0.0028259379810209716427	0.00054779818188297694365	-0.002996540563081385132	-0.0013085470769030301333	-0.0016317199065980767837
-8	7	2	0.0022785281723657663418	0.0049067153790203956593	0.0024305801168794331085	0.0067038360848040729617	0.00060708228038504894516	-0.0038365647807326701269
-8	7	3	-0.0071019870369484639633	-0.0029556565795791729309	-0.0061728988361763655751	-0.0026469640164947035206	-0.0045352014807843845159	-0.0017055015070568198179
-8	7	4	0.0047093946482970371406	0.00086853991809475135973	0.010655898566125443852	-0.0056114759103798273962	-0.0092290331941254528936	0.011557162679354200663
-8	7	5	-0.0056267854684674900936	0.0019371883865134857747	-0.0059196129829930041466	0.0092576103122949237462	-0.00071539857335777782416	-0.0098611530187913166989
-8	7	6	0.0056912772717946499487	-0.0049778787114376690098	-0.00088409055359068590679	-0.0131126285236160562	0.0086198086749153333269	0.0086608949956351738431
-8	7	7	-0.0012657717170520136393	0.0060033220973257049591	0.0059129275493015349269	0.0068855468856188961277	-0.007359523797360979086	-2.4607345818090980489e-05
-8	7	8	-0.0048673407783270984661	-0.004084642234777374932	-0.0085663787557608214729	-0.0011505348863076183749	0.0026282406329636203227	-0.0030779242092582089624
-8	8	-8	0.010006120381307197914	-0.0030921503717833620159	0.0026313707434740792393	-0.00059595491181983750988	-0.0073747496378331195421	0.0024961954599635248313
-8	8	-7	-0.004236597519443250498	0.011117849743297781792	-0.0030079683435672759442	0.0024937638290048812044	0.0014041476295725420064	-0.009856098187763314214
-8	8	-6	-0.0027190296212484645413	-0.010562664573589180747	0.001382581370971119189	-0.0052446259434812438072	0.0054688146562927785962	0.0070907181734772501205
-8	8	-5	0.0060944750763655703568	0.0061944040836032837269	-1.5079148018244163266e-06	0.004977563750880673564	-0.009753572785867831163	-0.0019469445323561762173
-8	8	-4	-0.004853310197622352079	0.0017746523370193803288	-0.0043493192080930184393	-0.0013420026821218560865	0.0010079819790586668458	-0.0062333100382824732644
-8	8	-3	0.0016813705013002911651	0.0021785582739133409376	0.003302594049602570591	0.0035871344231108836381	0.0043232627954727445574	0.0037562030645267806793
-8	8	-2	0.0014827088263914777171	-0.0003070057675414002347	-0.00029324808339668243136	3.9306785238983454726e-05	-0.007103827639152640594	0.0013852502111215349474
-8	8	-1	0.0018936351268290395247	0.0028688503391715524347	0.0018465437255117641332	0.0022020729291146691128	-0.00037673121053820383649	-0.0053342192804550674426
-8	8	0	-0.0026527245243286243226	-0.0012899274816836156943	-0.0026527245243286243226	-0.0012899274816836156943	-0.0084680477330428272076	0.0046836142286577472568
-8	8	1	0.0083716008054199354815	-0.0017958579324271813516	0.0089420516858629874035	-0.0028225153247662146221	-0.0045636070435444032328	0.0082132591387122678983
-8	8	2	-0.0046787073168749583954	0.0037680271649507186306	-0.0044201816742684384154	0.0047114021405841198173	-0.001034102570426078619	-0.0037734999025336038794
-8	8	3	-0.0005393888952554993111	-0.011860523701585931264	-0.0029683080593910031973	-0.013081692507468893963	0.0064771177710280106524	0.0032564501490212325631
-8	8	4	0.0069723525896210492708	0.0073565737287702888392	0.0074426888238603725392	0.0054007200758231484541	-0.00094067246847864556102	0.0039117073058942807701
-8	8	5	-0.0087977599104609172098	-0.0015847636852589163346	-0.010443645558328681563	0.0016498993956605382139	0.002633417036588423573	-0.0051754609294711274511
-8	8	6	0.0081998115999983006014	-0.0020908956684395408644	0.0069112855493596329556	-0.0042420792787640666799	0.0017180347341848914954	0.0028682448137660348543
-8	8	7	-0.0019507185651595926757	0.0077580626411556446662	-0.001069702428794547678	0.007168873124149480712	-0.0010068755844171942831	0.00067335944800704422477
-8	8	8	-0.0026437633320493879145	-0.0058228640457267813804	-0.0026401134601288763284	-0.0056724038707868440143	-3.6498719205114128526e-06	-0.00015046017493993755587
-7	-8	-8	-0.0085591865013472483159	0.0059289668653103623497	-0.0010911543894828218577	-0.0030109020924755200595	0.0085804425781616650015	-0.0021769439146710474302
-7	-8	-7	0.0030335652778492191127	-0.0069683939046182663893	0.00199950987047830403	0.0024682979791054450967	-0.0053187194155387088751	0.0041474819284977584508
-7	-8	-6	-0.0030545171747888887406	0.0081324563704989038387	-0.00091568330994003894682	-0.0037979702566800091837	0.0047845144505070883595	-0.0044239054233420425227
-7	-8	-5	0.0013718224584665700185	-0.0043191441546467654669	-0.00072759076958840490298	0.0029168251470487126763	-0.0007564062105117501161	0.0013798815812275308512
-7	-8	-4	-0.0013069873931793639724	0.0043206170202113106105	0.00034667665754995087568	-0.0021362956538624857175	0.0015938746229639854171	-0.0032884884776448221333
-7	-8	-3	0.00012113285248939846821	0.00028868600840167916695	0.00041618101568113949774	-0.00035622865817864411914	-0.0013924593642916350232	0.00027634240220579964903
-7	-8	-2	-0.00017533859466852777954	-0.0012409130058166873648	0.00030974876409870102196	0.0012621742995144982942	-0.00062530997505495691368	-0.00070550167769958750837
-7	-8	-1	0.0020096069218025237879	-0.00068976014800310812402	-0.0020489122206612552825	0.00066398163637702346286	0.002324049312672373576	-0.00048353205499443094317
-7	-8	0	-0.001042990352719837862	-0.00018199245075311705727	0.00091261655862985807501	0.00015924339440897742172	0.00038144097313847792879	0.0012499537283281068542
-7	-8	1	-0.00040883976641070197185	-0.0031534959417413737683	-9.9153290126163576268e-05	0.0024847390329483898079	-0.0036551046858842224131	-0.0021965593286024957462
-7	-8	2	0.0028120349462028085274	0.0029216078987956781848	-0.0022619871679607755216	-0.002134784434687133324	0.00079417363986672732598	0.0016864899070363410013
-7	-8	3	-0.0039746640237356559502	0.00036556693676288411687	0.0036693918510085628097	-2.2314491200688891712e-05	0.00051082888063963647219	0.00079348420924489247111
-7	-8	4	0.0075784857274459093215	-0.0094411176334683200723	-0.003562672776861230961	0.005726523600199736122	0.0061370044693078796075	-0.0050689086581700865813
-7	-8	5	-0.00049684037351595017763	0.010788568349149124659	-0.00069507498524697109137	-0.003964144622337129921	-0.0018076964993174839732	0.0087613642930693663019
-7	-8	6	-0.0096725783705470230051	-0.015201341630578648484	0.0030584177222332531443	0.0098201397162942533764	-0.0072067844693271898918	-0.0046413789472827511953
-7	-8	7	0.012664914241389556987	0.0055057520127994611855	-0.0041412033686698181828	-0.0064904546553168785544	0.0079321103914811938451	-0.0019119104504198289936
-7	-8	8	-0.014075005078223373767	-0.0014675786604133082228	0.0096374941602528092083	0.0076511328702462064189	-0.0026781352831926419703	0.0063670015423845614799
-7	-7	-8	-0.0082004511974608645941	0.0012851900966055012331	-0.0035437397977695294336	-0.0039202988489727540883	0.010276167120826594503	0.0023057201583213458689
-7	-7	-7	0.0077491466025694849193	-0.0062269716859363437311	0.0030250732817766394327	0.0016020075603560765543	-0.010774219884346123918	0.0046249641255802671769
-7	-7	-6	-0.0020487765367103107257	0.0049742213438315934296	0.00056993871830083740661	-0.0014539753764942300353	0.001725310788144385557	-0.0041069536285602576547
-7	-7	-5	0.0010619786807627166949	-0.0019948712773154705577	-0.0019366435487408531491	0.0016254647840485256152	0.0012245308151693909057	0.00051716909057372283283
-7	-7	-4	0.0015283800556954319633	-6.7766037113926408343e-05	-0.00080802639951629720658	-0.00041277988955749813759	-0.0012606188983134859055	0.00084095537167499297571
-7	-7	-3	0.00039558698845640777883	0.0027538781001944286769	0.00093877010221349809459	-0.0010751154551297385526	-0.0031134998782297806062	-0.0039171128384842771736
-7	-7	-2	-0.00024617055827805300102	-0.0029369402339365149879	0.00073642640334762449195	0.0034419220536983517918	-0.0017158954577435000556	-0.0017674363691664285968
-7	-7	-1	0.0029607267364125809846	0.00076526989569233644286	-0.0031462334090613551171	-0.00087079623541424112237	0.0012985467085414197953	0.00073868437805333264819
-7	-7	0	-0.0031718663545264045092	0.00079090270398702200872	0.0031718663545264045092	-0.00079090270398702200872	-0.0013332610250630858029	0.00054812574013187332495
-7	-7	1	0.0032017000584521389944	-0.001348771758001854771	-0.0033320013714437314752	0.0011171693622695530023	-0.00091210919094114638935	-0.001621216770126111947
-7	-7	2	0.0021176751040669033847	0.002447347357122973445	-0.001231513761097694469	-0.002221587538254082058	0.0031015647003922309881	0.00079015936604111898685
-7	-7	3	-0.002825373945692542018	-0.0037423149737979520546	0.0036065918316273031831	0.0041578273491979754473	0.0018228417338477765578	0.00096952887593338874742
-7	-7	4	0.0033892422786112584056	-0.0016194421631008780894	-0.003700590172756006678	0.0010504155869898420053	-0.00054485881475330980202	-0.0009957965081943132013
-7	-7	5	-0.0037274326327161066454	0.0040398119006386911528	0.0014816762983789811582	-0.0040919231906405345231	-0.0031440588680719757687	-7.2955806002581417716e-05
-7	-7	6	0.0024475685756744727274	-0.011541236474778364049	-0.004254834485701210027	0.0086312766723367229799	-0.0021084768950311938776	-0.0033949531028485795126
-7	-7	7	0.0058160403636101452168	0.014716381917090187378	-0.00057137398293485050331	-0.016160146741913593293	0.0052446663806752944967	-0.0014437648248234059151
-7	-7	8	-0.0098902075051902297448	-0.0074183130400981029534	0.0046424792827298869483	0.011482915587377344468	-0.0045917621946528000554	0.0035565272288693365425
-7	-6	-8	-0.0052906234721833804435	-0.0029654368129345331714	-0.0050371667298319102238	-0.0078082091296076440445	0.0084071705855343903391	0.0084509140585234503174
-7	-6	-7	0.0037395753739218758581	-0.0011169172098213855666	0.0053848741234813948114	0.00060025549939276244549	-0.0083551817654773565675	0.00060241249605616064428
-7	-6	-6	-0.0027822424635286125034	0.0016395248270561714379	-0.00070113539104367311131	0.001079880626242765403	0.0039470849318270547629	-0.0029926595911416316829
-7	-6	-5	-0.00040453681376261636446	-0.0013366728431091466373	-1.1938505391007872211e-05	0.0012951202663622892949	0.0005806777457368723569	0.00031719766071805792149
-7	-6	-4	0.0028600763845542127167	0.0014354267242749540936	-0.0015024813716523403688	-0.00040575691396461542517	-0.0027514116154913610506	-0.0019033613965342467429
-7	-6	-3	-0.0029585637432782896025	0.00048563811656232276984	0.0032047016584587986743	0.00036714049432227111643	0.00049391208406507867978	-0.0018674365939566287681
-7	-6	-2	0.00042293364045366672833	-0.0041927589629594296319	-0.0017787876647889510912	0.0036508132914618552332	0.00385609525277901986	0.0037222164959724380121
-7	-6	-1	0.00073490458911243947745	0.0021302200987976427533	-0.00065993311899022633494	-0.0028548816871364060196	-0.0011847334098457182241	0.0022177494312349351098
-7	-6	0	-0.0029248727614227081062	-0.0010362679010778455893	0.0034123515549931596018	0.0012089792179241531152	0.0022388526641633249743	-0.00088457765036909245457
-7	-6	1	0.0023784473014587157423	-0.0012050437559088546507	-0.0030903167711991558209	0.0010114950616803262701	-0.0018927695169839264637	-0.0023663359212800251508
-7	-6	2	-0.0012927443995335043386	-0.00067081349198182705241	0.0024361538270496032113	0.00017253733842838146111	0.0027838560827815445574	-0.0018302352066512500833
-7	-6	3	-0.00090085497406597520899	-0.0023121118123318280466	0.00043157895923839716254	0.0033757563882335574375	-0.0012388370210104811264	0.0013565852143595155937
-7	-6	4	0.0007978901279108655941	0.0026980941580184796512	-0.0020573420404122804914	-0.0034675473370639141833	-0.0016897053367744060016	-0.00047965622906353193962
-7	-6	5	-0.0044931545799599438562	0.001506602979333265856	0.0064219917194673443658	-0.0021939988620690311326	0.0014159736514168918403	-0.00052355446341626529078
-7	-6	6	0.0044023156564082779538	-0.0043254782659925949256	-0.0077668662096600235914	0.0046872448733041591554	-0.002630831277183699312	-0.00035914643702053496068
-7	-6	7	-0.0026890658637196821791	0.0074131542434646017017	0.0099908964089905592798	-0.010085931879878070813	0.0058745596297007972655	-0.0012319302250023171294
-7	-6	8	-0.0014512913552279956258	-0.011862013902906346288	-0.0081922736512646601725	0.020826101787863038339	-0.007414085174272991817	0.0052403141758542264028
-7	-5	-8	-0.0024172611010780989914	-0.0019914075345011440256	-0.0010462761038404592984	-0.010245363069919551438	0.0027690260283436238416	0.008145833511388219858
-7	-5	-7	0.0026143183299968965859	-0.0012540267874686784715	0.0046058721160089095142	0.0056354013850532557253	-0.005904226984288975244	-0.0027712599161407898418
-7	-5	-6	-0.0014430668072864588289	0.0025262628064965605458	-0.0044369472450569323249	-0.00019575545984092600996	0.0053810339793816455711	-0.0027841770577118822409
-7	-5	-5	-0.00083078895529985587794	-0.0018492530325275157582	0.0033833333040849166221	-0.0013431464893043671294	-0.0022202287666651184146	0.0039321007348428888006
-7	-5	-4	0.0015754519032628335178	0.0015050707201771690476	-0.0022380102298878079212	0.00012940020754963007144	4.0471956649801028427e-05	-0.0027956240197470833345
-7	-5	-3	-0.0036351319075143221499	-0.00041706170301549795858	0.0034798840045502225406	-0.00064986903144635546972	0.0026821677766163806375	0.0020562590261134208389
-7	-5	-2	0.00082398725122508173664	-0.00087983611787488839526	-0.0010519872588895631035	0.0013565114661196059354	-0.000253987232063878428	-0.00031185225273690534657
-7	-5	-1	-0.00056344338270805822966	0.0030636192329429275984	0.00049455888096525319787	-0.004493408587225730666	0.0014713092741301416182	0.0010217083055281586234
-7	-5	0	-8.9882214786426726572e-05	-0.0016925479727657420648	0.00012583510070099740365	0.0023695671618720391509	0.00054707018223715991097	0.00080695002683462964226
-7	-5	1	0.0020749207765413291323	0.0017097703212307067445	-0.0029628675303071182016	-0.0031101584656052852496	-0.00028989221574628778718	-0.0035824000794114786023
-7	-5	2	0.0019003067179375104836	-0.00026559309911419124979	-0.0012085669264395235145	0.0016232353050933793787	0.0036296561966824782315	0.0031285124158337788286
-7	-5	3	0.00072797514714440761559	0.0028351393785078960082	-0.0026628576175710383898	-0.0032834680880595469576	-0.0027394873526147794744	0.0011428784030858459009
-7	-5	4	0.00066922318054834963996	-0.00099774676468446623148	0.00015190316116921035502	-0.0019969778176419151518	0.0013610195174211248137	-0.0042422791102502098448
-7	-5	5	-0.00041184245348525335513	0.0012154872474824643305	0.0020347719190720028534	0.003802427414034208978	0.0014581924841926480804	0.005504109560509658737
-7	-5	6	0.0017612338913183182669	-0.0020953554365130866617	-0.00490160262032180577	-0.0019766582172138715164	-0.0020298959770634669025	-0.0040917965236101604132
-7	-5	7	-0.0009091795445493419019	-5.7368851639214922913e-05	0.010286519041112269016	-0.00081259867231084858229	0.0064383340562451357031	-0.00063779647471839246136
-7	-5	8	-0.0029782332253169598035	-0.00057602615461335650478	-0.010312264462620885849	0.0062952631226844664794	-0.009051119361290393267	0.003430516566391104364
-7	-4	-8	-0.0013595440011041123179	0.0027875258175467615245	0.0032448918995625821576	-0.011744094209195457892	-0.00043284494881519296324	0.0034329620142443122328
-7	-4	-7	0.0012413123317657169531	-0.0015668460330714652651	0.0031841386179269127489	0.0079608415596482962062	-0.0030608201134382385239	-0.0029822062867275612313
-7	-4	-6	-0.00015610735211081386894	0.0032015275807678964665	-0.0061768960858228491237	-0.0037325349706400245443	0.0043000559680111821725	-0.0012467588638025294424
-7	-4	-5	-0.0012322262260515859811	-0.002234984678393928028	0.004761378809467733432	0.0017229702000854337819	-0.0020839863311019660684	0.0017506023896831524739
-7	-4	-4	0.001713174703148955761	0.00091508817596402372476	-0.0040084657159656427936	0.00076572239838693871138	0.001010409985454970537	-0.0023671267063239804194
-7	-4	-3	-0.00030120009300878801146	-0.00076941365265040153731	0.00038217694203826919072	-0.00029376186365638097151	0.0001932309609694797905	0.0021869810077261115852
-7	-4	-2	0.0023932366062007505957	-0.0010734443168879134831	-0.0055365746416196591484	0.0027151205873407625174	0.0026968211615366901278	-0.001673186065573828386
-7	-4	-1	-0.00082332826280245396781	0.0017457422579954754577	0.0013954051553460747152	-0.0030630555393783920684	0.00018167721823287853429	3.202635154523985982e-05
-7	-4	0	0.0020848452930765540118	-0.0026880396768931727296	-0.0036484792628839694123	0.0047040694345630521683	-0.0025535431237967984655	-0.0010377857235824960568
-7	-4	1	-0.00051661310187341841476	0.0008957840433001860829	0.00088072267142772170476	-0.001929484470314118353	-9.3401027403041935186e-05	-0.0014474495781551708316
-7	-4	2	0.0012013916650936910628	-0.0015676735954709231178	-0.0020292791528400315818	0.0025822467427515094496	0.00014631252214785542081	-0.00032236409864521228417
-7	-4	3	-0.0013201289896510267664	0.0025719987560613951673	0.0026404042044490174529	-0.0043822776230271849249	0.00044023796341296041797	0.00015829360010700924848
-7	-4	4	-0.0015814237300313560997	-0.0014551324510631723132	0.0020507545973198889819	0.0011501076886524781804	-0.00071673693023498435527	-0.0013963741007080733136
-7	-4	5	-0.00050697415981885258444	0.0012706414960707134582	0.0005848527266861888339	0.0017522670424269127382	-0.00024188164239744263783	0.0031807117284405289452
-7	-4	6	-3.6089940503906016835e-05	-0.00077407516756329585762	4.1921726146447551274e-05	-0.0037312639217734607996	-1.4157113156925319356e-05	-0.0033905969766728190698
-7	-4	7	-0.0029928453394949885991	0.0014128634938331083998	0.0054204331931943811745	0.00099885442093161072238	0.00010454505661608648947	0.0019836374486511716697
-7	-4	8	-0.0024912748413194085902	0.00049084390361184499288	-0.011662686845195302868	-0.0028786403669232999217	-0.0080112089087521348718	-0.0010098317678012855379
-7	-3	-8	-0.00025955661117862358642	0.00048807350195690952371	0.0047246214770412606893	-0.0047045731522520738838	-0.0015446210191091770594	0.0013371506178822319816
-7	-3	-7	0.0017011139446904473705	-0.0028692485297123569016	-0.00093816658849357986542	0.0078759323979982337471	-0.0012990425496217704402	-0.00050615106942974324479
-7	-3	-6	-0.0011546489923622478037	0.0025563636884951717633	-0.0018902275121978069205	-0.0039013426730025988799	0.0022922042471881926007	-0.0010317529667430676895
-7	-3	-5	-0.0012711593270612329184	-0.0017429973449303362825	0.0029927189344741878148	-0.0010475990370890696322	-1.6008302798786630913e-05	0.0030687557051559126615
-7	-3	-4	0.0011759217565924658892	-3.2192004750511791632e-05	-0.0021331698209963801185	0.0015460373459282822188	-0.00045798570828953043396	-0.0011031920011328158644
-7	-3	-3	-0.0010566637020513883812	0.000321813512946142325	0.0021106506157276623721	0.0017828936551264611306	0.00035489802239224385073	-0.0025337918520007933487
-7	-3	-2	0.0031490181994685553443	-0.001710106659910511518	-0.0055177479478016140321	0.0020448488920038758627	-0.0027449417764375226569	0.0029180999716809760854
-7	-3	-1	-0.0019024778247257855684	0.003087903432949826079	0.0039648046544013696227	-0.0070693058506206413183	0.0014229308098763907616	-0.00040740647878685724284
-7	-3	0	-0.00015343020293839514643	-0.0029113034236130258016	0.00035800380685625533264	0.0067930413217637273041	-0.0014522947767686335968	0.0019856689510185433246
-7	-3	1	-0.00019139839488974163314	0.0035417291431149265646	0.000726781521516204807	-0.0071174412693287896978	0.0008405558003204228806	0.0034397801938181181598
-7	-3	2	-0.0014906503221061156994	-0.0020564556252131369063	0.003110027084663395669	0.00047355890422537714546	-0.00055223550037631133607	-0.0064872563319079128846
-7	-3	3	-0.0050591489143782192653	0.0031334007619872477658	0.0091326296955665693666	-0.0016479282394052283903	-0.0026720511046492761639	0.0056633402052316834246
-7	-3	4	0.00040415818187173197787	-0.0013243619656007794838	-0.00096900393213068813925	-9.7328461142699150983e-06	-1.9476130822485139782e-05	-0.0023249330743870663327
-7	-3	5	0.00018033509873932132583	6.613571622152230559e-05	0.003351821735967173109	-0.00060632991644580342891	0.002263562179815353792	-0.00027120794715735084849
-7	-3	6	0.00077021369489418880106	4.4452781171473129988e-05	0.00054210285115960995129	-0.0028096218456744397572	0.001169634069623025352	-0.0013529493448038345648
-7	-3	7	-0.00097945298334928179024	0.0014842687145416215769	-2.173239808100324138e-05	0.0045742273574025694993	-0.0009887668682411403058	0.0034446518677141513623
-7	-3	8	0.0023921138810855712212	-0.0078909111686250605483	-0.0037253816052053348971	-0.0033067670831517584351	0.00069608154399787439473	-0.0081445849287288367424
-7	-2	-8	-0.0033936532637283546403	6.1898645528175993686e-05	0.0075486428081484660546	-0.0031587799892617580283	0.0010822859037251937424	0.00073553368247828549396
-7	-2	-7	0.0030993628276080411633	-0.001932842367130230667	-0.0058495649818214971727	0.0050996834565603943457	-0.0014280585470876133378	0.00047578995097011808971
-7	-2	-6	-0.0020347097863703273585	0.0045818916319911896784	-0.0048254298910902632125	-0.0025234864406726924789	0.0039823047144621369006	-0.0045043780904321572764
-7	-2	-5	-0.0014058986495221611427	-0.005190244506329736926	0.0061031336221813274612	0.004383149499251101644	-0.00047299533954150529795	0.0055130825091611913857
-7	-2	-4	0.003231326813367827594	0.00079865485935497919964	-0.0028425435475710860225	0.0034463334447374042308	-0.0042335501496081548445	-0.0031208127262399155792
-7	-2	-3	-0.0006566121889287707342	-0.0013300700705849610901	0.0013100775616524918624	0.002703631844120350184	0.00065871006639880384098	0.0013010756019513425655
-7	-2	-2	0.00060082603916661553138	0.00075385957634179086816	-0.0017396304918176682276	-0.0013219435362800218119	-0.00036326064526548591544	-0.001316564980916246335
-7	-2	-1	-0.00087788564415996214827	-0.0015194177794307865258	0.002970602486672837151	0.0040314873163462914413	0.00020399453577406049198	0.0025729498233229230152
-7	-2	0	0.0016623808688104124796	-0.00032173484656866820075	-0.0058183330408364437869	0.0011260719629903387026	-0.0040311378059455765105	0.00091065264619313445078
-7	-2	1	-0.0017355891274905010675	0.00036931934919435421057	0.006262143427349583201	-0.0022263713169933026931	0.0003751629622656592008	-0.0018675071896261260206
-7	-2	2	0.0035395212269164364957	-0.00054245009321267562748	-0.0041206171690870655594	0.0020356231538142285746	0.0082677071251204617419	0.00013704782756986387841
-7	-2	3	-0.0036860579247986599224	0.0030721109245980030532	0.0031571206713680252144	-0.00047480361094748155725	-0.0064960547102848563428	0.0068517230834303534392
-7	-2	4	0.0023264419719413631689	-0.00324627165148851397	-0.0039636041771716080256	-0.0062429280915966747084	0.0020894713623115816412	-0.0088024394359032375607
-7	-2	5	0.00093240982607557354282	0.00094128477507986240205	0.0029853965976641225893	-0.0025237179893719584658	0.0024995323955714519523	0.00030831148936302397653
-7	-2	6	-0.001013802643052935399	0.00027715997483694583331	-0.0064400937289115041048	-0.00060339724988941459069	-0.0033294676598655927394	0.00012222088734663194196
-7	-2	7	-0.00082668342210013190559	-0.0021273228424969975806	-0.0010649902081501351828	0.0016965155481132089023	-0.0011309663387144561816	-0.0016426041144646523658
-7	-2	8	0.0039909986102637335856	-0.0080460883166543623046	-0.00020337303564086666092	-0.0041626459357935749819	0.0034412805250705500934	-0.0080809887610209605452
-7	-1	-8	-0.0039782354287945286345	-0.0018277747902628591666	0.0079779706887086535017	0.003207395270562394575	0.0024837096641066314096	0.0011983785326597025302
-7	-1	-7	0.0064716465709319416499	-0.0020435240133213792776	-0.0059065516448364692795	0.0030211200001271898939	-0.0056278534788124457908	0.0016119354418746378952
-7	-1	-6	-0.0068562646391290725176	0.0026681041161530226653	0.00062013381416133224466	-0.0056149625835877929256	0.0078956197766236954627	-0.0021769610382472276942
-7	-1	-5	0.00092958565107515626989	-0.0081963885484142521426	0.0026390595356416916145	0.0052288426520427574995	-0.001829231818633556949	0.010429175437371401847
-7	-1	-4	0.0025963310473019552208	0.0029598118948659093638	-0.0028815656906082906009	0.00085045073408208449791	-0.0038231879101263493113	-0.0053922834995358626467
-7	-1	-3	-0.0033679492782477480489	0.00029382073411520246787	0.0037695667308868720941	-0.0017772090626401899904	0.0066020260722824547495	-9.3178692055409081322e-05
-7	-1	-2	-0.00055800609585015213936	-0.00044449905675732204191	0.0037880450032217092247	-0.00039634759765734995252	5.8998833864677949939e-05	0.0017539204974793020687
-7	-1	-1	0.0001222283749215525401	0.00012479561156453821487	-0.0015881022079103543874	-0.00020938605379336536899	0.00073250358345948647122	-0.00066418322715840205379
-7	-1	0	0.00028943127119020846047	0.00019381870608398493413	-0.0020260188983314592233	-0.0013567309425878946744	-0.0022610031016025125723	-0.0016139011280419562119
-7	-1	1	6.7747999343883484017e-05	-0.00054106931216438324331	-4.4811876033377331279e-05	0.0011204416131799586464	0.00042942411937380703651	-0.0026670435719707238399
-7	-1	2	-0.00019848578326510005849	0.0021017667510377447196	-0.0024974663976242068332	-0.0027582488349852784387	-0.0019434334402399534858	0.0059770592111394677329
-7	-1	3	-0.0051820931583992048061	-0.0017386910099873467781	0.0015300752215857264284	0.0065542985619319064569	-0.011581525629069569505	-0.0018721795026598400408
-7	-1	4	0.0042322107740692472069	0.0009146312469815032339	-0.0067288011967585568962	-0.0052592788448906635512	0.0057241685554315427376	0.00028578497099496485284
-7	-1	5	-0.0024827717253724373991	0.0038140521087560493724	0.0062728782265805147281	0.0028768174158386649805	-0.0022213047702053095867	0.0059150364354262022909
-7	-1	6	-0.0035148800371233670549	-0.0029397727153496100612	-0.003753644592336408646	0.0013410486698713854244	-0.0047263008086999968443	-0.0032062267229293144565
-7	-1	7	0.0047278555959934841571	0.00018921398902778824866	0.00017109423164008674928	-0.003609495527951377819	0.0047522976290849255898	-0.00032642822925097998796
-7	-1	8	0.0040809986959098763434	0.00069047214395847385671	0.0038778668373472464405	-0.0021440027514019661427	0.0040556072135895480935	0.00033616278203841881613
-7	0	-8	-0.0029403601927245658423	-0.004967436904205011633	0.0060861361652152839649	0.0041620835073870885226	0.0025728151686339952205	0.0043465072911793847452
-7	0	-7	0.0026060724759198062445	0.004371318745774158479	-0.002358780291424147392	0.0014457110177820784586	-0.0026060724759198062445	-0.004371318745774158479
-7	0	-6	-0.0071820885126058489276	-0.0002780032653960782976	-0.0034697544330538226433	-0.0058690884420690564438	0.008379103264706823026	0.00032433714296209139238
-7	0	-5	0.0014499450322051912147	-0.0032673242960941824287	0.0037608240853738363237	0.0022749860430541870605	-0.0020299230450872675705	0.0045742540145318555736
-7	0	-4	0.001797478000586075382	0.002922469341648346354	-0.0063007345413119541372	0.0054515922127152567633	-0.0031455865010256321354	-0.0051143213478846063363
-7	0	-3	-0.00090467072850859502585	-7.9460535188394928536e-06	0.0031023955164410292433	-0.0026036473534793861187	0.0021108983665200551326	1.8540791543958814964e-05
-7	0	-2	0.0015725431029339389643	-0.0003908218260935471559	-0.00093922445379643478783	0.0031565650209486161709	-0.0055039008602687858329	0.0013678763913274152083
-7	0	-1	-0.00017725863425520634151	0.00036509274747518701866	-0.00047189170093308143231	-0.0038515331425939642804	0.0012408104397864444177	-0.0025556492323263089138
-7	0	0	7.1745584559228696739e-43	-0	0.0019951087447848681045	0.00498451576330465225	0.0017889747799544868795	-0.0054641996874139984325
-7	0	1	0.00058737932685270968086	1.3972561314515693899e-05	0.0012602658858245287428	0.00039103173267563551144	0.004111655287968967766	9.7807929201609855596e-05
-7	0	2	-0.0012357624377649432772	0.0020792903159752530381	0.003134712328555397734	0.0012433980773277977534	-0.0043251685321773012532	0.0072775161059133860672
-7	0	3	-0.0018436987483536587239	-0.0031721737347990218957	-0.0039790274980011242772	0.0025219014757158547332	-0.0043019637461585366611	-0.0074017387145310512345
-7	0	4	0.0028632265810784609215	0.0020784321306126906509	0.0014574233478102862228	-0.011572133243026737695	0.0050106465168873060706	0.0036372562285722082054
-7	0	5	-0.00084741808537747761315	0.0035173024820588415576	0.0020879538900101003718	0.0041608578004934549527	-0.0011863853195284686584	0.0049242234748823783541
-7	0	6	-0.00032498126997204196615	-0.0072582561678963585308	-0.0098492692466150642133	-0.00083869880220840140397	-0.00037914481496738230287	-0.0084679655292124178523
-7	0	7	0.0020910395682524245478	0.0020251154322123232979	0.00023750930918528710624	-0.0061324038842317700818	0.0020910395682524245478	0.0020251154322123232979
-7	0	8	0.00029758022007205485199	0.0042600179345655374286	0.002771292980725523214	0.0078858323934777856817	0.00026038269256304795484	0.0037275156927448448163
-7	1	-8	0.00372553685479108318	-0.0052011000377260533517	0.00014871350552119060625	0.0028182904776233581694	-0.0032412555597520487094	0.004903248842713216725
-7	1	-7	0.00071007047215448048077	0.0071408400380820078943	-0.0024371122776053535941	-7.3786095119407048922e-05	-0.0010582293689552452025	-0.0071513809088133515474
-7	1	-6	-0.0047758677782762538194	-0.0047414696556698854649	-3.9671768474206043297e-05	-0.0021647359876427281142	0.0055652337799099284646	0.0051709252670077447342
-7	1	-5	0.0031588328555555073886	-0.003481588897687344468	-0.00039058199177011105685	0.0026724930602439345845	-0.0045004823961317325445	0.005408723068811069519
-7	1	-4	-9.8558326030116868744e-07	0.0040188838470726030369	-0.0014842648659279050142	-0.003902441007755809866	-0.00036934144577644920093	-0.0080086569843160065885
-7	1	-3	-0.0018891943456271385274	-0.00048298721345112032022	0.0036686585094945090707	-0.0030305743313567765074	0.005631006309628159949	0.00011677872093368846511
-7	1	-2	0.0014608211715705845136	0.00051152874483190342858	-0.0042248461437440435612	0.0056477022217997939132	-0.0072252971723690672529	0.0010335005039882349566
-7	1	-1	5.6535921182439911859e-05	-0.0001027502360394608351	0.0020355428916862092388	-0.0032300808301852315142	0.0016397914434091297609	-0.0025108291779090056821
-7	1	0	0.00040794279460428688796	0.00076527771736680655357	0.0028555995622300081073	0.005356944021567645875	0.00043176046179750594226	-1.77210382541059023e-05
-7	1	1	-0.00013720566640017492249	3.0968877602747362507e-05	-0.0021837109819676523217	-0.0018518424235656062282	0.001223271317166428054	0.0020686245667848376234
-7	1	2	0.00049363190891171207942	0.00015312675399989776636	0.0047712282387238798276	-0.00063833093455100547997	-0.00065790243817094769003	0.00085510910627514499002
-7	1	3	-0.00042974252850825500226	-0.0035802797903203907419	-0.0089783285843632702761	-0.0041475222611632922218	0.001990043628268494888	-0.0069714787570264811351
-7	1	4	-0.00043662017339754521407	-0.00032485843493396538827	0.0053091916530106433858	-0.0094747512584312781198	-0.0020913832166983650253	0.0018001855534733801276
-7	1	5	-0.0026855891272914342825	0.0035425771937159723952	0.0015357919225167922326	0.012147271705507264872	-0.0040669831627113666589	0.0025301537301009079453
-7	1	6	-0.0023657079196685768495	-0.0056308855331258572327	-0.0061858365980799858222	-0.0029346215105766175479	-0.0017290198066000086151	-0.0060802628702173976138
-7	1	7	0.0044711451803290400489	0.0037369133815392295908	0.0093308170620413823787	-0.0027992128597297645173	0.0031381713143231286522	0.0041368009329291960743
-7	1	8	-0.0063409408251553812941	0.0020251685587283898768	-0.0032523344286463379965	0.00870436579430786464	-0.0051417814184301661659	0.00068397676459885795378
-7	2	-8	0.0064933751393658678194	-0.0016313821988555054273	-0.00042076718729725198602	0.0034711636057736649369	-0.0057868950437694466338	0.0022952503254419832392
-7	2	-7	-0.0031266148957987227423	0.0053748821250332000365	0.00073992613400445988916	0.0006991086706270508962	0.0033380223626571399465	-0.0051751367905683281351
-7	2	-6	0.00031532186560136692263	-0.005074304235730693613	-0.0003412924474552087202	0.00045580731859119153621	-0.00048163965901999760463	0.0060719573812162063939
-7	2	-5	0.0034700385050408870911	0.00024853266722866602023	0.00060704723994590753435	-0.0012856901029184289106	-0.0046152350110788787838	-0.00086222177528750404678
-7	2	-4	-0.00028690092808019183402	0.0011966035251664893652	0.0011196501369084615931	-0.00078089747444430601415	0.0010619016925945664112	-0.0024845049062635093419
-7	2	-3	-0.00019031601819788202912	-0.0012076643885536612541	0.00061998429936930003932	0.00075139803601386833797	0.00085739357537459141845	0.0033188155973011218905
-7	2	-2	0.0010973744705494623778	-0.00032260826323363416164	-0.0042697705803656652371	-0.00093641799264873603909	-0.0081105812272887836678	0.00019271092866898358086
-7	2	-1	0.0011982863932980063713	-0.0011235914464971985451	0.0070800397132957460303	-0.0035915251025065934171	0.0057720746735054470275	0.00068208992046720406596
-7	2	0	-0.00070199479501035794843	0.00043298340015161682287	-0.0024569817825362528195	0.0015154419005306589072	-0.0043334975593702310809	0.0036911030175130242828
-7	2	1	-0.0010380123828667301225	-0.0016720757195584326667	-0.0041431748016994519521	-0.0054103612679244350581	0.0010202629233317934802	-0.0008838075010601592011
-7	2	2	0.00072343026947922989614	0.0015174976010363272916	0.00078288132240939771033	0.0041018109663188617384	0.0017491246207679070346	0.0012094306373082841077
-7	2	3	0.00043401419732666497242	-0.0024217615566815863838	-0.0033321711412148406935	-0.0045642496244496372215	0.0032341472212387787494	-0.0026079438826239428363
-7	2	4	0.00080258476076794577677	0.0011600072874721682574	0.0085103437597279507631	0.0011466911131995649858	-0.0028506485485200699741	0.0014566671964765119576
-7	2	5	-0.0024191913829830560823	0.0024728591788309747627	-0.0035284609526833581733	0.0052209273708092376887	-0.001975483555102935506	0.0013736319020396694623
-7	2	6	0.001893692161775152507	-0.0040528493448378690583	-0.0025942467991178774778	-0.004754803861640334757	0.0030740564551103039675	-0.0031433896150974021712
-7	2	7	-0.00032265611501917657858	0.006632971037381340737	0.0060802040631426843009	0.0036166102504730994298	-0.002059857275917086495	0.0055996538229604545661
-7	2	8	-0.0046416906241451075243	-0.003309562588499402689	-0.0071297312444763005779	0.0024178034341146383869	-0.0022790464850078939393	-0.0035003181234656371122
-7	3	-8	0.0069382259131485751052	0.0023344034454399805595	0.00074795652588714083356	0.0029063932337099421949	-0.0057904639767973253503	-0.00095270555211875444963
-7	3	-7	-0.0072605501160668021662	0.0012118841419504946394	-0.0037049346246882698674	-0.0018084210296233323764	0.0056727209912004012901	-0.0019869217260747797267
-7	3	-6	0.0032970082937046939556	-0.0037533297089566044873	0.0018865391981814007717	-0.0014829481298641556623	-0.002903240076898109482	0.0036374105955172941068
-7	3	-5	0.0016134969477652450452	0.0039264682320195205822	0.0012804610254554091471	0.0017811721691869896421	-0.0014906191115980976184	-0.0044283522233151354636
-7	3	-4	-0.00068015394504556043499	0.0006401439240933813786	-0.00067058510689194485762	0.0027591381212162288498	0.00068733057366077209092	0.00094910172374875433326
-7	3	-3	-0.00010569292954818548488	-0.0024233236432474537965	-0.00014926752833048314195	-0.001838652623764706201	9.7349307281949633503e-05	0.0038157692104793523684
-7	3	-2	-0.0029337382500268754763	0.0020331158408622845846	-0.0038522338563888162445	0.00099399785248379377879	0.0044897330905108393667	-0.0056249086642923057031
-7	3	-1	0.0012858914231790106574	-0.00031657504511382140782	0.0028530770690545180501	0.0012654593667321501014	-0.00044200875508952066836	0.0060124034159932003216
-7	3	0	-0.00091274184863288510949	0.00058495149099418574257	-0.0021297309801433985527	0.0013648868123197668411	-0.0029270670111762645514	-0.0055109170906511078733
-7	3	1	0.0011400904505769837802	-0.0015649099596366977585	0.00097011186058758780079	-0.0039101403224188063801	0.0050702975722761237098	0.00077605124979953537308
-7	3	2	0.00048940714743163718243	0.0013800082292221263654	-0.00042526657734263446529	0.0048625262925064624553	0.0023508248820246820804	-0.0024637606364822511873
-7	3	3	0.0011521589451213608626	0.0025854860200223879485	0.0023543129104205734632	-0.0024774136980423087755	0.00033405796152926882066	0.0085102144114278816672
-7	3	4	-0.0007162128222854029962	0.0019169224891387958137	0.0013112199741105226829	0.0035945713333823754894	-0.0022367874195823472284	0.00065868585595611089424
-7	3	5	-0.0032018777547243733837	-0.0024313403940817049191	-0.0037476285666237208437	-0.0016805597591676149291	-0.0022340517166398901443	-0.0023955406962138177558
-7	3	6	0.0036040335817446663043	-0.0024348606786996226069	-0.0010800553548158378561	-0.004183411827689482651	0.0047447335227766961746	-0.00074896487797148541057
-7	3	7	-0.0041391092114303369709	0.0072369158172271496818	0.0038358093906769585857	0.0049228054871830410205	-0.0057830275217204624508	0.0051271420370058466351
-7	3	8	-2.7074043242978346186e-05	-0.0079905877259712626559	-0.0049823180882374263831	-0.0014844395435096979091	0.0018446794952514287361	-0.0064350994314087183248
-7	4	-8	0.0085066177037091909169	0.0033448738528246584924	-0.0042904061583114386919	0.0087495705956015020627	-0.009588493569901261615	0.0014480206765791750131
-7	4	-7	-0.0039260335855994922885	0.00014519585005371587506	-0.0044415587744353578203	-0.0010490109828616431611	0.0013880000002078594652	-0.00074463069740322623737
-7	4	-6	0.0048446789474822053723	-0.0037039790950301101219	0.0026826862352437308434	0.00018024778154558733197	-0.003863667948566752372	0.0044414741318988537611
-7	4	-5	-9.7536734902870487834e-05	0.0037041941225873695719	-0.0015120300131328189789	0.0023687417996355181193	-0.0010730725816422365462	-0.0032908783319139027317
-7	4	-4	-0.0022498243054765616755	-0.0017424017234600876029	-0.0014056893707923012737	-0.0012381712555912490533	0.0025315031637916812247	0.0018110317604639041434
-7	4	-3	0.0014011116843405159189	-0.0015206542577425380056	-0.00026646997448398436394	-0.001638935082182741516	-0.0036245538961065162237	0.001362946491822266586
-7	4	-2	-0.0012207082393389425811	0.0011133430525188045546	-0.0017982819293379799334	8.3602209513976673749e-05	0.00067591497901033927541	-0.0037294962647878627561
-7	4	-1	0.0015374614203565988707	0.0015917406729629266122	0.0028270754369266039123	0.0035845213577627692975	0.00054607180521022409634	0.0031959007203105900367
-7	4	0	-0.0014411752260257964381	0.00030084526581452381792	-0.0025220566455451437667	0.00052647921517541670846	0.0019646608849271545751	0.0013314262956658352681
-7	4	1	0.0016869682418961407661	-0.00094296118671447013825	0.003537175085448224926	-0.0016063674273130686479	-0.0023399226485199134742	-0.00017525859774901656591
-7	4	2	-0.0011299108415407529103	0.00085048714671736864567	-0.0029301713642318487525	0.0018656162198588102565	0.0019056547830710623189	-0.00075452742620683019899
-7	4	3	0.0014728035212453402525	-0.00046905806118806221998	0.0023014045984370346855	-0.0013593755539769208831	0.0003680020849897475306	0.00071803192919708260997
-7	4	4	-0.0032895230693881262474	0.0031344287804115932884	-0.00059517205381126603043	0.0038231333342299885641	-0.0051614933176179550109	0.0016621170314902991485
-7	4	5	-0.0027971747581884182261	-0.0034269683127736618594	-0.0029833470459578351024	-0.00015433648345742636242	-0.0015293670246975172612	-0.0046742864511171858602
-7	4	6	0.0066178217779172847021	0.003412009796387775306	0.0022464886584453469011	-0.0032442858949264727353	0.0062231329686066013188	0.0061435353590700535198
-7	4	7	-0.01004637013679582011	0.00073342732702202071988	0.00016194572448852904674	0.0050722673705420693452	-0.010138910550789264134	-0.0021650111704305907527
-7	4	8	0.011494276457199682079	-0.0066977556252378134607	-0.0025865399119531194694	-0.0082437893424298323841	0.011350761856026281987	-0.0017386415008681706945
-7	5	-8	0.0060330141845133002099	0.0049237629014897673144	-0.0055037110580217415978	0.0024969999057440034167	-0.0087187068227127257486	-0.002747667597713544102
-7	5	-7	-0.006148144224577299817	-0.0008097375014396501541	-0.0016713489297916872371	-0.0022247600876842796476	0.0049543235604403799283	-0.00077937684690626378697
-7	5	-6	0.004457567117089517722	-0.0023566746119323238318	0.0023148204080426118372	-0.00020660898198503009951	-0.003271477963235594217	0.002577279562266852897
-7	5	-5	-0.00040446452880602262042	0.0043792791025986628831	-0.0021165207282639658323	0.0033133595955383877973	-0.0015502703879355340336	-0.0028176311480997400655
-7	5	-4	0.00021089517494229180592	-0.0027249221257980749296	0.0007695767451627361002	-0.0021737741600763508913	0.00059290437530440940391	0.0020513960200511925126
-7	5	-3	0.0010673289034729967033	0.0013839263199089692734	0.00013967484078458573035	0.00071943419186113897936	-0.0022576427067960160543	-0.0020301044266856967807
-7	5	-2	-0.00079492863643149266027	-0.0015437199425899299741	-0.00037409957761359749311	-0.0017798521470394892616	0.001847001283476230795	0.00095338943146603186401
-7	5	-1	0.00097499765538914130291	0.0015147302710914894736	0.00043161838461498036731	0.0017261111826033955201	-0.0046668916646490869043	-0.0019725559846234478473
-7	5	0	-0.0014381672117844889955	0.00015040535036426350168	-0.0020134340964982843335	0.00021056749050996892403	0.0055326706100695521168	-0.00053141046703449555926
-7	5	1	0.0018517141368358180312	0.00070680447313718839514	0.0033405078407744343873	0.00042243355974952342393	-0.0037405402460214468019	0.0028354635132127013752
-7	5	2	-0.0017187141948965221905	-0.0018564739261685296503	-0.002425836188797092334	-0.00046135772219835647755	4.9090789854902822759e-05	-0.0053442644360939626363
-7	5	3	0.0020790522887034076048	0.00080887305112629969209	9.7940537138947335229e-05	-0.00094298353713686124209	0.0046878877784097055734	0.0034590096811894679822
-7	5	4	-0.0033293198118422972359	0.00092143193396946286577	0.0006426779525122667874	0.0038297630507935797629	-0.0066296571113643532405	-0.0031746979290454145801
-7	5	5	0.0022516412357624893646	-0.0069607438357438995713	-0.004179913324341189701	-0.0029634898917117362752	0.0073322110544086745512	-0.0067815514783297232981
-7	5	6	0.0022358789526313940788	0.0077824692105925028299	0.0082813071819136333668	-0.0035218421683606616381	-0.004292563873524735292	0.012014415885991804739
-7	5	7	-0.0068766182389393458799	-0.0070404452090314052423	-0.0013987279893382259261	0.0041443997864657970004	-0.0058775268179834701254	-0.010000730770792689434
-7	5	8	0.0095456720231594707066	0.0015269119714593705657	0.00052748269008652580794	-0.0063267726138477951153	0.0080227863389604574251	0.0052902808586818214631
-7	6	-8	0.0058734936915997250015	0.012248022929637744291	-0.0061698256682362114661	0.0024822220737955682547	-0.0097666762313269178675	-0.0088553535080863506057
-7	6	-7	-0.0070825495356772114053	-0.0028683691471038269029	-0.00072350779418518210585	-0.0044243636908488145204	0.0064623999978041983885	-0.00092394258790944310423
-7	6	-6	0.0079425786769026732875	-0.0022414366788191795489	0.005004945167554366442	0.0020882452506764885396	-0.0042613966221654205058	0.0047032547092988648968
-7	6	-5	-0.0031348341902715142274	0.004284089907885175498	-0.0051439063154834104019	0.0041230853720758565278	-0.0017839197121999727375	-0.0010500234245482190348
-7	6	-4	-0.0018225657795177922782	-0.0022594121644424181548	0.00080914607552512983219	-0.0035338170287502442338	0.0044032092274438310725	-0.0013467542553511344713
-7	6	-3	0.00086601556939704387329	0.00043102471665193252534	0.0021479359390520745034	0.0020471662538612826927	0.0022751688828443797884	0.0030886081688680558886
-7	6	-2	5.3438692856980890398e-06	-0.00082632863536590158132	-0.00023183722290626740154	-0.00081640162287338580941	-0.00071421521121874554251	0.00044294535516049799795
-7	6	-1	-0.00018695619179521396464	0.0019502654008391700872	-0.00093911596280301377123	0.0017207962510273698119	-0.0043260024342515850104	-0.0033270802997099717391
-7	6	0	0.00016054221403493081966	-0.0010830565124556560275	0.00018729924970741930316	-0.0012635659311982655462	0.0041376017209558638849	0.0038515183862876225043
-7	6	1	0.00038981345320879230232	0.001846432217443535681	0.0014335472624176252496	0.0023907831755314778652	-0.005872589402044205327	-0.0014196735310841163396
-7	6	2	-0.0015682791169742175356	-0.0033763910161634012007	-0.0034751489196591742875	-0.002477093662032171361	0.0049364698495677613796	-0.0043860875704753894688
-7	6	3	0.0042275861724214323575	0.00089154098022178321012	0.0042761189171960480374	-0.0012599396100758963359	0.0013121299012579137715	0.004600141507335953929
-7	6	4	-0.0062437455018083580852	0.0029478351544062449466	-0.0028298609612306471761	0.0074411816905796410518	-0.0066817631863186552343	-0.0060030610156585322706
-7	6	5	0.0020429339384405065423	-0.0052503700760554109644	-0.0040349844265085794623	-0.0082215240036812749225	0.0077020888256270044273	0.0025153106979399534292
-7	6	6	-0.0025705459383449699023	0.0070180837506193128467	0.0094406854187755878671	0.00089122369590607095676	-0.012439655680178051886	0.0072965406798164607338
-7	6	7	-0.00018856482928985031085	-0.009601645757521004923	-0.0049350127791027180099	0.0013558211467412058845	0.0040414461242267649133	-0.010763778169013468039
-7	6	8	0.0077785735573389410552	0.0065204205837232900519	0.0060268616568609906237	-0.0073496686405834068048	0.0022861056200258302387	0.01121761949119543314
-7	7	-8	0.0013456827428860115587	0.01070516460835420694	-0.0045071831226647851229	-0.0010992489979341454106	-0.0051212576323569469067	-0.010328861905502308496
-7	7	-7	-0.0071211530795959139192	-0.0097436650766436327248	0.0017737363038084924018	-0.0067307488407135048283	0.0088948893834044067547	0.0030129162359301283301
-7	7	-6	0.0089411169832830945242	0.0033777627564988590807	0.0031499779335017403029	0.0066393064453012171078	-0.0067563288914115797804	0.003805134303602751393
-7	7	-5	-0.0076528337445272197684	0.0041580299647398068566	-0.0069414230390218928726	0.00082113822626086324652	0.00099597498770745722038	-0.0046716484338705207072
-7	7	-4	-0.001182700191893087862	-0.0052876378815284877724	0.0027625577150921084776	-0.0053962359729939970987	0.0069042013372240937027	-0.00019004666006464240521
-7	7	-3	0.0026907395763085114812	0.002740565840780422209	-0.00064746305549607965999	0.005200845814725092893	-0.0077891394742107128435	0.0057406532725375637727
-7	7	-2	-0.0012409822609317949001	0.00023072502484954547381	-0.001643872221078153395	-0.0016690908586106056009	-0.0014101148605122546236	-0.0066493555921105281653
-7	7	-1	0.00049333167614952705762	-0.0014484036154920327914	0.0010463820057695063983	-0.0012030218001285420629	0.0038713523073398547342	0.0017176727075444359668
-7	7	0	0.0018723493167923431577	-3.0831380775644362893e-05	0.0018723493167923431577	-3.0831380775644362893e-05	-0.0037725672812664919759	0.0042098621918016101637
-7	7	1	-0.00084635471571846876589	-0.00018187877179118606421	-0.00093398400578860256947	0.00094221972867937703669	0.00061340503049093695036	-0.0078686895032939411371
-7	7	2	0.00094889350623271939613	-0.0014526011129928774034	-0.0012599913624408074202	-0.0016386746901074205479	0.0077310970403573443452	0.0006512575199009004636
-7	7	3	0.0065128121593005412759	0.0037443004112259737313	0.0096191455446795453427	0.0011004598076847229519	-0.007248111232551009489	0.0061689614082629188468
-7	7	4	-0.0051522949279929767044	-0.00037223285678105166039	-0.0044759032450954003984	0.0033341667152147502241	-0.0011836854450707583186	-0.0064861992509926535283
-7	7	5	0.0025321008275381979256	-0.0033040542028242802196	-0.00013715634613727282847	-0.0092435706659919954914	0.0037369600431456590287	0.0083153230484348007734
-7	7	6	-0.0068941895432965980342	0.0027722358730324901145	0.0030558535350786539958	0.0081559939308088746923	-0.011608383591437794469	-0.0062810510674057807787
-7	7	7	0.0036068393551204544489	-0.0089042009115663754704	-0.0056208699567217371151	-0.003592726193488929385	0.0092277093118421915641	-0.0053114747180774465191
-7	7	8	0.0013898827196833988661	0.0051880112388101853535	0.0070696280917012252823	-0.0019229042735704861625	-0.0049697772005155987918	0.0062220510733330880102
-7	8	-8	-0.0050051088524124516879	0.006593500662583426028	-0.0028174917374357458071	-0.0012101786471512062261	0.0015619785084251490946	-0.0069794917269117044342
-7	8	-7	-0.0011979355593297264307	-0.0097687370401931643282	0.0040959149938617220657	-0.0023922823321432425125	0.0058789812666002654387	0.0070347000891723158664
-7	8	-6	0.0064213439395359754244	0.0089309596970978000902	-0.0036261178283950477527	0.0063781113314851116056	-0.012326391700652035432	-0.0019153045379672844865
-7	8	-5	-0.0067092349668242783067	-0.0023618739710524225099	-0.0030782191424555327072	-0.0062533857269959592859	0.0044677783256251374713	-0.0066987936037201430833
-7	8	-4	0.0036996538363057956782	0.002254850405678940177	0.0060882779723978397782	0.0070688797850502705852	0.005702161731260537228	0.010191771360162396945
-7	8	-3	-0.00058083590619853063455	0.0041691694659333191839	-0.0021588082192826357937	0.0037144077097780161742	-0.0044015381369571235717	0.00017702513889696405974
-7	8	-2	-0.0033984798706273261319	-0.00030770132115328892655	-0.001118500744498224491	-0.0012614904172002022135	0.0074206765692027441481	-0.0039690070447642973941
-7	8	-1	0.00049810358845450762675	-0.00020035199938676145014	-6.2201395837961282105e-05	0.00077813397877282729827	-0.0039843362858852440778	0.0076275358258899488353
-7	8	0	0.0050267916073017150647	0.0038448319567398196901	0.0043984426563890002479	0.0033642279621473422831	-0.00180953883498063549	-0.0052563252380757614218
-7	8	1	-0.002579954172322017087	0.00090148333602794008049	-0.0026328452399613623894	0.0011017893659832521044	0.0030030827134367799394	-0.0025039315756704367058
-7	8	2	0.0024219148740614649708	-0.0068465459811359874465	0.0020918308580246962498	-0.0069896016811281424033	0.00010937862711634120574	0.0039954957905366109486
-7	8	3	0.0052198172350950951606	0.0072148001421578700568	0.0049667778388170057829	0.0053139937274623233812	-0.0010651673549567930183	0.002663883725135499092
-7	8	4	-0.00447826983261161507	-0.003251739709985637574	-0.010553421139666339587	-0.0003616779550768197413	0.013269870072262353669	-0.0049671885823212259467
-7	8	5	0.0073870649220010116062	0.0028105704517885246423	0.0081995426201690417567	-0.0030928705576074395564	-0.0027773773014690495212	0.0088833915246758383966
-7	8	6	-0.007807516598532020409	0.0024061568689294930354	-0.0044994323665429863252	0.010154619451946325995	-0.003109526209563375377	-0.010732309588844026263
-7	8	7	0.0030300384418916566018	-0.0043139911312004477345	-0.00046414401556979701822	-0.0074133577049065382814	0.0035604887453999961751	0.0041584176744070252066
-7	8	8	0.0014355648034452619943	0.0042507216398270843832	0.0054458021943108048807	0.0029915126266459191734	-0.0041896829912962006356	0.00072786880820277955351
-6	-8	-8	0.0009745560292429275356	-0.0070124442231863509667	0.0026059987813242080183	0.00064160553854432616615	-0.0033369158032564038598	0.0046177276288454369504
-6	-8	-7	0.001213059801209442597	0.010584375053141407974	-0.0024223668101608533502	-1.8982527163419801714e-05	0.0017286536677185958266	-0.0090506271573630135696
-6	-8	-6	-0.0021137280962673934102	-0.0034981537045341566487	-7.894034192394057685e-05	0.0016331915659175460977	0.0022189818854993145769	0.0013205649499774283016
-6	-8	-5	-0.00018267590687071820444	0.0066265042991644025269	0.0015016698295131890046	-0.0049526705956331323888	-0.0021834606389762407572	-2.75322059842703544e-05
-6	-8	-4	-0.00062597413491707247588	-0.0032704860834043285485	-0.00090507463261852078885	0.0021401067917169755254	0.0027491104676126503457	0.00062551554167254231394
-6	-8	-3	0.0015629882533814093513	0.0049631480248606375458	-0.00088525141937866079836	-0.0035136878531635195796	-0.00076530605508638965395	-0.00055646177461855599565
-6	-8	-2	0.00041688622392736438254	5.4324030929657520493e-05	-0.0011555811407929002677	1.9309696343450062417e-05	0.003371665891389507598	-0.00024021087816277281114
-6	-8	-1	0.0024116794377328806646	0.0023252967438607847345	-0.0013783284080666462906	-0.0025593891380187778518	-0.0034434493618641123618	0.0065233326409855152753
-6	-8	0	0.00087555492421731440089	-0.0021684604761221001716	-0.00065666619316298580067	0.0016263453570915750203	-0.003066761903739343223	-0.0042987224443060004578
-6	-8	1	0.0017826638478127421888	0.0017390092819987391579	-0.00080817713082810506073	-0.00097838915265580778113	0.0042305660402516126473	0.0026069424707459726981
-6	-8	2	-0.0034450036182732484379	-0.00089648377096587632002	0.0017162276194704491859	0.0014000142335315692889	-0.0034701003769379485699	0.0029106056212286480871
-6	-8	3	0.0043513051092390316391	-0.002284035586975655379	-0.0035513131858981579307	0.00123171472754371133	-0.00076755827725035765362	-0.0012834985671680804002
-6	-8	4	0.0010244159248121202047	0.0063569230667617554129	-0.00081569736921035574957	-0.0034251868080456501255	-9.4770851202531273356e-05	0.0026850109840513328684
-6	-8	5	-0.0046589321440843496636	-0.0073262430653133047559	0.0031745332645084518158	0.0027664691679433633421	-0.0005114653496876968861	-0.0043651410096665838392
-6	-8	6	0.0085763210531584355839	0.0077681176205715938426	0.00085194329542082557725	-0.0044268511065026798154	0.009712245447052869976	0.0018656494785680211891
-6	-8	7	-0.0202071879380690822	-0.0047205572438625276188	0.0070145200245532238204	0.0091711414074833828153	-0.0093038524902840993858	0.006435112542384555448
-6	-8	8	0.012102446693480040096	-0.0044573933029503727196	-0.0070924935888878916368	-0.0049639251774822217358	0.0019843414312221388691	-0.0083069701546950001914
-6	-7	-8	0.0061175806640943854522	-0.0085484148080639740797	0.006228459070871435882	-0.0015073609150706122894	-0.010038087185083295269	0.0077302519067347658793
-6	-7	-7	0.00062246964126949925946	0.0053993316850146884714	-0.0032424655352406802668	0.0016624481980614174911	0.0027089201284382527328	-0.0062904467852168645045
-6	-7	-6	-0.00072264591326865260101	-0.0040323971596196691095	0.00051074957368567308873	-0.00082225376457165241188	0.00012677141063536731275	0.0049916932182865964354
-6	-7	-5	-0.00076420990063700959278	0.00044200271026948720126	0.0018594839363516699107	0.001511678519644143277	-0.0016862256301279263636	-0.0026467531798251850775
-6	-7	-4	0.00053156187434579438983	0.0014176279529548281924	-0.00095668460790818740224	-0.0023884790808817047553	0.00087685525232063634207	0.0020533964621107410331
-6	-7	-3	-0.0013921308192904892874	-0.0031415808143962385343	0.0016243869086684343487	0.0029389663653930139103	-0.0010059744816453683111	-0.0005744265571245545576
-6	-7	-2	0.0027006180349403766626	-0.00020946057077354454786	-0.0033398810416549727133	-0.00073942877730550314857	0.0035877295409712742918	0.003216382432889894772
-6	-7	-1	-0.004232857555361937453	0.0019172507538992352577	0.0049295098717406600139	-0.0017467542575504717197	-0.0091094237700129962465	0.0007237752794578899496
-6	-7	0	0.0038849509107850800291	-0.0044147239329196440519	-0.0033299579235300685344	0.0037840490853596948397	0.0017330861143095557461	-0.0038723942591504523225
-6	-7	1	-0.00037646996095238471252	0.0066341477593976150642	0.00052457130933361464757	-0.0051459613077288824182	0.0014131793996209943663	0.0037831574022835169277
-6	-7	2	-0.0028222599641975773879	-0.0054948416176927228002	0.001177178089852702397	0.0040010515283611120668	-0.0043466565781082738829	-0.0024808445038142752995
-6	-7	3	0.0055354663610386522707	0.0010364814925556396254	-0.004798651938552271623	-0.0023064723375196332852	-0.00012592180121132892038	-0.0033088058024345317482
-6	-7	4	-0.0075692552235220259688	0.0019838407000836986473	0.0049234652077970201753	-0.00073536691582715325594	-0.0027378187216382525622	0.0016888689474280299627
-6	-7	5	5.3496243997837035185e-05	-0.0068409484651212933842	-5.5053988735983985878e-05	0.0037348853508046928745	-1.288009143297314004e-05	-0.0029802986670189818633
-6	-7	6	0.003400298002303567442	0.0075543406907667559613	-0.0018336573577164346372	-0.0047647845721517289794	0.0012610310849677272126	0.001995425356589739397
-6	-7	7	-0.0096271592842160375741	-0.011781219524372254712	0.00091650935246412649181	0.011874958007004042873	-0.0073353414625781914599	0.0017767698432563960084
-6	-7	8	0.017813352648176711268	0.0070936104906531008071	-0.010256976361714551654	-0.015566485971390490312	0.0043851601696322994525	-0.0083004673569768549352
-6	-6	-8	0.0015122236299627974613	-0.0024504114740524058323	0.0092617803364824120849	0.0012768897157398946714	-0.0080805029748339078643	0.00088014131873438315387
-6	-6	-7	-0.0011452463690978811027	0.0025671233860097763743	-0.0046011746324471662281	0.0011013679070714266651	0.0049255037156100403214	-0.0031444211083553170148
-6	-6	-6	-0.0026685131293467658983	-0.003197963005182865269	0.0035486604062869874822	-0.0035325488940645705799	-0.00088014727694022169228	0.0067305118992474358489
-6	-6	-5	0.0026939845955363454603	0.00057859630031791356441	-0.0022678978861974327663	0.0027601206574183654273	-0.00051130405120669510273	-0.004006460349283535137
-6	-6	-4	-0.0019008246057109952094	0.0015138755223889125388	0.0013187245282168390433	-0.0031885317601724298686	0.00087315011624123435759	0.0025119843566752762115
-6	-6	-3	8.3084873593479002113e-05	-0.0058601349952624517958	0.0010065271185205021225	0.0063832148071681429902	-0.0021792239842279622491	-0.0010461596238113836897
-6	-6	-2	0.0026957242802010139039	0.0028134594068879074068	-0.0039146645685887559302	-0.0038944045288434232278	0.0036568208651632265124	0.0032428353658665478969
-6	-6	-1	-0.0044159255099170029515	-0.0017879706074994375278	0.0059502530447012617551	0.0019355491802481492557	-0.0092059652087055528213	-0.00088547143649227047588
-6	-6	0	0.010532506009442485495	-0.00031548901226385330475	-0.010532506009442485495	0.00031548901226385330475	0.00025427763528496343404	-0.0043377507676705968215
-6	-6	1	-0.0048211226848948159421	0.0027174755348596925722	0.004740659078662151811	-0.0019801098076438657103	-0.00048278163739598749672	0.0044241943632949594367
-6	-6	2	0.0030040976355073397384	-0.003430774535255824622	-0.0036477598746985258338	0.0026347392076002140206	-0.0019309867175735587197	-0.0023881059829668318042
-6	-6	3	-0.0018636379100304301549	0.0033978562658625185121	0.003070192086980544962	-0.0031608860541832884024	0.0024131083539002296141	0.00047394042335846043625
-6	-6	4	-0.0026431774055311230316	-0.0029512582409528262742	0.0042570937810238783719	0.0033868448383204833099	0.0024208745632391336609	0.00065337989605148555361
-6	-6	5	0.0018178950132230267678	0.00011766458865932373642	-0.0013774899808071886919	-0.0021503813621366611904	0.00052848603889900564769	-0.0024392601281728047875
-6	-6	6	-0.0046359975905561363191	0.0041626001863458014438	0.0026735992240497540376	-0.0057765444927014982998	-0.0019623983665063822815	-0.0016139443063556966392
-6	-6	7	-0.0027143447608210346904	-0.0068868173654534911923	-0.0033951757175962036552	0.0090169725782213872717	-0.0052367318386433471533	0.0018258473252296244984
-6	-6	8	0.0062478824006940618732	0.0074726677542961209011	0.00047742116496497371018	-0.013689841361553779439	0.0050439776742442765656	-0.0046628802054432443372
-6	-5	-8	0.0021505073343211973148	-0.00011717937583520280048	0.0037426941672454665765	0.0047243823747484970516	-0.003952064355269314759	-0.0028648544523414082655
-6	-5	-7	-0.00068929007103549428184	0.0036380196996472382968	-0.0052016839560991637303	-0.00013315220371382539204	0.0043063086009583976393	-0.0030231938827591864696
-6	-5	-6	-0.00041631876947649607825	-0.0031646591514439990564	0.0025749072994391730869	-0.0018364423729429668521	-0.0017294373133894815845	0.0046950277955631379914
-6	-5	-5	0.0016697987337877268771	0.0011834980816074021012	-0.0011038732819535204341	0.0011447633216575346226	-0.00089988519859175199189	-0.0025649610195864172742
-6	-5	-4	-0.0022736665082569063219	-0.0006930775376138251535	0.0017523294344591714995	-0.0032063425686253517119	0.0012200879693113949459	0.0050475445172024277496
-6	-5	-3	0.00084819478322918173772	-0.0028463706410151402501	-0.00069979776861184056404	0.0058307670881117788786	-0.00053005995210529579641	-0.0040252038648226837192
-6	-5	-2	-0.00053063129380015948942	0.0026447581125371845238	-0.0018795381733963977596	-0.0055218424611104639441	0.0062907393148914723252	0.0058703318151646054213
-6	-5	-1	-0.0017744459895410206671	-0.0020356867009573005427	0.0021290043739910623904	0.0021194097932266289623	1.6540672908130985878e-06	0.0016170712396106588782
-6	-5	0	0.003327890948935103687	-0.00081513790836969539279	-0.0039934691387221244244	0.00097816549004363438462	0.00051092020122329355556	-0.0053847604369301228788
-6	-5	1	0.00030914790776453429048	0.0015899360030824387282	-0.00043425960532884780134	-0.0010697801313147585391	-0.00031641058005703304699	0.004190715361920839023
-6	-5	2	0.0017422143445573210017	0.0052729769865201663037	-0.0022001491789138370725	-0.0070559643312145961871	-0.00027372991361262994725	-0.001820979868475991123
-6	-5	3	-0.0037581447593040598863	-0.0012587987270294997456	0.0042967871105905131382	9.0130708180242034215e-05	-0.00035497766762393175109	-0.0023673796070919294297
-6	-5	4	0.0052023341532383658714	-0.0015411084392986896738	-0.007613150809678582813	0.0014325310580144833168	-0.0017129372822406797091	-0.0005209988364299301478
-6	-5	5	-0.0017647026753330862653	-0.00049738676912884866119	0.0021591686240481863281	-0.0022973947915334606493	4.152541364848275551e-05	-0.0028942589144880792595
-6	-5	6	0.00057285445772718365798	-0.00017065601899786611985	9.678473268482216973e-05	0.0040132364683085532814	0.00065350840163120205595	0.0031737077045925947763
-6	-5	7	-0.0017922107235481476387	-0.0053635865604623553932	-0.0061735761377465919741	0.00023455344077369272055	-0.0059458778614316920574	-0.0044298217369865243442
-6	-5	8	0.0054368243399262180734	0.00043367779507521501785	0.0082048569266142765827	-0.0059902534283365850218	0.0092056538340785868529	-0.0034186500464039541042
-6	-4	-8	0.0022574728044065621446	0.00059340073583639496666	0.0018995330223661255689	0.0043056929226722925885	-0.0026428711144879843929	-0.0025978970132134425464
-6	-4	-7	-0.00087996059102956323324	0.002888772472583284092	-0.0048167487432582709386	-0.0022350125602672728763	0.0035066797884586373146	-0.0011989406563472305902
-6	-4	-6	-0.00098398693700951734772	-0.0035887723960331434012	0.0034593816315462129832	0.00027163229795431134694	-0.0013222674840212911632	0.0034076841973969358365
-6	-4	-5	0.00085236600495177381777	0.00015023544674222337469	-0.0013979330726932596898	0.00072043812542909365509	9.5507252212479165068e-05	-0.00075663303643394293034
-6	-4	-4	-1.6949910668375566222e-06	0.0010677722320906418794	-0.00038753368892235532479	-0.00030158276032844029066	0.00039007617552261163304	-0.00130007558780752242
-6	-4	-3	0.0014883226927664020087	-0.0040979723134867565917	-0.00017666435036510480918	0.0045127741099751338127	-0.0027410929183793310109	0.002178912480340001144
-6	-4	-2	-0.00014029910894073992613	0.0038986432250151534587	0.00066517298563141405779	-0.0060703671762578808105	-0.00090944864444060828298	0.00044480467747030211223
-6	-4	-1	-0.001136166699990266574	-0.003224639761166209987	0.0017069454900598202748	0.0043680894019474877932	-1.0781760297681748149e-05	0.0018754809592073089664
-6	-4	0	0.0026833248043849565988	0.0023003392343679588371	-0.0040249872065774346813	-0.0034505088515519384725	0.0019019404509299389725	-0.0026441641855793479587
-6	-4	1	-0.0022802895417316838313	0.00053174514490266118483	0.0024504027329092349999	0.00025448816377420825901	-0.0038801263187531629881	0.0042084235245128005787
-6	-4	2	0.0013476346365441031327	-6.5671053691112240636e-05	-0.00074994942431093293209	-5.1823696736292786981e-05	0.0025430050610104437507	-0.00030066055454592226876
-6	-4	3	-0.00032349460789682236072	-0.00096108219715989175007	-0.0011554971389464870329	-0.00029395551085322602731	-0.0021876520677222939179	-0.0023141050754574184201
-6	-4	4	0.0045130901230534554297	0.0033476118163989986541	-0.0027471137111296467341	-0.0033678443335624667562	0.0040225214734505368441	0.0016535733910360312249
-6	-4	5	-0.0021376893042912856538	-0.0009018390742128900477	0.0018961154647525861085	0.0014893525847116744713	-0.0010483347933474735942	0.00010927517871387144659
-6	-4	6	0.0022038977043406012685	-0.00049446091275413199366	-0.002817875659464856488	0.0030616288671440382643	0.00032531393136403047523	0.0015466249986752268492
-6	-4	7	-0.00071824551223565510222	-0.0013599618106727166984	-0.0032805801198269859617	-0.0045775281965666353434	-0.0024902562218174105133	-0.0037814119500432629567
-6	-4	8	0.0043036717247003876061	0.0087817654113606681554	0.0058861674024017398427	-0.002079728904382844093	0.006170837494726160409	0.0055464596063290790701
-6	-3	-8	0.0010278453782973661929	-0.00056820975387578977721	0.0027711945905470442529	0.0065226323748912816425	-0.0018100820051781662395	-0.0020198298251773885541
-6	-3	-7	-0.00053770382697615904527	0.0014304077832249964368	-0.0033029320639297640033	-0.0026941863505044213838	0.0018764313076637495308	-7.1412521119530624945e-05
-6	-3	-6	-0.0049856390629670118558	-0.0025026038985660613474	0.0071848874439087370702	0.0022273838933655437482	0.0013931953410126435376	0.0013889119518832894733
-6	-3	-5	0.0022817688477090166885	-0.00080325490248263234448	-0.0015413540927102129755	0.00029478995594826471957	-0.0018133101616246924143	0.000787031909410200025
-6	-3	-4	-0.0019387114146463609466	0.0019036274954039708509	-0.0015678896275960153492	-0.0050506688604315735577	0.0040839843426665528234	0.00093256040221772400038
-6	-3	-3	0.002915329228259393949	-0.0055470866349055514277	-0.0029782338103380217795	0.0031712637590492588971	-0.0028524246461807661185	0.007922909510761843091
-6	-3	-2	-0.0036342850720292949745	0.0035005212787945472717	0.0054433308198926187715	-0.0045977791028306421936	0.002737858986248955899	-0.0036048951821376789585
-6	-3	-1	0.0014974352301391803677	-0.0024899687926052656642	-0.0023631152223392067752	0.0037224835516943663612	-0.0018952657138174614469	0.003772362100548495769
-6	-3	0	0.00055702277800008905603	0.0022926004083359012228	-0.0011140455560001781121	-0.0045852008166718024457	0.0011938777839964414239	-0.0070200728831923816728
-6	-3	1	-0.00069041980728734022536	-0.0015184249444915691452	0.0012142764555135672142	0.0033616280821363994299	-0.00049968947718334025179	0.00097433457945978385259
-6	-3	2	-0.00017435649883359020701	0.0013560645136937899032	-0.0001208360168625708216	-0.0014201039559321958477	-0.00070432352179462679245	0.0019380376071830760464
-6	-3	3	0.0028259494598111643132	-0.0033932078215998797907	0.00092533708821341414692	-0.0023057901405356567327	0.0065772360078357426649	-0.0090922057837354158805
-6	-3	4	0.0017308209284518619349	0.0018866493135941803626	0.0022924516640583925131	0.0030157071557799916203	0.004315570140721587504	0.0050917543372262638254
-6	-3	5	3.6874547195235452403e-05	-0.001496784578377696566	-0.002027030988714388117	0.0025093809274890997024	-0.0011719691365943503327	-0.00029051293755977622034
-6	-3	6	0.0053408357092987000098	-0.0028015729382331682439	-0.001418577799879483254	0.0043704798951574143698	0.0046315468093589577322	-0.00061633299065446105897
-6	-3	7	0.0026915360836973251275	0.00065605526191686515565	0.0014035489911082001894	-0.0023013850576020971131	0.0029085519250726500975	-0.0004239748001864428531
-6	-3	8	0.0034779432103107638628	0.010793108607246269803	0.0050612801206982192467	0.0053599686432084566595	0.0045064374529949048978	0.010104819696637873383
-6	-2	-8	0.00017070750759563994912	-0.0023689796749498566453	-0.0039409203993658247986	0.0056476472889901300004	0.00085719946914472621748	0.00036482293396486003808
-6	-2	-7	-0.0024728905303488843241	0.0024986212715183888505	-0.0050336165236293996944	-0.0043674136562228717262	0.0035577966041931575331	-0.00089384290238065571086
-6	-2	-6	-0.0013649014697026471809	-0.0052920211434404245202	0.006104903302369750831	0.0033545828933572077041	-0.00067006629775393650172	0.0041738268456546889079
-6	-2	-5	0.0054276003498827862445	0.0011897550184980186776	-0.0043190065249192576002	0.0077854287240449026458	-0.0047855178098916402799	-0.0045418775118155835582
-6	-2	-4	-0.0043724304279386559322	0.0011059763934927772586	0.0015513571388902664284	-0.0058104289926912142464	0.0057829670724628507925	0.0012462499061064414522
-6	-2	-3	0.0010449780244286158235	-0.00027315170194300839902	0.00020612991919616226481	0.0025391057188896221444	-0.0022273759949880062373	-0.0011464337420403979649
-6	-2	-2	-0.0019619377619439961474	-0.0014851923875557823673	-0.00019335817918861910323	0.0038991598898826347261	0.0060791714650206074913	0.00055641727278471248431
-6	-2	-1	0.0015388981869663748061	-0.00019192963785234518634	-0.0022881399301273443007	-0.0011402727092317927696	-0.0046571092615435606688	0.0034321232455776567657
-6	-2	0	-0.00096984426547225960607	-0.00074120496924642018458	0.0029095327964167787098	0.0022236149077392605537	0.0039481707332763796986	-0.0066022582563771588238
-6	-2	1	0.0010641460911562062534	0.00086709029491613225354	-0.0018090992026525314681	-0.00088919154360856300819	0.0027666781416321750177	0.003424158682279667288
-6	-2	2	-0.0033470725986635453675	-0.00024415855202075719202	0.0013968412113716124987	0.00038539366382863744645	-0.0086443765846190238206	-0.00034708199223363418381
-6	-2	3	0.0047440222283808347256	-0.0021844011700185126008	-0.0038717392847178533702	-0.0048964026891395017599	0.006906884933616433582	-0.0076330707994633597083
-6	-2	4	-0.0020351788680624187215	0.0037710507050699067222	0.002686287059239830799	0.0011490764934230460886	-0.0017096247724737131165	0.0062311143043163831276
-6	-2	5	0.0025494614272340769372	-0.0083214609730096512907	-0.01191476863141784949	0.0036947411937985679894	-0.0017065537398862479484	-0.0085078566900921547
-6	-2	6	0.0033595935145641852258	0.00025169732799355429937	0.0028387833655260492037	-0.00011559297616497770864	0.0043058546364062016271	0.00021316633593856175693
-6	-2	7	-0.002535036504047554623	0.00088321472233286214826	-0.0012038053058722655159	0.002064636607927339447	-0.0025168328051471226814	0.0013469373642645502548
-6	-2	8	-0.0037816580438349259481	0.0036706421990709485297	-0.0015144393255973756865	0.0053345544630335195446	-0.0032148533642755382743	0.0040866202650615916087
-6	-1	-8	0.00135494461489830487	-0.0015213426065157338671	-0.0050116299144267123858	0.0053869532312318070197	-0.0003897547218703896043	0.00046763780098282441448
-6	-1	-7	-0.0055586899677358319119	0.00085802358710577216871	0.0018075245054913699223	-0.0023903209572035807526	0.0045063736144176601284	-0.00039397436649015035379
-6	-1	-6	0.0013483442971940237491	-0.0056673122422554447417	0.007161998100131398981	0.0041759949508812605964	-0.0025420106472159235793	0.0049713130837752347868
-6	-1	-5	0.001594610410679828897	0.0023712675225650166853	-0.0043971578184373227502	-0.00044444776242056737575	-0.0010341009291283302998	-0.0027566314745939065473
-6	-1	-4	-0.0039963660359158088495	-0.0023766892154561880188	0.0020690788236742254161	-0.0022912621485027479321	0.0054772793479551567034	0.004137849360309969228
-6	-1	-3	0.0007714308600865114841	-0.00094896284673975212463	0.0031143461724725441005	0.0045157865727567638239	-0.0025809771109972044073	0.00039266350256058311918
-6	-1	-2	-0.0009033879795009159934	-0.00025118123760622089197	-0.0056576132320663753694	-0.0018026335567868192241	0.0055389705545359360986	0.001654860491212072288
-6	-1	-1	-0.00058673078589546018811	0.00022669177156548132087	0.0071714729571818553941	-0.0024379233662624164893	-0.0036510882418090942654	0.0010777727368695287809
-6	-1	0	0.0012522921947704568259	-2.7788991860791140571e-05	-0.0075137531686227413893	0.00016673395116474683665	0.0091478229821910072433	-0.0049431330714169016347
-6	-1	1	-0.00078518311640195562716	0.0022771859984683797372	0.005637187054654452939	-0.0060570364985750822784	0.00092608835624271928447	0.0076060794922351952774
-6	-1	2	-0.0010655603632935819677	-0.0038566113739920302936	-0.0038586359625203152032	0.0058265087447729284331	-0.0051259990711409030711	-0.0086565797495896275315
-6	-1	3	0.0052794366806282310572	0.0011545181725320474535	-0.0012786814337764275829	-0.0056523303751429285549	0.010132646216664320526	0.0004249262200164519469
-6	-1	4	-0.0062430019877628790612	0.0053648249383280461472	0.0038204935571624965875	0.0020265500308956460769	-0.0084093795923536954207	0.0085538749152159806316
-6	-1	5	0.00066991944786593113012	-0.0058861207087407465405	-0.0033407081663770275652	0.0015015937279808442943	0.00013576170416371188105	-0.006763026104892726556
-6	-1	6	0.0024275858413667040711	0.0063027798063163831266	0.010323672449003206894	0.0011844120219113990489	0.0041481979162005721759	0.0065001818099682832572
-6	-1	7	-0.0063731114509032954843	8.3145968690160973892e-06	-0.00078444763297095534624	0.0024726546328993474246	-0.0055747309054843896883	0.00036036317344477773782
-6	-1	8	-0.0030743690293335173593	3.1762416118357861673e-05	-0.0059381042817510318321	0.00043188122302917553901	-0.0030480398072190171069	7.7806964967415347101e-05
-6	0	-8	0.0036413309012174994127	0.001327307899490372603	-0.0048420324113197009755	-0.00062261838811987545248	-0.0027309981759131248848	-0.00099548092461777945225
-6	0	-7	-0.0016993288972696129428	0.0004595925898789165868	0.0013925657123255593371	-0.004988063133113206267	0.001456567626231096901	-0.0003939365056104999238
-6	0	-6	0.0029631985622875227533	-0.003568425793325944069	-0.00095147516246605451894	0.013439647670037697946	-0.0029631985622875227533	0.003568425793325944069
-6	0	-5	0.0013730485381980254023	0.0055628562353795671033	-0.004261623961527054999	0.00015120947453553559001	-0.0016476582458376303961	-0.0066754274824554803505
-6	0	-4	-0.004735105641870627699	-0.0012050237215405093603	0.004307642278297613668	-0.0012932061253655426861	0.0071026584628059415485	0.0018075355823107641488
-6	0	-3	0.0025007929073743956176	-0.0014246270897192232947	-0.00058030715169992851035	0.011813705022757739135	-0.0050015858147487912352	0.0028492541794384465895
-6	0	-2	-0.00023127299556870492677	-0.00058434301433449504278	-0.0037642977116084767875	-0.0089383925098893181327	0.00069381898670611483453	0.0017530290430034852368
-6	0	-1	0.00041452732250005220032	0.00073044982999648049287	0.0046169713863189977207	0.0058961440183312218213	-0.0024871639350003129851	-0.0043826989799788836077
-6	0	0	0	7.1745584559228696739e-43	-0.013256544299862022679	-0.0054827413901844083977	0.0036204890803193463984	0.010417698502246294442
-6	0	1	-0.0014247427443660892754	0.00043529708677238156036	0.0036243199715500140287	0.0043613185664352419058	-0.0085484564661965356525	0.0026117825206342891453
-6	0	2	0.0018933870321553513631	-0.001734309131558360844	-0.0015415774956303879978	0.0046140816200915934359	0.005680161096466054306	-0.0052029273946750829657
-6	0	3	-0.0014736703295788122162	0.0058318297748752448775	-0.00071745890700787269892	-0.0066716036027944930487	-0.0029473406591576244325	0.011663659549750489755
-6	0	4	-0.0060755490914923201973	-0.00057785515074100513022	0.0048315497996240302711	0.0028023015534047457376	-0.0091133236372384802959	-0.00086678272611150769533
-6	0	5	0.0061777170113224465567	-0.0061061792081321822692	-0.0049493239558301661482	-0.0056024927137293687243	0.0074132604135869360415	-0.0073274150497586185496
-6	0	6	-1.201204437630233356e-05	0.0068407872007509827605	0.0075121988679620948712	-0.0059815588486501949234	-1.201204437630233356e-05	0.0068407872007509827605
-6	0	7	-0.006104767799969958858	-0.0047750504217445840019	-0.0014595997039277557213	0.0021325149019177061689	-0.0052326581142599646115	-0.0040929003614953579637
-6	0	8	0.0034322874038211674888	-0.0035329347765364767751	-0.0061983285927833028234	-0.0026556595024654367637	0.0025742155528658753998	-0.0026497010824023574729
-6	1	-8	-0.00040330056420032821219	0.0018617402305075815214	-0.0023470275382876625014	-0.0032905604850954231315	9.0969808642883718766e-06	-0.0018076252335176140867
-6	1	-7	-0.0053617733530206277207	-0.0040514596047292860542	0.0012538762728671805791	0.0020059153002015377154	0.0047749309129987071651	0.0037592389897967504533
-6	1	-6	0.0025855217689771739509	-0.0039062155544813425591	-0.0030226428571985810775	-0.00031538938517562437221	-0.0030892955785102706526	0.0038536506569520718665
-6	1	-5	-0.0019192807660549108997	0.0024015325320983099168	-0.0024926930733834232884	-0.0010710926586833401271	0.0018045983045892083785	-0.003096057570254640099
-6	1	-4	-0.0011376575211619742879	-0.0033788260006914184151	0.0021159160467782117503	-0.0026402098299553936056	0.0022354652934375145862	0.0044081865435482790044
-6	1	-3	0.0015736549739066023508	-0.00058901884012182309253	-0.0050355597858791414922	0.002977931952260693977	-0.004825829876439585199	0.0021706816643305439606
-6	1	-2	-0.00019584886140851969546	-0.00011784817487147294783	0.0013953684015166538217	-0.0055294364245599197591	0.0012852307849838858888	-0.0024111736876655407921
-6	1	-1	-0.00042204596697455865452	0.00099121323080878106192	-0.00075369475419429269539	0.0090610971806916323912	0.0017785810476530592317	0.0031138177958389451523
-6	1	0	-0.00053804437108811347182	-0.0012922251620118240228	-0.0032282662265286803972	-0.007753350972070943703	-0.0041214760073393728185	0.0047456756993005978773
-6	1	1	0.00049567101047145632146	0.00060991728069785414255	0.0043583123445761779574	0.0042528431429653653154	-0.001384286281747439595	-0.00059333945877824002639
-6	1	2	0.00053719673356293878418	-0.00079460963356863770646	0.00039680483822785632495	-0.0019858285696954503484	0.0014131877815748881359	-0.0013909146158581880536
-6	1	3	0.0012878823743975790876	0.0043161427082802532665	0.0054995994601263111651	0.001357924474552776135	0.00074256492875305452582	0.0081796439250429141266
-6	1	4	-0.0059691631016972499998	-0.003916833841189817228	-0.003874809343528837647	0.0043169796113740957488	-0.0079850423166636652628	-0.0069544956646282497792
-6	1	5	0.0076127890538744413806	-0.0030159422014400731442	-0.0015162623196606269532	-0.0040639986303545889285	0.0094385993285814543535	-0.0028063309156571699873
-6	1	6	-0.0025061530336764003234	0.004199787624334511138	0.0064438057068428016699	0.0056063885477430934132	-0.0035801206514835342241	0.0032653895330439957137
-6	1	7	-0.0033940377942550848007	-0.0024574938674732263282	-0.0021679855777717569644	0.0039272130062160777106	-0.0025994630268226788343	-0.0026674537444364909353
-6	1	8	0.0031461213178339501179	-0.0017809448718559960523	-0.0044197382794791901031	-0.010530478703320694453	0.0029120582733103612429	-1.939881597691021231e-05
-6	2	-8	-0.0024701760459180477185	0.0025923041418560244589	0.0003705566436975565414	-0.0020330967110207607933	0.001945271195362924992	-0.0024525022841472084341
-6	2	-7	-0.00088910247481297530019	-0.0043619918399577821064	-0.00130733284672844975	-0.00012063682370538611401	0.00038856416506013601204	0.0037043824846194170659
-6	2	-6	0.0026370066745057541002	0.0010665906906335105228	-0.00040815177251177567471	-0.0031392065562258607975	-0.002773057265343012532	-0.0021129928760421309332
-6	2	-5	0.0010522506417248213024	0.00096992095558428843925	0.0028849644506944546914	0.0032864007924139218911	-0.00010871498979200355621	0.00015065517026442267813
-6	2	-4	-0.0029342261647785521962	-0.0032172618670265724049	-0.0031230111894634936948	0.0027453689450280954754	0.0028398336524360816638	0.0061985772730539069955
-6	2	-3	0.0026554293404048648353	-0.00084155584231975692853	-0.00085481168820635716234	-0.0023084426225828862458	-0.0058807331396139679233	0.0001441499362509230536
-6	2	-2	0.0009646789134114773772	0.00075398326633917430156	0.0083026851168360657485	0.0030993578008517686483	0.0054086483766016329663	0.00083740800183424574359
-6	2	-1	-0.00072568445648076669238	-0.00042996328429517529507	-0.0046057331221022986337	0.0013126794384560902008	-0.0048573595053199979804	0.0052051385826832321721
-6	2	0	-7.4036696772358120641e-05	-0.003615077411053539691	-0.00022211009031707437547	-0.010845232233160619073	-0.0043748609301433255894	-0.002942295485733103632
-6	2	1	5.5362815478331376252e-05	6.0706708403856724985e-05	0.00035140527978559530026	-0.00094674201306942161287	-0.00037063366670120237011	0.0022577242765619833995
-6	2	2	-0.00072118686878782690703	0.00026779931922293908654	-0.0050246368120060828921	-0.00051539345297215647789	0.0028610762056426020626	0.0013187914106409736291
-6	2	3	-0.0011476536456475512626	0.0012530864032501572679	0.0027170153284446882554	0.0025587582892495617549	-0.0041066508435915610731	0.00080033394700060669913
-6	2	4	-0.0017631261877066768673	-0.00343471630043878191	-0.009046926450188721644	0.0046383017333387725756	0.001878773943534345521	-0.0074712253173275598034
-6	2	5	0.0024451675637908966074	-0.00040206703811339995292	0.0060101222557945102598	-0.0067985958868936593666	0.00053015217423127197673	0.0022369579090213841284
-6	2	6	-0.0042170345834771855512	0.0020060761301493017922	0.0036545071207491797334	0.0054554125748746754021	-0.0054352036237269116953	0.00018760527185774356876
-6	2	7	0.0014915272586735492475	-0.0056806631880282412728	-0.0073350122222408204939	0.00093514376740270620161	0.0033741697137889908008	-0.0051363238089964079885
-6	2	8	0.0060672769887627885782	0.0019371920673196410881	0.0054366930867627673643	-0.007393933078853442975	0.0031912844698813993757	0.003301377320203091343
-6	3	-8	-0.0035841298754891556984	0.00042292118172323225856	-0.0017660505543729645463	-0.0018563574806756636543	0.0020258284487270051231	-0.0010133249415457980507
-6	3	-7	0.0014080838373782939531	-0.00082453748571304050392	-0.00018519819315482985629	0.0016624606385113025776	-0.0012862996576763219021	0.0014192295471160214747
-6	3	-6	0.00217554976296949849	0.0031683719176855192762	0.00036512108442928126401	0.00092924189033494772414	-0.0019929892207548576682	-0.0027037509725180456852
-6	3	-5	0.0014332532896235068189	0.0034125313569221484185	0.00038045338863611167981	0.005339908816056383907	-0.0014916319143665412398	-0.00089109233867274773629
-6	3	-4	-0.0018860106312947554335	-0.0015146372568262561099	-0.0010049772478205032649	-0.0049326168944702529842	0.0020752830110767556474	-0.0014275067856133055733
-6	3	-3	0.0067829991480121126085	-0.00058970153764232962051	0.0056871179831407079469	-0.00408130301646471641	-0.0078788803128835172701	-0.0029018999411800569521
-6	3	-2	0.00092452097165356182749	-0.00030120513160039477998	0.0024582062622666139146	0.0021878973998504290879	0.00091374647843923560622	0.0041854614945768279718
-6	3	-1	-0.0011434790867483831962	-0.001722725594255150117	-0.0042051480605023016518	-0.0051875267717238224621	-0.00575456966101660361	-0.0052262267496405679854
-6	3	0	0.0045740984235781451811	-0.0052899079846556425546	0.0091481968471562903622	-0.010579815969311285109	-0.001719515487890846666	-0.0051271343353421995268
-6	3	1	-0.0028883710467635169243	0.0016365366884611004788	-0.0046186152617421439778	0.004042289198804448723	-0.0034743804953546709134	-0.0023076474656467424289
-6	3	2	0.00045931650500909007931	-0.0013212882999407238403	0.00077149582188658361037	-0.0026149735942990652918	0.00022070578219739482237	-4.1404508373573935482e-05
-6	3	3	0.0010945733511888695953	0.001946020986964208839	0.0048290812841976955838	0.010294617732439696398	-0.002639934581819956827	-0.0064025757585112787196
-6	3	4	0.0019853979385144339929	-0.0026303991181010162245	-0.0063695513778564555318	-0.0049275167684894923686	0.0077552604411639924215	-0.00024996110078440489767
-6	3	5	0.0017429205729331202334	0.0030469311739847282187	0.0071683782482423064747	-0.0014695704626033259926	-0.0022095222614256396047	0.0045380596863436690677
-6	3	6	-0.0069133694998206960541	0.00017676427535784992851	0.0011261731097461505965	0.0064277369068631044421	-0.0074764560546937714608	-0.0030371041780737025907
-6	3	7	0.0014311490921937338166	-0.0067603542441203113081	-0.0054398980112468674555	-0.0026878620302563174804	0.0035580840838432864666	-0.0046426484819932735057
-6	3	8	0.0063078328602913392303	0.0059623535904838606894	0.0034906874870512531912	-0.00077058909952425419868	0.0034218668375742846387	0.0047607361051844911126
-6	4	-8	-0.00030201880667147910659	0.0016815920485626159337	-0.0020809335828343620244	-0.0037091137702880113206	-0.00081395268641357165513	-0.0031157509215659676648
-6	4	-7	0.0017403077383766226132	0.0013249098112278413948	0.00019162874647486884518	0.0017652682591065087768	-0.0013821902063371801356	-0.00012691226156300191002
-6	4	-6	0.00047801646312695757245	0.00081131108738827391585	0.00073629250662451311074	0.0012153734086445700663	1.2845207956051165785e-05	-1.0621482918938733527e-06
-6	4	-5	-0.0019704130000748765889	-0.0014030118375815323582	-0.0019971431399852437177	0.00097918409835748136151	0.00076678108810165695412	0.0024669614837838239191
-6	4	-4	-0.00034118267923058322351	-0.004077264316849309525	0.00098059756045750130771	-0.0036727709505400369869	0.0014923715793033762514	0.0024431255247339277344
-6	4	-3	-0.00064865926732006300159	0.0035625326901224489695	0.0001935173210874069447	0.0053156108563205831455	0.0015553416294233352989	-3.7584238484120924457e-05
-6	4	-2	-0.0012524206925267399124	-0.00092416458399526230181	-0.0033149197307994057379	-0.00020164055620691133971	-0.0028725773840185919554	0.0023692126395719642802
-6	4	-1	-8.4073076179161048793e-05	0.00022227245702459175756	-0.00047043272854851975575	-0.0016278611990506056204	-0.0013772924571191127573	-0.0078450795383499735691
-6	4	0	0.0027286123780281930015	0.0017620093284070189547	0.0040929185670422890686	0.0026430139926105285404	-0.00037909519958608678143	0.0075584406883811294797
-6	4	1	-0.0041969922208146452983	-0.0015288000662428988339	-0.0061141218620470649467	-0.0007263310439052509445	-0.00072546587669961081022	-0.0062674762218363887917
-6	4	2	0.0036926281491664121777	0.00045379288863886183122	0.0074833846606650097216	-0.00064665729817621508176	-0.0038888848738307829102	0.002654693262269015603
-6	4	3	-0.0035875031321232586472	0.00074515710353277380632	-0.0051009712601589934575	0.005092287409708489386	-0.00037371125070119264825	-0.0052994023392124384522
-6	4	4	0.0022288331082910479465	-0.0017226036224740339745	0.00013794898960535248553	-0.0060965205971516200564	0.0032053006728312190277	0.0035126151634405689862
-6	4	5	2.2392282818815294654e-05	0.006857514429167372097	0.0037787712395320354787	0.0033637300165950808836	-0.0029961462522430501107	0.0055380333017247818095
-6	4	6	-0.005131017269559096268	-0.0021648540574279147644	-0.0012416545064081259582	0.0049054322141644521663	-0.0043032475986203456292	-0.0054351422002042164977
-6	4	7	0.0068937978168602731185	-0.0036448578119406918087	-0.00026712546325923257123	-0.0032008677914578775696	0.006061612679171224545	-0.0012950965294018059511
-6	4	8	-1.0611378051991318506e-06	0.0087806954629151157815	0.0026285823304217212013	-2.531175812421914922e-05	-0.0013150870185647599124	0.0065981774762484462701
-6	5	-8	-0.0029652261185953219906	0.00050972123888339839447	1.5990136057045978057e-05	-0.0035451973904003925009	0.0022339134239821450967	-0.0025980392981627942715
-6	5	-7	-0.00034978462870054356781	-0.0029619188205576522238	0.0050308210155158234259	-7.9575061575416514777e-05	0.0038932589785403400387	0.0024819482307812616023
-6	5	-6	0.00023170615791041500298	0.00080286703224346763017	-0.0018663210080675069445	0.0024947643974269060642	-0.0017869736646333375923	0.0012761032989456208651
-6	5	-5	-0.0015487102103240585338	-0.0040597304784175912429	-0.001527917537594200223	-0.0043874789328332665719	0.00033053471479466996338	0.00048419764126784244247
-6	5	-4	0.00088204883905348345323	0.0015056796432165030653	-0.00031123994592865467969	0.00057766560891164158743	-0.0017121231909910435837	-0.0015364374536852025595
-6	5	-3	-0.0018890325117515316834	0.00076345736217053156679	-0.0013782576414976043053	0.00051256451894756598422	0.0014809689543403897413	-0.00067264052609511989882
-6	5	-2	-0.00022310744939853276777	0.00076752999555889040231	-0.00071385868890669616944	0.0004365860093828945643	-0.0011153243740711419035	-0.0012111249632194348233
-6	5	-1	0.0020031330331210591041	-0.0014051266184581297919	0.0036263317430595735057	-0.0016561251819701956842	0.0061128605165715116029	0.00015013380089780051989
-6	5	0	-0.00085157711632837418837	0.0041105549005616554004	-0.0010218925395940490694	0.0049326658806739861335	-0.0050805341062875666869	0.0066990145483294249312
-6	5	1	-0.0031880848668526069398	-0.0025978793255400133358	-0.004603272458251278336	-0.002483084484148240581	0.0038878530901407530769	-0.0031718535324988766759
-6	5	2	-0.0027408394858777383393	0.0014084826958183907161	-0.001142661022574374555	0.0010889724718708118558	-0.0053658659011972791725	0.0015030169077781426173
-6	5	3	-0.0019512838468962380879	-0.0022043940799426802249	-0.0026191964918780628706	-0.00093669806391513362517	0.00046275979267096242981	-0.0028476247200268042271
-6	5	4	0.0053151291793982384862	-0.0018440147035438177615	0.0024190732718501251931	-0.0020169403759538878651	0.0049488521792847017799	-0.0002448465853733666482
-6	5	5	-0.00046806197176860859198	0.0055570677330527736004	0.0037063277326340928614	0.0017552474557669009263	-0.004268002098756423085	0.004913233823896427134
-6	5	6	-0.0038551672415838545392	-0.0062242542637931455585	-0.0030834949387871578123	0.0020931333012524306128	-0.0012855881259278899124	-0.007968532014836837013
-6	5	7	0.0068053125644127005975	0.0014170017956413160504	-0.00094323434185030700233	-0.0036901298723397021016	0.0065068638708182489905	0.0038503800193637723395
-6	5	8	-0.0077678152850552146386	0.0030567878422211214491	0.0020382666784457587235	-0.00049025314992936878944	-0.0070997781378200099101	0.0025989991003716964718
-6	6	-8	-0.004572207236104363498	-0.0016688908894250170569	0.0021815508229701906749	-0.0037976196349735701595	0.0050653185443059155213	-0.0015965465591614149896
-6	6	-7	0.0032112877904060996813	-0.0010522903212451389932	0.0031811417470727324126	0.0028098587571795431705	-2.5839465714314908674e-05	0.0033104134957925848357
-6	6	-6	-0.0013348296908208376506	0.0043483596565377204482	-0.0043259664375000072417	0.0024343682059855351746	-0.0029911367466791695911	-0.0019139914505521850568
-6	6	-5	-0.001457860890174131948	-0.0026613570869458446667	0.00074432737364627128956	-0.0037294074752285133467	0.0026426259165844841019	-0.0012816604659392025894
-6	6	-4	0.00077211160392601804834	0.0011551125525297166637	-2.7855696161713467616e-05	0.001248880981070608822	-0.0011999509501315972892	0.0001406526428113381562
-6	6	-3	0.0013142420551444384657	0.00080808890204184789276	-0.0001479881586358368817	0.00082907653901069533215	-0.00292446042756055102	4.1975273937694885563e-05
-6	6	-2	0.0019439227228193278838	-0.00012242531074986432501	0.0021582638808900064462	1.0603096429789302392e-05	0.00064302347421203536176	0.00039908522153896092794
-6	6	-1	-0.002608431575844317573	0.00093613486758436191548	-0.0025836282765575521725	0.0012625094234439040563	0.00014881979572059191507	0.0019582473351572528449
-6	6	0	-0.0017833974734115967502	-0.0028980816781448465354	-0.0017833974734115967502	-0.0028980816781448465354	-0.003460852962217865654	-0.0090079663147019286423
-6	6	1	1.3853233257598409746e-06	-0.00097385233534414653456	-0.00045268451930451986858	-0.00095995981941376224127	0.002724419055781678381	-8.3355095582306085004e-05
-6	6	2	-0.0030118982284793567941	0.0027978399599459832618	-0.0021430065650409500441	0.0027166187595079635368	-0.0026066749903152206837	0.00024366360131405857868
-6	6	3	-0.002089548472826420044	-0.006643004888975159207	-0.0030679388716520141107	-0.0030077571360391189975	0.0019567807976511881335	-0.007270495505872080419
-6	6	4	0.0051874282037924811586	-0.00022482191123823427751	0.00083375616248391060809	-0.00086405882952838295504	0.0065305080619628566932	0.00095885537743522304341
-6	6	5	-0.0056464777479880694927	0.0068765039392640137442	0.001166746416397184934	0.0029747956980027785365	-0.0081758689972623050518	0.0046820498895134825962
-6	6	6	0.0047024845036202200105	-0.0087823679011700128694	-0.0016232027063324573884	0.00067479786893242599613	0.0063256872099526776157	-0.0094571657701024384318
-6	6	7	0.005070518261794236016	0.0063506025599485193059	0.0016042907376942281555	-0.0047385950484940689634	0.0029710521635142920181	0.0095050265215222175252
-6	6	8	-0.0097423269560234157516	-0.0087871121235450211362	-0.0048826549302558247892	0.0016588654816124738956	-0.0036447540193256930049	-0.0078344832038681217617
-6	7	-8	-0.0042692890292594506615	-0.0064090307603333271369	0.0069793293688193537919	-0.00099056451020637257751	0.0093088799696615220219	0.0039400291238194194016
-6	7	-7	0.0046596449774847963424	0.0028619813504135640375	-0.0011360768009301138674	0.0057823342820790624499	-0.0051300582102027959819	0.0033292074102960074987
-6	7	-6	-0.0069818503090258990026	0.0021507356510985921154	-0.005023929097316202734	-0.0018724800746734305678	0.001120599695490329074	-0.0043352957382175941192
-6	7	-5	0.0034956195073595924296	-0.005745736896465725857	0.0053072409542894707565	-0.0034497047450743425524	0.0032353939271737475365	0.0020652976326547916285
-6	7	-4	0.0036263750256114862802	0.0016919138813683532677	0.00031577297382863039063	0.0038730460717437309622	-0.0048869598342171256811	0.0042399598034989997158
-6	7	-3	-0.004132593220860884646	0.00028657265220110916598	-0.0038070679475888328375	-0.0016342680598796159412	-0.00061797210265217359781	-0.0043864374441213221587
-6	7	-2	0.00048089766873443321295	-0.0048415979099420197382	0.00037248522624269014576	-0.0033428660522969778392	-0.0001389947143538840745	0.0028247625467866365606
-6	7	-1	-0.00020256363785128500619	0.00011386091601588739367	-0.00040242245024174258788	2.3886110944685829647e-05	-0.0016015753245844878069	-0.00051596271948252349013
-6	7	0	-0.002579680764762841156	-0.0014851493212907100269	-0.0022111549412252924814	-0.0012729851325348942159	0.0024444700825946752594	-0.0058097597581791742341
-6	7	1	0.0013861435559658879645	-0.0011268977395948608002	0.00062345549657289930923	-0.0014512648615515179144	0.0039526728597850330563	0.0033974675932914610334
-6	7	2	-0.0019445045381179817089	0.003208086800231174044	0.00051119576527739927184	0.0032541144529554589561	-0.0076226987928248429033	-0.0017651401846505844311
-6	7	3	-0.0016523908848449255209	-0.0037015401581531738422	-0.0016854573213604152893	-0.00033602580602705396174	0.00062795198015111789412	-0.0066190201022432223338
-6	7	4	0.0078909817470502342102	0.00042706766588972286045	0.0035710860959762918097	-0.0043706221869054774284	0.0055870719526168411903	0.0082891903259191702241
-6	7	5	-0.00408177374836834507	0.0041210543484150648913	0.0024914609917312882659	0.0047048445261025136771	-0.0083861738864658176562	-0.0016415171184454410615
-6	7	6	0.0056589180285284311142	-0.0051955592529564567639	-0.0061768553044632117793	-0.0027172326014591129638	0.012865249217068844279	-0.0020254545512541580893
-6	7	7	-0.002894411595810324634	0.010250526698843161547	0.0036943223885900614879	0.0023390235048974332942	-0.0061752466135703400554	0.0064471422369681338077
-6	7	8	-0.0041913041535322232561	-0.0091100281266023788035	-0.0042055603117561292728	0.0031910236261827444083	0.00053638715763744534634	-0.0096246667678616861646
-6	8	-8	-0.00010901905971669881095	-0.0037475878674616998343	0.00019054352284838291069	0.0029983935323048089769	0.00027230781763590701213	0.0058090844329010838526
-6	8	-7	0.0026213605473309684046	0.0072964467492741590451	-0.007052151847909007322	0.0035215877105773864958	-0.010306482581036838925	-0.0022294255444322659196
-6	8	-6	-0.0052372146411871047314	-0.0042034285026155424406	0.0010120013607899836124	-0.0063241173230251497908	0.0065865497889070834595	-0.0042287279280846575696
-6	8	-5	0.0077001494305613937125	-0.0022023461220057397036	0.0054867150907102766114	0.00087008824781690640836	-0.0004614351715372306032	0.0040349565429139378978
-6	8	-4	-0.0017884835745434796324	0.0050878474768381405299	-0.0030551712482197075638	0.0036947016003353837232	-0.0034276171346241954621	-0.00024236801458644435131
-6	8	-3	-0.0041396742646297611176	-0.0030046357558927050575	-0.0011297102794835523192	-0.003858637724207673262	0.0052667877839700496731	-0.0042804290861017191619
-6	8	-2	0.0017859617218588562989	-0.00080592194127141207529	0.0014303697415435690822	0.00054165421923929840241	0.00036359380059770748635	0.0045843827007714301608
-6	8	-1	-0.00033063212152758039968	0.006175543079737159935	-0.00068633675062755453503	0.0040350989349404496956	-0.0035069012758549536653	-0.0047724669988993637798
-6	8	0	-0.0014771514445550018666	-0.0013184869063077094432	-0.0011078635834162514542	-0.00098886517973078213659	0.0052223401165498849891	-0.0020950275185455460858
-6	8	1	0.0052163527788934467566	-0.0021086891732897813587	0.0041617283381795971281	-0.002876804423254300698	-0.0019957100320760930157	0.010362300346295717432
-6	8	2	-0.00048658181314047290562	0.0041587250674956178706	0.0010234032914777553298	0.0045470784557185648517	-0.0055533586053324399817	-0.0057121386203874040602
-6	8	3	-0.0014616223649147894528	-0.0067831693171768580458	-0.0051366065143220928854	-0.0027872595671194961599	0.0107743726416960027	-0.0061336464553683935769
-6	8	4	0.0074067862479039025397	0.0022986080121864729126	0.0050392817676752407058	-0.0031644523046888365508	0.0010316158365053728317	0.0097768166276573816031
-6	8	5	-0.007342967401063283002	-0.00023054416988566522146	-0.003973101821654939983	0.0075629019499533663151	-0.0024545979666280347622	-0.012377296123788184001
-6	8	6	0.0070456019108330542391	-8.6259950689290734033e-05	0.0014536361711721778982	-0.0053978772388976825961	0.005107420349270150664	0.0071109097011742864944
-6	8	7	-0.0061110937073889561727	0.0052376049274127324182	0.0046263290730695263292	0.0046253615855718945016	-0.010525313546984278734	-0.00079675187429982302547
-6	8	8	0.0036192376355930443166	-0.0054674734623457342184	-0.0029591351031677979797	-0.0019530002131753260077	0.0056735633298625812171	-0.0021476048835839746561
-5	-8	-8	0.0045634983885457919284	0.0077559534960281017318	-0.0018894272509792807077	0.00043490005661506891564	-0.00096275924186183903068	-0.0052823709916326325522
-5	-8	-7	-0.003033166766284836266	-0.0016701513400569404331	-0.00090081278619529676563	-0.0013418894089433253559	0.0031960480172837936984	0.0027265531388330436352
-5	-8	-6	0.00011683795834101351322	0.0047334786936373942148	0.0021222080294090958121	-0.0028762594640813080385	-0.0029269756711629720501	-0.00010955295925608452879
-5	-8	-5	-0.0018442136117202462178	-0.0027039955633207189006	-0.0018913705401917043757	0.0029480944305529267063	0.0048704064760269737827	-0.0020129555255639637427
-5	-8	-4	0.00017388095263470474501	0.0023147280668178965395	-0.00022636354894286375445	-0.0028129307514687400434	0.00023537590709234659119	0.0027324514194151097377
-5	-8	-3	-0.0020906437184667323904	-0.0028893054809977758955	0.0012123915040478960327	0.0027635628068241472124	0.00025136218665016411182	-0.0025539916832014331743
-5	-8	-2	3.2840000339423507472e-05	0.0025208015172631624556	-0.00055983182095183851943	-0.0025975155562516947724	0.0021572272829587951261	0.004088058431848873818
-5	-8	-1	0.0015416777606149490408	-0.0033704819854704741455	-0.00050055084118054773978	0.0029715687009877122735	-0.0037039820736303637194	-0.0069201396805493257253
-5	-8	0	-0.00090690641766034139123	0.0038849576551126139765	0.00056681651103771338307	-0.0024280985344453838437	0.0072319859844115364639	0.00051034866392506421807
-5	-8	1	-0.0045191227654490847415	-0.0061341219865413531415	0.0015219891253206311102	0.004486274736412104204	-0.010419700824680373091	0.0052195879585900687922
-5	-8	2	0.0057466023161946355388	0.0034706763873247432547	-0.0031615036802072368598	-0.0035457053977790385646	0.0017204910696576405406	-0.0055061306228042965552
-5	-8	3	-0.0024064468807492335467	0.0022837260539203254814	0.0023002964076625494021	0.0012438904531979068195	0.0021233789525180761168	0.0071232512983949603652
-5	-8	4	0.0013408940510890709347	-0.005362086798912614298	-0.0027713907050122021415	0.00093953372555508876587	-0.0038666638461630656147	-0.0048235410475305903408
-5	-8	5	0.0020385000000302860509	0.0049723442967970574863	-0.00020539603496298213165	0.00090698766826931005551	0.0017098663440895144668	0.0064235245660279535751
-5	-8	6	-0.0079274997573721191907	-0.0028934173187610177057	-0.0011914940449416987732	-0.0013662242104816564939	-0.0081949085243990301558	-0.0042328133796097231964
-5	-8	7	0.014493505806039108999	-8.5454834218441313347e-05	-0.00097239732888964669835	-0.0045676381507171398902	0.0092411929141540533061	-0.0052811970538327616606
-5	-8	8	-0.013133629277886573958	0.0086941900605392585799	0.0070235036910350490125	0.0055252868792863771286	-0.0011850146076440601448	0.010959155667123413741
-5	-7	-8	0.001458726649377943595	0.0040340310562261717103	-0.0011682495716824916037	0.00432189376856596634	0.00011051421936096539279	-0.0063029264576365783002
-5	-7	-7	-0.0028449741762548324576	-0.0020642673267446663178	9.3966099148647545315e-05	-0.0033656364788127862697	0.0019381583124619470963	0.0048401131407732620252
-5	-7	-6	0.00036762432011089795584	0.0004832224003176177618	0.0021110930817181141304	0.00033563466064103034429	-0.0027692955287635478805	-0.00079425910434588356361
-5	-7	-5	0.00040046817163647707325	0.00090717614966104819212	-0.003012219350211885107	-0.0010204487133438093407	0.0038166389186601620657	0.00052145204902028494988
-5	-7	-4	-0.0018696659582696346057	-0.0019134459336228376233	0.0048454153430683476536	0.00073314554072738337583	-0.0061423944025325643778	0.0011088027207556262841
-5	-7	-3	0.0053307619854219496017	0.0022257718173625852531	-0.0039850322683114315636	-9.8624495424197417383e-05	0.00041380531702342433038	-0.0034794958729478481056
-5	-7	-2	-0.0036985947269201147405	0.0025598605379154033661	0.0027495822269468133195	-0.0023939361128995874026	-0.00037705097701355987528	0.0019791250503600477106
-5	-7	-1	0.0057550326627805355184	-0.0050175912788125061337	-0.0038360871665447755438	0.0044868754858492058968	-0.0019225531480892457496	-0.006320172006881908007
-5	-7	0	-0.0016747701046364896985	0.0030778270260186902339	0.0011962643604546355919	-0.0021984478757276358814	0.0045089109368893712931	0.0028267089881585773584
-5	-7	1	-0.001248080495007761713	-0.0090547637813598452761	-0.00095152788431305298632	0.0068560822439086262572	-0.012901097665230180228	0.002718756800561155252
-5	-7	2	0.0058440073383072208002	0.0036575879875151802098	-0.0017657959450939517913	-0.0043285389144843162273	0.00842973253793922149	-0.0060059162319071575722
-5	-7	3	-0.0068640708748955179055	-0.0041901749193230305307	0.0027346122390802998087	0.0059999141613761323641	-0.0050593562336384975339	0.0070161748443392573868
-5	-7	4	0.0037726767878456146828	-0.0026750602656723312944	-0.0023741287164753942934	-0.00069331439118325754924	0.00056112073097507866523	-0.0045571255166611144768
-5	-7	5	-0.0035196935897004099844	0.0049632976783943287546	0.0039833335296670536324	0.00033897804453996333062	0.0020569733518334652744	0.0054378669407502775585
-5	-7	6	-0.002328431592925002229	-0.005594479521072833611	-0.0015194202882263144021	0.0014308001657177560079	-0.0037130166637015351097	-0.0029927994075566459638
-5	-7	7	0.0066201243826418138677	0.0048023553725346848631	-0.00025043245732173156741	-0.0029532418802696385439	0.0044782278159938501694	0.00047701195725513638153
-5	-7	8	-0.012963682859113159762	-0.00046766431759580979945	0.0060194690107135025159	0.0089007698744018644982	-0.0028352664025714101499	0.007495883441604250623
-5	-6	-8	-0.0012829376701841879293	0.0029483116837583259011	-0.0037766174403797668491	0.0012229487512695671331	0.0036342991241499426197	-0.0027599063658011288754
-5	-6	-7	-0.0030232682282375442778	-0.0017805670818416162102	0.0004016736584727159296	-0.0029634590359853092353	0.0018151855986216322743	0.0038119413750171337804
-5	-6	-6	0.00067855316709774452909	-0.00079378284980761851849	0.00085955747789714953035	0.0015777617081804743392	-0.0014250184504786033227	-0.00091627600000745903358
-5	-6	-5	-0.0010115877195080568568	0.0021611630123232897574	-0.00070236260744503187844	-0.0019039060809600411028	0.0018544228484420951109	0.00012352428482875941963
-5	-6	-4	0.0020782081953361090584	-0.004334266624664451055	0.00080183404579516829713	0.0046176118888885770916	-0.0038005113128628891482	-0.0015085845525023016019
-5	-6	-3	0.0039268383968817091242	0.0044214049485433257886	-0.0053019381368121284298	-0.0040244149608413661359	0.004059145612154742809	0.00067982167411052157619
-5	-6	-2	-0.0047935581281820160635	-0.0012978804662160702606	0.0056148869347245654662	-0.00012104194265863091773	-0.0048607654837186558064	0.0036078269935160682015
-5	-6	-1	0.0030147912722341477232	-0.0027830678492536012163	-0.0025841579108692364943	0.0027923646521468723988	0.00043099110404467915695	-0.002838848666613229179
-5	-6	0	-0.0017184444433196552522	0.0051381813097912589633	0.0014320370360997127825	-0.0042818177581593818912	0.006590758307773299414	0.0048026352790318622629
-5	-6	1	-0.0021114651472076270342	-0.0044724862377578337297	0.00034432432015550352685	0.0038223597166733612809	-0.0084913798151051139013	0.00057172711125099903717
-5	-6	2	-0.0054585851928211533146	0.0072063784013293849182	0.0074269930228236672246	-0.0051557488744702522146	0.0086345160864181192545	0.0025486993799127039169
-5	-6	3	-0.0023443953954658961272	-0.0082687960248298240928	-0.001030352804784680958	0.009272423092698494837	-0.0059680312686791886501	0.0047635194773472805396
-5	-6	4	0.0052432995728823750953	0.0065283519335265867076	-0.000491819834463946403	-0.0097731346455840906878	0.0058163947144070490478	-0.0064992620514679015631
-5	-6	5	-0.0032913202670510123028	0.0028160079046475406175	0.000749022344027286055	0.00033411222677642762185	-0.0023924934542182687766	0.003216942576779253677
-5	-6	6	0.0039262853635232096428	-0.006255827485519173739	-0.0069111814749125430671	0.00049982592060709388638	-0.0036392770053098682202	-0.0047133636506588843379
-5	-6	7	-1.8526934525996364224e-05	0.0069065249890346647535	0.0017404926028205731404	-0.0057628453699505614513	0.00147861727775620822	-6.3496106471492704221e-06
-5	-6	8	-0.0054697987740707177881	-0.005256489277652986146	0.0011080019889809335568	0.0093227360685609397817	-0.0025876227420584983416	0.0037067462528875888203
-5	-5	-8	-0.0026711612629947614067	0.0027353260210724130753	-0.0044454944770453775141	0.0030264227277284581896	0.0044479098375250865002	-0.0036010929680005444864
-5	-5	-7	-0.0030901891755554336018	-0.002914361685939040672	0.0034009307459602609348	-0.0021383327270004062227	-0.00022195826457487651158	0.0036090674378138902674
-5	-5	-6	0.0022729373341984610533	0.0025971795040952419184	0.001148296525366986065	0.00080715204508272531299	-0.002851028216304539193	-0.00283694295764830599
-5	-5	-5	-0.0034462678728654780672	0.00065743444832706756254	0.0033261744596503666979	-0.0043167216169564372533	0.00012009341321511154542	0.0036592871686293693655
-5	-5	-4	0.001382201386510881029	-0.0023162599182217778922	-0.0015734505737641805902	0.0053620812731274706056	0.0002390614840666244786	-0.0038072766936321157834
-5	-5	-3	0.0039697708534923523832	0.0030744524902928060082	-0.0036203441779275101313	-0.0022007627329657143689	-0.00058237779260807002232	-0.0014561495955451532382
-5	-5	-2	-0.0050375057225789769688	-0.00034731488490069795322	0.0053820809275149190595	0.0013678806077768478674	-0.00086143801233985576888	-0.0025514143071903748125
-5	-5	-1	0.0043141297968866450935	-0.0030254275762312417795	-0.0046645408423461078018	0.002703762544940460557	0.0017520552272973154932	0.0016083251564539063298
-5	-5	0	-0.0060317359321271860756	0.0015636713886249067624	0.0060317359321271860756	-0.0015636713886249067624	0.0019762312882080383322	0.0049256767511154254252
-5	-5	1	1.3723450759966247518e-05	-0.00342961326478982741	-0.0015680088759199043921	0.0025348521119410499444	-0.0077714271257996901318	-0.0044738057642438886288
-5	-5	2	0.00058440547075178019432	0.00178442607457603283	0.0020851862827957310005	-0.0023844338464299552442	0.0066739793838687788002	-0.001500019429634805385
-5	-5	3	-0.0026307755030067704778	0.00014293261976151228564	0.0016712265142207389547	-0.0011467590911935110921	-0.0015992483146433859442	-0.0016730441190533312627
-5	-5	4	-0.0042101800228762165448	0.0062939431525606531065	0.0039994344667447856781	-0.0063063769459602656703	-0.00026343194516428858343	-1.5542241749515803008e-05
-5	-5	5	-0.0026764447952761596418	-0.0078068098961826737012	0.00043456527353298417	0.0072533793794399021443	-0.0022418795217431755802	-0.00055343051674277068952
-5	-5	6	0.0024456690284814313306	-0.0013021798210121843329	-0.0035966028754492009381	-0.0037367279302485695985	-0.00095911153913980811466	-0.0041990897927172950513
-5	-5	7	-0.0012680747074781677404	0.0023484905358612424842	0.0050379857905439263607	0.0014235762870051910621	0.0026927936307612559096	0.0026943334449045955141
-5	-5	8	-0.0028773814363827199259	-0.0013416295159341625788	-0.0020706205611134126908	0.0050585578737205455502	-0.0030925012484350829396	0.0023230802236164889776
-5	-4	-8	-0.0015894734702293145719	0.0003449047666636694421	-0.0039532695823347001329	-0.00093732556339442857796	0.0029700557100606718094	0.00025309730253242086057
-5	-4	-7	-0.0002886645433386889276	-0.0019517685559044283851	0.00254321028184987738	-0.00024594716510552663054	-0.0012470740586722948127	0.0015346616342777497782
-5	-4	-6	0.0024185417496951971614	0.00016151165116846141583	0.00086822846053404185984	0.0011190398986123586272	-0.0025942704317686920631	-0.00088061964171529030082
-5	-4	-5	-4.9028734111842155847e-05	0.00056684567934707301949	0.00039354774343070122794	-0.00034246557607193691981	-0.00026580946063271886038	-0.00029287321848952348365
-5	-4	-4	-7.5832732911306407748e-05	-0.0025720486448524049368	0.0007029926894776900503	0.0038163419980977841134	-0.00060820177333855698302	-0.00060128119203227794239
-5	-4	-3	0.00045630418980366371264	0.0038550621564117917503	-0.000550213359471485048	-0.0038264822487857627978	-2.6889170377459458192e-05	-0.0013231272623053023756
-5	-4	-2	-0.003015875922889257963	-0.0037713430658250363114	0.0017207797587065261791	0.0053188904882410055139	0.0040981302898100927662	-0.0012094233119194193818
-5	-4	-1	0.0056027271590051337669	0.0018167820177615759229	-0.0068641222935762287102	-0.0028705742760184870151	-0.00055714662072075280073	0.002398387015266068012
-5	-4	0	-0.0029384009888740116219	0.00022104525807347657888	0.0036730012360925144189	-0.00027630657259184571682	0.0039408671258057215506	0.0016983886733694972086
-5	-4	1	0.0048682506840840586784	-0.0014167105480269697858	-0.0061830724577265541025	0.0011427128317980279632	-0.00039103641048592312646	-0.0025127014129427368595
-5	-4	2	-0.00049179686187476954334	-0.0011226385561435303379	0.0019439601002554760152	0.00049880077751408011862	0.0026584280458240281721	-0.0018089948353306654991
-5	-4	3	0.0020165196483885195616	-0.0023391621231567752415	-0.00058894925770685180484	0.001380264393306046989	0.0025756004037050636742	-0.0020582510141865626059
-5	-4	4	-0.00055448959087953358493	0.0013249006384546523768	-0.0034469083456888788275	0.0020553704713535746011	-0.004140020334288296161	0.0037114962694218900721
-5	-4	5	0.0074061925332280066983	-0.0020346636322531325841	-0.0044733958878284763375	-7.5356586785393490132e-06	0.0038274758229652258018	-0.0020406921591959643371
-5	-4	6	-0.00020728618879875440172	0.0063928858532988274907	0.004832729051389850726	-0.0051170659677614201144	0.0030490808769276052034	0.0019160275659080765274
-5	-4	7	-0.0018950786090591493788	-0.00033038544582670908902	0.004557317436616976046	0.0018808887474718052023	0.0012505538144531652342	0.00083880396582195360794
-5	-4	8	-0.0035719211918891408987	-9.5723642631208180837e-05	-0.0058798464114370729838	0.0010951473234788846114	-0.0051723739506492494994	0.00048774638509493716898
-5	-3	-8	-0.0004300057257630125274	0.0012781516565642499564	-0.00547538794762411022	-0.0034719840406137762387	0.0023220240589609240402	0.00050314922987750975835
-5	-3	-7	-0.00043840276621585520323	-0.0030797915956783288374	0.0033136665285577529549	-0.0024124888496636878905	-0.0011069979649419975885	0.0032337749324832438559
-5	-3	-6	0.0017601905965795481505	-0.0015077896900823253151	-1.7208482370395419402e-05	0.00097056032146507317977	-0.0014582212559644256496	0.00077121124766940120886
-5	-3	-5	-0.0018293035268590216932	0.0024516124359930486706	-0.0013934321821091430905	-0.005161555263934267633	0.0026653628361245074174	0.00064532072236751184414
-5	-3	-4	-0.00037657857209218121653	-0.00089594073316086883865	0.0027106678250026980392	0.0055563350579378983224	-0.001562277653636797185	-0.0030473253770023378019
-5	-3	-3	0.0022678155463839700344	-0.00019391571033106110434	0.00059457008820242680195	0.0012170610753320016718	-0.0043742626655090431284	-0.0008938682247802331917
-5	-3	-2	0.0017216644884980804482	-0.0014991924431660237291	-0.0043725958004268402138	8.6168965609802815699e-05	0.0022547324793950589833	0.0036187276595003553363
-5	-3	-1	0.0010656860617986950012	0.0011535385865497922026	0.0012859025901927870119	-0.0015736608266068725231	-0.0091861380795718369091	-0.001046710452928343877
-5	-3	0	-0.00018320433855112557269	0.0015334775474175341495	0.00030534056425187593642	-0.0025557959123625570604	0.0065367008959997547485	0.0022968564097868254641
-5	-3	1	-0.0010515529755641978699	-0.001095286488030325139	-0.0008057380506547240839	0.0023764553835643837873	-0.0076749790297851614926	0.0016529337105415258836
-5	-3	2	0.00056455994497857343254	-0.0017393860182629372699	0.0021190132561848145677	0.0012386138996122067306	0.0045899197467236555956	-0.0024905441962390327537
-5	-3	3	0.00067253309711151382407	0.0060663341096385955606	-0.0012865101970121952269	-0.0014223689543407397069	-0.00016562170182633895285	0.0086881878950569191994
-5	-3	4	0.00086020418579342626357	-0.0012596183945231421292	-0.0043364512182255477227	-0.001382162276332949075	-0.0021770831814273781252	-0.0026111447004036393051
-5	-3	5	0.00085854460828435608371	0.0004117821350267733679	0.004149135754547564163	-4.9367969421190440696e-05	0.0033480260610128944297	0.00038216135337405912923
-5	-3	6	-0.0030618664419511127522	0.0018666266326318123065	0.0030461687322861047238	-0.00086555553857807162894	-0.0010284710021495415983	0.0011227444245708079369
-5	-3	7	0.0014908949673314096217	-0.0028998198855041180423	-0.0039475302620284001553	0.0029082129224953737895	-0.00062687370706116451406	-0.00082492295143349575037
-5	-3	8	-0.00043612979540844662527	-0.0051920941089444267932	-0.0029214102581024787783	-0.00042861190340345660908	-0.0013681099689187086691	-0.0034057882818665629471
-5	-2	-8	-0.00015735239216379691331	0.0017114318738877965648	-0.0055001984675439275982	-0.0064129205869755028305	0.0014733948619883550923	0.00053358522556400274622
-5	-2	-7	7.0210965252244446648e-05	-0.0021065868173631859504	0.0040057030570149476656	0.0021778862994486281913	-0.0011946372771844454477	0.0008824516411312391612
-5	-2	-6	0.0041095212785116639123	-0.00077751754355575393093	-0.004678815604815483517	0.0037089556048611437011	-0.0018649958638212249876	-0.00058838724865725299407
-5	-2	-5	-0.0042070826473241708376	0.0021184359864774258975	0.0041550896832143061413	-0.0049063746844225947924	0.0025450467740384479474	-0.00015588611270838805098
-5	-2	-4	0.0025813360051274189359	-0.0044675665208623975555	0.00042324539275455331719	0.0020533972896417786516	-0.0034382927027865502201	0.0045577595062571080523
-5	-2	-3	-7.0091698114172282111e-05	-0.0024085937809584885214	-0.0031692376713562033647	0.0051945482700931095571	0.0022296446110944227043	0.00055129078820207442525
-5	-2	-2	-0.0010539613698479905184	0.0010779586657832448959	0.001758339925536228426	-0.0047948359717814217212	0.00087656349908374765322	0.0020999393073233094814
-5	-2	-1	0.0016123356911897719808	0.00067161002359023339297	-0.0034715092042691812237	8.5798046341091643309e-05	-0.0011186600474104976734	-0.0035296462106333501701
-5	-2	0	-0.0014131801738761725663	0.00037490211879480427135	0.0035329504346904316327	-0.00093725529698701062417	0.0079200384440108149986	0.0019290161155361227469
-5	-2	1	-0.001047028469125019191	-0.0024588442558328839176	-3.1863884448686497644e-06	0.0049803620730232023989	-0.0052415151225148337577	-0.0023334971331180156574
-5	-2	2	0.004974998103472223418	0.0034132461234098656483	-0.0032738005501063006768	-0.0060899700445149768796	0.0091636947085742565672	0.0024431452640096881085
-5	-2	3	-0.0034031752301717987583	0.0014675271005539988756	-0.00050156110910014653752	0.00035033771052933918543	-0.0060063327896864287386	0.002679436974609557872
-5	-2	4	0.0061087853669590345962	-0.0095413582232085954876	-0.0018313547137674905229	-0.0037380164904574262295	0.006720304351815048309	-0.013795706024239457257
-5	-2	5	-0.00040834344930365941255	0.0068457762305577938081	2.7511129353967839304e-05	0.0036171736202024614391	-0.00039733899756207229038	0.0082926456786387783837
-5	-2	6	-0.0044791348441987630449	-0.0063856838912522209672	-0.0052630266393502746214	0.0082764074126103950174	-0.0054869545832823942225	-0.002562600771840052756
-5	-2	7	0.0025119715762304257838	-0.0031873661402235580961	-0.00013296163319317604967	0.0016943133332196608741	0.0017562763735379681093	-0.0017926005763826383284
-5	-2	8	0.00070125088808916150561	-0.0031209451730512798723	0.0020886975712124441346	-0.0030305806327523363702	0.00096045619785883700175	-0.0027082358913451342296
-5	-1	-8	-0.0011250570659487417469	0.0018650622986501200554	0.00024389786197834856132	-0.0025124937179128491518	0.00067267343347066999113	-0.00085160222191721889062
-5	-1	-7	-0.0018860728219705598981	-0.0024295981836927860696	0.0020808495477184921554	0.003047616708029092774	0.0010499306517334724455	0.001300053458633548039
-5	-1	-6	0.002879824299543257398	0.000814139718143251645	-0.002978172019202460219	-0.0021219770459370086886	-0.0019034915797523045342	-0.00032478692412987492273
-5	-1	-5	-0.0061114851366805911584	-0.00063448033765581258146	0.0061997816065196484359	-3.8089005860461435987e-05	0.0048715288153766611243	0.0006420981388279049188
-5	-1	-4	0.0024163582014389306009	-0.0014988066219355216258	0.0004387255840458279205	0.0019314653440655681852	-0.0031301291478101206378	0.001390641941403009986
-5	-1	-3	0.00040012077686576519656	-0.0022391398371151998749	-0.0098696938068108339831	1.338417736993447181e-06	0.002623029974160669478	0.003731453589279668491
-5	-1	-2	-0.0021092539860953470401	-0.0010727938237920138249	0.0094773437396170889802	-0.0018180218614628779888	0.0005344630954298237608	0.0035909954902114734482
-5	-1	-1	0.0012648210116566918453	0.00082679210163261239539	-0.0093601364690153177062	0.001737491812237284888	0.0030360314107318593473	-0.0058714523204003469734
-5	-1	0	-0.0020336008372282619698	0.0013510349860012798445	0.010168004186141308548	-0.0067551749300063992226	-0.0025663396447301398823	0.01177191435024764303
-5	-1	1	4.6136500381752647987e-05	-0.0047772070278095423237	-0.0070602409933329035238	0.0089700369213088788217	-0.0068295584914241395588	-0.014915998217738835399
-5	-1	2	0.0033186882426512855429	0.0048738384528872183074	-0.0078443253063494641081	-0.0076303606926415414383	0.0043745579534534813695	0.0083694157858972759167
-5	-1	3	-0.0046702687739047059334	-0.0073702074210783884503	0.0052133316844390834022	0.0074316101160500748837	-0.0060460040616948157108	-0.0098064756631139563675
-5	-1	4	0.0081116596242347960288	-0.0022804118868031135643	0.0015404052522110828639	-0.0036891332518503446546	0.010524675843346266782	-0.003772798171466478119
-5	-1	5	-0.0058027597229723375943	0.0067226229676320267345	0.0030460850127057032682	0.006571526581405025963	-0.0051935427204311971142	0.0080369282839130324475
-5	-1	6	-0.0065375758167501435425	-0.0010933547221451409351	-0.00085703745926778965216	0.0010723678636618892528	-0.0055908194238364185627	-0.00073240095784396920097
-5	-1	7	0.007359021659541392299	0.00017522779999472608455	0.0013027618358306392293	-0.0043608860906118266515	0.0054425528762196574012	-0.00049782101294831371599
-5	-1	8	0.0018763003802587186267	0.0019560912089599167239	0.0014941173362169951015	-0.0041843512144693756349	0.0013594524046888233938	0.00069951310379127616072
-5	0	-8	0.00011613203702824848778	0.0019084807247542216399	0.001451202060779057312	-0.0016306053249906758956	-7.2582523142655311636e-05	-0.0011928004529713884165
-5	0	-7	-0.0022916111835209079274	-0.00011034802282432270789	-0.00011643831942512771816	-0.00048523449015626938293	0.0016368651310863626194	7.8820016303087644624e-05
-5	0	-6	0.0028939898201375685582	0.0050654340624308683699	0.0012579618423601149693	-0.0032592571487323630103	-0.0024116581834479739431	-0.0042211950520257236416
-5	0	-5	-0.0054909844057577754384	-0.0034243409264972045868	0.0072908450753386899387	-0.0019977392545317417157	0.0054909844057577754384	0.0034243409264972045868
-5	0	-4	0.0031358435584922035762	0.0010431297405303345972	0.00087398485315118865178	0.0045736724455604357495	-0.0039198044481152547955	-0.0013039121756629181922
-5	0	-3	0.00095439456766849913201	-0.0040593134446425425607	-0.0034605310402600819239	-0.010115646112254298578	-0.0015906576127808318144	0.0067655224077375706454
-5	0	-2	0.0025029870985578774913	-0.0023120167665603378465	0.0070282005678876753249	0.0076685370075026222311	-0.0062574677463946935113	0.0057800419164008446163
-5	0	-1	-0.00090664990109766364825	0.00066804772457020814968	-0.0076633310974712999172	-0.0090366982830387548864	0.0045332495054883183497	-0.0033402386228510408568
-5	0	0	-1.4349116911845739348e-42	-0	0.017731161343976040851	0.0052961650884514087714	-0.013564156869384912107	-0.0014330772831151867251
-5	0	1	0.00083071528766044450045	-0.001982549890869247846	-0.011845841397849879092	-0.0022793889198062973478	0.0041535764383022226107	-0.0099127494543462379289
-5	0	2	0.00074521823152826538374	0.0041171492326727565647	0.001074120451557445538	-9.7427571422720326438e-05	0.0018630455788206632967	0.010292873081681889677
-5	0	3	0.0035401153664567628666	-0.0045443724572286989943	0.0045011837043510615972	0.0067241514293437405075	0.0059001922774279376774	-0.0075739540953811655688
-5	0	4	0.010185654031562877894	0.0048148624025637822704	0.0047426210505498297629	-0.00084568336901756039226	0.012732067539453597801	0.0060185780032047282717
-5	0	5	-0.0097118454522264544004	0.0043128538688844888366	0.00086491758056241876355	0.0014358188931425587727	-0.0097118454522264544004	0.0043128538688844888366
-5	0	6	0.00095010482893006478929	-0.013458272085399916596	-0.0076457865497367612229	-0.00090573015232229235616	0.00079175402410838736054	-0.011215226737833264986
-5	0	7	0.0052894013460742551891	0.0040671459840545595016	0.004421973151776738796	-0.0015670815305974189827	0.0037781438186244679922	0.00290510427432468573
-5	0	8	-0.0012665773819639557576	-0.00025179339648929711633	0.0011869053316622760197	0.00016288260935207326554	-0.00079161086372747234852	-0.00015737087280581069093
-5	1	-8	-0.003107138688569268184	0.0014182107921965967767	-0.0022755465656633120167	0.0046864208371590419105	0.0016575183596478787213	-0.00030057914047799271949
-5	1	-7	0.00034758001654794487469	-0.0046208853281542762448	-0.0017327228083127100763	-0.0026485792257045638436	-0.00049580327015034779403	0.0029222639164381163969
-5	1	-6	0.00051217793191020606625	0.0039045378595852380833	0.0018598538335571719246	0.0042989045171060473113	-0.00011683930433230970281	-0.0025372974634700240677
-5	1	-5	-0.001544968494837815334	-0.0033454933256474544793	0.0016359453790745325918	0.0023535004504882995648	0.0018721575706527218523	0.0038161934157451143923
-5	1	-4	0.003615597606064742571	0.0014798198132469758941	-0.010791324007594754394	-0.0019775617246123229111	-0.0072173280094796170292	-0.0023441651977118005412
-5	1	-3	0.0028327928133095640027	0.0001581914416363645404	-0.0026132820383949015991	-0.0087060401331477566683	-0.0055924153683142409713	-0.0031656657804431933764
-5	1	-2	0.00048621886216351913827	-0.00060996917521893270677	0.0033167489418709150337	0.012159546954894677462	0.00044282731552665977959	0.0076046964154946701184
-5	1	-1	-9.3441229975812687379e-05	-0.0027513824170422593665	-0.0017806343530271241497	-0.011584669775255389962	-0.0013134282031480608213	0.0021722423099559068707
-5	1	0	0.00088866269884314505207	0.0019139462425331237126	0.0044433134942157255856	0.0095697312126656192133	-0.0054839828217673148789	0.0040213278752702814878
-5	1	1	0.00072632089620777099803	-0.00018824538430081168413	-0.0054752937224708383632	-0.0067895997596259605525	0.0091068982035096938954	0.0058483728381219027281
-5	1	2	-0.0025634292124054151862	-0.0024353100398189810039	0.0053234247795925114174	-0.00086553767606616191944	-0.009070285420809794108	-0.0056555062615143711705
-5	1	3	0.0064750861315706724486	-0.00096674137874436119697	-0.0036294081628173145183	0.00079933122419587575302	0.012001612940223558776	-0.0018776793726392273544
-5	1	4	0.0013747527243175613598	0.0056549658176464250373	0.00099836158129315566434	-0.0025741765099266816774	0.0014688505100736628378	0.0077122513995397014991
-5	1	5	-0.0074489599284927408146	-0.00068678770378236583642	0.0020885073757233455286	0.0065483149857627626078	-0.0078666614036374104407	-0.0019964507009349184881
-5	1	6	0.0041636501848180363858	-0.0099646193231908344184	-0.0031682386621830734355	-0.00075510533643082162515	0.0039977482643788753158	-0.0081779985465872256922
-5	1	7	0.0022367210660963685043	0.0051746782395176715852	0.0043329924742874625226	-0.0028715010196169589267	0.00097865897945633990689	0.0041064131738864743937
-5	1	8	-0.0029532770897109884498	0.0010200672417603941916	0.0027829013761982027489	0.0053365790333508994481	-0.0021936608530941431247	-2.953035306861614257e-05
-5	2	-8	-0.0008411396854094986596	8.818006247115846752e-05	-0.0021696788454885402621	0.0025930309985132543593	-1.6707407991198369387e-05	0.00059314521058383953746
-5	2	-7	0.0014940650684318302309	0.00095763870169061210413	0.002529387408284552996	-0.0039664333592895253261	-0.00034450721794143505418	-0.0018172943181474444842
-5	2	-6	0.0010808559296282733726	0.0016796065359236701797	0.0027673832307986553566	0.0065218728458925805461	2.1747802242657315191e-05	0.00077428550202780180734
-5	2	-5	-0.0038459369695441020069	-0.0017005248390921713121	-0.0039124703411116401597	8.5668071822480844758e-05	0.00228094883309944629	0.0017347920678211638072
-5	2	-4	0.0045888487158982039713	-0.00066678220147852764171	-0.00087569912306874548094	-0.0039605173892993967427	-0.0061739104564071285719	-0.0011467809428015386837
-5	2	-3	-0.00069970522124530832534	0.0025355263715605234204	0.0055712633809974435734	0.0020945306325369944002	0.0048803509560738098441	-0.0028295235309095429117
-5	2	-2	-0.0028780213304171750957	-0.0013316873274838822612	-0.00034641583933273177153	0.0047589272795855869225	0.006848637486710206293	0.0080881455982952914913
-5	2	-1	0.0023299488908097177459	-0.0020174661552952752146	0.0030839829292244485583	-0.01017053287452114943	-0.0054817785955996924802	-0.010253734972565922354
-5	2	0	-0.0021938663819535738492	0.00073997038126184702233	-0.0054846659548839346229	0.00184992595315461761	-0.0022172229895207327434	0.009909704636193727989
-5	2	1	-0.0031259576332305482466	-0.003061893276163030371	-0.005057477343795553984	-0.0097313799355455490869	-0.0055148334785616332648	0.0041532934902759471862
-5	2	2	0.00094134653410102167928	-0.0056901648373573147227	0.0023914149954736970902	-0.0011116304162383163368	-3.804866022114299361e-05	-0.013113781677154970687
-5	2	3	0.003572733212437266808	-0.0011526041509965559689	4.3937513663879656416e-05	-0.0031622108160301162436	0.0059252636782861911602	0.00018713362569248425944
-5	2	4	-0.0010359662238987666413	0.0028004515868624733563	0.0036073751122705334862	-0.0026959024097705040074	-0.0030986453360087248821	0.0048485156884633439159
-5	2	5	-0.0061832174404129044629	-0.0018619761744522375906	-0.00024049695015283567871	0.0058677345950348255496	-0.0060870186603517702564	-0.0042090700124661675069
-5	2	6	0.0060524763806988918918	-0.0015069978281408654992	-0.00056529632957707804785	-0.010214760914732506566	0.0052321624271081026286	0.0021490887814601144536
-5	2	7	-0.00039846503214836434797	0.0083660538534402351801	0.0070456981763022613965	0.0031419052825675032083	-0.0022976745019066208489	0.0050780655288665960123
-5	2	8	-0.0027211747425419240305	-0.0025549630831016097339	-0.0019347846038505133685	0.00640288730275009009	-0.001217038063126074177	-0.0031975737526260287688
-5	3	-8	-0.0020619138444767813254	0.0013725337807507901906	0.0013413243938363366651	0.0013010651740919922451	0.0017916928004866146049	-0.00036993417268474685852
-5	3	-7	0.0013689944815741983842	-0.0013475389621319265512	0.0017492766019222096875	-0.00034021647172047367368	-0.00022816322887205176722	0.00081672077078545884249
-5	3	-6	0.00080982649354898155868	0.0025304867746895288658	-0.0051850663248892477769	0.0021686875499030730356	-0.0032673885737354419444	-0.0010243952039564044928
-5	3	-5	-0.0020257244803381199878	-0.00075988387995727288936	-0.0024487643131482837548	-0.0069182184760453162981	0.00055646589244914986504	-0.0033910472056699167594
-5	3	-4	0.0025487481599448373083	-0.00068260255599027739887	0.0016834532007503153622	-0.0017354780921002815452	-0.0019233452993683100053	-0.00044835537408736438319
-5	3	-3	-0.00065838672873789290049	0.0014614568534853872653	-0.0019033155973721502686	0.002683270881607734918	-0.00080600438280899547056	0.00024750945913208963851
-5	3	-2	0.0006861467302939283034	-0.0017111204538947898113	-0.00073364464260239727663	-0.0022036848529705158582	-0.0028158337896384165108	0.00097227385528120052402
-5	3	-1	0.0005384063558036199194	-0.0013371459725371843356	-0.0012813104757322202418	-0.0045881443606953257672	-0.0065359632062147602141	-0.0070787032194000549731
-5	3	0	-0.00019370219086597699107	0.0033363195446108251038	-0.00032283698477662830942	0.0055605325743513754622	0.0076236943778942743363	0.0026662191282284045113
-5	3	1	-0.0045786459708924039103	-0.0024458800769511152874	-0.0052709142597397911148	-0.004187383403129336587	-0.0070804870752426462069	0.0003327498246324319146
-5	3	2	0.0012301629388214560448	0.00078157108627325156541	0.0011223262072539315608	0.0028008545997526470422	0.0013919180361727427706	-0.0022473541839458420835
-5	3	3	0.0011261080703083568063	-0.00054304778322825921974	-0.0012279700399675959593	-0.002600931155239266223	0.0031048168238148573031	0.001695851516525500929
-5	3	4	-0.001058306169929180713	0.0046526239175214718219	0.0060712427268836220012	-0.0014310677686204123851	-0.0058763147575741922837	0.0068890807233671497167
-5	3	5	-0.0025986008447519393615	-0.0077100636009845499586	-0.0068920035897873698286	0.0057857391434136861211	0.0015366013091204823188	-0.011181507087032761458
-5	3	6	0.004571941492049208175	0.0021852352413440361174	0.00029250974620458742009	-0.0077029377949724324795	0.003663696370272046237	0.0056724982652729127874
-5	3	7	-0.005217723460695389455	0.0045053616473355092426	0.0033472618677346595469	0.0038091574271124843502	-0.0051614861295258464974	0.0015856194221914416635
-5	3	8	-0.0023893602715037991387	-0.0014943201138938207433	-0.0029109279060030839731	0.001185186420532580295	-0.00040175220493871797176	-0.0013783949788833556836
-5	4	-8	-0.0011819881807691799257	0.002009285276816983809	0.00037822580211172875369	0.0016252518384355042671	0.00092785551403660180333	-0.00044317737879286263868
-5	4	-7	0.0023841235798398269057	-0.0010998764085144668943	-0.0013342186782364401799	0.00369238233278841501	-0.0024653560874492710595	0.002895558767675142104
-5	4	-6	0.0016893681183418243069	0.0018292409790875414997	-0.0052507450861208511406	-0.0020597212204967936013	-0.0049083034893654215944	-0.0028975149629041469478
-5	4	-5	-0.0030959401715968748806	-0.00034870380553266689489	-0.00097363860800006140749	-0.0012126107944050686701	0.0023170292851968257546	-0.00062138482999138800866
-5	4	-4	0.0020569523462517563459	0.0014807528444854716788	0.0011130693611506737705	0.0025389404696334709477	-0.0014581210716640218786	0.00068799941402663124072
-5	4	-3	-0.0035005546063630104889	0.000800281669384340184	-0.0032703791191363074976	-0.0015594230745001127787	0.001473752185089940818	-0.0034130335483073840838
-5	4	-2	0.00019105407034559695957	-0.00076097713053983060197	0.0019614583341349880324	0.00022839840150511438416	0.0034452814924059837337	0.0023592396293598051106
-5	4	-1	0.00069209346505223019383	0.00091157072803794210892	-6.2461742813926034537e-05	0.00088221981918744688499	-0.0037103142965168550531	-0.0010289743634399228962
-5	4	0	-0.00060512459237313032719	0.00090204079721830623863	-0.0007564057404664129361	0.0011275509965228828254	-0.00030465187356861622844	-0.0021884034039712854658
-5	4	1	0.0021305927577582061717	0.0010135783019753704954	0.0031493765313663898628	0.00036587040437516477401	-0.0019445423366745281588	0.0036044098923761935978
-5	4	2	-0.0015797806541092650461	0.0012498945729146687059	-0.0047125965659436299532	0.0028969834067153134478	0.0054757414966140971826	-0.0026692303811439548056
-5	4	3	0.0026224528442358322269	-0.0022240080168344856029	0.0013941209242673462468	-0.0044361965694125777421	0.0025119268413699249488	0.0022082487311592944625
-5	4	4	-0.0027993562327187451223	0.0017486512307796746053	0.0026374068621666984027	0.0058255251931307906743	-0.0061366021530651296972	-0.003639711154656197472
-5	4	5	-0.00077332145418125737297	-0.005982104900686980968	-0.0074269603045080869602	-0.0036350306920434299722	0.0051682467894252114363	-0.003074080347052237077
-5	4	6	0.0055478957678170666076	0.0047529722382755636156	0.0053241806745678004614	-0.001324254135957838056	0.001073792690135688243	0.0048436462892015282392
-5	4	7	-0.0035120425906717267495	0.0010441904178360246393	0.0017488620877455312262	-0.0013347787775883656648	-0.0035079516149058224787	0.0015085810285047978555
-5	4	8	0.0024404365922605611612	-0.0039891993397750836331	0.0010839941075736106262	-0.00011532393403637674657	0.00098327581637604535847	-0.002435587620341238789
-5	5	-8	-0.0040219037007163480762	-0.0012990049255460131821	0.0005638328156576523191	0.002337865444517820291	0.0028660853227337503013	0.0022730439812898958936
-5	5	-7	0.0028628365292692548386	-0.00079640986825331319763	-0.0023867436828195432927	0.001923936893978922362	-0.0037497001514919985413	0.0019431048301658824032
-5	5	-6	-0.00042443690322164378571	0.0011419945909552362603	-0.0010112283681879500469	-0.0036988393293592605575	-0.00048899288747192184816	-0.0040340282669287476011
-5	5	-5	0.0002507655783156990557	0.00078208402393177870685	0.00016333515333496521579	0.0020620013725619959488	-8.7430424980733880574e-05	0.0012799173486302173504
-5	5	-4	0.0027362572674122947504	-0.00013434824942092554517	0.002450928349723166446	-0.00087512691616759528956	-0.00035666114711141032627	-0.00092597333343333722115
-5	5	-3	-0.0025090882041482196266	-0.0016064181364478910454	-0.0036852583532690115498	-0.0044925248132448971153	-0.0019602835818679871169	-0.0048101777946616764217
-5	5	-2	0.0019738256903663823488	-0.00025646408892901945186	0.0032711191980529905239	0.0020537343365794927773	0.0032432337692165210882	0.0057754960637712814131
-5	5	-1	0.0015282985563807448444	0.00020283498297251888209	0.0015343308859864001129	-0.00037100225093858056656	3.016164802827614241e-05	-0.0028691861695554973788
-5	5	0	0.002073632357869379262	-0.0016873255488752715581	0.002073632357869379262	-0.0016873255488752715581	0.0071966216119543928095	-0.0050548088283944884666
-5	5	1	0.0012228792167282389377	0.0068140070377415012937	0.0020304105556137575471	0.0056883621546955694809	-0.0040376566944275932639	0.0056282244152296581965
-5	5	2	-0.003450759603800233194	-0.0033963361698480408132	-0.0058927858696374542727	-0.0016013431271734799438	0.0061050656645930522631	-0.0044874826066864026072
-5	5	3	0.0037529644981897569353	-0.0013276609575220725198	0.0030285803653143580916	-0.0037228544558317172575	0.0012073068881256650287	0.0039919891638494076069
-5	5	4	-0.0046454899081214730272	0.00131170752738883384	-0.0034566694475153939871	0.0025022569202541398298	-0.0014860255757575991254	-0.0014881867410816325414
-5	5	5	0.0027113505091886131067	-0.0098316294193074461188	-0.0026459004957249290628	-0.0079127749826324415838	0.0053572510049135421695	-0.001918854436675004535
-5	5	6	0.0042880834657904754598	0.0024214131681721999881	0.0014361060999481347657	-0.0005099398164399355669	0.0023766478048686170282	0.002442794153843446097
-5	5	7	-0.0063215296122240147506	-0.0010261963425119333647	-0.00063658368601972998256	-0.0010319847000776229389	-0.0040606756615744893368	4.1345411183496232738e-06
-5	5	8	0.0052678096457362448904	-0.0040941254523381796077	-0.00056591235283047383424	2.9519072068751458723e-05	0.0036460762491041989047	-0.0025772778277543318716
-5	6	-8	-0.0011032554168082173152	-0.0015651358354903002583	0.00080034197828220143573	0.0024791549602802510563	0.0012897911192167868175	0.0028375761173916260079
-5	6	-7	0.0019035960547402047943	0.00026376320467558656696	-0.002500643928802056843	-0.00056503329210302942302	-0.0035031205495019090111	-0.00067271653942801567117
-5	6	-6	-0.0015252804969828259382	-0.00070072533457313191871	0.0014560454511053113041	-0.0031281006868162579242	0.0027271125319243329915	-0.0025441629080053145863
-5	6	-5	0.00038189371179984807824	0.0002726210138307052621	0.00059192732957766107382	0.0011456311500380297799	0.00032841908369334521034	0.0011021363662149304304
-5	6	-4	0.0028800720872250305978	-0.003360411424258579003	0.0022927021699219009634	-0.0029818788411967236951	-0.0001610368541484366936	-0.00027230398147186205991
-5	6	-3	0.002846024770567865108	-0.00062543979916799055923	0.0021158303013776866633	0.00026984497110079058799	-0.00051171401485773496988	0.0015820896074815655498
-5	6	-2	-0.0046283113692040436099	-0.0008373391042037570467	-0.0048708712898012877096	-0.0016571579116154283584	-0.0030418354463937549714	-0.0028781259743368928922
-5	6	-1	-0.0014383814221047091196	0.00079843317828139808486	-0.0011406416787838775939	-0.00026182278104930302096	0.00034805703782028003454	-0.0055631025777028086585
-5	6	0	0.0022754941759621960702	-0.0028129611292281161625	0.001896245146635163175	-0.0023441342743567633242	0.0087284402324008282525	0.0044007111749063574854
-5	6	1	0.0022358715486588171158	0.0051482023757017294358	0.0038156129503790683216	0.0036113689306183005198	-0.01171431995898032305	0.0040727982947988457946
-5	6	2	0.0055567045018151076802	-0.0056317456250601118095	0.0023490390606945754821	-0.0054439098342665814129	0.0068446440724540423203	0.0022523654401494634138
-5	6	3	0.0021709404957592228456	0.0047016974000014958093	0.004020508768536554603	0.0040755727459513210742	-0.0044227833774744046078	-0.00031498315856681605249
-5	6	4	-0.0050308709831227973672	0.00070796952074612484827	-0.0047324043640404878097	0.00077265108123207224249	0.00081001781715723457193	-0.00027401472091545216788
-5	6	5	0.0012599833442686239181	-0.004849771939354870047	-0.001173183946014412591	-0.0014644754215069868877	0.0026678040794859188972	-0.0030924014335464858685
-5	6	6	0.003723685368285784697	0.0069202859534664463992	0.0014734818960879161182	0.00014349068005097567963	0.0016295892441502376514	0.0056234142811710631851
-5	6	7	-0.0070725897258777335741	-0.0018891121427692574367	-0.00066996174222319474813	0.0025279153913556986523	-0.0044775968822927851923	-0.0035161504374257826662
-5	6	8	0.0039399927378909243778	0.0016372402492638490207	4.6822363308254750537e-05	0.0011254673702782707224	0.002427378688700636885	0.00017917462808120262325
-5	7	-8	0.0011766645273660965472	-0.00015452451195194040804	-0.0023761449107043385032	-0.00082843265406548583993	-0.0028145421264701066949	-0.00062830075233733743284
-5	7	-7	0.00025713289598326233244	0.0011427062571820357107	-0.00044347646815182686876	-0.0011471351420222536312	-0.00062714282242558566215	-0.0019633538971522792628
-5	7	-6	-0.0003780744593436825016	-0.0018697636466234531134	0.0023476119893223157918	-0.00092152998339819222964	0.0030539427036624373739	0.00048301805822165329047
-5	7	-5	0.0019171183756410985124	0.0035061164123523901742	-0.00229651474699221975	0.0028693305073200069816	-0.0051322390214302059455	0.00051094629789561959998
-5	7	-4	-0.0010523083375076599036	-0.00024764474152259944315	-0.00075734821457570347843	-0.00062214488279290327058	-9.9739536229063517587e-06	-0.00077919761798433137892
-5	7	-3	0.0028925959104659981422	-0.00039209074364882111948	0.0023409725338398115237	0.00060871734728536284077	0.00064127606151623012948	0.0020738250497472150886
-5	7	-2	-0.0036740419925268444183	-0.00078207946646366845005	-0.0031361823955249838042	-0.0015198312171105436523	-0.0017915334030203331362	-0.0033642105937277317664
-5	7	-1	0.0031645856409281084703	-0.0020377000251130166289	0.0032607374133690005848	-0.0016383549068155524048	0.0070022336889424604406	-0.0012799842221437828221
-5	7	0	-0.00064120492007652065032	0.0049634984844592775974	-0.00045800351434037190083	0.0035453560603280554267	-0.00017420486769094216915	0.005105716772135196653
-5	7	1	-0.0049459740748834767066	-0.0048385253727106130109	-0.0034586432781628763736	-0.002176413347996759319	-0.00051936742727724945993	-0.0089577334275757498211
-5	7	2	0.0055160417996889497816	-0.0048752675721595480074	0.0025038297496457859355	-0.004904602365522364206	0.0050267003754621243303	0.0049779393489294042688
-5	7	3	0.0015826829183887760211	0.0072286358690220268303	0.0019957473065834417658	0.0039748454780504961781	-0.0020189388513800706794	0.0027730869995855533458
-5	7	4	-0.003988967408563472497	-0.00021088452158991844148	-0.00032940567911937792883	0.0013557643457230033647	-0.0044097493222454292594	-0.002636193257002654184
-5	7	5	0.0055401224248382181792	2.9194614708627050401e-05	-1.0421003918370403134e-05	-0.00070350382839267332213	0.0055547118303239367137	0.0010140999744583697583
-5	7	6	0.00055629607585759468895	0.0078957103173202085322	0.0047973705829027855213	-0.0015847390454409994269	-0.0051333522835052538755	0.0084286208174480063693
-5	7	7	-0.002382262435363573759	-0.0086171013000469719179	-0.0023864360204466977464	0.0013110557688779619391	0.00068481999518700239007	-0.0074661281260543707616
-5	7	8	0.0060078738143309450698	0.006658424399998392508	0.0036235771395250332416	0.00044166681864617576055	0.00058429113687243690745	0.0037750567836835917032
-5	8	-8	0.0017845849913573335471	0.0028769645760194830636	-0.002803530711317480436	-0.001585968886525877114	-0.0039188963309158136861	-0.0033840717465380538119
-5	8	-7	0.00012037665845216646257	-0.0036238241816702950089	0.0013470749859511744074	-0.0021895226038222397741	0.0014535309421926517759	8.6134296824793652055e-05
-5	8	-6	0.0048420678649240293454	0.00048976444826976761431	0.0036078136486057386413	0.0019856058124888419265	0.00077536164403762717571	0.0022393373764269829986
-5	8	-5	-0.0038499138628800989165	0.0017711303391713007372	-0.0039465720619610549641	0.0013265060735632987644	-0.002464601436257589373	0.00035127937852997729662
-5	8	-4	-0.00013809645911428238604	-0.0014961133567339048728	0.0013638825845848304846	-0.0023006433222751824542	0.0029003857430625139789	-0.0027311449486329838175
-5	8	-3	0.0048097189081857697965	0.001908858941043977157	0.0024222284296752227134	0.0018864423579661362268	-0.0015569223678423558307	0.0018490813861697348933
-5	8	-2	-0.0023846317729826404727	0.0032069806108755293146	-0.0024488478606566293876	0.00048230754987911160676	-0.0038338120101699163685	-0.0060882213276723766426
-5	8	-1	0.00072785405801918819611	-0.0016127076506802589216	0.00086337680807660704789	-0.00090594765263058200065	0.0032677441745169151857	0.00081595703235663871126
-5	8	0	0.0014692827531556983209	0.0032827940187841486187	0.00091830172072231142349	0.0020517462617400928325	-0.0054926566746952955669	0.0049996945789944685287
-5	8	1	-0.0039035883680497837286	-0.0018076418767862582025	-0.0023590045595231058477	-3.3957870602560366971e-05	-0.0006459053640640729458	-0.0087665464191108086189
-5	8	2	0.0037365235827111690885	-0.0022832162209350027361	0.00072915038196683275296	-0.0034380448837648502729	0.0064247074289105919262	0.008044138982721894468
-5	8	3	0.00022536074090629513457	0.0053393845424809351433	0.0023425279521401905398	0.0016878209748416852717	-0.0058711399708633489614	0.0043981183045570648033
-5	8	4	-0.0035797953767886985313	-0.0035053294868615304282	-0.0014141373158776417412	0.0015329180863591852953	-0.0016464695892305896818	-0.0074474980312952835174
-5	8	5	0.0073720690136305873016	-0.0027035455664173842563	-0.00070254126959164099782	-0.0036298569130228833073	0.0084961350449772130716	0.0031042254944192290353
-5	8	6	-0.0081855036665357278763	0.0045665068142052220312	0.0031468358425778535786	0.0032209307146481695218	-0.011017034178883578291	-0.00048915194102654114758
-5	8	7	0.0059213180088081634675	-0.0067443560130239690181	-0.0001392746995637654181	-0.002135627552503405191	0.0043886839486501341354	-0.0023766799492989433042
-5	8	8	-0.0013095190437808494795	0.0062286166733600345849	0.0015215108327621394181	0.00058285990911924486207	-0.0023399602351251705054	0.0033100255117307769703
-4	-8	-8	-0.0029274110668020343791	3.3105870808395467073e-05	0.00013583748130358323184	-0.0011810773312406956746	0.0013278680520974338493	0.0011645243958364980257
-4	-8	-7	0.0013839910499511259151	-0.0025803780445434118529	0.00055100850083696193034	0.0013799399290660883336	-0.0014205760295000285053	-0.0001025724649078657379
-4	-8	-6	0.0027036109495520610664	-0.00098992142242021051619	-0.0028140003038787260968	0.0035499824099313073526	0.0019495931054702606792	-0.0040733622649616026482
-4	-8	-5	-0.0032461774529448190682	0.0010283265098511029396	-0.00054707197056095082949	-0.0026392824320903632285	0.0034722571152533765818	0.0034001906834636988139
-4	-8	-4	-0.00056960715996235257788	-0.0060412281714264347288	0.0016636289233056796369	0.0039621824422045696934	-0.0027576506866490066959	-0.0018831367129827044412
-4	-8	-3	0.00085304246181575451094	0.0038891392074653368012	-0.0020547774752663868283	-0.002577980328312250765	0.0043420166516226921943	0.0016890952655455526103
-4	-8	-2	-0.001758874768670917613	-0.003641883815919519287	0.0016667602668772529221	0.0014897972160212149748	-0.0031492915301671764623	0.0013245787677541788919
-4	-8	-1	0.0037749595893675127328	0.0067542061627987653658	-0.0027052401446254845802	-0.0030930286082817468572	0.0065420827995338239752	-0.0022725957849410861715
-4	-8	0	-0.0028595638035697995387	-0.0067132641196461645405	0.0014297819017848997693	0.0033566320598230822703	-0.0059026687868498697864	0.0033135566828689949105
-4	-8	1	0.0094859052428165231696	0.0051333698552891021682	-0.0042219466387017189762	-0.0042502571805481757089	0.0041680478616523426033	-0.013468578023228998733
-4	-8	2	-0.0092009404103082191584	-5.5122409947131489915e-05	0.0049860454429462731235	0.0026818838785961397753	0.0015423009511686524425	0.010617290694490296582
-4	-8	3	0.0070570753095108209457	-0.0019297595336446112142	-0.0044941815683351539826	-0.00100999077830209779	-0.0025750504362126490701	-0.0052663214536650760147
-4	-8	4	-0.0011248180879689273666	0.0074782655314628611321	0.0018993969879227291103	-0.0011684440264538519492	0.002673975887876530854	0.0051413774785551563662
-4	-8	5	-0.00069270417051768150458	-0.0052666606943273640978	-0.00085830920195206815773	0.0025715921787645723041	-0.0019274580595374541259	-9.8781069438575686502e-05
-4	-8	6	0.0061077332323937029782	0.0032498707552218704733	0.0040762464129980146427	0.00044835161697807105396	0.0095068173722598209308	0.0027643826594520083152
-4	-8	7	-0.015974036480328603765	0.0017646558068650306916	0.0012765993836498037723	0.008203286139038361291	-0.0076690501217308547355	0.010383558905681003481
-4	-8	8	0.011110684640468538459	-0.0090393741654433198279	-0.0032588672604247220788	-0.004259930303445289175	0.0022964750598095471507	-0.008779617386166949089
-4	-7	-8	-0.0055565723749389185279	0.0018376814522232714968	-0.0011511919712662002559	-0.0023051569976879106305	0.0037855791623273844608	0.0010981716468652861617
-4	-7	-7	0.0026097582805473780801	-0.0025929948637084796782	0.0042455178076349665839	-0.00054352765788810264002	-0.0057368082536620396486	0.0020252390085786623787
-4	-7	-6	0.00086945411166583139433	-0.00052676805630220643623	-0.0016429119867393685364	0.001585182476347308687	0.0013370945767520422184	-0.0014982008515370558079
-4	-7	-5	-0.0037443356678266924951	0.00071088283179733915192	0.0032163578226315089025	-0.0024144478366228527139	-0.0015074324174227584239	0.0028115207058341225646
-4	-7	-4	0.0027201793036110144541	-0.0011774468606856399074	-0.0015716050113631196538	0.001484845085357350573	3.0129466274444845143e-05	-0.0014210320386897235412
-4	-7	-3	-0.0040278787270507706436	0.0020084710018155038647	0.0012752055601213097523	-0.0018346737873227939725	0.0023950253291179714361	0.0016029441679991807829
-4	-7	-2	0.0013920852295794376458	-0.0047475138263111307108	8.279429946906596686e-05	0.0033778232087712830971	-0.0030739505073006062434	-0.0023273535780772292014
-4	-7	-1	-0.0020488229660870190332	0.0051266079897412013613	0.00069914547068444473678	-0.0032700400685085622039	0.003301273569556962325	0.0023838485205951317168
-4	-7	0	0.0017376580506826729	-0.0081864481770547153222	-0.00099294745753295584993	0.0046779703868884085077	-0.0039623832668094407378	0.0020280979655445414284
-4	-7	1	0.0053759377122693735931	0.0092509073624732814783	-0.0022259759197386548568	-0.0062319568253639528316	0.0059219194109069069054	-0.006620068327654544775
-4	-7	2	-0.0095874126867504013555	-0.0057757804475443881576	0.0049905763194593418322	0.0061567119900840933111	-0.0017078082553931071656	0.0099969310702055502738
-4	-7	3	0.0059363192805495642798	0.00047013522459824397173	-0.0041748582388732823067	-0.0030189062762789853865	-0.0018262435166382403988	-0.0064172676785199736504
-4	-7	4	-0.0067553321549950031202	0.0024772713779463938731	0.0061098927547426750556	0.0022499973382198975094	0.0039369801658046786608	0.0064147667198312142978
-4	-7	5	0.0024928602191470632977	-0.0043747820353011949296	-0.0014110414702409946122	0.0012250959666016863255	1.8830116980258234624e-05	-0.001784691274998595218
-4	-7	6	0.0013861323832812335634	0.0063656311761070847113	0.0015188349239855774425	-0.0016063980571599861466	0.0026960623335039960585	0.0023696230507180729256
-4	-7	7	-0.0093386005413472524678	-0.0045595014273936999502	-0.001795152220367339773	-0.0010885093821874911642	-0.0071314953868514838545	-0.0036939387692696053905
-4	-7	8	0.021566696068238602052	0.00067271906839104825791	-0.0072509819184660793262	-0.010023554796319398066	0.0044387388554614813987	-0.0084342509125839501549
-4	-6	-8	-0.0018369533685295169091	-6.7307655705070062237e-06	-0.0017604672548811632019	-0.0040810802326086961442	0.0022388271254256309102	0.0030641755572417758713
-4	-6	-7	-0.00034561012277941477455	-0.0013829650150927331586	0.0043323968115906710472	0.0015752849415312552336	-0.0035159914826323381692	-0.00055997851268808538326
-4	-6	-6	0.0016888838916070717747	0.0031284311381199083994	-0.0028891508731710290221	-0.00058327310010703283579	0.0017632282787663146502	-0.0015023476586395728
-4	-6	-5	-7.4196175011817164496e-05	-0.00069553517531885118014	-0.0001010855113621249925	-0.00043498580586619428829	0.00018065955364400372259	0.001078411107294514025
-4	-6	-4	0.0012728434082370466626	0.002966325650303598422	-0.0015627947035597034974	-0.0019048570672684484416	0.0010713486471025086919	-0.00010904004940092563763
-4	-6	-3	-0.0027652298345847508253	0.00042686250094767371702	0.00052743533585928020074	-0.00096164135733926077877	0.0026321024410611076547	0.0013541327134149567461
-4	-6	-2	0.0025721627067828330138	-0.0036462405776554996338	-0.0012261438620516644949	0.0016513774266154104126	-0.001465893827410672326	0.0023383488754647680299
-4	-6	-1	0.0019594639900927701866	0.0047291944436924464312	-0.0014826019868464370907	-0.0032595481546950112739	0.0010577559607075428822	0.00064051115340028202689
-4	-6	0	0.0018954377894066091245	-0.0030418861063612970957	-0.0012636251929377395609	0.002027924070907531108	-0.0067651015574467327982	-0.00051432349910983594151
-4	-6	1	0.006034337795546354348	0.0015707006476276728045	-0.0030522617413546076007	-0.0021421354251932233845	0.0058237807340577735227	-0.0065700099606486499562
-4	-6	2	-0.0036829001094428048813	-0.0034521234310328028499	0.0001897747702791304945	0.004756736169952968489	-0.0067964759080482179537	0.0073659616477932997672
-4	-6	3	0.00095927106823105983812	-0.004837767219272050799	-0.0010016167119531874715	0.0011983403538280141924	-0.00072420533293162834762	-0.0040536755847067054356
-4	-6	4	-0.008379729064938666247	-0.003217796746768956332	0.0057611679256510837585	0.0078249975846756344988	0.00026202282353795977024	0.0085196996302444958499
-4	-6	5	0.0052466213048117972539	-0.0014921070221682354584	-0.0081643701723647880281	-0.0052696687754256767156	-0.0055999471629883086979	-0.007517288148245399905
-4	-6	6	-0.0019393680046441974778	0.0079506537870368421822	0.0033584662905823616137	-0.00079218883046176455376	0.0020655542874862299618	0.0045082470275627966119
-4	-6	7	-0.0026041725977173075905	-0.0079146511101564082785	-0.003645086865703374944	0.0030683835656640382275	-0.0046124587978699262136	-0.0018926147209487723978
-4	-6	8	0.0082563656826846205244	0.0063212272886181150935	0.00099299928888028302781	-0.0027085166132329451145	0.0048729323080025227499	0.0011292261843843486024
-4	-5	-8	-0.0032578375533619933525	-0.0031104760691819223831	0.0010513860453546209576	-0.0015297981382305033977	0.00097180249833435860488	0.0025113618709850255711
-4	-5	-7	0.0034484714042210505569	-0.0014097499760474330524	0.0008151793283220102812	0.003248838164068106743	-0.002552826036927750581	-0.0015150272737358288794
-4	-5	-6	-0.0017238905803933866207	0.0011286082601725778377	-0.00063463098690633027235	0.0015532406774980973396	0.001678119542684199713	-0.0020467727380301331888
-4	-5	-5	0.0014274774203303587563	0.0013130623946889657949	0.00011939269288614591774	0.0028632985258990185755	-0.0012613746291504329255	-0.0039137484416501911247
-4	-5	-4	0.0028602555457193186081	0.00072350904828436543928	-0.0018776615699873993801	-0.0024557264255872929271	-0.00051317858323506938302	0.0023461489836997507195
-4	-5	-3	-0.0013107139910728345025	-0.0012603172689793103439	0.0018817512799447198325	0.0002340681344414777894	-0.0013886334784774204566	0.0012903094679032841609
-4	-5	-2	0.0015886437758718021784	-0.0020187509458033658927	-0.0029579059851876977373	0.0015057369734731301542	0.004217477411225639336	0.0002731594579239065082
-4	-5	-1	2.7727248961488581617e-05	0.0022238767244133306016	0.00097543566649790837842	-0.002233076775497807101	-0.0049880873283354963676	0.0022698769798357130989
-4	-5	0	-0.0010932261353762992399	-0.0037328696228214430612	0.00087458090830103943532	0.0029862956982571547092	-0.0050555189317727233789	0.00088219408517801339593
-4	-5	1	0.00040466230567226497495	0.0051234516449005307673	0.0011391898998870007235	-0.0037078167582511993051	0.0073145987221240630835	0.0019547227883461261097
-4	-5	2	-0.0012030326739092308663	-0.0041911031720814895252	-0.0020525892306540939776	0.0052164537430944438526	-0.007537538424453696026	0.0046589280135731318822
-4	-5	3	0.0023054890352988141947	0.0017602425596656308664	-0.00094467356452307611227	-0.0024960169876729562145	0.0014995294395266254781	-0.0018130382332340862304
-4	-5	4	-0.0012967725581840617612	0.00061931624342799072771	0.00039218789752966826687	-0.00038618420780593671173	-0.00080653768627197638692	0.0001365859836705698516
-4	-5	5	0.0039813758679062543483	0.0062849364377047748503	-0.0029469608775275096292	-0.0090950641432382284962	0.00023813981679749376811	-0.0040671149930744093098
-4	-5	6	-0.0066971112548720873603	-0.0028875530655801252659	0.0065112574850699498144	0.0093787880014860203898	0.00096130706764356642444	0.0058906212908516001475
-4	-5	7	0.002918036712651878202	-0.0052785487369015659034	-0.0025170751694630075571	-0.00050813609876767954279	-0.00013046128524393216285	-0.0033792679202063803136
-4	-5	8	5.5308994732309333178e-05	0.0031392642697333980606	0.00373363831579607338	-0.0034664861186903695583	0.0023611784447387005291	-0.00059692168931478194367
-4	-4	-8	-0.00039553640598235357238	-0.0028931388874954429812	0.0031785252428691464222	-0.0030012310277615361631	-0.0013914944184433963165	0.0029471849576284893553
-4	-4	-7	0.002980252351178710752	-0.00052772178615935548106	-0.00048035973803482425381	0.0030819580907267729759	-0.0014285100646536494275	-0.0014595636026099529162
-4	-4	-6	0.00046305501673911912816	-0.0010813546495575937761	0.00050013677386041355873	0.0036526844671879586841	-0.00064212786039968838565	-0.0017142198784202433443
-4	-4	-5	0.00018701975923616375895	-0.0038975233577116558288	0.0015473607180515078045	0.0010595854510875336862	-0.0013875043818301372942	0.0022703503252992978875
-4	-4	-4	0.0029687809356025050486	0.00059311527162332438028	-0.00063817653265662145721	-0.0054940784985186312192	-0.0023306044029458836998	0.0049009632268953075979
-4	-4	-3	-0.00056036480556870488581	0.0042890861400597876663	-0.0016022833862284126694	0.0025455305551179301972	0.0028835309223961568849	-0.009112822260236956573
-4	-4	-2	0.0037078323259362605015	0.00049996393939693098158	-0.0039488770484285501752	-0.0059958910168724172465	0.0004820894449845792391	0.010991854154950972747
-4	-4	-1	-0.00030634293303425654768	0.0015686952940895039933	0.0016889866581849166845	0.00057656651780380236728	-0.0055305749006026401135	-0.0085810472475732254422
-4	-4	0	0.00010944016079029715593	-0.0038172743023401479838	-0.00010944016079029715593	0.0038172743023401479838	0.00016886957054844256923	-0.0041762091870360083801
-4	-4	1	0.00026144735485324405774	0.00084237037318751501608	0.00016346846154972175555	9.0613048094403237471e-05	0.0016996632656118633616	0.0037319336851276731226
-4	-4	2	0.00078010788978910160143	4.5998929715111696182e-05	-0.0030353485566112108941	0.0010973547741001867667	-0.0045104813336442183686	0.0022867074076305970477
-4	-4	3	-0.00045529405867780563776	-0.00079973186179476231979	0.0012773287778671360386	-0.0022046392308472714111	0.0010960462922524406067	-0.0040058281235227114966
-4	-4	4	0.0038290618435221973268	-0.001733597846800020428	-0.0019079555000371304328	0.00097862735424567807302	0.0019211063434850666771	-0.00075497049255434235497
-4	-4	5	0.00034108535438948876101	-0.0043237221387425221406	-0.0040223115787498429571	0.0041391350971439018133	-0.0029449809794882832702	-0.00014766963327889659247
-4	-4	6	-0.0011416073207887505927	-0.0094374377547769682656	-0.0037254341860581299643	0.0091152729793018069659	-0.0032446943378979203713	-0.00021477651698344120976
-4	-4	7	0.0061732658256709082092	0.0023621414105679991967	-0.0015407676894688029749	-0.0041900394139720653977	0.0026471417921154886434	-0.0010445131448023235125
-4	-4	8	-0.001238724917217410822	0.0024703201439050686584	0.002761364738317950273	-0.0028247128857656449152	0.00076131991055026972549	-0.00017719637093028820971
-4	-3	-8	-0.0022892468773677500556	-0.0028881282666251718166	0.0050150808250578040801	0.00010163824025564787389	-0.00073603187071280150224	0.0014059497932167178743
-4	-3	-7	0.0023492003710591656714	0.00069928508576809803813	0.0017980569994546977391	0.00081972125850151710165	-0.0021129960689429652838	-0.00075090058836813479513
-4	-3	-6	-0.0054987376216615478294	0.0016254764530199041894	9.739815494878879007e-05	-0.0019499910897326218177	0.0036171260036333046164	-0.00010865542381362520833
-4	-3	-5	9.2381802591930858013e-05	-0.0028212074827464158136	0.001260519674371007046	0.0040000252002333506682	-0.00083021724669614892483	-0.00014304913394287796687
-4	-3	-4	0.0045890970110850845542	-0.0021875024231448802689	0.0010864693480076078203	0.002855175649332508496	-0.0054039490220907909074	4.6120686145498815617e-05
-4	-3	-3	-0.0018620641515639045193	0.0045610924830521868897	-0.0058811986096900222346	-0.00052898661258340669636	0.0083639508117752288385	-0.0055524700314861751005
-4	-3	-2	0.0019754821527079983491	-0.0063434991235760363956	0.00220529841439889027	0.0024300770972106957614	-0.0072589119270143323201	0.0090418826013360289323
-4	-3	-1	-0.0038996874352286766546	0.00393870944468837237	0.0024183166177206903528	-0.0033328096935261535515	0.0083437998877526359937	-0.0057564086981750266572
-4	-3	0	-0.0011738536225959050451	-0.0035711426188743821027	0.0015651381634612067991	0.0047615234918325097593	-0.0012514615898588331549	0.0089358601649974379183
-4	-3	1	0.0035027328220775997246	0.0027817665993409819783	-0.0042592272611843111363	-0.0062505915908648923898	0.0012332495047574650558	-0.0076247083752307492563
-4	-3	2	-0.0022953872895383788111	-0.0017068247583654054273	0.0036083987818633944146	0.002749152981772961038	0.00082182359371833389131	0.0007100799559286309192
-4	-3	3	0.0032228436253033273216	-0.0034735442200390393569	0.00042809960392249131597	0.00066790501198942951906	0.0047252244376602614215	-0.0039634872813959559287
-4	-3	4	0.0036678858298684791257	0.0068594478728758916455	0.00022141353911957610567	0.0020297741362169416206	0.0038339459842081612118	0.0083817784750385981862
-4	-3	5	0.00071764189449255650407	-0.00077026259137618821853	-0.0057733370949430958333	0.0017421099687224799856	-0.00288988874137181221	0.00042905590813253744907
-4	-3	6	-0.0036765868289893610145	-0.0015225635667861516474	0.0069396532592440199685	-0.0031018850782518303348	0.0010187687436291024967	-0.0025659849169833493822
-4	-3	7	-0.00042540587463983528613	0.0030450042362439727617	0.00092055602081910837316	-0.0025724827000848352228	0.0001514349376997120274	0.00063750983496019784924
-4	-3	8	0.0014531046021817564835	-0.0015616617100290711238	0.0030481700023182144166	0.003063929571628849248	0.001869616051960208648	0.0003681427343462828519
-4	-2	-8	-0.0025181085940178512053	-0.0024973427197848307481	0.0015555592159903462463	0.0026152118362375432851	0.00087016449301133887845	0.00059486840083302966117
-4	-2	-7	0.0021825576419977786233	-0.00056311386614669967868	0.0016438161768555549242	0.0015082364642836673229	-0.0017168375602431749059	-0.00010914535199721941679
-4	-2	-6	-0.0027766393717334235738	0.0033980500429379232978	0.002929883192950043843	-0.0059370967201925715917	0.00087446518350560106542	-0.00028633445522775833464
-4	-2	-5	0.0015589489059713169516	-0.007107895340689017287	-0.0020117203296241763059	3.755271595076701722e-05	-0.0004424709929273831473	0.0056712951861709074916
-4	-2	-4	0.0062927866457272753353	0.0037128921487599507271	-0.0019240872764378091648	0.0032944195523633263388	-0.0053307430075083704277	-0.0053601019249416145471
-4	-2	-3	-0.0057227071470727520347	0.00065388582437561257842	0.00016356351744867671325	-0.0020213517144424108379	0.0075212338511312180206	0.00047572004379412393196
-4	-2	-2	0.004147260258545780974	-0.0017038731902848521741	-0.0021162651774161542369	0.0013552978073098145839	-0.0061782553396754081448	0.0020524485732598893306
-4	-2	-1	-0.0036807504420936776324	0.004706145406639497368	0.0020612474188695301992	-0.0073613774745043877162	0.010600506930635650998	-0.004101826677549214907
-4	-2	0	0.0038069915475076386395	-0.00054491810983071779263	-0.007613983095015277279	0.0010898362196614355853	-0.011237813225087035091	0.0073270901384080745766
-4	-2	1	0.0019455207685130475326	0.0026246373957646597364	0.0012505665548791847479	-0.009673566614755137183	0.01028321618381056006	-0.0088485836464516354205
-4	-2	2	-0.0043078692210057464504	-0.0022736460932713609476	0.0026833311241013222716	0.0087824798746944827965	-0.0059324073179101710629	0.004235187688151760034
-4	-2	3	0.002124757935455250709	-0.0036814394420651820952	-0.0015758101767438489112	0.0018927819429217303433	0.001782470462777768121	-0.0036467312941390896651
-4	-2	4	-0.0064521306980457899388	0.010916094169610099721	0.0014186462528584756638	0.0082099436782837129783	-0.0057428075716165517817	0.015021066008751955342
-4	-2	5	-0.00062257022926327852501	-0.012850840253105203989	-0.0067337658242048719498	-0.0037910546211441294856	-0.003191562513092571253	-0.011797094050941814292
-4	-2	6	0.00072674869311787997344	0.0013435171883449780871	0.0040144130981157096633	0.0017268686435911006615	0.0018226368281171565367	0.0014713010067603522063
-4	-2	7	-0.0049976383162179576283	0.0026577741389811832332	-0.0004985035068291168367	0.00027421666679051449108	-0.0029982228969328661265	0.0015970756985008230378
-4	-2	8	-0.000876999353958554358	0.00062642476526226565682	0.0057770800695567149641	0.00052972265801146372483	0.0010057703404099016704	0.00044564304713399875962
-4	-1	-8	-0.00061719544023033381074	-0.0027108081277910211354	0.0017634085266585929844	0.0030871877936773646327	8.8171654282842755208e-05	0.00096950558968584004283
-4	-1	-7	0.0037746599090487495572	0.0016036471767500875846	-0.0019376655329353107728	-0.00094894409744113075288	-0.0018801391576085269963	-0.00078080637279417421104
-4	-1	-6	-0.0069531507978723480073	0.0019658379220646527222	0.0022891472892930361978	0.00040856164937678324245	0.0042539093170327257551	-0.0013786522229392321384
-4	-1	-5	0.0023683435037629746618	-0.0054030957762158226404	-0.0034423151554405775551	0.006166171070241103537	-0.0012062117719222641751	0.0030892424069244371447
-4	-1	-4	0.0014081405153764663292	-0.00054188114436099692282	-0.0054500937560451661809	-0.0028017872253482422641	-4.5617076365174661994e-05	0.0012423279506980574888
-4	-1	-3	0.00085434189738166832137	0.00036789792125981209386	0.0024626712832322172377	0.0011013215349870814855	-0.001960012957586296841	-0.00085763774000877654805
-4	-1	-2	0.0012584199916944418304	-0.00096895040758282317567	-0.012223650137298241319	-0.0021267575524881910005	0.0035949850852602374326	0.0030012795914097418516
-4	-1	-1	0.00074500506143183279229	0.00075249278439248759934	0.0059797601236314607345	-0.0026488943160067977139	-0.0089597803693587923374	-0.00036107682156315284603
-4	-1	0	0.0016822968322395693685	0.00053125658813042134134	-0.0067291873289582774739	-0.0021250263525216853654	0.0026711612339637802287	-0.013064257012646572284
-4	-1	1	-0.00358723605122161825	0.0034338165333869987567	0.011180199659492571704	-0.0092877194319930141131	-0.0031687445453939012963	0.0044475467015549817809
-4	-1	2	-0.00053001917151666215564	-0.0084320236091856848315	-0.0046361468791474005555	0.014058238370654263169	-0.0033781117826070243722	-0.0098349280330442389458
-4	-1	3	0.0057873749921300461641	0.00094526532559392664051	-0.0094649166598786260013	-0.0052597987208921883825	0.0045615277695471856401	-0.00049291247283882741806
-4	-1	4	-0.014663542833482871158	-3.8819149352607554054e-05	-0.0014127073393618721792	0.0038304293561631720839	-0.015016719668323338932	0.00091878818968818543305
-4	-1	5	0.0078560115169864479928	-0.0098522123699184335072	-0.003588791438248800994	-0.0069003229974575457789	0.005567050925939397675	-0.0092618344954262556146
-4	-1	6	0.0031245362862139616257	0.0047320192056509871939	0.0055702694563948143905	0.00037198307941851927946	0.0030114024335417765264	0.0032166766503370779369
-4	-1	7	-0.0048202900518941734984	-0.001526268643155040839	-0.0010193784754791998873	0.0030628233674414766588	-0.0029000769547222705544	-0.00043460731502552670978
-4	-1	8	0.0023818735506616218328	0.0014436893836596081594	-0.0007128240890719547045	-0.00071186846523633290611	0.0011018337641968167003	0.00063286113367526256133
-4	0	-8	-0.00011685277537320690969	-0.0032613163402058684658	0.001375571464743986479	-0.00039540861878112798684	5.8426387686603454847e-05	0.0016306581701029342329
-4	0	-7	0.0066063880316442648299	0.0031348361099744958755	-0.00099735079793404125305	0.00060006279953698983976	-0.0037750788752252944364	-0.0017913349199854260597
-4	0	-6	-0.0061246881757291695911	-0.0005336849961083607076	0.0014814119048298299546	0.0026434072955048284678	0.0040831254504861127716	0.00035578999740557378699
-4	0	-5	0.0025874973777081904797	-0.0024413392052813499139	0.0021583129009743319375	0.0011242469926197001633	-0.0020699979021665524705	0.0019530713642250800179
-4	0	-4	-0.00094908410107172195072	0.0017679685952063156282	0.0027656757021229418092	-0.0073076800097535178635	0.00094908410107172195072	-0.0017679685952063156282
-4	0	-3	0.002021681874879544677	-0.0035644169389869675459	0.0054987200029048078145	0.0051912026748110158894	-0.0026955758331727260914	0.004752555918649289772
-4	0	-2	-0.00020029842416155943107	-0.00062363109228244137903	-0.015755683621171353431	-0.0091667881439162074431	0.00040059684832311886213	0.0012472621845648827581
-4	0	-1	0.0028151682449344471275	0.00057244740766472545276	0.0023486306445513831752	0.00072244499197367305441	-0.01126067297973778851	-0.002289789630658901811
-4	0	0	0	-0	-0.0062498261386961526456	-0.0026267261263805069885	0.0052382072781467841835	0.0046015266041106554773
-4	0	1	-0.0032718765698921789715	0.0017391305328629232466	0.011238646984143802615	0.0065902923659776693754	-0.013087506279568715886	0.0069565221314516929862
-4	0	2	0.0051851244596946028526	-0.0051911487144047155362	-0.011335222670396275652	0.0076406755765141848996	0.010370248919389205705	-0.010382297428809431072
-4	0	3	0.0018254045566782936116	0.0078347524482055286299	0.0083835656524600867673	-0.0058733298106406154476	0.00243387274223772496	0.01044633659760737035
-4	0	4	-0.011829710709858878501	-8.5855205710434428601e-05	1.7822593802826181122e-05	-0.0026698462715375203581	-0.011829710709858878501	-8.5855205710434428601e-05
-4	0	5	0.011173343472117245115	-0.0039944012530173248279	-0.00016545239537801983499	-0.005984665968408693637	0.008938674777693795398	-0.0031955210024138596889
-4	0	6	0.002343830983571579523	0.010744655789452463995	0.00091554279461522364725	-0.0012428916466475123208	0.0015625539890477195375	0.0071631038596349757078
-4	0	7	-0.0041171626592080593984	-0.0068898262043681525457	-0.0086254620815346232099	0.0053129237178479206405	-0.0023526643766903195323	-0.0039370435453532299022
-4	0	8	0.0031835198307306983127	-0.0011978305136828902664	-0.0021951438246032481914	0.00092071171216046693818	0.0015917599153653491564	-0.0005989152568414451332
-4	1	-8	9.7198417240793104051e-05	-0.0025590519139341958051	0.002235930477748742165	-0.00207338418634811332	0.00023089210109819620505	0.0010203529336735839544
-4	1	-7	0.0020507960634284774434	0.0029713287342431320831	0.0022231031916667581307	0.00065835996608956388713	-0.00085429729457816465984	-0.0016038507101261377779
-4	1	-6	-0.0029877553819346557018	-0.0029233527478607279279	-0.0031469342037170836696	-0.00034681864668337008747	0.0014673478873369232619	0.0018910987241265901984
-4	1	-5	0.0047991614568679069261	0.00062618878721294344777	-0.0080000992576946330925	-0.00039869974727406025687	-0.0054393490170332528533	-0.00058069097922516679875
-4	1	-4	0.0021983387697258197427	-0.0028602702804187865419	0.0049854181893171124751	-0.0081998846890975387453	-0.00095198422239654184075	0.00081029910814440185562
-4	1	-3	0.0046287880040563524758	-0.0033205646328108772911	0.0044022572744290885266	0.0050521357896635499599	-0.004704298247265440748	0.0061114647736356863747
-4	1	-2	-0.00026175628797902602109	0.00044911561862844354143	-0.0080425171474285284817	-0.0075668782114096510422	-0.0034977459977562118734	-0.0046816703429617126039
-4	1	-1	0.0014408790329138298093	0.0012247143131235266843	0.012306845371468807387	-0.00052978621784737834656	0.0065433292398134881504	-0.0054286434703414848668
-4	1	0	0.00055086856295834501877	-0.00049903188266087899778	0.0022034742518333800751	-0.0019961275306435159911	0.0055554100360332703268	0.0064611487938695984223
-4	1	1	-0.00088457323109446424608	-0.0029687960905932409168	0.0066530290683136780391	-0.00056311392849993531767	-0.010191321992691536324	-0.011312070433873028241
-4	1	2	0.010581527986122937074	-0.0012951728349662155592	-0.0049916553679179506697	-0.010787707110250217488	0.023658883656204849483	0.0028035078851926771917
-4	1	3	0.0027682192506395574341	0.0074971335763316677286	0.011036913267107269221	0.003600065088327971622	1.1987911816987131044e-05	0.0087961564056662343986
-4	1	4	0.003867756693102444767	-0.010565752928329372878	-0.0053180339273643673775	-0.00010046990411679379118	0.0051972651749435366114	-0.010540635452300174332
-4	1	5	0.0071820055476491890048	0.0051914774644382481739	-0.00062500103010867719047	-0.0018535741814991383951	0.0058706046441410865769	0.0045238968078504257844
-4	1	6	-0.0040814578414729574263	0.0087313298719300606182	0.0054272766592639446262	0.0020324195065021784593	-0.0036255180041926291998	0.0054821499968696766128
-4	1	7	-0.00085777819538552602194	-0.0054193460624039962656	-0.004989247247397235116	0.00034778442375212119094	0.00022259063797930439001	-0.0031464526676240152023
-4	1	8	0.0017876110498755038315	0.002248948463928965736	-0.0011530196375877513944	-0.0038911920319573199516	0.0010379329796362207587	0.0016108732359591476993
-4	2	-8	0.00081425165994000400522	-0.0031342584693053385236	0.0047314870213521712655	-0.00031146392110205454312	0.00077574592536804086798	0.001489263254377155626
-4	2	-7	0.0016789577143520679689	0.0024430332974997521003	-0.0022027288013820706634	0.0045362623812539972293	-0.0015887554943103446813	-9.9944061070144930283e-05
-4	2	-6	0.00023478752242471137438	-0.0022858694144657024788	-0.00058255308759632611158	-0.0025720789390940934985	-0.00035070937748191626871	0.00066655329661243715306
-4	2	-5	0.0045215086271649853472	0.0013395087938121688804	-0.0039810284191909321369	-0.001702190417189499436	-0.0052096182694083619999	-0.0017524832019255348788
-4	2	-4	-0.0026719324095355778854	-0.00053816757782910789806	0.0087920646900409137742	-5.9321332565876242187e-05	0.0070679647545560343389	0.00050850691154616974986
-4	2	-3	0.0047396623696252361893	-0.0034775308768831944724	0.0019746191645708941788	0.0041456309876152595134	-0.0050031370497863854666	0.007400461827587766217
-4	2	-2	-0.0040962268783418494603	0.0021630299850259973073	-0.005619161342491268106	-0.0057045310759895892852	0.0025732924141924303808	-0.0100305910460415839
-4	2	-1	-0.0016187464019015750712	-0.0018610198515297067708	0.0013482724860172654643	-0.0022103935755427902426	0.0091715305796408307798	0.0030232922550332461641
-4	2	0	-0.0017557803222240306318	-0.0012800557670518790399	-0.0035115606444480612636	-0.0025601115341037580797	-0.012406588751639559265	0.0015731647753284242353
-4	2	1	-0.00014833736708077402086	-0.0030124439817105991626	-0.003530550288949292799	0.0022102549961871996095	0.0064677511095754891893	-0.016470285919216797604
-4	2	2	0.002525983642765758895	0.006056589541009579393	0.00063374268671783956682	-0.0056171160988086011809	0.0044182245988136784401	0.017730295180827759099
-4	2	3	-0.0051307632410510384952	0.0069520860720884208525	0.00041209690986624113998	0.012739444197155783828	-0.0071157489279788785005	0.00077648529801403818728
-4	2	4	0.0075874275752716800053	-0.0047257858705989754314	-0.0077360107713728447007	0.0031984386000729202355	0.011455432960958102789	-0.0063250051706354353323
-4	2	5	0.00073112859458965740074	0.0028631795961756214414	0.0023946440769763190082	-0.006501822660790803135	-0.00037295475511880168268	0.0048912727412568184071
-4	2	6	-0.0055151243506768986985	0.0047834095489373900864	0.0058802215423595172519	0.0080773273838355124504	-0.005636823414571104883	0.00049649723801308931308
-4	2	7	-4.1609946198116901984e-05	-0.0048645451652510642016	-0.006677796109331900036	-0.0031252212455250075185	0.0018841646334101902049	-0.0018868197385648914025
-4	2	8	0.0025473363554373226747	0.0018725735865642502854	1.0895327129767760983e-05	-0.0043985493619877018279	0.0012709443459362193204	0.0020359241337790504912
-4	3	-8	-0.0014884937928917648525	-0.0024538598475643694577	0.002271905678583907226	0.00057696696814374772485	0.001596211525914847636	0.0014432925368360902205
-4	3	-7	0.00086984902819716347546	-0.0023431840227263194161	-0.0047169649664443825607	-0.0029993658072777068524	-0.0025186130017316858166	5.3519809867451001765e-05
-4	3	-6	-0.0013171365670789590956	0.0023581221475043991423	-8.3260227094685205335e-05	-0.0056830070825319321456	0.00083646093117196345431	-0.0044135849729355653565
-4	3	-5	0.0017076851409394476315	0.00082922278181828189096	0.0033248704393760790919	0.0013741777601942296947	0.00062877415087408928488	0.0001611284306619122119
-4	3	-4	0.0004839907648774946264	-0.00070377385720567372466	9.2805814709131555164e-05	-0.0030237494345361397644	-0.00041438640384564598374	-0.001564038218696431207
-4	3	-3	-0.00021107717550871658093	-0.00085972419197032784195	0.0024544815872098975709	0.0022045214839951834257	0.0027359178212215196427	0.0033508204066222875041
-4	3	-2	-0.0040097306154987018972	0.0050062837752527710941	-0.0042859530304233646805	0.0032792219835462124884	0.0015905316853623582916	-0.0050937345751862223714
-4	3	-1	-0.00032326547794914476872	-0.0054707816964627174403	-0.0018345694783957957209	-0.0052816853306475713276	-0.0042106465233908083046	0.0060380707939081566457
-4	3	0	0.0012669914215587252913	0.003372806402480538375	0.0016893218954116338663	0.0044970752033073845	-0.0041425840167020359581	-0.0044166506517894100342
-4	3	1	-0.0020501868928601502465	0.0032911924102273643067	-0.0049783709164046710885	0.0030739613736030096947	0.0067343651777734140143	0.0039428855201004281428
-4	3	2	0.00245137278107584013	-0.00078007014388937838921	0.0043067179574121667446	-0.0011772654966770246341	-0.0015573313739665700737	0.00020575795723678017273
-4	3	3	-0.00063224013127021817023	-0.0034098495794170425102	0.0014083615938159756761	0.0034733389776354108534	-0.0022513484355095999753	-0.0080198050835248013007
-4	3	4	0.004151627621779281456	-0.0025511237397186237869	-0.0033094608727645561178	-0.0053171920486049135957	0.0066337232763526987611	0.0014367702967350614099
-4	3	5	0.0057641451819337259296	0.00097456598919754347521	0.0053643909786069785689	-0.010880178717788660872	0.0013926815583827939927	0.0073077600220312309565
-4	3	6	-0.0061282998789949499896	-0.00044499606341348460709	-0.00069829350876926977315	0.0092896071196883894805	-0.003736386498278665251	-0.0049414676021198519762
-4	3	7	0.003918692231460500601	-0.0034738720448987685414	-0.00063823986650506233601	-0.0050243277447505202415	0.0025127840750510267026	0.00016821357923664097571
-4	3	8	-0.0032928866306209262152	-8.1194900357656332257e-05	0.0019431583384187716898	0.0011478583401072989592	-0.0023751276922175023829	-0.00047104432771906526228
-4	4	-8	0.0028786227413356096048	-0.0025034087097507958311	4.285743697140414251e-05	0.00035582950564075235649	-0.001417882652182102677	0.0014296191076957739854
-4	4	-7	0.00089025449391472199264	0.0028697776522332157922	-0.0011475190006510445958	-0.00067724659284589450083	-0.0011644419968947236719	-0.0020268709971880630866
-4	4	-6	-0.0047007038505205529441	0.0026437333090318921973	0.0014662560880321542488	0.00021013324797421452871	0.0041113066257018049399	-0.0016224000407051184999
-4	4	-5	0.0021914921440342439128	-0.0010344724205446410338	0.0019095109377109890491	0.0028158614547268258702	-0.00022558496505860375003	0.0030802671002171733497
-4	4	-4	-0.001437865285036284916	-0.0020248722861742059036	-0.0010086085737144529287	0.00061958645005797221336	0.00042925671132183214991	0.0026444587362321782253
-4	4	-3	-0.0027927489987804076169	-0.00038017251586339563876	-0.0020655478046120766614	0.0037931977770209969122	0.00096960159222444141855	0.0055644937238458567347
-4	4	-2	-0.0042008038069730165368	-0.0019538732356223125278	-0.0045007045997438972426	-0.0038497354780507946591	-0.00059980158554176260435	-0.0037917244848569642626
-4	4	-1	0.0037736670619859320926	0.0052468279418692968796	0.0042074012628163506497	0.0066814611706073421399	0.0017349368033216727106	0.005738532914952181041
-4	4	0	-0.0011034902960701030526	0.0064254686896381193323	-0.0011034902960701030526	0.0064254686896381193323	0.0090311203999759292332	0.0032031280948733404854
-4	4	1	0.0064786748235317274253	-0.0010046037080212485808	0.0063116516682714396413	-0.0021814276486884047468	0.00066809262104115167778	0.004707295762668624664
-4	4	2	-0.00016474010532688347077	0.0020044278450921946058	0.0049510234831019427071	-0.00045921708075766530304	-0.010231527176857652464	0.0049272898516997199261
-4	4	3	-0.00053492367294032485726	-0.004558631299635497458	-0.0033026200878053073307	-0.0018895107613774865096	0.0036902618864866434424	-0.003558827384344014598
-4	4	4	0.003241282241946974018	-0.0014489485058779996794	-0.0059767282229774374575	-0.0088481162234166337716	0.0092180104649244119092	0.0073991677175386334417
-4	4	5	-0.002601571564664619321	0.005275394568717201027	0.0075913225816180594438	0.00075155134815906661418	-0.0081543153170261437057	0.0036190745764465071833
-4	4	6	-0.007095348537204155745	-0.0053574256687527813114	-0.0056417888775688335851	0.0048314705915594915314	-0.00096903977309021531537	-0.0067925975068748485619
-4	4	7	0.0043260529531977658796	0.0004926863600737728735	0.0024928919666911478203	-0.0021688627550001003327	0.0010475205637180678032	0.0015208852086136418012
-4	4	8	-0.0025586241127776286099	-0.00068269287117151225032	-0.00038557606977994386341	0.0025587830063701316567	-0.0010865240214988423732	-0.0016207379387708220619
-4	5	-8	0.0019203833391922388654	-0.0016496880430532927676	0.0014362077204665391842	-0.00054716379004115655183	-6.2561844304532510347e-05	0.00048286665275092349823
-4	5	-7	-0.0038472308238855323741	0.0034604995403885274556	-0.0021256137088211135046	-0.00071424598070390194707	0.00068012210734808020447	-0.0024876040092962313499
-4	5	-6	-0.0039676335982604497843	-0.00075283698945236541839	0.00063614774218830158654	0.0018941372980405915029	0.0031752121839972178088	0.0020803390746687365313
-4	5	-5	0.001565043363327607703	-0.00025749627277187254245	0.0014383251269205977931	-0.00068462038841493046918	0.00018629043625851160904	-0.0004786233701974324569
-4	5	-4	-0.0032267159096913263991	5.159882967419526182e-05	-0.0042884106564264438954	-0.0021917133479692121195	-0.0021337974108417289039	-0.0027912405146357103028
-4	5	-3	0.0014495525272458442082	-0.0013182994830550881071	0.0036358631276311860307	0.00054546093335828974361	0.0041270351763908509624	0.0026668341996706002375
-4	5	-2	-0.0016048052137467344515	-0.0033483410234625005097	5.5847511633617351854e-05	-0.0029198994381719918512	0.003349229206577512049	-0.00060306654850497860842
-4	5	-1	0.0028207642745192587977	0.0051983594560420561675	0.0022340868548748260211	0.0046069007804296624453	-0.00011262282370290681993	0.0022410660779800879901
-4	5	0	-0.0058051742752343793094	-0.0017107572546672606198	-0.004644139420187503968	-0.0013686058037338084091	0.00076967513044301917157	0.0016792064484624064612
-4	5	1	0.0034594919755740350525	-0.004288404713374958932	0.0025149335426678984771	-0.0028325822518047963534	0.0012633001889566473908	-0.0029907075944758548282
-4	5	2	0.0020407396940815350495	0.0063501704861973033711	0.0043094508300310944635	0.003685199382034509176	-0.0066921476869146656261	0.0034873425173083333686
-4	5	3	-0.0032134396785827279951	-0.0008025024778207485391	-0.0046055905084365017857	0.0022977499811870694992	0.0033913979426171991273	-0.0048995866057394473619
-4	5	4	0.00094492837439299397304	0.00012342089669794382382	-0.00162974435798229054	-0.0029563140105784290086	0.0029821088218708572022	0.0038188134099209798678
-4	5	5	-0.00047410206377780899755	0.0036931621478172365833	0.0031637112860847848086	0.0036232822070574079165	-0.0035429929371070321802	-0.00066875248880361856316
-4	5	6	-0.0029056359556023890478	-0.0032606547124761453386	-0.00515857731064891991	0.00034881477103360569378	0.002361723788472507371	-0.0024644487841787685208
-4	5	7	0.0020030784196315380014	0.0003927881853799890092	0.00092598504935769343407	-0.00074939280141784797486	0.00048319834739109788005	0.00075973096408702800279
-4	5	8	-0.0030616235251085563256	0.00016832291117118699597	-0.0045842380730965635524	0.00097653060042735451325	0.0013343370331310739491	-0.00052617016968150307279
-4	6	-8	0.003619475474163141946	0.0026058349541631460784	0.0029243294821071990318	0.00028000762960462036947	0.00038350937449882802977	-0.001092911754878107735
-4	6	-7	-0.0028448017125881678267	0.00094548694233549234606	-0.00054239823404014255153	-0.0018193756448021912702	0.0011606882065874023473	-0.002099743091165016777
-4	6	-6	0.00046571276472850406175	0.0016558035646745035158	0.00093452978486137123094	0.0021086911008252884336	0.00062405460837570178416	0.001004822057708952901
-4	6	-5	0.002366255089527521515	-0.0015275081386901712306	0.0029198860900426122644	-0.0012093516220392827153	0.0016108592364291174619	-0.00022921543549500226307
-4	6	-4	0.0010835194749461501355	0.0018462458356811987676	-0.00246030042667530046	0.0026135262697848647175	-0.0047739701149591010423	0.0020740435689960978749
-4	6	-3	0.0021667237276244521831	0.0019114854221296486043	0.0026284583669053934035	0.004210620774223703365	0.0023679517636448509967	0.0058725943189412077236
-4	6	-2	0.00072825422955471151316	-0.0018094219112669640906	0.00036821000449473731886	-0.0026628785073047091247	-0.00035187844562521112396	-0.0043697916993801991931
-4	6	-1	0.0028970530295924271612	-0.00058500082452071788548	0.0016050395495892137102	-0.00019590100736649527884	-0.0019579748208344259497	0.0011645972538838998689
-4	6	0	-0.0047628770924956825503	-0.002797956346210304663	-0.0031752513949971214111	-0.0018653042308068698476	-0.0071760977725723821413	0.0035117090202104331645
-4	6	1	0.00074612776417879334446	-0.0028115843625217285667	-0.00071701295084164527304	-0.0014614917771253010514	0.0072865887617650452329	-0.0024773867873351079587
-4	6	2	0.0016382282913346164072	0.0072871592006727471669	0.0035373080035192273028	0.0043772755908406098604	-0.0073354674278884486605	0.0014424916288236641019
-4	6	3	-0.0050150094337409953371	-0.00057251325310515984932	-0.0059928224115642419675	0.00076264203120283361858	0.005298965578140489574	-0.0022886350665458801527
-4	6	4	0.0077593727023418787234	0.0026800440301997002952	0.005971272117550165473	-0.00060631669721933681688	-0.0011975354739833686188	0.0035895190760287052495
-4	6	5	-0.0024824709728506516755	0.0055014298849504310318	0.00060637510442909593918	0.0047290877808727465464	-0.0027136269035954365542	-0.0012737614290869510737
-4	6	6	-0.0024892223948345644849	-0.002751030738794172769	-0.0017110344156839821933	0.00068079189392646229356	5.1552819127605829384e-05	-0.0025148123864559106255
-4	6	7	0.0025791689621599339297	-2.4320488517775983055e-05	0.000453109871427888008	-0.00056744839781311059729	0.0010854309457246297602	0.00047248691897250853907
-4	6	8	-0.0016601076646044561798	0.00075652558930297943238	-0.0014910130617527997225	-0.00037117234984676930089	0.000288205964012371702	0.00065664205703656669186
-4	7	-8	-0.00062458882237718677932	-0.0011660565187035880613	0.0007879759213730914329	-0.00074745559346528381121	0.0010017733423900484612	-7.0995384930329304184e-05
-4	7	-7	-0.0018957524599016253603	-0.0020160769992622045582	-0.0019925231117573871491	-0.00053484048620795125555	-0.000909235991813601074	0.00061720351337045138013
-4	7	-6	0.00083607885708428665399	0.0028735828300047146569	0.001344521987503664558	0.0038459090948056938973	0.0010112230806980841789	0.0025711720572701665145
-4	7	-5	0.00019668937803604869983	-0.002884338176884283008	-0.00056310034487843123232	-0.0014573782880526061322	-0.0009456919852586427068	0.00026714093823377774552
-4	7	-4	0.0025494687303690088086	0.0055073074757472214799	0.00027773383594682939622	0.0025673310665174178292	-0.0020634345174620574194	-0.0010144781093417403871
-4	7	-3	-0.004565104989185280078	-0.00031201061313366719929	-0.0011732368152061656199	-0.00015031338084679708765	0.0033492540834326543081	6.5282928869029736895e-05
-4	7	-2	0.0080735022676877536696	-0.0030926072986034785703	0.0054016109238874312343	0.00061361717715605783915	0.0027586336982305015471	0.0083328747172531584392
-4	7	-1	-0.0031481736467512864107	0.0081837454643319262892	-0.00310853994117808426	0.0044840544326192454533	-0.0091670850012414428765	-0.0013466008289929845988
-4	7	0	-0.0047464147868908285535	-0.0081844412119556134155	-0.0027122370210804734592	-0.0046768235496889220756	0.0069657613341183657885	-0.0016915616749170984002
-4	7	1	0.01097901807668509068	0.0026380410523961801	0.0064367539350164669487	2.8615509891831393611e-05	-0.0011412052383749070068	0.010351855640341899381
-4	7	2	-0.0058222982149848823835	0.0084120668388733155912	-0.0016422198908147447698	0.0066056433964788129065	-0.0058968268121181591571	-0.0062956182099292139903
-4	7	3	-0.0031358726307597457016	-0.0053045955276116900715	-0.002901772766011730554	-0.0034400177017019362147	0.0025896396130143770238	0.00095391393382226465861
-4	7	4	0.0057035470680586730641	0.00073672336299747571975	0.00384389528330429317	-0.0018426035938877019862	-0.001023269677723839333	0.0039612796523009544125
-4	7	5	-0.0022556015771719160369	0.0032831211628044625755	-0.00019809874338140551794	0.0014160717158224133631	-0.001527143021003564893	0.00064399652809219115699
-4	7	6	0.00033919811540934589889	-0.0058944348529318324123	-0.0024525868727827424345	-0.00020427794976801699625	0.0030874834285194302508	-0.0036912989605585354649
-4	7	7	0.0053860706993770412696	0.0038682566685937862759	0.0018992406933511900031	-0.00059753874078734997045	0.0011785139920071194177	0.0028079711228409420971
-4	7	8	-0.0072246146037469680806	-0.0039535303212985262178	-0.0032032374722166440974	-0.0011291958936442748375	-0.00080947451368392061774	-0.00098871875371052278872
-4	8	-8	0.00061559375841336682993	0.00032509434212558231464	-0.0004454942012725913135	0.0036982762788860365673	-0.00075329108047927472846	0.003535729107823245166
-4	8	-7	0.0002016326512414370626	0.0038765397277684531668	-0.0016152253078302672169	0.0012862097574711298369	-0.0019611904382296979979	-0.00074521155018639629718
-4	8	-6	-0.0039592922680107582242	0.00086994834991140350833	-0.0015362048926318013723	0.0023042144332850560129	0.00059125498849810383378	0.0024923203444391392285
-4	8	-5	0.0032175509821106883582	-0.0012328576239986374467	0.0022708456511465204518	-0.0014645360766868248652	0.0010593122561458820363	-0.0013569716235000096535
-4	8	-4	0.00089381324362891557359	0.0030690515282995795877	-0.00048494199218103943962	0.0015467945947676394261	-0.0018636972279909944528	2.4537661235699488084e-05
-4	8	-3	-0.0043355324535266368327	-0.0028851788225875705032	-0.0025247749810825676452	-0.001628884235713085266	-0.00095202334485133192736	-0.00049678619845146666876
-4	8	-2	0.0096648591980205388052	0.0024540489510229972388	0.004964931679953603523	0.0020361246766259911804	0.0005300083237733381079	0.0032364008044579702442
-4	8	-1	-0.0047455995648713802243	0.0041914724575976853443	-0.003206126973293658023	0.0017483721686562306817	-0.0066666175268637450219	-0.0027789124811408933216
-4	8	0	0.0023918425374593603634	-0.0074366359380209400357	0.0011959212687296801817	-0.0037183179690104700178	0.0059312355387608249949	-0.0030844976925000584453
-4	8	1	0.0048913213188654831864	0.0054202230633750743405	0.0026460263295504005306	0.0017530797708202449248	-0.0016029253609412691135	0.0076562540869383388306
-4	8	2	-0.0067548491691676402354	0.0027213056748028475323	-0.0026969843106619674315	0.0023728409142700717348	-0.0027217610956874094437	-0.0040487523074745918744
-4	8	3	-0.00412615628427946083	-0.0035941832320019596707	-0.0034977277260548954134	-0.00052653396135106367813	0.0038257322237737739073	-0.0033881537457331098971
-4	8	4	0.0011805517504536670436	0.0014911301976750720739	0.00033191421761807568015	-0.00097071101594055559433	0.0005167233152175156833	0.0034325522295561832625
-4	8	5	-0.0035786019305579755585	0.00084256319515270969647	0.0013521680513016336774	0.0005662224556634230235	-0.0050263504265289941572	-0.00023190537293930904247
-4	8	6	0.00088370295110490402601	-0.0075930595247835569808	-0.0037106359092520407351	-0.0018325388830474807159	0.0055366498464059898249	-0.0026186545057923968881
-4	8	7	-0.0035038038893591967431	0.0071336415080909100841	-0.0014710495565612069415	0.0010660080190492019023	-0.00032097415784959024447	0.0028580716971385753886
-4	8	8	-0.00062095064581608550112	-0.0064781704923340755267	-0.0017016487291978518899	-0.0042188718232738110087	0.0013911734062898091936	0.0009797865771067732453
-3	-8	-8	0.0048971417690623041119	-0.0060153078410944008439	-0.0025035531405948126434	0.00038921619743049714387	0.00066712497719644860139	0.0018665242429799031726
-3	-8	-7	0.0021467512665034283945	-0.0022221159366604069894	-0.0034038448825059351363	0.0027275398081823280967	0.0029700721800767419627	-0.0021648529507824862579
-3	-8	-6	-0.0023811907808317634393	0.0038829023276287697418	-0.00053212316231755958131	-0.0033628269459424209309	0.001900092940172627828	0.002542318097442176298
-3	-8	-5	-0.00047951494524945889597	-0.0050706395759438135235	0.0021574166300962786466	0.0025406179062176406473	-0.0031641576410043701501	-0.0010226049043819370517
-3	-8	-4	-0.0001378723151003427203	0.0052335519845024139687	-0.0011692897607024756255	-0.0021547236442690637613	0.0024419837577302084403	0.00038428330016131710027
-3	-8	-3	-0.0028149601816888033569	-0.0059117604524022782445	0.0021742794972928933782	0.00085144404395654611425	-0.0029831184777589121737	0.0036412430018514883173
-3	-8	-2	0.0030906842139079215501	0.0047111514754740509842	-0.0017507550427901393767	-0.00099937718042357676432	0.0023669938502986747481	-0.003069218491516769419
-3	-8	-1	-0.0050552252637660558682	-0.0030871235345382402708	0.0022378919031858903257	0.0011042111071933294244	-0.0027374594341889563025	0.00042768174606808487519
-3	-8	0	0.0074725318884277603174	0.0011923168220737819997	-0.0028021994581604102274	-0.0004471188082776682499	0.007017666444247461395	-0.0042696224628042418053
-3	-8	1	-0.0092127348915320046718	-0.0024102389866878519593	0.0032319984627129237816	0.0016931750126610784542	-0.0017822169728926261483	0.0063146831412250721896
-3	-8	2	0.012549208414325527944	-0.0096250533211249510168	-0.0051793836437462490926	0.0017163531256080956453	-0.0018937219534967031538	-0.0075721674792550430766
-3	-8	3	-0.0025137278166117342851	0.0089474561068746596287	0.0024697708429507595797	-0.0023736168014265764115	0.004072327764590291839	0.0026178113030704557203
-3	-8	4	0.0029096687704763717422	-0.0064371279028540831155	-0.0030835521789487480016	0.00057264118216473569676	-0.003984852780040217847	-0.0036825635628110909431
-3	-8	5	-0.00041293294247727354825	0.0042684878543288243269	0.00168966544399094332	0.00033527853593710339611	0.0024557049448991449987	0.0030975383700966598564
-3	-8	6	-0.0036181357099802574986	-0.005987014967804846384	-0.0039805613220082304918	0.0027655308846836947761	-0.0071164829510011020156	0.00069386702900917020427
-3	-8	7	0.0036410825946635873816	-0.00088842240972722538641	0.0063946702905005297496	-0.0057286459491102809105	0.0088686585868564277862	-0.0069277764031519884283
-3	-8	8	-0.006890399631954049163	0.012294788823093096355	0.0050064976092275698116	0.0064298583232528915693	0.0024225977472448010502	0.011040404131912803787
-3	-7	-8	0.0013119886611508359449	0.00043797404359117655817	0.0015472615417851207521	-0.00028501375438888721823	-0.0018458495969935441103	8.5146768743585093085e-05
-3	-7	-7	0.0014227386254826238088	0.0015078674676481883775	-0.003220055509298059334	0.003171830166240611603	0.0026103103840912204349	-0.0038180590809469778027
-3	-7	-6	-0.0023110397125517159571	-0.00059813878749964796873	-0.001138750596701926807	-0.0036208913711235223183	0.0024840622190947722614	0.0045234426600605998417
-3	-7	-5	0.0015907135338883271036	-0.0016994343173274940265	0.0020920386432987992699	0.0011384890316824040034	-0.0038832822209513150231	-0.00057422405395886918882
-3	-7	-4	-0.00412234476093553074	0.0016826600297779265372	0.0003739442083007335103	0.00093020385641698257601	0.0024373562061753644391	-0.0028898517710631644109
-3	-7	-3	0.0065296997961284252571	-0.0059567479416876957868	-0.0019539695976410007688	0.0010521157541355159216	-0.0019704374016327567964	0.0035018111820381589254
-3	-7	-2	0.0031210904857201537434	-0.0023191568017649636171	-0.0020712799480977943725	0.0013533659889823777996	0.0025678440897620503393	-0.0012580457587908768727
-3	-7	-1	-0.0041627144325368618805	-0.001424984820074662057	0.0016487237708856425887	8.3337733376732516595e-05	0.00094707690141108860464	0.0036915903265868584872
-3	-7	0	-0.00086200718699714750509	0.00091244341451267741566	0.00036943165157020608136	-0.00039104717764829033649	0.0013535816906864227369	0.0018526125069136467009
-3	-7	1	-0.0044666098498976790007	-0.002725958143248300488	0.0014507688160537556693	0.0014184400583164382455	-0.0032444478373167468833	0.0017512059784701656043
-3	-7	2	0.0056076535674747405788	0.0017856072550178423829	-0.0014806074850261463031	-0.0019292716808753404643	0.0032293541536205991327	-0.0040740400005369282674
-3	-7	3	-0.01028928665653597134	0.0050095174334942116703	0.00818491753952707915	-5.2096197518262525898e-05	0.0088088542690272116087	0.0048879596392849321632
-3	-7	4	0.00099116484306835395124	-0.0025701843724685500235	-0.0015161480536657078767	0.0022552000981335977754	-0.0019098854616137232124	0.0020189618923823833725
-3	-7	5	-0.0032590536620322038339	0.0030133673673952776975	0.0049018901020330676518	-0.0019099165704044756067	0.0049072139456269731062	-0.00086586277812909925259
-3	-7	6	-0.0012963992014317228096	-0.0046087209345676543454	-0.0015584769210551985188	0.00018654035263244360355	-0.0024664226752802598935	-0.0020867300558793096081
-3	-7	7	0.0092583858607892550313	0.0039392776274158403452	0.0073446846688359455901	-0.0035361255332365189481	0.01131256432345991228	-0.0018478636929154441428
-3	-7	8	-0.0085611682108761473498	0.0020322404348712143872	-0.0045604280224605994037	0.0056399704187037281652	-0.0072008125987315799513	0.0056970642794424673772
-3	-6	-8	-0.0011525996224968663648	-0.0011635793936588985364	0.0021866088876200417447	-0.00076849283147851664075	-0.0012077318072787064217	0.0010127118962309745401
-3	-6	-7	0.00065582682510399953422	0.0037514202913842688118	-0.0023541312680116182991	0.0016127302095685345541	0.0017367581618225303407	-0.0029900917330805735182
-3	-6	-6	-0.0038337060822675136408	-0.0034354371859730658927	-0.00061983318163107896468	-0.0040240966448748119802	0.0025366862227648358935	0.0057418152378613451434
-3	-6	-5	0.0010586087671880541321	0.0029033080478438567582	0.00095927326595872733361	-0.0026812219626514421922	-0.001786293179463305323	0.0014754815264754169227
-3	-6	-4	-0.0011626760465635512659	0.0015880592854064720654	-0.0033635197394989830265	-0.0014241635043343524834	0.005917286644171138206	0.00094520079244667467612
-3	-6	-3	0.0051886865572953171782	-0.0066732354645897655476	0.0003032555025276412403	0.001257242526615452629	-0.0057951975623506003094	0.0041587504113588602897
-3	-6	-2	0.0011405151864634025926	2.7037252004743338597e-05	-0.0011878182140167745616	0.0013688587162525355043	0.0018526818623552201212	-0.0041471320267647219376
-3	-6	-1	-8.7901197565300515416e-05	-0.0015521140080183798513	0.0002280533657142062669	0.0011359491170231062959	-0.0011046166015893359603	-0.0021593526780834988721
-3	-6	0	0.00065487163334458176143	0.010014472538843457658	-0.00032743581667229088071	-0.005007236269421728829	0.009884323202152990942	-0.0017929245955157467347
-3	-6	1	-0.0029418929044122141617	-0.0048524325909170646851	0.00073175684346949581866	0.0033296154694781011051	-0.0044351376524196682236	0.0054203950441174143099
-3	-6	2	0.0090691350448699834669	0.0017372018358320204159	-0.0050655290414065188773	-0.0029808265658478366907	-0.0015928845569145796968	-0.0063366769437954795566
-3	-6	3	-0.010479086837036216684	-0.0026653799697460788497	0.0062246171170851341201	0.0063471594230464353434	0.0019701473971340524236	0.010028938876346791403
-3	-6	4	0.000998349197357960641	-0.0026397384088299663887	-9.6046934045067116313e-05	0.00066562702314571788823	0.00060469149695086986049	-0.00098136327190389812183
-3	-6	5	-0.0055077966777024390047	0.0032599773567683495122	0.0074272746423224228832	-0.00032944290021561211789	0.0056080515641654445774	0.0015606549338022751659
-3	-6	6	0.0055356963022453221923	-0.0098171399463282925379	-0.0071971932575143346758	0.0013256706363774183564	-0.0044293451063916735796	-0.0035828993367867283462
-3	-6	7	0.0045209042820569759341	0.006856428348545101116	0.0032200242860272016397	0.00047308944554951031436	0.0046975512231905913393	0.0033439745312760522228
-3	-6	8	-0.007623750004823468332	-0.0037593652898805941104	-0.0055559237080654109292	0.0022895501863983633295	-0.0070258490328578586046	0.00030740065609354970573
-3	-5	-8	0.003132254230257239605	-0.0021392084988310746188	0.0021414207040682605061	0.00060334685816618638041	-0.002512983276389127614	0.00042511140070778644009
-3	-5	-7	0.00090679123881213326199	0.002472548529626041134	-0.0029545319113885204661	0.0011272483623221822048	0.0017217551200723146647	-0.0018648410572127192657
-3	-5	-6	0.0012191920562211299838	-0.001843634198228399218	-0.0017403501870483916326	0.0018736915233321758002	0.00084069579442976136857	-0.00063959250366261370235
-3	-5	-5	0.0027569268413841730922	-0.00060602908946527395562	-0.00060555072038647242676	0.0048258670647717740593	-0.0010486053844440314936	-0.004462249611092609404
-3	-5	-4	-0.0030529589055549649287	-0.00018111953017699967223	-0.00063261544304332088893	0.00069664632455038297178	0.0030804884829703747806	-0.00073496825805522900121
-3	-5	-3	-0.0034423435966042751494	0.0019503839739068769971	-0.00044866660332454789007	-0.0020499652142126115716	0.0041901212688118544963	0.0014662247164474754776
-3	-5	-2	-0.002223970585747530801	-0.0034355749905904597527	0.0028472475187930599595	0.0012064837359246479917	-0.0037821629183613539142	0.0021371531460740692161
-3	-5	-1	0.0055704778819222269814	0.0022302805513315388658	-0.0031070034944537744739	-0.00080568381320045583029	-0.0011764161734978083578	-0.0026624225879923369038
-3	-5	0	-0.003184596884292184224	0.0053640250623009097866	0.0019107581305753103609	-0.0032184150373805457852	0.0099084365849606212406	0.006524634276413055281
-3	-5	1	0.0017280299231574440012	-0.008035354297950146954	-0.0018676234034995218853	0.0054874072328882630631	-0.0041540272480252776396	0.0033309732705908761882
-3	-5	2	0.0044553189128835523833	0.0027699456736491176109	-0.0015362447700018647644	-0.003882342877353912175	0.0028423664443206668809	-0.0055509386829111044548
-3	-5	3	-0.0026701576742424013196	-0.0013436848140257848672	0.0039735553836478731612	0.0047440573158143021018	0.0039524346318373865597	0.0065630773789980513186
-3	-5	4	0.0037485860577596485585	-0.0026745493635959901452	-0.0035803506290865896172	-0.00091150112522148693354	-0.0016639987430385010363	-0.00314528842922385133
-3	-5	5	-0.00077498258222480288955	0.0039530846231072957336	-0.0010097152801424944934	-0.0014897870130527581054	-0.0014747048294773761837	0.00088206376081161963834
-3	-5	6	0.0056823735143751025189	0.00048120593770455914046	-0.0072738782339607536628	-0.0029160831315559877612	-0.0032203784377797437487	-0.0021894663074443769697
-3	-5	7	-0.0039979072606203328033	0.0049273696013915971315	0.00766454121211379482	0.0034902292628307901926	0.0037612834683868538559	0.0046047507311898208324
-3	-5	8	0.00027978145872190437115	-0.005022565528012866605	-0.0042632107112182916417	0.00022386044905023882133	-0.0025595886474907183876	-0.0017435492923484256864
-3	-4	-8	0.0017109376334034248103	-0.0034130527546146209768	0.00081101230361771230442	0.0030892761806236616016	-0.0010471077643351403477	-0.00026474330733134798874
-3	-4	-7	0.00076321894736730967832	0.0011633025437613551262	-0.0007121907847403897724	2.5067794607669026819e-05	7.9872328122804260608e-05	-0.00051288268710210588395
-3	-4	-6	-0.0022243026027975181143	-0.0014351780575066065259	0.0021540748528048243339	0.00035860731186751818294	-0.0003238986004711240309	0.00047851748750829114099
-3	-4	-5	-0.00029039687509431949325	0.0010188490558935500447	-0.0022159431979948268632	-0.0005189918715849934196	0.0019469926834524530889	-0.00019611593626813522066
-3	-4	-4	0.002695763074811453365	0.0080420703600236898012	-0.0024006713307858631654	0.0019754475489992019688	0.00037884902467727319579	-0.0080070003190169693197
-3	-4	-3	-0.0026259532384053031924	0.00057534440186433855827	-0.0013625730406885078541	-0.0083877227022100993292	0.0044427172926566468533	0.010608285867749126311
-3	-4	-2	0.0091542172397868892125	-0.0017901451755874741786	-0.0030503063422250911718	0.0014074710637157115088	-0.0076307131752301523425	-0.00012972436405021158705
-3	-4	-1	-0.0033133669155069522469	0.00017617682305565192792	0.0024345135934972332581	0.00032376378552692787081	0.00020204637253192435885	-0.0018235856112746671315
-3	-4	0	0.0037541057124326013966	-0.0039874411294664995759	-0.0028155792843244510475	0.0029905808470998746819	0.00052900162782299657918	0.0068483472964473339831
-3	-4	1	-0.0057712711388448641181	-0.00028080838061712311803	0.0034546704671038225981	0.00047006811095852857893	-0.0034951315481193010945	0.0010378473019827449617
-3	-4	2	0.0061709489749963040636	-0.0074760600558895573889	-0.0026001422874730355586	0.0050505488829012653088	0.0040561388875483845445	-0.001112992318031805249
-3	-4	3	0.0011005571427563716654	3.3782027962085496835e-05	-0.0043914974988001074033	0.0039768522092565577325	-0.0047547728556437711053	0.0053362516403041623109
-3	-4	4	0.0012694741945273426212	-0.0026946576234927995322	-0.0043765773508941457556	-0.0034372110613376770372	-0.0034244717049986390066	-0.0054582042789572769032
-3	-4	5	0.00034746326163314299705	0.0040069829596020524118	0.0026908865147576600807	0.00014142365647558388588	0.0023611871687860140796	0.002517328700941698881
-3	-4	6	0.00087852217918453837098	-0.0051362847483097193863	-0.00093143565866772028931	0.0047582677064517660617	-0.00018169601618621102545	0.00060403609681298423961
-3	-4	7	-0.0037960288284313494639	-0.00045363096241990858446	0.0042159822884393436532	0.0025423266389089202617	0.00078226323835190391624	0.0012583448097679937605
-3	-4	8	7.7705725849749543313e-05	0.00087963888423366423143	-0.0030385129571093433265	-0.0019537510424903333991	-0.0014901168313610154998	-0.0006470109396575426941
-3	-3	-8	0.004994400857428398649	0.0013253528412681123746	-0.0026624414332999564448	0.00048540098184419961996	-0.00087448478404816571818	-0.00067903268366711693697
-3	-3	-7	-0.003280682124503247598	0.00055649183241505582528	0.00055223865002706530331	0.0042088659933109109565	0.0011693329176326494774	-0.002042296211025414459
-3	-3	-6	0.00043974271629660353911	-0.00090292679242382802018	0.0005442436043978411556	0.00062989347122723482637	-0.00049199316034722240156	0.00013651666059829662401
-3	-3	-5	0.0021767315208920464016	-0.00085740896689606163009	0.0016559398377297906372	-0.00042584844759722061906	-0.0022996028151731021799	0.00076995444869596937117
-3	-3	-4	-0.0014383594695875450125	0.0047583898194097466738	-0.0058737633102660972637	0.00061817426534991454755	0.0054840920848902314361	-0.0040324230635697460787
-3	-3	-3	-0.00054247113280715220183	-0.0095360975097698811448	0.0024937704188581601497	-0.0054098112271102911236	-0.0019512992860510078395	0.014945908736880172268
-3	-3	-2	-0.0026598511917293168536	0.0051438969758116166384	0.00049469967377405740881	-0.0028633185439613170753	0.0032477272769328891129	-0.0034208676477754497783
-3	-3	-1	0.0012025610386686453202	-0.0056293541062548101139	-0.00025141425889211856072	0.0035640824292167130535	-0.0028534403393295805496	0.0061958150311142911812
-3	-3	0	-0.0035410962703413774097	0.0063477589912132271685	0.0035410962703413774097	-0.0063477589912132271685	-0.010958629591519875729	0.0011834694301515445193
-3	-3	1	-0.0017017408442721309193	-0.002036570741749803206	0.00321142074219521673	0.0041367195486341074018	0.0045290396937692567816	0.0063004464206529121537
-3	-3	2	0.003872301591395836684	-0.00013751663828010500133	-0.0049535633688622604173	-0.00075019482950897120339	-0.0016218926661996349494	-0.0013315672016836143342
-3	-3	3	0.0021481421792253498591	0.0084729874114225257886	-0.0040780666991109687514	-0.0037923457318928665422	-0.0019299245198856184585	0.0046806416795296592465
-3	-3	4	-0.0042111427107993067501	-0.0085646924643766036284	-7.6648337200885922351e-05	-0.005703826617069156571	-0.0032158432860001444874	-0.010701389311084320149
-3	-3	5	0.0017284924547649553866	0.0048041856620926201918	0.010869322657455960171	0.0030153222578943594812	0.0075586890673325496381	0.0046917047519921878038
-3	-3	6	-0.0042031332773307568396	0.0043736669780176798752	-0.0067925252542274036638	-0.00054707702030738281692	-0.0054978292657790802517	0.001913294978855148475
-3	-3	7	-0.0042434022844830311672	-0.0055245570414134319639	-0.00015485330473570763175	0.0074867725242057942686	-0.001884966681093745277	0.00084094949262529809959
-3	-3	8	-0.0011387000977628614767	0.001862341277283541827	-0.00076913271109763895091	-0.0021483881438140784749	-0.00071543730332268768747	-0.00010726757494895121587
-3	-2	-8	0.003402098057566225759	0.0022738376432540141972	-0.0018460133453489162118	0.0015036726286680778333	-0.00081428343525010566089	-0.0012286072733872746739
-3	-2	-7	-0.003854069618676115444	0.0011136109006538680126	0.0027445941423547932578	-0.0034543667548996631264	0.00086757436733125143334	0.00050970011540538888786
-3	-2	-6	0.0011505828182848320748	-0.0051188613620454914005	0.00058672828653214329202	0.0033199525415354333956	-0.00077086750465313043194	0.0014527798338442679017
-3	-2	-5	0.0024694003914242112531	-0.00035640428373789033185	-0.0036595607273682858977	0.00045968647384258431348	-1.7815943907212433424e-05	2.9967980705700452033e-05
-3	-2	-4	-0.0087745708908542781324	0.0027390436200275302195	0.00028865715054169352937	-0.0017221059093995060366	0.0064365995928698620243	-0.0011932297603208946463
-3	-2	-3	0.001847486197992631151	-0.0035991989612949707757	-0.0028228797597774023774	0.0025829710102237136808	3.4433641858970420366e-05	0.0018772182878124953499
-3	-2	-2	-0.00063949387599188979581	-0.0025550442688933527012	0.00077246733430854654621	0.0019015246168142265707	0.00018677347967928809329	0.0019310417865258022643
-3	-2	-1	0.0066843022788676343185	0.0054872482082535881109	-0.0076288917153859289386	-0.0067819258386141402159	-0.004795123405831044211	-0.0028978929475324852021
-3	-2	0	-0.0022612703469838137636	-0.0053676594751034109251	0.0033919055204757204286	0.008051489212655115954	0.0063835379703206102109	0.010243524611089191781
-3	-2	1	0.0037439348110191142567	-0.00050701523768886499251	-0.0059448713238786036334	-0.00043198808458545058043	-0.00065793821469986384608	-0.0023850218822374959216
-3	-2	2	0.00071662426570588526071	0.0037778266186087347371	-0.0011701681768333735412	-0.0033507289508301206678	-9.5231778274545555237e-05	0.0023160109770829816547
-3	-2	3	-0.0049992914724834710757	0.0008970593485139925858	0.0041132993283297652337	-0.0010353769435043195558	-0.0022570919202636275866	0.00020680805284444621524
-3	-2	4	0.0056591323928888810288	-0.0056006070471151612328	-0.0013998202244298813338	-0.0034136699290845179053	0.0035444391824517203216	-0.0059072902498786298772
-3	-2	5	-0.00046759458267652312911	0.01192391235587594682	0.0052732963924524509786	0.0034251828447559523952	0.0018287618073750662537	0.0085244205514279497438
-3	-2	6	0.00069335482048552314008	-0.0080400312248780515106	-0.010851168579112682733	-0.001852346926297159576	-0.0032703787827947990337	-0.0046374645878714130035
-3	-2	7	-0.0030383103828897735019	0.0043158405414763737623	0.0050746922096374753527	-0.0025530752068931390417	0.00014777903865794705138	0.0011201958872346917933
-3	-2	8	-0.0016592505953035934473	0.00019573854404359800215	0.00091752519183151918375	-0.00089125664577558892047	-0.00039283767528096774678	-0.0001494122074275479827
-3	-1	-8	0.00023332395369150103087	0.0014201215077290472739	-0.0018957004968391327152	0.0016955749353911139972	0.00014946607947057872655	-0.00074449243232228195025
-3	-1	-7	-0.0057526762985902618608	-0.00075344489253105040132	0.0014354157647802864069	-0.00066957698429240090909	0.0022603733044272143228	0.00041855880884079314352
-3	-1	-6	0.004284107905241053664	-0.0033846922759228547858	0.001414807218168004626	0.0019176509832621981347	-0.0023778551556485273862	0.0013727376407510608926
-3	-1	-5	0.00095921464137686525495	0.0013438159591679680813	-0.0050626610640797488697	-0.0018517146475834297698	0.0004370034279898306318	-0.00043594664598409492732
-3	-1	-4	-0.0037330030475058819696	-0.0016340405817509041919	0.0033617349132054872608	0.0053854027399046723243	0.0019593185573280394451	-0.00012082024866298976095
-3	-1	-3	-0.00053015290290197680627	-0.006628251008591066161	-0.0082437940203628264774	-0.0016716278212306930062	0.0032780842430229191822	0.0071854602823346307855
-3	-1	-2	0.0057048182021224207519	-0.00311845928700818769	-0.004307935683970159739	0.0018066752602908648078	-0.0064032594611985512584	0.0037743513003668494564
-3	-1	-1	-0.0033653702497105065193	0.0070894859491486350925	0.0032615688269588801254	-0.0028626490309616027356	0.0068345419221726389988	-0.018405808816484302975
-3	-1	0	-0.00067015375861252234752	-0.00045196865576416499514	0.0020104612758375670425	0.0013559059672924949312	-0.006075875938972013536	0.023256109886253435726
-3	-1	1	0.0011096843647901534838	-0.0064821199278412514749	0.0012888578967100777425	-0.0040426039938728031489	0.0046179109910805381939	-0.023488963777396558441
-3	-1	2	-0.0020911447548843287332	0.0056695846774943202753	0.00089743593548733400275	-0.0010972216799672457072	-0.0026879991645828260442	0.0079557661762578585352
-3	-1	3	-0.0028715974436909338582	-0.0093092844883745119733	0.0052556897247471477327	0.0055046313659846361072	-0.0011197008687752179473	-0.0074744073663796338491
-3	-1	4	0.0096086403593383471616	-0.0016565777013055119331	-0.007122297504208871359	0.00054846209797345963494	0.0054259058934515418809	-0.0011053177514857689869
-3	-1	5	-0.0065610265163064361571	0.011778223553599238491	0.0039066584275798304018	0.0039736684140960114656	-0.0031552842242678958741	0.007861667814978745214
-3	-1	6	-0.00036314135201810665175	-0.0094141986727211222213	-0.0023910823869803120474	-0.00263350359490305665	-0.00058008440717243869422	-0.0051460166021777380141
-3	-1	7	-0.0017115935307394033495	0.0044115924548368814703	0.0013272491868524549131	0.0013113597364774677752	-0.00054393305790939355977	0.0020780195858554444122
-3	-1	8	0.00063675381464788842045	-0.0010937706605194514025	0.0014043015481118867674	0.0013744739269933086909	0.00041432037400694399004	-0.00023835475682063066247
-3	0	-8	0.0037510997160142673344	0.0010525961872391708263	-0.002030280177584367976	0.00054269194380928277403	-0.001406662393505350413	-0.00039472357021468908699
-3	0	-7	-0.0029255376804219876061	-0.0011392992797376738645	-0.00064649952399507978028	0.0015064597171703909221	0.0012538018630379947193	0.00048827111988757450562
-3	0	-6	0.010535957667433674609	-0.0032635116779909842909	-0.0041759258017505943364	0.0073205908298268887111	-0.0052679788337168373044	0.0016317558389954921454
-3	0	-5	-5.329844990110002101e-05	-0.0020956173734821810853	-0.00031751456732042162082	-0.012061388612305197141	3.1979069940660013961e-05	0.0012573704240893086512
-3	0	-4	-0.0017174871701194564626	-0.0059683465751159811216	0.0058695612308723296366	0.013061327225458788104	0.0012881153775895922385	0.0044762599313369856244
-3	0	-3	-0.00026074551511133260131	-0.0089037128869094064182	-0.02538236520460319251	-0.0068537097473682041457	0.00026074551511133260131	0.0089037128869094064182
-3	0	-2	0.0028957159301892998124	0.0050750344985878558662	-0.00048100692382380442428	-0.0045458467831721496161	-0.0043435738952839492849	-0.0076125517478817837994
-3	0	-1	-0.0046174632385262322221	0.00061152521780788633449	0.00031352359523167402195	0.0044669105847940813667	0.013852389715578698401	-0.0018345756534236591119
-3	0	0	0	-0	0.009969976195585207937	-0.018768875617085484242	-0.039324723863589150508	0.0061719432946226050057
-3	0	1	0.0076059080044235593751	-0.0029018678184557552407	-0.0023742703420324686933	0.0040892716989019911936	0.022817724013270680727	-0.0087056034553672657222
-3	0	2	-0.010573623304300699965	0.0056123789116245470163	0.0036310009309494500201	-0.00077611810360412810967	-0.015860434956451049948	0.0084185683674368200907
-3	0	3	0.0044555081084609185829	-0.018350042477800903445	0.0039560134851798654451	0.016841953308670304379	0.0044555081084609185829	-0.018350042477800903445
-3	0	4	0.0095456667325411869579	0.0041842838375903863846	-0.0042322992529520622046	-0.0066863350414576461916	0.0071592500494058897847	0.0031382128781927902221
-3	0	5	-0.0097793087810634348606	-2.3596214927473841203e-05	-0.00052802666815659864141	0.0018805094467193050368	-0.0058675852686380612633	-1.415772895648430506e-05
-3	0	6	0.0021194229773552259767	-0.019629153645412424772	-0.00051889413789433765437	-0.0065033521169485207503	0.0010597114886776129884	-0.0098145768227062123862
-3	0	7	0.0040047364951346330064	0.0041841720251604812286	-0.00018146394136481799973	0.00074622030074141399835	0.0017163156407719855432	0.0017932165822116348432
-3	0	8	-0.0029792956106699233429	-0.0063360221185229893479	-0.0011804183103695160308	0.0030668300686983234957	-0.0011172358540012211452	-0.0023760082944461213307
-3	1	-8	0.0011378520596267403548	0.0032762878495910326311	-0.005048033183222585922	0.0018940548889046652029	-0.001057698670262850792	-0.0009918510824835540321
-3	1	-7	-0.0029336402779060206242	-0.0035680347662086645336	-0.0031363895137842294145	-0.0026270529009527272997	0.00080921875999054760243	0.0011538644853818951549
-3	1	-6	0.0062061070983910719689	0.0013567565005697635686	-0.0024649180598571678036	0.00082709174169700477083	-0.0035138732258383972851	-0.00054052962666871441286
-3	1	-5	-0.00087409923969898834038	-0.0034667655419169177144	0.0053646692860868016792	-0.011312275478687627839	0.0015973934010367534051	-0.00018239577058737506919
-3	1	-4	0.0052416146332581224979	-0.0011006768737286494117	0.0011121256841679144287	0.0075544168908322859718	-0.0036531795539016132662	0.0027141118780045587686
-3	1	-3	-0.00038542717600361948299	0.00064980618834736109633	-0.0097999065790893152839	-0.0084203022171925288875	-0.0028812083503594859007	-0.003456573594078203842
-3	1	-2	-0.0025498243229338554521	0.0015995183118161480657	0.0044500467209730746806	-0.0056425376353413441918	0.0060497598448873207352	-0.0052205462853948947366
-3	1	-1	-0.00075071141832560477677	-0.00026841097072925979234	0.0020099043506322938901	0.011686853342674557651	0.004262038605609108112	0.0124920862548623373
-3	1	0	-0.0020432492933083658965	-0.0020368446759212871511	-0.0061297478799250976894	-0.0061105340277638614532	-0.0066650766639742495268	-0.0091948879399224615894
-3	1	1	0.0048504078892150003996	0.003170892285814629584	0.0018448019604054579322	-0.0048495337133680977218	0.012706421707239541966	0.014362210570811986474
-3	1	2	-0.0052451215220656564886	-0.00069649527724314618405	0.0061633659940950455067	0.0051962918412126824289	-0.01094936528014600792	-0.0036428888364710603279
-3	1	3	0.01241795362096896789	-0.0085818094107823587879	-0.00601366373889231174	-0.0033609927673676929724	0.014422508200599738759	-0.0074614784883264614196
-3	1	4	0.0077751799045929275919	0.0060385365529609102975	0.0027932370535660618061	-0.0097823810052688042055	0.0051330756650531800256	0.0069744976660378842082
-3	1	5	-0.0092192089463191302656	-0.0089176980957963256774	-0.0016510794874349938016	0.0058190916258357410634	-0.0052013094703044797026	-0.0065144371826449439661
-3	1	6	0.0042228443464473151836	-0.0048564218466124161114	-0.0024389230303284614894	-0.00096871848661321730868	0.0025179093449450677678	-0.002266757842204005207
-3	1	7	0.002937766473669086234	0.0078371672812031778488	0.0032632095068903170347	-0.0015037148141810304999	0.00079286998773099169775	0.003573602379684366788
-3	1	8	0.00026129373816455807701	0.00028288905054920287976	0.0020022141918469133458	0.0035359434221656285691	-0.00015229162216915490967	-0.00033590953381475250478
-3	2	-8	0.0010901404022351944469	0.00092193841434263482278	-0.0038181105831953505124	-0.0012108096164732710595	-0.0013633302966370355186	-0.00064842930949680585052
-3	2	-7	-0.00038997107554885007772	-0.0044093730856354590789	-0.00047988328112531715734	-0.0054423301686577123595	3.0020952056559406762e-05	0.00033477984565585019701
-3	2	-6	0.0063544205758052250618	0.0032656587495544227122	0.00035119405577580182273	-0.0018539036105665674184	-0.0030601456026440121763	-0.0022507972449660670899
-3	2	-5	-0.00087166632560920973265	-0.003857859889190139429	0.005017922805827786624	0.00019912918213637305158	0.002530168917696640641	0.0023943676063686329322
-3	2	-4	0.0095989280844126674552	-0.0036234185006585924865	0.0017113472442429919322	0.005697862323486932272	-0.0063435224411880052758	0.0055664950372374105009
-3	2	-3	-0.0055531545820082994433	-0.00010642616895046653255	-0.0071860587443815194739	-0.0067750774306666429816	0.00076244875242062015545	-0.0044102921181606285356
-3	2	-2	0.00077409458214515447505	-0.00052988188484282157647	0.01101150609036942972	0.0012096134341627673772	0.0098503642171516980069	0.0020044362614269999046
-3	2	-1	-0.0024827539015907528798	0.00069860413224615881562	-0.0093138931136137522587	0.0025719253647509500091	-0.011179524522455247179	0.0030480383327634234629
-3	2	0	0.006578986822405016692	-0.0059327803643446129847	0.0098684802336075246043	-0.0088991705465169199107	0.0077573462871635655291	-0.010858980077807283901
-3	2	1	0.00032014215637482469536	0.0065710155418748509085	0.0031977257254162238381	0.0047150050140290352893	-0.0054350249817079736986	0.010283036597566483014
-3	2	2	-0.0051279276394966735036	-0.0077409022523337424684	-0.0032219392613752240347	0.0024454988643642467869	-0.0044699521978697857871	-0.014056852242864860056
-3	2	3	0.0083773588018254806914	-0.0019189862679272057244	-0.0063795400226418982892	-0.0051990643985882888795	0.012630385483586746218	0.0015470566644649867173
-3	2	4	0.0015846241739344590384	0.010247612878686696014	0.0092626363383296276416	0.0024241322497462070712	-0.0034428500387139698673	0.0064736435341419176076
-3	2	5	-0.0019869198069276802418	-0.009789150530202510303	-0.0011072744488816647999	0.0049546201990509726107	-0.0007492421046039422685	-0.0078553383977418966139
-3	2	6	0.0043776002630209510935	0.00077157417687949447251	-0.0051362497071833074225	-0.0069107274808195328156	0.003900883367238244543	0.0026893629153795913997
-3	2	7	0.0016440716443806764092	0.006503784998847199697	0.0060326460939290355717	0.0005133048228644865275	-0.0010190110363880061119	0.0026406779072589464837
-3	2	8	0.0053261019073604148541	-0.0031374757156395695519	-0.0039610954826013212993	-0.00017034915960512106241	0.0029875620859104857867	-0.0011339661034635583909
-3	3	-8	0.0019699309362456139672	-0.00083243751966103371291	-0.0020125460360461457088	-0.006845182684850669233	-0.0014934288646094098785	-0.0022547794369461131303
-3	3	-7	-5.6690504393343499551e-05	0.001810825770319734497	0.0068273735244286284235	0.0042894290406799151505	0.0029503131552094164804	0.0010622585444400776088
-3	3	-6	0.0017387390282121548309	0.0072048930639078637844	-0.0030911608902717173722	-0.0017362181254079764141	-0.0024149499592419363184	-0.0044705555946579203161
-3	3	-5	-0.00096961065735080571425	-0.00409372749327687694	0.0032752336349375398353	-0.0014032523084485906857	0.002546906575373007308	0.0016142851108969719694
-3	3	-4	0.00080906476072065895526	0.0041743146427357180964	-0.001835589599595928564	0.0034186092477305608621	-0.0019834907702374407479	-0.00056677904625386835939
-3	3	-3	-0.0027292995051565595126	0.0037059056120628936469	0.0023425759274712629372	-0.0081201843627556440086	0.0050718754326278224498	-0.011826089974818536354
-3	3	-2	0.0071145778734252526632	-0.0003624737793428704411	0.006658819734839582262	0.0010911281497471940483	-0.00068363720787850538498	0.0021804028936350965985
-3	3	-1	-0.0062548824227916374405	-0.0018432106271061095195	-0.0090101469440209656925	-0.0038132864614311774883	-0.0082657935636879821539	-0.0059102275029752036895
-3	3	0	0.014242758379360044574	-0.0032315768861931001323	0.014242758379360044574	-0.0032315768861931001323	0.023306162608440261774	-0.0043036774514194596486
-3	3	1	-0.0053730521178393655587	0.0069409627689423041008	-0.0020457489599341746947	0.0050324599212753359442	-0.0099819094737155743269	0.005725508543000902735
-3	3	2	0.0013113658124414315047	-0.0022966537172774644827	-0.0021580773413903461128	0.003221216801332052633	0.0052041647307476670767	-0.0082768057779142763242
-3	3	3	0.014159629819429359401	0.01194021679342566894	-0.0022399685556139781704	-0.0073820708701843309671	0.016399598375043338006	0.019322287663610000774
-3	3	4	-0.012192797984993003838	0.0023784754833179612941	0.0040739422459223455231	0.0012054372962609868382	-0.012200055173186511587	0.00087977864029273084197
-3	3	5	0.001682566147295184002	-0.0019819930032910805517	-0.0079592247578647648543	0.0051975100760778296036	0.0057850745430959686633	-0.0043077018476213460932
-3	3	6	0.006960671545962471285	0.0042276322185931447181	-0.0055379616812326962205	-0.010905018435392021744	0.0062493166135975837527	0.0075663253269925827976
-3	3	7	-0.00022491668067059725103	-0.00055356912001944919791	0.0016439736534355770935	0.0074807517678332057648	-0.00080095300033121755688	-0.0034432803805082806518
-3	3	8	0.0012150412565597266262	-0.00039795177044020714095	-0.0037393578824679841142	-0.0026080516899685095289	0.0018578996771353914735	0.00082878746982311334805
-3	4	-8	0.0011118964777593527173	0.0014214703089047572241	-0.0012901847564264546687	-0.00068552646924268853795	-0.0010620535573729844407	-0.00087581460046062820091
-3	4	-7	-0.0018404772498967281787	0.00079942335009367557295	0.0011154257659382134284	0.0043489012888110346183	0.0014261621162061483524	0.0021424764435661589924
-3	4	-6	0.00050866797267615703956	0.0030648899853312067121	0.0017945513013799875048	0.0015522490046983197613	0.00094203354791524659181	-0.00049761232286672340674
-3	4	-5	0.0021160541355710661172	-0.003659800531312743313	0.00018178446423527117579	-0.00045854392116437882885	-0.0011242049099544227514	0.0018290451818561430548
-3	4	-4	-0.0032318949169731062999	0.0038614383022697114541	-0.0062735507916725930661	0.00099876663591077314772	-0.003849629603942762799	-0.0018973120907915103344
-3	4	-3	-0.0002164169196894251304	-0.0028337170216683102951	0.00086275753996557075741	-0.0051640249866692937084	0.0013667603063101860499	-0.0040516496272240808824
-3	4	-2	0.007507609957542099588	-0.0040003468217193870887	0.0059031805520501851384	-0.0026088608084371572339	0.00054494616778722197899	0.00078279861570476638212
-3	4	-1	-0.0072001589359504758817	0.0070871257912194550801	-0.0060879371065957962883	0.0054166627476075401501	-0.0027512716185317566409	0.0004052736167717954684
-3	4	0	0.0029756754048076115848	-0.0073625810967442757715	0.0022317565536057086886	-0.0055219358225582068286	0.0020462342661796500097	0.0068699604718908966264
-3	4	1	0.005531630527494654781	0.0064944413118596918191	0.0049429215112681062702	0.0058148054070498835302	-0.0031767944625884603042	-0.0037758976926204564951
-3	4	2	-0.0054979698824706756469	0.0010946226255617167496	-0.0078305113887059841354	0.00039587993632851235966	0.0074140679537059561016	0.00085017406568555040514
-3	4	3	0.0040500733745770988933	0.0052930529649728120731	0.0051900775335700886914	-0.0042970035970907489997	-0.0028700300035163525507	0.011022391094427144362
-3	4	4	-0.0018874432003213139405	0.00027935018253585338971	0.0024754182252188835361	0.0065287407628707759891	-0.0038910006254598691541	-0.0063192281259688860146
-3	4	5	-0.0017871868967778866116	-0.0017526553979930633003	-0.0078504459622375979272	0.0034972576872579646569	0.005208044631723347459	-0.0038493993886022097491
-3	4	6	0.0061625000391378886855	0.00096129809390602366081	-0.0011762300767086239419	-0.0052500818345711111959	0.0038654034040413601594	0.0039807036033337522482
-3	4	7	-0.0010828516733706848585	-0.00013069417836744030349	0.00063504720574862703192	0.0033116585701894775406	-0.00082696340615808037067	-0.0019483881165514615238
-3	4	8	0.0030195601132643411744	0.00083442184945371354523	0.0024112814918035439977	-0.0053340844269732000729	-7.3305703427644058456e-05	0.0029799504070317423855
-3	5	-8	-0.0026698028981895533147	-0.00069757803899315334612	-0.0007941488137582892147	-0.0014013609746447190305	0.00050483307822215184226	-0.0006142588445305169299
-3	5	-7	0.0024669949299758859272	-0.00055590574864513653611	0.0033011275866681728634	0.0015367172386076181998	0.0013006647347733153123	0.0013359004912819286582
-3	5	-6	0.0019799723133341004012	-0.0013889284377775409918	0.001918488950631713633	-0.0023462046763860120412	0.00060875463552604452966	-0.0012607063447662393216
-3	5	-5	-0.0025662623918480593523	-0.0042500142429158244833	-0.001027530567894828625	-0.0040137519206931010496	0.00051222686721400705143	-0.0014637433749436067499
-3	5	-4	0.0016288931575570834466	0.0023706177979522973301	0.0011289983177714154987	-0.00051106283421086906409	0.00018957802904645670709	-0.002416791891227809165
-3	5	-3	0.00039271401572800283819	-0.003899296023863529654	0.0034492844879317700185	-0.00040041082889513560442	0.005356093464158280526	0.0032319446423716368354
-3	5	-2	0.0016912645321844998591	0.0059637072946067039986	-0.0017722957324636696985	0.0045544762421897084029	-0.0069676361294359239265	0.0024406296635642137083
-3	5	-1	-0.0066179564727133358484	-0.0078813269686127309516	-0.0022616943418108056453	-0.0066452842792678566697	0.0085453977090859788851	-0.0095824404905010904937
-3	5	0	0.0087849673508275886308	0.0023627019073976509786	0.0052709804104965523111	0.0014176211444385904137	-0.0042711150321658643975	0.0084870011309944957262
-3	5	1	-0.0061496175934672965904	0.0023588959007708023077	-0.0031696409675944451495	0.0033140147075145193027	-0.0026006479424296640238	-0.0094933858352601891567
-3	5	2	-0.0025512268605264593058	-0.0074872146834550189903	-0.0031078542620249648316	-0.0044187637061363152502	0.0039427953642727229036	-0.00018391275984174046843
-3	5	3	0.004021061574308607868	0.004595633987695629287	0.0081728310786219667688	-0.0027009933367417517276	-0.009600323556728004859	0.0090972895489318823109
-3	5	4	-0.0039835490823135876609	0.0010242486351623471524	0.00055861318298377679852	0.0056903020994163574717	-0.0036859282904649118794	-0.0063446911478986867464
-3	5	5	0.0018180116490921346614	-0.0057107754996956099428	-0.0021153609838751074104	0.0011712651996617327865	0.003206167973330388294	-0.0045977304994790990991
-3	5	6	-0.0014784180280671438846	0.0031333996703881154995	0.00045671873466303136496	-0.0017544692041688246791	-0.0011198079595860980888	0.0030287575053347449462
-3	5	7	-0.00025615611083667979165	0.0023265835757696165693	0.0002337074630545593406	0.00076091972846355996479	-0.00027671509254040515787	0.00045359315499872134231
-3	5	8	0.0018611556143547055338	0.0017145652107046314028	0.0036856036424203712093	-0.00058488526052610529532	-0.0016055689211297173493	0.0010085152418430527212
-3	6	-8	-0.0030023851627168814116	-0.00080164765904236219129	-0.00095891906001969551103	-0.0012820244869062591159	0.00040670514100405895028	-0.00066090049303880852877
-3	6	-7	0.003721699635015521257	-0.00047676348712527263007	0.0020294852723551069264	0.0025826729697536144822	0.00014454467558343961808	0.0024180468971282151162
-3	6	-6	-0.0033893393676641837137	-6.4981032956818975599e-05	-0.0023569691441461047658	0.0011784386976787387512	-0.00066229946031401312583	0.00121092921415714809
-3	6	-5	-0.00083418948815475342778	-0.00093901591259510383634	-0.0045083843505719870676	0.0027223560720941986611	-0.0049095475277935330533	0.0038302368340701010638
-3	6	-4	-0.0033305270881627884946	0.0083405985187493588556	-0.00058847242111607694567	0.0048498553420323652421	0.0016151866844479759525	0.001019334123986528071
-3	6	-3	0.0017287361515642477288	-0.014741538998946510791	0.0009195375441267298949	-0.00070524104179822829589	0.00011033893668921216941	0.013331056915350055284
-3	6	-2	0.0023534670416459871518	0.0034186063987021522714	-0.00034939414300019918866	0.00093785240442334515988	-0.0045783829914695780769	-0.0023143523847831931443
-3	6	-1	-0.0042629095318543882773	-0.0029251588188353391286	-0.0015667745046980964107	-0.0013417813449163457085	0.0033880815673745868014	0.00072478838700794367706
-3	6	0	0.010934088971497994691	0.001410457104715463891	0.0054670444857489973456	0.00070522855235773194548	0.00071165588042220026196	0.0049719942988894084285
-3	6	1	-0.002578971341498587002	0.0063459046310782342426	-0.00017350520817645335688	0.0032788384805478038714	-0.0066958827754370403226	-0.00063531699005211887416
-3	6	2	0.0010409296059477643037	-0.0058176225502244603358	-0.0014324548239836498633	-0.0033756578962153738384	0.0058587588808725957201	0.0014005398633094305778
-3	6	3	0.0098608597354604230617	0.0059444446952274139495	0.013435257720708160614	-0.00075147924971718518209	-0.017009655705955896432	0.0074474031946617849642
-3	6	4	-0.0041311040870192208482	0.00055857876136987101665	0.00018840497764623995842	0.0022436563767171059831	-0.0033809355317337757771	-0.002946550494048255902
-3	6	5	0.0028965681110874044388	-0.0034296437432242104885	0.0001864418772595927132	-0.0012928352382214401781	0.0015142106139409312882	-0.00050638396006879823116
-3	6	6	0.001739897479666620457	0.0028122724069766080052	0.0016477584316216282306	0.00015482257141043764587	-0.00077780969178831811054	0.0012513136320778663838
-3	6	7	0.0010871699539428257997	0.00056851153626043054393	0.0020505973715874642807	0.0022923942549675033892	-0.0012917249096709010597	-0.0017212615601462468492
-3	6	8	0.00069107867778190658088	0.0034066650467049937323	0.0024630801792775614163	0.0021444975314323685804	-0.0015881556302899562435	-0.00033087375605990378569
-3	7	-8	-0.0015707630002145911256	-0.0064306824010150207341	-0.0020676709675449553641	-0.0053680855561762065228	-0.0012201759715213642173	-0.0022855689612735477154
-3	7	-7	0.0023477592362029218488	0.0058616371908400298138	0.00089487156184608223665	0.0035690328096837573013	-0.00011131096795516998621	0.0010569025850380301453
-3	7	-6	-0.00060035836418324199475	-0.0032291463664294605719	0.00014252787068104826843	0.00018326877368601826785	0.00046646169788617733313	0.0018283867525150849544
-3	7	-5	0.0032846056459864335191	0.0029896540982626272111	0.00097446883103661163187	0.0016473006076316628471	-0.00060650702414060374008	0.00051242839172675161592
-3	7	-4	-0.0052353448443236442686	-0.0010781924360926929424	0.00090861325445245938372	-0.0021673773759080675397	0.0055165818285345374211	-0.0029842660807695986502
-3	7	-3	0.0099363359352063335139	2.5568369827743549861e-05	0.0021406809826449019196	0.0044122218934521282782	-0.0049414136423682293239	0.010269616048227223071
-3	7	-2	-0.00054098386534757363434	0.0045152628244236568678	-0.00036094474843371938347	0.0025447191014767093879	-0.00045183082149665728224	0.0021336226185329969056
-3	7	-1	-0.0040136648409331678392	-0.0030689744259152071035	-0.0017838746593748099241	-0.001961254308112257011	-0.00044612809282416584274	-0.0045218568790401760318
-3	7	0	0.0023788466022692691774	6.1439897318767052728e-05	0.0010195056866868297714	2.6331384565185881192e-05	0.0031705999379713534388	0.001954304373378073275
-3	7	1	-0.0026301701221758434779	0.0018665311779062295112	-0.00028909036386389109661	0.0010340466628395877415	-0.0058668778194802930284	-0.0016387331061584258732
-3	7	2	-0.00060503145003128059373	-0.00023945460577380048078	-0.0014862818667054310522	-0.00017066910954327552119	0.004294439358422087738	0.0002381599747407636301
-3	7	3	0.0046689253664350775785	0.0027787060842014853386	0.0014228857029875280338	0.002192916056903409551	0.0013488587261308454274	-0.0023380980485731370916
-3	7	4	-0.00023427847913997710649	-0.0010449268967513255981	-0.00064870224366652209664	0.00089520016590628444589	0.00095952006706143090024	-0.0023502954628994918163
-3	7	5	0.00039634036718372555328	-0.0034623068188059900885	-0.003841999614746063104	-0.00041273571646568898031	0.0056166036809547235584	-0.0014995540882316296324
-3	7	6	0.0020275113377170479734	0.000561491963114815122	0.0021481257251118224434	-0.002301406326102208369	-0.0014923910104386024864	0.0029657200286766507123
-3	7	7	-0.00019459655809083255869	-0.0017797645192827843928	0.00075976517416678171924	0.0011906557794697837389	-0.00084316369906285281582	-0.0019534120020195484477
-3	7	8	-0.001954944208689571826	0.003850595163609443327	0.003876695882801391331	0.00059240154390064597972	-0.0041252129757098068494	0.00092562183544047608313
-3	8	-8	0.0020858102488507269251	0.0023489810283857420932	0.001539607659050236171	-0.00055398402789893390948	0.00075742881573121357414	-0.0014348519135435871402
-3	8	-7	0.0011875305396132831027	0.00015710199267753320379	6.8365081302679405698e-05	0.0029903375116579534489	-0.0004308101383454877387	0.0033501991593187186932
-3	8	-6	0.0037047458500654374854	-0.0041621493796833164414	0.0013319900753031785334	-0.0041900107156215178617	-7.638615796181409017e-05	-0.0035056062643203655949
-3	8	-5	-0.00078810734163494854283	0.002467861924739853715	0.00072716779905857410835	0.0021074225662335043831	0.0016363328834746876123	0.0018911589511296949574
-3	8	-4	-0.0044680039379873526251	-0.0059306364063597049804	-0.0025973316381019797075	-0.0026124610410475624343	-0.0018436603227134453799	-0.00077694477732534602491
-3	8	-3	0.0079017047916862762774	0.00079518708334926839314	0.0022464625255165962363	0.00068635505415325765398	-0.001911138056975352547	0.0010350930610594187564
-3	8	-2	-0.010267292474431732527	0.0062795437022025550611	-0.0036892337765335237766	0.0010735745476753088493	0.0006440036055135035754	-0.0051250173626025971943
-3	8	-1	0.0033257855889198741778	-0.006192823465145817774	0.0019485572063417206864	-0.0015375477697442501129	0.0056111008839741438256	0.0062780882374834532864
-3	8	0	0.0021545055531298814427	0.0082477056458407187189	0.00080793958242370564945	0.0030928896171902695196	-0.0053777480578603223393	0.0017362064052984967077
-3	8	1	-0.0029889790843942842108	-0.0011973430939400870644	-0.0014103287881556307928	-0.00011654166514245812799	0.002315693052062194144	-0.0026596959606805963862
-3	8	2	0.0026850493105921987777	-0.0020875832922252145728	0.00050037207362187521072	-0.0010550216529360922999	0.0020260856714007977573	0.0010887116734065475573
-3	8	3	0.00023157299965668009102	0.0014240786650961121448	-0.00022273667687908301968	0.00017078790103493258178	0.00082553747133423476499	0.00096864426233629196284
-3	8	4	-0.00070629532007814336495	0.0036532933493430429402	0.0013285749826101916817	0.002997911632453247998	-0.0031868714552789911311	-0.0032558532528992136824
-3	8	5	-0.0016956621094129412878	-5.304579050148954157e-06	-0.0020957130381182996655	0.00022304352892339547793	0.0023357435953415143018	-0.00036005239370752212431
-3	8	6	-0.0010419387199621151646	0.002525293252163155009	0.0016275787512200423027	-0.00014059298807003002205	-0.0026910743616077809418	0.0014501039435082842006
-3	8	7	0.0022330279604840666888	-0.00077762649584442997998	0.00085183051682708799731	-0.0016221325761346867041	-1.6508607594929137569e-05	0.0015205973030777432918
-3	8	8	-0.00093137424019832445055	0.0062065920459505726989	0.0010265009335761079816	0.0055519568323031320486	-0.0013757662736504795015	-0.0032244848150716669613
-2	-8	-8	0.00091662209735434709793	0.0053981071285567755469	-0.0019366077885492364533	0.0015494627660369538532	0.0017074522642106495975	-0.0028989895481761479568
-2	-8	-7	-0.0044686883231098506811	0.0021934463292964880184	0.0034537877232833883064	-0.0053549867460308602993	-0.0026704178771496289886	0.005493285901379128984
-2	-8	-6	0.0005297832092508551749	-0.0045291705473856141637	-0.00044226721760360661459	0.0052615542996330552303	0.00041309522038785709448	-0.0055056822170488689192
-2	-8	-5	0.00010641486931744261737	0.0023327644255240627923	-0.0021563116796861126791	-0.0016662812880853695042	0.0034075327397708027842	0.0017329442907269660898
-2	-8	-4	-0.0026385001494234807534	-0.0048618520983543462091	0.0025217155030611004829	-0.00056910241866126682828	-0.0037241809314104610228	0.0035691308864997067611
-2	-8	-3	0.0044182720330232022263	0.0031695224093425200876	-0.00066702492294943790691	0.00030437732939075554627	-0.0011667815608169672826	-0.0029246878179370280372
-2	-8	-2	-0.0044459780834447621203	-0.0013520982249294723285	-9.7873140725999947841e-05	-0.00058775524053811191612	0.0048374706463487618033	0.0037031191870819197762
-2	-8	-1	0.0042132549306337788511	-0.002313364668675896383	-0.0016078848289825986746	0.00097865613588634975568	0.0044365687705932325621	-0.0032025197497390052795
-2	-8	0	-0.0035778566161187631313	0.001481146474847437871	0.00089446415402969078282	-0.00037028661871185946774	-0.0036180847123012610869	0.0046971603897722064014
-2	-8	1	0.0061455063000139184548	-0.0058423325340460317834	-0.0016617851252896838343	0.00038052396926007315148	-0.0010032684022896326808	-0.0086404733140114792223
-2	-8	2	-0.0039922401893680127885	0.0095785631928430002568	0.003300701821000391438	-0.0020137848975244989659	0.0092105670946335538307	0.0015234236027450043932
-2	-8	3	-0.00088507914246061468976	-0.0072601234876818483005	-0.0010736169162285967918	0.0009222076789819391154	-0.0034530312049166679046	-0.0023808618478360610814
-2	-8	4	-0.0015019160354539332503	0.0016735766321906303273	0.0023151468016947940147	0.0012969749362478713312	0.0038793355856626219463	0.0034307381885910577177
-2	-8	5	-0.00060552505281160414353	-0.0084008216137328780432	-0.0032280849344305381429	-0.00030220475815062662443	-0.0054071459162135029897	-0.0038438562585341533827
-2	-8	6	0.0027972556677991209165	0.0049947369688855157085	0.0059605576055470343988	-0.0023454561005724007712	0.008879828696662419793	-0.001462362477801362531
-2	-8	7	-0.0058334977501554603069	-1.5361473151146583206e-05	-0.0041568171039771967951	0.0076142524109958312911	-0.0064173617617326421392	0.0086976137630949083152
-2	-8	8	0.005261500674024082759	-0.009254815354287878118	-0.003494896322399544935	-0.010459470540807060818	-0.002179521153893524462	-0.012773174379379029914
-2	-7	-8	-0.0017147738746587446856	0.0020806454050778795499	-0.0045437939986717737137	0.00013376277451412370485	0.0044045132175024878998	-0.00063720377896932809195
-2	-7	-7	-0.0042673193071166275886	-0.0025268497488276724615	0.0035913770115454119597	-0.002750870643429490555	-0.0023721429237978041392	0.0034728277145231111964
-2	-7	-6	0.002865875196045830544	-0.0021548577165581106301	0.00031074865014828033241	0.0024614704594762299578	-0.0013178318238549371726	-0.0021534296305362314074
-2	-7	-5	-0.0046079835921595362069	0.0010817560925682073465	-0.0017405029196486850041	0.0012633448982557755457	0.004279897524371973315	-0.002201385294585368399
-2	-7	-4	0.0027007575563589734588	-0.0053090013759595298254	-0.00035463275193370444489	-0.00054739084930679896349	-0.00072977146229550389663	0.0036124346742666627735
-2	-7	-3	0.0031214084608283594081	-0.0016320403438116048035	-0.00090721588676069293139	0.002336340010594825916	3.5898095222710603956e-05	-0.0043634331288468575574
-2	-7	-2	-0.0015580730820445645984	0.00022475577213000819078	-0.0012812051695216008541	-0.0011389967104435746049	0.0060422911753701680215	0.00376173271442250233
-2	-7	-1	0.0033219066080270652323	0.00071808989327809037446	-0.0012682088221884068192	-0.00027900113194319364242	0.0022336485392647170527	0.00051682813704617474801
-2	-7	0	-0.0010794782250738471814	0.0014837322309842050465	0.00030842235002109916371	-0.00042392349456691572757	0.00051461695941887406619	-0.007100926666434190411
-2	-7	1	0.0056807208942273495003	0.00054365605991769070954	-0.00096653210619647954294	-0.00084933155580537117273	0.0045957170450793413327	-0.00485800877080221679
-2	-7	2	-0.0061727695548617267027	0.0053159566241356625768	0.001689746175921217914	5.40310538795420818e-06	-0.00025865793913746373258	0.0053348674929935020056
-2	-7	3	0.00018778567886749617227	-0.0033293347595978375203	0.001717600609164699919	-0.00025289615044420490388	0.004132925207295964215	-0.0028096475241017031949
-2	-7	4	-0.0035343794008969244176	1.6725922307181423392e-05	0.0030512976664891257317	-0.001248023877028758442	0.0035725812159075076048	-0.002175678823646736218
-2	-7	5	0.0022669416683404964089	-0.0022487556254120076235	-0.00095924984977268333564	-0.0013958763579048987478	-0.00043617312234555809551	-0.0028537291512316614699
-2	-7	6	-0.0021441149584863253806	0.0054736199063263844822	0.0025167949619897597019	-2.5013852879497717595e-05	0.0022215558028259446699	0.0017953571404160475252
-2	-7	7	-0.0081186979714985025441	-0.0020069983597973900871	-0.0066182567190801941392	0.0037653171805447751067	-0.0089378847109369101431	0.003191889077745520796
-2	-7	8	0.0087492677326756439216	-0.0036362426597411315506	0.0041135907987682723136	-0.0097852582334743594406	0.0057867088820911490379	-0.0094711616192253485907
-2	-6	-8	-0.00082820072186552727914	0.00038359958810429360112	-0.00078409233272571916915	-0.0028944962420165702872	0.00079511943001067122375	0.0020749722844863541932
-2	-6	-7	-0.0020003496683874775336	-0.0035967470678111550936	0.0026548690536446371488	-0.0017221737864012906776	-0.0017040735692989811799	0.0025037909791471506075
-2	-6	-6	0.0026157218854261569778	0.0037353945914468519515	-0.00025568314652684153441	0.001409714523109283817	-0.00061622414861521080959	-0.0026548460535915680177
-2	-6	-5	-0.0066027418175263006411	-0.0011616973778960759233	-0.0025230650502287635395	0.0028409262988627779697	0.0056687747872850363304	-0.0029444326074769032811
-2	-6	-4	0.0027156872066915671224	-0.0047994388605299186448	0.0025537447954759803781	-0.0027710510498873018245	-0.005188460796559754562	0.0065562960050959120592
-2	-6	-3	0.0029252898000924846406	-0.00014055459558397147388	-0.00016872381091961378388	0.0015084620584655018816	-0.0016127455782224289858	-0.0029232210532083562765
-2	-6	-2	-0.0028178274684992508578	-0.0017584447752091076928	0.0012887545956113220097	-0.00028862973118915310642	-0.0010484363183347151713	0.0026243339687765671747
-2	-6	-1	0.0018749350900343414103	0.0017121623073140296214	-0.00069807698320063793235	-0.0003505041706778702919	0.00043859171913514504457	-0.0013212995905608375998
-2	-6	0	-0.0062579481633762796752	-0.0049012606328364344624	0.0020859827211254264138	0.0016337535442788114152	-0.0010935531098883589755	0.003506360187354122266
-2	-6	1	0.0058304220824851428831	0.0017453964296954796887	-0.0026030001800346987996	-0.00022698438012873196575	-0.0039571569152379078987	0.0021288865786185675287
-2	-6	2	-0.011141856085201360185	0.00032104908809496373288	0.0049720625974217502741	0.0010114194113156598637	0.0037743317070638889021	0.0033553073220419435407
-2	-6	3	0.0053005198379151739416	-0.0035823136013959436252	-0.003114785301847361465	0.0015287945648097989605	-0.002695890711751273202	0.0006693800620223021346
-2	-6	4	-0.0048597637226417828016	-0.00020450221786391428844	0.0019472657074755003823	0.0002164840731338809731	0.00049101669989235895587	0.00022247500076886430188
-2	-6	5	0.0048291094976733034416	-0.0016039313486601563651	-0.0050930340321864850037	0.0053367340502965135776	-0.0041799970395544608012	0.0057625083208917536604
-2	-6	6	-0.0030659424193386669751	0.005859085984957540863	0.0031977298675961536231	-0.0011130916834582635887	0.0021757490611499312981	0.00083993697819424988776
-2	-6	7	-0.0026180280671122919608	-0.0031895494864323998586	-0.0063315722924640951974	-0.00026313219914532280522	-0.0061750699841441646434	-0.0011368417382481052057
-2	-6	8	0.0081328023905397617277	0.00093452107497247430701	0.0053911144792586169691	-0.0031798721255054639145	0.0060765364570789029419	-0.0021512738253859796031
-2	-5	-8	-0.0011888375230408075936	0.001318740481694228011	-0.0025567149402352701455	-0.0035727221609029567208	0.0018951562184072456851	0.0019032662301407910019
-2	-5	-7	0.0010995560022395280218	-0.0029589459111606570586	0.0028469282487700773264	0.001916034034479467945	-0.0023476790354756346679	-0.00052318262143943221418
-2	-5	-6	-0.00095263391923041795123	0.0019843126549321577802	0.0024082525887774608626	-0.00092900265838066038108	-0.0016893325175710779962	0.00011273133033983112074
-2	-5	-5	-4.7409639130093439929e-05	0.00077391224155592735958	-0.004333342604869822208	-0.0015123763064319108336	0.0043523064605218595921	0.0012028114098095398464
-2	-5	-4	0.00019871398610716618522	0.0003135283203677797061	0.00091144167650861500005	-0.0028400484273713049767	-0.0012386590886893518969	0.0033932963740302413136
-2	-5	-3	-0.0013989502511866553931	-0.0050709829773298697314	0.0027992978049386349135	0.0016068663800805882934	-0.0037328628407732882162	0.00070254468475226599863
-2	-5	-2	0.010377560427232163792	-0.0014043739340164047933	-0.002772283033386891294	0.0039308781844895968396	-0.0034468528437649349067	-0.008422821527207587089
-2	-5	-1	-0.010023065963828245786	0.0039739809460240570552	0.0023942803339495073028	-0.0024776138320467180204	0.0080747302579089550584	0.0044401072681854759916
-2	-5	0	0.0049095306445142358753	0.0027510868798907026425	-0.0019638122578056944369	-0.001100434751956281057	-0.0077542248182167657078	-0.00059684960287352431356
-2	-5	1	0.0036705821201291270565	0.01063274748506540246	0.00057203137825694353423	-0.0053962149291225825626	0.010201321131542972001	-0.005715579675482108761
-2	-5	2	-0.0046229492373536995239	-0.0093435796143985158646	-2.1184708179940073513e-05	0.0086700734899015381024	-0.0046759110078035490826	0.012331604110355330259
-2	-5	3	0.006646580128261225448	-0.0016994650370561782682	-0.0047325961220590984438	-0.0041126320147254801299	-0.0034566067845910133406	-0.0079873633825799199293
-2	-5	4	-0.0063653296248689190603	-0.00073708448873303000423	0.0057818820849046843185	0.0032767336273671287226	0.004044687793696395868	0.0037273747898423962265
-2	-5	5	0.0042960816809949091064	-0.0010247874925898017243	-0.0029091456550565668489	-0.00027863528697482704442	-0.0011907129826586033798	-0.00068855028401074776668
-2	-5	6	-0.0059502511019402298462	-0.00033964751696145199485	0.0087566141042426919733	-0.0020922172637484696273	0.0053137613862221664066	-0.0018567302254442088864
-2	-5	7	0.0032349207389063606467	-0.0059558570260422110873	-0.0048767289494802195868	-0.0012300731849092506019	-0.0025591147527983392103	-0.0025802971395186679454
-2	-5	8	0.0002967099632157031968	0.0048691756417836651663	0.0070345498116802223504	0.0020899083392805968031	0.0044707711231040643887	0.0025234866224962894561
-2	-4	-8	-0.0015404076720983987843	0.0011104170272048449752	0.0022901733636484953791	-0.0020110890465175417473	-0.00075998476379964810187	0.00072794026645755973825
-2	-4	-7	0.0015355291834769071654	-0.00062221767126531145244	0.0011157905042117378675	0.00063932058689262420519	-0.0010763171976858236858	-0.00018754957214855340493
-2	-4	-6	-0.0020028059391971608783	-0.00075912499092115699652	-0.00095258254059373762956	0.0025602263870608057972	0.0013026570067948787125	-0.0014537759277334846852
-2	-4	-5	0.0033579917221894959797	0.00037352685482270909243	-0.0035139849096007249804	-0.0006439934198804693	0.0014679912388047818093	0.00036578399397529178134
-2	-4	-4	-0.0026410098300379404417	0.0030733478465981836289	-0.0012265511442056862244	-0.0070903252799756621982	0.0025470560592246566621	0.0055536513566765708175
-2	-4	-3	0.011780387658318425617	-0.0027619965310243148673	-0.0026897467012615152403	0.0047329677785560349962	-0.004267262837196929802	-0.0044692926840585031276
-2	-4	-2	0.0061114468605155342421	0.0050581081015601348297	-0.0046143145370365276636	0.00095370074242833162859	0.0031171822135575215189	-0.00696550958641679787
-2	-4	-1	-0.0046157974595545693541	-0.0030549018967025325967	0.0010676095915850649688	-0.0012345576972179952025	0.0049611565527688779656	0.011048034582277046003
-2	-4	0	0.0044209205788353980737	-0.0014796280287116816629	-0.0022104602894176990369	0.00073981401435584083146	-0.0032598358641764369967	-0.0079077610433004145996
-2	-4	1	-0.0079936261196046146105	0.0085282403651339711015	0.0059184340825214247842	-0.0028741093480220540092	0.0076864840908764690483	0.0055600433381797261662
-2	-4	2	0.0011012802898926735053	-0.013447445995731381607	-0.0061608883895684554005	0.0060304699487220923132	-0.011220496489244237079	-0.0013865060982871971976
-2	-4	3	-0.00090261364739954524049	-0.0019380311731084594231	0.0015272261654351315403	-0.0025222550394093691539	0.0014345591223138118211	-0.0046550275012847983427
-2	-4	4	-0.00098002281609424089434	-0.0028120821046672367198	0.00026131112653452566105	0.010459515522826562384	-0.00022870028151259481322	0.0090534744704929438069
-2	-4	5	-0.00063360923333841275788	-0.0015775496481555278689	-0.0056172567915893653959	-0.001868914078525317924	-0.004747249126606857203	-0.0021261511220824654
-2	-4	6	-0.0031744002154699868697	0.0044497251638654740022	0.00065656697741836925197	-0.0029208305076407949791	-0.00062042208687774949138	-0.00046397861713870519216
-2	-4	7	0.0048492038476459142435	-0.0011689043499837268019	-0.0042597205758556780722	-6.8235225392564624516e-05	-0.0010486392297329835861	-0.0003729642287911017211
-2	-4	8	0.00045631002550829607772	0.0035948823669648913987	0.0037873055213289742726	-0.0020886532503225588991	0.0020077302670415612777	-0.0001456060334200565728
-2	-3	-8	-0.0020714718677399784723	-6.2412190181956430702e-05	-0.00088664100783665837548	-0.0012982611893342700399	0.00085035834487374149532	0.00050245099354584031506
-2	-3	-7	0.0023273178052153212572	-0.001472430240490952072	0.0034422512553306176646	0.0037506821669695523079	-0.0021401984823460704771	-0.0011867408599895361114
-2	-3	-6	-0.0025756775070270112628	0.00068118871409691115777	-0.0007942403925551462518	-0.00076021259387634286964	0.0012556793652865768079	0.00015304339223920105794
-2	-3	-5	0.0050311442446322133387	0.002808516515524113466	-0.0016713677983119954937	-0.0038450844019348052322	-0.0010096370188656881694	0.0011836440349512378396
-2	-3	-4	-0.0058782291296293007893	-0.0108029151678992099	0.0045323595363429419747	0.0046459090668725588555	-0.00046015508744255581531	0.0019170257837951858084
-2	-3	-3	0.0034913805275906292618	0.0019302570559034178555	-0.00011983040266513967178	0.0016820832151238900715	-0.0022077566157286130158	-0.0029689212523928351639
-2	-3	-2	0.0041286209639669500457	-0.0013824466238318608002	-0.005076159311778374178	0.0021301536617592234553	0.0034856180037006103539	-0.0018127838688069745996
-2	-3	-1	-0.0034405532215946027508	-0.0010751744051845390539	0.0038734339318372392261	-0.001724955335967227367	-0.0047391953523225121767	0.0073252148182707602087
-2	-3	0	0.0049597278298077855652	0.001656741974672941084	-0.0033064852198718568989	-0.0011044946497819607949	-0.0095904047502821422599	-0.010281183968789570429
-2	-3	1	-0.0076320921590761767531	0.0010401086087627980752	0.0079384480651414259661	0.0022334011098481855451	0.0085511598772719209227	0.0087804205470701519182
-2	-3	2	0.00079119981375601160234	-0.00063011423480294984772	-0.0081237798903729761119	-0.002761900313973211004	-0.011394470021803453433	-0.0047729647057627661369
-2	-3	3	0.0032253018923199048944	0.0030928897961918161777	0.0058811530481055794908	0.00097933738317703290105	0.008031354309652183332	0.0030412639139715770195
-2	-3	4	-0.0016817567944382525585	0.0088279649283152916012	0.0044574251899263360455	0.0028064387689981733741	0.0025021904952256257548	0.0065188115409062757227
-2	-3	5	-0.00081066213194864328046	-0.0071186339636179953722	-0.0073797261392642300032	-0.0044282027460087851345	-0.0047521005363379952707	-0.005504375233052469403
-2	-3	6	0.00035953283182240519927	0.0083431317878263824145	0.0087603007196330219541	-0.0063776305292744476377	0.0044999946370906460796	-0.00040777133536176290562
-2	-3	7	0.0022690156870481073027	-0.0048805426363880393542	4.2257115020193773724e-05	0.011441243663361159652	0.00066640038845097086893	0.0035089493881867712781
-2	-3	8	0.00073364918333936762242	0.0027608217235681104841	0.0059910868904819508315	-2.3652011453322854888e-05	0.0024300698797655733048	0.00068133592659703145177
-2	-2	-8	-0.0019229887136802115404	0.00028556162835536176006	-0.0020291084043536733277	-0.0010343384900797242959	0.00098802427950847116281	0.00018719421543109062041
-2	-2	-7	0.0023185973483973174383	-0.00099211084435544150822	0.00093025297441064809956	0.0048140464872177867253	-0.00092824294937370445489	-0.0010919816122463843477
-2	-2	-6	0.0052470860836673766103	-0.00088461269300599862202	-0.0023346310068005932808	-0.0044473898570478323858	-0.00097081835895559455158	0.001777334183351276858
-2	-2	-5	-0.0023893288823468097903	0.0025584148789025355601	0.00035038105711857547245	-0.0030738742883134038443	0.00081557913009129383557	0.00020618376376434736788
-2	-2	-4	-0.0017958602809473116733	-0.0033440939051967962306	0.0037531709761146558012	0.0017121348051335782189	-0.00097865534758367206392	0.00081597955003160889745
-2	-2	-3	0.0016483050651096441044	-0.0022860300270694453029	0.00066634057866063857792	0.00048205208669303112974	-0.0015430970958468551938	0.0012026519602509426737
-2	-2	-2	0.0084385937520142766805	0.010756285894117744231	-0.00471917330004180402	-0.0019333050479609262089	-0.0037194204519724726604	-0.0088229808461568193234
-2	-2	-1	-0.012212116986532229462	-0.01158041413868053128	0.0034752970618015439387	0.0004744794417802910419	0.017473639849461371915	0.022211869393800480477
-2	-2	0	0.010654104759172028372	0.0033515280320721837701	-0.010654104759172028372	-0.0033515280320721837701	-0.023649338484702894791	-0.020690520715872941226
-2	-2	1	-0.0046898107813021028614	-0.0011739223322774273474	0.013210181991433062043	0.011097464294617069916	0.017040742420261920098	0.019847083924679286004
-2	-2	2	0.0084716464418383291557	-0.0036803212409062197388	-0.010262030817926329207	-0.011033365039901890658	-0.0017903843760880013523	-0.01471368628080810953
-2	-2	3	0.0061551101588491370642	0.0027743894111648924328	-0.00026491557283549529989	0.0033513133285119137139	0.0039267963906757614653	0.0040838018264512040978
-2	-2	4	0.0026347803153113041712	0.0054818911362402413315	-0.010116117925495837077	-0.00078570692559337381236	-0.0037406688050922662359	0.0023480921053234339764
-2	-2	5	-0.010549977435666210018	-0.010637899623178978178	-0.0019785536839981477004	-0.0054637735477091860584	-0.0050114124478657434344	-0.0064406692683552655213
-2	-2	6	0.005445508026761915546	0.0041024610492104984782	0.010526219097279680692	-0.00094009703252828657766	0.0053239090413471990351	0.0010541213388940706697
-2	-2	7	-0.0020443491435819930759	-0.0046422638836674801066	-0.0059326314988329634931	0.0050902819340294808148	-0.0022791373264042730576	0.00012800515724628591663
-2	-2	8	-0.0016971454370066189898	0.0010227913472431202167	0.0021173273514037229716	-0.0019942014940487217713	0.00010504547859927596833	-0.00024285253670140038865
-2	-1	-8	0.00043635609311137027932	0.0014214520446547531177	0.00063701884808565871227	-0.0035083264298212050829	-0.00018871637928854990886	8.3177792563962369495e-05
-2	-1	-7	0.0019968172423868403229	-0.0019453487109669658113	-0.00055050405708702212105	0.00076145681279124975954	-0.00049187577538380828322	0.00044703437273466882984
-2	-1	-6	-0.0034556173256232686035	0.0021808214984539056429	-0.0027267646383356165807	-0.0028995813383917361065	0.00160633321493035882	-0.00024367694308601259312
-2	-1	-5	-0.0061132521564129455385	-0.0057411112839629531088	0.0067842954732374605858	0.0037125777227002354844	0.0010884417679176861416	0.0015539289690451342767
-2	-1	-4	-0.0010619153155247691538	-0.0053116148832078298805	-0.006649749751685012783	0.0020516718495085582534	0.0021933950956836379895	0.0021428894792267752685
-2	-1	-3	0.0043931233912146818235	-0.0036266110713567925074	-0.0032002873480807022925	-0.00025594631978912872269	-0.0018619864781162201624	0.0025030561541675711013
-2	-1	-2	-0.0019751097416274110245	0.015763963419880969163	0.0019720475825101657467	0.0097500131277460811569	0.00098908595037232815116	-0.020638969983754008874
-2	-1	-1	-0.0022859093600208209122	-0.016037920654690014655	-0.013328871720586318861	-0.0066645698882274702693	0.017900690440627961553	0.038740411197607495242
-2	-1	0	-0.0045253435751923540634	0.0069842702777746885554	0.0090506871503847081267	-0.013968540555549377111	-0.021347672078816663094	-0.047822990702821505105
-2	-1	1	0.005567381384841908927	0.0082486108841762165872	-0.0017572027296485900547	0.020605737027543605255	0.0093775600400352286667	0.037102958795896041899
-2	-1	2	0.0013936899966833129604	-0.010088062068370541938	0.003757939558325855238	-0.012305163664607361371	0.0032726597758462403626	-0.016240643900674221756
-2	-1	3	-0.00069674635148598857565	0.0070917847332594595097	-0.0058285834129852822846	0.0023208616119949425881	-0.0024073587053190866232	0.0055014770261712867688
-2	-1	4	-0.0060808867497430538554	-0.00038076989894119761624	0.0068682787002955153835	0.00013767351688303457787	-0.001323373699797647865	-0.00015596657024984013655
-2	-1	5	-0.0064709314840232269594	-0.014333001061313637922	-0.00030979373707714030978	-0.0025168383878405985871	-0.0026503313410247190084	-0.0062365681020935745393
-2	-1	6	-5.8577786904223475299e-05	0.009980289280188708867	0.0059788066699567720547	0.0005128099196163664851	0.00097694184935805420886	0.003412231413332297153
-2	-1	7	-0.0040386628709709708474	-0.002386147557485309139	-0.0050650774396117804327	0.0021679347923505894874	-0.0018774861687933888134	-0.00037205147466000420588
-2	-1	8	0.0046614933373904932079	0.0013409583844470321021	0.00034596096221880937895	-0.003921796771072024769	0.0012086184546249746641	-0.00015498500027224507061
-2	0	-8	-0.00048499437791812608596	0.0025335208031451719388	0.0021858277170710331896	-0.0044291868910298392084	0.00012124859447953152149	-0.00063338020078629298469
-2	0	-7	0.0012169515455350420237	0.00055166725433166319444	-0.00082582574549809855801	0.0010535147802306589135	-0.00034770044158144057045	-0.00015761921552333231803
-2	0	-6	-0.0054471018514395562124	0.0059149668372206320316	0.0035875136115577866899	-0.0055499591185985096276	0.0018157006171465187375	-0.0019716556124068770547
-2	0	-5	0.0011781561673357022341	-0.0085887942827331358042	0.001303739845817762557	0.008788223281572778503	-0.0004712624669342808611	0.0034355177130932544952
-2	0	-4	0.0014778020710726580238	-0.002871789260527350153	-0.013600241168705548556	-0.0064021208728548776451	-0.00073890103553632901189	0.0014358946302636750765
-2	0	-3	0.0049416981450267462653	0.0053779811546922151946	0.0021324663045919466792	-0.0087280264288121627014	-0.003294465430017830699	-0.0035853207697948098406
-2	0	-2	0.00076544262466620794153	0.0090069692932735600371	0.0031298044062209214033	0.012707991460313225116	-0.00076544262466620794153	-0.0090069692932735600371
-2	0	-1	0.0011136536449405749424	-0.014088313407734469329	-0.025678519456319361114	-0.012636019120918223421	-0.0022273072898811498849	0.028176626815468938658
-2	0	0	0	-0	0.037764911063689808601	0.0087898077196477374107	0.011082523309570709719	-0.040814550154599109344
-2	0	1	-0.0039017179920344704884	0.010696657606303155291	-0.022995562888160889226	0.015060486527952832159	-0.0078034359840689409768	0.021393315212606310582
-2	0	2	0.01152654171601679399	-0.0099111368248530808817	-0.0032177180214380241528	-0.0095360591553365417483	0.01152654171601679399	-0.0099111368248530808817
-2	0	3	-0.012056547670175523507	0.010949269349380513425	-0.0039958907588172323452	-0.0020412015662427279196	-0.0080376984467836823378	0.0072995128995870083716
-2	0	4	-0.0059091850123337563705	-0.0042744145162870216328	0.012696609063244769858	0.0014991436776324563139	-0.0029545925061668781852	-0.0021372072581435108164
-2	0	5	-0.00096629940677674097931	-0.012762168085768138201	-0.0001713655239393217615	-0.0021500062316007718596	-0.00038651976271069640257	-0.0051048672343072549334
-2	0	6	0.0053340836769740834419	0.011331334722231007836	0.00028394506400716525629	0.0021674628965006170062	0.0017780278923246945529	0.0037771115740770021783
-2	0	7	-0.0039032105325182389795	-0.0071718665575812396915	-0.0031089154904337295074	0.0013935992946917676559	-0.0011152030092909253917	-0.0020491047307374973645
-2	0	8	0.0013045492130354327271	0.00085653375899290523469	-0.0013617896025603505421	-0.0044180855060014772445	0.00032613730325885818178	0.00021413343974822630867
-2	1	-8	-0.0040296017483386790611	-0.0028448336076131834627	0.0067286051717870580188	0.0002615073982257654756	0.0018484760835580521261	0.0007438968266815166111
-2	1	-7	0.0046675589357406174068	0.00022600287368790012571	0.00038048217962689649414	0.00054811115091797960822	-0.0012792336702649054897	1.3729343363168473009e-05
-2	1	-6	-0.002780201018779966237	-0.0001545076748777256064	0.0050008958900942162076	-0.003931721575195080802	0.0017602163212756915915	-0.00060378437090660491346
-2	1	-5	0.0068337919290256676774	-0.0072907464575482716987	-0.0054922525531979357952	0.014915088749518677982	-0.0038319672822498544902	0.0058993163329230441025
-2	1	-4	-0.0020767116361718107251	0.0015459818061717845849	-0.010261668303932902982	-0.011712570878051560552	-0.0015270612578973203829	-0.0037011336225987825389
-2	1	-3	0.0013776054444897638512	0.0076351996705717913028	0.0055377053836106375842	-0.0041600072583820825109	0.00092749816487703684413	-0.006476802199841888083
-2	1	-2	-0.0086700825135903689805	-0.001162977487673284285	-0.0082090027367744417691	0.015772339600398536247	0.004565581145203148096	0.0090491472878725526252
-2	1	-1	0.0010618129312152408544	-0.010485227191565480234	-0.010802255401082932681	-0.022904284805059883789	-0.01292588126351341439	-0.001933830421928923321
-2	1	0	0.010047748521867322369	0.0049703574193098202724	0.020095497043734644738	0.0099407148386196405448	0.003445062810593120875	-0.0027737588949841266057
-2	1	1	-0.0092773639196611600022	-0.0066747496982959269446	-0.0085107129017555193523	-0.0031536710957944997548	-0.010044014937566798917	-0.010195828300797352833
-2	1	2	0.020504680302974056388	0.0067745819903802890691	0.0026727401640741798618	-0.0019727159107289951416	0.019168310220936964072	0.0077609399457447868567
-2	1	3	-0.013813473899507289558	0.00022740296673044041193	0.0016333047310999587037	-0.0076367473358006773484	-0.0097534175100381786949	0.0026971844230871859852
-2	1	4	-0.00010659433735113567679	-0.017974754005213214314	0.0031522940518729459722	0.010367668156020087497	-0.00084137068164380436532	-0.01157929404161162773
-2	1	5	0.012144562773074608908	-0.0052988501888913954949	-0.0061111089374376080866	0.00106980205295270853	0.0060800468967173648335	-0.0023335004861471000774
-2	1	6	-0.0083796489963593543543	0.0059533978064150597578	0.0029201271086572596312	0.0043164345210590796334	-0.0032799041835626613177	0.0012650601819618398358
-2	1	7	-0.0022718364432951928221	-0.0072071064438449716424	-0.0027974499078597288293	-0.0014926760703484964147	-0.00024946042553295101228	-0.0018459338310487780933
-2	1	8	0.00021372998316769746866	0.0038985068280739864841	0.0040134746218659037714	-0.0040209742209236431706	-0.00044825183194131362459	0.0014772484846339521258
-2	2	-8	-0.0014098044762075605425	-0.0031573088134001824415	0.0074553518111913326741	0.0016041244140042401362	0.0022162890718497234126	0.0011903583068511055902
-2	2	-7	0.0049832788008538336094	0.0019095660471268147314	0.00011813410682557599083	0.0015193897779230856535	-0.0013900413411509307017	-0.00011147893405820833508
-2	2	-6	-0.0062050044310141177009	-0.00086654391214521710608	0.0055099605388750803533	-0.0005019967015276444568	0.0039049883232963990623	0.00012151573687252421191
-2	2	-5	0.0048025917451783575393	0.0062705547443943476099	-0.011194927558848891125	0.010920656181327724477	-0.0063990077216108994657	0.0018600405747733507467
-2	2	-4	-0.0055681956681549252264	0.0022839904578445101996	7.8407338226243382352e-05	-0.013890536643188820115	0.0028233015031905841011	-0.0080872635505166660247
-2	2	-3	-0.001816180038073729637	0.0040842257336405089416	0.0049333972910476928467	0.0053798051727646806902	0.0044997182194142816558	0.00086371962608278076822
-2	2	-2	-0.011007552758768947287	-0.0041829706835697045772	-0.02036647978203952325	0.0053420554979127224046	-0.0093589270232705742275	0.0095250261814824269818
-2	2	-1	0.010315305090103643604	-0.0070711520069732681365	0.011726780682615465037	-0.011546358077598106381	0.0028229511850236424335	-0.0089504121412496764898
-2	2	0	0.0006031711881727161266	0.0076616816860720802704	0.0006031711881727161266	0.0076616816860720802704	-0.010532756955791979306	0.0037595847348870789842
-2	2	1	-0.0016262980819355108732	-0.017771404586427223815	-0.0075156753226918223548	-0.010120258148331558873	0.011778754481512622096	-0.01530229287619132815
-2	2	2	0.015643457918539785401	0.016125268175582251756	0.002936976230418097359	0.0015992233676024602846	0.012706481688121686741	0.014526044807979792556
-2	2	3	-0.012274772910030302617	-0.0071371258841041486376	-0.00171710986641444548	0.004116622965739885967	-0.007038442029077237802	-0.007502499233229356114
-2	2	4	0.0040448560686800021091	-0.018861161273482189571	-0.0016075455404244906859	0.0072588540734191782031	0.0028262008045522465059	-0.013060007673450682586
-2	2	5	0.0072360472716311696056	0.011017895821158410138	-0.00041878082381928438162	-0.0029248641608327257194	0.0030619312381801816816	0.0055771039927964543431
-2	2	6	-0.0089563264594126335005	0.0027947625941848346955	0.003285264585802373169	0.0023726951791534908395	-0.0040805303484050025123	0.00014068913834378124917
-2	2	7	0.0051635153615781290148	-0.0078142332530529799023	-0.0010598301383440518128	-0.0039438644713556672214	0.0017780987142634802674	-0.0011058196519135178159
-2	2	8	-0.00051942236035756211062	0.0001324566261633163542	0.0033496101935299306233	-0.0046376669845682259169	-0.0009672581384718732106	0.0011925309026828857101
-2	3	-8	0.0021971275960400177968	-0.00083707443305681072335	0.0056566180226819886417	0.007625674511967578395	0.0015719498594957412915	0.0030688965502520446603
-2	3	-7	-0.001048793324253663754	0.0056498653942076790951	-0.0027471101592482318789	0.0034071355468661178659	-0.00087767768989105269823	-0.00015404630683100065222
-2	3	-6	-0.0030547973170085792639	-0.008207874184840074222	0.0028822566555621650236	-0.0018831273152623750813	0.0024593941001172757443	0.0017943944039821703527
-2	3	-5	0.0037982612348461792205	0.0054916850651544110024	-0.0093864108294371209618	-0.0010010084846635023195	-0.0071511509916007444387	-0.0027972791168598657059
-2	3	-4	-0.0077932574187409408423	0.0018145051919620702654	-0.0018979727317224184911	0.0012299439060210585768	0.0024731491605786567155	1.5205333534758735497e-05
-2	3	-3	0.0064232473936069517037	-0.0010933959058133609944	0.0039586433076249996632	0.0045106688069643042019	-0.00032352162144630176172	0.0052395994108398779091
-2	3	-2	-0.0032012119595474872874	-0.0079682812752277613899	-0.0061849759594927418774	-0.007305286877426093832	-0.006076251979691625095	-0.0029896490409113802254
-2	3	-1	0.013995998626506713641	0.004093797099844997435	0.010344707240236297729	0.0016141915726319545042	0.0030421244676954646048	-0.0033450194817941309236
-2	3	0	-0.017186439660238389537	0.012300015685252343664	-0.011457626440158925202	0.0082000104568348969325	-0.010761776330976366781	-0.0027496940384247156759
-2	3	1	0.0051505310633050485625	-0.014785689650226264621	-0.00092443592156973841689	-0.0077429947796369821486	0.013074369891319312376	-0.0063423949615415827971
-2	3	2	-0.0036521348734445914161	0.011611604435228666671	0.0017026870863605307431	0.0013578948424694174766	-0.0062061655029853873139	0.0095747621715245399138
-2	3	3	-0.0078531179298585961079	-0.0047063312058452152348	-0.0041480805780975977398	0.0048366134223926330465	-0.0010873313751414666935	-0.0079741675596227759582
-2	3	4	0.0050321028730149174046	-0.014867201624077969885	-0.0076899947961627480517	-0.0030760466260373988193	0.0082835475336295195242	-0.0051265658425109356111
-2	3	5	0.0037442328143736797186	0.011000520898021235242	0.0037673327968171790511	-0.004390830014979718067	-0.00076270655234083554325	0.0070347063681963249368
-2	3	6	-0.0031797374076066799338	-0.0002069992899517770807	0.0011897460725627596097	0.0044093001151273075386	-0.0016547855054836065579	-0.0022736498208809127058
-2	3	7	0.00076997632414353787272	-0.0047585473184460439638	-0.0010256255917624674309	-0.00086321708214125462619	0.00065954706051063970423	-0.00098963477006690334266
-2	3	8	-0.0035867407494158849712	-0.0011711552268276984468	0.0036493816368261301764	0.0049710706440965948122	-0.0022652033011637700589	-0.0021569402982431476121
-2	4	-8	0.0017594513426994072471	-0.00081203433543543430961	0.00087442832871215689719	0.0039381868701040736308	-2.6486713187733619157e-06	0.0021721020189108953928
-2	4	-7	-0.0016051436606139537957	0.00050421561179716666186	-0.0021975219435807409087	-0.006955607332868640573	-0.00079711435044215080137	-0.0041186943650098417971
-2	4	-6	0.00014991674350801719026	-0.0071075561151472963287	0.0033651267585924353638	0.001466044475303385523	0.0021934455912256179723	0.0033465483552513560807
-2	4	-5	-0.00097297994153289235099	0.0079414635388195993493	-0.0092441264086677091272	0.0020506616994703736126	-0.0070061091503210099277	-0.0015360560559515411966
-2	4	-4	-0.0033549931639089750589	-0.0088332106829571155338	0.011927595972434226063	-0.0062131173941505912772	0.013605092554388714676	-0.0017965120526720341609
-2	4	-3	0.0079703968556112218813	-0.0048239378667593556249	0.003634570350966465687	-0.00062793979480569098173	-0.00046750410245219368955	0.002378705518098648674
-2	4	-2	-0.0097963365008081060292	-0.0026143736611548900814	-0.00876420720568368318	-0.0073747084971324686556	-0.0077320779105592611982	-0.012135043333110046362
-2	4	-1	0.012429775645240809245	0.0042549796019225281929	0.0093748531658223634849	0.0045253312748568365678	0.012639861372807837184	0.0095913658955822916202
-2	4	0	-0.013998737167714291052	0.0074942790610187720243	-0.006999368583857145526	0.0037471395305093860122	-0.01812323145352178963	-0.0015312480932416533581
-2	4	1	0.0093954156710980476358	-0.0080116759137387263956	0.00015600320772320678967	-0.0028146089583244793611	0.01816681851130326833	-0.0047649159941795344794
-2	4	2	-0.0021249988766246143829	0.012318711936932600498	0.0045817614915022860864	-0.0019299790988909805434	-0.011288521859629186556	0.016178670134714561585
-2	4	3	-0.0069102259556798285509	0.001883475797651457161	-0.0024428575335691845964	0.0083920884516571550571	-0.0013496739256943061664	-0.0099338007371085682018
-2	4	4	0.011583041840665792704	-0.0049063687450954457728	-0.0083827290313846988812	-0.0028658595914621077042	0.014174249951717596968	0.00041267521891438465513
-2	4	5	5.9836786820717264429e-05	0.0047255802580882782377	0.0066450175772460075285	-0.0031998503150958345839	-0.0052920793470685187701	0.0044501123553119794826
-2	4	6	-0.0045233897179997491211	-0.0017434169639876072062	0.00087958627603468124163	0.0054083340565227993463	-0.0020941874233563707516	-0.0041866950256777349382
-2	4	7	-0.0026811785797860826323	0.0014192576473795995209	0.00024688398874812773941	-0.0023209117096049405003	-0.00090712758779495374604	0.0017317374475969945277
-2	4	8	0.0010731432251841466468	-0.0039168418151248494616	2.6652910511824727953e-05	0.0016037220609002921044	0.00025495935104012429264	-0.0017810714842313583092
-2	5	-8	0.0031596217477642164762	9.5438644652932208296e-05	0.00010328200122067711516	0.0050132285187378944347	-0.00072535418617813095764	0.0031094081630479511458
-2	5	-7	-0.0023045088758909945334	0.0017316946917409687442	-0.0017541133042960177068	-0.0018079829914396466049	-0.00059450696709972838689	-0.0017861863343828815638
-2	5	-6	0.00025589733841291996711	0.0020117303267704828365	0.0035350471022298417083	0.010014163435659159326	0.0028605734723872282277	0.0076745594207924712482
-2	5	-5	0.0001007556922353797967	0.0077544263572975891119	-0.0031837056921538635194	-0.00042667919890235152421	-0.0032240079690480155303	-0.0035284497418213872123
-2	5	-4	-0.0041860238742292138481	-0.0099534737025190160586	0.0077934052092023626754	-0.0017409480069079605064	0.011834768448617560485	0.0028005518426245578842
-2	5	-3	0.0036696886165208642515	0.0060710864098415329507	-0.0057570336652233086716	0.0014061732358592829873	-0.012041515186386089753	-0.0017037688801288836549
-2	5	-2	-0.0050267414938026701299	-0.0025144746528224480586	0.0015648342166303995729	-0.0060551849193853325357	0.0089388270353786686284	-0.012623487645640883714
-2	5	-1	0.0080337044585990172868	-0.0078476459229732866557	0.0039804633011808207912	-0.00088480274535913516071	0.0038349075887060711174	0.011271278119150896641
-2	5	0	0.0028577210971771362623	0.0062289911160146359606	0.0011430884388708545917	0.002491596446405854124	-0.0062097421265406831797	-0.0044547934154278547372
-2	5	1	-0.0052319786255720134374	-0.0045162136757923342437	-0.0053027916083071280351	-0.0019341996970759346795	0.016050000790391611566	0.00063857113379500588576
-2	5	2	-0.0048107636682589785537	0.0037412913806389933025	0.0035276131245942027662	0.00039718454734031307133	-0.013629796479744485035	0.0027483300122882110307
-2	5	3	-0.0037759578766848852019	-0.0043617279596818827117	-0.0016778906746033818605	0.004783599857271491132	0.0002791792065490463718	-0.010880485068573739205
-2	5	4	0.0063541756205487418332	0.00023200476900603092902	-0.0035094131083140489916	-0.0078801533331117560449	0.0075638541956669323729	0.0099661940508927113203
-2	5	5	-0.0019006415855426230747	0.0054391500447347447891	0.0064737537570038403145	-0.00023845388616698551081	-0.0072340103912208889372	0.0024141139040608832964
-2	5	6	0.00042894100363115392899	0.0042685583639744291429	-0.00070314082478265113249	0.0010776483870146933569	0.00072893102186259392007	0.00052481246547923191687
-2	5	7	-0.0027028881588959095296	0.0028976578641043658491	-0.00043277630286812370604	0.0019756383517573979959	-0.00046312782906445714099	-0.00058326800436832261162
-2	5	8	0.0013127701139259270648	-0.00061981680122801300313	-0.0028528197067518843745	0.0013427235911664004309	0.0021112048452014095003	-0.00099415644478600354722
-2	6	-8	0.0073988500018935992111	0.00097369327640738599638	0.0027428843808321745103	0.0030415759791247174229	0.00020745078515073107992	0.0020377586652416913512
-2	6	-7	-0.0052929644634441101736	0.0013677304720408219561	-0.0018299158995786852979	-0.0027236905715229391828	-5.6223781511984541803e-05	-0.0027253720533170397965
-2	6	-6	0.00087133711595098017715	-0.0011360907661172752782	-0.0010386557603750412333	0.0021259603125333603919	-0.0013291014656920346979	0.0025046572345724521513
-2	6	-5	0.00072923146259276931842	0.0036121309270947458796	0.00038658845850614227983	-0.00622544030502712991	0.00017221356517026304637	-0.0089153807368704540703
-2	6	-4	-0.00088861250064758891959	-0.010564196820767280185	0.0028094970971222644335	-0.00041400368358435033931	0.0046585518960071906763	0.0046610928850071139604
-2	6	-3	0.004523903780484942426	0.0058189497322293035758	-0.0011137942552381860373	-0.00073283182916213606382	-0.0052435243641330000694	-0.0053449634798104746561
-2	6	-2	-0.0028646490261212036524	-0.0059594048611316188802	0.0019138165246661642885	-0.0026484031139823488617	0.0086060986001196965178	-0.0019858044808154277049
-2	6	-1	0.0016983765844432801521	0.002447672814522029814	-0.0006948845005564052409	0.0018195184105093832171	-0.0075660601722249915327	0.0060217648340122392411
-2	6	0	-0.0075502808148897584614	-0.00033225048358299057172	-0.0025167602716299193426	-0.00011075016119433019057	-0.0021730364431649957374	-0.0070795253832048833306
-2	6	1	6.0110423414410119893e-05	-0.0036083636125665598249	-0.0010822976020270335534	-0.0014508787879912365612	0.0066140064589910209369	0.001488545502814299067
-2	6	2	0.0057130490416612304469	0.0022221317158940059877	0.005047831483579750915	-0.00060151363184338243681	-0.0094304454090780205633	0.0040266726114241528645
-2	6	3	-0.0050367129960889583246	-0.0027702986060102342131	-0.0036761121625798723507	0.0025279721764464276393	0.0039944156611004394408	-0.0069028100902330117097
-2	6	4	0.0043539494814069197234	0.0017514965425468227451	0.00043755790732772899352	-0.0049146699956458157754	0.0015206378797118663172	0.0082477532647421344936
-2	6	5	0.0042365375631418338009	-0.00078564460737845119229	-6.5229094160651513465e-06	0.0010751072243106339285	0.0017024425165560116979	-0.0016043865121241412345
-2	6	6	0.0033004446302801245666	0.00035701661024528723006	0.001609548025783258049	-3.3877632547862106184e-05	-0.00050939981568988315728	0.00015288316929629118513
-2	6	7	-2.9701606536127860827e-05	-0.0023718571469551323096	-0.0017476859083550822481	0.00049959764520943617926	0.0014895303195797482756	-0.0011059000235952689065
-2	6	8	-0.00030060650209749728828	-0.0005159495245700811963	-0.0011868880843350182279	0.0010855490185352097143	0.00081501443772688932175	-0.00094314914504392761193
-2	7	-8	0.0060061454321833612074	0.0050305421542038058005	-0.0019498789352494136622	0.0035071029006302914879	-0.0032076804263890773376	0.0018110794995005534934
-2	7	-7	-0.0034390558355858226458	-0.0011149918300701001841	1.0041325497299416361e-05	-0.0016680572199015584675	0.00099262870709324870985	-0.0013494881255958156817
-2	7	-6	0.0066130312263984313698	-0.00089460469075126186882	0.0011127136571837065258	0.0029024390617903191025	-0.00090617780875181950986	0.0036843804690057930899
-2	7	-5	-0.0047129697634593200814	0.00065917243090528267104	-0.00066051229127023897408	-0.0010797322574892737404	0.00096047069760539331706	-0.0017752941328470963483
-2	7	-4	0.0067450091008856476529	-0.0040555439306891212514	0.0024018533804699014785	0.0034297907857905743714	0.00083073886537950354398	0.0080299058404780659925
-2	7	-3	0.0014094726228906530579	0.0064106639165679652273	-0.00043228680185951687005	0.0030521595717252813021	-0.0019483176195993080326	0.0028479297229803456418
-2	7	-2	-0.0051781028460856108261	-0.0089350574951751037672	-0.0021954806203676618427	-0.0022774329263503248141	-0.0025060793252012062739	0.00096404225294896648407
-2	7	-1	0.0040524027448641305321	0.0046288095857138699882	0.00073837344386987408332	0.0014133911626456672865	-0.0029361913826391429147	0.00063611896709193059551
-2	7	0	-0.0027196917722140299088	-0.0047505860942221259796	-0.00077705479206115137154	-0.0013573103126348932609	-0.0022215516531407784352	0.00028367378296019089617
-2	7	1	0.0048780591556606116982	-0.0042458807135238585406	0.0007276441664235988073	-0.0017876536102533386891	0.0046626091463560313116	0.0040218138447256539594
-2	7	2	0.0010600811434027402475	0.0047836279651671037225	0.002768301278298873451	0.0026228362097386590836	-0.0086289733306433163973	-0.0043962987689182032869
-2	7	3	0.0023800162121016283506	-4.4421591119187749626e-06	-0.0020155664412511943226	-0.00076660973154929067282	0.0062896658376538723198	0.0017857946008737323341
-2	7	4	-0.00091033663137533242082	-0.00041035464043620925459	0.0021800388051025189687	0.00033456956754834398914	-0.0042702362246170751103	-0.00079067406342770655409
-2	7	5	0.00035772260331981737842	0.0023159279203458543912	0.00053086791224414304341	0.00083460147251916596677	-0.00060012603581387333109	-0.00024207089338849061867
-2	7	6	-0.003973900430832647164	-0.0013924813256020844576	-0.0002968619720934517303	0.00062835064208669431929	-0.00097829450950185519766	-0.0011972361909685048584
-2	7	7	0.00050539960970068318735	-0.00023072597148939732103	0.0001739550564900397753	-0.00098898381824260033109	-2.9555168004130288846e-05	0.00092306211210277258703
-2	7	8	0.00087560141499002416398	-0.0027803483682320171214	-0.0031185364560057746847	0.0019821855882026563102	0.0029476197527525589172	-0.0024294994817353281723
-2	8	-8	0.0026716542495746381687	0.0025780204558920904491	-0.0023359985675398806972	0.0017921606471060095092	-0.0030039121299335401309	0.0011476555331329870054
-2	8	-7	-0.0033423433888867398744	-0.0051015945467725847678	-4.2663906692830632738e-05	-0.0015249749776128510362	0.00090619650346154779694	-0.00028523010390823415414
-2	8	-6	0.0023966656548423440586	0.0022959433787190903185	0.0014343053952228454213	0.0019759380314334092608	0.0011135186420163456587	0.0018692695823381824585
-2	8	-5	-0.0056412429226309875399	-0.0020964351820682122947	-0.003837962843866547704	-0.0021970599614454669815	-0.0038842433811340812237	-0.0026767218654854619056
-2	8	-4	0.0031633540455297403	0.00063442259250986630329	0.00075727190519804163903	-0.00036806006570992461265	-6.7133212368786993941e-05	-0.0010533314276747823227
-2	8	-3	-0.0055872171741436797363	0.0045949587749849517618	-0.0027438491618967152455	-0.00059412753300220352923	-0.0035921196489621214087	-0.0046476459379958439191
-2	8	-2	0.0081116432850056284509	-0.0091182595934995690212	0.00299184715646603561	-0.0006107241090530026199	0.0038557453408585135556	0.0066753631572875589753
-2	8	-1	-0.0010780840139673314015	0.009062916426889007504	-0.0010707068622128807812	0.0019103121885615807936	-0.0064094868697683830133	-0.0028433353452853699604
-2	8	0	-9.3770160993845443845e-05	-0.0063805748857518459691	-2.3442540248461360961e-05	-0.0015951437214379614923	0.0061324377536610937336	-0.0040645062245779029972
-2	8	1	0.0064760962248812652814	0.0025521483826910773551	0.0022897324092341865207	8.2175117148000262866e-05	-0.0053656668241109616024	0.0044468958281981526073
-2	8	2	-0.0012916513312187078398	0.0011706180429149203211	-0.0012138749709959656929	0.0019820792423499858717	0.0035638485527651553655	-0.0067576989264850227321
-2	8	3	-0.00065395307421412007028	0.0029567923828798001011	0.0023074283747087499623	0.00048733965705946693863	-0.0065891110486994133519	0.00067162250309462160052
-2	8	4	-0.0010343432119134586371	0.0018368330191864577165	-0.00013635885176089277207	0.0014228910243562684339	-0.00024445390243494372019	-0.0019273655391193079012
-2	8	5	0.00018575373492227834288	-0.002412124322493679196	0.0018205491672476990621	-0.0022347355118272332203	-0.0028385771736274072706	0.002610727089926101474
-2	8	6	-0.00031431055046967395746	0.0015291544680394884761	-0.001635681073988177938	-9.9133520036262832509e-05	0.002076137915161012544	0.00064189618272817989923
-2	8	7	-0.0023535189989504616027	0.003030701923137560979	-0.00057469124843003815527	0.0027203457037376027952	-1.5644001494373944902e-05	-0.0022430516833751002435
-2	8	8	0.0018519827715756632339	-0.0057466611910908906372	-0.0049710686447267801377	-0.0023518628091755608943	0.005434064337620695892	0.00091519751140283834342
-1	-8	-8	-0.0015700380769747780598	-0.0072403426113233203959	0.0029760431231959003605	-0.00088930453614616787605	-0.0027797883635740532927	0.0017943473625615829255
-1	-8	-7	0.00023294492815317647898	-0.00023919941300348370535	-0.0022985325223353206617	0.0071617351910791575073	0.002593616464361341023	-0.0081506688736613965018
-1	-8	-6	0.00083210760253958735051	0.0015038526332791348275	-0.0019880184273315614461	-0.0038842899825243101461	0.002512006636018817695	0.0049284112044858906232
-1	-8	-5	-0.00073867746339677405314	-0.0026936125575540378375	0.0022253344509652827309	0.00042170380182037306167	-0.0034127996288650973636	-0.00013600357140178934742
-1	-8	-4	0.0037403393107500156403	0.00072112431794447951709	-0.0024759102938283678898	-0.0010130124572237768354	0.0040167357599692320863	0.0018457438349614337103
-1	-8	-3	-0.0033705195073608787762	0.0032201903103429088682	0.0019186537578022256831	-0.0021400024004598503999	-0.0039929035183523088962	0.0046332762977786311545
-1	-8	-2	0.0021550475907580902285	-0.0043214032615061367601	-0.00019166680100201813602	0.00084973054975365734914	-0.00031085659137097257018	-0.0012382205682615610165
-1	-8	-1	-0.0028106922377534827515	0.0042742594213888819923	0.00032658032307706128623	-0.0010339900870826156803	0.00019804965313699246163	0.0039976612752720434504
-1	-8	0	0.00065996809794878464293	-0.0053930609881653419554	-8.2496012243598080367e-05	0.00067413262352066774443	0.00029683626357131790352	-0.009321935087063705147
-1	-8	1	-0.0026152785319697529308	0.0039248297119521859122	0.0010196793115225875719	-6.3735289195652399349e-06	0.0055421559602109472104	0.0038738414805956637894
-1	-8	2	-0.0012945430636687432335	-0.0098937448545935585686	-0.0019679915789647837651	3.5816998403941420904e-05	-0.0085192378476935080867	-0.0048036044336810142241
-1	-8	3	0.0028959083348393415726	0.002983808666840802315	0.0009069737946404062565	-0.00070305439313905217745	0.003383899563987530397	-0.00088020882609053847662
-1	-8	4	0.00025030866525410286599	-0.0037991936064214687843	-0.00061450180121800203684	2.1329167553062565449e-05	-0.0011664264361224783301	-0.00090714006649924216683
-1	-8	5	-0.00082601348088308390333	0.0058199157419978886363	0.0037753859804770541729	0.00067172579781391375271	0.0058754148725866693972	0.0022387444249018398183
-1	-8	6	-0.0034457188658921769284	-0.0078778043387976136314	-0.0017287383671725144608	0.0026576207373217308749	-0.00287927096721204848	0.0022305269266293717943
-1	-8	7	0.0041823515609159004833	0.0021649481359404952781	0.0020175438477091976568	-0.0086057163844442136763	0.002903243191798497453	-0.0095258261342304594715
-1	-8	8	-0.00198777431957159606	0.0070216343671228292206	0.0055800731167805440666	0.0046833548272622637157	0.0053316013268340945591	0.0055610591231526167177
-1	-7	-8	0.00018751665849872929778	-0.0016273226174163247203	0.0057061384677093715881	-6.9943851298947124894e-05	-0.0050163107415580410545	0.00026461619706361934464
-1	-7	-7	0.0032654794177968014465	0.0016108604888712483704	-0.0040383869176041468918	0.0024588657742902263019	0.0035718898579188891086	-0.0026889887012718329332
-1	-7	-6	-0.0005385882726043168334	-0.0011195902655251827387	0.0013594326302873713849	-0.0020852014272654344727	-0.0014962400232345473422	0.0026193333760638707469
-1	-7	-5	0.0011699445693113693333	-0.00062159390753880802965	-0.00044449735820074567265	-0.0014457861109004011783	0.00038830738761877009674	0.0021484193367683232338
-1	-7	-4	0.0012905760304813139634	0.0048961308574661504406	0.0024296365000539763002	-0.0013557515869608524096	-0.0045745078827147869077	0.0011485325628149539983
-1	-7	-3	-0.0041995866961257073691	0.0027328211709995490174	-0.0015044423477333437877	-0.00069788611531791981072	0.0049102277100863712944	0.00071746054540862988589
-1	-7	-2	0.0026065332933131366532	-9.1560251327706487323e-05	0.001255640498088196914	-7.2453098503397623783e-05	-0.0056980083899652580678	0.00029936597042574492012
-1	-7	-1	-0.0035101019799174070467	0.0037226557198836401734	0.0002823378863366829937	0.00021740597160711171111	0.0015337367755606263076	-0.0052444975211334227475
-1	-7	0	0.0010623340502870471606	-0.0035442474456300054886	-0.00015176200718386388395	0.00050632106366142932453	0.00492467792318884625	0.00022584099695374849773
-1	-7	1	-0.0013157873557138380621	-0.00090739617566343506224	-0.00035009142473863588381	5.0940244141825364687e-05	-0.003766427328884289303	-0.00055081446667065757719
-1	-7	2	0.0007575288044443370325	-0.001241417590445644285	-0.00018792049006699442122	-0.00015588036370793820228	-0.00027895731301231195803	-0.0011662900682006057014
-1	-7	3	0.0013251814259937087694	0.0070304575835894115438	-0.0022593695238415207292	-0.00049631306803509629092	-0.0048301350802989785616	0.0011854220357812457996
-1	-7	4	-0.000208642625257623982	-0.0048905670913352511722	-0.00035978717045020118396	0.0015409872730998298157	-0.00068178820460225810808	0.0014740859550908896013
-1	-7	5	-0.00063112270455820151417	0.0042912478395047363305	0.00029623614418225143905	-3.0475611986611417318e-05	0.00028850606094351174437	0.00081558371111969127712
-1	-7	6	0.0004745675147782495531	-0.0043682048155904281903	-0.0010828434422473739215	0.00012251246624976928424	-0.0011842227634922281726	-0.00058510292530700722721
-1	-7	7	0.0060208118575146730295	0.00091773833481562799592	0.0026176117250050682898	-0.0072072752140355644118	0.0034777277046500213939	-0.0070761697376333322282
-1	-7	8	-0.0063797750133151500535	0.0040506259225513690375	-0.0015752309727845574972	0.0091640549801540807651	-0.0021757989778508814854	0.0085248763479537411486
-1	-6	-8	-0.0010381560512714481728	-0.00058200733411937024576	0.0037139469914746446599	0.0032299039320674727965	-0.0026556907371970521481	-0.0023496770322856833438
-1	-6	-7	0.00013377423293259741517	0.0034924833558523820688	-0.0024019194551447055341	-0.0007583663994181584966	0.002039677499705090831	0.00015110214866522411075
-1	-6	-6	-0.0037772987160862524746	-0.00049987878728299198639	-1.9329015922428124209e-05	-0.0016609299521215309305	0.00064887880193680361456	0.0017442430833353628379
-1	-6	-5	-0.0049243654698791433991	-0.0018613363601083321528	0.0022005202367145352063	-0.0023772768009593602499	-0.0016557511900816136545	0.0032249994331728986871
-1	-6	-4	0.0042892076466399956317	0.00060733856815378889967	0.0027188748361539963327	0.0041277113254218050081	-0.0051506141658909931902	-0.0063434016301711550895
-1	-6	-3	-0.0043902756490531765626	0.0012099578042917686054	-0.0021350550864909401301	-0.00069250298757037758498	0.0057335353893329388253	0.00098168670704349889587
-1	-6	-2	0.0021391675612504076724	0.0019672414910737669354	0.0003167001691599233195	-0.00040842570133174600821	-0.0020196842881049737947	0.00024165635845835458403
-1	-6	-1	-0.0048357006356211920325	-0.0036554704828198761671	0.0012105050931368139741	-9.0100764215507277025e-05	-0.0024273299231996913784	0.0041960750681129203171
-1	-6	0	0.0020692498025834879516	0.00044694497770372609369	-0.00034487496709724799193	-7.4490829617287682282e-05	0.0021340894070955135874	0.0005866281860873491516
-1	-6	1	-0.0025635352928323348019	-0.00091931901996123159982	0.00082956736338081862089	-0.00016834358750255585201	0.0024138688874525767065	-0.0019293805449765667661
-1	-6	2	0.0028408361943351276464	-0.00012709903180670265466	-0.00033091499637716656089	0.00013114848634159214638	0.00042767310803606419477	0.00032989594312142516601
-1	-6	3	0.00078923403301526010804	0.0039227997531546708251	0.00031475037333386624277	-0.0013611138372548975232	0.00089257875767281911594	-0.0014146277567915715827
-1	-6	4	-0.00096259180298264646666	-0.0004323263820301846889	0.0036225139606877745056	0.00030145230614750406252	0.0051931229902860004399	0.00034409686371370993511
-1	-6	5	-0.0017807148183283359483	0.0017727095132199475764	-0.0022594656113442217714	0.0027262246122454528684	-0.003067501697278733272	0.0036260114373385331742
-1	-6	6	0.00080700707446189172412	-0.0030423172064756292404	-0.00014573191129769574306	0.0060072478735977413028	-1.1230732220713799204e-05	0.0055001950058518036743
-1	-6	7	0.0044656244527184509041	-0.00065392484329862099295	0.001220236612809704	-0.0016393397127693238886	0.0016838634470823822531	-0.0014985661599877949345
-1	-6	8	-0.0054391240491272327059	0.0024370625548764792215	-0.0065783812470460315339	0.0053590868008206544656	-0.0056136764414254280639	0.004323947919975049993
-1	-5	-8	0.0035723286746577329401	-0.0046186197047134794347	0.0018952924491613294677	0.0056591164671879710946	-0.0016310988650580474264	-0.0029596203289032974384
-1	-5	-7	-0.0041148206437339436906	0.0049299387197680559491	-0.001386852133559740791	-0.00018066783481508118204	0.0015784401873618068065	-0.00057522850652752142639
-1	-5	-6	0.0024804936900279456538	0.0038520570954974561739	-0.0027191846526036936652	-0.0030459625397408771411	0.0018525715954984206622	0.0018962926005344883998
-1	-5	-5	-0.0029481247903101730906	0.0016558925763509757968	0.0029848793533490789072	-0.001518441020942286248	-0.0023952543952870442891	0.001187262505672091132
-1	-5	-4	-0.0034455572658536304763	0.00060688393366040225673	0.0011871138696232855485	0.0021821217657906621934	-0.00062250302056569937082	-0.0028793731906534281162
-1	-5	-3	0.0072310571483846152949	0.00036495107780541594187	-0.0015389475794014304075	0.00014352906777086881949	0.00015456024954084538218	-0.00036086547221991999504
-1	-5	-2	-0.011268489878949393759	0.0066651114962284858587	0.0017511225296178184897	-0.0020416812848411424776	0.0012564386154301501134	0.0017716474639886134815
-1	-5	-1	0.006640238516072457034	-0.015684478511497360054	4.2827891096114128631e-05	0.0028096489569202970013	-0.0068543779715530273045	0.0016362337268958748304
-1	-5	0	-0.0011437523600511655814	0.01047415714963691874	0.00022875047201023309459	-0.002094831429927383748	0.0043460391248470583644	-0.0044562479684273478484
-1	-5	1	-0.0040874633440110058266	-0.013013110893032153043	-0.00039987076814545656272	0.0030086083412281176656	-0.006086817184738289345	0.0020299308131084344183
-1	-5	2	0.011669006241759521253	0.0072022416059509576647	-0.0014968201874787346282	-0.0036668216825150429759	0.0020924526521829247064	-0.0055659334033121288243
-1	-5	3	-0.0063628553366596131077	0.00090861698725513073086	0.0032366657960440116393	0.0070058605341378329609	0.0032734912145201485074	0.011979306552648099488
-1	-5	4	0.0033257249325820657793	-0.00027543506204433048333	-0.0055910872281977486847	-0.0024912866058555936666	-0.0061574278021016698448	-0.0031829670228305747583
-1	-5	5	-0.0010075935654110404569	0.003003547842662280306	-0.0015771243269649183084	-5.4775514421608199119e-06	-0.0017786430400471263131	0.00059523201709029522569
-1	-5	6	-0.0026728640125317430602	-0.0037769430162203558414	0.0038792181314093233425	-0.0013324095303720721092	0.0027872044407524789421	-0.0017398317780134527673
-1	-5	7	0.0013489196148247387195	0.0047510375647702345406	0.005179698236614154426	-0.0035024489747514150201	0.0038924872568422154949	-0.0018230296155695487753
-1	-5	8	-0.0054944137117220138641	-0.004250700149586557168	-0.002416045542124064735	0.0018340623240356316789	-0.002196830177792792084	0.00061495143382395015333
-1	-4	-8	0.0047485193599292423172	-0.0011199411493795054587	0.00011140431829261480511	0.0060653559517850385088	-0.00064926707913746267188	-0.0028926853322200811805
-1	-4	-7	-0.0037386920997720249002	6.6522818753939942323e-05	0.001003013128018633536	-0.0023094172464129727324	-3.9051487471787039681e-05	0.0013101637381282785905
-1	-4	-6	0.0016673573753922719086	0.0021142342928442943786	0.0017079545870170528311	-0.0052239325490296417698	-0.0014165292872434138722	0.0031302493172123790725
-1	-4	-5	-0.0032733723210178907424	0.0042172840030804291042	0.0024575368097715551141	-0.0012491038182734777277	-0.0013113549836136660295	0.00015582625400269650229
-1	-4	-4	0.0024507191728527508504	-0.0078480854030281328726	-0.0024386333536674078062	0.0019606886925422339907	0.0018259535604542203105	1.3326582147991660597e-06
-1	-4	-3	-0.0023639712043015508047	0.0068326940333000305353	0.00029939305155937993245	-0.001391254047800279765	0.00038879966602134370971	-0.00042255928069963712233
-1	-4	-2	-0.019347241295285342449	-0.0055521972158895250421	0.0024238187345176857163	-0.0051799260495714897698	0.0048259831786072997922	0.013135950707087742928
-1	-4	-1	0.017526661997512033714	-0.0082060099257641790776	-0.00042953721555879598257	0.0046580685236682177475	-0.015808513135276848482	-0.010426264168908691912
-1	-4	0	-0.006731893707029876564	0.0074829501130357356509	0.001682973426757469141	-0.0018707375282589339127	0.014421382300961058109	-0.0040542449363201865653
-1	-4	1	-0.001196857015088564468	-0.021463282009087231161	-0.0033014376849118684878	0.0061819322228494066884	-0.014402607754736038853	0.0032644468823103951587
-1	-4	2	0.008959430601232366842	0.01393967741400043911	0.0069487691966363448332	-0.0074206845874412313835	0.018377253693888873087	-0.0078715304678822432122
-1	-4	3	-0.0038432888558331073335	-0.00039264898733363449946	-0.003432396584026123354	0.0035409550501979375307	-0.0058576250639792003944	0.0045903904044860381617
-1	-4	4	-0.00095565785246219203761	0.0028254965940753295518	-0.0028429607078197046029	-0.012250421086306331059	-0.0030818751709352529104	-0.011544046937787499213
-1	-4	5	0.0017917229912435459448	0.0028389829646084047479	0.0054244309146778673519	0.0015030620654382376156	0.0046978893299910026368	0.0017702462452722710854
-1	-4	6	-0.0055723538658185743297	-0.0079243580067934020483	0.0026324938243443606403	0.0063984874208161237122	0.00082627023859314484983	0.0029449319460785154667
-1	-4	7	0.00015786262307174631124	0.0053315949244092325846	0.0082846338592258515071	-0.0071792959595047651719	0.0047566282942821643334	-0.0033407984162299752574
-1	-4	8	-0.0023751019011941927432	-0.0032611891545129031815	-0.0039736105595771092913	0.0023314254813353806582	-0.0022836930174378287928	0.00075806409635357737721
-1	-3	-8	0.0038017935949960692671	-0.00057779842839086718604	-0.0040631592207663342481	0.001161136333262068011	0.0010484605084128666846	-0.00036320132142441709233
-1	-3	-7	-0.00083116332021317205613	0.0015529986407259647845	-0.0046991395723160033632	-0.0028272298726309884158	0.0021326545767373118745	0.00098981299673814283034
-1	-3	-6	0.00085487519711385546051	0.00095118663003291583583	0.0027897113842054108157	-0.0015937947325191618043	-0.0015373348916216812276	0.00063836626125409498371
-1	-3	-5	-0.0032799289835980065255	-0.0039617431650661909595	0.0033670206408707289633	0.0039263570343447806027	-0.001364226587802836203	-0.0015634655875936302131
-1	-3	-4	0.0067730873423021949534	-0.00027551013803973878856	-0.0045344872950097321607	-0.0019685770341129498785	0.001707593635681750599	0.0015453103100946470518
-1	-3	-3	-0.00015844493126988107821	0.0092851190399189757751	-0.0021976602385612650781	0.0036849172904086331323	0.0022504752156512252206	-0.0067799569703816250574
-1	-3	-2	-0.009036570742249247154	-0.0041189041532611568586	0.0050174097508324539546	-0.0049521105730809976062	-0.0030078292551240573549	0.0094876179362520744048
-1	-3	-1	0.015536020841174412455	-0.0070281056026559127897	-0.0013092226117187271816	0.0058886249304110072078	-0.011608353006018231127	-0.010637769188577107099
-1	-3	0	-0.014538528383528953603	0.015556516367594875813	0.0048461761278429842451	-0.0051855054558649586044	0.023917765129901548404	0.0086445979863899267276
-1	-3	1	0.0057142023822424779442	-0.0098871496398002453598	-0.012317897523750544198	0.0037349130970376277945	-0.031239490189009153781	0.00131758965131263759
-1	-3	2	0.0038000276177023446615	0.0075786837157347337543	0.010495754270419627163	-0.0022217408778373139502	0.017643645214480613292	0.00045673054111139643968
-1	-3	3	0.0022380850715873843587	0.0011425786262706317045	-0.013095716719947936638	0.0016554139086769109526	-0.012349688362752141851	0.0020362734507671214484
-1	-3	4	-0.00092059070106031970753	-0.00077184527856898488968	0.00026205136081575462282	-0.004585951114295813702	-3.3609154653263946218e-05	-0.0036324246553641067158
-1	-3	5	0.0062579588583327227028	0.001638603100258378617	0.0058141668239833450491	0.011668886699728904868	0.004740091866056551223	0.0073290526398890193382
-1	-3	6	-0.0040297801330582893806	-0.004125685449781121665	-0.0027289129133480109421	0.0058830644540177768481	-0.002036086478850387179	0.0022539179853787011908
-1	-3	7	0.0012672308147228265787	0.0056946460839515378183	-0.0030899074508791476296	-0.006939814802095197431	-0.0011432130768449452491	-0.0021606854746191507012
-1	-3	8	-0.0026386827554600025478	-0.0029681154295575508904	-0.0046624285278268279634	0.0037718637624791192045	-0.0020782460423675610216	0.0010434344822349758946
-1	-2	-8	0.00074701197026411027442	-0.00099793828149016675956	-0.0003143145222923452776	-0.00019179959648189156001	-1.4797865709927464904e-05	0.00017269218430674372817
-1	-2	-7	0.001000687511006033599	-0.00051531737075470487701	-0.0014499656583854972705	-0.00026698802003364809294	0.00027132054368070871375	0.00014989905868885729083
-1	-2	-6	-0.0011341244475744755547	-0.0031787538652061305723	0.0041499301720318232736	-0.00064239089249000437976	-0.0011942893160815284265	0.00074392260836435655531
-1	-2	-5	-0.0026288784917932440065	-0.0063739593198980986841	0.00081119730386153992598	0.0061578092634217984624	0.00020129677681403280922	-0.0011883318413890998216
-1	-2	-4	0.010894775597653085647	-0.0072543105244130233478	0.0006853879282823368245	-0.0023282640353457706092	-0.0030663878635544396072	0.0029777096487761411416
-1	-2	-3	0.0074418732548150725789	0.0095377492745209718067	0.0004153451817637297881	-0.0039463180157253982885	-0.0027575212061141775657	-0.0005483710810233917432
-1	-2	-2	-0.023395005781795649019	-0.0083773796318655831955	0.00070248582542094966958	-0.0036553819011527419192	0.010995017065476874948	0.0078440717170855343843
-1	-2	-1	0.029943755870662416146	-0.0072108392170123396595	-0.0008413153896396002385	0.0050704705954175777541	-0.028261125091383215019	-0.0029301019738228158487
-1	-2	0	-0.0091008052310880306612	0.016091228013207756892	0.0045504026155440153306	-0.0080456140066038784459	0.033709863195764709631	0.0078238750182561458274
-1	-2	1	0.0024214491450374638071	-0.01765082921808921318	-0.015223797251679428016	0.00096397819339734684869	-0.028026145358321392226	-0.015722872831294521651
-1	-2	2	-0.0018130460980464676614	0.013051539503215459775	0.019593924783563532177	0.0071963720303684633114	0.018687401734540299431	0.013722141781976194067
-1	-2	3	-0.0026604480845658141398	-0.0054148262842699393729	-0.0081068309648472374612	-0.0012004214519939623504	-0.0062913700047534304102	-0.0026052230627526215025
-1	-2	4	-0.0016147706761290162372	-0.0023376865702778525623	0.017294031149313254109	-0.0033905574959542041265	0.0082433229056243732119	-0.0022797003905465650954
-1	-2	5	0.010641364554820932631	-0.0017193203158444630898	0.0029919713777315421789	0.0085269603227396077033	0.0033250614620568032243	0.00306692006592695042
-1	-2	6	-0.0031733852898654111088	-0.004928845824657707847	-0.0073906489700379940366	0.00080010521381286114472	-0.002992447204990233197	-0.00055477256617199755678
-1	-2	7	0.00065435026499141514447	0.001529157833580284398	0.0018831307605039792393	-0.0047213736069728678632	0.00063151596942848196164	-0.0011305127686236358421
-1	-2	8	0.00080908478620671708727	-0.0021392541969518685981	-0.0032539703506369796471	0.0016869890818175152861	-0.0007123569893834052081	0.00015434049583539524676
-1	-1	-8	0.0012724317880780772715	-0.0019125577453508774313	0.0029165925908296902631	0.0038477387020995771141	-0.00052362804736347094182	-0.00024189761959358746036
-1	-1	-7	0.0009998641389760362392	-0.00030855616311298723333	0.00032808566619970048117	-0.0024941147970426219733	-0.00018970711502510522253	0.00040038156573651563193
-1	-1	-6	-0.0018229257787713208476	-0.0028012783551654789858	0.0050103127083530561714	0.0054391306772194796329	-0.00053123115493028925677	-0.00043964205367566679258
-1	-1	-5	0.0019965233568510131965	-0.0024252539865626154998	-0.0024430427648513392512	0.0018381234656196540449	8.9303881600065257028e-05	0.00011742610418859233436
-1	-1	-4	0.012607302504485967676	-0.0083018482791470810112	-0.0012368991668420729977	-0.0092717791005032940133	-0.0028426008344109737237	0.0043934068449125937561
-1	-1	-3	-0.00041371516396141301509	0.015028051072370205918	0.0044311447446455064225	0.0048908380412584643096	-0.0013391431935613645234	-0.0066396297045428903649
-1	-1	-2	-0.024215118373120264605	-0.015615024095489456538	-0.016369337613289656336	-0.010527746178004129818	0.020292227993204962205	0.013071385136746794045
-1	-1	-1	0.022829076380113621364	-0.0069342270112526544629	0.016794752100581466364	-0.00088369688459603737505	-0.039623828480695087728	0.0078179238958486912958
-1	-1	0	-0.0055405425232821544496	0.023317709564939548966	0.0055405425232821544496	-0.023317709564939548966	0.045072602602134442806	-0.030008262302439213387
-1	-1	1	0.00082012145861202351022	-0.018240637021063484807	-0.010672513750899909751	-0.0084899779841394983071	-0.0098523922922878863495	-0.026730615005202983114
-1	-1	2	0.0018656445919078630709	0.016476798071839875159	0.006386587494874785241	0.021872224407025173121	0.0041261160433913243728	0.01917451123943252414
-1	-1	3	-0.00064061135335339138355	-0.010937620492942005251	-0.0045699333409271840345	-0.0090768899014130217939	-0.0017368482314268586172	-0.0066715034647850095934
-1	-1	4	0.0016426024012224200391	0.0045530223327081443402	0.00066500743241470095402	0.0092157900745474478216	0.0005769024584092802754	0.0034422031018138980404
-1	-1	5	0.0081586970676474201286	0.0032852606913150676077	-0.0025026489643760834423	0.0027028535723673369727	0.0011312096206542673373	0.0011976228527364810028
-1	-1	6	-0.00148332223817140103	-0.0041325187182128068908	0.0013975481377604972132	-0.0020124578663764532659	-1.4295683401817305071e-05	-0.0010241627640982099538
-1	-1	7	0.0010436765114031712216	0.0031323756184790771569	0.0033970222600438765986	-0.0048727249681054145627	0.00063438553877814970409	-0.00024862133566090535144
-1	-1	8	0.0015158051489752018097	-0.00223565089635002507	2.236694292061223874e-05	-0.00061704205116019754385	0.0001922715114869767586	-0.00035658661843877782673
-1	0	-8	-0.0010259562088270098978	-0.00042403891132768194638	-0.0027043510953280096125	0.0019866864659685429251	0.00012824452610337623722	5.3004863915960243298e-05
-1	0	-7	0.0015291270387937558849	0.0011257641649680199484	-0.00085778488684954648947	0.00014140179218845750232	-0.00021844671982767941212	-0.00016082345213828854857
-1	0	-6	0.00091748904955400647099	0.00065022851968950376098	0.0020404428647730885917	0.0050103537226215567185	-0.0001529148415923344028	-0.00010837141994825062231
-1	0	-5	2.8505640313169035901e-05	0.0058311864424243926158	-0.0042125261425007259203	-0.0038951831097691217223	-5.7011280626338066719e-06	-0.0011662372884848786533
-1	0	-4	0.0093877032741329063253	0.0023553469233045663984	0.004344683043158202064	-0.010174527524806393705	-0.0023469258185332265813	-0.00058883673082614159961
-1	0	-3	-0.0035235317103937853489	0.0077365050077899599409	-2.1085393630701536127e-05	0.013302673611794293279	0.001174510570131261783	-0.0025788350025966531691
-1	0	-2	-0.011922628843411031338	-0.015689435786447537141	-0.012181705912974809605	-0.012477875008651847719	0.005961314421705515669	0.0078447178932237685706
-1	0	-1	0.0077109282690840646318	0.0067752682886971487414	0.020861887743424307323	-0.0030975774592908295567	-0.0077109282690840646318	-0.0067752682886971487414
-1	0	0	0	-0	-0.037127664088751094473	0.22449900311624318427	0.042325974187293766149	-0.047231412419661750191
-1	0	1	0.0023626468295912033887	-0.0020057798718474415325	0.022124428122709816069	0.0016533895109891751356	0.0023626468295912033887	-0.0020057798718474415325
-1	0	2	-0.010055538614409905915	0.0097623248427255431697	0.0026683951837100441939	0.016708634827403236189	-0.0050277693072049529574	0.0048811624213627715849
-1	0	3	0.011461464083314654855	-0.013775408991728254476	0.0086464073783190688316	-0.0031289280473115427088	0.0038204880277715514737	-0.0045918029972427517812
-1	0	4	0.002762020058872484158	0.010652841354348923167	-0.0073566007546763713398	0.004539995259006299709	0.00069050501471812103949	0.0026632103385872307917
-1	0	5	0.0019572375285619629873	0.003686277387049962783	-0.00053590656447072976265	-0.0030075956471633073785	0.00039144750571239259745	0.00073725547740999253492
-1	0	6	-0.002905740147198680734	-0.0039528419677669866805	-0.0013759943449983709756	-0.0019892315701779332386	-0.00048429002453311350987	-0.00065880699462783111342
-1	0	7	0.0019557052429775173032	9.4208953500917982015e-06	0.0033241174154779742043	-0.00175038352017631944	0.00027938646328250248737	1.3458421928702567347e-06
-1	0	8	-0.0021030592376897775872	-0.0020006922419815989164	0.0024860536687236387508	0.0036530298844082527074	-0.0002628824047112221984	-0.00025008653024769986455
-1	1	-8	0.00083747694901715032199	0.0012089917182848272052	-0.006315233231016061273	0.0028142110667201728456	-0.00089408877250415138161	0.00020065241855441820506
-1	1	-7	-0.0015267673181230114951	0.0056593326556435294764	-0.00085935110084970451564	-0.0011417662252961250768	9.5345173896186719096e-05	-0.00097158555441995066593
-1	1	-6	0.00035300389139407043577	-0.00035046631295367346214	-0.004224350020834401892	0.0068215169548108776226	-0.00076289231870474536086	0.0011953305446274250633
-1	1	-5	0.0023248523242787150732	0.010304377972272443093	-0.0043096660357431993901	-0.010545261212121096947	-0.0013269036720043830661	-0.0041699278368787081814
-1	1	-4	0.0075196907164319327574	0.0060004123964180816272	0.014794045405535116364	0.002293006156281233391	0.0018185886722757959016	-0.00092685156003421195064
-1	1	-3	-0.011012077451252693522	-0.0056781795707401532675	-0.0025932943025098469277	0.0070703197829349341552	0.0028062610495809487202	0.0042494997845583621851
-1	1	-2	-0.00045193510891866747661	-0.010450678267746876457	0.001334405685377661405	-0.016065149635073973367	0.0008931703971481643866	-0.0028072356836635493221
-1	1	-1	0.010967406513574541257	0.015871587600080117042	0.0016807098651287046345	0.010080676785407222118	-0.0092866966484458357556	-0.0057909108146728931893
-1	1	0	-0.0066152089146951729287	-0.0098334960217930904997	-0.0066152089146951729287	-0.0098334960217930904997	-0.042683218286014096288	-0.0078712057344865957176
-1	1	1	0.011784567434710433581	0.0032037947738760715576	0.0056941848273262003072	0.0028392732481967650204	0.0060903826073842324065	0.00036452152567930669975
-1	1	2	-0.024156164614734087354	-0.0094419387182132115399	-0.0062896479129582443662	0.0021255956060344765972	-0.0089332583508879206263	-0.005783767162123843418
-1	1	3	0.023247342414003155375	-0.00544183620950751748	0.00054752669443471036707	-0.0029860703208499611398	0.0075666052398561476494	-0.00081858862955251870779
-1	1	4	-0.0029162099015521648557	0.016507253312125273054	-0.013136542657325667172	0.0052673876707520720514	0.0025550831889433757958	0.0028099664103433002506
-1	1	5	-0.0063236225873858666058	0.0042403890793786267258	0.0034218166264159220052	-0.0001540642557972665954	-0.0019490878427603577656	0.00087889066703517862086
-1	1	6	0.0024863342749968974157	-0.0042367473453020316684	0.00040863061840947894872	-0.0026104228683090126284	0.00034628394276456977161	-0.00027105407949883645246
-1	1	7	0.005669978250543664805	0.0044776689398738018025	0.0024426168335256797856	0.001752060086093330327	0.00046105163100256928849	0.00038937269339721022627
-1	1	8	0.00052267898915167023896	0.0012034071189008211343	0.00092414403249517886388	0.0061950111659296817207	-5.0183130417938584891e-05	-0.00062395050587860751909
-1	2	-8	-1.4158960131001637939e-05	0.0050024404690304840812	-0.0079199432535828374891	-0.0025470350106843214939	-0.0019782159433793340339	-0.0012620638112998908836
-1	2	-7	-0.0058276668882666195562	0.00046284211299353719997	-0.0017134513017989644584	-0.0015288774459184940706	0.00034296632638124152767	-0.00050294242926150365888
-1	2	-6	0.0019968547427560100725	0.0025901627693603085541	-0.0041942443411542469633	0.0050454250117949158219	-0.0017308905708440839276	0.0012501145423715871816
-1	2	-5	-0.0041051537713082224268	0.0080992093310456193117	0.0046824220153794185451	-0.007982679582909650573	0.0026939995604134121636	-0.004812913699372984265
-1	2	-4	0.0052023489467862915961	-0.00036046219778735510324	0.0055187993180106842059	0.016302669710139744419	0.0014588124223087689871	0.0082414504045167109175
-1	2	-3	-0.0064069731018291482469	-0.0097909607246574412859	-0.0088734904349304696142	0.0010254095426136370945	-0.0037800025893439301826	0.0039472599366282383471
-1	2	-2	0.011665518701988423708	0.0027061432758989380741	0.013907167242930729145	-0.0036294875690128618195	0.0080744078919365164237	-0.0049825592069623310734
-1	2	-1	-0.014557679793062362761	0.010965420409745510119	-0.011753485854714100858	0.0061874326861230018182	-0.0089492919163658372211	0.0014094449625004922162
-1	2	0	0.018702188894948755526	-0.012734245031917687183	0.0093510944474743777632	-0.0063671225159588435913	0.013571117202330037002	-0.0034369157590880797422
-1	2	1	-0.0062093834538778100787	0.029959538912146529283	0.004448663066126299151	0.0037892669232113458146	-0.015106709586130407513	0.022381005065723838521
-1	2	2	-0.018358943634430566205	-0.022225314710559294917	-0.0058855947945861721016	0.0052921019393712496331	-0.0032938770226291101337	-0.016404759294650895357
-1	2	3	0.013637630761390172676	-5.6029612834131154028e-05	0.0006663594962133533332	-0.0029259126405882639882	0.0041016372563211552643	0.0019319318894474655623
-1	2	4	-0.0073119832686341125483	0.020327490010131388926	-0.0034442887894085951264	0.0053999289348278444942	-0.00010585142245423066873	0.002381908035118925418
-1	2	5	-0.010723195402127410833	0.00028066810645501448496	0.0072475223704247760878	0.0014337395392586271825	-0.0050436480285953920813	-0.00051736219441244799769
-1	2	6	0.0010556258098337169358	-0.0029292313159440890556	-0.00029888031595525003893	-0.0040086431072128914446	0.00027556440695736950227	0.00084800914974694904455
-1	2	7	-0.0011099646096754856202	-0.00010767370385698705516	0.0025412190301323371068	-0.0015345642424919110798	-0.00088462895284859423099	0.00042306496873240501686
-1	2	8	0.0014208065584054593942	-0.0038542585185522434087	-0.0047593161196661628101	0.00049004348577468426901	0.0013674298497172230997	-0.00060429318626270154755
-1	3	-8	-0.003753109985720533108	0.00084366774624419381065	-0.0066846053802924933901	-0.0055808585350990251583	-0.0020375882693946184912	-0.0021982804189426587149
-1	3	-7	3.3345067481844981819e-05	-0.0044459871780006951156	-0.00021564668173791888594	-0.0047620522299149908169	-9.7183587527943093311e-05	-0.001405738501677753936
-1	3	-6	0.0010663690440761641135	0.005933467327389625387	-0.001677179670647694059	0.0019530372327161624451	-0.0010163180093365410846	-1.2392604873523018218e-05
-1	3	-5	-0.0051323103512825639719	-0.0072986391735924563764	0.010505749278524535023	-0.014761595344736363339	0.0073299116373712336348	-0.0073972293721233269015
-1	3	-4	0.0044624929070274177781	-0.0027893409750305289338	-0.0016261823945408553863	0.0018484154527452279805	-0.0023352600226624960385	0.0020836468333165531104
-1	3	-3	-0.0028120362542131413855	-0.006359902010632155489	-0.0046888384741438507777	-0.0080143876215432383048	-0.0037514930560728037938	-0.0058944202846658525635
-1	3	-2	0.0093222971701564637942	0.00741647934783558338	0.0064632227701287969096	0.0001540429405833104433	0.0050336855701149634673	-0.0034771752630428261199
-1	3	-1	-0.021090155360529452833	0.0005876562489091758084	-0.010667131900478068682	-0.001899010599174600581	-0.010911240340904753213	-0.0062846880464329773347
-1	3	0	0.020836149357738423943	-0.015253848592605980319	0.0069453831192461418925	-0.0050846161975353267731	0.018126374377280596306	0.0041351643063246281903
-1	3	1	-0.008997081509885266476	0.021151275116897551298	0.0051431764359564447267	0.0054913236124438137564	-0.024426610817754601523	0.0046773042795661091617
-1	3	2	-0.0037594305772291913316	-0.010520977165834360934	-0.0051752075846958484062	0.0040220202103702700977	0.0058830960884291771604	-0.01129351889847258518
-1	3	3	0.015967945401720449322	0.00069549896624818586133	0.0060240256119384388497	-0.0072988248591885360531	-0.00070137714469828849745	0.007530657847937931304
-1	3	4	0.00032913319281801536008	0.01562290172423166229	0.0036237695731533535459	0.0035768845735349051249	-0.0026355438816605112652	0.001223062000906736729
-1	3	5	-0.0033562278067889301895	-0.0064931552686419095194	-0.0028911046229773691534	0.0015773514755074451079	0.0010634172124286355408	-0.002245041939032849012
-1	3	6	0.0012549665365593637174	0.00083316596363929300469	-0.0016236144281059248454	-0.0024319161657101752948	0.0010209683034795231146	0.001354819076794969851
-1	3	7	-0.00068534343446549411336	0.0010919656069183810831	0.001071510608741393358	-0.00043334391872538053627	-0.0005571250372413819648	0.00034171390901350324944
-1	3	8	0.0018655610815722411047	0.0018576425224297369015	-0.0035009805852383936615	-0.00094857515095912497884	0.0015460628546609279238	0.0005879209969133889933
-1	4	-8	-0.0039919251297569234224	0.0017182062779668655708	-0.0015539418188236931839	-0.0058711456687157151033	-0.00027798026819223127255	-0.0031503486191037156396
-1	4	-7	0.0024941855102295160812	-0.0011537201343107975158	0.0085010879969381024368	0.010244372887311744766	0.0045014523539318425718	0.0060187445262225398521
-1	4	-6	-0.001429505617266952364	0.0054586925244930022127	-0.0046228399755843824909	0.0012993288400007568708	-0.002843642380845095869	-4.3562860748329241308e-05
-1	4	-5	-0.0037796088320328998823	-0.0066632255798648367534	0.011857800230980453451	-0.0049886970992690116838	0.010242161951190943345	-0.0026583125634422415627
-1	4	-4	0.0066391116370666872215	0.0054783059623026153506	-0.0083769959853843747183	0.012560357017757040055	-0.010036773894651046524	0.011190780527181386217
-1	4	-3	-0.0030519144505298722789	0.0028147369336029891621	-0.0068629711408143608681	-0.0026160873792438750322	-0.0081333233709091901087	-0.0044263621501928300528
-1	4	-2	0.012553239906858604594	0.0086565113621567945507	0.0075388591595563795786	0.0068583874557515802153	0.0088010983656834577277	0.009388519230424762288
-1	4	-1	-0.022921045381573072752	0.003223943430049888443	-0.0079820992452316295862	0.00028144082840097042232	-0.0090073515993534455926	-0.0020981801164460067537
-1	4	0	0.020729436314804713937	-0.007441883906635867775	0.0051823590787011784842	-0.0018604709766589669438	0.0065083209361533785053	-0.0070453910713325056808
-1	4	1	-0.0063347316665593404045	0.01950230090963136001	0.0011713448787036800751	0.0031237965288110070006	-0.011020111181374060705	0.0070071147943873328748
-1	4	2	-0.0070475064060143647465	-0.019770784593415503816	-0.0052292746124949279415	0.0013137370024428822023	0.0069347960219826726425	-0.012512866301593516746
-1	4	3	0.008968113482068469991	-0.0008210658258916845231	-0.00098497437022696497644	-0.0044587743037055489748	0.0043026703209921102547	0.005671343796310170278
-1	4	4	-0.010599341663215725365	0.0065034423405806616666	0.0015525476507974532957	0.0027942869739761492902	-0.0042023830666013846369	-0.0011684263888309838735
-1	4	5	-0.0034549579653808917996	-0.0067461189761653540115	-0.0028711210743327625176	0.0043402259060668860885	0.0016059052663900314807	-0.0048214045200865793261
-1	4	6	0.0026906590852467187312	-0.0028479865951142428748	-0.0012983631561823436116	-0.00068811920114211213781	0.0013140186183293487907	-1.5918298424299082166e-05
-1	4	7	-0.00042827080631041857016	-0.0021644773991642564902	-0.0020057941719369863295	0.001934721368366959255	0.0010849865544910752575	-0.0014147661246617275824
-1	4	8	-0.0015405971434822988454	0.003426730390052179151	0.00072545003642032290878	-0.0030449328728759639771	-0.00055529966114544881007	0.0019508077351945043824
-1	5	-8	-2.5177210128700433148e-05	0.001989497663499710696	-0.0018900117057580583663	-0.0032571402353223180039	-0.0011781101648326989303	-0.0022843998550139124268
-1	5	-7	-0.0010729396605344530564	-0.0020438960800344269098	0.0020917843741983109702	0.0062908190172717070796	0.0016474087902180012226	0.0047854273094847087772
-1	5	-6	-0.0028345313855791306329	0.0078884972891834805042	-0.0039521611327012215811	0.00278953689266954203	-0.0028210457129878292563	0.0010098645290273716799
-1	5	-5	-0.0029115544990867699669	-0.0093760905634455698338	0.0045129381891265418769	-0.00092336022941561966219	0.0050952490889438952631	0.00095185788327349423951
-1	5	-4	0.0076007917688919405391	0.0066523498291625538306	-0.0090898443945521250481	0.0067622158068346193208	-0.01326250343541313971	0.0067896823012526356933
-1	5	-3	-0.0037324521844310540146	-0.0040936030132857790728	0.0054858128140758601748	-0.0081276374693102625829	0.010387172084936785108	-0.012181528111088510413
-1	5	-2	0.011423822489501868002	-0.0012009419015349227441	0.004480170592186212726	0.0062126886769798984195	0.0054885152357145973803	0.016132192643217208722
-1	5	-1	-0.0031598566157304166895	0.0023241992614930948556	-0.0032433007766285168808	-8.1092150863217821546e-05	-0.013056647267412168148	-0.0027296600158091838956
-1	5	0	-0.0013069552344264032551	-0.0029849901916244457774	-0.00026139104688528062934	-0.00059699803832488911211	0.013348470893037121116	-0.0077088996967256320086
-1	5	1	-0.0015942401181953630256	0.0019785361806565790292	0.0021302822037265818807	-0.0012501040491556746851	-0.012245651136828272429	0.0082290564264349535389
-1	5	2	0.00055011478681280684151	-0.0010028960713148145963	-0.0014770599201744791153	0.0051119862796802639782	0.003967707193842601697	-0.013281413734858067352
-1	5	3	0.0036122130665681355215	0.0059522160370384952915	-0.00041233038251589697277	-0.0045490092421914193888	0.0018912883263825402188	0.0095657540826651968335
-1	5	4	-0.0028989177488772349504	0.0032916106471809836523	0.009394492352942112115	0.0020257884445525685228	-0.012467844878396949423	-0.0017093328938954648489
-1	5	5	-0.0021317683265515727058	-0.0045098006122165348528	-0.004584674925093779746	0.0026162037756539773502	0.0041583212597834651181	-0.0035181638980972844075
-1	5	6	0.004565664014674439275	0.0031911885015099548425	-0.0015540574282182262507	-0.00062303853152098935195	0.0020559918592942616825	0.0010510635265191501948
-1	5	7	0.0018809351054778773293	-0.00058184364030374044127	-0.003689694198795347678	0.00026161068263448958174	0.0029042008713506596053	-0.00026998529335374118511
-1	5	8	0.0010582059048933768058	0.0014202133613416803495	0.0024435236222168647997	-0.0014135434436878034723	-0.0013949265257738683449	0.0010609913224725871055
-1	6	-8	-0.0050098003387985309137	0.0014907013419543082774	0.00084595690741122073729	-0.0046757956553238255379	0.001260692722908231863	-0.0036931844092371575797
-1	6	-7	0.00047291049194488846835	-0.0021917942307176823194	-0.00048815163490625607806	0.0033146851747779151713	-0.00048597432876891787134	0.0031542721827693106021
-1	6	-6	0.00063528125001226568285	-0.0001894851882018767236	0.0021424596170230127481	-0.0034274324360180174857	0.0020365794086876351163	-0.0033958515713177045946
-1	6	-5	-1.242749912840934586e-05	-0.0055633031042147812473	0.003178535193610449415	-0.003232208331191731461	0.0038167277321582209967	-0.0027659893765871212436
-1	6	-4	0.004405005885052304046	0.0068291739654679590663	-0.0001611858753150538059	0.00190452489157720041	-0.001343030284235656761	0.0011494938459988108485
-1	6	-3	-0.003121286920530986532	-4.144283276200666521e-06	0.0021413758483447005269	-0.0003980957826641795083	0.005323180670199730187	-0.0007948101375696254656
-1	6	-2	-0.0034314523292240505653	-0.0001548636319809059054	-0.001022595394362138272	0.0015378858515440758242	-0.0013520600184743895335	0.0046910893706226799646
-1	6	-1	-0.00011359867103492072335	-0.00029235111717610979144	-0.00019584636413267408135	-0.00075381593672402432121	-0.0010614795137611236428	-0.0042305445031680368947
-1	6	0	0.0028763706273016889474	0.0014094018665810215812	0.00047939510455028154544	0.00023490031109683694828	0.006394826634008292203	0.0073220780637882083158
-1	6	1	-0.0023131647166328189909	-0.00041398194010647617908	0.00038438973064213762107	7.1315029615887993216e-05	-0.0046195031004856446089	-0.00084187211780180413838
-1	6	2	0.00037767254383351810685	0.0023061674702358463812	-0.0004444553179899330634	0.0013327257034445999778	0.0015222022258865582165	-0.0028450933752158769595
-1	6	3	-0.00062082309231932357452	-6.9353425252179984805e-05	-0.0014811511260874167615	-0.0054286045017691280518	0.0027553612214017259539	0.01083409119512086273
-1	6	4	-0.0010554807326666724738	0.0023194126581496912927	0.0024718056529811818084	0.0022952805355988450259	-0.0039715786626384414273	-0.0028630676388608448241
-1	6	5	-0.0019103792543814692578	-0.001500489234387449803	-0.0020961433278361509859	-0.0028133506776808758776	0.002133296142527087158	0.0030759229663395613527
-1	6	6	-0.00055334699463592128439	-0.0064013964622871826621	0.0017811747584522657877	0.00029690476206924116881	-0.0018733992575582527045	-0.0013638041724504384056
-1	6	7	0.0016941226236756614081	0.00025467698070928630793	-0.002796697230326674298	-0.0021337798267758939855	0.0026391865722336723017	0.0018653365630520930048
-1	6	8	0.0012349579081375018988	0.0012345698535260571545	0.0042515603288868176676	-0.0021868250444180710977	-0.003034300508147925405	0.0017944400150043105218
-1	7	-8	-0.0065104702628053859326	-0.0020294160279567632389	-0.00017502329048498031609	-0.004780867571409233574	0.0006606634036763154921	-0.0039295821214884833761
-1	7	-7	0.0060423766514665910865	-0.0061002642914528004692	-0.00068823629895560327601	0.001769504519623882853	-0.0015514329634508305586	0.0026409708469742831059
-1	7	-6	-0.0029000771895833651025	0.0048329099196694454491	-0.00068711530195397687443	0.00018371835810643090728	-0.00031828832068241216975	-0.00059114690215407146665
-1	7	-5	-0.00019174611386555678459	-0.0019919139363403638547	-0.00038734975501966201943	1.460887025348615794e-06	-0.0005039404342544155516	0.00040042802910356085173
-1	7	-4	-0.00094042763983382749501	0.0029885419941424093936	0.00029829092726132825936	-0.0032896447076553010994	0.00075711603266578138185	-0.0065040137369323791638
-1	7	-3	-0.0010265780121075397929	-0.0060212059590676715939	-0.00052678420148767309342	-0.0029686110855008341833	-0.00088697046610205728702	-0.0049196905464793895188
-1	7	-2	0.0013414286758585520446	0.0059352147007802284057	-2.2150590154748345787e-05	0.0014218369824434010443	-0.00074824140347089522409	0.0020088220881617894521
-1	7	-1	-0.0030180106269049032132	-0.0035955319804823419189	-0.00096658242954081633695	-0.0008319467600738029078	-0.0037480663798808112538	-0.0022280953400342783273
-1	7	0	0.0023257455505692084356	0.0055343795097349927914	0.00033224936436702983073	0.00079062564424785611306	0.00039777711117836695148	5.1217182532750098905e-05
-1	7	1	-0.0018392114713578361102	-0.00040299442662936968765	0.00034599308000957725712	0.00022110629870110252862	-0.0042611630314248766932	-0.0019507385175370874422
-1	7	2	-0.00087831222930142042408	0.0032231270038167213546	-0.0013305084560658636712	0.00097594530742388591656	0.0042176234815798126915	-0.0018042450740752399765
-1	7	3	-0.00018034118402707630612	-0.0010883269025475724064	0.0016745230123405205596	8.7035362580717344993e-05	-0.0039673340901369069308	-0.00056585814687086456645
-1	7	4	0.004195646403927938764	-0.00031209792673617169296	4.1975846524967959058e-05	0.002595787669160249788	0.00097545386956329077112	-0.0046206529027144806893
-1	7	5	-0.0036153615373964776737	0.0026962000962038970044	0.00075724503292274735096	-0.002764507582008914402	-0.0017832153535711418695	0.0044095506340532594769
-1	7	6	-0.0028078949516401521119	-0.0025945704842751651439	0.00042968284698610410659	0.00069946025311650903648	-0.00096927914675714688195	-0.0012484653760151214179
-1	7	7	0.0010674220079216259743	-0.0005612486201425876493	0.0016872718315773136896	-0.0029558802647245210893	-0.0015347829733027957243	0.0028757018904184373717
-1	7	8	2.2561858709584805909e-05	0.002525594111981959225	0.0051650190522763081424	0.00038241185234240903604	-0.0045165714384030712647	-1.8911106801862979698e-05
-1	8	-8	-0.0030746062195737724858	-0.0036975089634941190816	0.0010893533879905846918	-0.0034958592454072388335	0.0014736791654373063067	-0.0030336706249704742736
-1	8	-7	0.0046759339480211183776	-0.00076627542790019234804	0.00098384597269464803618	0.0016392780748148302015	0.00045640483336229523094	0.0019829285752026907207
-1	8	-6	-0.0068144127914454358241	0.005163804814597256973	-0.0028291004347193132555	0.00012082938016110599607	-0.0026363984477181779363	-0.00069952829555140142847
-1	8	-5	0.002591221911959927602	-0.0025588218214931761872	0.0033229453868003720057	0.00090303683102635349048	0.0047984682364886101225	0.0019566232939408007355
-1	8	-4	-0.00034225906524161417129	0.0024918216271395069589	-0.0023741739987170685025	7.9572238952427428154e-05	-0.0046627832311237332047	-0.00046381092888002188341
-1	8	-3	0.002485134171788338283	-5.5349746305618935664e-05	0.00082880357600055890813	-0.00095276640535848990295	0.0013817648120720443274	-0.0025222604988541000824
-1	8	-2	-0.0018388005459513672574	0.0047380415768711768229	-0.00090510481130565265031	0.00039085687694014970093	-0.0027010189722469269726	-0.00080559328067498982458
-1	8	-1	0.0029513886487287643856	-0.0060585828833674146635	0.0011533673411668965772	-0.00099422697973721970224	0.0062755500806064073646	-0.0018952329545303440387
-1	8	0	-0.00019163143124717723232	0.0051650748725697139332	-2.395392890589715404e-05	0.00064563435907121424166	-0.0038746827284125047453	-0.0017611028557922613416
-1	8	1	-0.0014734655571352818938	-0.0034876575679554018029	-0.00064312838672757506597	0.00028935957351465253599	0.0036715615366853188509	-0.0058025341560726216572
-1	8	2	-0.00014919489577163246963	0.0053986501598672310617	0.0002758786493565917354	-0.0011405669426559341892	-0.0011781120453121830816	0.0072615928505573527213
-1	8	3	-0.0041979458225988690312	-0.0041977934313950160741	-0.00200876262025127773	0.0022861932855931695052	0.0039573850464704506472	-0.0074957799053801243278
-1	8	4	0.0047532661850810077261	-0.0010906131304798413837	-0.001399589379093112932	-0.0023141375195965332989	0.0039874953044564780125	0.0043556217565731058725
-1	8	5	-0.0031116677157543813637	0.0033052291985626058336	0.0017505782325134132838	0.00040454094551946784188	-0.0034232587151723373534	1.3780326881372633943e-05
-1	8	6	-0.0035260410257112219379	0.00076941496382971011087	-0.0017972312645141718963	0.00074337909801792804217	0.0018086348484003590166	-0.00086293630338561905582
-1	8	7	0.00094025059064959369288	-0.0027939693155976117259	0.00052398255916333410977	-0.0027608092422416563409	-0.00046451569752243985264	0.002756072088905091224
-1	8	8	-0.0017565658078900847714	0.0075520610480966825565	0.0033577210522709064963	0.0036327640113321835874	-0.0035772917782571672825	-0.0026887563803200979426
0	-8	-8	7.0650634502195734893e-05	0.0031978770877740311102	-0.0038926344702429100005	0.0016129952878749091207	0.0038926344702429100005	-0.0016129952878749091207
0	-8	-7	-0.0011243383047708759709	-0.0034819322481274670063	0.0013642154147765280132	-0.0053121758155222909004	-0.0015591033311731748723	0.0060710580748826181718
0	-8	-6	0.0014537148787579867813	0.00060372250878449077935	0.0013529178750324442112	0.0033615278422207389014	-0.0018038905000432590205	-0.004482037122960985491
0	-8	-5	-0.00020324018120374042016	0.0044413752549532069941	-0.0020338433250445763466	-0.0018665475079482323883	0.003254149320071322328	0.002986476012717171561
0	-8	-4	-0.003188163042969870218	-0.0005780173096414060541	0.002452666648927263101	-0.00017817880171782157967	-0.0049053332978545262019	0.00035635760343564315935
0	-8	-3	0.005729126491227374933	-0.0020483336315642655667	-0.0020314925941583568229	0.0026878933245035245385	0.0054173135844222848612	-0.0071677155320093990584
0	-8	-2	-0.0015473013595468513345	0.0023329272572263815184	-3.6578194076492623343e-05	-0.00080026652607475472039	0.00014631277630597049337	0.0032010661042990188815
0	-8	-1	0.00085389654668042926262	-0.001188996154783857279	0.00026737783051269920593	0.0010288645378727578287	-0.0021390226441015936475	-0.0082309163029820626295
0	-8	0	0.00067662158802479495205	-0.0014553452003718974923	0	-0	-0.0038821678084644643814	0.0035095356845503545944
0	-8	1	0.00069312294265039449143	-0.0042795926538792238014	-0.00046796123653502255365	-0.00043886636345647086176	-0.0037436898922801804292	-0.0035109309076517668941
0	-8	2	0.0026014270956420701246	0.0026405653839301759453	0.0011595379902520116643	-0.00073061059726704270789	0.0046381519610080466573	-0.0029224423890681708316
0	-8	3	-0.004092056982757167477	-0.0022240542035199778285	-0.00084792643638086887155	1.66072069202185037e-05	-0.0022611371636823171354	4.4285885120582669757e-05
0	-8	4	-0.00020749285731887394456	-0.00091576425360466895843	0.0016240326999222719131	0.00033491333334669404903	0.0032480653998445438262	0.00066982666669338809806
0	-8	5	-0.002249927227902893262	-0.0043394659380751590336	-0.002357793012509077496	-0.0019575107977196316497	-0.0037724688200145234732	-0.0031320172763514104661
0	-8	6	0.0014249376426081743902	0.0044576830800344508995	0.0014876692155059649102	-0.0017817725313624425878	0.0019835589540079532136	-0.0023756967084832569283
0	-8	7	-0.0072209290885745973723	-0.0019011674962405233306	0.0027632880677645734954	0.0037852852974803339811	0.0031580435060166553614	0.0043260403399775241781
0	-8	8	0.0052308984711528193345	-0.0029420537970080225428	-0.0060275351786228722334	-0.0053851087231998736801	-0.0060275351786228722334	-0.0053851087231998736801
0	-7	-8	-0.0047171374717003295568	0.0025028081730632586316	-0.0044604576732560977104	-0.00087634798580144750244	0.0039029004640990854966	0.00076680448757626652398
0	-7	-7	-0.0044179900198458967389	-0.0037217388502452405756	0.0025792559404602564618	-0.0036219069398360234993	-0.0025792559404602564618	0.0036219069398360234993
0	-7	-6	0.0020786259584636788272	-0.00028086128268632305988	-0.0010836289605398923084	0.0001798685441383948984	0.001264233787296540918	-0.00020984663482812737243
0	-7	-5	-0.0010905548954898050106	0.0024742350680614371046	0.0021236086138485803926	-0.0016128640561812589583	-0.0029730520593880126363	0.002258009678653762585
0	-7	-4	-0.0085344707564884107059	-0.0063246005333181956956	0.00048567684562197537294	0.0019586287632639793818	-0.0008499344798384569433	-0.0034276003357119637013
0	-7	-3	0.00022844391675437333692	-0.0019817520237690013432	-0.00049281505801306772861	-0.0026361122026703569764	0.0011499018020304913306	0.0061509284728974997561
0	-7	-2	0.0029965097806276129629	-7.6009754037217671665e-05	0.00022118903662059891373	0.0012364521815504700506	-0.00077416162817209625228	-0.0043275826354266452856
0	-7	-1	-3.0101856644839900514e-06	0.0008090472343599102974	-0.00047449959258380334159	-0.00023113469733620258927	0.0033214971480866233369	0.0016179428813534180165
0	-7	0	-0.0031832585916455554721	0.0010835311100372436305	0	1.4349116911845739348e-42	-0.0053142707431332678741	-0.00088516525895014348639
0	-7	1	0.003227525181487824954	0.0013099591349666104504	0.00055168218726302383458	-0.00021434148231785248636	0.0038617753108411670589	-0.0015003903762249672961
0	-7	2	0.0012527714612122150834	0.0027392848155453940542	-0.0014176806520689833827	0.0005306752050371250657	-0.0049618822822414419479	0.0018573632176299376215
0	-7	3	0.00056104128985992054134	-0.0021056561798936074097	0.0013677353599718534548	-0.0023174353060588983449	0.0031913825066009911778	-0.005407349047470763094
0	-7	4	0.0026211101526586494566	-0.0038082437361612975039	-0.0012284081069704364756	-0.0040548407073187613808	-0.0021497141871982638865	-0.0070959712378078319828
0	-7	5	0.0021110848735635063048	-0.00018738699928216656036	0.0003797453498908648882	-0.00075543987650004442141	0.00053164348984721080012	-0.0010576158271000620816
0	-7	6	0.00088697502297482736042	0.003616882773572953607	-0.001088768381637375722	0.00071339581652514168567	-0.0012702297785769382701	0.00083229511927933200275
0	-7	7	-0.0017626471495371552264	-0.0027036842404450740426	-0.0014136878830318777133	0.0049762395146933161016	-0.0014136878830318777133	0.0049762395146933161016
0	-7	8	0.0062535107953977497192	-0.00067657458880361761536	-0.0039621638523767797185	-0.0069510941258865751452	-0.0034668933708296820369	-0.0060822073601507530352
0	-6	-8	0.0015800835875593628472	0.0018700937622696299847	-0.0057518491824096948384	-0.0031671671246177855209	0.0043138868868072711288	0.0023753753434633392491
0	-6	-7	-0.0023599910206156663774	1.8420800541678841896e-05	0.00033440591935277058254	0.00028238450540080730364	-0.0002866336451595176112	-0.00024204386177212056921
0	-6	-6	0.0055997468414465513889	0.00058234020726713453791	-0.001961022347654603655	-0.00050356138493308131264	0.001961022347654603655	0.00050356138493308131264
0	-6	-5	0.0035125307881786848978	0.0011718102538099497457	0.0015982653286067041026	0.005842395132533833961	-0.0019179183943280450533	-0.0070108741590406012736
0	-6	-4	-0.00014667986169971693449	-0.00069010607746648570948	-0.0077950289186451346413	-0.00055717914156584431948	0.011692543377967701962	0.00083576871234876642502
0	-6	-3	0.0049285552083584245261	0.0013234890512580693624	0.0060308409220376840362	-0.0032791217433222269798	-0.012061681844075368072	0.0065582434866444539595
0	-6	-2	-0.00011612416083782736524	4.6862883033888499056e-06	-0.0013213226935572600085	0.0017660004165957930104	0.0039639680806717800254	-0.0052980012497873783806
0	-6	-1	-0.0013077962248774870329	1.830525990378398894e-05	-0.00042372220763592577993	-0.00032674921819878443782	0.0025423332458155544628	0.0019604953091927066269
0	-6	0	-0.0096089039531484718437	-0.0046751605134706959027	0	-0	-0.0091159077897014165887	0.0026665425565354627241
0	-6	1	-0.0026049145047222273947	0.0010746330406027873768	0.00078398862537531132603	0.00043857225278368978808	0.004703931752251868173	0.0026314335167021384032
0	-6	2	-0.0018606130148670050901	0.0036930313077284263393	-0.00054414272044505242014	0.0022908025633365811449	-0.0016324281613351572604	0.0068724076900097434348
0	-6	3	0.0064189939526749445822	-0.0082867280388442474126	-0.004501762488208251034	-0.0023993763778571678032	-0.0090035249764165020681	-0.0047987527557143356063
0	-6	4	-0.00079908195400979823136	0.0029385513345722238422	0.0008463178135614101566	0.0040296533301371582902	0.0012694767203421152349	0.0060444799952057374354
0	-6	5	0.0010616019210455960361	-0.0013438204560723865811	-0.00051748345094929288669	-0.0019352114103943604713	-0.0006209801411391515074	-0.0023222536924732326523
0	-6	6	0.002380270187403978055	0.0046654528266318493965	0.0031480226140671472776	-0.0051303402395063701924	0.0031480226140671472776	-0.0051303402395063701924
0	-6	7	-0.00090503597000777700685	0.0010119952016372287407	0.00035122263144327157784	0.0035692156156064097465	0.00030104796980851851853	0.0030593276705197795969
0	-6	8	0.0043435120388830017468	-0.00058758435760201401746	-0.00013828570495247479409	-0.0047700310703159215855	-0.00010371427871435609557	-0.003577523302736941406
0	-5	-8	0.0010049751931816037088	0.0042170956330504858617	-0.0020242289798802432302	-0.0029746359373243871568	0.0012651431124251519104	0.0018591474608277420814
0	-5	-7	-0.00058687147892127599497	-0.0014877683148657224604	0.0042861514869177476383	0.0013535783009834469626	-0.0030615367763698201134	-0.0009668416435596049888
0	-5	-6	-0.0018564095444611470112	-0.0028148942700392067841	0.0036888709617117314277	0.0020465353202778146201	-0.0030740591347597759006	-0.001705446100231512328
0	-5	-5	-0.0036113971582381219558	-0.0044614114301741985419	0.00037186042517197868615	0.0054245767777950336386	-0.00037186042517197868615	-0.0054245767777950336386
0	-5	-4	6.407828259468169676e-05	0.0010843736652379272652	-0.0044599634135899053275	-0.0038624975115266256369	0.0055749542669873818762	0.0048281218894082825882
0	-5	-3	-0.0057697419762520038219	0.0024482147492618537218	-0.001538627159338126554	-0.00033577797350167303946	0.0025643785988968778068	0.0005596299558361216963
0	-5	-2	0.0042220562677916916722	-0.0010418770311969866981	-0.0034096854897510617266	0.0032745596487148789268	0.0085242137243776543165	-0.0081863991217871971001
0	-5	-1	1.9395082657821146037e-05	0.005067600919048573585	-0.00016963992463982520268	-0.0010494079127052625272	0.00084819962319912598631	0.0052470395635263117687
0	-5	0	-0.015185346041064843106	-0.020037055826597979097	-7.1745584559228696739e-43	-0	-0.016233642196830665866	-0.0020956303351920349543
0	-5	1	0.0063214233463414551406	0.0021052523367991082988	0.001948316402203855574	0.0011200099726185032498	0.0097415820110192778702	0.0056000498630925168997
0	-5	2	-0.0037902569634756981889	-0.0072267949273375313435	-0.0034496100075465763006	-0.00051019257821473349562	-0.008624025018866440101	-0.0012754814455368335222
0	-5	3	0.0046652470157482047938	-0.0034846497689571469085	-0.0020163417349027198955	-0.0069393631940882407466	-0.0033605695581712001149	-0.011565605323480401823
0	-5	4	-0.00063702003697547711965	-0.0016126334809205109151	0.0020262511611203936832	0.003853831243893317271	0.0025328139514004923208	0.0048172890548666465887
0	-5	5	-0.0016424545278085316957	-0.0016549148360818616808	-0.0081382627833527197703	-0.0017249842337071054701	-0.0081382627833527197703	-0.0017249842337071054701
0	-5	6	0.0018116176195141729926	0.0033021888036758404589	0.0024954436474329080332	0.0017517187559280373785	0.0020795363728607569112	0.0014597656299400311487
0	-5	7	-0.0034304617519716499793	0.0029251611318212612789	-0.0021248895442595653986	0.0071649329602007962026	-0.0015177782458996897253	0.0051178092572862826301
0	-5	8	0.0037120902180881546611	-0.0026685259747533142394	0.0024419971951006478814	-0.0065241134093180592687	0.0015262482469379050343	-0.0040775708808237871514
0	-4	-8	-0.0020046579906108827861	0.0040023781984804135403	0.00068436551740056058516	-0.0045884968064843168964	-0.00034218275870028029258	0.0022942484032421584482
0	-4	-7	-0.0017359034782207360265	-0.0043691883966366137221	-0.0003324950880698452336	0.0016531598407730089054	0.00018999719318276870879	-0.00094466276615600504232
0	-4	-6	-0.0022958167873847793415	-0.00049282011545491715299	0.0026200820652564956598	0.0022887833134950207048	-0.0017467213768376636286	-0.00152585554233001402
0	-4	-5	0.0015752224674265200531	0.00016295225266921113672	-0.0012252664005315701788	0.0022425548432525852817	0.00098021312042525609969	-0.0017940438746020682254
0	-4	-4	-0.0038192262112229421328	0.01319606337038198296	-0.00043628392458883315892	-0.0060464040700114194196	0.00043628392458883315892	0.0060464040700114194196
0	-4	-3	-0.014543077539937348044	-0.01311115862997313565	0.0026432076975924159723	0.00034497546192672042193	-0.0035242769301232212964	-0.00045996728256896056257
0	-4	-2	0.023153533021936269221	-0.0061017610456287688092	0.0016835747934235676965	0.0050574841604936523337	-0.0033671495868471353931	-0.010114968320987304667
0	-4	-1	0.001322934911337480526	0.015284502212254431203	-0.0017337325196739021994	-0.00027555871536695595962	0.0069349300786956087975	0.0011022348614678238385
0	-4	0	-0.0015411493132011767036	-0.014936968606876837098	0	-0	-0.0079227940671509344828	0.0001061013826553182588
0	-4	1	0.014915705936590814909	0.0056425524625738692971	0.0011088155184351964396	-0.0018614429532324997061	0.0044352620737407857585	-0.0074457718129299988244
0	-4	2	-0.019483478593007967639	-0.002475164458533185563	-0.0076083068557638872803	0.0028477292919800402046	-0.015216613711527774561	0.0056954585839600804092
0	-4	3	0.0069499756124117928816	0.0022293108125308416269	0.0054710328146671174249	-0.0071078765564639408495	0.0072947104195561556991	-0.0094771687419519211326
0	-4	4	-0.0052329109738173404734	-0.0031032880726222619901	-0.00025756801729267977778	0.0064856833733252204632	-0.00025756801729267977778	0.0064856833733252204632
0	-4	5	-0.0041845561774750223913	-0.0047450398247215501077	-0.0029091905885303731734	-0.0035618186784082167713	-0.0023273524708242983652	-0.0028494549427265734171
0	-4	6	0.003764507269390152816	0.0038533676500533404867	0.0016873486767263550477	0.00092615106762525376168	0.0011248991178175698873	0.00061743404508350250778
0	-4	7	-0.0065477991354339635036	-0.0027339810604978228084	-0.010837039269771394159	0.0095251093532553107734	-0.006192593868440797282	0.0054429196304316062802
0	-4	8	0.0037947852069355487298	0.0034196251638487660737	0.0029182753868498456824	-0.0044873829008985951367	0.0014591376934249228412	-0.0022436914504492975683
0	-3	-8	-0.0030161709955596580253	0.0020184756002802396214	0.0044281778550475069112	-0.0027467811963633220924	-0.0016605666956428150917	0.0010300429486362458389
0	-3	-7	-0.0028370433592301382876	-0.0018865051077273581933	0.0029506756939997203643	0.0029222115353676305152	-0.0012645752974284516466	-0.001252376372300413078
0	-3	-6	-0.0071327178263166750305	0.0023957474802907522023	0.0029515503239730530791	0.0012930562949660597168	-0.0014757751619865265395	-0.00064652814748302985838
0	-3	-5	0.0034565184930216651636	-0.0034882945014701304681	-0.0015077704044109837243	-0.0025045493608524330154	0.00090466224264659019123	0.001502729616511459896
0	-3	-4	-0.0027622806174771386348	0.013909845090300482912	0.0019075540603072298033	0.0028501506868452469896	-0.0014306655452304222441	-0.0021376130151339353506
0	-3	-3	-0.030863536963410532349	-0.022947911590539063487	-5.3947574504837918685e-05	-0.0044430341071285961441	5.3947574504837918685e-05	0.0044430341071285961441
0	-3	-2	0.010648027808766299604	-0.0055773913533587590394	0.0040330432688763942842	0.008536493942611609459	-0.0060495649033145918599	-0.012804740913917414188
0	-3	-1	-0.012977720715793485129	0.025795998630761676068	-0.0053182065930631322592	-0.0032814521218909853927	0.015954619779189396778	0.0098443563656729557443
0	-3	0	0.001697146792407970041	-0.047802295282691309453	0	-0	-0.045451945022624326564	-0.0054370735069926151573
0	-3	1	0.015986941495994250184	0.016939970354000816882	0.0088652898580078940555	-0.0018621271901876090306	0.026595869574023683901	-0.0055863815705628266581
0	-3	2	-0.0074982555416436566867	-0.0049095525518184452915	-0.0090331352166539112536	0.0045978759633599555756	-0.013549702824980865146	0.0068968139450399333634
0	-3	3	0.016877901007705170544	0.0024739698146022891766	0.018386635198184217432	-0.01818110111383536634	0.018386635198184217432	-0.01818110111383536634
0	-3	4	-0.0035891030082616775382	-0.0031544806918913869363	-0.0049246812751052885734	0.0093637453920534293589	-0.0036935109563289666469	0.0070228090440400724528
0	-3	5	0.00047851350377030489472	-0.0012024743105155336759	-0.0048492196573476772578	-0.010258624911775570884	-0.0029095317944086060945	-0.0061551749470653421836
0	-3	6	-0.0041181122448240283992	0.0016516263336675493251	0.010491998295485733747	0.0016464985098804531087	0.0052459991477428668735	0.00082324925494022655435
0	-3	7	-0.00077775272173666667747	-0.0041334497196456772283	0.00277057329355178978	-0.00010842905019471944903	0.001187388554379338601	-4.6469592940594049582e-05
0	-3	8	0.006209608487417053041	0.0051639415094993593863	0.0069435593409743123425	-0.0049193143426580192984	0.00260383475286536702	-0.0018447428784967572369
0	-2	-8	-0.0011682665797052168254	0.0024322977179673504339	0.0030301147603020157743	0.0037550371484406418546	-0.00075752869007550394358	-0.00093875928711016046364
0	-2	-7	0.0003103555642570876745	5.8094733709391599245e-05	-0.00081197485494022888369	0.0029376468167424062659	0.00023199281569720824861	-0.00083932766192640177478
0	-2	-6	0.00089716267276519984578	-0.0035504463821407327567	-0.00013044528888727814219	0.00093924670860926103011	4.3481762962426051913e-05	-0.00031308223620308699197
0	-2	-5	0.0057556432019966376895	0.0026969714449371733067	-0.00091899306887343365068	9.8940349984875063365e-05	0.00036759722754937343859	-3.9576139993950028057e-05
0	-2	-4	-0.0056503759392148291893	0.019656032219470740557	0.0048151086370285074365	0.0057509700955805558367	-0.0024075543185142537182	-0.0028754850477902779184
0	-2	-3	-0.015780106948971511088	-0.0049828929614196106404	0.0010766843390762747146	-0.0064145091159389924437	-0.00071778955938418321538	0.0042763394106259946734
0	-2	-2	0.023997827191775549655	-0.017428501426393672863	-0.0007283287899623543029	0.0015733744041777088761	0.0007283287899623543029	-0.0015733744041777088761
0	-2	-1	-0.0071558125894539588441	0.036326376612397515142	-0.0057930846615552580511	-0.0014145605814078587425	0.011586169323110516102	0.002829121162815717485
0	-2	0	0.0032788989782864819134	-0.039328194365839869162	0	-0	-0.023001130860276181728	-0.0054691850888851645252
0	-2	1	0.017839143586685923815	0.020055180025308674135	0.0083917312214370383405	0.0005774929345411472471	0.016783462442874076681	0.0011549858690822944942
0	-2	2	-0.010143360601949249697	-0.004077712770061971484	-0.01435047909815240566	-0.00092530375810692113911	-0.01435047909815240566	-0.00092530375810692113911
0	-2	3	0.0067533697343604435007	-0.0024588361760875640689	0.01270757622289540173	0.0026048511083284985566	0.008471717481930268398	0.0017365674055523324434
0	-2	4	-0.0031842955887633871831	-0.0025500768600738863215	-0.012412962150439684622	0.008840585476427919448	-0.0062064810752198423111	0.004420292738213959724
0	-2	5	-0.0032256179942720371659	0.0057958921606725598633	-0.0030579872519440037121	-0.0024771141528202576289	-0.0012231949007776013114	-0.00099084566112810318166
0	-2	6	0.0014947664280958365777	6.1834600141428189128e-05	0.0078777138143333730325	0.0043938809528525071477	0.0026259046047777912999	0.0014646269842841692661
0	-2	7	-0.0012235097953653129021	-0.0012487591199521464163	0.00062201960418073552056	0.0011727964341302857948	0.00017771988690878156181	0.00033508469546579593363
0	-2	8	0.0016978578490288310631	0.005511488565179195262	0.0076292278307663399795	-0.0018093029320284228015	0.0019073069576915849949	-0.00045232573300710570037
0	-1	-8	0.0003538094336716810992	0.0010682741640786347099	0.0010513193367888442036	0.003358529489381895973	-0.00013141491709860552545	-0.00041981618617273699662
0	-1	-7	-0.0023922432728428429972	-0.0029354453417477356474	-0.0038002354141736683496	0.0006251268857856155832	0.00054289077345338117731	-8.9303840826516521566e-05
0	-1	-6	0.00024250919679157535019	-0.00092166671070722399652	-4.8008146593357290625e-05	-0.0028929432774039312397	8.0013577655595484375e-06	0.00048215721290065520661
0	-1	-5	0.0028987116997801400803	0.00026690102035362389503	-0.0019985053796674465999	-0.005376473365649825191	0.00039970107593348934167	0.0010752946731299650382
0	-1	-4	-0.0027816638370195363381	0.016118548024158834558	0.00021366867520593356509	0.0079149000020650814996	-5.3417168801483391272e-05	-0.0019787250005162703749
0	-1	-3	-0.016208758793705400209	-0.013152874465432222439	-0.0052674687790445770888	-0.0032954503022460971892	0.0017558229263481923629	0.0010984834340820323964
0	-1	-2	0.03009781779418755146	-0.0058189621250997252896	0.0079184838656931166162	0.0016380009806339751975	-0.0039592419328465583081	-0.00081900049031698759876
0	-1	-1	-0.006019274258552651316	0.062123650532978198779	-0.018749888812128471388	-0.011501111443247599708	0.018749888812128471388	0.011501111443247599708
0	-1	0	-0.16972926255374720661	-0.082579449207422855883	0	-0	-0.14899315694635720253	0.10426482306014758783
0	-1	1	-0.010496140667236430327	0.013412533157527221223	-0.033695047847864333102	0.013351887519299433099	-0.033695047847864333102	0.013351887519299433099
0	-1	2	-0.0061416274579667610653	-0.007117198924024971049	-0.00798616709948937048	-0.0094198533676378374407	-0.00399308354974468524	-0.0047099266838189187204
0	-1	3	0.00080000127561897767334	0.011601815801810451065	0.0058058517520290318231	0.0091091307391173697433	0.00193528391734301068	0.0030363769130391229586
0	-1	4	-0.0044722059267247619638	0.0037454806489700654369	-0.0059941659752407207284	-0.011380728555503712152	-0.0014985414938101801821	-0.0028451821388759280379
0	-1	5	-0.0069960042369143988009	0.0011317537881048991485	0.00039788770355509301682	-0.0048364140398225730078	7.9577540711018603364e-05	-0.00096728280796451460155
0	-1	6	0.0027107764185353134222	0.0038491162572380872506	-0.0022941245272571179903	0.008814220239149593572	-0.00038235408787618631364	0.001469036706524932262
0	-1	7	0.0012055697111563749759	0.00011484550228177566305	-0.0003867396607615746721	-5.2682217868452894331e-05	-5.5248522965939234031e-05	-7.5260311240646991901e-06
0	-1	8	0.00064403981773328582063	0.0022888663134424361463	0.0045049402797144554034	0.00066566253968524031516	0.00056311753496430692542	8.3207817460655039395e-05
0	0	-8	0.001918581449526818479	0.0010489649069601934654	0.00067174170483471446966	0.0040437735381712164306	0	-0
0	0	-7	-0.0019495014615391846602	0.0020399903751423401413	0.00049784576135275884767	0.00034761031249592853508	0	2.8698233823691478696e-42
0	0	-6	0.0062241752894138125535	0.0012982264477353641727	-0.0012285413872208414236	-0.0015816373764171037537	0	-0
0	0	-5	-0.0054401746529115909898	0.0023285608209465068728	0.0011760838796836846961	-0.0058045224779198628662	-7.1745584559228696739e-43	-0
0	0	-4	-0.0010849743524140881973	0.0080903809157079325382	0.0067766920569524834866	0.01452622752553762997	0	-0
0	0	-3	-0.0035135004452935426206	-0.017484585849717262235	-0.00057308941609102138047	-0.015735449270383131126	1.7936396139807174185e-43	-0
0	0	-2	0.016549997701118396298	0.0087522328044092271432	0.0031955756147143818055	0.0073129924662399562948	0	-0
0	0	-1	-0.12599399529796187491	0.030054890095861576393	-0.084492863316047189803	0.016682003534006232398	0	-0
0	0	1	-0.12599399529796187491	-0.030054890095861576393	-0.084492863316047189803	-0.016682003534006232398	0	0
0	0	2	0.016549997701118396298	-0.0087522328044092271432	0.0031955756147143818055	-0.0073129924662399562948	0	0
0	0	3	-0.0035135004452935426206	0.017484585849717262235	-0.00057308941609102138047	0.015735449270383131126	1.7936396139807174185e-43	0
0	0	4	-0.0010849743524140881973	-0.0080903809157079325382	0.0067766920569524834866	-0.01452622752553762997	0	0
0	0	5	-0.0054401746529115909898	-0.0023285608209465068728	0.0011760838796836846961	0.0058045224779198628662	-7.1745584559228696739e-43	0
0	0	6	0.0062241752894138125535	-0.0012982264477353641727	-0.0012285413872208414236	0.0015816373764171037537	0	0
0	0	7	-0.0019495014615391846602	-0.0020399903751423401413	0.00049784576135275884767	-0.00034761031249592853508	0	-2.8698233823691478696e-42
0	0	8	0.001918581449526818479	-0.0010489649069601934654	0.00067174170483471446966	-0.0040437735381712164306	0	0
0	1	-8	0.00064403981773328582063	-0.0022888663134424361463	0.0045049402797144554034	-0.00066566253968524031516	0.00056311753496430692542	-8.3207817460655039395e-05
0	1	-7	0.0012055697111563749759	-0.00011484550228177566305	-0.0003867396607615746721	5.2682217868452894331e-05	-5.5248522965939234031e-05	7.5260311240646991901e-06
0	1	-6	0.0027107764185353134222	-0.0038491162572380872506	-0.0022941245272571179903	-0.008814220239149593572	-0.00038235408787618631364	-0.001469036706524932262
0	1	-5	-0.0069960042369143988009	-0.0011317537881048991485	0.00039788770355509301682	0.0048364140398225730078	7.9577540711018603364e-05	0.00096728280796451460155
0	1	-4	-0.0044722059267247619638	-0.0037454806489700654369	-0.0059941659752407207284	0.011380728555503712152	-0.0014985414938101801821	0.0028451821388759280379
0	1	-3	0.00080000127561897767334	-0.011601815801810451065	0.0058058517520290318231	-0.0091091307391173697433	0.00193528391734301068	-0.0030363769130391229586
0	1	-2	-0.0061416274579667610653	0.007117198924024971049	-0.00798616709948937048	0.0094198533676378374407	-0.00399308354974468524	0.0047099266838189187204
0	1	-1	-0.010496140667236430327	-0.013412533157527221223	-0.033695047847864333102	-0.013351887519299433099	-0.033695047847864333102	-0.013351887519299433099
0	1	0	-0.16972926255374720661	0.082579449207422855883	0	0	-0.14899315694635720253	-0.10426482306014758783
0	1	1	-0.006019274258552651316	-0.062123650532978198779	-0.018749888812128471388	0.011501111443247599708	0.018749888812128471388	-0.011501111443247599708
0	1	2	0.03009781779418755146	0.0058189621250997252896	0.0079184838656931166162	-0.0016380009806339751975	-0.0039592419328465583081	0.00081900049031698759876
0	1	3	-0.016208758793705400209	0.013152874465432222439	-0.0052674687790445770888	0.0032954503022460971892	0.0017558229263481923629	-0.0010984834340820323964
0	1	4	-0.0027816638370195363381	-0.016118548024158834558	0.00021366867520593356509	-0.0079149000020650814996	-5.3417168801483391272e-05	0.0019787250005162703749
0	1	5	0.0028987116997801400803	-0.00026690102035362389503	-0.0019985053796674465999	0.005376473365649825191	0.00039970107593348934167	-0.0010752946731299650382
0	1	6	0.00024250919679157535019	0.00092166671070722399652	-4.8008146593357290625e-05	0.0028929432774039312397	8.0013577655595484375e-06	-0.00048215721290065520661
0	1	7	-0.0023922432728428429972	0.0029354453417477356474	-0.0038002354141736683496	-0.0006251268857856155832	0.00054289077345338117731	8.9303840826516521566e-05
0	1	8	0.0003538094336716810992	-0.0010682741640786347099	0.0010513193367888442036	-0.003358529489381895973	-0.00013141491709860552545	0.00041981618617273699662
0	2	-8	0.0016978578490288310631	-0.005511488565179195262	0.0076292278307663399795	0.0018093029320284228015	0.0019073069576915849949	0.00045232573300710570037
0	2	-7	-0.0012235097953653129021	0.0012487591199521464163	0.00062201960418073552056	-0.0011727964341302857948	0.00017771988690878156181	-0.00033508469546579593363
0	2	-6	0.0014947664280958365777	-6.1834600141428189128e-05	0.0078777138143333730325	-0.0043938809528525071477	0.0026259046047777912999	-0.0014646269842841692661
0	2	-5	-0.0032256179942720371659	-0.0057958921606725598633	-0.0030579872519440037121	0.0024771141528202576289	-0.0012231949007776013114	0.00099084566112810318166
0	2	-4	-0.0031842955887633871831	0.0025500768600738863215	-0.012412962150439684622	-0.008840585476427919448	-0.0062064810752198423111	-0.004420292738213959724
0	2	-3	0.0067533697343604435007	0.0024588361760875640689	0.01270757622289540173	-0.0026048511083284985566	0.008471717481930268398	-0.0017365674055523324434
0	2	-2	-0.010143360601949249697	0.004077712770061971484	-0.01435047909815240566	0.00092530375810692113911	-0.01435047909815240566	0.00092530375810692113911
0	2	-1	0.017839143586685923815	-0.020055180025308674135	0.0083917312214370383405	-0.0005774929345411472471	0.016783462442874076681	-0.0011549858690822944942
0	2	0	0.0032788989782864819134	0.039328194365839869162	0	0	-0.023001130860276181728	0.0054691850888851645252
0	2	1	-0.0071558125894539588441	-0.036326376612397515142	-0.0057930846615552580511	0.0014145605814078587425	0.011586169323110516102	-0.002829121162815717485
0	2	2	0.023997827191775549655	0.017428501426393672863	-0.0007283287899623543029	-0.0015733744041777088761	0.0007283287899623543029	0.0015733744041777088761
0	2	3	-0.015780106948971511088	0.0049828929614196106404	0.0010766843390762747146	0.0064145091159389924437	-0.00071778955938418321538	-0.0042763394106259946734
0	2	4	-0.0056503759392148291893	-0.019656032219470740557	0.0048151086370285074365	-0.0057509700955805558367	-0.0024075543185142537182	0.0028754850477902779184
0	2	5	0.0057556432019966376895	-0.0026969714449371733067	-0.00091899306887343365068	-9.8940349984875063365e-05	0.00036759722754937343859	3.9576139993950028057e-05
0	2	6	0.00089716267276519984578	0.0035504463821407327567	-0.00013044528888727814219	-0.00093924670860926103011	4.3481762962426051913e-05	0.00031308223620308699197
0	2	7	0.0003103555642570876745	-5.8094733709391599245e-05	-0.00081197485494022888369	-0.0029376468167424062659	0.00023199281569720824861	0.00083932766192640177478
0	2	8	-0.0011682665797052168254	-0.0024322977179673504339	0.0030301147603020157743	-0.0037550371484406418546	-0.00075752869007550394358	0.00093875928711016046364
0	3	-8	0.006209608487417053041	-0.0051639415094993593863	0.0069435593409743123425	0.0049193143426580192984	0.00260383475286536702	0.0018447428784967572369
0	3	-7	-0.00077775272173666667747	0.0041334497196456772283	0.00277057329355178978	0.00010842905019471944903	0.001187388554379338601	4.6469592940594049582e-05
0	3	-6	-0.0041181122448240283992	-0.0016516263336675493251	0.010491998295485733747	-0.0016464985098804531087	0.0052459991477428668735	-0.00082324925494022655435
0	3	-5	0.00047851350377030489472	0.0012024743105155336759	-0.0048492196573476772578	0.010258624911775570884	-0.0029095317944086060945	0.0061551749470653421836
0	3	-4	-0.0035891030082616775382	0.0031544806918913869363	-0.0049246812751052885734	-0.0093637453920534293589	-0.0036935109563289666469	-0.0070228090440400724528
0	3	-3	0.016877901007705170544	-0.0024739698146022891766	0.018386635198184217432	0.01818110111383536634	0.018386635198184217432	0.01818110111383536634
0	3	-2	-0.0074982555416436566867	0.0049095525518184452915	-0.0090331352166539112536	-0.0045978759633599555756	-0.013549702824980865146	-0.0068968139450399333634
0	3	-1	0.015986941495994250184	-0.016939970354000816882	0.0088652898580078940555	0.0018621271901876090306	0.026595869574023683901	0.0055863815705628266581
0	3	0	0.001697146792407970041	0.047802295282691309453	0	0	-0.045451945022624326564	0.0054370735069926151573
0	3	1	-0.012977720715793485129	-0.025795998630761676068	-0.0053182065930631322592	0.0032814521218909853927	0.015954619779189396778	-0.0098443563656729557443
0	3	2	0.010648027808766299604	0.0055773913533587590394	0.0040330432688763942842	-0.008536493942611609459	-0.0060495649033145918599	0.012804740913917414188
0	3	3	-0.030863536963410532349	0.022947911590539063487	-5.3947574504837918685e-05	0.0044430341071285961441	5.3947574504837918685e-05	-0.0044430341071285961441
0	3	4	-0.0027622806174771386348	-0.013909845090300482912	0.0019075540603072298033	-0.0028501506868452469896	-0.0014306655452304222441	0.0021376130151339353506
0	3	5	0.0034565184930216651636	0.0034882945014701304681	-0.0015077704044109837243	0.0025045493608524330154	0.00090466224264659019123	-0.001502729616511459896
0	3	6	-0.0071327178263166750305	-0.0023957474802907522023	0.0029515503239730530791	-0.0012930562949660597168	-0.0014757751619865265395	0.00064652814748302985838
0	3	7	-0.0028370433592301382876	0.0018865051077273581933	0.0029506756939997203643	-0.0029222115353676305152	-0.0012645752974284516466	0.001252376372300413078
0	3	8	-0.0030161709955596580253	-0.0020184756002802396214	0.0044281778550475069112	0.0027467811963633220924	-0.0016605666956428150917	-0.0010300429486362458389
0	4	-8	0.0037947852069355487298	-0.0034196251638487660737	0.0029182753868498456824	0.0044873829008985951367	0.0014591376934249228412	0.0022436914504492975683
0	4	-7	-0.0065477991354339635036	0.0027339810604978228084	-0.010837039269771394159	-0.0095251093532553107734	-0.006192593868440797282	-0.0054429196304316062802
0	4	-6	0.003764507269390152816	-0.0038533676500533404867	0.0016873486767263550477	-0.00092615106762525376168	0.0011248991178175698873	-0.00061743404508350250778
0	4	-5	-0.0041845561774750223913	0.0047450398247215501077	-0.0029091905885303731734	0.0035618186784082167713	-0.0023273524708242983652	0.0028494549427265734171
0	4	-4	-0.0052329109738173404734	0.0031032880726222619901	-0.00025756801729267977778	-0.0064856833733252204632	-0.00025756801729267977778	-0.0064856833733252204632
0	4	-3	0.0069499756124117928816	-0.0022293108125308416269	0.0054710328146671174249	0.0071078765564639408495	0.0072947104195561556991	0.0094771687419519211326
0	4	-2	-0.019483478593007967639	0.002475164458533185563	-0.0076083068557638872803	-0.0028477292919800402046	-0.015216613711527774561	-0.0056954585839600804092
0	4	-1	0.014915705936590814909	-0.0056425524625738692971	0.0011088155184351964396	0.0018614429532324997061	0.0044352620737407857585	0.0074457718129299988244
0	4	0	-0.0015411493132011767036	0.014936968606876837098	0	0	-0.0079227940671509344828	-0.0001061013826553182588
0	4	1	0.001322934911337480526	-0.015284502212254431203	-0.0017337325196739021994	0.00027555871536695595962	0.0069349300786956087975	-0.0011022348614678238385
0	4	2	0.023153533021936269221	0.0061017610456287688092	0.0016835747934235676965	-0.0050574841604936523337	-0.0033671495868471353931	0.010114968320987304667
0	4	3	-0.014543077539937348044	0.01311115862997313565	0.0026432076975924159723	-0.00034497546192672042193	-0.0035242769301232212964	0.00045996728256896056257
0	4	4	-0.0038192262112229421328	-0.01319606337038198296	-0.00043628392458883315892	0.0060464040700114194196	0.00043628392458883315892	-0.0060464040700114194196
0	4	5	0.0015752224674265200531	-0.00016295225266921113672	-0.0012252664005315701788	-0.0022425548432525852817	0.00098021312042525609969	0.0017940438746020682254
0	4	6	-0.0022958167873847793415	0.00049282011545491715299	0.0026200820652564956598	-0.0022887833134950207048	-0.0017467213768376636286	0.00152585554233001402
0	4	7	-0.0017359034782207360265	0.0043691883966366137221	-0.0003324950880698452336	-0.0016531598407730089054	0.00018999719318276870879	0.00094466276615600504232
0	4	8	-0.0020046579906108827861	-0.0040023781984804135403	0.00068436551740056058516	0.0045884968064843168964	-0.00034218275870028029258	-0.0022942484032421584482
0	5	-8	0.0037120902180881546611	0.0026685259747533142394	0.0024419971951006478814	0.0065241134093180592687	0.0015262482469379050343	0.0040775708808237871514
0	5	-7	-0.0034304617519716499793	-0.0029251611318212612789	-0.0021248895442595653986	-0.0071649329602007962026	-0.0015177782458996897253	-0.0051178092572862826301
0	5	-6	0.0018116176195141729926	-0.0033021888036758404589	0.0024954436474329080332	-0.0017517187559280373785	0.0020795363728607569112	-0.0014597656299400311487
0	5	-5	-0.0016424545278085316957	0.0016549148360818616808	-0.0081382627833527197703	0.0017249842337071054701	-0.0081382627833527197703	0.0017249842337071054701
0	5	-4	-0.00063702003697547711965	0.0016126334809205109151	0.0020262511611203936832	-0.003853831243893317271	0.0025328139514004923208	-0.0048172890548666465887
0	5	-3	0.0046652470157482047938	0.0034846497689571469085	-0.0020163417349027198955	0.0069393631940882407466	-0.0033605695581712001149	0.011565605323480401823
0	5	-2	-0.0037902569634756981889	0.0072267949273375313435	-0.0034496100075465763006	0.00051019257821473349562	-0.008624025018866440101	0.0012754814455368335222
0	5	-1	0.0063214233463414551406	-0.0021052523367991082988	0.001948316402203855574	-0.0011200099726185032498	0.0097415820110192778702	-0.0056000498630925168997
0	5	0	-0.015185346041064843106	0.020037055826597979097	-7.1745584559228696739e-43	0	-0.016233642196830665866	0.0020956303351920349543
0	5	1	1.9395082657821146037e-05	-0.005067600919048573585	-0.00016963992463982520268	0.0010494079127052625272	0.00084819962319912598631	-0.0052470395635263117687
0	5	2	0.0042220562677916916722	0.0010418770311969866981	-0.0034096854897510617266	-0.0032745596487148789268	0.0085242137243776543165	0.0081863991217871971001
0	5	3	-0.0057697419762520038219	-0.0024482147492618537218	-0.001538627159338126554	0.00033577797350167303946	0.0025643785988968778068	-0.0005596299558361216963
0	5	4	6.407828259468169676e-05	-0.0010843736652379272652	-0.0044599634135899053275	0.0038624975115266256369	0.0055749542669873818762	-0.0048281218894082825882
0	5	5	-0.0036113971582381219558	0.0044614114301741985419	0.00037186042517197868615	-0.0054245767777950336386	-0.00037186042517197868615	0.0054245767777950336386
0	5	6	-0.0018564095444611470112	0.0028148942700392067841	0.0036888709617117314277	-0.0020465353202778146201	-0.0030740591347597759006	0.001705446100231512328
0	5	7	-0.00058687147892127599497	0.0014877683148657224604	0.0042861514869177476383	-0.0013535783009834469626	-0.0030615367763698201134	0.0009668416435596049888
0	5	8	0.0010049751931816037088	-0.0042170956330504858617	-0.0020242289798802432302	0.0029746359373243871568	0.0012651431124251519104	-0.0018591474608277420814
0	6	-8	0.0043435120388830017468	0.00058758435760201401746	-0.00013828570495247479409	0.0047700310703159215855	-0.00010371427871435609557	0.003577523302736941406
0	6	-7	-0.00090503597000777700685	-0.0010119952016372287407	0.00035122263144327157784	-0.0035692156156064097465	0.00030104796980851851853	-0.0030593276705197795969
0	6	-6	0.002380270187403978055	-0.0046654528266318493965	0.0031480226140671472776	0.0051303402395063701924	0.0031480226140671472776	0.0051303402395063701924
0	6	-5	0.0010616019210455960361	0.0013438204560723865811	-0.00051748345094929288669	0.0019352114103943604713	-0.0006209801411391515074	0.0023222536924732326523
0	6	-4	-0.00079908195400979823136	-0.0029385513345722238422	0.0008463178135614101566	-0.0040296533301371582902	0.0012694767203421152349	-0.0060444799952057374354
0	6	-3	0.0064189939526749445822	0.0082867280388442474126	-0.004501762488208251034	0.0023993763778571678032	-0.0090035249764165020681	0.0047987527557143356063
0	6	-2	-0.0018606130148670050901	-0.0036930313077284263393	-0.00054414272044505242014	-0.0022908025633365811449	-0.0016324281613351572604	-0.0068724076900097434348
0	6	-1	-0.0026049145047222273947	-0.0010746330406027873768	0.00078398862537531132603	-0.00043857225278368978808	0.004703931752251868173	-0.0026314335167021384032
0	6	0	-0.0096089039531484718437	0.0046751605134706959027	0	0	-0.0091159077897014165887	-0.0026665425565354627241
0	6	1	-0.0013077962248774870329	-1.830525990378398894e-05	-0.00042372220763592577993	0.00032674921819878443782	0.0025423332458155544628	-0.0019604953091927066269
0	6	2	-0.00011612416083782736524	-4.6862883033888499056e-06	-0.0013213226935572600085	-0.0017660004165957930104	0.0039639680806717800254	0.0052980012497873783806
0	6	3	0.0049285552083584245261	-0.0013234890512580693624	0.0060308409220376840362	0.0032791217433222269798	-0.012061681844075368072	-0.0065582434866444539595
0	6	4	-0.00014667986169971693449	0.00069010607746648570948	-0.0077950289186451346413	0.00055717914156584431948	0.011692543377967701962	-0.00083576871234876642502
0	6	5	0.0035125307881786848978	-0.0011718102538099497457	0.0015982653286067041026	-0.005842395132533833961	-0.0019179183943280450533	0.0070108741590406012736
0	6	6	0.0055997468414465513889	-0.00058234020726713453791	-0.001961022347654603655	0.00050356138493308131264	0.001961022347654603655	-0.00050356138493308131264
0	6	7	-0.0023599910206156663774	-1.8420800541678841896e-05	0.00033440591935277058254	-0.00028238450540080730364	-0.0002866336451595176112	0.00024204386177212056921
0	6	8	0.0015800835875593628472	-0.0018700937622696299847	-0.0057518491824096948384	0.0031671671246177855209	0.0043138868868072711288	-0.0023753753434633392491
0	7	-8	0.0062535107953977497192	0.00067657458880361761536	-0.0039621638523767797185	0.0069510941258865751452	-0.0034668933708296820369	0.0060822073601507530352
0	7	-7	-0.0017626471495371552264	0.0027036842404450740426	-0.0014136878830318777133	-0.0049762395146933161016	-0.0014136878830318777133	-0.0049762395146933161016
0	7	-6	0.00088697502297482736042	-0.003616882773572953607	-0.001088768381637375722	-0.00071339581652514168567	-0.0012702297785769382701	-0.00083229511927933200275
0	7	-5	0.0021110848735635063048	0.00018738699928216656036	0.0003797453498908648882	0.00075543987650004442141	0.00053164348984721080012	0.0010576158271000620816
0	7	-4	0.0026211101526586494566	0.0038082437361612975039	-0.0012284081069704364756	0.0040548407073187613808	-0.0021497141871982638865	0.0070959712378078319828
0	7	-3	0.00056104128985992054134	0.0021056561798936074097	0.0013677353599718534548	0.0023174353060588983449	0.0031913825066009911778	0.005407349047470763094
0	7	-2	0.0012527714612122150834	-0.0027392848155453940542	-0.0014176806520689833827	-0.0005306752050371250657	-0.0049618822822414419479	-0.0018573632176299376215
0	7	-1	0.003227525181487824954	-0.0013099591349666104504	0.00055168218726302383458	0.00021434148231785248636	0.0038617753108411670589	0.0015003903762249672961
0	7	0	-0.0031832585916455554721	-0.0010835311100372436305	0	-1.4349116911845739348e-42	-0.0053142707431332678741	0.00088516525895014348639
0	7	1	-3.0101856644839900514e-06	-0.0008090472343599102974	-0.00047449959258380334159	0.00023113469733620258927	0.0033214971480866233369	-0.0016179428813534180165
0	7	2	0.0029965097806276129629	7.6009754037217671665e-05	0.00022118903662059891373	-0.0012364521815504700506	-0.00077416162817209625228	0.0043275826354266452856
0	7	3	0.00022844391675437333692	0.0019817520237690013432	-0.00049281505801306772861	0.0026361122026703569764	0.0011499018020304913306	-0.0061509284728974997561
0	7	4	-0.0085344707564884107059	0.0063246005333181956956	0.00048567684562197537294	-0.0019586287632639793818	-0.0008499344798384569433	0.0034276003357119637013
0	7	5	-0.0010905548954898050106	-0.0024742350680614371046	0.0021236086138485803926	0.0016128640561812589583	-0.0029730520593880126363	-0.002258009678653762585
0	7	6	0.0020786259584636788272	0.00028086128268632305988	-0.0010836289605398923084	-0.0001798685441383948984	0.001264233787296540918	0.00020984663482812737243
0	7	7	-0.0044179900198458967389	0.0037217388502452405756	0.0025792559404602564618	0.0036219069398360234993	-0.0025792559404602564618	-0.0036219069398360234993
0	7	8	-0.0047171374717003295568	-0.0025028081730632586316	-0.0044604576732560977104	0.00087634798580144750244	0.0039029004640990854966	-0.00076680448757626652398
0	8	-8	0.0052308984711528193345	0.0029420537970080225428	-0.0060275351786228722334	0.0053851087231998736801	-0.0060275351786228722334	0.0053851087231998736801
0	8	-7	-0.0072209290885745973723	0.0019011674962405233306	0.0027632880677645734954	-0.0037852852974803339811	0.0031580435060166553614	-0.0043260403399775241781
0	8	-6	0.0014249376426081743902	-0.0044576830800344508995	0.0014876692155059649102	0.0017817725313624425878	0.0019835589540079532136	0.0023756967084832569283
0	8	-5	-0.002249927227902893262	0.0043394659380751590336	-0.002357793012509077496	0.0019575107977196316497	-0.0037724688200145234732	0.0031320172763514104661
0	8	-4	-0.00020749285731887394456	0.00091576425360466895843	0.0016240326999222719131	-0.00033491333334669404903	0.0032480653998445438262	-0.00066982666669338809806
0	8	-3	-0.004092056982757167477	0.0022240542035199778285	-0.00084792643638086887155	-1.66072069202185037e-05	-0.0022611371636823171354	-4.4285885120582669757e-05
0	8	-2	0.0026014270956420701246	-0.0026405653839301759453	0.0011595379902520116643	0.00073061059726704270789	0.0046381519610080466573	0.0029224423890681708316
0	8	-1	0.00069312294265039449143	0.0042795926538792238014	-0.00046796123653502255365	0.00043886636345647086176	-0.0037436898922801804292	0.0035109309076517668941
0	8	0	0.00067662158802479495205	0.0014553452003718974923	0	0	-0.0038821678084644643814	-0.0035095356845503545944
0	8	1	0.00085389654668042926262	0.001188996154783857279	0.00026737783051269920593	-0.0010288645378727578287	-0.0021390226441015936475	0.0082309163029820626295
0	8	2	-0.0015473013595468513345	-0.0023329272572263815184	-3.6578194076492623343e-05	0.00080026652607475472039	0.00014631277630597049337	-0.0032010661042990188815
0	8	3	0.005729126491227374933	0.0020483336315642655667	-0.0020314925941583568229	-0.0026878933245035245385	0.0054173135844222848612	0.0071677155320093990584
0	8	4	-0.003188163042969870218	0.0005780173096414060541	0.002452666648927263101	0.00017817880171782157967	-0.0049053332978545262019	-0.00035635760343564315935
0	8	5	-0.00020324018120374042016	-0.0044413752549532069941	-0.0020338433250445763466	0.0018665475079482323883	0.003254149320071322328	-0.002986476012717171561
0	8	6	0.0014537148787579867813	-0.00060372250878449077935	0.0013529178750324442112	-0.0033615278422207389014	-0.0018038905000432590205	0.004482037122960985491
0	8	7	-0.0011243383047708759709	0.0034819322481274670063	0.0013642154147765280132	0.0053121758155222909004	-0.0015591033311731748723	-0.0060710580748826181718
0	8	8	7.0650634502195734893e-05	-0.0031978770877740311102	-0.0038926344702429100005	-0.0016129952878749091207	0.0038926344702429100005	0.0016129952878749091207
1	-8	-8	-0.0017565658078900847714	-0.0075520610480966825565	0.0033577210522709064963	-0.0036327640113321835874	-0.0035772917782571672825	0.0026887563803200979426
1	-8	-7	0.00094025059064959369288	0.0027939693155976117259	0.00052398255916333410977	0.0027608092422416563409	-0.00046451569752243985264	-0.002756072088905091224
1	-8	-6	-0.0035260410257112219379	-0.00076941496382971011087	-0.0017972312645141718963	-0.00074337909801792804217	0.0018086348484003590166	0.00086293630338561905582
1	-8	-5	-0.0031116677157543813637	-0.0033052291985626058336	0.0017505782325134132838	-0.00040454094551946784188	-0.0034232587151723373534	-1.3780326881372633943e-05
1	-8	-4	0.0047532661850810077261	0.0010906131304798413837	-0.001399589379093112932	0.0023141375195965332989	0.0039874953044564780125	-0.0043556217565731058725
1	-8	-3	-0.0041979458225988690312	0.0041977934313950160741	-0.00200876262025127773	-0.0022861932855931695052	0.0039573850464704506472	0.0074957799053801243278
1	-8	-2	-0.00014919489577163246963	-0.0053986501598672310617	0.0002758786493565917354	0.0011405669426559341892	-0.0011781120453121830816	-0.0072615928505573527213
1	-8	-1	-0.0014734655571352818938	0.0034876575679554018029	-0.00064312838672757506597	-0.00028935957351465253599	0.0036715615366853188509	0.0058025341560726216572
1	-8	0	-0.00019163143124717723232	-0.0051650748725697139332	-2.395392890589715404e-05	-0.00064563435907121424166	-0.0038746827284125047453	0.0017611028557922613416
1	-8	1	0.0029513886487287643856	0.0060585828833674146635	0.0011533673411668965772	0.00099422697973721970224	0.0062755500806064073646	0.0018952329545303440387
1	-8	2	-0.0018388005459513672574	-0.0047380415768711768229	-0.00090510481130565265031	-0.00039085687694014970093	-0.0027010189722469269726	0.00080559328067498982458
1	-8	3	0.002485134171788338283	5.5349746305618935664e-05	0.00082880357600055890813	0.00095276640535848990295	0.0013817648120720443274	0.0025222604988541000824
1	-8	4	-0.00034225906524161417129	-0.0024918216271395069589	-0.0023741739987170685025	-7.9572238952427428154e-05	-0.0046627832311237332047	0.00046381092888002188341
1	-8	5	0.002591221911959927602	0.0025588218214931761872	0.0033229453868003720057	-0.00090303683102635349048	0.0047984682364886101225	-0.0019566232939408007355
1	-8	6	-0.0068144127914454358241	-0.005163804814597256973	-0.0028291004347193132555	-0.00012082938016110599607	-0.0026363984477181779363	0.00069952829555140142847
1	-8	7	0.0046759339480211183776	0.00076627542790019234804	0.00098384597269464803618	-0.0016392780748148302015	0.00045640483336229523094	-0.0019829285752026907207
1	-8	8	-0.0030746062195737724858	0.0036975089634941190816	0.0010893533879905846918	0.0034958592454072388335	0.0014736791654373063067	0.0030336706249704742736
1	-7	-8	2.2561858709584805909e-05	-0.002525594111981959225	0.0051650190522763081424	-0.00038241185234240903604	-0.0045165714384030712647	1.8911106801862979698e-05
1	-7	-7	0.0010674220079216259743	0.0005612486201425876493	0.0016872718315773136896	0.0029558802647245210893	-0.0015347829733027957243	-0.0028757018904184373717
1	-7	-6	-0.0028078949516401521119	0.0025945704842751651439	0.00042968284698610410659	-0.00069946025311650903648	-0.00096927914675714688195	0.0012484653760151214179
1	-7	-5	-0.0036153615373964776737	-0.0026962000962038970044	0.00075724503292274735096	0.002764507582008914402	-0.0017832153535711418695	-0.0044095506340532594769
1	-7	-4	0.004195646403927938764	0.00031209792673617169296	4.1975846524967959058e-05	-0.002595787669160249788	0.00097545386956329077112	0.0046206529027144806893
1	-7	-3	-0.00018034118402707630612	0.0010883269025475724064	0.0016745230123405205596	-8.7035362580717344993e-05	-0.0039673340901369069308	0.00056585814687086456645
1	-7	-2	-0.00087831222930142042408	-0.0032231270038167213546	-0.0013305084560658636712	-0.00097594530742388591656	0.0042176234815798126915	0.0018042450740752399765
1	-7	-1	-0.0018392114713578361102	0.00040299442662936968765	0.00034599308000957725712	-0.00022110629870110252862	-0.0042611630314248766932	0.0019507385175370874422
1	-7	0	0.0023257455505692084356	-0.0055343795097349927914	0.00033224936436702983073	-0.00079062564424785611306	0.00039777711117836695148	-5.1217182532750098905e-05
1	-7	1	-0.0030180106269049032132	0.0035955319804823419189	-0.00096658242954081633695	0.0008319467600738029078	-0.0037480663798808112538	0.0022280953400342783273
1	-7	2	0.0013414286758585520446	-0.0059352147007802284057	-2.2150590154748345787e-05	-0.0014218369824434010443	-0.00074824140347089522409	-0.0020088220881617894521
1	-7	3	-0.0010265780121075397929	0.0060212059590676715939	-0.00052678420148767309342	0.0029686110855008341833	-0.00088697046610205728702	0.0049196905464793895188
1	-7	4	-0.00094042763983382749501	-0.0029885419941424093936	0.00029829092726132825936	0.0032896447076553010994	0.00075711603266578138185	0.0065040137369323791638
1	-7	5	-0.00019174611386555678459	0.0019919139363403638547	-0.00038734975501966201943	-1.460887025348615794e-06	-0.0005039404342544155516	-0.00040042802910356085173
1	-7	6	-0.0029000771895833651025	-0.0048329099196694454491	-0.00068711530195397687443	-0.00018371835810643090728	-0.00031828832068241216975	0.00059114690215407146665
1	-7	7	0.0060423766514665910865	0.0061002642914528004692	-0.00068823629895560327601	-0.001769504519623882853	-0.0015514329634508305586	-0.0026409708469742831059
1	-7	8	-0.0065104702628053859326	0.0020294160279567632389	-0.00017502329048498031609	0.004780867571409233574	0.0006606634036763154921	0.0039295821214884833761
1	-6	-8	0.0012349579081375018988	-0.0012345698535260571545	0.0042515603288868176676	0.0021868250444180710977	-0.003034300508147925405	-0.0017944400150043105218
1	-6	-7	0.0016941226236756614081	-0.00025467698070928630793	-0.002796697230326674298	0.0021337798267758939855	0.0026391865722336723017	-0.0018653365630520930048
1	-6	-6	-0.00055334699463592128439	0.0064013964622871826621	0.0017811747584522657877	-0.00029690476206924116881	-0.0018733992575582527045	0.0013638041724504384056
1	-6	-5	-0.0019103792543814692578	0.001500489234387449803	-0.0020961433278361509859	0.0028133506776808758776	0.002133296142527087158	-0.0030759229663395613527
1	-6	-4	-0.0010554807326666724738	-0.0023194126581496912927	0.0024718056529811818084	-0.0022952805355988450259	-0.0039715786626384414273	0.0028630676388608448241
1	-6	-3	-0.00062082309231932357452	6.9353425252179984805e-05	-0.0014811511260874167615	0.0054286045017691280518	0.0027553612214017259539	-0.01083409119512086273
1	-6	-2	0.00037767254383351810685	-0.0023061674702358463812	-0.0004444553179899330634	-0.0013327257034445999778	0.0015222022258865582165	0.0028450933752158769595
1	-6	-1	-0.0023131647166328189909	0.00041398194010647617908	0.00038438973064213762107	-7.1315029615887993216e-05	-0.0046195031004856446089	0.00084187211780180413838
1	-6	0	0.0028763706273016889474	-0.0014094018665810215812	0.00047939510455028154544	-0.00023490031109683694828	0.006394826634008292203	-0.0073220780637882083158
1	-6	1	-0.00011359867103492072335	0.00029235111717610979144	-0.00019584636413267408135	0.00075381593672402432121	-0.0010614795137611236428	0.0042305445031680368947
1	-6	2	-0.0034314523292240505653	0.0001548636319809059054	-0.001022595394362138272	-0.0015378858515440758242	-0.0013520600184743895335	-0.0046910893706226799646
1	-6	3	-0.003121286920530986532	4.144283276200666521e-06	0.0021413758483447005269	0.0003980957826641795083	0.005323180670199730187	0.0007948101375696254656
1	-6	4	0.004405005885052304046	-0.0068291739654679590663	-0.0001611858753150538059	-0.00190452489157720041	-0.001343030284235656761	-0.0011494938459988108485
1	-6	5	-1.242749912840934586e-05	0.0055633031042147812473	0.003178535193610449415	0.003232208331191731461	0.0038167277321582209967	0.0027659893765871212436
1	-6	6	0.00063528125001226568285	0.0001894851882018767236	0.0021424596170230127481	0.0034274324360180174857	0.0020365794086876351163	0.0033958515713177045946
1	-6	7	0.00047291049194488846835	0.0021917942307176823194	-0.00048815163490625607806	-0.0033146851747779151713	-0.00048597432876891787134	-0.0031542721827693106021
1	-6	8	-0.0050098003387985309137	-0.0014907013419543082774	0.00084595690741122073729	0.0046757956553238255379	0.001260692722908231863	0.0036931844092371575797
1	-5	-8	0.0010582059048933768058	-0.0014202133613416803495	0.0024435236222168647997	0.0014135434436878034723	-0.0013949265257738683449	-0.0010609913224725871055
1	-5	-7	0.0018809351054778773293	0.00058184364030374044127	-0.003689694198795347678	-0.00026161068263448958174	0.0029042008713506596053	0.00026998529335374118511
1	-5	-6	0.004565664014674439275	-0.0031911885015099548425	-0.0015540574282182262507	0.00062303853152098935195	0.0020559918592942616825	-0.0010510635265191501948
1	-5	-5	-0.0021317683265515727058	0.0045098006122165348528	-0.004584674925093779746	-0.0026162037756539773502	0.0041583212597834651181	0.0035181638980972844075
1	-5	-4	-0.0028989177488772349504	-0.0032916106471809836523	0.009394492352942112115	-0.0020257884445525685228	-0.012467844878396949423	0.0017093328938954648489
1	-5	-3	0.0036122130665681355215	-0.0059522160370384952915	-0.00041233038251589697277	0.0045490092421914193888	0.0018912883263825402188	-0.0095657540826651968335
1	-5	-2	0.00055011478681280684151	0.0010028960713148145963	-0.0014770599201744791153	-0.0051119862796802639782	0.003967707193842601697	0.013281413734858067352
1	-5	-1	-0.0015942401181953630256	-0.0019785361806565790292	0.0021302822037265818807	0.0012501040491556746851	-0.012245651136828272429	-0.0082290564264349535389
1	-5	0	-0.0013069552344264032551	0.0029849901916244457774	-0.00026139104688528062934	0.00059699803832488911211	0.013348470893037121116	0.0077088996967256320086
1	-5	1	-0.0031598566157304166895	-0.0023241992614930948556	-0.0032433007766285168808	8.1092150863217821546e-05	-0.013056647267412168148	0.0027296600158091838956
1	-5	2	0.011423822489501868002	0.0012009419015349227441	0.004480170592186212726	-0.0062126886769798984195	0.0054885152357145973803	-0.016132192643217208722
1	-5	3	-0.0037324521844310540146	0.0040936030132857790728	0.0054858128140758601748	0.0081276374693102625829	0.010387172084936785108	0.012181528111088510413
1	-5	4	0.0076007917688919405391	-0.0066523498291625538306	-0.0090898443945521250481	-0.0067622158068346193208	-0.01326250343541313971	-0.0067896823012526356933
1	-5	5	-0.0029115544990867699669	0.0093760905634455698338	0.0045129381891265418769	0.00092336022941561966219	0.0050952490889438952631	-0.00095185788327349423951
1	-5	6	-0.0028345313855791306329	-0.0078884972891834805042	-0.0039521611327012215811	-0.00278953689266954203	-0.0028210457129878292563	-0.0010098645290273716799
1	-5	7	-0.0010729396605344530564	0.0020438960800344269098	0.0020917843741983109702	-0.0062908190172717070796	0.0016474087902180012226	-0.0047854273094847087772
1	-5	8	-2.5177210128700433148e-05	-0.001989497663499710696	-0.0018900117057580583663	0.0032571402353223180039	-0.0011781101648326989303	0.0022843998550139124268
1	-4	-8	-0.0015405971434822988454	-0.003426730390052179151	0.00072545003642032290878	0.0030449328728759639771	-0.00055529966114544881007	-0.0019508077351945043824
1	-4	-7	-0.00042827080631041857016	0.0021644773991642564902	-0.0020057941719369863295	-0.001934721368366959255	0.0010849865544910752575	0.0014147661246617275824
1	-4	-6	0.0026906590852467187312	0.0028479865951142428748	-0.0012983631561823436116	0.00068811920114211213781	0.0013140186183293487907	1.5918298424299082166e-05
1	-4	-5	-0.0034549579653808917996	0.0067461189761653540115	-0.0028711210743327625176	-0.0043402259060668860885	0.0016059052663900314807	0.0048214045200865793261
1	-4	-4	-0.010599341663215725365	-0.0065034423405806616666	0.0015525476507974532957	-0.0027942869739761492902	-0.0042023830666013846369	0.0011684263888309838735
1	-4	-3	0.008968113482068469991	0.0008210658258916845231	-0.00098497437022696497644	0.0044587743037055489748	0.0043026703209921102547	-0.005671343796310170278
1	-4	-2	-0.0070475064060143647465	0.019770784593415503816	-0.0052292746124949279415	-0.0013137370024428822023	0.0069347960219826726425	0.012512866301593516746
1	-4	-1	-0.0063347316665593404045	-0.01950230090963136001	0.0011713448787036800751	-0.0031237965288110070006	-0.011020111181374060705	-0.0070071147943873328748
1	-4	0	0.020729436314804713937	0.007441883906635867775	0.0051823590787011784842	0.0018604709766589669438	0.0065083209361533785053	0.0070453910713325056808
1	-4	1	-0.022921045381573072752	-0.003223943430049888443	-0.0079820992452316295862	-0.00028144082840097042232	-0.0090073515993534455926	0.0020981801164460067537
1	-4	2	0.012553239906858604594	-0.0086565113621567945507	0.0075388591595563795786	-0.0068583874557515802153	0.0088010983656834577277	-0.009388519230424762288
1	-4	3	-0.0030519144505298722789	-0.0028147369336029891621	-0.0068629711408143608681	0.0026160873792438750322	-0.0081333233709091901087	0.0044263621501928300528
1	-4	4	0.0066391116370666872215	-0.0054783059623026153506	-0.0083769959853843747183	-0.012560357017757040055	-0.010036773894651046524	-0.011190780527181386217
1	-4	5	-0.0037796088320328998823	0.0066632255798648367534	0.011857800230980453451	0.0049886970992690116838	0.010242161951190943345	0.0026583125634422415627
1	-4	6	-0.001429505617266952364	-0.0054586925244930022127	-0.0046228399755843824909	-0.0012993288400007568708	-0.002843642380845095869	4.3562860748329241308e-05
1	-4	7	0.0024941855102295160812	0.0011537201343107975158	0.0085010879969381024368	-0.010244372887311744766	0.0045014523539318425718	-0.0060187445262225398521
1	-4	8	-0.0039919251297569234224	-0.0017182062779668655708	-0.0015539418188236931839	0.0058711456687157151033	-0.00027798026819223127255	0.0031503486191037156396
1	-3	-8	0.0018655610815722411047	-0.0018576425224297369015	-0.0035009805852383936615	0.00094857515095912497884	0.0015460628546609279238	-0.0005879209969133889933
1	-3	-7	-0.00068534343446549411336	-0.0010919656069183810831	0.001071510608741393358	0.00043334391872538053627	-0.0005571250372413819648	-0.00034171390901350324944
1	-3	-6	0.0012549665365593637174	-0.00083316596363929300469	-0.0016236144281059248454	0.0024319161657101752948	0.0010209683034795231146	-0.001354819076794969851
1	-3	-5	-0.0033562278067889301895	0.0064931552686419095194	-0.0028911046229773691534	-0.0015773514755074451079	0.0010634172124286355408	0.002245041939032849012
1	-3	-4	0.00032913319281801536008	-0.01562290172423166229	0.0036237695731533535459	-0.0035768845735349051249	-0.0026355438816605112652	-0.001223062000906736729
1	-3	-3	0.015967945401720449322	-0.00069549896624818586133	0.0060240256119384388497	0.0072988248591885360531	-0.00070137714469828849745	-0.007530657847937931304
1	-3	-2	-0.0037594305772291913316	0.010520977165834360934	-0.0051752075846958484062	-0.0040220202103702700977	0.0058830960884291771604	0.01129351889847258518
1	-3	-1	-0.008997081509885266476	-0.021151275116897551298	0.0051431764359564447267	-0.0054913236124438137564	-0.024426610817754601523	-0.0046773042795661091617
1	-3	0	0.020836149357738423943	0.015253848592605980319	0.0069453831192461418925	0.0050846161975353267731	0.018126374377280596306	-0.0041351643063246281903
1	-3	1	-0.021090155360529452833	-0.0005876562489091758084	-0.010667131900478068682	0.001899010599174600581	-0.010911240340904753213	0.0062846880464329773347
1	-3	2	0.0093222971701564637942	-0.00741647934783558338	0.0064632227701287969096	-0.0001540429405833104433	0.0050336855701149634673	0.0034771752630428261199
1	-3	3	-0.0028120362542131413855	0.006359902010632155489	-0.0046888384741438507777	0.0080143876215432383048	-0.0037514930560728037938	0.0058944202846658525635
1	-3	4	0.0044624929070274177781	0.0027893409750305289338	-0.0016261823945408553863	-0.0018484154527452279805	-0.0023352600226624960385	-0.0020836468333165531104
1	-3	5	-0.0051323103512825639719	0.0072986391735924563764	0.010505749278524535023	0.014761595344736363339	0.0073299116373712336348	0.0073972293721233269015
1	-3	6	0.0010663690440761641135	-0.005933467327389625387	-0.001677179670647694059	-0.0019530372327161624451	-0.0010163180093365410846	1.2392604873523018218e-05
1	-3	7	3.3345067481844981819e-05	0.0044459871780006951156	-0.00021564668173791888594	0.0047620522299149908169	-9.7183587527943093311e-05	0.001405738501677753936
1	-3	8	-0.003753109985720533108	-0.00084366774624419381065	-0.0066846053802924933901	0.0055808585350990251583	-0.0020375882693946184912	0.0021982804189426587149
1	-2	-8	0.0014208065584054593942	0.0038542585185522434087	-0.0047593161196661628101	-0.00049004348577468426901	0.0013674298497172230997	0.00060429318626270154755
1	-2	-7	-0.0011099646096754856202	0.00010767370385698705516	0.0025412190301323371068	0.0015345642424919110798	-0.00088462895284859423099	-0.00042306496873240501686
1	-2	-6	0.0010556258098337169358	0.0029292313159440890556	-0.00029888031595525003893	0.0040086431072128914446	0.00027556440695736950227	-0.00084800914974694904455
1	-2	-5	-0.010723195402127410833	-0.00028066810645501448496	0.0072475223704247760878	-0.0014337395392586271825	-0.0050436480285953920813	0.00051736219441244799769
1	-2	-4	-0.0073119832686341125483	-0.020327490010131388926	-0.0034442887894085951264	-0.0053999289348278444942	-0.00010585142245423066873	-0.002381908035118925418
1	-2	-3	0.013637630761390172676	5.6029612834131154028e-05	0.0006663594962133533332	0.0029259126405882639882	0.0041016372563211552643	-0.0019319318894474655623
1	-2	-2	-0.018358943634430566205	0.022225314710559294917	-0.0058855947945861721016	-0.0052921019393712496331	-0.0032938770226291101337	0.016404759294650895357
1	-2	-1	-0.0062093834538778100787	-0.029959538912146529283	0.004448663066126299151	-0.0037892669232113458146	-0.015106709586130407513	-0.022381005065723838521
1	-2	0	0.018702188894948755526	0.012734245031917687183	0.0093510944474743777632	0.0063671225159588435913	0.013571117202330037002	0.0034369157590880797422
1	-2	1	-0.014557679793062362761	-0.010965420409745510119	-0.011753485854714100858	-0.0061874326861230018182	-0.0089492919163658372211	-0.0014094449625004922162
1	-2	2	0.011665518701988423708	-0.0027061432758989380741	0.013907167242930729145	0.0036294875690128618195	0.0080744078919365164237	0.0049825592069623310734
1	-2	3	-0.0064069731018291482469	0.0097909607246574412859	-0.0088734904349304696142	-0.0010254095426136370945	-0.0037800025893439301826	-0.0039472599366282383471
1	-2	4	0.0052023489467862915961	0.00036046219778735510324	0.0055187993180106842059	-0.016302669710139744419	0.0014588124223087689871	-0.0082414504045167109175
1	-2	5	-0.0041051537713082224268	-0.0080992093310456193117	0.0046824220153794185451	0.007982679582909650573	0.0026939995604134121636	0.004812913699372984265
1	-2	6	0.0019968547427560100725	-0.0025901627693603085541	-0.0041942443411542469633	-0.0050454250117949158219	-0.0017308905708440839276	-0.0012501145423715871816
1	-2	7	-0.0058276668882666195562	-0.00046284211299353719997	-0.0017134513017989644584	0.0015288774459184940706	0.00034296632638124152767	0.00050294242926150365888
1	-2	8	-1.4158960131001637939e-05	-0.0050024404690304840812	-0.0079199432535828374891	0.0025470350106843214939	-0.0019782159433793340339	0.0012620638112998908836
1	-1	-8	0.00052267898915167023896	-0.0012034071189008211343	0.00092414403249517886388	-0.0061950111659296817207	-5.0183130417938584891e-05	0.00062395050587860751909
1	-1	-7	0.005669978250543664805	-0.0044776689398738018025	0.0024426168335256797856	-0.001752060086093330327	0.00046105163100256928849	-0.00038937269339721022627
1	-1	-6	0.0024863342749968974157	0.0042367473453020316684	0.00040863061840947894872	0.0026104228683090126284	0.00034628394276456977161	0.00027105407949883645246
1	-1	-5	-0.0063236225873858666058	-0.0042403890793786267258	0.0034218166264159220052	0.0001540642557972665954	-0.0019490878427603577656	-0.00087889066703517862086
1	-1	-4	-0.0029162099015521648557	-0.016507253312125273054	-0.013136542657325667172	-0.0052673876707520720514	0.0025550831889433757958	-0.0028099664103433002506
1	-1	-3	0.023247342414003155375	0.00544183620950751748	0.00054752669443471036707	0.0029860703208499611398	0.0075666052398561476494	0.00081858862955251870779
1	-1	-2	-0.024156164614734087354	0.0094419387182132115399	-0.0062896479129582443662	-0.0021255956060344765972	-0.0089332583508879206263	0.005783767162123843418
1	-1	-1	0.011784567434710433581	-0.0032037947738760715576	0.0056941848273262003072	-0.0028392732481967650204	0.0060903826073842324065	-0.00036452152567930669975
1	-1	0	-0.0066152089146951729287	0.0098334960217930904997	-0.0066152089146951729287	0.0098334960217930904997	-0.042683218286014096288	0.0078712057344865957176
1	-1	1	0.010967406513574541257	-0.015871587600080117042	0.0016807098651287046345	-0.010080676785407222118	-0.0092866966484458357556	0.0057909108146728931893
1	-1	2	-0.00045193510891866747661	0.010450678267746876457	0.001334405685377661405	0.016065149635073973367	0.0008931703971481643866	0.0028072356836635493221
1	-1	3	-0.011012077451252693522	0.0056781795707401532675	-0.0025932943025098469277	-0.0070703197829349341552	0.0028062610495809487202	-0.0042494997845583621851
1	-1	4	0.0075196907164319327574	-0.0060004123964180816272	0.014794045405535116364	-0.002293006156281233391	0.0018185886722757959016	0.00092685156003421195064
1	-1	5	0.0023248523242787150732	-0.010304377972272443093	-0.0043096660357431993901	0.010545261212121096947	-0.0013269036720043830661	0.0041699278368787081814
1	-1	6	0.00035300389139407043577	0.00035046631295367346214	-0.004224350020834401892	-0.0068215169548108776226	-0.00076289231870474536086	-0.0011953305446274250633
1	-1	7	-0.0015267673181230114951	-0.0056593326556435294764	-0.00085935110084970451564	0.0011417662252961250768	9.5345173896186719096e-05	0.00097158555441995066593
1	-1	8	0.00083747694901715032199	-0.0012089917182848272052	-0.006315233231016061273	-0.0028142110667201728456	-0.00089408877250415138161	-0.00020065241855441820506
1	0	-8	-0.0021030592376897775872	0.0020006922419815989164	0.0024860536687236387508	-0.0036530298844082527074	-0.0002628824047112221984	0.00025008653024769986455
1	0	-7	0.0019557052429775173032	-9.4208953500917982015e-06	0.0033241174154779742043	0.00175038352017631944	0.00027938646328250248737	-1.3458421928702567347e-06
1	0	-6	-0.002905740147198680734	0.0039528419677669866805	-0.0013759943449983709756	0.0019892315701779332386	-0.00048429002453311350987	0.00065880699462783111342
1	0	-5	0.0019572375285619629873	-0.003686277387049962783	-0.00053590656447072976265	0.0030075956471633073785	0.00039144750571239259745	-0.00073725547740999253492
1	0	-4	0.002762020058872484158	-0.010652841354348923167	-0.0073566007546763713398	-0.004539995259006299709	0.00069050501471812103949	-0.0026632103385872307917
1	0	-3	0.011461464083314654855	0.013775408991728254476	0.0086464073783190688316	0.0031289280473115427088	0.0038204880277715514737	0.0045918029972427517812
1	0	-2	-0.010055538614409905915	-0.0097623248427255431697	0.0026683951837100441939	-0.016708634827403236189	-0.0050277693072049529574	-0.0048811624213627715849
1	0	-1	0.0023626468295912033887	0.0020057798718474415325	0.022124428122709816069	-0.0016533895109891751356	0.0023626468295912033887	0.0020057798718474415325
1	0	0	0	0	-0.037127664088751094473	-0.22449900311624318427	0.042325974187293766149	0.047231412419661750191
1	0	1	0.0077109282690840646318	-0.0067752682886971487414	0.020861887743424307323	0.0030975774592908295567	-0.0077109282690840646318	0.0067752682886971487414
1	0	2	-0.011922628843411031338	0.015689435786447537141	-0.012181705912974809605	0.012477875008651847719	0.005961314421705515669	-0.0078447178932237685706
1	0	3	-0.0035235317103937853489	-0.0077365050077899599409	-2.1085393630701536127e-05	-0.013302673611794293279	0.001174510570131261783	0.0025788350025966531691
1	0	4	0.0093877032741329063253	-0.0023553469233045663984	0.004344683043158202064	0.010174527524806393705	-0.0023469258185332265813	0.00058883673082614159961
1	0	5	2.8505640313169035901e-05	-0.0058311864424243926158	-0.0042125261425007259203	0.0038951831097691217223	-5.7011280626338066719e-06	0.0011662372884848786533
1	0	6	0.00091748904955400647099	-0.00065022851968950376098	0.0020404428647730885917	-0.0050103537226215567185	-0.0001529148415923344028	0.00010837141994825062231
1	0	7	0.0015291270387937558849	-0.0011257641649680199484	-0.00085778488684954648947	-0.00014140179218845750232	-0.00021844671982767941212	0.00016082345213828854857
1	0	8	-0.0010259562088270098978	0.00042403891132768194638	-0.0027043510953280096125	-0.0019866864659685429251	0.00012824452610337623722	-5.3004863915960243298e-05
1	1	-8	0.0015158051489752018097	0.00223565089635002507	2.236694292061223874e-05	0.00061704205116019754385	0.0001922715114869767586	0.00035658661843877782673
1	1	-7	0.0010436765114031712216	-0.0031323756184790771569	0.0033970222600438765986	0.0048727249681054145627	0.00063438553877814970409	0.00024862133566090535144
1	1	-6	-0.00148332223817140103	0.0041325187182128068908	0.0013975481377604972132	0.0020124578663764532659	-1.4295683401817305071e-05	0.0010241627640982099538
1	1	-5	0.0081586970676474201286	-0.0032852606913150676077	-0.0025026489643760834423	-0.0027028535723673369727	0.0011312096206542673373	-0.0011976228527364810028
1	1	-4	0.0016426024012224200391	-0.0045530223327081443402	0.00066500743241470095402	-0.0092157900745474478216	0.0005769024584092802754	-0.0034422031018138980404
1	1	-3	-0.00064061135335339138355	0.010937620492942005251	-0.0045699333409271840345	0.0090768899014130217939	-0.0017368482314268586172	0.0066715034647850095934
1	1	-2	0.0018656445919078630709	-0.016476798071839875159	0.006386587494874785241	-0.021872224407025173121	0.0041261160433913243728	-0.01917451123943252414
1	1	-1	0.00082012145861202351022	0.018240637021063484807	-0.010672513750899909751	0.0084899779841394983071	-0.0098523922922878863495	0.026730615005202983114
1	1	0	-0.0055405425232821544496	-0.023317709564939548966	0.0055405425232821544496	0.023317709564939548966	0.045072602602134442806	0.030008262302439213387
1	1	1	0.022829076380113621364	0.0069342270112526544629	0.016794752100581466364	0.00088369688459603737505	-0.039623828480695087728	-0.0078179238958486912958
1	1	2	-0.024215118373120264605	0.015615024095489456538	-0.016369337613289656336	0.010527746178004129818	0.020292227993204962205	-0.013071385136746794045
1	1	3	-0.00041371516396141301509	-0.015028051072370205918	0.0044311447446455064225	-0.0048908380412584643096	-0.0013391431935613645234	0.0066396297045428903649
1	1	4	0.012607302504485967676	0.0083018482791470810112	-0.0012368991668420729977	0.0092717791005032940133	-0.0028426008344109737237	-0.0043934068449125937561
1	1	5	0.0019965233568510131965	0.0024252539865626154998	-0.0024430427648513392512	-0.0018381234656196540449	8.9303881600065257028e-05	-0.00011742610418859233436
1	1	6	-0.0018229257787713208476	0.0028012783551654789858	0.0050103127083530561714	-0.0054391306772194796329	-0.00053123115493028925677	0.00043964205367566679258
1	1	7	0.0009998641389760362392	0.00030855616311298723333	0.00032808566619970048117	0.0024941147970426219733	-0.00018970711502510522253	-0.00040038156573651563193
1	1	8	0.0012724317880780772715	0.0019125577453508774313	0.0029165925908296902631	-0.0038477387020995771141	-0.00052362804736347094182	0.00024189761959358746036
1	2	-8	0.00080908478620671708727	0.0021392541969518685981	-0.0032539703506369796471	-0.0016869890818175152861	-0.0007123569893834052081	-0.00015434049583539524676
1	2	-7	0.00065435026499141514447	-0.001529157833580284398	0.0018831307605039792393	0.0047213736069728678632	0.00063151596942848196164	0.0011305127686236358421
1	2	-6	-0.0031733852898654111088	0.004928845824657707847	-0.0073906489700379940366	-0.00080010521381286114472	-0.002992447204990233197	0.00055477256617199755678
1	2	-5	0.010641364554820932631	0.0017193203158444630898	0.0029919713777315421789	-0.0085269603227396077033	0.0033250614620568032243	-0.00306692006592695042
1	2	-4	-0.0016147706761290162372	0.0023376865702778525623	0.017294031149313254109	0.0033905574959542041265	0.0082433229056243732119	0.0022797003905465650954
1	2	-3	-0.0026604480845658141398	0.0054148262842699393729	-0.0081068309648472374612	0.0012004214519939623504	-0.0062913700047534304102	0.0026052230627526215025
1	2	-2	-0.0018130460980464676614	-0.013051539503215459775	0.019593924783563532177	-0.0071963720303684633114	0.018687401734540299431	-0.013722141781976194067
1	2	-1	0.0024214491450374638071	0.01765082921808921318	-0.015223797251679428016	-0.00096397819339734684869	-0.028026145358321392226	0.015722872831294521651
1	2	0	-0.0091008052310880306612	-0.016091228013207756892	0.0045504026155440153306	0.0080456140066038784459	0.033709863195764709631	-0.0078238750182561458274
1	2	1	0.029943755870662416146	0.0072108392170123396595	-0.0008413153896396002385	-0.0050704705954175777541	-0.028261125091383215019	0.0029301019738228158487
1	2	2	-0.023395005781795649019	0.0083773796318655831955	0.00070248582542094966958	0.0036553819011527419192	0.010995017065476874948	-0.0078440717170855343843
1	2	3	0.0074418732548150725789	-0.0095377492745209718067	0.0004153451817637297881	0.0039463180157253982885	-0.0027575212061141775657	0.0005483710810233917432
1	2	4	0.010894775597653085647	0.0072543105244130233478	0.0006853879282823368245	0.0023282640353457706092	-0.0030663878635544396072	-0.0029777096487761411416
1	2	5	-0.0026288784917932440065	0.0063739593198980986841	0.00081119730386153992598	-0.0061578092634217984624	0.00020129677681403280922	0.0011883318413890998216
1	2	6	-0.0011341244475744755547	0.0031787538652061305723	0.0041499301720318232736	0.00064239089249000437976	-0.0011942893160815284265	-0.00074392260836435655531
1	2	7	0.001000687511006033599	0.00051531737075470487701	-0.0014499656583854972705	0.00026698802003364809294	0.00027132054368070871375	-0.00014989905868885729083
1	2	8	0.00074701197026411027442	0.00099793828149016675956	-0.0003143145222923452776	0.00019179959648189156001	-1.4797865709927464904e-05	-0.00017269218430674372817
1	3	-8	-0.0026386827554600025478	0.0029681154295575508904	-0.0046624285278268279634	-0.0037718637624791192045	-0.0020782460423675610216	-0.0010434344822349758946
1	3	-7	0.0012672308147228265787	-0.0056946460839515378183	-0.0030899074508791476296	0.006939814802095197431	-0.0011432130768449452491	0.0021606854746191507012
1	3	-6	-0.0040297801330582893806	0.004125685449781121665	-0.0027289129133480109421	-0.0058830644540177768481	-0.002036086478850387179	-0.0022539179853787011908
1	3	-5	0.0062579588583327227028	-0.001638603100258378617	0.0058141668239833450491	-0.011668886699728904868	0.004740091866056551223	-0.0073290526398890193382
1	3	-4	-0.00092059070106031970753	0.00077184527856898488968	0.00026205136081575462282	0.004585951114295813702	-3.3609154653263946218e-05	0.0036324246553641067158
1	3	-3	0.0022380850715873843587	-0.0011425786262706317045	-0.013095716719947936638	-0.0016554139086769109526	-0.012349688362752141851	-0.0020362734507671214484
1	3	-2	0.0038000276177023446615	-0.0075786837157347337543	0.010495754270419627163	0.0022217408778373139502	0.017643645214480613292	-0.00045673054111139643968
1	3	-1	0.0057142023822424779442	0.0098871496398002453598	-0.012317897523750544198	-0.0037349130970376277945	-0.031239490189009153781	-0.00131758965131263759
1	3	0	-0.014538528383528953603	-0.015556516367594875813	0.0048461761278429842451	0.0051855054558649586044	0.023917765129901548404	-0.0086445979863899267276
1	3	1	0.015536020841174412455	0.0070281056026559127897	-0.0013092226117187271816	-0.0058886249304110072078	-0.011608353006018231127	0.010637769188577107099
1	3	2	-0.009036570742249247154	0.0041189041532611568586	0.0050174097508324539546	0.0049521105730809976062	-0.0030078292551240573549	-0.0094876179362520744048
1	3	3	-0.00015844493126988107821	-0.0092851190399189757751	-0.0021976602385612650781	-0.0036849172904086331323	0.0022504752156512252206	0.0067799569703816250574
1	3	4	0.0067730873423021949534	0.00027551013803973878856	-0.0045344872950097321607	0.0019685770341129498785	0.001707593635681750599	-0.0015453103100946470518
1	3	5	-0.0032799289835980065255	0.0039617431650661909595	0.0033670206408707289633	-0.0039263570343447806027	-0.001364226587802836203	0.0015634655875936302131
1	3	6	0.00085487519711385546051	-0.00095118663003291583583	0.0027897113842054108157	0.0015937947325191618043	-0.0015373348916216812276	-0.00063836626125409498371
1	3	7	-0.00083116332021317205613	-0.0015529986407259647845	-0.0046991395723160033632	0.0028272298726309884158	0.0021326545767373118745	-0.00098981299673814283034
1	3	8	0.0038017935949960692671	0.00057779842839086718604	-0.0040631592207663342481	-0.001161136333262068011	0.0010484605084128666846	0.00036320132142441709233
1	4	-8	-0.0023751019011941927432	0.0032611891545129031815	-0.0039736105595771092913	-0.0023314254813353806582	-0.0022836930174378287928	-0.00075806409635357737721
1	4	-7	0.00015786262307174631124	-0.0053315949244092325846	0.0082846338592258515071	0.0071792959595047651719	0.0047566282942821643334	0.0033407984162299752574
1	4	-6	-0.0055723538658185743297	0.0079243580067934020483	0.0026324938243443606403	-0.0063984874208161237122	0.00082627023859314484983	-0.0029449319460785154667
1	4	-5	0.0017917229912435459448	-0.0028389829646084047479	0.0054244309146778673519	-0.0015030620654382376156	0.0046978893299910026368	-0.0017702462452722710854
1	4	-4	-0.00095565785246219203761	-0.0028254965940753295518	-0.0028429607078197046029	0.012250421086306331059	-0.0030818751709352529104	0.011544046937787499213
1	4	-3	-0.0038432888558331073335	0.00039264898733363449946	-0.003432396584026123354	-0.0035409550501979375307	-0.0058576250639792003944	-0.0045903904044860381617
1	4	-2	0.008959430601232366842	-0.01393967741400043911	0.0069487691966363448332	0.0074206845874412313835	0.018377253693888873087	0.0078715304678822432122
1	4	-1	-0.001196857015088564468	0.021463282009087231161	-0.0033014376849118684878	-0.0061819322228494066884	-0.014402607754736038853	-0.0032644468823103951587
1	4	0	-0.006731893707029876564	-0.0074829501130357356509	0.001682973426757469141	0.0018707375282589339127	0.014421382300961058109	0.0040542449363201865653
1	4	1	0.017526661997512033714	0.0082060099257641790776	-0.00042953721555879598257	-0.0046580685236682177475	-0.015808513135276848482	0.010426264168908691912
1	4	2	-0.019347241295285342449	0.0055521972158895250421	0.0024238187345176857163	0.0051799260495714897698	0.0048259831786072997922	-0.013135950707087742928
1	4	3	-0.0023639712043015508047	-0.0068326940333000305353	0.00029939305155937993245	0.001391254047800279765	0.00038879966602134370971	0.00042255928069963712233
1	4	4	0.0024507191728527508504	0.0078480854030281328726	-0.0024386333536674078062	-0.0019606886925422339907	0.0018259535604542203105	-1.3326582147991660597e-06
1	4	5	-0.0032733723210178907424	-0.0042172840030804291042	0.0024575368097715551141	0.0012491038182734777277	-0.0013113549836136660295	-0.00015582625400269650229
1	4	6	0.0016673573753922719086	-0.0021142342928442943786	0.0017079545870170528311	0.0052239325490296417698	-0.0014165292872434138722	-0.0031302493172123790725
1	4	7	-0.0037386920997720249002	-6.6522818753939942323e-05	0.001003013128018633536	0.0023094172464129727324	-3.9051487471787039681e-05	-0.0013101637381282785905
1	4	8	0.0047485193599292423172	0.0011199411493795054587	0.00011140431829261480511	-0.0060653559517850385088	-0.00064926707913746267188	0.0028926853322200811805
1	5	-8	-0.0054944137117220138641	0.004250700149586557168	-0.002416045542124064735	-0.0018340623240356316789	-0.002196830177792792084	-0.00061495143382395015333
1	5	-7	0.0013489196148247387195	-0.0047510375647702345406	0.005179698236614154426	0.0035024489747514150201	0.0038924872568422154949	0.0018230296155695487753
1	5	-6	-0.0026728640125317430602	0.0037769430162203558414	0.0038792181314093233425	0.0013324095303720721092	0.0027872044407524789421	0.0017398317780134527673
1	5	-5	-0.0010075935654110404569	-0.003003547842662280306	-0.0015771243269649183084	5.4775514421608199119e-06	-0.0017786430400471263131	-0.00059523201709029522569
1	5	-4	0.0033257249325820657793	0.00027543506204433048333	-0.0055910872281977486847	0.0024912866058555936666	-0.0061574278021016698448	0.0031829670228305747583
1	5	-3	-0.0063628553366596131077	-0.00090861698725513073086	0.0032366657960440116393	-0.0070058605341378329609	0.0032734912145201485074	-0.011979306552648099488
1	5	-2	0.011669006241759521253	-0.0072022416059509576647	-0.0014968201874787346282	0.0036668216825150429759	0.0020924526521829247064	0.0055659334033121288243
1	5	-1	-0.0040874633440110058266	0.013013110893032153043	-0.00039987076814545656272	-0.0030086083412281176656	-0.006086817184738289345	-0.0020299308131084344183
1	5	0	-0.0011437523600511655814	-0.01047415714963691874	0.00022875047201023309459	0.002094831429927383748	0.0043460391248470583644	0.0044562479684273478484
1	5	1	0.006640238516072457034	0.015684478511497360054	4.2827891096114128631e-05	-0.0028096489569202970013	-0.0068543779715530273045	-0.0016362337268958748304
1	5	2	-0.011268489878949393759	-0.0066651114962284858587	0.0017511225296178184897	0.0020416812848411424776	0.0012564386154301501134	-0.0017716474639886134815
1	5	3	0.0072310571483846152949	-0.00036495107780541594187	-0.0015389475794014304075	-0.00014352906777086881949	0.00015456024954084538218	0.00036086547221991999504
1	5	4	-0.0034455572658536304763	-0.00060688393366040225673	0.0011871138696232855485	-0.0021821217657906621934	-0.00062250302056569937082	0.0028793731906534281162
1	5	5	-0.0029481247903101730906	-0.0016558925763509757968	0.0029848793533490789072	0.001518441020942286248	-0.0023952543952870442891	-0.001187262505672091132
1	5	6	0.0024804936900279456538	-0.0038520570954974561739	-0.0027191846526036936652	0.0030459625397408771411	0.0018525715954984206622	-0.0018962926005344883998
1	5	7	-0.0041148206437339436906	-0.0049299387197680559491	-0.001386852133559740791	0.00018066783481508118204	0.0015784401873618068065	0.00057522850652752142639
1	5	8	0.0035723286746577329401	0.0046186197047134794347	0.0018952924491613294677	-0.0056591164671879710946	-0.0016310988650580474264	0.0029596203289032974384
1	6	-8	-0.0054391240491272327059	-0.0024370625548764792215	-0.0065783812470460315339	-0.0053590868008206544656	-0.0056136764414254280639	-0.004323947919975049993
1	6	-7	0.0044656244527184509041	0.00065392484329862099295	0.001220236612809704	0.0016393397127693238886	0.0016838634470823822531	0.0014985661599877949345
1	6	-6	0.00080700707446189172412	0.0030423172064756292404	-0.00014573191129769574306	-0.0060072478735977413028	-1.1230732220713799204e-05	-0.0055001950058518036743
1	6	-5	-0.0017807148183283359483	-0.0017727095132199475764	-0.0022594656113442217714	-0.0027262246122454528684	-0.003067501697278733272	-0.0036260114373385331742
1	6	-4	-0.00096259180298264646666	0.0004323263820301846889	0.0036225139606877745056	-0.00030145230614750406252	0.0051931229902860004399	-0.00034409686371370993511
1	6	-3	0.00078923403301526010804	-0.0039227997531546708251	0.00031475037333386624277	0.0013611138372548975232	0.00089257875767281911594	0.0014146277567915715827
1	6	-2	0.0028408361943351276464	0.00012709903180670265466	-0.00033091499637716656089	-0.00013114848634159214638	0.00042767310803606419477	-0.00032989594312142516601
1	6	-1	-0.0025635352928323348019	0.00091931901996123159982	0.00082956736338081862089	0.00016834358750255585201	0.0024138688874525767065	0.0019293805449765667661
1	6	0	0.0020692498025834879516	-0.00044694497770372609369	-0.00034487496709724799193	7.4490829617287682282e-05	0.0021340894070955135874	-0.0005866281860873491516
1	6	1	-0.0048357006356211920325	0.0036554704828198761671	0.0012105050931368139741	9.0100764215507277025e-05	-0.0024273299231996913784	-0.0041960750681129203171
1	6	2	0.0021391675612504076724	-0.0019672414910737669354	0.0003167001691599233195	0.00040842570133174600821	-0.0020196842881049737947	-0.00024165635845835458403
1	6	3	-0.0043902756490531765626	-0.0012099578042917686054	-0.0021350550864909401301	0.00069250298757037758498	0.0057335353893329388253	-0.00098168670704349889587
1	6	4	0.0042892076466399956317	-0.00060733856815378889967	0.0027188748361539963327	-0.0041277113254218050081	-0.0051506141658909931902	0.0063434016301711550895
1	6	5	-0.0049243654698791433991	0.0018613363601083321528	0.0022005202367145352063	0.0023772768009593602499	-0.0016557511900816136545	-0.0032249994331728986871
1	6	6	-0.0037772987160862524746	0.00049987878728299198639	-1.9329015922428124209e-05	0.0016609299521215309305	0.00064887880193680361456	-0.0017442430833353628379
1	6	7	0.00013377423293259741517	-0.0034924833558523820688	-0.0024019194551447055341	0.0007583663994181584966	0.002039677499705090831	-0.00015110214866522411075
1	6	8	-0.0010381560512714481728	0.00058200733411937024576	0.0037139469914746446599	-0.0032299039320674727965	-0.0026556907371970521481	0.0023496770322856833438
1	7	-8	-0.0063797750133151500535	-0.0040506259225513690375	-0.0015752309727845574972	-0.0091640549801540807651	-0.0021757989778508814854	-0.0085248763479537411486
1	7	-7	0.0060208118575146730295	-0.00091773833481562799592	0.0026176117250050682898	0.0072072752140355644118	0.0034777277046500213939	0.0070761697376333322282
1	7	-6	0.0004745675147782495531	0.0043682048155904281903	-0.0010828434422473739215	-0.00012251246624976928424	-0.0011842227634922281726	0.00058510292530700722721
1	7	-5	-0.00063112270455820151417	-0.0042912478395047363305	0.00029623614418225143905	3.0475611986611417318e-05	0.00028850606094351174437	-0.00081558371111969127712
1	7	-4	-0.000208642625257623982	0.0048905670913352511722	-0.00035978717045020118396	-0.0015409872730998298157	-0.00068178820460225810808	-0.0014740859550908896013
1	7	-3	0.0013251814259937087694	-0.0070304575835894115438	-0.0022593695238415207292	0.00049631306803509629092	-0.0048301350802989785616	-0.0011854220357812457996
1	7	-2	0.0007575288044443370325	0.001241417590445644285	-0.00018792049006699442122	0.00015588036370793820228	-0.00027895731301231195803	0.0011662900682006057014
1	7	-1	-0.0013157873557138380621	0.00090739617566343506224	-0.00035009142473863588381	-5.0940244141825364687e-05	-0.003766427328884289303	0.00055081446667065757719
1	7	0	0.0010623340502870471606	0.0035442474456300054886	-0.00015176200718386388395	-0.00050632106366142932453	0.00492467792318884625	-0.00022584099695374849773
1	7	1	-0.0035101019799174070467	-0.0037226557198836401734	0.0002823378863366829937	-0.00021740597160711171111	0.0015337367755606263076	0.0052444975211334227475
1	7	2	0.0026065332933131366532	9.1560251327706487323e-05	0.001255640498088196914	7.2453098503397623783e-05	-0.0056980083899652580678	-0.00029936597042574492012
1	7	3	-0.0041995866961257073691	-0.0027328211709995490174	-0.0015044423477333437877	0.00069788611531791981072	0.0049102277100863712944	-0.00071746054540862988589
1	7	4	0.0012905760304813139634	-0.0048961308574661504406	0.0024296365000539763002	0.0013557515869608524096	-0.0045745078827147869077	-0.0011485325628149539983
1	7	5	0.0011699445693113693333	0.00062159390753880802965	-0.00044449735820074567265	0.0014457861109004011783	0.00038830738761877009674	-0.0021484193367683232338
1	7	6	-0.0005385882726043168334	0.0011195902655251827387	0.0013594326302873713849	0.0020852014272654344727	-0.0014962400232345473422	-0.0026193333760638707469
1	7	7	0.0032654794177968014465	-0.0016108604888712483704	-0.0040383869176041468918	-0.0024588657742902263019	0.0035718898579188891086	0.0026889887012718329332
1	7	8	0.00018751665849872929778	0.0016273226174163247203	0.0057061384677093715881	6.9943851298947124894e-05	-0.0050163107415580410545	-0.00026461619706361934464
1	8	-8	-0.00198777431957159606	-0.0070216343671228292206	0.0055800731167805440666	-0.0046833548272622637157	0.0053316013268340945591	-0.0055610591231526167177
1	8	-7	0.0041823515609159004833	-0.0021649481359404952781	0.0020175438477091976568	0.0086057163844442136763	0.002903243191798497453	0.0095258261342304594715
1	8	-6	-0.0034457188658921769284	0.0078778043387976136314	-0.0017287383671725144608	-0.0026576207373217308749	-0.00287927096721204848	-0.0022305269266293717943
1	8	-5	-0.00082601348088308390333	-0.0058199157419978886363	0.0037753859804770541729	-0.00067172579781391375271	0.0058754148725866693972	-0.0022387444249018398183
1	8	-4	0.00025030866525410286599	0.0037991936064214687843	-0.00061450180121800203684	-2.1329167553062565449e-05	-0.0011664264361224783301	0.00090714006649924216683
1	8	-3	0.0028959083348393415726	-0.002983808666840802315	0.0009069737946404062565	0.00070305439313905217745	0.003383899563987530397	0.00088020882609053847662
1	8	-2	-0.0012945430636687432335	0.0098937448545935585686	-0.0019679915789647837651	-3.5816998403941420904e-05	-0.0085192378476935080867	0.0048036044336810142241
1	8	-1	-0.0026152785319697529308	-0.0039248297119521859122	0.0010196793115225875719	6.3735289195652399349e-06	0.0055421559602109472104	-0.0038738414805956637894
1	8	0	0.00065996809794878464293	0.0053930609881653419554	-8.2496012243598080367e-05	-0.00067413262352066774443	0.00029683626357131790352	0.009321935087063705147
1	8	1	-0.0028106922377534827515	-0.0042742594213888819923	0.00032658032307706128623	0.0010339900870826156803	0.00019804965313699246163	-0.0039976612752720434504
1	8	2	0.0021550475907580902285	0.0043214032615061367601	-0.00019166680100201813602	-0.00084973054975365734914	-0.00031085659137097257018	0.0012382205682615610165
1	8	3	-0.0033705195073608787762	-0.0032201903103429088682	0.0019186537578022256831	0.0021400024004598503999	-0.0039929035183523088962	-0.0046332762977786311545
1	8	4	0.0037403393107500156403	-0.00072112431794447951709	-0.0024759102938283678898	0.0010130124572237768354	0.0040167357599692320863	-0.0018457438349614337103
1	8	5	-0.00073867746339677405314	0.0026936125575540378375	0.0022253344509652827309	-0.00042170380182037306167	-0.0034127996288650973636	0.00013600357140178934742
1	8	6	0.00083210760253958735051	-0.0015038526332791348275	-0.0019880184273315614461	0.0038842899825243101461	0.002512006636018817695	-0.0049284112044858906232
1	8	7	0.00023294492815317647898	0.00023919941300348370535	-0.0022985325223353206617	-0.0071617351910791575073	0.002593616464361341023	0.0081506688736613965018
1	8	8	-0.0015700380769747780598	0.0072403426113233203959	0.0029760431231959003605	0.00088930453614616787605	-0.0027797883635740532927	-0.0017943473625615829255
2	-8	-8	0.0018519827715756632339	0.0057466611910908906372	-0.0049710686447267801377	0.0023518628091755608943	0.005434064337620695892	-0.00091519751140283834342
2	-8	-7	-0.0023535189989504616027	-0.003030701923137560979	-0.00057469124843003815527	-0.0027203457037376027952	-1.5644001494373944902e-05	0.0022430516833751002435
2	-8	-6	-0.00031431055046967395746	-0.0015291544680394884761	-0.001635681073988177938	9.9133520036262832509e-05	0.002076137915161012544	-0.00064189618272817989923
2	-8	-5	0.00018575373492227834288	0.002412124322493679196	0.0018205491672476990621	0.0022347355118272332203	-0.0028385771736274072706	-0.002610727089926101474
2	-8	-4	-0.0010343432119134586371	-0.0018368330191864577165	-0.00013635885176089277207	-0.0014228910243562684339	-0.00024445390243494372019	0.0019273655391193079012
2	-8	-3	-0.00065395307421412007028	-0.0029567923828798001011	0.0023074283747087499623	-0.00048733965705946693863	-0.0065891110486994133519	-0.00067162250309462160052
2	-8	-2	-0.0012916513312187078398	-0.0011706180429149203211	-0.0012138749709959656929	-0.0019820792423499858717	0.0035638485527651553655	0.0067576989264850227321
2	-8	-1	0.0064760962248812652814	-0.0025521483826910773551	0.0022897324092341865207	-8.2175117148000262866e-05	-0.0053656668241109616024	-0.0044468958281981526073
2	-8	0	-9.3770160993845443845e-05	0.0063805748857518459691	-2.3442540248461360961e-05	0.0015951437214379614923	0.0061324377536610937336	0.0040645062245779029972
2	-8	1	-0.0010780840139673314015	-0.009062916426889007504	-0.0010707068622128807812	-0.0019103121885615807936	-0.0064094868697683830133	0.0028433353452853699604
2	-8	2	0.0081116432850056284509	0.0091182595934995690212	0.00299184715646603561	0.0006107241090530026199	0.0038557453408585135556	-0.0066753631572875589753
2	-8	3	-0.0055872171741436797363	-0.0045949587749849517618	-0.0027438491618967152455	0.00059412753300220352923	-0.0035921196489621214087	0.0046476459379958439191
2	-8	4	0.0031633540455297403	-0.00063442259250986630329	0.00075727190519804163903	0.00036806006570992461265	-6.7133212368786993941e-05	0.0010533314276747823227
2	-8	5	-0.0056412429226309875399	0.0020964351820682122947	-0.003837962843866547704	0.0021970599614454669815	-0.0038842433811340812237	0.0026767218654854619056
2	-8	6	0.0023966656548423440586	-0.0022959433787190903185	0.0014343053952228454213	-0.0019759380314334092608	0.0011135186420163456587	-0.0018692695823381824585
2	-8	7	-0.0033423433888867398744	0.0051015945467725847678	-4.2663906692830632738e-05	0.0015249749776128510362	0.00090619650346154779694	0.00028523010390823415414
2	-8	8	0.0026716542495746381687	-0.0025780204558920904491	-0.0023359985675398806972	-0.0017921606471060095092	-0.0030039121299335401309	-0.0011476555331329870054
2	-7	-8	0.00087560141499002416398	0.0027803483682320171214	-0.0031185364560057746847	-0.0019821855882026563102	0.0029476197527525589172	0.0024294994817353281723
2	-7	-7	0.00050539960970068318735	0.00023072597148939732103	0.0001739550564900397753	0.00098898381824260033109	-2.9555168004130288846e-05	-0.00092306211210277258703
2	-7	-6	-0.003973900430832647164	0.0013924813256020844576	-0.0002968619720934517303	-0.00062835064208669431929	-0.00097829450950185519766	0.0011972361909685048584
2	-7	-5	0.00035772260331981737842	-0.0023159279203458543912	0.00053086791224414304341	-0.00083460147251916596677	-0.00060012603581387333109	0.00024207089338849061867
2	-7	-4	-0.00091033663137533242082	0.00041035464043620925459	0.0021800388051025189687	-0.00033456956754834398914	-0.0042702362246170751103	0.00079067406342770655409
2	-7	-3	0.0023800162121016283506	4.4421591119187749626e-06	-0.0020155664412511943226	0.00076660973154929067282	0.0062896658376538723198	-0.0017857946008737323341
2	-7	-2	0.0010600811434027402475	-0.0047836279651671037225	0.002768301278298873451	-0.0026228362097386590836	-0.0086289733306433163973	0.0043962987689182032869
2	-7	-1	0.0048780591556606116982	0.0042458807135238585406	0.0007276441664235988073	0.0017876536102533386891	0.0046626091463560313116	-0.0040218138447256539594
2	-7	0	-0.0027196917722140299088	0.0047505860942221259796	-0.00077705479206115137154	0.0013573103126348932609	-0.0022215516531407784352	-0.00028367378296019089617
2	-7	1	0.0040524027448641305321	-0.0046288095857138699882	0.00073837344386987408332	-0.0014133911626456672865	-0.0029361913826391429147	-0.00063611896709193059551
2	-7	2	-0.0051781028460856108261	0.0089350574951751037672	-0.0021954806203676618427	0.0022774329263503248141	-0.0025060793252012062739	-0.00096404225294896648407
2	-7	3	0.0014094726228906530579	-0.0064106639165679652273	-0.00043228680185951687005	-0.0030521595717252813021	-0.0019483176195993080326	-0.0028479297229803456418
2	-7	4	0.0067450091008856476529	0.0040555439306891212514	0.0024018533804699014785	-0.0034297907857905743714	0.00083073886537950354398	-0.0080299058404780659925
2	-7	5	-0.0047129697634593200814	-0.00065917243090528267104	-0.00066051229127023897408	0.0010797322574892737404	0.00096047069760539331706	0.0017752941328470963483
2	-7	6	0.0066130312263984313698	0.00089460469075126186882	0.0011127136571837065258	-0.0029024390617903191025	-0.00090617780875181950986	-0.0036843804690057930899
2	-7	7	-0.0034390558355858226458	0.0011149918300701001841	1.0041325497299416361e-05	0.0016680572199015584675	0.00099262870709324870985	0.0013494881255958156817
2	-7	8	0.0060061454321833612074	-0.0050305421542038058005	-0.0019498789352494136622	-0.0035071029006302914879	-0.0032076804263890773376	-0.0018110794995005534934
2	-6	-8	-0.00030060650209749728828	0.0005159495245700811963	-0.0011868880843350182279	-0.0010855490185352097143	0.00081501443772688932175	0.00094314914504392761193
2	-6	-7	-2.9701606536127860827e-05	0.0023718571469551323096	-0.0017476859083550822481	-0.00049959764520943617926	0.0014895303195797482756	0.0011059000235952689065
2	-6	-6	0.0033004446302801245666	-0.00035701661024528723006	0.001609548025783258049	3.3877632547862106184e-05	-0.00050939981568988315728	-0.00015288316929629118513
2	-6	-5	0.0042365375631418338009	0.00078564460737845119229	-6.5229094160651513465e-06	-0.0010751072243106339285	0.0017024425165560116979	0.0016043865121241412345
2	-6	-4	0.0043539494814069197234	-0.0017514965425468227451	0.00043755790732772899352	0.0049146699956458157754	0.0015206378797118663172	-0.0082477532647421344936
2	-6	-3	-0.0050367129960889583246	0.0027702986060102342131	-0.0036761121625798723507	-0.0025279721764464276393	0.0039944156611004394408	0.0069028100902330117097
2	-6	-2	0.0057130490416612304469	-0.0022221317158940059877	0.005047831483579750915	0.00060151363184338243681	-0.0094304454090780205633	-0.0040266726114241528645
2	-6	-1	6.0110423414410119893e-05	0.0036083636125665598249	-0.0010822976020270335534	0.0014508787879912365612	0.0066140064589910209369	-0.001488545502814299067
2	-6	0	-0.0075502808148897584614	0.00033225048358299057172	-0.0025167602716299193426	0.00011075016119433019057	-0.0021730364431649957374	0.0070795253832048833306
2	-6	1	0.0016983765844432801521	-0.002447672814522029814	-0.0006948845005564052409	-0.0018195184105093832171	-0.0075660601722249915327	-0.0060217648340122392411
2	-6	2	-0.0028646490261212036524	0.0059594048611316188802	0.0019138165246661642885	0.0026484031139823488617	0.0086060986001196965178	0.0019858044808154277049
2	-6	3	0.004523903780484942426	-0.0058189497322293035758	-0.0011137942552381860373	0.00073283182916213606382	-0.0052435243641330000694	0.0053449634798104746561
2	-6	4	-0.00088861250064758891959	0.010564196820767280185	0.0028094970971222644335	0.00041400368358435033931	0.0046585518960071906763	-0.0046610928850071139604
2	-6	5	0.00072923146259276931842	-0.0036121309270947458796	0.00038658845850614227983	0.00622544030502712991	0.00017221356517026304637	0.0089153807368704540703
2	-6	6	0.00087133711595098017715	0.0011360907661172752782	-0.0010386557603750412333	-0.0021259603125333603919	-0.0013291014656920346979	-0.0025046572345724521513
2	-6	7	-0.0052929644634441101736	-0.0013677304720408219561	-0.0018299158995786852979	0.0027236905715229391828	-5.6223781511984541803e-05	0.0027253720533170397965
2	-6	8	0.0073988500018935992111	-0.00097369327640738599638	0.0027428843808321745103	-0.0030415759791247174229	0.00020745078515073107992	-0.0020377586652416913512
2	-5	-8	0.0013127701139259270648	0.00061981680122801300313	-0.0028528197067518843745	-0.0013427235911664004309	0.0021112048452014095003	0.00099415644478600354722
2	-5	-7	-0.0027028881588959095296	-0.0028976578641043658491	-0.00043277630286812370604	-0.0019756383517573979959	-0.00046312782906445714099	0.00058326800436832261162
2	-5	-6	0.00042894100363115392899	-0.0042685583639744291429	-0.00070314082478265113249	-0.0010776483870146933569	0.00072893102186259392007	-0.00052481246547923191687
2	-5	-5	-0.0019006415855426230747	-0.0054391500447347447891	0.0064737537570038403145	0.00023845388616698551081	-0.0072340103912208889372	-0.0024141139040608832964
2	-5	-4	0.0063541756205487418332	-0.00023200476900603092902	-0.0035094131083140489916	0.0078801533331117560449	0.0075638541956669323729	-0.0099661940508927113203
2	-5	-3	-0.0037759578766848852019	0.0043617279596818827117	-0.0016778906746033818605	-0.004783599857271491132	0.0002791792065490463718	0.010880485068573739205
2	-5	-2	-0.0048107636682589785537	-0.0037412913806389933025	0.0035276131245942027662	-0.00039718454734031307133	-0.013629796479744485035	-0.0027483300122882110307
2	-5	-1	-0.0052319786255720134374	0.0045162136757923342437	-0.0053027916083071280351	0.0019341996970759346795	0.016050000790391611566	-0.00063857113379500588576
2	-5	0	0.0028577210971771362623	-0.0062289911160146359606	0.0011430884388708545917	-0.002491596446405854124	-0.0062097421265406831797	0.0044547934154278547372
2	-5	1	0.0080337044585990172868	0.0078476459229732866557	0.0039804633011808207912	0.00088480274535913516071	0.0038349075887060711174	-0.011271278119150896641
2	-5	2	-0.0050267414938026701299	0.0025144746528224480586	0.0015648342166303995729	0.0060551849193853325357	0.0089388270353786686284	0.012623487645640883714
2	-5	3	0.0036696886165208642515	-0.0060710864098415329507	-0.0057570336652233086716	-0.0014061732358592829873	-0.012041515186386089753	0.0017037688801288836549
2	-5	4	-0.0041860238742292138481	0.0099534737025190160586	0.0077934052092023626754	0.0017409480069079605064	0.011834768448617560485	-0.0028005518426245578842
2	-5	5	0.0001007556922353797967	-0.0077544263572975891119	-0.0031837056921538635194	0.00042667919890235152421	-0.0032240079690480155303	0.0035284497418213872123
2	-5	6	0.00025589733841291996711	-0.0020117303267704828365	0.0035350471022298417083	-0.010014163435659159326	0.0028605734723872282277	-0.0076745594207924712482
2	-5	7	-0.0023045088758909945334	-0.0017316946917409687442	-0.0017541133042960177068	0.0018079829914396466049	-0.00059450696709972838689	0.0017861863343828815638
2	-5	8	0.0031596217477642164762	-9.5438644652932208296e-05	0.00010328200122067711516	-0.0050132285187378944347	-0.00072535418617813095764	-0.0031094081630479511458
2	-4	-8	0.0010731432251841466468	0.0039168418151248494616	2.6652910511824727953e-05	-0.0016037220609002921044	0.00025495935104012429264	0.0017810714842313583092
2	-4	-7	-0.0026811785797860826323	-0.0014192576473795995209	0.00024688398874812773941	0.0023209117096049405003	-0.00090712758779495374604	-0.0017317374475969945277
2	-4	-6	-0.0045233897179997491211	0.0017434169639876072062	0.00087958627603468124163	-0.0054083340565227993463	-0.0020941874233563707516	0.0041866950256777349382
2	-4	-5	5.9836786820717264429e-05	-0.0047255802580882782377	0.0066450175772460075285	0.0031998503150958345839	-0.0052920793470685187701	-0.0044501123553119794826
2	-4	-4	0.011583041840665792704	0.0049063687450954457728	-0.0083827290313846988812	0.0028658595914621077042	0.014174249951717596968	-0.00041267521891438465513
2	-4	-3	-0.0069102259556798285509	-0.001883475797651457161	-0.0024428575335691845964	-0.0083920884516571550571	-0.0013496739256943061664	0.0099338007371085682018
2	-4	-2	-0.0021249988766246143829	-0.012318711936932600498	0.0045817614915022860864	0.0019299790988909805434	-0.011288521859629186556	-0.016178670134714561585
2	-4	-1	0.0093954156710980476358	0.0080116759137387263956	0.00015600320772320678967	0.0028146089583244793611	0.01816681851130326833	0.0047649159941795344794
2	-4	0	-0.013998737167714291052	-0.0074942790610187720243	-0.006999368583857145526	-0.0037471395305093860122	-0.01812323145352178963	0.0015312480932416533581
2	-4	1	0.012429775645240809245	-0.0042549796019225281929	0.0093748531658223634849	-0.0045253312748568365678	0.012639861372807837184	-0.0095913658955822916202
2	-4	2	-0.0097963365008081060292	0.0026143736611548900814	-0.00876420720568368318	0.0073747084971324686556	-0.0077320779105592611982	0.012135043333110046362
2	-4	3	0.0079703968556112218813	0.0048239378667593556249	0.003634570350966465687	0.00062793979480569098173	-0.00046750410245219368955	-0.002378705518098648674
2	-4	4	-0.0033549931639089750589	0.0088332106829571155338	0.011927595972434226063	0.0062131173941505912772	0.013605092554388714676	0.0017965120526720341609
2	-4	5	-0.00097297994153289235099	-0.0079414635388195993493	-0.0092441264086677091272	-0.0020506616994703736126	-0.0070061091503210099277	0.0015360560559515411966
2	-4	6	0.00014991674350801719026	0.0071075561151472963287	0.0033651267585924353638	-0.001466044475303385523	0.0021934455912256179723	-0.0033465483552513560807
2	-4	7	-0.0016051436606139537957	-0.00050421561179716666186	-0.0021975219435807409087	0.006955607332868640573	-0.00079711435044215080137	0.0041186943650098417971
2	-4	8	0.0017594513426994072471	0.00081203433543543430961	0.00087442832871215689719	-0.0039381868701040736308	-2.6486713187733619157e-06	-0.0021721020189108953928
2	-3	-8	-0.0035867407494158849712	0.0011711552268276984468	0.0036493816368261301764	-0.0049710706440965948122	-0.0022652033011637700589	0.0021569402982431476121
2	-3	-7	0.00076997632414353787272	0.0047585473184460439638	-0.0010256255917624674309	0.00086321708214125462619	0.00065954706051063970423	0.00098963477006690334266
2	-3	-6	-0.0031797374076066799338	0.0002069992899517770807	0.0011897460725627596097	-0.0044093001151273075386	-0.0016547855054836065579	0.0022736498208809127058
2	-3	-5	0.0037442328143736797186	-0.011000520898021235242	0.0037673327968171790511	0.004390830014979718067	-0.00076270655234083554325	-0.0070347063681963249368
2	-3	-4	0.0050321028730149174046	0.014867201624077969885	-0.0076899947961627480517	0.0030760466260373988193	0.0082835475336295195242	0.0051265658425109356111
2	-3	-3	-0.0078531179298585961079	0.0047063312058452152348	-0.0041480805780975977398	-0.0048366134223926330465	-0.0010873313751414666935	0.0079741675596227759582
2	-3	-2	-0.0036521348734445914161	-0.011611604435228666671	0.0017026870863605307431	-0.0013578948424694174766	-0.0062061655029853873139	-0.0095747621715245399138
2	-3	-1	0.0051505310633050485625	0.014785689650226264621	-0.00092443592156973841689	0.0077429947796369821486	0.013074369891319312376	0.0063423949615415827971
2	-3	0	-0.017186439660238389537	-0.012300015685252343664	-0.011457626440158925202	-0.0082000104568348969325	-0.010761776330976366781	0.0027496940384247156759
2	-3	1	0.013995998626506713641	-0.004093797099844997435	0.010344707240236297729	-0.0016141915726319545042	0.0030421244676954646048	0.0033450194817941309236
2	-3	2	-0.0032012119595474872874	0.0079682812752277613899	-0.0061849759594927418774	0.007305286877426093832	-0.006076251979691625095	0.0029896490409113802254
2	-3	3	0.0064232473936069517037	0.0010933959058133609944	0.0039586433076249996632	-0.0045106688069643042019	-0.00032352162144630176172	-0.0052395994108398779091
2	-3	4	-0.0077932574187409408423	-0.0018145051919620702654	-0.0018979727317224184911	-0.0012299439060210585768	0.0024731491605786567155	-1.5205333534758735497e-05
2	-3	5	0.0037982612348461792205	-0.0054916850651544110024	-0.0093864108294371209618	0.0010010084846635023195	-0.0071511509916007444387	0.0027972791168598657059
2	-3	6	-0.0030547973170085792639	0.008207874184840074222	0.0028822566555621650236	0.0018831273152623750813	0.0024593941001172757443	-0.0017943944039821703527
2	-3	7	-0.001048793324253663754	-0.0056498653942076790951	-0.0027471101592482318789	-0.0034071355468661178659	-0.00087767768989105269823	0.00015404630683100065222
2	-3	8	0.0021971275960400177968	0.00083707443305681072335	0.0056566180226819886417	-0.007625674511967578395	0.0015719498594957412915	-0.0030688965502520446603
2	-2	-8	-0.00051942236035756211062	-0.0001324566261633163542	0.0033496101935299306233	0.0046376669845682259169	-0.0009672581384718732106	-0.0011925309026828857101
2	-2	-7	0.0051635153615781290148	0.0078142332530529799023	-0.0010598301383440518128	0.0039438644713556672214	0.0017780987142634802674	0.0011058196519135178159
2	-2	-6	-0.0089563264594126335005	-0.0027947625941848346955	0.003285264585802373169	-0.0023726951791534908395	-0.0040805303484050025123	-0.00014068913834378124917
2	-2	-5	0.0072360472716311696056	-0.011017895821158410138	-0.00041878082381928438162	0.0029248641608327257194	0.0030619312381801816816	-0.0055771039927964543431
2	-2	-4	0.0040448560686800021091	0.018861161273482189571	-0.0016075455404244906859	-0.0072588540734191782031	0.0028262008045522465059	0.013060007673450682586
2	-2	-3	-0.012274772910030302617	0.0071371258841041486376	-0.00171710986641444548	-0.004116622965739885967	-0.007038442029077237802	0.007502499233229356114
2	-2	-2	0.015643457918539785401	-0.016125268175582251756	0.002936976230418097359	-0.0015992233676024602846	0.012706481688121686741	-0.014526044807979792556
2	-2	-1	-0.0016262980819355108732	0.017771404586427223815	-0.0075156753226918223548	0.010120258148331558873	0.011778754481512622096	0.01530229287619132815
2	-2	0	0.0006031711881727161266	-0.0076616816860720802704	0.0006031711881727161266	-0.0076616816860720802704	-0.010532756955791979306	-0.0037595847348870789842
2	-2	1	0.010315305090103643604	0.0070711520069732681365	0.011726780682615465037	0.011546358077598106381	0.0028229511850236424335	0.0089504121412496764898
2	-2	2	-0.011007552758768947287	0.0041829706835697045772	-0.02036647978203952325	-0.0053420554979127224046	-0.0093589270232705742275	-0.0095250261814824269818
2	-2	3	-0.001816180038073729637	-0.0040842257336405089416	0.0049333972910476928467	-0.0053798051727646806902	0.0044997182194142816558	-0.00086371962608278076822
2	-2	4	-0.0055681956681549252264	-0.0022839904578445101996	7.8407338226243382352e-05	0.013890536643188820115	0.0028233015031905841011	0.0080872635505166660247
2	-2	5	0.0048025917451783575393	-0.0062705547443943476099	-0.011194927558848891125	-0.010920656181327724477	-0.0063990077216108994657	-0.0018600405747733507467
2	-2	6	-0.0062050044310141177009	0.00086654391214521710608	0.0055099605388750803533	0.0005019967015276444568	0.0039049883232963990623	-0.00012151573687252421191
2	-2	7	0.0049832788008538336094	-0.0019095660471268147314	0.00011813410682557599083	-0.0015193897779230856535	-0.0013900413411509307017	0.00011147893405820833508
2	-2	8	-0.0014098044762075605425	0.0031573088134001824415	0.0074553518111913326741	-0.0016041244140042401362	0.0022162890718497234126	-0.0011903583068511055902
2	-1	-8	0.00021372998316769746866	-0.0038985068280739864841	0.0040134746218659037714	0.0040209742209236431706	-0.00044825183194131362459	-0.0014772484846339521258
2	-1	-7	-0.0022718364432951928221	0.0072071064438449716424	-0.0027974499078597288293	0.0014926760703484964147	-0.00024946042553295101228	0.0018459338310487780933
2	-1	-6	-0.0083796489963593543543	-0.0059533978064150597578	0.0029201271086572596312	-0.0043164345210590796334	-0.0032799041835626613177	-0.0012650601819618398358
2	-1	-5	0.012144562773074608908	0.0052988501888913954949	-0.0061111089374376080866	-0.00106980205295270853	0.0060800468967173648335	0.0023335004861471000774
2	-1	-4	-0.00010659433735113567679	0.017974754005213214314	0.0031522940518729459722	-0.010367668156020087497	-0.00084137068164380436532	0.01157929404161162773
2	-1	-3	-0.013813473899507289558	-0.00022740296673044041193	0.0016333047310999587037	0.0076367473358006773484	-0.0097534175100381786949	-0.0026971844230871859852
2	-1	-2	0.020504680302974056388	-0.0067745819903802890691	0.0026727401640741798618	0.0019727159107289951416	0.019168310220936964072	-0.0077609399457447868567
2	-1	-1	-0.0092773639196611600022	0.0066747496982959269446	-0.0085107129017555193523	0.0031536710957944997548	-0.010044014937566798917	0.010195828300797352833
2	-1	0	0.010047748521867322369	-0.0049703574193098202724	0.020095497043734644738	-0.0099407148386196405448	0.003445062810593120875	0.0027737588949841266057
2	-1	1	0.0010618129312152408544	0.010485227191565480234	-0.010802255401082932681	0.022904284805059883789	-0.01292588126351341439	0.001933830421928923321
2	-1	2	-0.0086700825135903689805	0.001162977487673284285	-0.0082090027367744417691	-0.015772339600398536247	0.004565581145203148096	-0.0090491472878725526252
2	-1	3	0.0013776054444897638512	-0.0076351996705717913028	0.0055377053836106375842	0.0041600072583820825109	0.00092749816487703684413	0.006476802199841888083
2	-1	4	-0.0020767116361718107251	-0.0015459818061717845849	-0.010261668303932902982	0.011712570878051560552	-0.0015270612578973203829	0.0037011336225987825389
2	-1	5	0.0068337919290256676774	0.0072907464575482716987	-0.0054922525531979357952	-0.014915088749518677982	-0.0038319672822498544902	-0.0058993163329230441025
2	-1	6	-0.002780201018779966237	0.0001545076748777256064	0.0050008958900942162076	0.003931721575195080802	0.0017602163212756915915	0.00060378437090660491346
2	-1	7	0.0046675589357406174068	-0.00022600287368790012571	0.00038048217962689649414	-0.00054811115091797960822	-0.0012792336702649054897	-1.3729343363168473009e-05
2	-1	8	-0.0040296017483386790611	0.0028448336076131834627	0.0067286051717870580188	-0.0002615073982257654756	0.0018484760835580521261	-0.0007438968266815166111
2	0	-8	0.0013045492130354327271	-0.00085653375899290523469	-0.0013617896025603505421	0.0044180855060014772445	0.00032613730325885818178	-0.00021413343974822630867
2	0	-7	-0.0039032105325182389795	0.0071718665575812396915	-0.0031089154904337295074	-0.0013935992946917676559	-0.0011152030092909253917	0.0020491047307374973645
2	0	-6	0.0053340836769740834419	-0.011331334722231007836	0.00028394506400716525629	-0.0021674628965006170062	0.0017780278923246945529	-0.0037771115740770021783
2	0	-5	-0.00096629940677674097931	0.012762168085768138201	-0.0001713655239393217615	0.0021500062316007718596	-0.00038651976271069640257	0.0051048672343072549334
2	0	-4	-0.0059091850123337563705	0.0042744145162870216328	0.012696609063244769858	-0.0014991436776324563139	-0.0029545925061668781852	0.0021372072581435108164
2	0	-3	-0.012056547670175523507	-0.010949269349380513425	-0.0039958907588172323452	0.0020412015662427279196	-0.0080376984467836823378	-0.0072995128995870083716
2	0	-2	0.01152654171601679399	0.0099111368248530808817	-0.0032177180214380241528	0.0095360591553365417483	0.01152654171601679399	0.0099111368248530808817
2	0	-1	-0.0039017179920344704884	-0.010696657606303155291	-0.022995562888160889226	-0.015060486527952832159	-0.0078034359840689409768	-0.021393315212606310582
2	0	0	0	0	0.037764911063689808601	-0.0087898077196477374107	0.011082523309570709719	0.040814550154599109344
2	0	1	0.0011136536449405749424	0.014088313407734469329	-0.025678519456319361114	0.012636019120918223421	-0.0022273072898811498849	-0.028176626815468938658
2	0	2	0.00076544262466620794153	-0.0090069692932735600371	0.0031298044062209214033	-0.012707991460313225116	-0.00076544262466620794153	0.0090069692932735600371
2	0	3	0.0049416981450267462653	-0.0053779811546922151946	0.0021324663045919466792	0.0087280264288121627014	-0.003294465430017830699	0.0035853207697948098406
2	0	4	0.0014778020710726580238	0.002871789260527350153	-0.013600241168705548556	0.0064021208728548776451	-0.00073890103553632901189	-0.0014358946302636750765
2	0	5	0.0011781561673357022341	0.0085887942827331358042	0.001303739845817762557	-0.008788223281572778503	-0.0004712624669342808611	-0.0034355177130932544952
2	0	6	-0.0054471018514395562124	-0.0059149668372206320316	0.0035875136115577866899	0.0055499591185985096276	0.0018157006171465187375	0.0019716556124068770547
2	0	7	0.0012169515455350420237	-0.00055166725433166319444	-0.00082582574549809855801	-0.0010535147802306589135	-0.00034770044158144057045	0.00015761921552333231803
2	0	8	-0.00048499437791812608596	-0.0025335208031451719388	0.0021858277170710331896	0.0044291868910298392084	0.00012124859447953152149	0.00063338020078629298469
2	1	-8	0.0046614933373904932079	-0.0013409583844470321021	0.00034596096221880937895	0.003921796771072024769	0.0012086184546249746641	0.00015498500027224507061
2	1	-7	-0.0040386628709709708474	0.002386147557485309139	-0.0050650774396117804327	-0.0021679347923505894874	-0.0018774861687933888134	0.00037205147466000420588
2	1	-6	-5.8577786904223475299e-05	-0.009980289280188708867	0.0059788066699567720547	-0.0005128099196163664851	0.00097694184935805420886	-0.003412231413332297153
2	1	-5	-0.0064709314840232269594	0.014333001061313637922	-0.00030979373707714030978	0.0025168383878405985871	-0.0026503313410247190084	0.0062365681020935745393
2	1	-4	-0.0060808867497430538554	0.00038076989894119761624	0.0068682787002955153835	-0.00013767351688303457787	-0.001323373699797647865	0.00015596657024984013655
2	1	-3	-0.00069674635148598857565	-0.0070917847332594595097	-0.0058285834129852822846	-0.0023208616119949425881	-0.0024073587053190866232	-0.0055014770261712867688
2	1	-2	0.0013936899966833129604	0.010088062068370541938	0.003757939558325855238	0.012305163664607361371	0.0032726597758462403626	0.016240643900674221756
2	1	-1	0.005567381384841908927	-0.0082486108841762165872	-0.0017572027296485900547	-0.020605737027543605255	0.0093775600400352286667	-0.037102958795896041899
2	1	0	-0.0045253435751923540634	-0.0069842702777746885554	0.0090506871503847081267	0.013968540555549377111	-0.021347672078816663094	0.047822990702821505105
2	1	1	-0.0022859093600208209122	0.016037920654690014655	-0.013328871720586318861	0.0066645698882274702693	0.017900690440627961553	-0.038740411197607495242
2	1	2	-0.0019751097416274110245	-0.015763963419880969163	0.0019720475825101657467	-0.0097500131277460811569	0.00098908595037232815116	0.020638969983754008874
2	1	3	0.0043931233912146818235	0.0036266110713567925074	-0.0032002873480807022925	0.00025594631978912872269	-0.0018619864781162201624	-0.0025030561541675711013
2	1	4	-0.0010619153155247691538	0.0053116148832078298805	-0.006649749751685012783	-0.0020516718495085582534	0.0021933950956836379895	-0.0021428894792267752685
2	1	5	-0.0061132521564129455385	0.0057411112839629531088	0.0067842954732374605858	-0.0037125777227002354844	0.0010884417679176861416	-0.0015539289690451342767
2	1	6	-0.0034556173256232686035	-0.0021808214984539056429	-0.0027267646383356165807	0.0028995813383917361065	0.00160633321493035882	0.00024367694308601259312
2	1	7	0.0019968172423868403229	0.0019453487109669658113	-0.00055050405708702212105	-0.00076145681279124975954	-0.00049187577538380828322	-0.00044703437273466882984
2	1	8	0.00043635609311137027932	-0.0014214520446547531177	0.00063701884808565871227	0.0035083264298212050829	-0.00018871637928854990886	-8.3177792563962369495e-05
2	2	-8	-0.0016971454370066189898	-0.0010227913472431202167	0.0021173273514037229716	0.0019942014940487217713	0.00010504547859927596833	0.00024285253670140038865
2	2	-7	-0.0020443491435819930759	0.0046422638836674801066	-0.0059326314988329634931	-0.0050902819340294808148	-0.0022791373264042730576	-0.00012800515724628591663
2	2	-6	0.005445508026761915546	-0.0041024610492104984782	0.010526219097279680692	0.00094009703252828657766	0.0053239090413471990351	-0.0010541213388940706697
2	2	-5	-0.010549977435666210018	0.010637899623178978178	-0.0019785536839981477004	0.0054637735477091860584	-0.0050114124478657434344	0.0064406692683552655213
2	2	-4	0.0026347803153113041712	-0.0054818911362402413315	-0.010116117925495837077	0.00078570692559337381236	-0.0037406688050922662359	-0.0023480921053234339764
2	2	-3	0.0061551101588491370642	-0.0027743894111648924328	-0.00026491557283549529989	-0.0033513133285119137139	0.0039267963906757614653	-0.0040838018264512040978
2	2	-2	0.0084716464418383291557	0.0036803212409062197388	-0.010262030817926329207	0.011033365039901890658	-0.0017903843760880013523	0.01471368628080810953
2	2	-1	-0.0046898107813021028614	0.0011739223322774273474	0.013210181991433062043	-0.011097464294617069916	0.017040742420261920098	-0.019847083924679286004
2	2	0	0.010654104759172028372	-0.0033515280320721837701	-0.010654104759172028372	0.0033515280320721837701	-0.023649338484702894791	0.020690520715872941226
2	2	1	-0.012212116986532229462	0.01158041413868053128	0.0034752970618015439387	-0.0004744794417802910419	0.017473639849461371915	-0.022211869393800480477
2	2	2	0.0084385937520142766805	-0.010756285894117744231	-0.00471917330004180402	0.0019333050479609262089	-0.0037194204519724726604	0.0088229808461568193234
2	2	3	0.0016483050651096441044	0.0022860300270694453029	0.00066634057866063857792	-0.00048205208669303112974	-0.0015430970958468551938	-0.0012026519602509426737
2	2	4	-0.0017958602809473116733	0.0033440939051967962306	0.0037531709761146558012	-0.0017121348051335782189	-0.00097865534758367206392	-0.00081597955003160889745
2	2	5	-0.0023893288823468097903	-0.0025584148789025355601	0.00035038105711857547245	0.0030738742883134038443	0.00081557913009129383557	-0.00020618376376434736788
2	2	6	0.0052470860836673766103	0.00088461269300599862202	-0.0023346310068005932808	0.0044473898570478323858	-0.00097081835895559455158	-0.001777334183351276858
2	2	7	0.0023185973483973174383	0.00099211084435544150822	0.00093025297441064809956	-0.0048140464872177867253	-0.00092824294937370445489	0.0010919816122463843477
2	2	8	-0.0019229887136802115404	-0.00028556162835536176006	-0.0020291084043536733277	0.0010343384900797242959	0.00098802427950847116281	-0.00018719421543109062041
2	3	-8	0.00073364918333936762242	-0.0027608217235681104841	0.0059910868904819508315	2.3652011453322854888e-05	0.0024300698797655733048	-0.00068133592659703145177
2	3	-7	0.0022690156870481073027	0.0048805426363880393542	4.2257115020193773724e-05	-0.011441243663361159652	0.00066640038845097086893	-0.0035089493881867712781
2	3	-6	0.00035953283182240519927	-0.0083431317878263824145	0.0087603007196330219541	0.0063776305292744476377	0.0044999946370906460796	0.00040777133536176290562
2	3	-5	-0.00081066213194864328046	0.0071186339636179953722	-0.0073797261392642300032	0.0044282027460087851345	-0.0047521005363379952707	0.005504375233052469403
2	3	-4	-0.0016817567944382525585	-0.0088279649283152916012	0.0044574251899263360455	-0.0028064387689981733741	0.0025021904952256257548	-0.0065188115409062757227
2	3	-3	0.0032253018923199048944	-0.0030928897961918161777	0.0058811530481055794908	-0.00097933738317703290105	0.008031354309652183332	-0.0030412639139715770195
2	3	-2	0.00079119981375601160234	0.00063011423480294984772	-0.0081237798903729761119	0.002761900313973211004	-0.011394470021803453433	0.0047729647057627661369
2	3	-1	-0.0076320921590761767531	-0.0010401086087627980752	0.0079384480651414259661	-0.0022334011098481855451	0.0085511598772719209227	-0.0087804205470701519182
2	3	0	0.0049597278298077855652	-0.001656741974672941084	-0.0033064852198718568989	0.0011044946497819607949	-0.0095904047502821422599	0.010281183968789570429
2	3	1	-0.0034405532215946027508	0.0010751744051845390539	0.0038734339318372392261	0.001724955335967227367	-0.0047391953523225121767	-0.0073252148182707602087
2	3	2	0.0041286209639669500457	0.0013824466238318608002	-0.005076159311778374178	-0.0021301536617592234553	0.0034856180037006103539	0.0018127838688069745996
2	3	3	0.0034913805275906292618	-0.0019302570559034178555	-0.00011983040266513967178	-0.0016820832151238900715	-0.0022077566157286130158	0.0029689212523928351639
2	3	4	-0.0058782291296293007893	0.0108029151678992099	0.0045323595363429419747	-0.0046459090668725588555	-0.00046015508744255581531	-0.0019170257837951858084
2	3	5	0.0050311442446322133387	-0.002808516515524113466	-0.0016713677983119954937	0.0038450844019348052322	-0.0010096370188656881694	-0.0011836440349512378396
2	3	6	-0.0025756775070270112628	-0.00068118871409691115777	-0.0007942403925551462518	0.00076021259387634286964	0.0012556793652865768079	-0.00015304339223920105794
2	3	7	0.0023273178052153212572	0.001472430240490952072	0.0034422512553306176646	-0.0037506821669695523079	-0.0021401984823460704771	0.0011867408599895361114
2	3	8	-0.0020714718677399784723	6.2412190181956430702e-05	-0.00088664100783665837548	0.0012982611893342700399	0.00085035834487374149532	-0.00050245099354584031506
2	4	-8	0.00045631002550829607772	-0.0035948823669648913987	0.0037873055213289742726	0.0020886532503225588991	0.0020077302670415612777	0.0001456060334200565728
2	4	-7	0.0048492038476459142435	0.0011689043499837268019	-0.0042597205758556780722	6.8235225392564624516e-05	-0.0010486392297329835861	0.0003729642287911017211
2	4	-6	-0.0031744002154699868697	-0.0044497251638654740022	0.00065656697741836925197	0.0029208305076407949791	-0.00062042208687774949138	0.00046397861713870519216
2	4	-5	-0.00063360923333841275788	0.0015775496481555278689	-0.0056172567915893653959	0.001868914078525317924	-0.004747249126606857203	0.0021261511220824654
2	4	-4	-0.00098002281609424089434	0.0028120821046672367198	0.00026131112653452566105	-0.010459515522826562384	-0.00022870028151259481322	-0.0090534744704929438069
2	4	-3	-0.00090261364739954524049	0.0019380311731084594231	0.0015272261654351315403	0.0025222550394093691539	0.0014345591223138118211	0.0046550275012847983427
2	4	-2	0.0011012802898926735053	0.013447445995731381607	-0.0061608883895684554005	-0.0060304699487220923132	-0.011220496489244237079	0.0013865060982871971976
2	4	-1	-0.0079936261196046146105	-0.0085282403651339711015	0.0059184340825214247842	0.0028741093480220540092	0.0076864840908764690483	-0.0055600433381797261662
2	4	0	0.0044209205788353980737	0.0014796280287116816629	-0.0022104602894176990369	-0.00073981401435584083146	-0.0032598358641764369967	0.0079077610433004145996
2	4	1	-0.0046157974595545693541	0.0030549018967025325967	0.0010676095915850649688	0.0012345576972179952025	0.0049611565527688779656	-0.011048034582277046003
2	4	2	0.0061114468605155342421	-0.0050581081015601348297	-0.0046143145370365276636	-0.00095370074242833162859	0.0031171822135575215189	0.00696550958641679787
2	4	3	0.011780387658318425617	0.0027619965310243148673	-0.0026897467012615152403	-0.0047329677785560349962	-0.004267262837196929802	0.0044692926840585031276
2	4	4	-0.0026410098300379404417	-0.0030733478465981836289	-0.0012265511442056862244	0.0070903252799756621982	0.0025470560592246566621	-0.0055536513566765708175
2	4	5	0.0033579917221894959797	-0.00037352685482270909243	-0.0035139849096007249804	0.0006439934198804693	0.0014679912388047818093	-0.00036578399397529178134
2	4	6	-0.0020028059391971608783	0.00075912499092115699652	-0.00095258254059373762956	-0.0025602263870608057972	0.0013026570067948787125	0.0014537759277334846852
2	4	7	0.0015355291834769071654	0.00062221767126531145244	0.0011157905042117378675	-0.00063932058689262420519	-0.0010763171976858236858	0.00018754957214855340493
2	4	8	-0.0015404076720983987843	-0.0011104170272048449752	0.0022901733636484953791	0.0020110890465175417473	-0.00075998476379964810187	-0.00072794026645755973825
2	5	-8	0.0002967099632157031968	-0.0048691756417836651663	0.0070345498116802223504	-0.0020899083392805968031	0.0044707711231040643887	-0.0025234866224962894561
2	5	-7	0.0032349207389063606467	0.0059558570260422110873	-0.0048767289494802195868	0.0012300731849092506019	-0.0025591147527983392103	0.0025802971395186679454
2	5	-6	-0.0059502511019402298462	0.00033964751696145199485	0.0087566141042426919733	0.0020922172637484696273	0.0053137613862221664066	0.0018567302254442088864
2	5	-5	0.0042960816809949091064	0.0010247874925898017243	-0.0029091456550565668489	0.00027863528697482704442	-0.0011907129826586033798	0.00068855028401074776668
2	5	-4	-0.0063653296248689190603	0.00073708448873303000423	0.0057818820849046843185	-0.0032767336273671287226	0.004044687793696395868	-0.0037273747898423962265
2	5	-3	0.006646580128261225448	0.0016994650370561782682	-0.0047325961220590984438	0.0041126320147254801299	-0.0034566067845910133406	0.0079873633825799199293
2	5	-2	-0.0046229492373536995239	0.0093435796143985158646	-2.1184708179940073513e-05	-0.0086700734899015381024	-0.0046759110078035490826	-0.012331604110355330259
2	5	-1	0.0036705821201291270565	-0.01063274748506540246	0.00057203137825694353423	0.0053962149291225825626	0.010201321131542972001	0.005715579675482108761
2	5	0	0.0049095306445142358753	-0.0027510868798907026425	-0.0019638122578056944369	0.001100434751956281057	-0.0077542248182167657078	0.00059684960287352431356
2	5	1	-0.010023065963828245786	-0.0039739809460240570552	0.0023942803339495073028	0.0024776138320467180204	0.0080747302579089550584	-0.0044401072681854759916
2	5	2	0.010377560427232163792	0.0014043739340164047933	-0.002772283033386891294	-0.0039308781844895968396	-0.0034468528437649349067	0.008422821527207587089
2	5	3	-0.0013989502511866553931	0.0050709829773298697314	0.0027992978049386349135	-0.0016068663800805882934	-0.0037328628407732882162	-0.00070254468475226599863
2	5	4	0.00019871398610716618522	-0.0003135283203677797061	0.00091144167650861500005	0.0028400484273713049767	-0.0012386590886893518969	-0.0033932963740302413136
2	5	5	-4.7409639130093439929e-05	-0.00077391224155592735958	-0.004333342604869822208	0.0015123763064319108336	0.0043523064605218595921	-0.0012028114098095398464
2	5	6	-0.00095263391923041795123	-0.0019843126549321577802	0.0024082525887774608626	0.00092900265838066038108	-0.0016893325175710779962	-0.00011273133033983112074
2	5	7	0.0010995560022395280218	0.0029589459111606570586	0.0028469282487700773264	-0.001916034034479467945	-0.0023476790354756346679	0.00052318262143943221418
2	5	8	-0.0011888375230408075936	-0.001318740481694228011	-0.0025567149402352701455	0.0035727221609029567208	0.0018951562184072456851	-0.0019032662301407910019
2	6	-8	0.0081328023905397617277	-0.00093452107497247430701	0.0053911144792586169691	0.0031798721255054639145	0.0060765364570789029419	0.0021512738253859796031
2	6	-7	-0.0026180280671122919608	0.0031895494864323998586	-0.0063315722924640951974	0.00026313219914532280522	-0.0061750699841441646434	0.0011368417382481052057
2	6	-6	-0.0030659424193386669751	-0.005859085984957540863	0.0031977298675961536231	0.0011130916834582635887	0.0021757490611499312981	-0.00083993697819424988776
2	6	-5	0.0048291094976733034416	0.0016039313486601563651	-0.0050930340321864850037	-0.0053367340502965135776	-0.0041799970395544608012	-0.0057625083208917536604
2	6	-4	-0.0048597637226417828016	0.00020450221786391428844	0.0019472657074755003823	-0.0002164840731338809731	0.00049101669989235895587	-0.00022247500076886430188
2	6	-3	0.0053005198379151739416	0.0035823136013959436252	-0.003114785301847361465	-0.0015287945648097989605	-0.002695890711751273202	-0.0006693800620223021346
2	6	-2	-0.011141856085201360185	-0.00032104908809496373288	0.0049720625974217502741	-0.0010114194113156598637	0.0037743317070638889021	-0.0033553073220419435407
2	6	-1	0.0058304220824851428831	-0.0017453964296954796887	-0.0026030001800346987996	0.00022698438012873196575	-0.0039571569152379078987	-0.0021288865786185675287
2	6	0	-0.0062579481633762796752	0.0049012606328364344624	0.0020859827211254264138	-0.0016337535442788114152	-0.0010935531098883589755	-0.003506360187354122266
2	6	1	0.0018749350900343414103	-0.0017121623073140296214	-0.00069807698320063793235	0.0003505041706778702919	0.00043859171913514504457	0.0013212995905608375998
2	6	2	-0.0028178274684992508578	0.0017584447752091076928	0.0012887545956113220097	0.00028862973118915310642	-0.0010484363183347151713	-0.0026243339687765671747
2	6	3	0.0029252898000924846406	0.00014055459558397147388	-0.00016872381091961378388	-0.0015084620584655018816	-0.0016127455782224289858	0.0029232210532083562765
2	6	4	0.0027156872066915671224	0.0047994388605299186448	0.0025537447954759803781	0.0027710510498873018245	-0.005188460796559754562	-0.0065562960050959120592
2	6	5	-0.0066027418175263006411	0.0011616973778960759233	-0.0025230650502287635395	-0.0028409262988627779697	0.0056687747872850363304	0.0029444326074769032811
2	6	6	0.0026157218854261569778	-0.0037353945914468519515	-0.00025568314652684153441	-0.001409714523109283817	-0.00061622414861521080959	0.0026548460535915680177
2	6	7	-0.0020003496683874775336	0.0035967470678111550936	0.0026548690536446371488	0.0017221737864012906776	-0.0017040735692989811799	-0.0025037909791471506075
2	6	8	-0.00082820072186552727914	-0.00038359958810429360112	-0.00078409233272571916915	0.0028944962420165702872	0.00079511943001067122375	-0.0020749722844863541932
2	7	-8	0.0087492677326756439216	0.0036362426597411315506	0.0041135907987682723136	0.0097852582334743594406	0.0057867088820911490379	0.0094711616192253485907
2	7	-7	-0.0081186979714985025441	0.0020069983597973900871	-0.0066182567190801941392	-0.0037653171805447751067	-0.0089378847109369101431	-0.003191889077745520796
2	7	-6	-0.0021441149584863253806	-0.0054736199063263844822	0.0025167949619897597019	2.5013852879497717595e-05	0.0022215558028259446699	-0.0017953571404160475252
2	7	-5	0.0022669416683404964089	0.0022487556254120076235	-0.00095924984977268333564	0.0013958763579048987478	-0.00043617312234555809551	0.0028537291512316614699
2	7	-4	-0.0035343794008969244176	-1.6725922307181423392e-05	0.0030512976664891257317	0.001248023877028758442	0.0035725812159075076048	0.002175678823646736218
2	7	-3	0.00018778567886749617227	0.0033293347595978375203	0.001717600609164699919	0.00025289615044420490388	0.004132925207295964215	0.0028096475241017031949
2	7	-2	-0.0061727695548617267027	-0.0053159566241356625768	0.001689746175921217914	-5.40310538795420818e-06	-0.00025865793913746373258	-0.0053348674929935020056
2	7	-1	0.0056807208942273495003	-0.00054365605991769070954	-0.00096653210619647954294	0.00084933155580537117273	0.0045957170450793413327	0.00485800877080221679
2	7	0	-0.0010794782250738471814	-0.0014837322309842050465	0.00030842235002109916371	0.00042392349456691572757	0.00051461695941887406619	0.007100926666434190411
2	7	1	0.0033219066080270652323	-0.00071808989327809037446	-0.0012682088221884068192	0.00027900113194319364242	0.0022336485392647170527	-0.00051682813704617474801
2	7	2	-0.0015580730820445645984	-0.00022475577213000819078	-0.0012812051695216008541	0.0011389967104435746049	0.0060422911753701680215	-0.00376173271442250233
2	7	3	0.0031214084608283594081	0.0016320403438116048035	-0.00090721588676069293139	-0.002336340010594825916	3.5898095222710603956e-05	0.0043634331288468575574
2	7	4	0.0027007575563589734588	0.0053090013759595298254	-0.00035463275193370444489	0.00054739084930679896349	-0.00072977146229550389663	-0.0036124346742666627735
2	7	5	-0.0046079835921595362069	-0.0010817560925682073465	-0.0017405029196486850041	-0.0012633448982557755457	0.004279897524371973315	0.002201385294585368399
2	7	6	0.002865875196045830544	0.0021548577165581106301	0.00031074865014828033241	-0.0024614704594762299578	-0.0013178318238549371726	0.0021534296305362314074
2	7	7	-0.0042673193071166275886	0.0025268497488276724615	0.0035913770115454119597	0.002750870643429490555	-0.0023721429237978041392	-0.0034728277145231111964
2	7	8	-0.0017147738746587446856	-0.0020806454050778795499	-0.0045437939986717737137	-0.00013376277451412370485	0.0044045132175024878998	0.00063720377896932809195
2	8	-8	0.005261500674024082759	0.009254815354287878118	-0.003494896322399544935	0.010459470540807060818	-0.002179521153893524462	0.012773174379379029914
2	8	-7	-0.0058334977501554603069	1.5361473151146583206e-05	-0.0041568171039771967951	-0.0076142524109958312911	-0.0064173617617326421392	-0.0086976137630949083152
2	8	-6	0.0027972556677991209165	-0.0049947369688855157085	0.0059605576055470343988	0.0023454561005724007712	0.008879828696662419793	0.001462362477801362531
2	8	-5	-0.00060552505281160414353	0.0084008216137328780432	-0.0032280849344305381429	0.00030220475815062662443	-0.0054071459162135029897	0.0038438562585341533827
2	8	-4	-0.0015019160354539332503	-0.0016735766321906303273	0.0023151468016947940147	-0.0012969749362478713312	0.0038793355856626219463	-0.0034307381885910577177
2	8	-3	-0.00088507914246061468976	0.0072601234876818483005	-0.0010736169162285967918	-0.0009222076789819391154	-0.0034530312049166679046	0.0023808618478360610814
2	8	-2	-0.0039922401893680127885	-0.0095785631928430002568	0.003300701821000391438	0.0020137848975244989659	0.0092105670946335538307	-0.0015234236027450043932
2	8	-1	0.0061455063000139184548	0.0058423325340460317834	-0.0016617851252896838343	-0.00038052396926007315148	-0.0010032684022896326808	0.0086404733140114792223
2	8	0	-0.0035778566161187631313	-0.001481146474847437871	0.00089446415402969078282	0.00037028661871185946774	-0.0036180847123012610869	-0.0046971603897722064014
2	8	1	0.0042132549306337788511	0.002313364668675896383	-0.0016078848289825986746	-0.00097865613588634975568	0.0044365687705932325621	0.0032025197497390052795
2	8	2	-0.0044459780834447621203	0.0013520982249294723285	-9.7873140725999947841e-05	0.00058775524053811191612	0.0048374706463487618033	-0.0037031191870819197762
2	8	3	0.0044182720330232022263	-0.0031695224093425200876	-0.00066702492294943790691	-0.00030437732939075554627	-0.0011667815608169672826	0.0029246878179370280372
2	8	4	-0.0026385001494234807534	0.0048618520983543462091	0.0025217155030611004829	0.00056910241866126682828	-0.0037241809314104610228	-0.0035691308864997067611
2	8	5	0.00010641486931744261737	-0.0023327644255240627923	-0.0021563116796861126791	0.0016662812880853695042	0.0034075327397708027842	-0.0017329442907269660898
2	8	6	0.0005297832092508551749	0.0045291705473856141637	-0.00044226721760360661459	-0.0052615542996330552303	0.00041309522038785709448	0.0055056822170488689192
2	8	7	-0.0044686883231098506811	-0.0021934463292964880184	0.0034537877232833883064	0.0053549867460308602993	-0.0026704178771496289886	-0.005493285901379128984
2	8	8	0.00091662209735434709793	-0.0053981071285567755469	-0.0019366077885492364533	-0.0015494627660369538532	0.0017074522642106495975	0.0028989895481761479568
3	-8	-8	-0.00093137424019832445055	-0.0062065920459505726989	0.0010265009335761079816	-0.0055519568323031320486	-0.0013757662736504795015	0.0032244848150716669613
3	-8	-7	0.0022330279604840666888	0.00077762649584442997998	0.00085183051682708799731	0.0016221325761346867041	-1.6508607594929137569e-05	-0.0015205973030777432918
3	-8	-6	-0.0010419387199621151646	-0.002525293252163155009	0.0016275787512200423027	0.00014059298807003002205	-0.0026910743616077809418	-0.0014501039435082842006
3	-8	-5	-0.0016956621094129412878	5.304579050148954157e-06	-0.0020957130381182996655	-0.00022304352892339547793	0.0023357435953415143018	0.00036005239370752212431
3	-8	-4	-0.00070629532007814336495	-0.0036532933493430429402	0.0013285749826101916817	-0.002997911632453247998	-0.0031868714552789911311	0.0032558532528992136824
3	-8	-3	0.00023157299965668009102	-0.0014240786650961121448	-0.00022273667687908301968	-0.00017078790103493258178	0.00082553747133423476499	-0.00096864426233629196284
3	-8	-2	0.0026850493105921987777	0.0020875832922252145728	0.00050037207362187521072	0.0010550216529360922999	0.0020260856714007977573	-0.0010887116734065475573
3	-8	-1	-0.0029889790843942842108	0.0011973430939400870644	-0.0014103287881556307928	0.00011654166514245812799	0.002315693052062194144	0.0026596959606805963862
3	-8	0	0.0021545055531298814427	-0.0082477056458407187189	0.00080793958242370564945	-0.0030928896171902695196	-0.0053777480578603223393	-0.0017362064052984967077
3	-8	1	0.0033257855889198741778	0.006192823465145817774	0.0019485572063417206864	0.0015375477697442501129	0.0056111008839741438256	-0.0062780882374834532864
3	-8	2	-0.010267292474431732527	-0.0062795437022025550611	-0.0036892337765335237766	-0.0010735745476753088493	0.0006440036055135035754	0.0051250173626025971943
3	-8	3	0.0079017047916862762774	-0.00079518708334926839314	0.0022464625255165962363	-0.00068635505415325765398	-0.001911138056975352547	-0.0010350930610594187564
3	-8	4	-0.0044680039379873526251	0.0059306364063597049804	-0.0025973316381019797075	0.0026124610410475624343	-0.0018436603227134453799	0.00077694477732534602491
3	-8	5	-0.00078810734163494854283	-0.002467861924739853715	0.00072716779905857410835	-0.0021074225662335043831	0.0016363328834746876123	-0.0018911589511296949574
3	-8	6	0.0037047458500654374854	0.0041621493796833164414	0.0013319900753031785334	0.0041900107156215178617	-7.638615796181409017e-05	0.0035056062643203655949
3	-8	7	0.0011875305396132831027	-0.00015710199267753320379	6.8365081302679405698e-05	-0.0029903375116579534489	-0.0004308101383454877387	-0.0033501991593187186932
3	-8	8	0.0020858102488507269251	-0.0023489810283857420932	0.001539607659050236171	0.00055398402789893390948	0.00075742881573121357414	0.0014348519135435871402
3	-7	-8	-0.001954944208689571826	-0.003850595163609443327	0.003876695882801391331	-0.00059240154390064597972	-0.0041252129757098068494	-0.00092562183544047608313
3	-7	-7	-0.00019459655809083255869	0.0017797645192827843928	0.00075976517416678171924	-0.0011906557794697837389	-0.00084316369906285281582	0.0019534120020195484477
3	-7	-6	0.0020275113377170479734	-0.000561491963114815122	0.0021481257251118224434	0.002301406326102208369	-0.0014923910104386024864	-0.0029657200286766507123
3	-7	-5	0.00039634036718372555328	0.0034623068188059900885	-0.003841999614746063104	0.00041273571646568898031	0.0056166036809547235584	0.0014995540882316296324
3	-7	-4	-0.00023427847913997710649	0.0010449268967513255981	-0.00064870224366652209664	-0.00089520016590628444589	0.00095952006706143090024	0.0023502954628994918163
3	-7	-3	0.0046689253664350775785	-0.0027787060842014853386	0.0014228857029875280338	-0.002192916056903409551	0.0013488587261308454274	0.0023380980485731370916
3	-7	-2	-0.00060503145003128059373	0.00023945460577380048078	-0.0014862818667054310522	0.00017066910954327552119	0.004294439358422087738	-0.0002381599747407636301
3	-7	-1	-0.0026301701221758434779	-0.0018665311779062295112	-0.00028909036386389109661	-0.0010340466628395877415	-0.0058668778194802930284	0.0016387331061584258732
3	-7	0	0.0023788466022692691774	-6.1439897318767052728e-05	0.0010195056866868297714	-2.6331384565185881192e-05	0.0031705999379713534388	-0.001954304373378073275
3	-7	1	-0.0040136648409331678392	0.0030689744259152071035	-0.0017838746593748099241	0.001961254308112257011	-0.00044612809282416584274	0.0045218568790401760318
3	-7	2	-0.00054098386534757363434	-0.0045152628244236568678	-0.00036094474843371938347	-0.0025447191014767093879	-0.00045183082149665728224	-0.0021336226185329969056
3	-7	3	0.0099363359352063335139	-2.5568369827743549861e-05	0.0021406809826449019196	-0.0044122218934521282782	-0.0049414136423682293239	-0.010269616048227223071
3	-7	4	-0.0052353448443236442686	0.0010781924360926929424	0.00090861325445245938372	0.0021673773759080675397	0.0055165818285345374211	0.0029842660807695986502
3	-7	5	0.0032846056459864335191	-0.0029896540982626272111	0.00097446883103661163187	-0.0016473006076316628471	-0.00060650702414060374008	-0.00051242839172675161592
3	-7	6	-0.00060035836418324199475	0.0032291463664294605719	0.00014252787068104826843	-0.00018326877368601826785	0.00046646169788617733313	-0.0018283867525150849544
3	-7	7	0.0023477592362029218488	-0.0058616371908400298138	0.00089487156184608223665	-0.0035690328096837573013	-0.00011131096795516998621	-0.0010569025850380301453
3	-7	8	-0.0015707630002145911256	0.0064306824010150207341	-0.0020676709675449553641	0.0053680855561762065228	-0.0012201759715213642173	0.0022855689612735477154
3	-6	-8	0.00069107867778190658088	-0.0034066650467049937323	0.0024630801792775614163	-0.0021444975314323685804	-0.0015881556302899562435	0.00033087375605990378569
3	-6	-7	0.0010871699539428257997	-0.00056851153626043054393	0.0020505973715874642807	-0.0022923942549675033892	-0.0012917249096709010597	0.0017212615601462468492
3	-6	-6	0.001739897479666620457	-0.0028122724069766080052	0.0016477584316216282306	-0.00015482257141043764587	-0.00077780969178831811054	-0.0012513136320778663838
3	-6	-5	0.0028965681110874044388	0.0034296437432242104885	0.0001864418772595927132	0.0012928352382214401781	0.0015142106139409312882	0.00050638396006879823116
3	-6	-4	-0.0041311040870192208482	-0.00055857876136987101665	0.00018840497764623995842	-0.0022436563767171059831	-0.0033809355317337757771	0.002946550494048255902
3	-6	-3	0.0098608597354604230617	-0.0059444446952274139495	0.013435257720708160614	0.00075147924971718518209	-0.017009655705955896432	-0.0074474031946617849642
3	-6	-2	0.0010409296059477643037	0.0058176225502244603358	-0.0014324548239836498633	0.0033756578962153738384	0.0058587588808725957201	-0.0014005398633094305778
3	-6	-1	-0.002578971341498587002	-0.0063459046310782342426	-0.00017350520817645335688	-0.0032788384805478038714	-0.0066958827754370403226	0.00063531699005211887416
3	-6	0	0.010934088971497994691	-0.001410457104715463891	0.0054670444857489973456	-0.00070522855235773194548	0.00071165588042220026196	-0.0049719942988894084285
3	-6	1	-0.0042629095318543882773	0.0029251588188353391286	-0.0015667745046980964107	0.0013417813449163457085	0.0033880815673745868014	-0.00072478838700794367706
3	-6	2	0.0023534670416459871518	-0.0034186063987021522714	-0.00034939414300019918866	-0.00093785240442334515988	-0.0045783829914695780769	0.0023143523847831931443
3	-6	3	0.0017287361515642477288	0.014741538998946510791	0.0009195375441267298949	0.00070524104179822829589	0.00011033893668921216941	-0.013331056915350055284
3	-6	4	-0.0033305270881627884946	-0.0083405985187493588556	-0.00058847242111607694567	-0.0048498553420323652421	0.0016151866844479759525	-0.001019334123986528071
3	-6	5	-0.00083418948815475342778	0.00093901591259510383634	-0.0045083843505719870676	-0.0027223560720941986611	-0.0049095475277935330533	-0.0038302368340701010638
3	-6	6	-0.0033893393676641837137	6.4981032956818975599e-05	-0.0023569691441461047658	-0.0011784386976787387512	-0.00066229946031401312583	-0.00121092921415714809
3	-6	7	0.003721699635015521257	0.00047676348712527263007	0.0020294852723551069264	-0.0025826729697536144822	0.00014454467558343961808	-0.0024180468971282151162
3	-6	8	-0.0030023851627168814116	0.00080164765904236219129	-0.00095891906001969551103	0.0012820244869062591159	0.00040670514100405895028	0.00066090049303880852877
3	-5	-8	0.0018611556143547055338	-0.0017145652107046314028	0.0036856036424203712093	0.00058488526052610529532	-0.0016055689211297173493	-0.0010085152418430527212
3	-5	-7	-0.00025615611083667979165	-0.0023265835757696165693	0.0002337074630545593406	-0.00076091972846355996479	-0.00027671509254040515787	-0.00045359315499872134231
3	-5	-6	-0.0014784180280671438846	-0.0031333996703881154995	0.00045671873466303136496	0.0017544692041688246791	-0.0011198079595860980888	-0.0030287575053347449462
3	-5	-5	0.0018180116490921346614	0.0057107754996956099428	-0.0021153609838751074104	-0.0011712651996617327865	0.003206167973330388294	0.0045977304994790990991
3	-5	-4	-0.0039835490823135876609	-0.0010242486351623471524	0.00055861318298377679852	-0.0056903020994163574717	-0.0036859282904649118794	0.0063446911478986867464
3	-5	-3	0.004021061574308607868	-0.004595633987695629287	0.0081728310786219667688	0.0027009933367417517276	-0.009600323556728004859	-0.0090972895489318823109
3	-5	-2	-0.0025512268605264593058	0.0074872146834550189903	-0.0031078542620249648316	0.0044187637061363152502	0.0039427953642727229036	0.00018391275984174046843
3	-5	-1	-0.0061496175934672965904	-0.0023588959007708023077	-0.0031696409675944451495	-0.0033140147075145193027	-0.0026006479424296640238	0.0094933858352601891567
3	-5	0	0.0087849673508275886308	-0.0023627019073976509786	0.0052709804104965523111	-0.0014176211444385904137	-0.0042711150321658643975	-0.0084870011309944957262
3	-5	1	-0.0066179564727133358484	0.0078813269686127309516	-0.0022616943418108056453	0.0066452842792678566697	0.0085453977090859788851	0.0095824404905010904937
3	-5	2	0.0016912645321844998591	-0.0059637072946067039986	-0.0017722957324636696985	-0.0045544762421897084029	-0.0069676361294359239265	-0.0024406296635642137083
3	-5	3	0.00039271401572800283819	0.003899296023863529654	0.0034492844879317700185	0.00040041082889513560442	0.005356093464158280526	-0.0032319446423716368354
3	-5	4	0.0016288931575570834466	-0.0023706177979522973301	0.0011289983177714154987	0.00051106283421086906409	0.00018957802904645670709	0.002416791891227809165
3	-5	5	-0.0025662623918480593523	0.0042500142429158244833	-0.001027530567894828625	0.0040137519206931010496	0.00051222686721400705143	0.0014637433749436067499
3	-5	6	0.0019799723133341004012	0.0013889284377775409918	0.001918488950631713633	0.0023462046763860120412	0.00060875463552604452966	0.0012607063447662393216
3	-5	7	0.0024669949299758859272	0.00055590574864513653611	0.0033011275866681728634	-0.0015367172386076181998	0.0013006647347733153123	-0.0013359004912819286582
3	-5	8	-0.0026698028981895533147	0.00069757803899315334612	-0.0007941488137582892147	0.0014013609746447190305	0.00050483307822215184226	0.0006142588445305169299
3	-4	-8	0.0030195601132643411744	-0.00083442184945371354523	0.0024112814918035439977	0.0053340844269732000729	-7.3305703427644058456e-05	-0.0029799504070317423855
3	-4	-7	-0.0010828516733706848585	0.00013069417836744030349	0.00063504720574862703192	-0.0033116585701894775406	-0.00082696340615808037067	0.0019483881165514615238
3	-4	-6	0.0061625000391378886855	-0.00096129809390602366081	-0.0011762300767086239419	0.0052500818345711111959	0.0038654034040413601594	-0.0039807036033337522482
3	-4	-5	-0.0017871868967778866116	0.0017526553979930633003	-0.0078504459622375979272	-0.0034972576872579646569	0.005208044631723347459	0.0038493993886022097491
3	-4	-4	-0.0018874432003213139405	-0.00027935018253585338971	0.0024754182252188835361	-0.0065287407628707759891	-0.0038910006254598691541	0.0063192281259688860146
3	-4	-3	0.0040500733745770988933	-0.0052930529649728120731	0.0051900775335700886914	0.0042970035970907489997	-0.0028700300035163525507	-0.011022391094427144362
3	-4	-2	-0.0054979698824706756469	-0.0010946226255617167496	-0.0078305113887059841354	-0.00039587993632851235966	0.0074140679537059561016	-0.00085017406568555040514
3	-4	-1	0.005531630527494654781	-0.0064944413118596918191	0.0049429215112681062702	-0.0058148054070498835302	-0.0031767944625884603042	0.0037758976926204564951
3	-4	0	0.0029756754048076115848	0.0073625810967442757715	0.0022317565536057086886	0.0055219358225582068286	0.0020462342661796500097	-0.0068699604718908966264
3	-4	1	-0.0072001589359504758817	-0.0070871257912194550801	-0.0060879371065957962883	-0.0054166627476075401501	-0.0027512716185317566409	-0.0004052736167717954684
3	-4	2	0.007507609957542099588	0.0040003468217193870887	0.0059031805520501851384	0.0026088608084371572339	0.00054494616778722197899	-0.00078279861570476638212
3	-4	3	-0.0002164169196894251304	0.0028337170216683102951	0.00086275753996557075741	0.0051640249866692937084	0.0013667603063101860499	0.0040516496272240808824
3	-4	4	-0.0032318949169731062999	-0.0038614383022697114541	-0.0062735507916725930661	-0.00099876663591077314772	-0.003849629603942762799	0.0018973120907915103344
3	-4	5	0.0021160541355710661172	0.003659800531312743313	0.00018178446423527117579	0.00045854392116437882885	-0.0011242049099544227514	-0.0018290451818561430548
3	-4	6	0.00050866797267615703956	-0.0030648899853312067121	0.0017945513013799875048	-0.0015522490046983197613	0.00094203354791524659181	0.00049761232286672340674
3	-4	7	-0.0018404772498967281787	-0.00079942335009367557295	0.0011154257659382134284	-0.0043489012888110346183	0.0014261621162061483524	-0.0021424764435661589924
3	-4	8	0.0011118964777593527173	-0.0014214703089047572241	-0.0012901847564264546687	0.00068552646924268853795	-0.0010620535573729844407	0.00087581460046062820091
3	-3	-8	0.0012150412565597266262	0.00039795177044020714095	-0.0037393578824679841142	0.0026080516899685095289	0.0018578996771353914735	-0.00082878746982311334805
3	-3	-7	-0.00022491668067059725103	0.00055356912001944919791	0.0016439736534355770935	-0.0074807517678332057648	-0.00080095300033121755688	0.0034432803805082806518
3	-3	-6	0.006960671545962471285	-0.0042276322185931447181	-0.0055379616812326962205	0.010905018435392021744	0.0062493166135975837527	-0.0075663253269925827976
3	-3	-5	0.001682566147295184002	0.0019819930032910805517	-0.0079592247578647648543	-0.0051975100760778296036	0.0057850745430959686633	0.0043077018476213460932
3	-3	-4	-0.012192797984993003838	-0.0023784754833179612941	0.0040739422459223455231	-0.0012054372962609868382	-0.012200055173186511587	-0.00087977864029273084197
3	-3	-3	0.014159629819429359401	-0.01194021679342566894	-0.0022399685556139781704	0.0073820708701843309671	0.016399598375043338006	-0.019322287663610000774
3	-3	-2	0.0013113658124414315047	0.0022966537172774644827	-0.0021580773413903461128	-0.003221216801332052633	0.0052041647307476670767	0.0082768057779142763242
3	-3	-1	-0.0053730521178393655587	-0.0069409627689423041008	-0.0020457489599341746947	-0.0050324599212753359442	-0.0099819094737155743269	-0.005725508543000902735
3	-3	0	0.014242758379360044574	0.0032315768861931001323	0.014242758379360044574	0.0032315768861931001323	0.023306162608440261774	0.0043036774514194596486
3	-3	1	-0.0062548824227916374405	0.0018432106271061095195	-0.0090101469440209656925	0.0038132864614311774883	-0.0082657935636879821539	0.0059102275029752036895
3	-3	2	0.0071145778734252526632	0.0003624737793428704411	0.006658819734839582262	-0.0010911281497471940483	-0.00068363720787850538498	-0.0021804028936350965985
3	-3	3	-0.0027292995051565595126	-0.0037059056120628936469	0.0023425759274712629372	0.0081201843627556440086	0.0050718754326278224498	0.011826089974818536354
3	-3	4	0.00080906476072065895526	-0.0041743146427357180964	-0.001835589599595928564	-0.0034186092477305608621	-0.0019834907702374407479	0.00056677904625386835939
3	-3	5	-0.00096961065735080571425	0.00409372749327687694	0.0032752336349375398353	0.0014032523084485906857	0.002546906575373007308	-0.0016142851108969719694
3	-3	6	0.0017387390282121548309	-0.0072048930639078637844	-0.0030911608902717173722	0.0017362181254079764141	-0.0024149499592419363184	0.0044705555946579203161
3	-3	7	-5.6690504393343499551e-05	-0.001810825770319734497	0.0068273735244286284235	-0.0042894290406799151505	0.0029503131552094164804	-0.0010622585444400776088
3	-3	8	0.0019699309362456139672	0.00083243751966103371291	-0.0020125460360461457088	0.006845182684850669233	-0.0014934288646094098785	0.0022547794369461131303
3	-2	-8	0.0053261019073604148541	0.0031374757156395695519	-0.0039610954826013212993	0.00017034915960512106241	0.0029875620859104857867	0.0011339661034635583909
3	-2	-7	0.0016440716443806764092	-0.006503784998847199697	0.0060326460939290355717	-0.0005133048228644865275	-0.0010190110363880061119	-0.0026406779072589464837
3	-2	-6	0.0043776002630209510935	-0.00077157417687949447251	-0.0051362497071833074225	0.0069107274808195328156	0.003900883367238244543	-0.0026893629153795913997
3	-2	-5	-0.0019869198069276802418	0.009789150530202510303	-0.0011072744488816647999	-0.0049546201990509726107	-0.0007492421046039422685	0.0078553383977418966139
3	-2	-4	0.0015846241739344590384	-0.010247612878686696014	0.0092626363383296276416	-0.0024241322497462070712	-0.0034428500387139698673	-0.0064736435341419176076
3	-2	-3	0.0083773588018254806914	0.0019189862679272057244	-0.0063795400226418982892	0.0051990643985882888795	0.012630385483586746218	-0.0015470566644649867173
3	-2	-2	-0.0051279276394966735036	0.0077409022523337424684	-0.0032219392613752240347	-0.0024454988643642467869	-0.0044699521978697857871	0.014056852242864860056
3	-2	-1	0.00032014215637482469536	-0.0065710155418748509085	0.0031977257254162238381	-0.0047150050140290352893	-0.0054350249817079736986	-0.010283036597566483014
3	-2	0	0.006578986822405016692	0.0059327803643446129847	0.0098684802336075246043	0.0088991705465169199107	0.0077573462871635655291	0.010858980077807283901
3	-2	1	-0.0024827539015907528798	-0.00069860413224615881562	-0.0093138931136137522587	-0.0025719253647509500091	-0.011179524522455247179	-0.0030480383327634234629
3	-2	2	0.00077409458214515447505	0.00052988188484282157647	0.01101150609036942972	-0.0012096134341627673772	0.0098503642171516980069	-0.0020044362614269999046
3	-2	3	-0.0055531545820082994433	0.00010642616895046653255	-0.0071860587443815194739	0.0067750774306666429816	0.00076244875242062015545	0.0044102921181606285356
3	-2	4	0.0095989280844126674552	0.0036234185006585924865	0.0017113472442429919322	-0.005697862323486932272	-0.0063435224411880052758	-0.0055664950372374105009
3	-2	5	-0.00087166632560920973265	0.003857859889190139429	0.005017922805827786624	-0.00019912918213637305158	0.002530168917696640641	-0.0023943676063686329322
3	-2	6	0.0063544205758052250618	-0.0032656587495544227122	0.00035119405577580182273	0.0018539036105665674184	-0.0030601456026440121763	0.0022507972449660670899
3	-2	7	-0.00038997107554885007772	0.0044093730856354590789	-0.00047988328112531715734	0.0054423301686577123595	3.0020952056559406762e-05	-0.00033477984565585019701
3	-2	8	0.0010901404022351944469	-0.00092193841434263482278	-0.0038181105831953505124	0.0012108096164732710595	-0.0013633302966370355186	0.00064842930949680585052
3	-1	-8	0.00026129373816455807701	-0.00028288905054920287976	0.0020022141918469133458	-0.0035359434221656285691	-0.00015229162216915490967	0.00033590953381475250478
3	-1	-7	0.002937766473669086234	-0.0078371672812031778488	0.0032632095068903170347	0.0015037148141810304999	0.00079286998773099169775	-0.003573602379684366788
3	-1	-6	0.0042228443464473151836	0.0048564218466124161114	-0.0024389230303284614894	0.00096871848661321730868	0.0025179093449450677678	0.002266757842204005207
3	-1	-5	-0.0092192089463191302656	0.0089176980957963256774	-0.0016510794874349938016	-0.0058190916258357410634	-0.0052013094703044797026	0.0065144371826449439661
3	-1	-4	0.0077751799045929275919	-0.0060385365529609102975	0.0027932370535660618061	0.0097823810052688042055	0.0051330756650531800256	-0.0069744976660378842082
3	-1	-3	0.01241795362096896789	0.0085818094107823587879	-0.00601366373889231174	0.0033609927673676929724	0.014422508200599738759	0.0074614784883264614196
3	-1	-2	-0.0052451215220656564886	0.00069649527724314618405	0.0061633659940950455067	-0.0051962918412126824289	-0.01094936528014600792	0.0036428888364710603279
3	-1	-1	0.0048504078892150003996	-0.003170892285814629584	0.0018448019604054579322	0.0048495337133680977218	0.012706421707239541966	-0.014362210570811986474
3	-1	0	-0.0020432492933083658965	0.0020368446759212871511	-0.0061297478799250976894	0.0061105340277638614532	-0.0066650766639742495268	0.0091948879399224615894
3	-1	1	-0.00075071141832560477677	0.00026841097072925979234	0.0020099043506322938901	-0.011686853342674557651	0.004262038605609108112	-0.0124920862548623373
3	-1	2	-0.0025498243229338554521	-0.0015995183118161480657	0.0044500467209730746806	0.0056425376353413441918	0.0060497598448873207352	0.0052205462853948947366
3	-1	3	-0.00038542717600361948299	-0.00064980618834736109633	-0.0097999065790893152839	0.0084203022171925288875	-0.0028812083503594859007	0.003456573594078203842
3	-1	4	0.0052416146332581224979	0.0011006768737286494117	0.0011121256841679144287	-0.0075544168908322859718	-0.0036531795539016132662	-0.0027141118780045587686
3	-1	5	-0.00087409923969898834038	0.0034667655419169177144	0.0053646692860868016792	0.011312275478687627839	0.0015973934010367534051	0.00018239577058737506919
3	-1	6	0.0062061070983910719689	-0.0013567565005697635686	-0.0024649180598571678036	-0.00082709174169700477083	-0.0035138732258383972851	0.00054052962666871441286
3	-1	7	-0.0029336402779060206242	0.0035680347662086645336	-0.0031363895137842294145	0.0026270529009527272997	0.00080921875999054760243	-0.0011538644853818951549
3	-1	8	0.0011378520596267403548	-0.0032762878495910326311	-0.005048033183222585922	-0.0018940548889046652029	-0.001057698670262850792	0.0009918510824835540321
3	0	-8	-0.0029792956106699233429	0.0063360221185229893479	-0.0011804183103695160308	-0.0030668300686983234957	-0.0011172358540012211452	0.0023760082944461213307
3	0	-7	0.0040047364951346330064	-0.0041841720251604812286	-0.00018146394136481799973	-0.00074622030074141399835	0.0017163156407719855432	-0.0017932165822116348432
3	0	-6	0.0021194229773552259767	0.019629153645412424772	-0.00051889413789433765437	0.0065033521169485207503	0.0010597114886776129884	0.0098145768227062123862
3	0	-5	-0.0097793087810634348606	2.3596214927473841203e-05	-0.00052802666815659864141	-0.0018805094467193050368	-0.0058675852686380612633	1.415772895648430506e-05
3	0	-4	0.0095456667325411869579	-0.0041842838375903863846	-0.0042322992529520622046	0.0066863350414576461916	0.0071592500494058897847	-0.0031382128781927902221
3	0	-3	0.0044555081084609185829	0.018350042477800903445	0.0039560134851798654451	-0.016841953308670304379	0.0044555081084609185829	0.018350042477800903445
3	0	-2	-0.010573623304300699965	-0.0056123789116245470163	0.0036310009309494500201	0.00077611810360412810967	-0.015860434956451049948	-0.0084185683674368200907
3	0	-1	0.0076059080044235593751	0.0029018678184557552407	-0.0023742703420324686933	-0.0040892716989019911936	0.022817724013270680727	0.0087056034553672657222
3	0	0	0	0	0.009969976195585207937	0.018768875617085484242	-0.039324723863589150508	-0.0061719432946226050057
3	0	1	-0.0046174632385262322221	-0.00061152521780788633449	0.00031352359523167402195	-0.0044669105847940813667	0.013852389715578698401	0.0018345756534236591119
3	0	2	0.0028957159301892998124	-0.0050750344985878558662	-0.00048100692382380442428	0.0045458467831721496161	-0.0043435738952839492849	0.0076125517478817837994
3	0	3	-0.00026074551511133260131	0.0089037128869094064182	-0.02538236520460319251	0.0068537097473682041457	0.00026074551511133260131	-0.0089037128869094064182
3	0	4	-0.0017174871701194564626	0.0059683465751159811216	0.0058695612308723296366	-0.013061327225458788104	0.0012881153775895922385	-0.0044762599313369856244
3	0	5	-5.329844990110002101e-05	0.0020956173734821810853	-0.00031751456732042162082	0.012061388612305197141	3.1979069940660013961e-05	-0.0012573704240893086512
3	0	6	0.010535957667433674609	0.0032635116779909842909	-0.0041759258017505943364	-0.0073205908298268887111	-0.0052679788337168373044	-0.0016317558389954921454
3	0	7	-0.0029255376804219876061	0.0011392992797376738645	-0.00064649952399507978028	-0.0015064597171703909221	0.0012538018630379947193	-0.00048827111988757450562
3	0	8	0.0037510997160142673344	-0.0010525961872391708263	-0.002030280177584367976	-0.00054269194380928277403	-0.001406662393505350413	0.00039472357021468908699
3	1	-8	0.00063675381464788842045	0.0010937706605194514025	0.0014043015481118867674	-0.0013744739269933086909	0.00041432037400694399004	0.00023835475682063066247
3	1	-7	-0.0017115935307394033495	-0.0044115924548368814703	0.0013272491868524549131	-0.0013113597364774677752	-0.00054393305790939355977	-0.0020780195858554444122
3	1	-6	-0.00036314135201810665175	0.0094141986727211222213	-0.0023910823869803120474	0.00263350359490305665	-0.00058008440717243869422	0.0051460166021777380141
3	1	-5	-0.0065610265163064361571	-0.011778223553599238491	0.0039066584275798304018	-0.0039736684140960114656	-0.0031552842242678958741	-0.007861667814978745214
3	1	-4	0.0096086403593383471616	0.0016565777013055119331	-0.007122297504208871359	-0.00054846209797345963494	0.0054259058934515418809	0.0011053177514857689869
3	1	-3	-0.0028715974436909338582	0.0093092844883745119733	0.0052556897247471477327	-0.0055046313659846361072	-0.0011197008687752179473	0.0074744073663796338491
3	1	-2	-0.0020911447548843287332	-0.0056695846774943202753	0.00089743593548733400275	0.0010972216799672457072	-0.0026879991645828260442	-0.0079557661762578585352
3	1	-1	0.0011096843647901534838	0.0064821199278412514749	0.0012888578967100777425	0.0040426039938728031489	0.0046179109910805381939	0.023488963777396558441
3	1	0	-0.00067015375861252234752	0.00045196865576416499514	0.0020104612758375670425	-0.0013559059672924949312	-0.006075875938972013536	-0.023256109886253435726
3	1	1	-0.0033653702497105065193	-0.0070894859491486350925	0.0032615688269588801254	0.0028626490309616027356	0.0068345419221726389988	0.018405808816484302975
3	1	2	0.0057048182021224207519	0.00311845928700818769	-0.004307935683970159739	-0.0018066752602908648078	-0.0064032594611985512584	-0.0037743513003668494564
3	1	3	-0.00053015290290197680627	0.006628251008591066161	-0.0082437940203628264774	0.0016716278212306930062	0.0032780842430229191822	-0.0071854602823346307855
3	1	4	-0.0037330030475058819696	0.0016340405817509041919	0.0033617349132054872608	-0.0053854027399046723243	0.0019593185573280394451	0.00012082024866298976095
3	1	5	0.00095921464137686525495	-0.0013438159591679680813	-0.0050626610640797488697	0.0018517146475834297698	0.0004370034279898306318	0.00043594664598409492732
3	1	6	0.004284107905241053664	0.0033846922759228547858	0.001414807218168004626	-0.0019176509832621981347	-0.0023778551556485273862	-0.0013727376407510608926
3	1	7	-0.0057526762985902618608	0.00075344489253105040132	0.0014354157647802864069	0.00066957698429240090909	0.0022603733044272143228	-0.00041855880884079314352
3	1	8	0.00023332395369150103087	-0.0014201215077290472739	-0.0018957004968391327152	-0.0016955749353911139972	0.00014946607947057872655	0.00074449243232228195025
3	2	-8	-0.0016592505953035934473	-0.00019573854404359800215	0.00091752519183151918375	0.00089125664577558892047	-0.00039283767528096774678	0.0001494122074275479827
3	2	-7	-0.0030383103828897735019	-0.0043158405414763737623	0.0050746922096374753527	0.0025530752068931390417	0.00014777903865794705138	-0.0011201958872346917933
3	2	-6	0.00069335482048552314008	0.0080400312248780515106	-0.010851168579112682733	0.001852346926297159576	-0.0032703787827947990337	0.0046374645878714130035
3	2	-5	-0.00046759458267652312911	-0.01192391235587594682	0.0052732963924524509786	-0.0034251828447559523952	0.0018287618073750662537	-0.0085244205514279497438
3	2	-4	0.0056591323928888810288	0.0056006070471151612328	-0.0013998202244298813338	0.0034136699290845179053	0.0035444391824517203216	0.0059072902498786298772
3	2	-3	-0.0049992914724834710757	-0.0008970593485139925858	0.0041132993283297652337	0.0010353769435043195558	-0.0022570919202636275866	-0.00020680805284444621524
3	2	-2	0.00071662426570588526071	-0.0037778266186087347371	-0.0011701681768333735412	0.0033507289508301206678	-9.5231778274545555237e-05	-0.0023160109770829816547
3	2	-1	0.0037439348110191142567	0.00050701523768886499251	-0.0059448713238786036334	0.00043198808458545058043	-0.00065793821469986384608	0.0023850218822374959216
3	2	0	-0.0022612703469838137636	0.0053676594751034109251	0.0033919055204757204286	-0.008051489212655115954	0.0063835379703206102109	-0.010243524611089191781
3	2	1	0.0066843022788676343185	-0.0054872482082535881109	-0.0076288917153859289386	0.0067819258386141402159	-0.004795123405831044211	0.0028978929475324852021
3	2	2	-0.00063949387599188979581	0.0025550442688933527012	0.00077246733430854654621	-0.0019015246168142265707	0.00018677347967928809329	-0.0019310417865258022643
3	2	3	0.001847486197992631151	0.0035991989612949707757	-0.0028228797597774023774	-0.0025829710102237136808	3.4433641858970420366e-05	-0.0018772182878124953499
3	2	4	-0.0087745708908542781324	-0.0027390436200275302195	0.00028865715054169352937	0.0017221059093995060366	0.0064365995928698620243	0.0011932297603208946463
3	2	5	0.0024694003914242112531	0.00035640428373789033185	-0.0036595607273682858977	-0.00045968647384258431348	-1.7815943907212433424e-05	-2.9967980705700452033e-05
3	2	6	0.0011505828182848320748	0.0051188613620454914005	0.00058672828653214329202	-0.0033199525415354333956	-0.00077086750465313043194	-0.0014527798338442679017
3	2	7	-0.003854069618676115444	-0.0011136109006538680126	0.0027445941423547932578	0.0034543667548996631264	0.00086757436733125143334	-0.00050970011540538888786
3	2	8	0.003402098057566225759	-0.0022738376432540141972	-0.0018460133453489162118	-0.0015036726286680778333	-0.00081428343525010566089	0.0012286072733872746739
3	3	-8	-0.0011387000977628614767	-0.001862341277283541827	-0.00076913271109763895091	0.0021483881438140784749	-0.00071543730332268768747	0.00010726757494895121587
3	3	-7	-0.0042434022844830311672	0.0055245570414134319639	-0.00015485330473570763175	-0.0074867725242057942686	-0.001884966681093745277	-0.00084094949262529809959
3	3	-6	-0.0042031332773307568396	-0.0043736669780176798752	-0.0067925252542274036638	0.00054707702030738281692	-0.0054978292657790802517	-0.001913294978855148475
3	3	-5	0.0017284924547649553866	-0.0048041856620926201918	0.010869322657455960171	-0.0030153222578943594812	0.0075586890673325496381	-0.0046917047519921878038
3	3	-4	-0.0042111427107993067501	0.0085646924643766036284	-7.6648337200885922351e-05	0.005703826617069156571	-0.0032158432860001444874	0.010701389311084320149
3	3	-3	0.0021481421792253498591	-0.0084729874114225257886	-0.0040780666991109687514	0.0037923457318928665422	-0.0019299245198856184585	-0.0046806416795296592465
3	3	-2	0.003872301591395836684	0.00013751663828010500133	-0.0049535633688622604173	0.00075019482950897120339	-0.0016218926661996349494	0.0013315672016836143342
3	3	-1	-0.0017017408442721309193	0.002036570741749803206	0.00321142074219521673	-0.0041367195486341074018	0.0045290396937692567816	-0.0063004464206529121537
3	3	0	-0.0035410962703413774097	-0.0063477589912132271685	0.0035410962703413774097	0.0063477589912132271685	-0.010958629591519875729	-0.0011834694301515445193
3	3	1	0.0012025610386686453202	0.0056293541062548101139	-0.00025141425889211856072	-0.0035640824292167130535	-0.0028534403393295805496	-0.0061958150311142911812
3	3	2	-0.0026598511917293168536	-0.0051438969758116166384	0.00049469967377405740881	0.0028633185439613170753	0.0032477272769328891129	0.0034208676477754497783
3	3	3	-0.00054247113280715220183	0.0095360975097698811448	0.0024937704188581601497	0.0054098112271102911236	-0.0019512992860510078395	-0.014945908736880172268
3	3	4	-0.0014383594695875450125	-0.0047583898194097466738	-0.0058737633102660972637	-0.00061817426534991454755	0.0054840920848902314361	0.0040324230635697460787
3	3	5	0.0021767315208920464016	0.00085740896689606163009	0.0016559398377297906372	0.00042584844759722061906	-0.0022996028151731021799	-0.00076995444869596937117
3	3	6	0.00043974271629660353911	0.00090292679242382802018	0.0005442436043978411556	-0.00062989347122723482637	-0.00049199316034722240156	-0.00013651666059829662401
3	3	7	-0.003280682124503247598	-0.00055649183241505582528	0.00055223865002706530331	-0.0042088659933109109565	0.0011693329176326494774	0.002042296211025414459
3	3	8	0.004994400857428398649	-0.0013253528412681123746	-0.0026624414332999564448	-0.00048540098184419961996	-0.00087448478404816571818	0.00067903268366711693697
3	4	-8	7.7705725849749543313e-05	-0.00087963888423366423143	-0.0030385129571093433265	0.0019537510424903333991	-0.0014901168313610154998	0.0006470109396575426941
3	4	-7	-0.0037960288284313494639	0.00045363096241990858446	0.0042159822884393436532	-0.0025423266389089202617	0.00078226323835190391624	-0.0012583448097679937605
3	4	-6	0.00087852217918453837098	0.0051362847483097193863	-0.00093143565866772028931	-0.0047582677064517660617	-0.00018169601618621102545	-0.00060403609681298423961
3	4	-5	0.00034746326163314299705	-0.0040069829596020524118	0.0026908865147576600807	-0.00014142365647558388588	0.0023611871687860140796	-0.002517328700941698881
3	4	-4	0.0012694741945273426212	0.0026946576234927995322	-0.0043765773508941457556	0.0034372110613376770372	-0.0034244717049986390066	0.0054582042789572769032
3	4	-3	0.0011005571427563716654	-3.3782027962085496835e-05	-0.0043914974988001074033	-0.0039768522092565577325	-0.0047547728556437711053	-0.0053362516403041623109
3	4	-2	0.0061709489749963040636	0.0074760600558895573889	-0.0026001422874730355586	-0.0050505488829012653088	0.0040561388875483845445	0.001112992318031805249
3	4	-1	-0.0057712711388448641181	0.00028080838061712311803	0.0034546704671038225981	-0.00047006811095852857893	-0.0034951315481193010945	-0.0010378473019827449617
3	4	0	0.0037541057124326013966	0.0039874411294664995759	-0.0028155792843244510475	-0.0029905808470998746819	0.00052900162782299657918	-0.0068483472964473339831
3	4	1	-0.0033133669155069522469	-0.00017617682305565192792	0.0024345135934972332581	-0.00032376378552692787081	0.00020204637253192435885	0.0018235856112746671315
3	4	2	0.0091542172397868892125	0.0017901451755874741786	-0.0030503063422250911718	-0.0014074710637157115088	-0.0076307131752301523425	0.00012972436405021158705
3	4	3	-0.0026259532384053031924	-0.00057534440186433855827	-0.0013625730406885078541	0.0083877227022100993292	0.0044427172926566468533	-0.010608285867749126311
3	4	4	0.002695763074811453365	-0.0080420703600236898012	-0.0024006713307858631654	-0.0019754475489992019688	0.00037884902467727319579	0.0080070003190169693197
3	4	5	-0.00029039687509431949325	-0.0010188490558935500447	-0.0022159431979948268632	0.0005189918715849934196	0.0019469926834524530889	0.00019611593626813522066
3	4	6	-0.0022243026027975181143	0.0014351780575066065259	0.0021540748528048243339	-0.00035860731186751818294	-0.0003238986004711240309	-0.00047851748750829114099
3	4	7	0.00076321894736730967832	-0.0011633025437613551262	-0.0007121907847403897724	-2.5067794607669026819e-05	7.9872328122804260608e-05	0.00051288268710210588395
3	4	8	0.0017109376334034248103	0.0034130527546146209768	0.00081101230361771230442	-0.0030892761806236616016	-0.0010471077643351403477	0.00026474330733134798874
3	5	-8	0.00027978145872190437115	0.005022565528012866605	-0.0042632107112182916417	-0.00022386044905023882133	-0.0025595886474907183876	0.0017435492923484256864
3	5	-7	-0.0039979072606203328033	-0.0049273696013915971315	0.00766454121211379482	-0.0034902292628307901926	0.0037612834683868538559	-0.0046047507311898208324
3	5	-6	0.0056823735143751025189	-0.00048120593770455914046	-0.0072738782339607536628	0.0029160831315559877612	-0.0032203784377797437487	0.0021894663074443769697
3	5	-5	-0.00077498258222480288955	-0.0039530846231072957336	-0.0010097152801424944934	0.0014897870130527581054	-0.0014747048294773761837	-0.00088206376081161963834
3	5	-4	0.0037485860577596485585	0.0026745493635959901452	-0.0035803506290865896172	0.00091150112522148693354	-0.0016639987430385010363	0.00314528842922385133
3	5	-3	-0.0026701576742424013196	0.0013436848140257848672	0.0039735553836478731612	-0.0047440573158143021018	0.0039524346318373865597	-0.0065630773789980513186
3	5	-2	0.0044553189128835523833	-0.0027699456736491176109	-0.0015362447700018647644	0.003882342877353912175	0.0028423664443206668809	0.0055509386829111044548
3	5	-1	0.0017280299231574440012	0.008035354297950146954	-0.0018676234034995218853	-0.0054874072328882630631	-0.0041540272480252776396	-0.0033309732705908761882
3	5	0	-0.003184596884292184224	-0.0053640250623009097866	0.0019107581305753103609	0.0032184150373805457852	0.0099084365849606212406	-0.006524634276413055281
3	5	1	0.0055704778819222269814	-0.0022302805513315388658	-0.0031070034944537744739	0.00080568381320045583029	-0.0011764161734978083578	0.0026624225879923369038
3	5	2	-0.002223970585747530801	0.0034355749905904597527	0.0028472475187930599595	-0.0012064837359246479917	-0.0037821629183613539142	-0.0021371531460740692161
3	5	3	-0.0034423435966042751494	-0.0019503839739068769971	-0.00044866660332454789007	0.0020499652142126115716	0.0041901212688118544963	-0.0014662247164474754776
3	5	4	-0.0030529589055549649287	0.00018111953017699967223	-0.00063261544304332088893	-0.00069664632455038297178	0.0030804884829703747806	0.00073496825805522900121
3	5	5	0.0027569268413841730922	0.00060602908946527395562	-0.00060555072038647242676	-0.0048258670647717740593	-0.0010486053844440314936	0.004462249611092609404
3	5	6	0.0012191920562211299838	0.001843634198228399218	-0.0017403501870483916326	-0.0018736915233321758002	0.00084069579442976136857	0.00063959250366261370235
3	5	7	0.00090679123881213326199	-0.002472548529626041134	-0.0029545319113885204661	-0.0011272483623221822048	0.0017217551200723146647	0.0018648410572127192657
3	5	8	0.003132254230257239605	0.0021392084988310746188	0.0021414207040682605061	-0.00060334685816618638041	-0.002512983276389127614	-0.00042511140070778644009
3	6	-8	-0.007623750004823468332	0.0037593652898805941104	-0.0055559237080654109292	-0.0022895501863983633295	-0.0070258490328578586046	-0.00030740065609354970573
3	6	-7	0.0045209042820569759341	-0.006856428348545101116	0.0032200242860272016397	-0.00047308944554951031436	0.0046975512231905913393	-0.0033439745312760522228
3	6	-6	0.0055356963022453221923	0.0098171399463282925379	-0.0071971932575143346758	-0.0013256706363774183564	-0.0044293451063916735796	0.0035828993367867283462
3	6	-5	-0.0055077966777024390047	-0.0032599773567683495122	0.0074272746423224228832	0.00032944290021561211789	0.0056080515641654445774	-0.0015606549338022751659
3	6	-4	0.000998349197357960641	0.0026397384088299663887	-9.6046934045067116313e-05	-0.00066562702314571788823	0.00060469149695086986049	0.00098136327190389812183
3	6	-3	-0.010479086837036216684	0.0026653799697460788497	0.0062246171170851341201	-0.0063471594230464353434	0.0019701473971340524236	-0.010028938876346791403
3	6	-2	0.0090691350448699834669	-0.0017372018358320204159	-0.0050655290414065188773	0.0029808265658478366907	-0.0015928845569145796968	0.0063366769437954795566
3	6	-1	-0.0029418929044122141617	0.0048524325909170646851	0.00073175684346949581866	-0.0033296154694781011051	-0.0044351376524196682236	-0.0054203950441174143099
3	6	0	0.00065487163334458176143	-0.010014472538843457658	-0.00032743581667229088071	0.005007236269421728829	0.009884323202152990942	0.0017929245955157467347
3	6	1	-8.7901197565300515416e-05	0.0015521140080183798513	0.0002280533657142062669	-0.0011359491170231062959	-0.0011046166015893359603	0.0021593526780834988721
3	6	2	0.0011405151864634025926	-2.7037252004743338597e-05	-0.0011878182140167745616	-0.0013688587162525355043	0.0018526818623552201212	0.0041471320267647219376
3	6	3	0.0051886865572953171782	0.0066732354645897655476	0.0003032555025276412403	-0.001257242526615452629	-0.0057951975623506003094	-0.0041587504113588602897
3	6	4	-0.0011626760465635512659	-0.0015880592854064720654	-0.0033635197394989830265	0.0014241635043343524834	0.005917286644171138206	-0.00094520079244667467612
3	6	5	0.0010586087671880541321	-0.0029033080478438567582	0.00095927326595872733361	0.0026812219626514421922	-0.001786293179463305323	-0.0014754815264754169227
3	6	6	-0.0038337060822675136408	0.0034354371859730658927	-0.00061983318163107896468	0.0040240966448748119802	0.0025366862227648358935	-0.0057418152378613451434
3	6	7	0.00065582682510399953422	-0.0037514202913842688118	-0.0023541312680116182991	-0.0016127302095685345541	0.0017367581618225303407	0.0029900917330805735182
3	6	8	-0.0011525996224968663648	0.0011635793936588985364	0.0021866088876200417447	0.00076849283147851664075	-0.0012077318072787064217	-0.0010127118962309745401
3	7	-8	-0.0085611682108761473498	-0.0020322404348712143872	-0.0045604280224605994037	-0.0056399704187037281652	-0.0072008125987315799513	-0.0056970642794424673772
3	7	-7	0.0092583858607892550313	-0.0039392776274158403452	0.0073446846688359455901	0.0035361255332365189481	0.01131256432345991228	0.0018478636929154441428
3	7	-6	-0.0012963992014317228096	0.0046087209345676543454	-0.0015584769210551985188	-0.00018654035263244360355	-0.0024664226752802598935	0.0020867300558793096081
3	7	-5	-0.0032590536620322038339	-0.0030133673673952776975	0.0049018901020330676518	0.0019099165704044756067	0.0049072139456269731062	0.00086586277812909925259
3	7	-4	0.00099116484306835395124	0.0025701843724685500235	-0.0015161480536657078767	-0.0022552000981335977754	-0.0019098854616137232124	-0.0020189618923823833725
3	7	-3	-0.01028928665653597134	-0.0050095174334942116703	0.00818491753952707915	5.2096197518262525898e-05	0.0088088542690272116087	-0.0048879596392849321632
3	7	-2	0.0056076535674747405788	-0.0017856072550178423829	-0.0014806074850261463031	0.0019292716808753404643	0.0032293541536205991327	0.0040740400005369282674
3	7	-1	-0.0044666098498976790007	0.002725958143248300488	0.0014507688160537556693	-0.0014184400583164382455	-0.0032444478373167468833	-0.0017512059784701656043
3	7	0	-0.00086200718699714750509	-0.00091244341451267741566	0.00036943165157020608136	0.00039104717764829033649	0.0013535816906864227369	-0.0018526125069136467009
3	7	1	-0.0041627144325368618805	0.001424984820074662057	0.0016487237708856425887	-8.3337733376732516595e-05	0.00094707690141108860464	-0.0036915903265868584872
3	7	2	0.0031210904857201537434	0.0023191568017649636171	-0.0020712799480977943725	-0.0013533659889823777996	0.0025678440897620503393	0.0012580457587908768727
3	7	3	0.0065296997961284252571	0.0059567479416876957868	-0.0019539695976410007688	-0.0010521157541355159216	-0.0019704374016327567964	-0.0035018111820381589254
3	7	4	-0.00412234476093553074	-0.0016826600297779265372	0.0003739442083007335103	-0.00093020385641698257601	0.0024373562061753644391	0.0028898517710631644109
3	7	5	0.0015907135338883271036	0.0016994343173274940265	0.0020920386432987992699	-0.0011384890316824040034	-0.0038832822209513150231	0.00057422405395886918882
3	7	6	-0.0023110397125517159571	0.00059813878749964796873	-0.001138750596701926807	0.0036208913711235223183	0.0024840622190947722614	-0.0045234426600605998417
3	7	7	0.0014227386254826238088	-0.0015078674676481883775	-0.003220055509298059334	-0.003171830166240611603	0.0026103103840912204349	0.0038180590809469778027
3	7	8	0.0013119886611508359449	-0.00043797404359117655817	0.0015472615417851207521	0.00028501375438888721823	-0.0018458495969935441103	-8.5146768743585093085e-05
3	8	-8	-0.006890399631954049163	-0.012294788823093096355	0.0050064976092275698116	-0.0064298583232528915693	0.0024225977472448010502	-0.011040404131912803787
3	8	-7	0.0036410825946635873816	0.00088842240972722538641	0.0063946702905005297496	0.0057286459491102809105	0.0088686585868564277862	0.0069277764031519884283
3	8	-6	-0.0036181357099802574986	0.005987014967804846384	-0.0039805613220082304918	-0.0027655308846836947761	-0.0071164829510011020156	-0.00069386702900917020427
3	8	-5	-0.00041293294247727354825	-0.0042684878543288243269	0.00168966544399094332	-0.00033527853593710339611	0.0024557049448991449987	-0.0030975383700966598564
3	8	-4	0.0029096687704763717422	0.0064371279028540831155	-0.0030835521789487480016	-0.00057264118216473569676	-0.003984852780040217847	0.0036825635628110909431
3	8	-3	-0.0025137278166117342851	-0.0089474561068746596287	0.0024697708429507595797	0.0023736168014265764115	0.004072327764590291839	-0.0026178113030704557203
3	8	-2	0.012549208414325527944	0.0096250533211249510168	-0.0051793836437462490926	-0.0017163531256080956453	-0.0018937219534967031538	0.0075721674792550430766
3	8	-1	-0.0092127348915320046718	0.0024102389866878519593	0.0032319984627129237816	-0.0016931750126610784542	-0.0017822169728926261483	-0.0063146831412250721896
3	8	0	0.0074725318884277603174	-0.0011923168220737819997	-0.0028021994581604102274	0.0004471188082776682499	0.007017666444247461395	0.0042696224628042418053
3	8	1	-0.0050552252637660558682	0.0030871235345382402708	0.0022378919031858903257	-0.0011042111071933294244	-0.0027374594341889563025	-0.00042768174606808487519
3	8	2	0.0030906842139079215501	-0.0047111514754740509842	-0.0017507550427901393767	0.00099937718042357676432	0.0023669938502986747481	0.003069218491516769419
3	8	3	-0.0028149601816888033569	0.0059117604524022782445	0.0021742794972928933782	-0.00085144404395654611425	-0.0029831184777589121737	-0.0036412430018514883173
3	8	4	-0.0001378723151003427203	-0.0052335519845024139687	-0.0011692897607024756255	0.0021547236442690637613	0.0024419837577302084403	-0.00038428330016131710027
3	8	5	-0.00047951494524945889597	0.0050706395759438135235	0.0021574166300962786466	-0.0025406179062176406473	-0.0031641576410043701501	0.0010226049043819370517
3	8	6	-0.0023811907808317634393	-0.0038829023276287697418	-0.00053212316231755958131	0.0033628269459424209309	0.001900092940172627828	-0.002542318097442176298
3	8	7	0.0021467512665034283945	0.0022221159366604069894	-0.0034038448825059351363	-0.0027275398081823280967	0.0029700721800767419627	0.0021648529507824862579
3	8	8	0.0048971417690623041119	0.0060153078410944008439	-0.0025035531405948126434	-0.00038921619743049714387	0.00066712497719644860139	-0.0018665242429799031726
4	-8	-8	-0.00062095064581608550112	0.0064781704923340755267	-0.0017016487291978518899	0.0042188718232738110087	0.0013911734062898091936	-0.0009797865771067732453
4	-8	-7	-0.0035038038893591967431	-0.0071336415080909100841	-0.0014710495565612069415	-0.0010660080190492019023	-0.00032097415784959024447	-0.0028580716971385753886
4	-8	-6	0.00088370295110490402601	0.0075930595247835569808	-0.0037106359092520407351	0.0018325388830474807159	0.0055366498464059898249	0.0026186545057923968881
4	-8	-5	-0.0035786019305579755585	-0.00084256319515270969647	0.0013521680513016336774	-0.0005662224556634230235	-0.0050263504265289941572	0.00023190537293930904247
4	-8	-4	0.0011805517504536670436	-0.0014911301976750720739	0.00033191421761807568015	0.00097071101594055559433	0.0005167233152175156833	-0.0034325522295561832625
4	-8	-3	-0.00412615628427946083	0.0035941832320019596707	-0.0034977277260548954134	0.00052653396135106367813	0.0038257322237737739073	0.0033881537457331098971
4	-8	-2	-0.0067548491691676402354	-0.0027213056748028475323	-0.0026969843106619674315	-0.0023728409142700717348	-0.0027217610956874094437	0.0040487523074745918744
4	-8	-1	0.0048913213188654831864	-0.0054202230633750743405	0.0026460263295504005306	-0.0017530797708202449248	-0.0016029253609412691135	-0.0076562540869383388306
4	-8	0	0.0023918425374593603634	0.0074366359380209400357	0.0011959212687296801817	0.0037183179690104700178	0.0059312355387608249949	0.0030844976925000584453
4	-8	1	-0.0047455995648713802243	-0.0041914724575976853443	-0.003206126973293658023	-0.0017483721686562306817	-0.0066666175268637450219	0.0027789124811408933216
4	-8	2	0.0096648591980205388052	-0.0024540489510229972388	0.004964931679953603523	-0.0020361246766259911804	0.0005300083237733381079	-0.0032364008044579702442
4	-8	3	-0.0043355324535266368327	0.0028851788225875705032	-0.0025247749810825676452	0.001628884235713085266	-0.00095202334485133192736	0.00049678619845146666876
4	-8	4	0.00089381324362891557359	-0.0030690515282995795877	-0.00048494199218103943962	-0.0015467945947676394261	-0.0018636972279909944528	-2.4537661235699488084e-05
4	-8	5	0.0032175509821106883582	0.0012328576239986374467	0.0022708456511465204518	0.0014645360766868248652	0.0010593122561458820363	0.0013569716235000096535
4	-8	6	-0.0039592922680107582242	-0.00086994834991140350833	-0.0015362048926318013723	-0.0023042144332850560129	0.00059125498849810383378	-0.0024923203444391392285
4	-8	7	0.0002016326512414370626	-0.0038765397277684531668	-0.0016152253078302672169	-0.0012862097574711298369	-0.0019611904382296979979	0.00074521155018639629718
4	-8	8	0.00061559375841336682993	-0.00032509434212558231464	-0.0004454942012725913135	-0.0036982762788860365673	-0.00075329108047927472846	-0.003535729107823245166
4	-7	-8	-0.0072246146037469680806	0.0039535303212985262178	-0.0032032374722166440974	0.0011291958936442748375	-0.00080947451368392061774	0.00098871875371052278872
4	-7	-7	0.0053860706993770412696	-0.0038682566685937862759	0.0018992406933511900031	0.00059753874078734997045	0.0011785139920071194177	-0.0028079711228409420971
4	-7	-6	0.00033919811540934589889	0.0058944348529318324123	-0.0024525868727827424345	0.00020427794976801699625	0.0030874834285194302508	0.0036912989605585354649
4	-7	-5	-0.0022556015771719160369	-0.0032831211628044625755	-0.00019809874338140551794	-0.0014160717158224133631	-0.001527143021003564893	-0.00064399652809219115699
4	-7	-4	0.0057035470680586730641	-0.00073672336299747571975	0.00384389528330429317	0.0018426035938877019862	-0.001023269677723839333	-0.0039612796523009544125
4	-7	-3	-0.0031358726307597457016	0.0053045955276116900715	-0.002901772766011730554	0.0034400177017019362147	0.0025896396130143770238	-0.00095391393382226465861
4	-7	-2	-0.0058222982149848823835	-0.0084120668388733155912	-0.0016422198908147447698	-0.0066056433964788129065	-0.0058968268121181591571	0.0062956182099292139903
4	-7	-1	0.01097901807668509068	-0.0026380410523961801	0.0064367539350164669487	-2.8615509891831393611e-05	-0.0011412052383749070068	-0.010351855640341899381
4	-7	0	-0.0047464147868908285535	0.0081844412119556134155	-0.0027122370210804734592	0.0046768235496889220756	0.0069657613341183657885	0.0016915616749170984002
4	-7	1	-0.0031481736467512864107	-0.0081837454643319262892	-0.00310853994117808426	-0.0044840544326192454533	-0.0091670850012414428765	0.0013466008289929845988
4	-7	2	0.0080735022676877536696	0.0030926072986034785703	0.0054016109238874312343	-0.00061361717715605783915	0.0027586336982305015471	-0.0083328747172531584392
4	-7	3	-0.004565104989185280078	0.00031201061313366719929	-0.0011732368152061656199	0.00015031338084679708765	0.0033492540834326543081	-6.5282928869029736895e-05
4	-7	4	0.0025494687303690088086	-0.0055073074757472214799	0.00027773383594682939622	-0.0025673310665174178292	-0.0020634345174620574194	0.0010144781093417403871
4	-7	5	0.00019668937803604869983	0.002884338176884283008	-0.00056310034487843123232	0.0014573782880526061322	-0.0009456919852586427068	-0.00026714093823377774552
4	-7	6	0.00083607885708428665399	-0.0028735828300047146569	0.001344521987503664558	-0.0038459090948056938973	0.0010112230806980841789	-0.0025711720572701665145
4	-7	7	-0.0018957524599016253603	0.0020160769992622045582	-0.0019925231117573871491	0.00053484048620795125555	-0.000909235991813601074	-0.00061720351337045138013
4	-7	8	-0.00062458882237718677932	0.0011660565187035880613	0.0007879759213730914329	0.00074745559346528381121	0.0010017733423900484612	7.0995384930329304184e-05
4	-6	-8	-0.0016601076646044561798	-0.00075652558930297943238	-0.0014910130617527997225	0.00037117234984676930089	0.000288205964012371702	-0.00065664205703656669186
4	-6	-7	0.0025791689621599339297	2.4320488517775983055e-05	0.000453109871427888008	0.00056744839781311059729	0.0010854309457246297602	-0.00047248691897250853907
4	-6	-6	-0.0024892223948345644849	0.002751030738794172769	-0.0017110344156839821933	-0.00068079189392646229356	5.1552819127605829384e-05	0.0025148123864559106255
4	-6	-5	-0.0024824709728506516755	-0.0055014298849504310318	0.00060637510442909593918	-0.0047290877808727465464	-0.0027136269035954365542	0.0012737614290869510737
4	-6	-4	0.0077593727023418787234	-0.0026800440301997002952	0.005971272117550165473	0.00060631669721933681688	-0.0011975354739833686188	-0.0035895190760287052495
4	-6	-3	-0.0050150094337409953371	0.00057251325310515984932	-0.0059928224115642419675	-0.00076264203120283361858	0.005298965578140489574	0.0022886350665458801527
4	-6	-2	0.0016382282913346164072	-0.0072871592006727471669	0.0035373080035192273028	-0.0043772755908406098604	-0.0073354674278884486605	-0.0014424916288236641019
4	-6	-1	0.00074612776417879334446	0.0028115843625217285667	-0.00071701295084164527304	0.0014614917771253010514	0.0072865887617650452329	0.0024773867873351079587
4	-6	0	-0.0047628770924956825503	0.002797956346210304663	-0.0031752513949971214111	0.0018653042308068698476	-0.0071760977725723821413	-0.0035117090202104331645
4	-6	1	0.0028970530295924271612	0.00058500082452071788548	0.0016050395495892137102	0.00019590100736649527884	-0.0019579748208344259497	-0.0011645972538838998689
4	-6	2	0.00072825422955471151316	0.0018094219112669640906	0.00036821000449473731886	0.0026628785073047091247	-0.00035187844562521112396	0.0043697916993801991931
4	-6	3	0.0021667237276244521831	-0.0019114854221296486043	0.0026284583669053934035	-0.004210620774223703365	0.0023679517636448509967	-0.0058725943189412077236
4	-6	4	0.0010835194749461501355	-0.0018462458356811987676	-0.00246030042667530046	-0.0026135262697848647175	-0.0047739701149591010423	-0.0020740435689960978749
4	-6	5	0.002366255089527521515	0.0015275081386901712306	0.0029198860900426122644	0.0012093516220392827153	0.0016108592364291174619	0.00022921543549500226307
4	-6	6	0.00046571276472850406175	-0.0016558035646745035158	0.00093452978486137123094	-0.0021086911008252884336	0.00062405460837570178416	-0.001004822057708952901
4	-6	7	-0.0028448017125881678267	-0.00094548694233549234606	-0.00054239823404014255153	0.0018193756448021912702	0.0011606882065874023473	0.002099743091165016777
4	-6	8	0.003619475474163141946	-0.0026058349541631460784	0.0029243294821071990318	-0.00028000762960462036947	0.00038350937449882802977	0.001092911754878107735
4	-5	-8	-0.0030616235251085563256	-0.00016832291117118699597	-0.0045842380730965635524	-0.00097653060042735451325	0.0013343370331310739491	0.00052617016968150307279
4	-5	-7	0.0020030784196315380014	-0.0003927881853799890092	0.00092598504935769343407	0.00074939280141784797486	0.00048319834739109788005	-0.00075973096408702800279
4	-5	-6	-0.0029056359556023890478	0.0032606547124761453386	-0.00515857731064891991	-0.00034881477103360569378	0.002361723788472507371	0.0024644487841787685208
4	-5	-5	-0.00047410206377780899755	-0.0036931621478172365833	0.0031637112860847848086	-0.0036232822070574079165	-0.0035429929371070321802	0.00066875248880361856316
4	-5	-4	0.00094492837439299397304	-0.00012342089669794382382	-0.00162974435798229054	0.0029563140105784290086	0.0029821088218708572022	-0.0038188134099209798678
4	-5	-3	-0.0032134396785827279951	0.0008025024778207485391	-0.0046055905084365017857	-0.0022977499811870694992	0.0033913979426171991273	0.0048995866057394473619
4	-5	-2	0.0020407396940815350495	-0.0063501704861973033711	0.0043094508300310944635	-0.003685199382034509176	-0.0066921476869146656261	-0.0034873425173083333686
4	-5	-1	0.0034594919755740350525	0.004288404713374958932	0.0025149335426678984771	0.0028325822518047963534	0.0012633001889566473908	0.0029907075944758548282
4	-5	0	-0.0058051742752343793094	0.0017107572546672606198	-0.004644139420187503968	0.0013686058037338084091	0.00076967513044301917157	-0.0016792064484624064612
4	-5	1	0.0028207642745192587977	-0.0051983594560420561675	0.0022340868548748260211	-0.0046069007804296624453	-0.00011262282370290681993	-0.0022410660779800879901
4	-5	2	-0.0016048052137467344515	0.0033483410234625005097	5.5847511633617351854e-05	0.0029198994381719918512	0.003349229206577512049	0.00060306654850497860842
4	-5	3	0.0014495525272458442082	0.0013182994830550881071	0.0036358631276311860307	-0.00054546093335828974361	0.0041270351763908509624	-0.0026668341996706002375
4	-5	4	-0.0032267159096913263991	-5.159882967419526182e-05	-0.0042884106564264438954	0.0021917133479692121195	-0.0021337974108417289039	0.0027912405146357103028
4	-5	5	0.001565043363327607703	0.00025749627277187254245	0.0014383251269205977931	0.00068462038841493046918	0.00018629043625851160904	0.0004786233701974324569
4	-5	6	-0.0039676335982604497843	0.00075283698945236541839	0.00063614774218830158654	-0.0018941372980405915029	0.0031752121839972178088	-0.0020803390746687365313
4	-5	7	-0.0038472308238855323741	-0.0034604995403885274556	-0.0021256137088211135046	0.00071424598070390194707	0.00068012210734808020447	0.0024876040092962313499
4	-5	8	0.0019203833391922388654	0.0016496880430532927676	0.0014362077204665391842	0.00054716379004115655183	-6.2561844304532510347e-05	-0.00048286665275092349823
4	-4	-8	-0.0025586241127776286099	0.00068269287117151225032	-0.00038557606977994386341	-0.0025587830063701316567	-0.0010865240214988423732	0.0016207379387708220619
4	-4	-7	0.0043260529531977658796	-0.0004926863600737728735	0.0024928919666911478203	0.0021688627550001003327	0.0010475205637180678032	-0.0015208852086136418012
4	-4	-6	-0.007095348537204155745	0.0053574256687527813114	-0.0056417888775688335851	-0.0048314705915594915314	-0.00096903977309021531537	0.0067925975068748485619
4	-4	-5	-0.002601571564664619321	-0.005275394568717201027	0.0075913225816180594438	-0.00075155134815906661418	-0.0081543153170261437057	-0.0036190745764465071833
4	-4	-4	0.003241282241946974018	0.0014489485058779996794	-0.0059767282229774374575	0.0088481162234166337716	0.0092180104649244119092	-0.0073991677175386334417
4	-4	-3	-0.00053492367294032485726	0.004558631299635497458	-0.0033026200878053073307	0.0018895107613774865096	0.0036902618864866434424	0.003558827384344014598
4	-4	-2	-0.00016474010532688347077	-0.0020044278450921946058	0.0049510234831019427071	0.00045921708075766530304	-0.010231527176857652464	-0.0049272898516997199261
4	-4	-1	0.0064786748235317274253	0.0010046037080212485808	0.0063116516682714396413	0.0021814276486884047468	0.00066809262104115167778	-0.004707295762668624664
4	-4	0	-0.0011034902960701030526	-0.0064254686896381193323	-0.0011034902960701030526	-0.0064254686896381193323	0.0090311203999759292332	-0.0032031280948733404854
4	-4	1	0.0037736670619859320926	-0.0052468279418692968796	0.0042074012628163506497	-0.0066814611706073421399	0.0017349368033216727106	-0.005738532914952181041
4	-4	2	-0.0042008038069730165368	0.0019538732356223125278	-0.0045007045997438972426	0.0038497354780507946591	-0.00059980158554176260435	0.0037917244848569642626
4	-4	3	-0.0027927489987804076169	0.00038017251586339563876	-0.0020655478046120766614	-0.0037931977770209969122	0.00096960159222444141855	-0.0055644937238458567347
4	-4	4	-0.001437865285036284916	0.0020248722861742059036	-0.0010086085737144529287	-0.00061958645005797221336	0.00042925671132183214991	-0.0026444587362321782253
4	-4	5	0.0021914921440342439128	0.0010344724205446410338	0.0019095109377109890491	-0.0028158614547268258702	-0.00022558496505860375003	-0.0030802671002171733497
4	-4	6	-0.0047007038505205529441	-0.0026437333090318921973	0.0014662560880321542488	-0.00021013324797421452871	0.0041113066257018049399	0.0016224000407051184999
4	-4	7	0.00089025449391472199264	-0.0028697776522332157922	-0.0011475190006510445958	0.00067724659284589450083	-0.0011644419968947236719	0.0020268709971880630866
4	-4	8	0.0028786227413356096048	0.0025034087097507958311	4.285743697140414251e-05	-0.00035582950564075235649	-0.001417882652182102677	-0.0014296191076957739854
4	-3	-8	-0.0032928866306209262152	8.1194900357656332257e-05	0.0019431583384187716898	-0.0011478583401072989592	-0.0023751276922175023829	0.00047104432771906526228
4	-3	-7	0.003918692231460500601	0.0034738720448987685414	-0.00063823986650506233601	0.0050243277447505202415	0.0025127840750510267026	-0.00016821357923664097571
4	-3	-6	-0.0061282998789949499896	0.00044499606341348460709	-0.00069829350876926977315	-0.0092896071196883894805	-0.003736386498278665251	0.0049414676021198519762
4	-3	-5	0.0057641451819337259296	-0.00097456598919754347521	0.0053643909786069785689	0.010880178717788660872	0.0013926815583827939927	-0.0073077600220312309565
4	-3	-4	0.004151627621779281456	0.0025511237397186237869	-0.0033094608727645561178	0.0053171920486049135957	0.0066337232763526987611	-0.0014367702967350614099
4	-3	-3	-0.00063224013127021817023	0.0034098495794170425102	0.0014083615938159756761	-0.0034733389776354108534	-0.0022513484355095999753	0.0080198050835248013007
4	-3	-2	0.00245137278107584013	0.00078007014388937838921	0.0043067179574121667446	0.0011772654966770246341	-0.0015573313739665700737	-0.00020575795723678017273
4	-3	-1	-0.0020501868928601502465	-0.0032911924102273643067	-0.0049783709164046710885	-0.0030739613736030096947	0.0067343651777734140143	-0.0039428855201004281428
4	-3	0	0.0012669914215587252913	-0.003372806402480538375	0.0016893218954116338663	-0.0044970752033073845	-0.0041425840167020359581	0.0044166506517894100342
4	-3	1	-0.00032326547794914476872	0.0054707816964627174403	-0.0018345694783957957209	0.0052816853306475713276	-0.0042106465233908083046	-0.0060380707939081566457
4	-3	2	-0.0040097306154987018972	-0.0050062837752527710941	-0.0042859530304233646805	-0.0032792219835462124884	0.0015905316853623582916	0.0050937345751862223714
4	-3	3	-0.00021107717550871658093	0.00085972419197032784195	0.0024544815872098975709	-0.0022045214839951834257	0.0027359178212215196427	-0.0033508204066222875041
4	-3	4	0.0004839907648774946264	0.00070377385720567372466	9.2805814709131555164e-05	0.0030237494345361397644	-0.00041438640384564598374	0.001564038218696431207
4	-3	5	0.0017076851409394476315	-0.00082922278181828189096	0.0033248704393760790919	-0.0013741777601942296947	0.00062877415087408928488	-0.0001611284306619122119
4	-3	6	-0.0013171365670789590956	-0.0023581221475043991423	-8.3260227094685205335e-05	0.0056830070825319321456	0.00083646093117196345431	0.0044135849729355653565
4	-3	7	0.00086984902819716347546	0.0023431840227263194161	-0.0047169649664443825607	0.0029993658072777068524	-0.0025186130017316858166	-5.3519809867451001765e-05
4	-3	8	-0.0014884937928917648525	0.0024538598475643694577	0.002271905678583907226	-0.00057696696814374772485	0.001596211525914847636	-0.0014432925368360902205
4	-2	-8	0.0025473363554373226747	-0.0018725735865642502854	1.0895327129767760983e-05	0.0043985493619877018279	0.0012709443459362193204	-0.0020359241337790504912
4	-2	-7	-4.1609946198116901984e-05	0.0048645451652510642016	-0.006677796109331900036	0.0031252212455250075185	0.0018841646334101902049	0.0018868197385648914025
4	-2	-6	-0.0055151243506768986985	-0.0047834095489373900864	0.0058802215423595172519	-0.0080773273838355124504	-0.005636823414571104883	-0.00049649723801308931308
4	-2	-5	0.00073112859458965740074	-0.0028631795961756214414	0.0023946440769763190082	0.006501822660790803135	-0.00037295475511880168268	-0.0048912727412568184071
4	-2	-4	0.0075874275752716800053	0.0047257858705989754314	-0.0077360107713728447007	-0.0031984386000729202355	0.011455432960958102789	0.0063250051706354353323
4	-2	-3	-0.0051307632410510384952	-0.0069520860720884208525	0.00041209690986624113998	-0.012739444197155783828	-0.0071157489279788785005	-0.00077648529801403818728
4	-2	-2	0.002525983642765758895	-0.006056589541009579393	0.00063374268671783956682	0.0056171160988086011809	0.0044182245988136784401	-0.017730295180827759099
4	-2	-1	-0.00014833736708077402086	0.0030124439817105991626	-0.003530550288949292799	-0.0022102549961871996095	0.0064677511095754891893	0.016470285919216797604
4	-2	0	-0.0017557803222240306318	0.0012800557670518790399	-0.0035115606444480612636	0.0025601115341037580797	-0.012406588751639559265	-0.0015731647753284242353
4	-2	1	-0.0016187464019015750712	0.0018610198515297067708	0.0013482724860172654643	0.0022103935755427902426	0.0091715305796408307798	-0.0030232922550332461641
4	-2	2	-0.0040962268783418494603	-0.0021630299850259973073	-0.005619161342491268106	0.0057045310759895892852	0.0025732924141924303808	0.0100305910460415839
4	-2	3	0.0047396623696252361893	0.0034775308768831944724	0.0019746191645708941788	-0.0041456309876152595134	-0.0050031370497863854666	-0.007400461827587766217
4	-2	4	-0.0026719324095355778854	0.00053816757782910789806	0.0087920646900409137742	5.9321332565876242187e-05	0.0070679647545560343389	-0.00050850691154616974986
4	-2	5	0.0045215086271649853472	-0.0013395087938121688804	-0.0039810284191909321369	0.001702190417189499436	-0.0052096182694083619999	0.0017524832019255348788
4	-2	6	0.00023478752242471137438	0.0022858694144657024788	-0.00058255308759632611158	0.0025720789390940934985	-0.00035070937748191626871	-0.00066655329661243715306
4	-2	7	0.0016789577143520679689	-0.0024430332974997521003	-0.0022027288013820706634	-0.0045362623812539972293	-0.0015887554943103446813	9.9944061070144930283e-05
4	-2	8	0.00081425165994000400522	0.0031342584693053385236	0.0047314870213521712655	0.00031146392110205454312	0.00077574592536804086798	-0.001489263254377155626
4	-1	-8	0.0017876110498755038315	-0.002248948463928965736	-0.0011530196375877513944	0.0038911920319573199516	0.0010379329796362207587	-0.0016108732359591476993
4	-1	-7	-0.00085777819538552602194	0.0054193460624039962656	-0.004989247247397235116	-0.00034778442375212119094	0.00022259063797930439001	0.0031464526676240152023
4	-1	-6	-0.0040814578414729574263	-0.0087313298719300606182	0.0054272766592639446262	-0.0020324195065021784593	-0.0036255180041926291998	-0.0054821499968696766128
4	-1	-5	0.0071820055476491890048	-0.0051914774644382481739	-0.00062500103010867719047	0.0018535741814991383951	0.0058706046441410865769	-0.0045238968078504257844
4	-1	-4	0.003867756693102444767	0.010565752928329372878	-0.0053180339273643673775	0.00010046990411679379118	0.0051972651749435366114	0.010540635452300174332
4	-1	-3	0.0027682192506395574341	-0.0074971335763316677286	0.011036913267107269221	-0.003600065088327971622	1.1987911816987131044e-05	-0.0087961564056662343986
4	-1	-2	0.010581527986122937074	0.0012951728349662155592	-0.0049916553679179506697	0.010787707110250217488	0.023658883656204849483	-0.0028035078851926771917
4	-1	-1	-0.00088457323109446424608	0.0029687960905932409168	0.0066530290683136780391	0.00056311392849993531767	-0.010191321992691536324	0.011312070433873028241
4	-1	0	0.00055086856295834501877	0.00049903188266087899778	0.0022034742518333800751	0.0019961275306435159911	0.0055554100360332703268	-0.0064611487938695984223
4	-1	1	0.0014408790329138298093	-0.0012247143131235266843	0.012306845371468807387	0.00052978621784737834656	0.0065433292398134881504	0.0054286434703414848668
4	-1	2	-0.00026175628797902602109	-0.00044911561862844354143	-0.0080425171474285284817	0.0075668782114096510422	-0.0034977459977562118734	0.0046816703429617126039
4	-1	3	0.0046287880040563524758	0.0033205646328108772911	0.0044022572744290885266	-0.0050521357896635499599	-0.004704298247265440748	-0.0061114647736356863747
4	-1	4	0.0021983387697258197427	0.0028602702804187865419	0.0049854181893171124751	0.0081998846890975387453	-0.00095198422239654184075	-0.00081029910814440185562
4	-1	5	0.0047991614568679069261	-0.00062618878721294344777	-0.0080000992576946330925	0.00039869974727406025687	-0.0054393490170332528533	0.00058069097922516679875
4	-1	6	-0.0029877553819346557018	0.0029233527478607279279	-0.0031469342037170836696	0.00034681864668337008747	0.0014673478873369232619	-0.0018910987241265901984
4	-1	7	0.0020507960634284774434	-0.0029713287342431320831	0.0022231031916667581307	-0.00065835996608956388713	-0.00085429729457816465984	0.0016038507101261377779
4	-1	8	9.7198417240793104051e-05	0.0025590519139341958051	0.002235930477748742165	0.00207338418634811332	0.00023089210109819620505	-0.0010203529336735839544
4	0	-8	0.0031835198307306983127	0.0011978305136828902664	-0.0021951438246032481914	-0.00092071171216046693818	0.0015917599153653491564	0.0005989152568414451332
4	0	-7	-0.0041171626592080593984	0.0068898262043681525457	-0.0086254620815346232099	-0.0053129237178479206405	-0.0023526643766903195323	0.0039370435453532299022
4	0	-6	0.002343830983571579523	-0.010744655789452463995	0.00091554279461522364725	0.0012428916466475123208	0.0015625539890477195375	-0.0071631038596349757078
4	0	-5	0.011173343472117245115	0.0039944012530173248279	-0.00016545239537801983499	0.005984665968408693637	0.008938674777693795398	0.0031955210024138596889
4	0	-4	-0.011829710709858878501	8.5855205710434428601e-05	1.7822593802826181122e-05	0.0026698462715375203581	-0.011829710709858878501	8.5855205710434428601e-05
4	0	-3	0.0018254045566782936116	-0.0078347524482055286299	0.0083835656524600867673	0.0058733298106406154476	0.00243387274223772496	-0.01044633659760737035
4	0	-2	0.0051851244596946028526	0.0051911487144047155362	-0.011335222670396275652	-0.0076406755765141848996	0.010370248919389205705	0.010382297428809431072
4	0	-1	-0.0032718765698921789715	-0.0017391305328629232466	0.011238646984143802615	-0.0065902923659776693754	-0.013087506279568715886	-0.0069565221314516929862
4	0	0	0	0	-0.0062498261386961526456	0.0026267261263805069885	0.0052382072781467841835	-0.0046015266041106554773
4	0	1	0.0028151682449344471275	-0.00057244740766472545276	0.0023486306445513831752	-0.00072244499197367305441	-0.01126067297973778851	0.002289789630658901811
4	0	2	-0.00020029842416155943107	0.00062363109228244137903	-0.015755683621171353431	0.0091667881439162074431	0.00040059684832311886213	-0.0012472621845648827581
4	0	3	0.002021681874879544677	0.0035644169389869675459	0.0054987200029048078145	-0.0051912026748110158894	-0.0026955758331727260914	-0.004752555918649289772
4	0	4	-0.00094908410107172195072	-0.0017679685952063156282	0.0027656757021229418092	0.0073076800097535178635	0.00094908410107172195072	0.0017679685952063156282
4	0	5	0.0025874973777081904797	0.0024413392052813499139	0.0021583129009743319375	-0.0011242469926197001633	-0.0020699979021665524705	-0.0019530713642250800179
4	0	6	-0.0061246881757291695911	0.0005336849961083607076	0.0014814119048298299546	-0.0026434072955048284678	0.0040831254504861127716	-0.00035578999740557378699
4	0	7	0.0066063880316442648299	-0.0031348361099744958755	-0.00099735079793404125305	-0.00060006279953698983976	-0.0037750788752252944364	0.0017913349199854260597
4	0	8	-0.00011685277537320690969	0.0032613163402058684658	0.001375571464743986479	0.00039540861878112798684	5.8426387686603454847e-05	-0.0016306581701029342329
4	1	-8	0.0023818735506616218328	-0.0014436893836596081594	-0.0007128240890719547045	0.00071186846523633290611	0.0011018337641968167003	-0.00063286113367526256133
4	1	-7	-0.0048202900518941734984	0.001526268643155040839	-0.0010193784754791998873	-0.0030628233674414766588	-0.0029000769547222705544	0.00043460731502552670978
4	1	-6	0.0031245362862139616257	-0.0047320192056509871939	0.0055702694563948143905	-0.00037198307941851927946	0.0030114024335417765264	-0.0032166766503370779369
4	1	-5	0.0078560115169864479928	0.0098522123699184335072	-0.003588791438248800994	0.0069003229974575457789	0.005567050925939397675	0.0092618344954262556146
4	1	-4	-0.014663542833482871158	3.8819149352607554054e-05	-0.0014127073393618721792	-0.0038304293561631720839	-0.015016719668323338932	-0.00091878818968818543305
4	1	-3	0.0057873749921300461641	-0.00094526532559392664051	-0.0094649166598786260013	0.0052597987208921883825	0.0045615277695471856401	0.00049291247283882741806
4	1	-2	-0.00053001917151666215564	0.0084320236091856848315	-0.0046361468791474005555	-0.014058238370654263169	-0.0033781117826070243722	0.0098349280330442389458
4	1	-1	-0.00358723605122161825	-0.0034338165333869987567	0.011180199659492571704	0.0092877194319930141131	-0.0031687445453939012963	-0.0044475467015549817809
4	1	0	0.0016822968322395693685	-0.00053125658813042134134	-0.0067291873289582774739	0.0021250263525216853654	0.0026711612339637802287	0.013064257012646572284
4	1	1	0.00074500506143183279229	-0.00075249278439248759934	0.0059797601236314607345	0.0026488943160067977139	-0.0089597803693587923374	0.00036107682156315284603
4	1	2	0.0012584199916944418304	0.00096895040758282317567	-0.012223650137298241319	0.0021267575524881910005	0.0035949850852602374326	-0.0030012795914097418516
4	1	3	0.00085434189738166832137	-0.00036789792125981209386	0.0024626712832322172377	-0.0011013215349870814855	-0.001960012957586296841	0.00085763774000877654805
4	1	4	0.0014081405153764663292	0.00054188114436099692282	-0.0054500937560451661809	0.0028017872253482422641	-4.5617076365174661994e-05	-0.0012423279506980574888
4	1	5	0.0023683435037629746618	0.0054030957762158226404	-0.0034423151554405775551	-0.006166171070241103537	-0.0012062117719222641751	-0.0030892424069244371447
4	1	6	-0.0069531507978723480073	-0.0019658379220646527222	0.0022891472892930361978	-0.00040856164937678324245	0.0042539093170327257551	0.0013786522229392321384
4	1	7	0.0037746599090487495572	-0.0016036471767500875846	-0.0019376655329353107728	0.00094894409744113075288	-0.0018801391576085269963	0.00078080637279417421104
4	1	8	-0.00061719544023033381074	0.0027108081277910211354	0.0017634085266585929844	-0.0030871877936773646327	8.8171654282842755208e-05	-0.00096950558968584004283
4	2	-8	-0.000876999353958554358	-0.00062642476526226565682	0.0057770800695567149641	-0.00052972265801146372483	0.0010057703404099016704	-0.00044564304713399875962
4	2	-7	-0.0049976383162179576283	-0.0026577741389811832332	-0.0004985035068291168367	-0.00027421666679051449108	-0.0029982228969328661265	-0.0015970756985008230378
4	2	-6	0.00072674869311787997344	-0.0013435171883449780871	0.0040144130981157096633	-0.0017268686435911006615	0.0018226368281171565367	-0.0014713010067603522063
4	2	-5	-0.00062257022926327852501	0.012850840253105203989	-0.0067337658242048719498	0.0037910546211441294856	-0.003191562513092571253	0.011797094050941814292
4	2	-4	-0.0064521306980457899388	-0.010916094169610099721	0.0014186462528584756638	-0.0082099436782837129783	-0.0057428075716165517817	-0.015021066008751955342
4	2	-3	0.002124757935455250709	0.0036814394420651820952	-0.0015758101767438489112	-0.0018927819429217303433	0.001782470462777768121	0.0036467312941390896651
4	2	-2	-0.0043078692210057464504	0.0022736460932713609476	0.0026833311241013222716	-0.0087824798746944827965	-0.0059324073179101710629	-0.004235187688151760034
4	2	-1	0.0019455207685130475326	-0.0026246373957646597364	0.0012505665548791847479	0.009673566614755137183	0.01028321618381056006	0.0088485836464516354205
4	2	0	0.0038069915475076386395	0.00054491810983071779263	-0.007613983095015277279	-0.0010898362196614355853	-0.011237813225087035091	-0.0073270901384080745766
4	2	1	-0.0036807504420936776324	-0.004706145406639497368	0.0020612474188695301992	0.0073613774745043877162	0.010600506930635650998	0.004101826677549214907
4	2	2	0.004147260258545780974	0.0017038731902848521741	-0.0021162651774161542369	-0.0013552978073098145839	-0.0061782553396754081448	-0.0020524485732598893306
4	2	3	-0.0057227071470727520347	-0.00065388582437561257842	0.00016356351744867671325	0.0020213517144424108379	0.0075212338511312180206	-0.00047572004379412393196
4	2	4	0.0062927866457272753353	-0.0037128921487599507271	-0.0019240872764378091648	-0.0032944195523633263388	-0.0053307430075083704277	0.0053601019249416145471
4	2	5	0.0015589489059713169516	0.007107895340689017287	-0.0020117203296241763059	-3.755271595076701722e-05	-0.0004424709929273831473	-0.0056712951861709074916
4	2	6	-0.0027766393717334235738	-0.0033980500429379232978	0.002929883192950043843	0.0059370967201925715917	0.00087446518350560106542	0.00028633445522775833464
4	2	7	0.0021825576419977786233	0.00056311386614669967868	0.0016438161768555549242	-0.0015082364642836673229	-0.0017168375602431749059	0.00010914535199721941679
4	2	8	-0.0025181085940178512053	0.0024973427197848307481	0.0015555592159903462463	-0.0026152118362375432851	0.00087016449301133887845	-0.00059486840083302966117
4	3	-8	0.0014531046021817564835	0.0015616617100290711238	0.0030481700023182144166	-0.003063929571628849248	0.001869616051960208648	-0.0003681427343462828519
4	3	-7	-0.00042540587463983528613	-0.0030450042362439727617	0.00092055602081910837316	0.0025724827000848352228	0.0001514349376997120274	-0.00063750983496019784924
4	3	-6	-0.0036765868289893610145	0.0015225635667861516474	0.0069396532592440199685	0.0031018850782518303348	0.0010187687436291024967	0.0025659849169833493822
4	3	-5	0.00071764189449255650407	0.00077026259137618821853	-0.0057733370949430958333	-0.0017421099687224799856	-0.00288988874137181221	-0.00042905590813253744907
4	3	-4	0.0036678858298684791257	-0.0068594478728758916455	0.00022141353911957610567	-0.0020297741362169416206	0.0038339459842081612118	-0.0083817784750385981862
4	3	-3	0.0032228436253033273216	0.0034735442200390393569	0.00042809960392249131597	-0.00066790501198942951906	0.0047252244376602614215	0.0039634872813959559287
4	3	-2	-0.0022953872895383788111	0.0017068247583654054273	0.0036083987818633944146	-0.002749152981772961038	0.00082182359371833389131	-0.0007100799559286309192
4	3	-1	0.0035027328220775997246	-0.0027817665993409819783	-0.0042592272611843111363	0.0062505915908648923898	0.0012332495047574650558	0.0076247083752307492563
4	3	0	-0.0011738536225959050451	0.0035711426188743821027	0.0015651381634612067991	-0.0047615234918325097593	-0.0012514615898588331549	-0.0089358601649974379183
4	3	1	-0.0038996874352286766546	-0.00393870944468837237	0.0024183166177206903528	0.0033328096935261535515	0.0083437998877526359937	0.0057564086981750266572
4	3	2	0.0019754821527079983491	0.0063434991235760363956	0.00220529841439889027	-0.0024300770972106957614	-0.0072589119270143323201	-0.0090418826013360289323
4	3	3	-0.0018620641515639045193	-0.0045610924830521868897	-0.0058811986096900222346	0.00052898661258340669636	0.0083639508117752288385	0.0055524700314861751005
4	3	4	0.0045890970110850845542	0.0021875024231448802689	0.0010864693480076078203	-0.002855175649332508496	-0.0054039490220907909074	-4.6120686145498815617e-05
4	3	5	9.2381802591930858013e-05	0.0028212074827464158136	0.001260519674371007046	-0.0040000252002333506682	-0.00083021724669614892483	0.00014304913394287796687
4	3	6	-0.0054987376216615478294	-0.0016254764530199041894	9.739815494878879007e-05	0.0019499910897326218177	0.0036171260036333046164	0.00010865542381362520833
4	3	7	0.0023492003710591656714	-0.00069928508576809803813	0.0017980569994546977391	-0.00081972125850151710165	-0.0021129960689429652838	0.00075090058836813479513
4	3	8	-0.0022892468773677500556	0.0028881282666251718166	0.0050150808250578040801	-0.00010163824025564787389	-0.00073603187071280150224	-0.0014059497932167178743
4	4	-8	-0.001238724917217410822	-0.0024703201439050686584	0.002761364738317950273	0.0028247128857656449152	0.00076131991055026972549	0.00017719637093028820971
4	4	-7	0.0061732658256709082092	-0.0023621414105679991967	-0.0015407676894688029749	0.0041900394139720653977	0.0026471417921154886434	0.0010445131448023235125
4	4	-6	-0.0011416073207887505927	0.0094374377547769682656	-0.0037254341860581299643	-0.0091152729793018069659	-0.0032446943378979203713	0.00021477651698344120976
4	4	-5	0.00034108535438948876101	0.0043237221387425221406	-0.0040223115787498429571	-0.0041391350971439018133	-0.0029449809794882832702	0.00014766963327889659247
4	4	-4	0.0038290618435221973268	0.001733597846800020428	-0.0019079555000371304328	-0.00097862735424567807302	0.0019211063434850666771	0.00075497049255434235497
4	4	-3	-0.00045529405867780563776	0.00079973186179476231979	0.0012773287778671360386	0.0022046392308472714111	0.0010960462922524406067	0.0040058281235227114966
4	4	-2	0.00078010788978910160143	-4.5998929715111696182e-05	-0.0030353485566112108941	-0.0010973547741001867667	-0.0045104813336442183686	-0.0022867074076305970477
4	4	-1	0.00026144735485324405774	-0.00084237037318751501608	0.00016346846154972175555	-9.0613048094403237471e-05	0.0016996632656118633616	-0.0037319336851276731226
4	4	0	0.00010944016079029715593	0.0038172743023401479838	-0.00010944016079029715593	-0.0038172743023401479838	0.00016886957054844256923	0.0041762091870360083801
4	4	1	-0.00030634293303425654768	-0.0015686952940895039933	0.0016889866581849166845	-0.00057656651780380236728	-0.0055305749006026401135	0.0085810472475732254422
4	4	2	0.0037078323259362605015	-0.00049996393939693098158	-0.0039488770484285501752	0.0059958910168724172465	0.0004820894449845792391	-0.010991854154950972747
4	4	3	-0.00056036480556870488581	-0.0042890861400597876663	-0.0016022833862284126694	-0.0025455305551179301972	0.0028835309223961568849	0.009112822260236956573
4	4	4	0.0029687809356025050486	-0.00059311527162332438028	-0.00063817653265662145721	0.0054940784985186312192	-0.0023306044029458836998	-0.0049009632268953075979
4	4	5	0.00018701975923616375895	0.0038975233577116558288	0.0015473607180515078045	-0.0010595854510875336862	-0.0013875043818301372942	-0.0022703503252992978875
4	4	6	0.00046305501673911912816	0.0010813546495575937761	0.00050013677386041355873	-0.0036526844671879586841	-0.00064212786039968838565	0.0017142198784202433443
4	4	7	0.002980252351178710752	0.00052772178615935548106	-0.00048035973803482425381	-0.0030819580907267729759	-0.0014285100646536494275	0.0014595636026099529162
4	4	8	-0.00039553640598235357238	0.0028931388874954429812	0.0031785252428691464222	0.0030012310277615361631	-0.0013914944184433963165	-0.0029471849576284893553
4	5	-8	5.5308994732309333178e-05	-0.0031392642697333980606	0.00373363831579607338	0.0034664861186903695583	0.0023611784447387005291	0.00059692168931478194367
4	5	-7	0.002918036712651878202	0.0052785487369015659034	-0.0025170751694630075571	0.00050813609876767954279	-0.00013046128524393216285	0.0033792679202063803136
4	5	-6	-0.0066971112548720873603	0.0028875530655801252659	0.0065112574850699498144	-0.0093787880014860203898	0.00096130706764356642444	-0.0058906212908516001475
4	5	-5	0.0039813758679062543483	-0.0062849364377047748503	-0.0029469608775275096292	0.0090950641432382284962	0.00023813981679749376811	0.0040671149930744093098
4	5	-4	-0.0012967725581840617612	-0.00061931624342799072771	0.00039218789752966826687	0.00038618420780593671173	-0.00080653768627197638692	-0.0001365859836705698516
4	5	-3	0.0023054890352988141947	-0.0017602425596656308664	-0.00094467356452307611227	0.0024960169876729562145	0.0014995294395266254781	0.0018130382332340862304
4	5	-2	-0.0012030326739092308663	0.0041911031720814895252	-0.0020525892306540939776	-0.0052164537430944438526	-0.007537538424453696026	-0.0046589280135731318822
4	5	-1	0.00040466230567226497495	-0.0051234516449005307673	0.0011391898998870007235	0.0037078167582511993051	0.0073145987221240630835	-0.0019547227883461261097
4	5	0	-0.0010932261353762992399	0.0037328696228214430612	0.00087458090830103943532	-0.0029862956982571547092	-0.0050555189317727233789	-0.00088219408517801339593
4	5	1	2.7727248961488581617e-05	-0.0022238767244133306016	0.00097543566649790837842	0.002233076775497807101	-0.0049880873283354963676	-0.0022698769798357130989
4	5	2	0.0015886437758718021784	0.0020187509458033658927	-0.0029579059851876977373	-0.0015057369734731301542	0.004217477411225639336	-0.0002731594579239065082
4	5	3	-0.0013107139910728345025	0.0012603172689793103439	0.0018817512799447198325	-0.0002340681344414777894	-0.0013886334784774204566	-0.0012903094679032841609
4	5	4	0.0028602555457193186081	-0.00072350904828436543928	-0.0018776615699873993801	0.0024557264255872929271	-0.00051317858323506938302	-0.0023461489836997507195
4	5	5	0.0014274774203303587563	-0.0013130623946889657949	0.00011939269288614591774	-0.0028632985258990185755	-0.0012613746291504329255	0.0039137484416501911247
4	5	6	-0.0017238905803933866207	-0.0011286082601725778377	-0.00063463098690633027235	-0.0015532406774980973396	0.001678119542684199713	0.0020467727380301331888
4	5	7	0.0034484714042210505569	0.0014097499760474330524	0.0008151793283220102812	-0.003248838164068106743	-0.002552826036927750581	0.0015150272737358288794
4	5	8	-0.0032578375533619933525	0.0031104760691819223831	0.0010513860453546209576	0.0015297981382305033977	0.00097180249833435860488	-0.0025113618709850255711
4	6	-8	0.0082563656826846205244	-0.0063212272886181150935	0.00099299928888028302781	0.0027085166132329451145	0.0048729323080025227499	-0.0011292261843843486024
4	6	-7	-0.0026041725977173075905	0.0079146511101564082785	-0.003645086865703374944	-0.0030683835656640382275	-0.0046124587978699262136	0.0018926147209487723978
4	6	-6	-0.0019393680046441974778	-0.0079506537870368421822	0.0033584662905823616137	0.00079218883046176455376	0.0020655542874862299618	-0.0045082470275627966119
4	6	-5	0.0052466213048117972539	0.0014921070221682354584	-0.0081643701723647880281	0.0052696687754256767156	-0.0055999471629883086979	0.007517288148245399905
4	6	-4	-0.008379729064938666247	0.003217796746768956332	0.0057611679256510837585	-0.0078249975846756344988	0.00026202282353795977024	-0.0085196996302444958499
4	6	-3	0.00095927106823105983812	0.004837767219272050799	-0.0010016167119531874715	-0.0011983403538280141924	-0.00072420533293162834762	0.0040536755847067054356
4	6	-2	-0.0036829001094428048813	0.0034521234310328028499	0.0001897747702791304945	-0.004756736169952968489	-0.0067964759080482179537	-0.0073659616477932997672
4	6	-1	0.006034337795546354348	-0.0015707006476276728045	-0.0030522617413546076007	0.0021421354251932233845	0.0058237807340577735227	0.0065700099606486499562
4	6	0	0.0018954377894066091245	0.0030418861063612970957	-0.0012636251929377395609	-0.002027924070907531108	-0.0067651015574467327982	0.00051432349910983594151
4	6	1	0.0019594639900927701866	-0.0047291944436924464312	-0.0014826019868464370907	0.0032595481546950112739	0.0010577559607075428822	-0.00064051115340028202689
4	6	2	0.0025721627067828330138	0.0036462405776554996338	-0.0012261438620516644949	-0.0016513774266154104126	-0.001465893827410672326	-0.0023383488754647680299
4	6	3	-0.0027652298345847508253	-0.00042686250094767371702	0.00052743533585928020074	0.00096164135733926077877	0.0026321024410611076547	-0.0013541327134149567461
4	6	4	0.0012728434082370466626	-0.002966325650303598422	-0.0015627947035597034974	0.0019048570672684484416	0.0010713486471025086919	0.00010904004940092563763
4	6	5	-7.4196175011817164496e-05	0.00069553517531885118014	-0.0001010855113621249925	0.00043498580586619428829	0.00018065955364400372259	-0.001078411107294514025
4	6	6	0.0016888838916070717747	-0.0031284311381199083994	-0.0028891508731710290221	0.00058327310010703283579	0.0017632282787663146502	0.0015023476586395728
4	6	7	-0.00034561012277941477455	0.0013829650150927331586	0.0043323968115906710472	-0.0015752849415312552336	-0.0035159914826323381692	0.00055997851268808538326
4	6	8	-0.0018369533685295169091	6.7307655705070062237e-06	-0.0017604672548811632019	0.0040810802326086961442	0.0022388271254256309102	-0.0030641755572417758713
4	7	-8	0.021566696068238602052	-0.00067271906839104825791	-0.0072509819184660793262	0.010023554796319398066	0.0044387388554614813987	0.0084342509125839501549
4	7	-7	-0.0093386005413472524678	0.0045595014273936999502	-0.001795152220367339773	0.0010885093821874911642	-0.0071314953868514838545	0.0036939387692696053905
4	7	-6	0.0013861323832812335634	-0.0063656311761070847113	0.0015188349239855774425	0.0016063980571599861466	0.0026960623335039960585	-0.0023696230507180729256
4	7	-5	0.0024928602191470632977	0.0043747820353011949296	-0.0014110414702409946122	-0.0012250959666016863255	1.8830116980258234624e-05	0.001784691274998595218
4	7	-4	-0.0067553321549950031202	-0.0024772713779463938731	0.0061098927547426750556	-0.0022499973382198975094	0.0039369801658046786608	-0.0064147667198312142978
4	7	-3	0.0059363192805495642798	-0.00047013522459824397173	-0.0041748582388732823067	0.0030189062762789853865	-0.0018262435166382403988	0.0064172676785199736504
4	7	-2	-0.0095874126867504013555	0.0057757804475443881576	0.0049905763194593418322	-0.0061567119900840933111	-0.0017078082553931071656	-0.0099969310702055502738
4	7	-1	0.0053759377122693735931	-0.0092509073624732814783	-0.0022259759197386548568	0.0062319568253639528316	0.0059219194109069069054	0.006620068327654544775
4	7	0	0.0017376580506826729	0.0081864481770547153222	-0.00099294745753295584993	-0.0046779703868884085077	-0.0039623832668094407378	-0.0020280979655445414284
4	7	1	-0.0020488229660870190332	-0.0051266079897412013613	0.00069914547068444473678	0.0032700400685085622039	0.003301273569556962325	-0.0023838485205951317168
4	7	2	0.0013920852295794376458	0.0047475138263111307108	8.279429946906596686e-05	-0.0033778232087712830971	-0.0030739505073006062434	0.0023273535780772292014
4	7	3	-0.0040278787270507706436	-0.0020084710018155038647	0.0012752055601213097523	0.0018346737873227939725	0.0023950253291179714361	-0.0016029441679991807829
4	7	4	0.0027201793036110144541	0.0011774468606856399074	-0.0015716050113631196538	-0.001484845085357350573	3.0129466274444845143e-05	0.0014210320386897235412
4	7	5	-0.0037443356678266924951	-0.00071088283179733915192	0.0032163578226315089025	0.0024144478366228527139	-0.0015074324174227584239	-0.0028115207058341225646
4	7	6	0.00086945411166583139433	0.00052676805630220643623	-0.0016429119867393685364	-0.001585182476347308687	0.0013370945767520422184	0.0014982008515370558079
4	7	7	0.0026097582805473780801	0.0025929948637084796782	0.0042455178076349665839	0.00054352765788810264002	-0.0057368082536620396486	-0.0020252390085786623787
4	7	8	-0.0055565723749389185279	-0.0018376814522232714968	-0.0011511919712662002559	0.0023051569976879106305	0.0037855791623273844608	-0.0010981716468652861617
4	8	-8	0.011110684640468538459	0.0090393741654433198279	-0.0032588672604247220788	0.004259930303445289175	0.0022964750598095471507	0.008779617386166949089
4	8	-7	-0.015974036480328603765	-0.0017646558068650306916	0.0012765993836498037723	-0.008203286139038361291	-0.0076690501217308547355	-0.010383558905681003481
4	8	-6	0.0061077332323937029782	-0.0032498707552218704733	0.0040762464129980146427	-0.00044835161697807105396	0.0095068173722598209308	-0.0027643826594520083152
4	8	-5	-0.00069270417051768150458	0.0052666606943273640978	-0.00085830920195206815773	-0.0025715921787645723041	-0.0019274580595374541259	9.8781069438575686502e-05
4	8	-4	-0.0011248180879689273666	-0.0074782655314628611321	0.0018993969879227291103	0.0011684440264538519492	0.002673975887876530854	-0.0051413774785551563662
4	8	-3	0.0070570753095108209457	0.0019297595336446112142	-0.0044941815683351539826	0.00100999077830209779	-0.0025750504362126490701	0.0052663214536650760147
4	8	-2	-0.0092009404103082191584	5.5122409947131489915e-05	0.0049860454429462731235	-0.0026818838785961397753	0.0015423009511686524425	-0.010617290694490296582
4	8	-1	0.0094859052428165231696	-0.0051333698552891021682	-0.0042219466387017189762	0.0042502571805481757089	0.0041680478616523426033	0.013468578023228998733
4	8	0	-0.0028595638035697995387	0.0067132641196461645405	0.0014297819017848997693	-0.0033566320598230822703	-0.0059026687868498697864	-0.0033135566828689949105
4	8	1	0.0037749595893675127328	-0.0067542061627987653658	-0.0027052401446254845802	0.0030930286082817468572	0.0065420827995338239752	0.0022725957849410861715
4	8	2	-0.001758874768670917613	0.003641883815919519287	0.0016667602668772529221	-0.0014897972160212149748	-0.0031492915301671764623	-0.0013245787677541788919
4	8	3	0.00085304246181575451094	-0.0038891392074653368012	-0.0020547774752663868283	0.002577980328312250765	0.0043420166516226921943	-0.0016890952655455526103
4	8	4	-0.00056960715996235257788	0.0060412281714264347288	0.0016636289233056796369	-0.0039621824422045696934	-0.0027576506866490066959	0.0018831367129827044412
4	8	5	-0.0032461774529448190682	-0.0010283265098511029396	-0.00054707197056095082949	0.0026392824320903632285	0.0034722571152533765818	-0.0034001906834636988139
4	8	6	0.0027036109495520610664	0.00098992142242021051619	-0.0028140003038787260968	-0.0035499824099313073526	0.0019495931054702606792	0.0040733622649616026482
4	8	7	0.0013839910499511259151	0.0025803780445434118529	0.00055100850083696193034	-0.0013799399290660883336	-0.0014205760295000285053	0.0001025724649078657379
4	8	8	-0.0029274110668020343791	-3.3105870808395467073e-05	0.00013583748130358323184	0.0011810773312406956746	0.0013278680520974338493	-0.0011645243958364980257
5	-8	-8	-0.0013095190437808494795	-0.0062286166733600345849	0.0015215108327621394181	-0.00058285990911924486207	-0.0023399602351251705054	-0.0033100255117307769703
5	-8	-7	0.0059213180088081634675	0.0067443560130239690181	-0.0001392746995637654181	0.002135627552503405191	0.0043886839486501341354	0.0023766799492989433042
5	-8	-6	-0.0081855036665357278763	-0.0045665068142052220312	0.0031468358425778535786	-0.0032209307146481695218	-0.011017034178883578291	0.00048915194102654114758
5	-8	-5	0.0073720690136305873016	0.0027035455664173842563	-0.00070254126959164099782	0.0036298569130228833073	0.0084961350449772130716	-0.0031042254944192290353
5	-8	-4	-0.0035797953767886985313	0.0035053294868615304282	-0.0014141373158776417412	-0.0015329180863591852953	-0.0016464695892305896818	0.0074474980312952835174
5	-8	-3	0.00022536074090629513457	-0.0053393845424809351433	0.0023425279521401905398	-0.0016878209748416852717	-0.0058711399708633489614	-0.0043981183045570648033
5	-8	-2	0.0037365235827111690885	0.0022832162209350027361	0.00072915038196683275296	0.0034380448837648502729	0.0064247074289105919262	-0.008044138982721894468
5	-8	-1	-0.0039035883680497837286	0.0018076418767862582025	-0.0023590045595231058477	3.3957870602560366971e-05	-0.0006459053640640729458	0.0087665464191108086189
5	-8	0	0.0014692827531556983209	-0.0032827940187841486187	0.00091830172072231142349	-0.0020517462617400928325	-0.0054926566746952955669	-0.0049996945789944685287
5	-8	1	0.00072785405801918819611	0.0016127076506802589216	0.00086337680807660704789	0.00090594765263058200065	0.0032677441745169151857	-0.00081595703235663871126
5	-8	2	-0.0023846317729826404727	-0.0032069806108755293146	-0.0024488478606566293876	-0.00048230754987911160676	-0.0038338120101699163685	0.0060882213276723766426
5	-8	3	0.0048097189081857697965	-0.001908858941043977157	0.0024222284296752227134	-0.0018864423579661362268	-0.0015569223678423558307	-0.0018490813861697348933
5	-8	4	-0.00013809645911428238604	0.0014961133567339048728	0.0013638825845848304846	0.0023006433222751824542	0.0029003857430625139789	0.0027311449486329838175
5	-8	5	-0.0038499138628800989165	-0.0017711303391713007372	-0.0039465720619610549641	-0.0013265060735632987644	-0.002464601436257589373	-0.00035127937852997729662
5	-8	6	0.0048420678649240293454	-0.00048976444826976761431	0.0036078136486057386413	-0.0019856058124888419265	0.00077536164403762717571	-0.0022393373764269829986
5	-8	7	0.00012037665845216646257	0.0036238241816702950089	0.0013470749859511744074	0.0021895226038222397741	0.0014535309421926517759	-8.6134296824793652055e-05
5	-8	8	0.0017845849913573335471	-0.0028769645760194830636	-0.002803530711317480436	0.001585968886525877114	-0.0039188963309158136861	0.0033840717465380538119
5	-7	-8	0.0060078738143309450698	-0.006658424399998392508	0.0036235771395250332416	-0.00044166681864617576055	0.00058429113687243690745	-0.0037750567836835917032
5	-7	-7	-0.002382262435363573759	0.0086171013000469719179	-0.0023864360204466977464	-0.0013110557688779619391	0.00068481999518700239007	0.0074661281260543707616
5	-7	-6	0.00055629607585759468895	-0.0078957103173202085322	0.0047973705829027855213	0.0015847390454409994269	-0.0051333522835052538755	-0.0084286208174480063693
5	-7	-5	0.0055401224248382181792	-2.9194614708627050401e-05	-1.0421003918370403134e-05	0.00070350382839267332213	0.0055547118303239367137	-0.0010140999744583697583
5	-7	-4	-0.003988967408563472497	0.00021088452158991844148	-0.00032940567911937792883	-0.0013557643457230033647	-0.0044097493222454292594	0.002636193257002654184
5	-7	-3	0.0015826829183887760211	-0.0072286358690220268303	0.0019957473065834417658	-0.0039748454780504961781	-0.0020189388513800706794	-0.0027730869995855533458
5	-7	-2	0.0055160417996889497816	0.0048752675721595480074	0.0025038297496457859355	0.004904602365522364206	0.0050267003754621243303	-0.0049779393489294042688
5	-7	-1	-0.0049459740748834767066	0.0048385253727106130109	-0.0034586432781628763736	0.002176413347996759319	-0.00051936742727724945993	0.0089577334275757498211
5	-7	0	-0.00064120492007652065032	-0.0049634984844592775974	-0.00045800351434037190083	-0.0035453560603280554267	-0.00017420486769094216915	-0.005105716772135196653
5	-7	1	0.0031645856409281084703	0.0020377000251130166289	0.0032607374133690005848	0.0016383549068155524048	0.0070022336889424604406	0.0012799842221437828221
5	-7	2	-0.0036740419925268444183	0.00078207946646366845005	-0.0031361823955249838042	0.0015198312171105436523	-0.0017915334030203331362	0.0033642105937277317664
5	-7	3	0.0028925959104659981422	0.00039209074364882111948	0.0023409725338398115237	-0.00060871734728536284077	0.00064127606151623012948	-0.0020738250497472150886
5	-7	4	-0.0010523083375076599036	0.00024764474152259944315	-0.00075734821457570347843	0.00062214488279290327058	-9.9739536229063517587e-06	0.00077919761798433137892
5	-7	5	0.0019171183756410985124	-0.0035061164123523901742	-0.00229651474699221975	-0.0028693305073200069816	-0.0051322390214302059455	-0.00051094629789561959998
5	-7	6	-0.0003780744593436825016	0.0018697636466234531134	0.0023476119893223157918	0.00092152998339819222964	0.0030539427036624373739	-0.00048301805822165329047
5	-7	7	0.00025713289598326233244	-0.0011427062571820357107	-0.00044347646815182686876	0.0011471351420222536312	-0.00062714282242558566215	0.0019633538971522792628
5	-7	8	0.0011766645273660965472	0.00015452451195194040804	-0.0023761449107043385032	0.00082843265406548583993	-0.0028145421264701066949	0.00062830075233733743284
5	-6	-8	0.0039399927378909243778	-0.0016372402492638490207	4.6822363308254750537e-05	-0.0011254673702782707224	0.002427378688700636885	-0.00017917462808120262325
5	-6	-7	-0.0070725897258777335741	0.0018891121427692574367	-0.00066996174222319474813	-0.0025279153913556986523	-0.0044775968822927851923	0.0035161504374257826662
5	-6	-6	0.003723685368285784697	-0.0069202859534664463992	0.0014734818960879161182	-0.00014349068005097567963	0.0016295892441502376514	-0.0056234142811710631851
5	-6	-5	0.0012599833442686239181	0.004849771939354870047	-0.001173183946014412591	0.0014644754215069868877	0.0026678040794859188972	0.0030924014335464858685
5	-6	-4	-0.0050308709831227973672	-0.00070796952074612484827	-0.0047324043640404878097	-0.00077265108123207224249	0.00081001781715723457193	0.00027401472091545216788
5	-6	-3	0.0021709404957592228456	-0.0047016974000014958093	0.004020508768536554603	-0.0040755727459513210742	-0.0044227833774744046078	0.00031498315856681605249
5	-6	-2	0.0055567045018151076802	0.0056317456250601118095	0.0023490390606945754821	0.0054439098342665814129	0.0068446440724540423203	-0.0022523654401494634138
5	-6	-1	0.0022358715486588171158	-0.0051482023757017294358	0.0038156129503790683216	-0.0036113689306183005198	-0.01171431995898032305	-0.0040727982947988457946
5	-6	0	0.0022754941759621960702	0.0028129611292281161625	0.001896245146635163175	0.0023441342743567633242	0.0087284402324008282525	-0.0044007111749063574854
5	-6	1	-0.0014383814221047091196	-0.00079843317828139808486	-0.0011406416787838775939	0.00026182278104930302096	0.00034805703782028003454	0.0055631025777028086585
5	-6	2	-0.0046283113692040436099	0.0008373391042037570467	-0.0048708712898012877096	0.0016571579116154283584	-0.0030418354463937549714	0.0028781259743368928922
5	-6	3	0.002846024770567865108	0.00062543979916799055923	0.0021158303013776866633	-0.00026984497110079058799	-0.00051171401485773496988	-0.0015820896074815655498
5	-6	4	0.0028800720872250305978	0.003360411424258579003	0.0022927021699219009634	0.0029818788411967236951	-0.0001610368541484366936	0.00027230398147186205991
5	-6	5	0.00038189371179984807824	-0.0002726210138307052621	0.00059192732957766107382	-0.0011456311500380297799	0.00032841908369334521034	-0.0011021363662149304304
5	-6	6	-0.0015252804969828259382	0.00070072533457313191871	0.0014560454511053113041	0.0031281006868162579242	0.0027271125319243329915	0.0025441629080053145863
5	-6	7	0.0019035960547402047943	-0.00026376320467558656696	-0.002500643928802056843	0.00056503329210302942302	-0.0035031205495019090111	0.00067271653942801567117
5	-6	8	-0.0011032554168082173152	0.0015651358354903002583	0.00080034197828220143573	-0.0024791549602802510563	0.0012897911192167868175	-0.0028375761173916260079
5	-5	-8	0.0052678096457362448904	0.0040941254523381796077	-0.00056591235283047383424	-2.9519072068751458723e-05	0.0036460762491041989047	0.0025772778277543318716
5	-5	-7	-0.0063215296122240147506	0.0010261963425119333647	-0.00063658368601972998256	0.0010319847000776229389	-0.0040606756615744893368	-4.1345411183496232738e-06
5	-5	-6	0.0042880834657904754598	-0.0024214131681721999881	0.0014361060999481347657	0.0005099398164399355669	0.0023766478048686170282	-0.002442794153843446097
5	-5	-5	0.0027113505091886131067	0.0098316294193074461188	-0.0026459004957249290628	0.0079127749826324415838	0.0053572510049135421695	0.001918854436675004535
5	-5	-4	-0.0046454899081214730272	-0.00131170752738883384	-0.0034566694475153939871	-0.0025022569202541398298	-0.0014860255757575991254	0.0014881867410816325414
5	-5	-3	0.0037529644981897569353	0.0013276609575220725198	0.0030285803653143580916	0.0037228544558317172575	0.0012073068881256650287	-0.0039919891638494076069
5	-5	-2	-0.003450759603800233194	0.0033963361698480408132	-0.0058927858696374542727	0.0016013431271734799438	0.0061050656645930522631	0.0044874826066864026072
5	-5	-1	0.0012228792167282389377	-0.0068140070377415012937	0.0020304105556137575471	-0.0056883621546955694809	-0.0040376566944275932639	-0.0056282244152296581965
5	-5	0	0.002073632357869379262	0.0016873255488752715581	0.002073632357869379262	0.0016873255488752715581	0.0071966216119543928095	0.0050548088283944884666
5	-5	1	0.0015282985563807448444	-0.00020283498297251888209	0.0015343308859864001129	0.00037100225093858056656	3.016164802827614241e-05	0.0028691861695554973788
5	-5	2	0.0019738256903663823488	0.00025646408892901945186	0.0032711191980529905239	-0.0020537343365794927773	0.0032432337692165210882	-0.0057754960637712814131
5	-5	3	-0.0025090882041482196266	0.0016064181364478910454	-0.0036852583532690115498	0.0044925248132448971153	-0.0019602835818679871169	0.0048101777946616764217
5	-5	4	0.0027362572674122947504	0.00013434824942092554517	0.002450928349723166446	0.00087512691616759528956	-0.00035666114711141032627	0.00092597333343333722115
5	-5	5	0.0002507655783156990557	-0.00078208402393177870685	0.00016333515333496521579	-0.0020620013725619959488	-8.7430424980733880574e-05	-0.0012799173486302173504
5	-5	6	-0.00042443690322164378571	-0.0011419945909552362603	-0.0010112283681879500469	0.0036988393293592605575	-0.00048899288747192184816	0.0040340282669287476011
5	-5	7	0.0028628365292692548386	0.00079640986825331319763	-0.0023867436828195432927	-0.001923936893978922362	-0.0037497001514919985413	-0.0019431048301658824032
5	-5	8	-0.0040219037007163480762	0.0012990049255460131821	0.0005638328156576523191	-0.002337865444517820291	0.0028660853227337503013	-0.0022730439812898958936
5	-4	-8	0.0024404365922605611612	0.0039891993397750836331	0.0010839941075736106262	0.00011532393403637674657	0.00098327581637604535847	0.002435587620341238789
5	-4	-7	-0.0035120425906717267495	-0.0010441904178360246393	0.0017488620877455312262	0.0013347787775883656648	-0.0035079516149058224787	-0.0015085810285047978555
5	-4	-6	0.0055478957678170666076	-0.0047529722382755636156	0.0053241806745678004614	0.001324254135957838056	0.001073792690135688243	-0.0048436462892015282392
5	-4	-5	-0.00077332145418125737297	0.005982104900686980968	-0.0074269603045080869602	0.0036350306920434299722	0.0051682467894252114363	0.003074080347052237077
5	-4	-4	-0.0027993562327187451223	-0.0017486512307796746053	0.0026374068621666984027	-0.0058255251931307906743	-0.0061366021530651296972	0.003639711154656197472
5	-4	-3	0.0026224528442358322269	0.0022240080168344856029	0.0013941209242673462468	0.0044361965694125777421	0.0025119268413699249488	-0.0022082487311592944625
5	-4	-2	-0.0015797806541092650461	-0.0012498945729146687059	-0.0047125965659436299532	-0.0028969834067153134478	0.0054757414966140971826	0.0026692303811439548056
5	-4	-1	0.0021305927577582061717	-0.0010135783019753704954	0.0031493765313663898628	-0.00036587040437516477401	-0.0019445423366745281588	-0.0036044098923761935978
5	-4	0	-0.00060512459237313032719	-0.00090204079721830623863	-0.0007564057404664129361	-0.0011275509965228828254	-0.00030465187356861622844	0.0021884034039712854658
5	-4	1	0.00069209346505223019383	-0.00091157072803794210892	-6.2461742813926034537e-05	-0.00088221981918744688499	-0.0037103142965168550531	0.0010289743634399228962
5	-4	2	0.00019105407034559695957	0.00076097713053983060197	0.0019614583341349880324	-0.00022839840150511438416	0.0034452814924059837337	-0.0023592396293598051106
5	-4	3	-0.0035005546063630104889	-0.000800281669384340184	-0.0032703791191363074976	0.0015594230745001127787	0.001473752185089940818	0.0034130335483073840838
5	-4	4	0.0020569523462517563459	-0.0014807528444854716788	0.0011130693611506737705	-0.0025389404696334709477	-0.0014581210716640218786	-0.00068799941402663124072
5	-4	5	-0.0030959401715968748806	0.00034870380553266689489	-0.00097363860800006140749	0.0012126107944050686701	0.0023170292851968257546	0.00062138482999138800866
5	-4	6	0.0016893681183418243069	-0.0018292409790875414997	-0.0052507450861208511406	0.0020597212204967936013	-0.0049083034893654215944	0.0028975149629041469478
5	-4	7	0.0023841235798398269057	0.0010998764085144668943	-0.0013342186782364401799	-0.00369238233278841501	-0.0024653560874492710595	-0.002895558767675142104
5	-4	8	-0.0011819881807691799257	-0.002009285276816983809	0.00037822580211172875369	-0.0016252518384355042671	0.00092785551403660180333	0.00044317737879286263868
5	-3	-8	-0.0023893602715037991387	0.0014943201138938207433	-0.0029109279060030839731	-0.001185186420532580295	-0.00040175220493871797176	0.0013783949788833556836
5	-3	-7	-0.005217723460695389455	-0.0045053616473355092426	0.0033472618677346595469	-0.0038091574271124843502	-0.0051614861295258464974	-0.0015856194221914416635
5	-3	-6	0.004571941492049208175	-0.0021852352413440361174	0.00029250974620458742009	0.0077029377949724324795	0.003663696370272046237	-0.0056724982652729127874
5	-3	-5	-0.0025986008447519393615	0.0077100636009845499586	-0.0068920035897873698286	-0.0057857391434136861211	0.0015366013091204823188	0.011181507087032761458
5	-3	-4	-0.001058306169929180713	-0.0046526239175214718219	0.0060712427268836220012	0.0014310677686204123851	-0.0058763147575741922837	-0.0068890807233671497167
5	-3	-3	0.0011261080703083568063	0.00054304778322825921974	-0.0012279700399675959593	0.002600931155239266223	0.0031048168238148573031	-0.001695851516525500929
5	-3	-2	0.0012301629388214560448	-0.00078157108627325156541	0.0011223262072539315608	-0.0028008545997526470422	0.0013919180361727427706	0.0022473541839458420835
5	-3	-1	-0.0045786459708924039103	0.0024458800769511152874	-0.0052709142597397911148	0.004187383403129336587	-0.0070804870752426462069	-0.0003327498246324319146
5	-3	0	-0.00019370219086597699107	-0.0033363195446108251038	-0.00032283698477662830942	-0.0055605325743513754622	0.0076236943778942743363	-0.0026662191282284045113
5	-3	1	0.0005384063558036199194	0.0013371459725371843356	-0.0012813104757322202418	0.0045881443606953257672	-0.0065359632062147602141	0.0070787032194000549731
5	-3	2	0.0006861467302939283034	0.0017111204538947898113	-0.00073364464260239727663	0.0022036848529705158582	-0.0028158337896384165108	-0.00097227385528120052402
5	-3	3	-0.00065838672873789290049	-0.0014614568534853872653	-0.0019033155973721502686	-0.002683270881607734918	-0.00080600438280899547056	-0.00024750945913208963851
5	-3	4	0.0025487481599448373083	0.00068260255599027739887	0.0016834532007503153622	0.0017354780921002815452	-0.0019233452993683100053	0.00044835537408736438319
5	-3	5	-0.0020257244803381199878	0.00075988387995727288936	-0.0024487643131482837548	0.0069182184760453162981	0.00055646589244914986504	0.0033910472056699167594
5	-3	6	0.00080982649354898155868	-0.0025304867746895288658	-0.0051850663248892477769	-0.0021686875499030730356	-0.0032673885737354419444	0.0010243952039564044928
5	-3	7	0.0013689944815741983842	0.0013475389621319265512	0.0017492766019222096875	0.00034021647172047367368	-0.00022816322887205176722	-0.00081672077078545884249
5	-3	8	-0.0020619138444767813254	-0.0013725337807507901906	0.0013413243938363366651	-0.0013010651740919922451	0.0017916928004866146049	0.00036993417268474685852
5	-2	-8	-0.0027211747425419240305	0.0025549630831016097339	-0.0019347846038505133685	-0.00640288730275009009	-0.001217038063126074177	0.0031975737526260287688
5	-2	-7	-0.00039846503214836434797	-0.0083660538534402351801	0.0070456981763022613965	-0.0031419052825675032083	-0.0022976745019066208489	-0.0050780655288665960123
5	-2	-6	0.0060524763806988918918	0.0015069978281408654992	-0.00056529632957707804785	0.010214760914732506566	0.0052321624271081026286	-0.0021490887814601144536
5	-2	-5	-0.0061832174404129044629	0.0018619761744522375906	-0.00024049695015283567871	-0.0058677345950348255496	-0.0060870186603517702564	0.0042090700124661675069
5	-2	-4	-0.0010359662238987666413	-0.0028004515868624733563	0.0036073751122705334862	0.0026959024097705040074	-0.0030986453360087248821	-0.0048485156884633439159
5	-2	-3	0.003572733212437266808	0.0011526041509965559689	4.3937513663879656416e-05	0.0031622108160301162436	0.0059252636782861911602	-0.00018713362569248425944
5	-2	-2	0.00094134653410102167928	0.0056901648373573147227	0.0023914149954736970902	0.0011116304162383163368	-3.804866022114299361e-05	0.013113781677154970687
5	-2	-1	-0.0031259576332305482466	0.003061893276163030371	-0.005057477343795553984	0.0097313799355455490869	-0.0055148334785616332648	-0.0041532934902759471862
5	-2	0	-0.0021938663819535738492	-0.00073997038126184702233	-0.0054846659548839346229	-0.00184992595315461761	-0.0022172229895207327434	-0.009909704636193727989
5	-2	1	0.0023299488908097177459	0.0020174661552952752146	0.0030839829292244485583	0.01017053287452114943	-0.0054817785955996924802	0.010253734972565922354
5	-2	2	-0.0028780213304171750957	0.0013316873274838822612	-0.00034641583933273177153	-0.0047589272795855869225	0.006848637486710206293	-0.0080881455982952914913
5	-2	3	-0.00069970522124530832534	-0.0025355263715605234204	0.0055712633809974435734	-0.0020945306325369944002	0.0048803509560738098441	0.0028295235309095429117
5	-2	4	0.0045888487158982039713	0.00066678220147852764171	-0.00087569912306874548094	0.0039605173892993967427	-0.0061739104564071285719	0.0011467809428015386837
5	-2	5	-0.0038459369695441020069	0.0017005248390921713121	-0.0039124703411116401597	-8.5668071822480844758e-05	0.00228094883309944629	-0.0017347920678211638072
5	-2	6	0.0010808559296282733726	-0.0016796065359236701797	0.0027673832307986553566	-0.0065218728458925805461	2.1747802242657315191e-05	-0.00077428550202780180734
5	-2	7	0.0014940650684318302309	-0.00095763870169061210413	0.002529387408284552996	0.0039664333592895253261	-0.00034450721794143505418	0.0018172943181474444842
5	-2	8	-0.0008411396854094986596	-8.818006247115846752e-05	-0.0021696788454885402621	-0.0025930309985132543593	-1.6707407991198369387e-05	-0.00059314521058383953746
5	-1	-8	-0.0029532770897109884498	-0.0010200672417603941916	0.0027829013761982027489	-0.0053365790333508994481	-0.0021936608530941431247	2.953035306861614257e-05
5	-1	-7	0.0022367210660963685043	-0.0051746782395176715852	0.0043329924742874625226	0.0028715010196169589267	0.00097865897945633990689	-0.0041064131738864743937
5	-1	-6	0.0041636501848180363858	0.0099646193231908344184	-0.0031682386621830734355	0.00075510533643082162515	0.0039977482643788753158	0.0081779985465872256922
5	-1	-5	-0.0074489599284927408146	0.00068678770378236583642	0.0020885073757233455286	-0.0065483149857627626078	-0.0078666614036374104407	0.0019964507009349184881
5	-1	-4	0.0013747527243175613598	-0.0056549658176464250373	0.00099836158129315566434	0.0025741765099266816774	0.0014688505100736628378	-0.0077122513995397014991
5	-1	-3	0.0064750861315706724486	0.00096674137874436119697	-0.0036294081628173145183	-0.00079933122419587575302	0.012001612940223558776	0.0018776793726392273544
5	-1	-2	-0.0025634292124054151862	0.0024353100398189810039	0.0053234247795925114174	0.00086553767606616191944	-0.009070285420809794108	0.0056555062615143711705
5	-1	-1	0.00072632089620777099803	0.00018824538430081168413	-0.0054752937224708383632	0.0067895997596259605525	0.0091068982035096938954	-0.0058483728381219027281
5	-1	0	0.00088866269884314505207	-0.0019139462425331237126	0.0044433134942157255856	-0.0095697312126656192133	-0.0054839828217673148789	-0.0040213278752702814878
5	-1	1	-9.3441229975812687379e-05	0.0027513824170422593665	-0.0017806343530271241497	0.011584669775255389962	-0.0013134282031480608213	-0.0021722423099559068707
5	-1	2	0.00048621886216351913827	0.00060996917521893270677	0.0033167489418709150337	-0.012159546954894677462	0.00044282731552665977959	-0.0076046964154946701184
5	-1	3	0.0028327928133095640027	-0.0001581914416363645404	-0.0026132820383949015991	0.0087060401331477566683	-0.0055924153683142409713	0.0031656657804431933764
5	-1	4	0.003615597606064742571	-0.0014798198132469758941	-0.010791324007594754394	0.0019775617246123229111	-0.0072173280094796170292	0.0023441651977118005412
5	-1	5	-0.001544968494837815334	0.0033454933256474544793	0.0016359453790745325918	-0.0023535004504882995648	0.0018721575706527218523	-0.0038161934157451143923
5	-1	6	0.00051217793191020606625	-0.0039045378595852380833	0.0018598538335571719246	-0.0042989045171060473113	-0.00011683930433230970281	0.0025372974634700240677
5	-1	7	0.00034758001654794487469	0.0046208853281542762448	-0.0017327228083127100763	0.0026485792257045638436	-0.00049580327015034779403	-0.0029222639164381163969
5	-1	8	-0.003107138688569268184	-0.0014182107921965967767	-0.0022755465656633120167	-0.0046864208371590419105	0.0016575183596478787213	0.00030057914047799271949
5	0	-8	-0.0012665773819639557576	0.00025179339648929711633	0.0011869053316622760197	-0.00016288260935207326554	-0.00079161086372747234852	0.00015737087280581069093
5	0	-7	0.0052894013460742551891	-0.0040671459840545595016	0.004421973151776738796	0.0015670815305974189827	0.0037781438186244679922	-0.00290510427432468573
5	0	-6	0.00095010482893006478929	0.013458272085399916596	-0.0076457865497367612229	0.00090573015232229235616	0.00079175402410838736054	0.011215226737833264986
5	0	-5	-0.0097118454522264544004	-0.0043128538688844888366	0.00086491758056241876355	-0.0014358188931425587727	-0.0097118454522264544004	-0.0043128538688844888366
5	0	-4	0.010185654031562877894	-0.0048148624025637822704	0.0047426210505498297629	0.00084568336901756039226	0.012732067539453597801	-0.0060185780032047282717
5	0	-3	0.0035401153664567628666	0.0045443724572286989943	0.0045011837043510615972	-0.0067241514293437405075	0.0059001922774279376774	0.0075739540953811655688
5	0	-2	0.00074521823152826538374	-0.0041171492326727565647	0.001074120451557445538	9.7427571422720326438e-05	0.0018630455788206632967	-0.010292873081681889677
5	0	-1	0.00083071528766044450045	0.001982549890869247846	-0.011845841397849879092	0.0022793889198062973478	0.0041535764383022226107	0.0099127494543462379289
5	0	0	-1.4349116911845739348e-42	0	0.017731161343976040851	-0.0052961650884514087714	-0.013564156869384912107	0.0014330772831151867251
5	0	1	-0.00090664990109766364825	-0.00066804772457020814968	-0.0076633310974712999172	0.0090366982830387548864	0.0045332495054883183497	0.0033402386228510408568
5	0	2	0.0025029870985578774913	0.0023120167665603378465	0.0070282005678876753249	-0.0076685370075026222311	-0.0062574677463946935113	-0.0057800419164008446163
5	0	3	0.00095439456766849913201	0.0040593134446425425607	-0.0034605310402600819239	0.010115646112254298578	-0.0015906576127808318144	-0.0067655224077375706454
5	0	4	0.0031358435584922035762	-0.0010431297405303345972	0.00087398485315118865178	-0.0045736724455604357495	-0.0039198044481152547955	0.0013039121756629181922
5	0	5	-0.0054909844057577754384	0.0034243409264972045868	0.0072908450753386899387	0.0019977392545317417157	0.0054909844057577754384	-0.0034243409264972045868
5	0	6	0.0028939898201375685582	-0.0050654340624308683699	0.0012579618423601149693	0.0032592571487323630103	-0.0024116581834479739431	0.0042211950520257236416
5	0	7	-0.0022916111835209079274	0.00011034802282432270789	-0.00011643831942512771816	0.00048523449015626938293	0.0016368651310863626194	-7.8820016303087644624e-05
5	0	8	0.00011613203702824848778	-0.0019084807247542216399	0.001451202060779057312	0.0016306053249906758956	-7.2582523142655311636e-05	0.0011928004529713884165
5	1	-8	0.0018763003802587186267	-0.0019560912089599167239	0.0014941173362169951015	0.0041843512144693756349	0.0013594524046888233938	-0.00069951310379127616072
5	1	-7	0.007359021659541392299	-0.00017522779999472608455	0.0013027618358306392293	0.0043608860906118266515	0.0054425528762196574012	0.00049782101294831371599
5	1	-6	-0.0065375758167501435425	0.0010933547221451409351	-0.00085703745926778965216	-0.0010723678636618892528	-0.0055908194238364185627	0.00073240095784396920097
5	1	-5	-0.0058027597229723375943	-0.0067226229676320267345	0.0030460850127057032682	-0.006571526581405025963	-0.0051935427204311971142	-0.0080369282839130324475
5	1	-4	0.0081116596242347960288	0.0022804118868031135643	0.0015404052522110828639	0.0036891332518503446546	0.010524675843346266782	0.003772798171466478119
5	1	-3	-0.0046702687739047059334	0.0073702074210783884503	0.0052133316844390834022	-0.0074316101160500748837	-0.0060460040616948157108	0.0098064756631139563675
5	1	-2	0.0033186882426512855429	-0.0048738384528872183074	-0.0078443253063494641081	0.0076303606926415414383	0.0043745579534534813695	-0.0083694157858972759167
5	1	-1	4.6136500381752647987e-05	0.0047772070278095423237	-0.0070602409933329035238	-0.0089700369213088788217	-0.0068295584914241395588	0.014915998217738835399
5	1	0	-0.0020336008372282619698	-0.0013510349860012798445	0.010168004186141308548	0.0067551749300063992226	-0.0025663396447301398823	-0.01177191435024764303
5	1	1	0.0012648210116566918453	-0.00082679210163261239539	-0.0093601364690153177062	-0.001737491812237284888	0.0030360314107318593473	0.0058714523204003469734
5	1	2	-0.0021092539860953470401	0.0010727938237920138249	0.0094773437396170889802	0.0018180218614628779888	0.0005344630954298237608	-0.0035909954902114734482
5	1	3	0.00040012077686576519656	0.0022391398371151998749	-0.0098696938068108339831	-1.338417736993447181e-06	0.002623029974160669478	-0.003731453589279668491
5	1	4	0.0024163582014389306009	0.0014988066219355216258	0.0004387255840458279205	-0.0019314653440655681852	-0.0031301291478101206378	-0.001390641941403009986
5	1	5	-0.0061114851366805911584	0.00063448033765581258146	0.0061997816065196484359	3.8089005860461435987e-05	0.0048715288153766611243	-0.0006420981388279049188
5	1	6	0.002879824299543257398	-0.000814139718143251645	-0.002978172019202460219	0.0021219770459370086886	-0.0019034915797523045342	0.00032478692412987492273
5	1	7	-0.0018860728219705598981	0.0024295981836927860696	0.0020808495477184921554	-0.003047616708029092774	0.0010499306517334724455	-0.001300053458633548039
5	1	8	-0.0011250570659487417469	-0.0018650622986501200554	0.00024389786197834856132	0.0025124937179128491518	0.00067267343347066999113	0.00085160222191721889062
5	2	-8	0.00070125088808916150561	0.0031209451730512798723	0.0020886975712124441346	0.0030305806327523363702	0.00096045619785883700175	0.0027082358913451342296
5	2	-7	0.0025119715762304257838	0.0031873661402235580961	-0.00013296163319317604967	-0.0016943133332196608741	0.0017562763735379681093	0.0017926005763826383284
5	2	-6	-0.0044791348441987630449	0.0063856838912522209672	-0.0052630266393502746214	-0.0082764074126103950174	-0.0054869545832823942225	0.002562600771840052756
5	2	-5	-0.00040834344930365941255	-0.0068457762305577938081	2.7511129353967839304e-05	-0.0036171736202024614391	-0.00039733899756207229038	-0.0082926456786387783837
5	2	-4	0.0061087853669590345962	0.0095413582232085954876	-0.0018313547137674905229	0.0037380164904574262295	0.006720304351815048309	0.013795706024239457257
5	2	-3	-0.0034031752301717987583	-0.0014675271005539988756	-0.00050156110910014653752	-0.00035033771052933918543	-0.0060063327896864287386	-0.002679436974609557872
5	2	-2	0.004974998103472223418	-0.0034132461234098656483	-0.0032738005501063006768	0.0060899700445149768796	0.0091636947085742565672	-0.0024431452640096881085
5	2	-1	-0.001047028469125019191	0.0024588442558328839176	-3.1863884448686497644e-06	-0.0049803620730232023989	-0.0052415151225148337577	0.0023334971331180156574
5	2	0	-0.0014131801738761725663	-0.00037490211879480427135	0.0035329504346904316327	0.00093725529698701062417	0.0079200384440108149986	-0.0019290161155361227469
5	2	1	0.0016123356911897719808	-0.00067161002359023339297	-0.0034715092042691812237	-8.5798046341091643309e-05	-0.0011186600474104976734	0.0035296462106333501701
5	2	2	-0.0010539613698479905184	-0.0010779586657832448959	0.001758339925536228426	0.0047948359717814217212	0.00087656349908374765322	-0.0020999393073233094814
5	2	3	-7.0091698114172282111e-05	0.0024085937809584885214	-0.0031692376713562033647	-0.0051945482700931095571	0.0022296446110944227043	-0.00055129078820207442525
5	2	4	0.0025813360051274189359	0.0044675665208623975555	0.00042324539275455331719	-0.0020533972896417786516	-0.0034382927027865502201	-0.0045577595062571080523
5	2	5	-0.0042070826473241708376	-0.0021184359864774258975	0.0041550896832143061413	0.0049063746844225947924	0.0025450467740384479474	0.00015588611270838805098
5	2	6	0.0041095212785116639123	0.00077751754355575393093	-0.004678815604815483517	-0.0037089556048611437011	-0.0018649958638212249876	0.00058838724865725299407
5	2	7	7.0210965252244446648e-05	0.0021065868173631859504	0.0040057030570149476656	-0.0021778862994486281913	-0.0011946372771844454477	-0.0008824516411312391612
5	2	8	-0.00015735239216379691331	-0.0017114318738877965648	-0.0055001984675439275982	0.0064129205869755028305	0.0014733948619883550923	-0.00053358522556400274622
5	3	-8	-0.00043612979540844662527	0.0051920941089444267932	-0.0029214102581024787783	0.00042861190340345660908	-0.0013681099689187086691	0.0034057882818665629471
5	3	-7	0.0014908949673314096217	0.0028998198855041180423	-0.0039475302620284001553	-0.0029082129224953737895	-0.00062687370706116451406	0.00082492295143349575037
5	3	-6	-0.0030618664419511127522	-0.0018666266326318123065	0.0030461687322861047238	0.00086555553857807162894	-0.0010284710021495415983	-0.0011227444245708079369
5	3	-5	0.00085854460828435608371	-0.0004117821350267733679	0.004149135754547564163	4.9367969421190440696e-05	0.0033480260610128944297	-0.00038216135337405912923
5	3	-4	0.00086020418579342626357	0.0012596183945231421292	-0.0043364512182255477227	0.001382162276332949075	-0.0021770831814273781252	0.0026111447004036393051
5	3	-3	0.00067253309711151382407	-0.0060663341096385955606	-0.0012865101970121952269	0.0014223689543407397069	-0.00016562170182633895285	-0.0086881878950569191994
5	3	-2	0.00056455994497857343254	0.0017393860182629372699	0.0021190132561848145677	-0.0012386138996122067306	0.0045899197467236555956	0.0024905441962390327537
5	3	-1	-0.0010515529755641978699	0.001095286488030325139	-0.0008057380506547240839	-0.0023764553835643837873	-0.0076749790297851614926	-0.0016529337105415258836
5	3	0	-0.00018320433855112557269	-0.0015334775474175341495	0.00030534056425187593642	0.0025557959123625570604	0.0065367008959997547485	-0.0022968564097868254641
5	3	1	0.0010656860617986950012	-0.0011535385865497922026	0.0012859025901927870119	0.0015736608266068725231	-0.0091861380795718369091	0.001046710452928343877
5	3	2	0.0017216644884980804482	0.0014991924431660237291	-0.0043725958004268402138	-8.6168965609802815699e-05	0.0022547324793950589833	-0.0036187276595003553363
5	3	3	0.0022678155463839700344	0.00019391571033106110434	0.00059457008820242680195	-0.0012170610753320016718	-0.0043742626655090431284	0.0008938682247802331917
5	3	4	-0.00037657857209218121653	0.00089594073316086883865	0.0027106678250026980392	-0.0055563350579378983224	-0.001562277653636797185	0.0030473253770023378019
5	3	5	-0.0018293035268590216932	-0.0024516124359930486706	-0.0013934321821091430905	0.005161555263934267633	0.0026653628361245074174	-0.00064532072236751184414
5	3	6	0.0017601905965795481505	0.0015077896900823253151	-1.7208482370395419402e-05	-0.00097056032146507317977	-0.0014582212559644256496	-0.00077121124766940120886
5	3	7	-0.00043840276621585520323	0.0030797915956783288374	0.0033136665285577529549	0.0024124888496636878905	-0.0011069979649419975885	-0.0032337749324832438559
5	3	8	-0.0004300057257630125274	-0.0012781516565642499564	-0.00547538794762411022	0.0034719840406137762387	0.0023220240589609240402	-0.00050314922987750975835
5	4	-8	-0.0035719211918891408987	9.5723642631208180837e-05	-0.0058798464114370729838	-0.0010951473234788846114	-0.0051723739506492494994	-0.00048774638509493716898
5	4	-7	-0.0018950786090591493788	0.00033038544582670908902	0.004557317436616976046	-0.0018808887474718052023	0.0012505538144531652342	-0.00083880396582195360794
5	4	-6	-0.00020728618879875440172	-0.0063928858532988274907	0.004832729051389850726	0.0051170659677614201144	0.0030490808769276052034	-0.0019160275659080765274
5	4	-5	0.0074061925332280066983	0.0020346636322531325841	-0.0044733958878284763375	7.5356586785393490132e-06	0.0038274758229652258018	0.0020406921591959643371
5	4	-4	-0.00055448959087953358493	-0.0013249006384546523768	-0.0034469083456888788275	-0.0020553704713535746011	-0.004140020334288296161	-0.0037114962694218900721
5	4	-3	0.0020165196483885195616	0.0023391621231567752415	-0.00058894925770685180484	-0.001380264393306046989	0.0025756004037050636742	0.0020582510141865626059
5	4	-2	-0.00049179686187476954334	0.0011226385561435303379	0.0019439601002554760152	-0.00049880077751408011862	0.0026584280458240281721	0.0018089948353306654991
5	4	-1	0.0048682506840840586784	0.0014167105480269697858	-0.0061830724577265541025	-0.0011427128317980279632	-0.00039103641048592312646	0.0025127014129427368595
5	4	0	-0.0029384009888740116219	-0.00022104525807347657888	0.0036730012360925144189	0.00027630657259184571682	0.0039408671258057215506	-0.0016983886733694972086
5	4	1	0.0056027271590051337669	-0.0018167820177615759229	-0.0068641222935762287102	0.0028705742760184870151	-0.00055714662072075280073	-0.002398387015266068012
5	4	2	-0.003015875922889257963	0.0037713430658250363114	0.0017207797587065261791	-0.0053188904882410055139	0.0040981302898100927662	0.0012094233119194193818
5	4	3	0.00045630418980366371264	-0.0038550621564117917503	-0.000550213359471485048	0.0038264822487857627978	-2.6889170377459458192e-05	0.0013231272623053023756
5	4	4	-7.5832732911306407748e-05	0.0025720486448524049368	0.0007029926894776900503	-0.0038163419980977841134	-0.00060820177333855698302	0.00060128119203227794239
5	4	5	-4.9028734111842155847e-05	-0.00056684567934707301949	0.00039354774343070122794	0.00034246557607193691981	-0.00026580946063271886038	0.00029287321848952348365
5	4	6	0.0024185417496951971614	-0.00016151165116846141583	0.00086822846053404185984	-0.0011190398986123586272	-0.0025942704317686920631	0.00088061964171529030082
5	4	7	-0.0002886645433386889276	0.0019517685559044283851	0.00254321028184987738	0.00024594716510552663054	-0.0012470740586722948127	-0.0015346616342777497782
5	4	8	-0.0015894734702293145719	-0.0003449047666636694421	-0.0039532695823347001329	0.00093732556339442857796	0.0029700557100606718094	-0.00025309730253242086057
5	5	-8	-0.0028773814363827199259	0.0013416295159341625788	-0.0020706205611134126908	-0.0050585578737205455502	-0.0030925012484350829396	-0.0023230802236164889776
5	5	-7	-0.0012680747074781677404	-0.0023484905358612424842	0.0050379857905439263607	-0.0014235762870051910621	0.0026927936307612559096	-0.0026943334449045955141
5	5	-6	0.0024456690284814313306	0.0013021798210121843329	-0.0035966028754492009381	0.0037367279302485695985	-0.00095911153913980811466	0.0041990897927172950513
5	5	-5	-0.0026764447952761596418	0.0078068098961826737012	0.00043456527353298417	-0.0072533793794399021443	-0.0022418795217431755802	0.00055343051674277068952
5	5	-4	-0.0042101800228762165448	-0.0062939431525606531065	0.0039994344667447856781	0.0063063769459602656703	-0.00026343194516428858343	1.5542241749515803008e-05
5	5	-3	-0.0026307755030067704778	-0.00014293261976151228564	0.0016712265142207389547	0.0011467590911935110921	-0.0015992483146433859442	0.0016730441190533312627
5	5	-2	0.00058440547075178019432	-0.00178442607457603283	0.0020851862827957310005	0.0023844338464299552442	0.0066739793838687788002	0.001500019429634805385
5	5	-1	1.3723450759966247518e-05	0.00342961326478982741	-0.0015680088759199043921	-0.0025348521119410499444	-0.0077714271257996901318	0.0044738057642438886288
5	5	0	-0.0060317359321271860756	-0.0015636713886249067624	0.0060317359321271860756	0.0015636713886249067624	0.0019762312882080383322	-0.0049256767511154254252
5	5	1	0.0043141297968866450935	0.0030254275762312417795	-0.0046645408423461078018	-0.002703762544940460557	0.0017520552272973154932	-0.0016083251564539063298
5	5	2	-0.0050375057225789769688	0.00034731488490069795322	0.0053820809275149190595	-0.0013678806077768478674	-0.00086143801233985576888	0.0025514143071903748125
5	5	3	0.0039697708534923523832	-0.0030744524902928060082	-0.0036203441779275101313	0.0022007627329657143689	-0.00058237779260807002232	0.0014561495955451532382
5	5	4	0.001382201386510881029	0.0023162599182217778922	-0.0015734505737641805902	-0.0053620812731274706056	0.0002390614840666244786	0.0038072766936321157834
5	5	5	-0.0034462678728654780672	-0.00065743444832706756254	0.0033261744596503666979	0.0043167216169564372533	0.00012009341321511154542	-0.0036592871686293693655
5	5	6	0.0022729373341984610533	-0.0025971795040952419184	0.001148296525366986065	-0.00080715204508272531299	-0.002851028216304539193	0.00283694295764830599
5	5	7	-0.0030901891755554336018	0.002914361685939040672	0.0034009307459602609348	0.0021383327270004062227	-0.00022195826457487651158	-0.0036090674378138902674
5	5	8	-0.0026711612629947614067	-0.0027353260210724130753	-0.0044454944770453775141	-0.0030264227277284581896	0.0044479098375250865002	0.0036010929680005444864
5	6	-8	-0.0054697987740707177881	0.005256489277652986146	0.0011080019889809335568	-0.0093227360685609397817	-0.0025876227420584983416	-0.0037067462528875888203
5	6	-7	-1.8526934525996364224e-05	-0.0069065249890346647535	0.0017404926028205731404	0.0057628453699505614513	0.00147861727775620822	6.3496106471492704221e-06
5	6	-6	0.0039262853635232096428	0.006255827485519173739	-0.0069111814749125430671	-0.00049982592060709388638	-0.0036392770053098682202	0.0047133636506588843379
5	6	-5	-0.0032913202670510123028	-0.0028160079046475406175	0.000749022344027286055	-0.00033411222677642762185	-0.0023924934542182687766	-0.003216942576779253677
5	6	-4	0.0052432995728823750953	-0.0065283519335265867076	-0.000491819834463946403	0.0097731346455840906878	0.0058163947144070490478	0.0064992620514679015631
5	6	-3	-0.0023443953954658961272	0.0082687960248298240928	-0.001030352804784680958	-0.009272423092698494837	-0.0059680312686791886501	-0.0047635194773472805396
5	6	-2	-0.0054585851928211533146	-0.0072063784013293849182	0.0074269930228236672246	0.0051557488744702522146	0.0086345160864181192545	-0.0025486993799127039169
5	6	-1	-0.0021114651472076270342	0.0044724862377578337297	0.00034432432015550352685	-0.0038223597166733612809	-0.0084913798151051139013	-0.00057172711125099903717
5	6	0	-0.0017184444433196552522	-0.0051381813097912589633	0.0014320370360997127825	0.0042818177581593818912	0.006590758307773299414	-0.0048026352790318622629
5	6	1	0.0030147912722341477232	0.0027830678492536012163	-0.0025841579108692364943	-0.0027923646521468723988	0.00043099110404467915695	0.002838848666613229179
5	6	2	-0.0047935581281820160635	0.0012978804662160702606	0.0056148869347245654662	0.00012104194265863091773	-0.0048607654837186558064	-0.0036078269935160682015
5	6	3	0.0039268383968817091242	-0.0044214049485433257886	-0.0053019381368121284298	0.0040244149608413661359	0.004059145612154742809	-0.00067982167411052157619
5	6	4	0.0020782081953361090584	0.004334266624664451055	0.00080183404579516829713	-0.0046176118888885770916	-0.0038005113128628891482	0.0015085845525023016019
5	6	5	-0.0010115877195080568568	-0.0021611630123232897574	-0.00070236260744503187844	0.0019039060809600411028	0.0018544228484420951109	-0.00012352428482875941963
5	6	6	0.00067855316709774452909	0.00079378284980761851849	0.00085955747789714953035	-0.0015777617081804743392	-0.0014250184504786033227	0.00091627600000745903358
5	6	7	-0.0030232682282375442778	0.0017805670818416162102	0.0004016736584727159296	0.0029634590359853092353	0.0018151855986216322743	-0.0038119413750171337804
5	6	8	-0.0012829376701841879293	-0.0029483116837583259011	-0.0037766174403797668491	-0.0012229487512695671331	0.0036342991241499426197	0.0027599063658011288754
5	7	-8	-0.012963682859113159762	0.00046766431759580979945	0.0060194690107135025159	-0.0089007698744018644982	-0.0028352664025714101499	-0.007495883441604250623
5	7	-7	0.0066201243826418138677	-0.0048023553725346848631	-0.00025043245732173156741	0.0029532418802696385439	0.0044782278159938501694	-0.00047701195725513638153
5	7	-6	-0.002328431592925002229	0.005594479521072833611	-0.0015194202882263144021	-0.0014308001657177560079	-0.0037130166637015351097	0.0029927994075566459638
5	7	-5	-0.0035196935897004099844	-0.0049632976783943287546	0.0039833335296670536324	-0.00033897804453996333062	0.0020569733518334652744	-0.0054378669407502775585
5	7	-4	0.0037726767878456146828	0.0026750602656723312944	-0.0023741287164753942934	0.00069331439118325754924	0.00056112073097507866523	0.0045571255166611144768
5	7	-3	-0.0068640708748955179055	0.0041901749193230305307	0.0027346122390802998087	-0.0059999141613761323641	-0.0050593562336384975339	-0.0070161748443392573868
5	7	-2	0.0058440073383072208002	-0.0036575879875151802098	-0.0017657959450939517913	0.0043285389144843162273	0.00842973253793922149	0.0060059162319071575722
5	7	-1	-0.001248080495007761713	0.0090547637813598452761	-0.00095152788431305298632	-0.0068560822439086262572	-0.012901097665230180228	-0.002718756800561155252
5	7	0	-0.0016747701046364896985	-0.0030778270260186902339	0.0011962643604546355919	0.0021984478757276358814	0.0045089109368893712931	-0.0028267089881585773584
5	7	1	0.0057550326627805355184	0.0050175912788125061337	-0.0038360871665447755438	-0.0044868754858492058968	-0.0019225531480892457496	0.006320172006881908007
5	7	2	-0.0036985947269201147405	-0.0025598605379154033661	0.0027495822269468133195	0.0023939361128995874026	-0.00037705097701355987528	-0.0019791250503600477106
5	7	3	0.0053307619854219496017	-0.0022257718173625852531	-0.0039850322683114315636	9.8624495424197417383e-05	0.00041380531702342433038	0.0034794958729478481056
5	7	4	-0.0018696659582696346057	0.0019134459336228376233	0.0048454153430683476536	-0.00073314554072738337583	-0.0061423944025325643778	-0.0011088027207556262841
5	7	5	0.00040046817163647707325	-0.00090717614966104819212	-0.003012219350211885107	0.0010204487133438093407	0.0038166389186601620657	-0.00052145204902028494988
5	7	6	0.00036762432011089795584	-0.0004832224003176177618	0.0021110930817181141304	-0.00033563466064103034429	-0.0027692955287635478805	0.00079425910434588356361
5	7	7	-0.0028449741762548324576	0.0020642673267446663178	9.3966099148647545315e-05	0.0033656364788127862697	0.0019381583124619470963	-0.0048401131407732620252
5	7	8	0.001458726649377943595	-0.0040340310562261717103	-0.0011682495716824916037	-0.00432189376856596634	0.00011051421936096539279	0.0063029264576365783002
5	8	-8	-0.013133629277886573958	-0.0086941900605392585799	0.0070235036910350490125	-0.0055252868792863771286	-0.0011850146076440601448	-0.010959155667123413741
5	8	-7	0.014493505806039108999	8.5454834218441313347e-05	-0.00097239732888964669835	0.0045676381507171398902	0.0092411929141540533061	0.0052811970538327616606
5	8	-6	-0.0079274997573721191907	0.0028934173187610177057	-0.0011914940449416987732	0.0013662242104816564939	-0.0081949085243990301558	0.0042328133796097231964
5	8	-5	0.0020385000000302860509	-0.0049723442967970574863	-0.00020539603496298213165	-0.00090698766826931005551	0.0017098663440895144668	-0.0064235245660279535751
5	8	-4	0.0013408940510890709347	0.005362086798912614298	-0.0027713907050122021415	-0.00093953372555508876587	-0.0038666638461630656147	0.0048235410475305903408
5	8	-3	-0.0024064468807492335467	-0.0022837260539203254814	0.0023002964076625494021	-0.0012438904531979068195	0.0021233789525180761168	-0.0071232512983949603652
5	8	-2	0.0057466023161946355388	-0.0034706763873247432547	-0.0031615036802072368598	0.0035457053977790385646	0.0017204910696576405406	0.0055061306228042965552
5	8	-1	-0.0045191227654490847415	0.0061341219865413531415	0.0015219891253206311102	-0.004486274736412104204	-0.010419700824680373091	-0.0052195879585900687922
5	8	0	-0.00090690641766034139123	-0.0038849576551126139765	0.00056681651103771338307	0.0024280985344453838437	0.0072319859844115364639	-0.00051034866392506421807
5	8	1	0.0015416777606149490408	0.0033704819854704741455	-0.00050055084118054773978	-0.0029715687009877122735	-0.0037039820736303637194	0.0069201396805493257253
5	8	2	3.2840000339423507472e-05	-0.0025208015172631624556	-0.00055983182095183851943	0.0025975155562516947724	0.0021572272829587951261	-0.004088058431848873818
5	8	3	-0.0020906437184667323904	0.0028893054809977758955	0.0012123915040478960327	-0.0027635628068241472124	0.00025136218665016411182	0.0025539916832014331743
5	8	4	0.00017388095263470474501	-0.0023147280668178965395	-0.00022636354894286375445	0.0028129307514687400434	0.00023537590709234659119	-0.0027324514194151097377
5	8	5	-0.0018442136117202462178	0.0027039955633207189006	-0.0018913705401917043757	-0.0029480944305529267063	0.0048704064760269737827	0.0020129555255639637427
5	8	6	0.00011683795834101351322	-0.0047334786936373942148	0.0021222080294090958121	0.0028762594640813080385	-0.0029269756711629720501	0.00010955295925608452879
5	8	7	-0.003033166766284836266	0.0016701513400569404331	-0.00090081278619529676563	0.0013418894089433253559	0.0031960480172837936984	-0.0027265531388330436352
5	8	8	0.0045634983885457919284	-0.0077559534960281017318	-0.0018894272509792807077	-0.00043490005661506891564	-0.00096275924186183903068	0.0052823709916326325522
6	-8	-8	0.0036192376355930443166	0.0054674734623457342184	-0.0029591351031677979797	0.0019530002131753260077	0.0056735633298625812171	0.0021476048835839746561
6	-8	-7	-0.0061110937073889561727	-0.0052376049274127324182	0.0046263290730695263292	-0.0046253615855718945016	-0.010525313546984278734	0.00079675187429982302547
6	-8	-6	0.0070456019108330542391	8.6259950689290734033e-05	0.0014536361711721778982	0.0053978772388976825961	0.005107420349270150664	-0.0071109097011742864944
6	-8	-5	-0.007342967401063283002	0.00023054416988566522146	-0.003973101821654939983	-0.0075629019499533663151	-0.0024545979666280347622	0.012377296123788184001
6	-8	-4	0.0074067862479039025397	-0.0022986080121864729126	0.0050392817676752407058	0.0031644523046888365508	0.0010316158365053728317	-0.0097768166276573816031
6	-8	-3	-0.0014616223649147894528	0.0067831693171768580458	-0.0051366065143220928854	0.0027872595671194961599	0.0107743726416960027	0.0061336464553683935769
6	-8	-2	-0.00048658181314047290562	-0.0041587250674956178706	0.0010234032914777553298	-0.0045470784557185648517	-0.0055533586053324399817	0.0057121386203874040602
6	-8	-1	0.0052163527788934467566	0.0021086891732897813587	0.0041617283381795971281	0.002876804423254300698	-0.0019957100320760930157	-0.010362300346295717432
6	-8	0	-0.0014771514445550018666	0.0013184869063077094432	-0.0011078635834162514542	0.00098886517973078213659	0.0052223401165498849891	0.0020950275185455460858
6	-8	1	-0.00033063212152758039968	-0.006175543079737159935	-0.00068633675062755453503	-0.0040350989349404496956	-0.0035069012758549536653	0.0047724669988993637798
6	-8	2	0.0017859617218588562989	0.00080592194127141207529	0.0014303697415435690822	-0.00054165421923929840241	0.00036359380059770748635	-0.0045843827007714301608
6	-8	3	-0.0041396742646297611176	0.0030046357558927050575	-0.0011297102794835523192	0.003858637724207673262	0.0052667877839700496731	0.0042804290861017191619
6	-8	4	-0.0017884835745434796324	-0.0050878474768381405299	-0.0030551712482197075638	-0.0036947016003353837232	-0.0034276171346241954621	0.00024236801458644435131
6	-8	5	0.0077001494305613937125	0.0022023461220057397036	0.0054867150907102766114	-0.00087008824781690640836	-0.0004614351715372306032	-0.0040349565429139378978
6	-8	6	-0.0052372146411871047314	0.0042034285026155424406	0.0010120013607899836124	0.0063241173230251497908	0.0065865497889070834595	0.0042287279280846575696
6	-8	7	0.0026213605473309684046	-0.0072964467492741590451	-0.007052151847909007322	-0.0035215877105773864958	-0.010306482581036838925	0.0022294255444322659196
6	-8	8	-0.00010901905971669881095	0.0037475878674616998343	0.00019054352284838291069	-0.0029983935323048089769	0.00027230781763590701213	-0.0058090844329010838526
6	-7	-8	-0.0041913041535322232561	0.0091100281266023788035	-0.0042055603117561292728	-0.0031910236261827444083	0.00053638715763744534634	0.0096246667678616861646
6	-7	-7	-0.002894411595810324634	-0.010250526698843161547	0.0036943223885900614879	-0.0023390235048974332942	-0.0061752466135703400554	-0.0064471422369681338077
6	-7	-6	0.0056589180285284311142	0.0051955592529564567639	-0.0061768553044632117793	0.0027172326014591129638	0.012865249217068844279	0.0020254545512541580893
6	-7	-5	-0.00408177374836834507	-0.0041210543484150648913	0.0024914609917312882659	-0.0047048445261025136771	-0.0083861738864658176562	0.0016415171184454410615
6	-7	-4	0.0078909817470502342102	-0.00042706766588972286045	0.0035710860959762918097	0.0043706221869054774284	0.0055870719526168411903	-0.0082891903259191702241
6	-7	-3	-0.0016523908848449255209	0.0037015401581531738422	-0.0016854573213604152893	0.00033602580602705396174	0.00062795198015111789412	0.0066190201022432223338
6	-7	-2	-0.0019445045381179817089	-0.003208086800231174044	0.00051119576527739927184	-0.0032541144529554589561	-0.0076226987928248429033	0.0017651401846505844311
6	-7	-1	0.0013861435559658879645	0.0011268977395948608002	0.00062345549657289930923	0.0014512648615515179144	0.0039526728597850330563	-0.0033974675932914610334
6	-7	0	-0.002579680764762841156	0.0014851493212907100269	-0.0022111549412252924814	0.0012729851325348942159	0.0024444700825946752594	0.0058097597581791742341
6	-7	1	-0.00020256363785128500619	-0.00011386091601588739367	-0.00040242245024174258788	-2.3886110944685829647e-05	-0.0016015753245844878069	0.00051596271948252349013
6	-7	2	0.00048089766873443321295	0.0048415979099420197382	0.00037248522624269014576	0.0033428660522969778392	-0.0001389947143538840745	-0.0028247625467866365606
6	-7	3	-0.004132593220860884646	-0.00028657265220110916598	-0.0038070679475888328375	0.0016342680598796159412	-0.00061797210265217359781	0.0043864374441213221587
6	-7	4	0.0036263750256114862802	-0.0016919138813683532677	0.00031577297382863039063	-0.0038730460717437309622	-0.0048869598342171256811	-0.0042399598034989997158
6	-7	5	0.0034956195073595924296	0.005745736896465725857	0.0053072409542894707565	0.0034497047450743425524	0.0032353939271737475365	-0.0020652976326547916285
6	-7	6	-0.0069818503090258990026	-0.0021507356510985921154	-0.005023929097316202734	0.0018724800746734305678	0.001120599695490329074	0.0043352957382175941192
6	-7	7	0.0046596449774847963424	-0.0028619813504135640375	-0.0011360768009301138674	-0.0057823342820790624499	-0.0051300582102027959819	-0.0033292074102960074987
6	-7	8	-0.0042692890292594506615	0.0064090307603333271369	0.0069793293688193537919	0.00099056451020637257751	0.0093088799696615220219	-0.0039400291238194194016
6	-6	-8	-0.0097423269560234157516	0.0087871121235450211362	-0.0048826549302558247892	-0.0016588654816124738956	-0.0036447540193256930049	0.0078344832038681217617
6	-6	-7	0.005070518261794236016	-0.0063506025599485193059	0.0016042907376942281555	0.0047385950484940689634	0.0029710521635142920181	-0.0095050265215222175252
6	-6	-6	0.0047024845036202200105	0.0087823679011700128694	-0.0016232027063324573884	-0.00067479786893242599613	0.0063256872099526776157	0.0094571657701024384318
6	-6	-5	-0.0056464777479880694927	-0.0068765039392640137442	0.001166746416397184934	-0.0029747956980027785365	-0.0081758689972623050518	-0.0046820498895134825962
6	-6	-4	0.0051874282037924811586	0.00022482191123823427751	0.00083375616248391060809	0.00086405882952838295504	0.0065305080619628566932	-0.00095885537743522304341
6	-6	-3	-0.002089548472826420044	0.006643004888975159207	-0.0030679388716520141107	0.0030077571360391189975	0.0019567807976511881335	0.007270495505872080419
6	-6	-2	-0.0030118982284793567941	-0.0027978399599459832618	-0.0021430065650409500441	-0.0027166187595079635368	-0.0026066749903152206837	-0.00024366360131405857868
6	-6	-1	1.3853233257598409746e-06	0.00097385233534414653456	-0.00045268451930451986858	0.00095995981941376224127	0.002724419055781678381	8.3355095582306085004e-05
6	-6	0	-0.0017833974734115967502	0.0028980816781448465354	-0.0017833974734115967502	0.0028980816781448465354	-0.003460852962217865654	0.0090079663147019286423
6	-6	1	-0.002608431575844317573	-0.00093613486758436191548	-0.0025836282765575521725	-0.0012625094234439040563	0.00014881979572059191507	-0.0019582473351572528449
6	-6	2	0.0019439227228193278838	0.00012242531074986432501	0.0021582638808900064462	-1.0603096429789302392e-05	0.00064302347421203536176	-0.00039908522153896092794
6	-6	3	0.0013142420551444384657	-0.00080808890204184789276	-0.0001479881586358368817	-0.00082907653901069533215	-0.00292446042756055102	-4.1975273937694885563e-05
6	-6	4	0.00077211160392601804834	-0.0011551125525297166637	-2.7855696161713467616e-05	-0.001248880981070608822	-0.0011999509501315972892	-0.0001406526428113381562
6	-6	5	-0.001457860890174131948	0.0026613570869458446667	0.00074432737364627128956	0.0037294074752285133467	0.0026426259165844841019	0.0012816604659392025894
6	-6	6	-0.0013348296908208376506	-0.0043483596565377204482	-0.0043259664375000072417	-0.0024343682059855351746	-0.0029911367466791695911	0.0019139914505521850568
6	-6	7	0.0032112877904060996813	0.0010522903212451389932	0.0031811417470727324126	-0.0028098587571795431705	-2.5839465714314908674e-05	-0.0033104134957925848357
6	-6	8	-0.004572207236104363498	0.0016688908894250170569	0.0021815508229701906749	0.0037976196349735701595	0.0050653185443059155213	0.0015965465591614149896
6	-5	-8	-0.0077678152850552146386	-0.0030567878422211214491	0.0020382666784457587235	0.00049025314992936878944	-0.0070997781378200099101	-0.0025989991003716964718
6	-5	-7	0.0068053125644127005975	-0.0014170017956413160504	-0.00094323434185030700233	0.0036901298723397021016	0.0065068638708182489905	-0.0038503800193637723395
6	-5	-6	-0.0038551672415838545392	0.0062242542637931455585	-0.0030834949387871578123	-0.0020931333012524306128	-0.0012855881259278899124	0.007968532014836837013
6	-5	-5	-0.00046806197176860859198	-0.0055570677330527736004	0.0037063277326340928614	-0.0017552474557669009263	-0.004268002098756423085	-0.004913233823896427134
6	-5	-4	0.0053151291793982384862	0.0018440147035438177615	0.0024190732718501251931	0.0020169403759538878651	0.0049488521792847017799	0.0002448465853733666482
6	-5	-3	-0.0019512838468962380879	0.0022043940799426802249	-0.0026191964918780628706	0.00093669806391513362517	0.00046275979267096242981	0.0028476247200268042271
6	-5	-2	-0.0027408394858777383393	-0.0014084826958183907161	-0.001142661022574374555	-0.0010889724718708118558	-0.0053658659011972791725	-0.0015030169077781426173
6	-5	-1	-0.0031880848668526069398	0.0025978793255400133358	-0.004603272458251278336	0.002483084484148240581	0.0038878530901407530769	0.0031718535324988766759
6	-5	0	-0.00085157711632837418837	-0.0041105549005616554004	-0.0010218925395940490694	-0.0049326658806739861335	-0.0050805341062875666869	-0.0066990145483294249312
6	-5	1	0.0020031330331210591041	0.0014051266184581297919	0.0036263317430595735057	0.0016561251819701956842	0.0061128605165715116029	-0.00015013380089780051989
6	-5	2	-0.00022310744939853276777	-0.00076752999555889040231	-0.00071385868890669616944	-0.0004365860093828945643	-0.0011153243740711419035	0.0012111249632194348233
6	-5	3	-0.0018890325117515316834	-0.00076345736217053156679	-0.0013782576414976043053	-0.00051256451894756598422	0.0014809689543403897413	0.00067264052609511989882
6	-5	4	0.00088204883905348345323	-0.0015056796432165030653	-0.00031123994592865467969	-0.00057766560891164158743	-0.0017121231909910435837	0.0015364374536852025595
6	-5	5	-0.0015487102103240585338	0.0040597304784175912429	-0.001527917537594200223	0.0043874789328332665719	0.00033053471479466996338	-0.00048419764126784244247
6	-5	6	0.00023170615791041500298	-0.00080286703224346763017	-0.0018663210080675069445	-0.0024947643974269060642	-0.0017869736646333375923	-0.0012761032989456208651
6	-5	7	-0.00034978462870054356781	0.0029619188205576522238	0.0050308210155158234259	7.9575061575416514777e-05	0.0038932589785403400387	-0.0024819482307812616023
6	-5	8	-0.0029652261185953219906	-0.00050972123888339839447	1.5990136057045978057e-05	0.0035451973904003925009	0.0022339134239821450967	0.0025980392981627942715
6	-4	-8	-1.0611378051991318506e-06	-0.0087806954629151157815	0.0026285823304217212013	2.531175812421914922e-05	-0.0013150870185647599124	-0.0065981774762484462701
6	-4	-7	0.0068937978168602731185	0.0036448578119406918087	-0.00026712546325923257123	0.0032008677914578775696	0.006061612679171224545	0.0012950965294018059511
6	-4	-6	-0.005131017269559096268	0.0021648540574279147644	-0.0012416545064081259582	-0.0049054322141644521663	-0.0043032475986203456292	0.0054351422002042164977
6	-4	-5	2.2392282818815294654e-05	-0.006857514429167372097	0.0037787712395320354787	-0.0033637300165950808836	-0.0029961462522430501107	-0.0055380333017247818095
6	-4	-4	0.0022288331082910479465	0.0017226036224740339745	0.00013794898960535248553	0.0060965205971516200564	0.0032053006728312190277	-0.0035126151634405689862
6	-4	-3	-0.0035875031321232586472	-0.00074515710353277380632	-0.0051009712601589934575	-0.005092287409708489386	-0.00037371125070119264825	0.0052994023392124384522
6	-4	-2	0.0036926281491664121777	-0.00045379288863886183122	0.0074833846606650097216	0.00064665729817621508176	-0.0038888848738307829102	-0.002654693262269015603
6	-4	-1	-0.0041969922208146452983	0.0015288000662428988339	-0.0061141218620470649467	0.0007263310439052509445	-0.00072546587669961081022	0.0062674762218363887917
6	-4	0	0.0027286123780281930015	-0.0017620093284070189547	0.0040929185670422890686	-0.0026430139926105285404	-0.00037909519958608678143	-0.0075584406883811294797
6	-4	1	-8.4073076179161048793e-05	-0.00022227245702459175756	-0.00047043272854851975575	0.0016278611990506056204	-0.0013772924571191127573	0.0078450795383499735691
6	-4	2	-0.0012524206925267399124	0.00092416458399526230181	-0.0033149197307994057379	0.00020164055620691133971	-0.0028725773840185919554	-0.0023692126395719642802
6	-4	3	-0.00064865926732006300159	-0.0035625326901224489695	0.0001935173210874069447	-0.0053156108563205831455	0.0015553416294233352989	3.7584238484120924457e-05
6	-4	4	-0.00034118267923058322351	0.004077264316849309525	0.00098059756045750130771	0.0036727709505400369869	0.0014923715793033762514	-0.0024431255247339277344
6	-4	5	-0.0019704130000748765889	0.0014030118375815323582	-0.0019971431399852437177	-0.00097918409835748136151	0.00076678108810165695412	-0.0024669614837838239191
6	-4	6	0.00047801646312695757245	-0.00081131108738827391585	0.00073629250662451311074	-0.0012153734086445700663	1.2845207956051165785e-05	1.0621482918938733527e-06
6	-4	7	0.0017403077383766226132	-0.0013249098112278413948	0.00019162874647486884518	-0.0017652682591065087768	-0.0013821902063371801356	0.00012691226156300191002
6	-4	8	-0.00030201880667147910659	-0.0016815920485626159337	-0.0020809335828343620244	0.0037091137702880113206	-0.00081395268641357165513	0.0031157509215659676648
6	-3	-8	0.0063078328602913392303	-0.0059623535904838606894	0.0034906874870512531912	0.00077058909952425419868	0.0034218668375742846387	-0.0047607361051844911126
6	-3	-7	0.0014311490921937338166	0.0067603542441203113081	-0.0054398980112468674555	0.0026878620302563174804	0.0035580840838432864666	0.0046426484819932735057
6	-3	-6	-0.0069133694998206960541	-0.00017676427535784992851	0.0011261731097461505965	-0.0064277369068631044421	-0.0074764560546937714608	0.0030371041780737025907
6	-3	-5	0.0017429205729331202334	-0.0030469311739847282187	0.0071683782482423064747	0.0014695704626033259926	-0.0022095222614256396047	-0.0045380596863436690677
6	-3	-4	0.0019853979385144339929	0.0026303991181010162245	-0.0063695513778564555318	0.0049275167684894923686	0.0077552604411639924215	0.00024996110078440489767
6	-3	-3	0.0010945733511888695953	-0.001946020986964208839	0.0048290812841976955838	-0.010294617732439696398	-0.002639934581819956827	0.0064025757585112787196
6	-3	-2	0.00045931650500909007931	0.0013212882999407238403	0.00077149582188658361037	0.0026149735942990652918	0.00022070578219739482237	4.1404508373573935482e-05
6	-3	-1	-0.0028883710467635169243	-0.0016365366884611004788	-0.0046186152617421439778	-0.004042289198804448723	-0.0034743804953546709134	0.0023076474656467424289
6	-3	0	0.0045740984235781451811	0.0052899079846556425546	0.0091481968471562903622	0.010579815969311285109	-0.001719515487890846666	0.0051271343353421995268
6	-3	1	-0.0011434790867483831962	0.001722725594255150117	-0.0042051480605023016518	0.0051875267717238224621	-0.00575456966101660361	0.0052262267496405679854
6	-3	2	0.00092452097165356182749	0.00030120513160039477998	0.0024582062622666139146	-0.0021878973998504290879	0.00091374647843923560622	-0.0041854614945768279718
6	-3	3	0.0067829991480121126085	0.00058970153764232962051	0.0056871179831407079469	0.00408130301646471641	-0.0078788803128835172701	0.0029018999411800569521
6	-3	4	-0.0018860106312947554335	0.0015146372568262561099	-0.0010049772478205032649	0.0049326168944702529842	0.0020752830110767556474	0.0014275067856133055733
6	-3	5	0.0014332532896235068189	-0.0034125313569221484185	0.00038045338863611167981	-0.005339908816056383907	-0.0014916319143665412398	0.00089109233867274773629
6	-3	6	0.00217554976296949849	-0.0031683719176855192762	0.00036512108442928126401	-0.00092924189033494772414	-0.0019929892207548576682	0.0027037509725180456852
6	-3	7	0.0014080838373782939531	0.00082453748571304050392	-0.00018519819315482985629	-0.0016624606385113025776	-0.0012862996576763219021	-0.0014192295471160214747
6	-3	8	-0.0035841298754891556984	-0.00042292118172323225856	-0.0017660505543729645463	0.0018563574806756636543	0.0020258284487270051231	0.0010133249415457980507
6	-2	-8	0.0060672769887627885782	-0.0019371920673196410881	0.0054366930867627673643	0.007393933078853442975	0.0031912844698813993757	-0.003301377320203091343
6	-2	-7	0.0014915272586735492475	0.0056806631880282412728	-0.0073350122222408204939	-0.00093514376740270620161	0.0033741697137889908008	0.0051363238089964079885
6	-2	-6	-0.0042170345834771855512	-0.0020060761301493017922	0.0036545071207491797334	-0.0054554125748746754021	-0.0054352036237269116953	-0.00018760527185774356876
6	-2	-5	0.0024451675637908966074	0.00040206703811339995292	0.0060101222557945102598	0.0067985958868936593666	0.00053015217423127197673	-0.0022369579090213841284
6	-2	-4	-0.0017631261877066768673	0.00343471630043878191	-0.009046926450188721644	-0.0046383017333387725756	0.001878773943534345521	0.0074712253173275598034
6	-2	-3	-0.0011476536456475512626	-0.0012530864032501572679	0.0027170153284446882554	-0.0025587582892495617549	-0.0041066508435915610731	-0.00080033394700060669913
6	-2	-2	-0.00072118686878782690703	-0.00026779931922293908654	-0.0050246368120060828921	0.00051539345297215647789	0.0028610762056426020626	-0.0013187914106409736291
6	-2	-1	5.5362815478331376252e-05	-6.0706708403856724985e-05	0.00035140527978559530026	0.00094674201306942161287	-0.00037063366670120237011	-0.0022577242765619833995
6	-2	0	-7.4036696772358120641e-05	0.003615077411053539691	-0.00022211009031707437547	0.010845232233160619073	-0.0043748609301433255894	0.002942295485733103632
6	-2	1	-0.00072568445648076669238	0.00042996328429517529507	-0.0046057331221022986337	-0.0013126794384560902008	-0.0048573595053199979804	-0.0052051385826832321721
6	-2	2	0.0009646789134114773772	-0.00075398326633917430156	0.0083026851168360657485	-0.0030993578008517686483	0.0054086483766016329663	-0.00083740800183424574359
6	-2	3	0.0026554293404048648353	0.00084155584231975692853	-0.00085481168820635716234	0.0023084426225828862458	-0.0058807331396139679233	-0.0001441499362509230536
6	-2	4	-0.0029342261647785521962	0.0032172618670265724049	-0.0031230111894634936948	-0.0027453689450280954754	0.0028398336524360816638	-0.0061985772730539069955
6	-2	5	0.0010522506417248213024	-0.00096992095558428843925	0.0028849644506944546914	-0.0032864007924139218911	-0.00010871498979200355621	-0.00015065517026442267813
6	-2	6	0.0026370066745057541002	-0.0010665906906335105228	-0.00040815177251177567471	0.0031392065562258607975	-0.002773057265343012532	0.0021129928760421309332
6	-2	7	-0.00088910247481297530019	0.0043619918399577821064	-0.00130733284672844975	0.00012063682370538611401	0.00038856416506013601204	-0.0037043824846194170659
6	-2	8	-0.0024701760459180477185	-0.0025923041418560244589	0.0003705566436975565414	0.0020330967110207607933	0.001945271195362924992	0.0024525022841472084341
6	-1	-8	0.0031461213178339501179	0.0017809448718559960523	-0.0044197382794791901031	0.010530478703320694453	0.0029120582733103612429	1.939881597691021231e-05
6	-1	-7	-0.0033940377942550848007	0.0024574938674732263282	-0.0021679855777717569644	-0.0039272130062160777106	-0.0025994630268226788343	0.0026674537444364909353
6	-1	-6	-0.0025061530336764003234	-0.004199787624334511138	0.0064438057068428016699	-0.0056063885477430934132	-0.0035801206514835342241	-0.0032653895330439957137
6	-1	-5	0.0076127890538744413806	0.0030159422014400731442	-0.0015162623196606269532	0.0040639986303545889285	0.0094385993285814543535	0.0028063309156571699873
6	-1	-4	-0.0059691631016972499998	0.003916833841189817228	-0.003874809343528837647	-0.0043169796113740957488	-0.0079850423166636652628	0.0069544956646282497792
6	-1	-3	0.0012878823743975790876	-0.0043161427082802532665	0.0054995994601263111651	-0.001357924474552776135	0.00074256492875305452582	-0.0081796439250429141266
6	-1	-2	0.00053719673356293878418	0.00079460963356863770646	0.00039680483822785632495	0.0019858285696954503484	0.0014131877815748881359	0.0013909146158581880536
6	-1	-1	0.00049567101047145632146	-0.00060991728069785414255	0.0043583123445761779574	-0.0042528431429653653154	-0.001384286281747439595	0.00059333945877824002639
6	-1	0	-0.00053804437108811347182	0.0012922251620118240228	-0.0032282662265286803972	0.007753350972070943703	-0.0041214760073393728185	-0.0047456756993005978773
6	-1	1	-0.00042204596697455865452	-0.00099121323080878106192	-0.00075369475419429269539	-0.0090610971806916323912	0.0017785810476530592317	-0.0031138177958389451523
6	-1	2	-0.00019584886140851969546	0.00011784817487147294783	0.0013953684015166538217	0.0055294364245599197591	0.0012852307849838858888	0.0024111736876655407921
6	-1	3	0.0015736549739066023508	0.00058901884012182309253	-0.0050355597858791414922	-0.002977931952260693977	-0.004825829876439585199	-0.0021706816643305439606
6	-1	4	-0.0011376575211619742879	0.0033788260006914184151	0.0021159160467782117503	0.0026402098299553936056	0.0022354652934375145862	-0.0044081865435482790044
6	-1	5	-0.0019192807660549108997	-0.0024015325320983099168	-0.0024926930733834232884	0.0010710926586833401271	0.0018045983045892083785	0.003096057570254640099
6	-1	6	0.0025855217689771739509	0.0039062155544813425591	-0.0030226428571985810775	0.00031538938517562437221	-0.0030892955785102706526	-0.0038536506569520718665
6	-1	7	-0.0053617733530206277207	0.0040514596047292860542	0.0012538762728671805791	-0.0020059153002015377154	0.0047749309129987071651	-0.0037592389897967504533
6	-1	8	-0.00040330056420032821219	-0.0018617402305075815214	-0.0023470275382876625014	0.0032905604850954231315	9.0969808642883718766e-06	0.0018076252335176140867
6	0	-8	0.0034322874038211674888	0.0035329347765364767751	-0.0061983285927833028234	0.0026556595024654367637	0.0025742155528658753998	0.0026497010824023574729
6	0	-7	-0.006104767799969958858	0.0047750504217445840019	-0.0014595997039277557213	-0.0021325149019177061689	-0.0052326581142599646115	0.0040929003614953579637
6	0	-6	-1.201204437630233356e-05	-0.0068407872007509827605	0.0075121988679620948712	0.0059815588486501949234	-1.201204437630233356e-05	-0.0068407872007509827605
6	0	-5	0.0061777170113224465567	0.0061061792081321822692	-0.0049493239558301661482	0.0056024927137293687243	0.0074132604135869360415	0.0073274150497586185496
6	0	-4	-0.0060755490914923201973	0.00057785515074100513022	0.0048315497996240302711	-0.0028023015534047457376	-0.0091133236372384802959	0.00086678272611150769533
6	0	-3	-0.0014736703295788122162	-0.0058318297748752448775	-0.00071745890700787269892	0.0066716036027944930487	-0.0029473406591576244325	-0.011663659549750489755
6	0	-2	0.0018933870321553513631	0.001734309131558360844	-0.0015415774956303879978	-0.0046140816200915934359	0.005680161096466054306	0.0052029273946750829657
6	0	-1	-0.0014247427443660892754	-0.00043529708677238156036	0.0036243199715500140287	-0.0043613185664352419058	-0.0085484564661965356525	-0.0026117825206342891453
6	0	0	0	-7.1745584559228696739e-43	-0.013256544299862022679	0.0054827413901844083977	0.0036204890803193463984	-0.010417698502246294442
6	0	1	0.00041452732250005220032	-0.00073044982999648049287	0.0046169713863189977207	-0.0058961440183312218213	-0.0024871639350003129851	0.0043826989799788836077
6	0	2	-0.00023127299556870492677	0.00058434301433449504278	-0.0037642977116084767875	0.0089383925098893181327	0.00069381898670611483453	-0.0017530290430034852368
6	0	3	0.0025007929073743956176	0.0014246270897192232947	-0.00058030715169992851035	-0.011813705022757739135	-0.0050015858147487912352	-0.0028492541794384465895
6	0	4	-0.004735105641870627699	0.0012050237215405093603	0.004307642278297613668	0.0012932061253655426861	0.0071026584628059415485	-0.0018075355823107641488
6	0	5	0.0013730485381980254023	-0.0055628562353795671033	-0.004261623961527054999	-0.00015120947453553559001	-0.0016476582458376303961	0.0066754274824554803505
6	0	6	0.0029631985622875227533	0.003568425793325944069	-0.00095147516246605451894	-0.013439647670037697946	-0.0029631985622875227533	-0.003568425793325944069
6	0	7	-0.0016993288972696129428	-0.0004595925898789165868	0.0013925657123255593371	0.004988063133113206267	0.001456567626231096901	0.0003939365056104999238
6	0	8	0.0036413309012174994127	-0.001327307899490372603	-0.0048420324113197009755	0.00062261838811987545248	-0.0027309981759131248848	0.00099548092461777945225
6	1	-8	-0.0030743690293335173593	-3.1762416118357861673e-05	-0.0059381042817510318321	-0.00043188122302917553901	-0.0030480398072190171069	-7.7806964967415347101e-05
6	1	-7	-0.0063731114509032954843	-8.3145968690160973892e-06	-0.00078444763297095534624	-0.0024726546328993474246	-0.0055747309054843896883	-0.00036036317344477773782
6	1	-6	0.0024275858413667040711	-0.0063027798063163831266	0.010323672449003206894	-0.0011844120219113990489	0.0041481979162005721759	-0.0065001818099682832572
6	1	-5	0.00066991944786593113012	0.0058861207087407465405	-0.0033407081663770275652	-0.0015015937279808442943	0.00013576170416371188105	0.006763026104892726556
6	1	-4	-0.0062430019877628790612	-0.0053648249383280461472	0.0038204935571624965875	-0.0020265500308956460769	-0.0084093795923536954207	-0.0085538749152159806316
6	1	-3	0.0052794366806282310572	-0.0011545181725320474535	-0.0012786814337764275829	0.0056523303751429285549	0.010132646216664320526	-0.0004249262200164519469
6	1	-2	-0.0010655603632935819677	0.0038566113739920302936	-0.0038586359625203152032	-0.0058265087447729284331	-0.0051259990711409030711	0.0086565797495896275315
6	1	-1	-0.00078518311640195562716	-0.0022771859984683797372	0.005637187054654452939	0.0060570364985750822784	0.00092608835624271928447	-0.0076060794922351952774
6	1	0	0.0012522921947704568259	2.7788991860791140571e-05	-0.0075137531686227413893	-0.00016673395116474683665	0.0091478229821910072433	0.0049431330714169016347
6	1	1	-0.00058673078589546018811	-0.00022669177156548132087	0.0071714729571818553941	0.0024379233662624164893	-0.0036510882418090942654	-0.0010777727368695287809
6	1	2	-0.0009033879795009159934	0.00025118123760622089197	-0.0056576132320663753694	0.0018026335567868192241	0.0055389705545359360986	-0.001654860491212072288
6	1	3	0.0007714308600865114841	0.00094896284673975212463	0.0031143461724725441005	-0.0045157865727567638239	-0.0025809771109972044073	-0.00039266350256058311918
6	1	4	-0.0039963660359158088495	0.0023766892154561880188	0.0020690788236742254161	0.0022912621485027479321	0.0054772793479551567034	-0.004137849360309969228
6	1	5	0.001594610410679828897	-0.0023712675225650166853	-0.0043971578184373227502	0.00044444776242056737575	-0.0010341009291283302998	0.0027566314745939065473
6	1	6	0.0013483442971940237491	0.0056673122422554447417	0.007161998100131398981	-0.0041759949508812605964	-0.0025420106472159235793	-0.0049713130837752347868
6	1	7	-0.0055586899677358319119	-0.00085802358710577216871	0.0018075245054913699223	0.0023903209572035807526	0.0045063736144176601284	0.00039397436649015035379
6	1	8	0.00135494461489830487	0.0015213426065157338671	-0.0050116299144267123858	-0.0053869532312318070197	-0.0003897547218703896043	-0.00046763780098282441448
6	2	-8	-0.0037816580438349259481	-0.0036706421990709485297	-0.0015144393255973756865	-0.0053345544630335195446	-0.0032148533642755382743	-0.0040866202650615916087
6	2	-7	-0.002535036504047554623	-0.00088321472233286214826	-0.0012038053058722655159	-0.002064636607927339447	-0.0025168328051471226814	-0.0013469373642645502548
6	2	-6	0.0033595935145641852258	-0.00025169732799355429937	0.0028387833655260492037	0.00011559297616497770864	0.0043058546364062016271	-0.00021316633593856175693
6	2	-5	0.0025494614272340769372	0.0083214609730096512907	-0.01191476863141784949	-0.0036947411937985679894	-0.0017065537398862479484	0.0085078566900921547
6	2	-4	-0.0020351788680624187215	-0.0037710507050699067222	0.002686287059239830799	-0.0011490764934230460886	-0.0017096247724737131165	-0.0062311143043163831276
6	2	-3	0.0047440222283808347256	0.0021844011700185126008	-0.0038717392847178533702	0.0048964026891395017599	0.006906884933616433582	0.0076330707994633597083
6	2	-2	-0.0033470725986635453675	0.00024415855202075719202	0.0013968412113716124987	-0.00038539366382863744645	-0.0086443765846190238206	0.00034708199223363418381
6	2	-1	0.0010641460911562062534	-0.00086709029491613225354	-0.0018090992026525314681	0.00088919154360856300819	0.0027666781416321750177	-0.003424158682279667288
6	2	0	-0.00096984426547225960607	0.00074120496924642018458	0.0029095327964167787098	-0.0022236149077392605537	0.0039481707332763796986	0.0066022582563771588238
6	2	1	0.0015388981869663748061	0.00019192963785234518634	-0.0022881399301273443007	0.0011402727092317927696	-0.0046571092615435606688	-0.0034321232455776567657
6	2	2	-0.0019619377619439961474	0.0014851923875557823673	-0.00019335817918861910323	-0.0038991598898826347261	0.0060791714650206074913	-0.00055641727278471248431
6	2	3	0.0010449780244286158235	0.00027315170194300839902	0.00020612991919616226481	-0.0025391057188896221444	-0.0022273759949880062373	0.0011464337420403979649
6	2	4	-0.0043724304279386559322	-0.0011059763934927772586	0.0015513571388902664284	0.0058104289926912142464	0.0057829670724628507925	-0.0012462499061064414522
6	2	5	0.0054276003498827862445	-0.0011897550184980186776	-0.0043190065249192576002	-0.0077854287240449026458	-0.0047855178098916402799	0.0045418775118155835582
6	2	6	-0.0013649014697026471809	0.0052920211434404245202	0.006104903302369750831	-0.0033545828933572077041	-0.00067006629775393650172	-0.0041738268456546889079
6	2	7	-0.0024728905303488843241	-0.0024986212715183888505	-0.0050336165236293996944	0.0043674136562228717262	0.0035577966041931575331	0.00089384290238065571086
6	2	8	0.00017070750759563994912	0.0023689796749498566453	-0.0039409203993658247986	-0.0056476472889901300004	0.00085719946914472621748	-0.00036482293396486003808
6	3	-8	0.0034779432103107638628	-0.010793108607246269803	0.0050612801206982192467	-0.0053599686432084566595	0.0045064374529949048978	-0.010104819696637873383
6	3	-7	0.0026915360836973251275	-0.00065605526191686515565	0.0014035489911082001894	0.0023013850576020971131	0.0029085519250726500975	0.0004239748001864428531
6	3	-6	0.0053408357092987000098	0.0028015729382331682439	-0.001418577799879483254	-0.0043704798951574143698	0.0046315468093589577322	0.00061633299065446105897
6	3	-5	3.6874547195235452403e-05	0.001496784578377696566	-0.002027030988714388117	-0.0025093809274890997024	-0.0011719691365943503327	0.00029051293755977622034
6	3	-4	0.0017308209284518619349	-0.0018866493135941803626	0.0022924516640583925131	-0.0030157071557799916203	0.004315570140721587504	-0.0050917543372262638254
6	3	-3	0.0028259494598111643132	0.0033932078215998797907	0.00092533708821341414692	0.0023057901405356567327	0.0065772360078357426649	0.0090922057837354158805
6	3	-2	-0.00017435649883359020701	-0.0013560645136937899032	-0.0001208360168625708216	0.0014201039559321958477	-0.00070432352179462679245	-0.0019380376071830760464
6	3	-1	-0.00069041980728734022536	0.0015184249444915691452	0.0012142764555135672142	-0.0033616280821363994299	-0.00049968947718334025179	-0.00097433457945978385259
6	3	0	0.00055702277800008905603	-0.0022926004083359012228	-0.0011140455560001781121	0.0045852008166718024457	0.0011938777839964414239	0.0070200728831923816728
6	3	1	0.0014974352301391803677	0.0024899687926052656642	-0.0023631152223392067752	-0.0037224835516943663612	-0.0018952657138174614469	-0.003772362100548495769
6	3	2	-0.0036342850720292949745	-0.0035005212787945472717	0.0054433308198926187715	0.0045977791028306421936	0.002737858986248955899	0.0036048951821376789585
6	3	3	0.002915329228259393949	0.0055470866349055514277	-0.0029782338103380217795	-0.0031712637590492588971	-0.0028524246461807661185	-0.007922909510761843091
6	3	4	-0.0019387114146463609466	-0.0019036274954039708509	-0.0015678896275960153492	0.0050506688604315735577	0.0040839843426665528234	-0.00093256040221772400038
6	3	5	0.0022817688477090166885	0.00080325490248263234448	-0.0015413540927102129755	-0.00029478995594826471957	-0.0018133101616246924143	-0.000787031909410200025
6	3	6	-0.0049856390629670118558	0.0025026038985660613474	0.0071848874439087370702	-0.0022273838933655437482	0.0013931953410126435376	-0.0013889119518832894733
6	3	7	-0.00053770382697615904527	-0.0014304077832249964368	-0.0033029320639297640033	0.0026941863505044213838	0.0018764313076637495308	7.1412521119530624945e-05
6	3	8	0.0010278453782973661929	0.00056820975387578977721	0.0027711945905470442529	-0.0065226323748912816425	-0.0018100820051781662395	0.0020198298251773885541
6	4	-8	0.0043036717247003876061	-0.0087817654113606681554	0.0058861674024017398427	0.002079728904382844093	0.006170837494726160409	-0.0055464596063290790701
6	4	-7	-0.00071824551223565510222	0.0013599618106727166984	-0.0032805801198269859617	0.0045775281965666353434	-0.0024902562218174105133	0.0037814119500432629567
6	4	-6	0.0022038977043406012685	0.00049446091275413199366	-0.002817875659464856488	-0.0030616288671440382643	0.00032531393136403047523	-0.0015466249986752268492
6	4	-5	-0.0021376893042912856538	0.0009018390742128900477	0.0018961154647525861085	-0.0014893525847116744713	-0.0010483347933474735942	-0.00010927517871387144659
6	4	-4	0.0045130901230534554297	-0.0033476118163989986541	-0.0027471137111296467341	0.0033678443335624667562	0.0040225214734505368441	-0.0016535733910360312249
6	4	-3	-0.00032349460789682236072	0.00096108219715989175007	-0.0011554971389464870329	0.00029395551085322602731	-0.0021876520677222939179	0.0023141050754574184201
6	4	-2	0.0013476346365441031327	6.5671053691112240636e-05	-0.00074994942431093293209	5.1823696736292786981e-05	0.0025430050610104437507	0.00030066055454592226876
6	4	-1	-0.0022802895417316838313	-0.00053174514490266118483	0.0024504027329092349999	-0.00025448816377420825901	-0.0038801263187531629881	-0.0042084235245128005787
6	4	0	0.0026833248043849565988	-0.0023003392343679588371	-0.0040249872065774346813	0.0034505088515519384725	0.0019019404509299389725	0.0026441641855793479587
6	4	1	-0.001136166699990266574	0.003224639761166209987	0.0017069454900598202748	-0.0043680894019474877932	-1.0781760297681748149e-05	-0.0018754809592073089664
6	4	2	-0.00014029910894073992613	-0.0038986432250151534587	0.00066517298563141405779	0.0060703671762578808105	-0.00090944864444060828298	-0.00044480467747030211223
6	4	3	0.0014883226927664020087	0.0040979723134867565917	-0.00017666435036510480918	-0.0045127741099751338127	-0.0027410929183793310109	-0.002178912480340001144
6	4	4	-1.6949910668375566222e-06	-0.0010677722320906418794	-0.00038753368892235532479	0.00030158276032844029066	0.00039007617552261163304	0.00130007558780752242
6	4	5	0.00085236600495177381777	-0.00015023544674222337469	-0.0013979330726932596898	-0.00072043812542909365509	9.5507252212479165068e-05	0.00075663303643394293034
6	4	6	-0.00098398693700951734772	0.0035887723960331434012	0.0034593816315462129832	-0.00027163229795431134694	-0.0013222674840212911632	-0.0034076841973969358365
6	4	7	-0.00087996059102956323324	-0.002888772472583284092	-0.0048167487432582709386	0.0022350125602672728763	0.0035066797884586373146	0.0011989406563472305902
6	4	8	0.0022574728044065621446	-0.00059340073583639496666	0.0018995330223661255689	-0.0043056929226722925885	-0.0026428711144879843929	0.0025978970132134425464
6	5	-8	0.0054368243399262180734	-0.00043367779507521501785	0.0082048569266142765827	0.0059902534283365850218	0.0092056538340785868529	0.0034186500464039541042
6	5	-7	-0.0017922107235481476387	0.0053635865604623553932	-0.0061735761377465919741	-0.00023455344077369272055	-0.0059458778614316920574	0.0044298217369865243442
6	5	-6	0.00057285445772718365798	0.00017065601899786611985	9.678473268482216973e-05	-0.0040132364683085532814	0.00065350840163120205595	-0.0031737077045925947763
6	5	-5	-0.0017647026753330862653	0.00049738676912884866119	0.0021591686240481863281	0.0022973947915334606493	4.152541364848275551e-05	0.0028942589144880792595
6	5	-4	0.0052023341532383658714	0.0015411084392986896738	-0.007613150809678582813	-0.0014325310580144833168	-0.0017129372822406797091	0.0005209988364299301478
6	5	-3	-0.0037581447593040598863	0.0012587987270294997456	0.0042967871105905131382	-9.0130708180242034215e-05	-0.00035497766762393175109	0.0023673796070919294297
6	5	-2	0.0017422143445573210017	-0.0052729769865201663037	-0.0022001491789138370725	0.0070559643312145961871	-0.00027372991361262994725	0.001820979868475991123
6	5	-1	0.00030914790776453429048	-0.0015899360030824387282	-0.00043425960532884780134	0.0010697801313147585391	-0.00031641058005703304699	-0.004190715361920839023
6	5	0	0.003327890948935103687	0.00081513790836969539279	-0.0039934691387221244244	-0.00097816549004363438462	0.00051092020122329355556	0.0053847604369301228788
6	5	1	-0.0017744459895410206671	0.0020356867009573005427	0.0021290043739910623904	-0.0021194097932266289623	1.6540672908130985878e-06	-0.0016170712396106588782
6	5	2	-0.00053063129380015948942	-0.0026447581125371845238	-0.0018795381733963977596	0.0055218424611104639441	0.0062907393148914723252	-0.0058703318151646054213
6	5	3	0.00084819478322918173772	0.0028463706410151402501	-0.00069979776861184056404	-0.0058307670881117788786	-0.00053005995210529579641	0.0040252038648226837192
6	5	4	-0.0022736665082569063219	0.0006930775376138251535	0.0017523294344591714995	0.0032063425686253517119	0.0012200879693113949459	-0.0050475445172024277496
6	5	5	0.0016697987337877268771	-0.0011834980816074021012	-0.0011038732819535204341	-0.0011447633216575346226	-0.00089988519859175199189	0.0025649610195864172742
6	5	6	-0.00041631876947649607825	0.0031646591514439990564	0.0025749072994391730869	0.0018364423729429668521	-0.0017294373133894815845	-0.0046950277955631379914
6	5	7	-0.00068929007103549428184	-0.0036380196996472382968	-0.0052016839560991637303	0.00013315220371382539204	0.0043063086009583976393	0.0030231938827591864696
6	5	8	0.0021505073343211973148	0.00011717937583520280048	0.0037426941672454665765	-0.0047243823747484970516	-0.003952064355269314759	0.0028648544523414082655
6	6	-8	0.0062478824006940618732	-0.0074726677542961209011	0.00047742116496497371018	0.013689841361553779439	0.0050439776742442765656	0.0046628802054432443372
6	6	-7	-0.0027143447608210346904	0.0068868173654534911923	-0.0033951757175962036552	-0.0090169725782213872717	-0.0052367318386433471533	-0.0018258473252296244984
6	6	-6	-0.0046359975905561363191	-0.0041626001863458014438	0.0026735992240497540376	0.0057765444927014982998	-0.0019623983665063822815	0.0016139443063556966392
6	6	-5	0.0018178950132230267678	-0.00011766458865932373642	-0.0013774899808071886919	0.0021503813621366611904	0.00052848603889900564769	0.0024392601281728047875
6	6	-4	-0.0026431774055311230316	0.0029512582409528262742	0.0042570937810238783719	-0.0033868448383204833099	0.0024208745632391336609	-0.00065337989605148555361
6	6	-3	-0.0018636379100304301549	-0.0033978562658625185121	0.003070192086980544962	0.0031608860541832884024	0.0024131083539002296141	-0.00047394042335846043625
6	6	-2	0.0030040976355073397384	0.003430774535255824622	-0.0036477598746985258338	-0.0026347392076002140206	-0.0019309867175735587197	0.0023881059829668318042
6	6	-1	-0.0048211226848948159421	-0.0027174755348596925722	0.004740659078662151811	0.0019801098076438657103	-0.00048278163739598749672	-0.0044241943632949594367
6	6	0	0.010532506009442485495	0.00031548901226385330475	-0.010532506009442485495	-0.00031548901226385330475	0.00025427763528496343404	0.0043377507676705968215
6	6	1	-0.0044159255099170029515	0.0017879706074994375278	0.0059502530447012617551	-0.0019355491802481492557	-0.0092059652087055528213	0.00088547143649227047588
6	6	2	0.0026957242802010139039	-0.0028134594068879074068	-0.0039146645685887559302	0.0038944045288434232278	0.0036568208651632265124	-0.0032428353658665478969
6	6	3	8.3084873593479002113e-05	0.0058601349952624517958	0.0010065271185205021225	-0.0063832148071681429902	-0.0021792239842279622491	0.0010461596238113836897
6	6	4	-0.0019008246057109952094	-0.0015138755223889125388	0.0013187245282168390433	0.0031885317601724298686	0.00087315011624123435759	-0.0025119843566752762115
6	6	5	0.0026939845955363454603	-0.00057859630031791356441	-0.0022678978861974327663	-0.0027601206574183654273	-0.00051130405120669510273	0.004006460349283535137
6	6	6	-0.0026685131293467658983	0.003197963005182865269	0.0035486604062869874822	0.0035325488940645705799	-0.00088014727694022169228	-0.0067305118992474358489
6	6	7	-0.0011452463690978811027	-0.0025671233860097763743	-0.0046011746324471662281	-0.0011013679070714266651	0.0049255037156100403214	0.0031444211083553170148
6	6	8	0.0015122236299627974613	0.0024504114740524058323	0.0092617803364824120849	-0.0012768897157398946714	-0.0080805029748339078643	-0.00088014131873438315387
6	7	-8	0.017813352648176711268	-0.0070936104906531008071	-0.010256976361714551654	0.015566485971390490312	0.0043851601696322994525	0.0083004673569768549352
6	7	-7	-0.0096271592842160375741	0.011781219524372254712	0.00091650935246412649181	-0.011874958007004042873	-0.0073353414625781914599	-0.0017767698432563960084
6	7	-6	0.003400298002303567442	-0.0075543406907667559613	-0.0018336573577164346372	0.0047647845721517289794	0.0012610310849677272126	-0.001995425356589739397
6	7	-5	5.3496243997837035185e-05	0.0068409484651212933842	-5.5053988735983985878e-05	-0.0037348853508046928745	-1.288009143297314004e-05	0.0029802986670189818633
6	7	-4	-0.0075692552235220259688	-0.0019838407000836986473	0.0049234652077970201753	0.00073536691582715325594	-0.0027378187216382525622	-0.0016888689474280299627
6	7	-3	0.0055354663610386522707	-0.0010364814925556396254	-0.004798651938552271623	0.0023064723375196332852	-0.00012592180121132892038	0.0033088058024345317482
6	7	-2	-0.0028222599641975773879	0.0054948416176927228002	0.001177178089852702397	-0.0040010515283611120668	-0.0043466565781082738829	0.0024808445038142752995
6	7	-1	-0.00037646996095238471252	-0.0066341477593976150642	0.00052457130933361464757	0.0051459613077288824182	0.0014131793996209943663	-0.0037831574022835169277
6	7	0	0.0038849509107850800291	0.0044147239329196440519	-0.0033299579235300685344	-0.0037840490853596948397	0.0017330861143095557461	0.0038723942591504523225
6	7	1	-0.004232857555361937453	-0.0019172507538992352577	0.0049295098717406600139	0.0017467542575504717197	-0.0091094237700129962465	-0.0007237752794578899496
6	7	2	0.0027006180349403766626	0.00020946057077354454786	-0.0033398810416549727133	0.00073942877730550314857	0.0035877295409712742918	-0.003216382432889894772
6	7	3	-0.0013921308192904892874	0.0031415808143962385343	0.0016243869086684343487	-0.0029389663653930139103	-0.0010059744816453683111	0.0005744265571245545576
6	7	4	0.00053156187434579438983	-0.0014176279529548281924	-0.00095668460790818740224	0.0023884790808817047553	0.00087685525232063634207	-0.0020533964621107410331
6	7	5	-0.00076420990063700959278	-0.00044200271026948720126	0.0018594839363516699107	-0.001511678519644143277	-0.0016862256301279263636	0.0026467531798251850775
6	7	6	-0.00072264591326865260101	0.0040323971596196691095	0.00051074957368567308873	0.00082225376457165241188	0.00012677141063536731275	-0.0049916932182865964354
6	7	7	0.00062246964126949925946	-0.0053993316850146884714	-0.0032424655352406802668	-0.0016624481980614174911	0.0027089201284382527328	0.0062904467852168645045
6	7	8	0.0061175806640943854522	0.0085484148080639740797	0.006228459070871435882	0.0015073609150706122894	-0.010038087185083295269	-0.0077302519067347658793
6	8	-8	0.012102446693480040096	0.0044573933029503727196	-0.0070924935888878916368	0.0049639251774822217358	0.0019843414312221388691	0.0083069701546950001914
6	8	-7	-0.0202071879380690822	0.0047205572438625276188	0.0070145200245532238204	-0.0091711414074833828153	-0.0093038524902840993858	-0.006435112542384555448
6	8	-6	0.0085763210531584355839	-0.0077681176205715938426	0.00085194329542082557725	0.0044268511065026798154	0.009712245447052869976	-0.0018656494785680211891
6	8	-5	-0.0046589321440843496636	0.0073262430653133047559	0.0031745332645084518158	-0.0027664691679433633421	-0.0005114653496876968861	0.0043651410096665838392
6	8	-4	0.0010244159248121202047	-0.0063569230667617554129	-0.00081569736921035574957	0.0034251868080456501255	-9.4770851202531273356e-05	-0.0026850109840513328684
6	8	-3	0.0043513051092390316391	0.002284035586975655379	-0.0035513131858981579307	-0.00123171472754371133	-0.00076755827725035765362	0.0012834985671680804002
6	8	-2	-0.0034450036182732484379	0.00089648377096587632002	0.0017162276194704491859	-0.0014000142335315692889	-0.0034701003769379485699	-0.0029106056212286480871
6	8	-1	0.0017826638478127421888	-0.0017390092819987391579	-0.00080817713082810506073	0.00097838915265580778113	0.0042305660402516126473	-0.0026069424707459726981
6	8	0	0.00087555492421731440089	0.0021684604761221001716	-0.00065666619316298580067	-0.0016263453570915750203	-0.003066761903739343223	0.0042987224443060004578
6	8	1	0.0024116794377328806646	-0.0023252967438607847345	-0.0013783284080666462906	0.0025593891380187778518	-0.0034434493618641123618	-0.0065233326409855152753
6	8	2	0.00041688622392736438254	-5.4324030929657520493e-05	-0.0011555811407929002677	-1.9309696343450062417e-05	0.003371665891389507598	0.00024021087816277281114
6	8	3	0.0015629882533814093513	-0.0049631480248606375458	-0.00088525141937866079836	0.0035136878531635195796	-0.00076530605508638965395	0.00055646177461855599565
6	8	4	-0.00062597413491707247588	0.0032704860834043285485	-0.00090507463261852078885	-0.0021401067917169755254	0.0027491104676126503457	-0.00062551554167254231394
6	8	5	-0.00018267590687071820444	-0.0066265042991644025269	0.0015016698295131890046	0.0049526705956331323888	-0.0021834606389762407572	2.75322059842703544e-05
6	8	6	-0.0021137280962673934102	0.0034981537045341566487	-7.894034192394057685e-05	-0.0016331915659175460977	0.0022189818854993145769	-0.0013205649499774283016
6	8	7	0.001213059801209442597	-0.010584375053141407974	-0.0024223668101608533502	1.8982527163419801714e-05	0.0017286536677185958266	0.0090506271573630135696
6	8	8	0.0009745560292429275356	0.0070124442231863509667	0.0026059987813242080183	-0.00064160553854432616615	-0.0033369158032564038598	-0.0046177276288454369504
7	-8	-8	0.0014355648034452619943	-0.0042507216398270843832	0.0054458021943108048807	-0.0029915126266459191734	-0.0041896829912962006356	-0.00072786880820277955351
7	-8	-7	0.0030300384418916566018	0.0043139911312004477345	-0.00046414401556979701822	0.0074133577049065382814	0.0035604887453999961751	-0.0041584176744070252066
7	-8	-6	-0.007807516598532020409	-0.0024061568689294930354	-0.0044994323665429863252	-0.010154619451946325995	-0.003109526209563375377	0.010732309588844026263
7	-8	-5	0.0073870649220010116062	-0.0028105704517885246423	0.0081995426201690417567	0.0030928705576074395564	-0.0027773773014690495212	-0.0088833915246758383966
7	-8	-4	-0.00447826983261161507	0.003251739709985637574	-0.010553421139666339587	0.0003616779550768197413	0.013269870072262353669	0.0049671885823212259467
7	-8	-3	0.0052198172350950951606	-0.0072148001421578700568	0.0049667778388170057829	-0.0053139937274623233812	-0.0010651673549567930183	-0.002663883725135499092
7	-8	-2	0.0024219148740614649708	0.0068465459811359874465	0.0020918308580246962498	0.0069896016811281424033	0.00010937862711634120574	-0.0039954957905366109486
7	-8	-1	-0.002579954172322017087	-0.00090148333602794008049	-0.0026328452399613623894	-0.0011017893659832521044	0.0030030827134367799394	0.0025039315756704367058
7	-8	0	0.0050267916073017150647	-0.0038448319567398196901	0.0043984426563890002479	-0.0033642279621473422831	-0.00180953883498063549	0.0052563252380757614218
7	-8	1	0.00049810358845450762675	0.00020035199938676145014	-6.2201395837961282105e-05	-0.00077813397877282729827	-0.0039843362858852440778	-0.0076275358258899488353
7	-8	2	-0.0033984798706273261319	0.00030770132115328892655	-0.001118500744498224491	0.0012614904172002022135	0.0074206765692027441481	0.0039690070447642973941
7	-8	3	-0.00058083590619853063455	-0.0041691694659333191839	-0.0021588082192826357937	-0.0037144077097780161742	-0.0044015381369571235717	-0.00017702513889696405974
7	-8	4	0.0036996538363057956782	-0.002254850405678940177	0.0060882779723978397782	-0.0070688797850502705852	0.005702161731260537228	-0.010191771360162396945
7	-8	5	-0.0067092349668242783067	0.0023618739710524225099	-0.0030782191424555327072	0.0062533857269959592859	0.0044677783256251374713	0.0066987936037201430833
7	-8	6	0.0064213439395359754244	-0.0089309596970978000902	-0.0036261178283950477527	-0.0063781113314851116056	-0.012326391700652035432	0.0019153045379672844865
7	-8	7	-0.0011979355593297264307	0.0097687370401931643282	0.0040959149938617220657	0.0023922823321432425125	0.0058789812666002654387	-0.0070347000891723158664
7	-8	8	-0.0050051088524124516879	-0.006593500662583426028	-0.0028174917374357458071	0.0012101786471512062261	0.0015619785084251490946	0.0069794917269117044342
7	-7	-8	0.0013898827196833988661	-0.0051880112388101853535	0.0070696280917012252823	0.0019229042735704861625	-0.0049697772005155987918	-0.0062220510733330880102
7	-7	-7	0.0036068393551204544489	0.0089042009115663754704	-0.0056208699567217371151	0.003592726193488929385	0.0092277093118421915641	0.0053114747180774465191
7	-7	-6	-0.0068941895432965980342	-0.0027722358730324901145	0.0030558535350786539958	-0.0081559939308088746923	-0.011608383591437794469	0.0062810510674057807787
7	-7	-5	0.0025321008275381979256	0.0033040542028242802196	-0.00013715634613727282847	0.0092435706659919954914	0.0037369600431456590287	-0.0083153230484348007734
7	-7	-4	-0.0051522949279929767044	0.00037223285678105166039	-0.0044759032450954003984	-0.0033341667152147502241	-0.0011836854450707583186	0.0064861992509926535283
7	-7	-3	0.0065128121593005412759	-0.0037443004112259737313	0.0096191455446795453427	-0.0011004598076847229519	-0.007248111232551009489	-0.0061689614082629188468
7	-7	-2	0.00094889350623271939613	0.0014526011129928774034	-0.0012599913624408074202	0.0016386746901074205479	0.0077310970403573443452	-0.0006512575199009004636
7	-7	-1	-0.00084635471571846876589	0.00018187877179118606421	-0.00093398400578860256947	-0.00094221972867937703669	0.00061340503049093695036	0.0078686895032939411371
7	-7	0	0.0018723493167923431577	3.0831380775644362893e-05	0.0018723493167923431577	3.0831380775644362893e-05	-0.0037725672812664919759	-0.0042098621918016101637
7	-7	1	0.00049333167614952705762	0.0014484036154920327914	0.0010463820057695063983	0.0012030218001285420629	0.0038713523073398547342	-0.0017176727075444359668
7	-7	2	-0.0012409822609317949001	-0.00023072502484954547381	-0.001643872221078153395	0.0016690908586106056009	-0.0014101148605122546236	0.0066493555921105281653
7	-7	3	0.0026907395763085114812	-0.002740565840780422209	-0.00064746305549607965999	-0.005200845814725092893	-0.0077891394742107128435	-0.0057406532725375637727
7	-7	4	-0.001182700191893087862	0.0052876378815284877724	0.0027625577150921084776	0.0053962359729939970987	0.0069042013372240937027	0.00019004666006464240521
7	-7	5	-0.0076528337445272197684	-0.0041580299647398068566	-0.0069414230390218928726	-0.00082113822626086324652	0.00099597498770745722038	0.0046716484338705207072
7	-7	6	0.0089411169832830945242	-0.0033777627564988590807	0.0031499779335017403029	-0.0066393064453012171078	-0.0067563288914115797804	-0.003805134303602751393
7	-7	7	-0.0071211530795959139192	0.0097436650766436327248	0.0017737363038084924018	0.0067307488407135048283	0.0088948893834044067547	-0.0030129162359301283301
7	-7	8	0.0013456827428860115587	-0.01070516460835420694	-0.0045071831226647851229	0.0010992489979341454106	-0.0051212576323569469067	0.010328861905502308496
7	-6	-8	0.0077785735573389410552	-0.0065204205837232900519	0.0060268616568609906237	0.0073496686405834068048	0.0022861056200258302387	-0.01121761949119543314
7	-6	-7	-0.00018856482928985031085	0.009601645757521004923	-0.0049350127791027180099	-0.0013558211467412058845	0.0040414461242267649133	0.010763778169013468039
7	-6	-6	-0.0025705459383449699023	-0.0070180837506193128467	0.0094406854187755878671	-0.00089122369590607095676	-0.012439655680178051886	-0.0072965406798164607338
7	-6	-5	0.0020429339384405065423	0.0052503700760554109644	-0.0040349844265085794623	0.0082215240036812749225	0.0077020888256270044273	-0.0025153106979399534292
7	-6	-4	-0.0062437455018083580852	-0.0029478351544062449466	-0.0028298609612306471761	-0.0074411816905796410518	-0.0066817631863186552343	0.0060030610156585322706
7	-6	-3	0.0042275861724214323575	-0.00089154098022178321012	0.0042761189171960480374	0.0012599396100758963359	0.0013121299012579137715	-0.004600141507335953929
7	-6	-2	-0.0015682791169742175356	0.0033763910161634012007	-0.0034751489196591742875	0.002477093662032171361	0.0049364698495677613796	0.0043860875704753894688
7	-6	-1	0.00038981345320879230232	-0.001846432217443535681	0.0014335472624176252496	-0.0023907831755314778652	-0.005872589402044205327	0.0014196735310841163396
7	-6	0	0.00016054221403493081966	0.0010830565124556560275	0.00018729924970741930316	0.0012635659311982655462	0.0041376017209558638849	-0.0038515183862876225043
7	-6	1	-0.00018695619179521396464	-0.0019502654008391700872	-0.00093911596280301377123	-0.0017207962510273698119	-0.0043260024342515850104	0.0033270802997099717391
7	-6	2	5.3438692856980890398e-06	0.00082632863536590158132	-0.00023183722290626740154	0.00081640162287338580941	-0.00071421521121874554251	-0.00044294535516049799795
7	-6	3	0.00086601556939704387329	-0.00043102471665193252534	0.0021479359390520745034	-0.0020471662538612826927	0.0022751688828443797884	-0.0030886081688680558886
7	-6	4	-0.0018225657795177922782	0.0022594121644424181548	0.00080914607552512983219	0.0035338170287502442338	0.0044032092274438310725	0.0013467542553511344713
7	-6	5	-0.0031348341902715142274	-0.004284089907885175498	-0.0051439063154834104019	-0.0041230853720758565278	-0.0017839197121999727375	0.0010500234245482190348
7	-6	6	0.0079425786769026732875	0.0022414366788191795489	0.005004945167554366442	-0.0020882452506764885396	-0.0042613966221654205058	-0.0047032547092988648968
7	-6	7	-0.0070825495356772114053	0.0028683691471038269029	-0.00072350779418518210585	0.0044243636908488145204	0.0064623999978041983885	0.00092394258790944310423
7	-6	8	0.0058734936915997250015	-0.012248022929637744291	-0.0061698256682362114661	-0.0024822220737955682547	-0.0097666762313269178675	0.0088553535080863506057
7	-5	-8	0.0095456720231594707066	-0.0015269119714593705657	0.00052748269008652580794	0.0063267726138477951153	0.0080227863389604574251	-0.0052902808586818214631
7	-5	-7	-0.0068766182389393458799	0.0070404452090314052423	-0.0013987279893382259261	-0.0041443997864657970004	-0.0058775268179834701254	0.010000730770792689434
7	-5	-6	0.0022358789526313940788	-0.0077824692105925028299	0.0082813071819136333668	0.0035218421683606616381	-0.004292563873524735292	-0.012014415885991804739
7	-5	-5	0.0022516412357624893646	0.0069607438357438995713	-0.004179913324341189701	0.0029634898917117362752	0.0073322110544086745512	0.0067815514783297232981
7	-5	-4	-0.0033293198118422972359	-0.00092143193396946286577	0.0006426779525122667874	-0.0038297630507935797629	-0.0066296571113643532405	0.0031746979290454145801
7	-5	-3	0.0020790522887034076048	-0.00080887305112629969209	9.7940537138947335229e-05	0.00094298353713686124209	0.0046878877784097055734	-0.0034590096811894679822
7	-5	-2	-0.0017187141948965221905	0.0018564739261685296503	-0.002425836188797092334	0.00046135772219835647755	4.9090789854902822759e-05	0.0053442644360939626363
7	-5	-1	0.0018517141368358180312	-0.00070680447313718839514	0.0033405078407744343873	-0.00042243355974952342393	-0.0037405402460214468019	-0.0028354635132127013752
7	-5	0	-0.0014381672117844889955	-0.00015040535036426350168	-0.0020134340964982843335	-0.00021056749050996892403	0.0055326706100695521168	0.00053141046703449555926
7	-5	1	0.00097499765538914130291	-0.0015147302710914894736	0.00043161838461498036731	-0.0017261111826033955201	-0.0046668916646490869043	0.0019725559846234478473
7	-5	2	-0.00079492863643149266027	0.0015437199425899299741	-0.00037409957761359749311	0.0017798521470394892616	0.001847001283476230795	-0.00095338943146603186401
7	-5	3	0.0010673289034729967033	-0.0013839263199089692734	0.00013967484078458573035	-0.00071943419186113897936	-0.0022576427067960160543	0.0020301044266856967807
7	-5	4	0.00021089517494229180592	0.0027249221257980749296	0.0007695767451627361002	0.0021737741600763508913	0.00059290437530440940391	-0.0020513960200511925126
7	-5	5	-0.00040446452880602262042	-0.0043792791025986628831	-0.0021165207282639658323	-0.0033133595955383877973	-0.0015502703879355340336	0.0028176311480997400655
7	-5	6	0.004457567117089517722	0.0023566746119323238318	0.0023148204080426118372	0.00020660898198503009951	-0.003271477963235594217	-0.002577279562266852897
7	-5	7	-0.006148144224577299817	0.0008097375014396501541	-0.0016713489297916872371	0.0022247600876842796476	0.0049543235604403799283	0.00077937684690626378697
7	-5	8	0.0060330141845133002099	-0.0049237629014897673144	-0.0055037110580217415978	-0.0024969999057440034167	-0.0087187068227127257486	0.002747667597713544102
7	-4	-8	0.011494276457199682079	0.0066977556252378134607	-0.0025865399119531194694	0.0082437893424298323841	0.011350761856026281987	0.0017386415008681706945
7	-4	-7	-0.01004637013679582011	-0.00073342732702202071988	0.00016194572448852904674	-0.0050722673705420693452	-0.010138910550789264134	0.0021650111704305907527
7	-4	-6	0.0066178217779172847021	-0.003412009796387775306	0.0022464886584453469011	0.0032442858949264727353	0.0062231329686066013188	-0.0061435353590700535198
7	-4	-5	-0.0027971747581884182261	0.0034269683127736618594	-0.0029833470459578351024	0.00015433648345742636242	-0.0015293670246975172612	0.0046742864511171858602
7	-4	-4	-0.0032895230693881262474	-0.0031344287804115932884	-0.00059517205381126603043	-0.0038231333342299885641	-0.0051614933176179550109	-0.0016621170314902991485
7	-4	-3	0.0014728035212453402525	0.00046905806118806221998	0.0023014045984370346855	0.0013593755539769208831	0.0003680020849897475306	-0.00071803192919708260997
7	-4	-2	-0.0011299108415407529103	-0.00085048714671736864567	-0.0029301713642318487525	-0.0018656162198588102565	0.0019056547830710623189	0.00075452742620683019899
7	-4	-1	0.0016869682418961407661	0.00094296118671447013825	0.003537175085448224926	0.0016063674273130686479	-0.0023399226485199134742	0.00017525859774901656591
7	-4	0	-0.0014411752260257964381	-0.00030084526581452381792	-0.0025220566455451437667	-0.00052647921517541670846	0.0019646608849271545751	-0.0013314262956658352681
7	-4	1	0.0015374614203565988707	-0.0015917406729629266122	0.0028270754369266039123	-0.0035845213577627692975	0.00054607180521022409634	-0.0031959007203105900367
7	-4	2	-0.0012207082393389425811	-0.0011133430525188045546	-0.0017982819293379799334	-8.3602209513976673749e-05	0.00067591497901033927541	0.0037294962647878627561
7	-4	3	0.0014011116843405159189	0.0015206542577425380056	-0.00026646997448398436394	0.001638935082182741516	-0.0036245538961065162237	-0.001362946491822266586
7	-4	4	-0.0022498243054765616755	0.0017424017234600876029	-0.0014056893707923012737	0.0012381712555912490533	0.0025315031637916812247	-0.0018110317604639041434
7	-4	5	-9.7536734902870487834e-05	-0.0037041941225873695719	-0.0015120300131328189789	-0.0023687417996355181193	-0.0010730725816422365462	0.0032908783319139027317
7	-4	6	0.0048446789474822053723	0.0037039790950301101219	0.0026826862352437308434	-0.00018024778154558733197	-0.003863667948566752372	-0.0044414741318988537611
7	-4	7	-0.0039260335855994922885	-0.00014519585005371587506	-0.0044415587744353578203	0.0010490109828616431611	0.0013880000002078594652	0.00074463069740322623737
7	-4	8	0.0085066177037091909169	-0.0033448738528246584924	-0.0042904061583114386919	-0.0087495705956015020627	-0.009588493569901261615	-0.0014480206765791750131
7	-3	-8	-2.7074043242978346186e-05	0.0079905877259712626559	-0.0049823180882374263831	0.0014844395435096979091	0.0018446794952514287361	0.0064350994314087183248
7	-3	-7	-0.0041391092114303369709	-0.0072369158172271496818	0.0038358093906769585857	-0.0049228054871830410205	-0.0057830275217204624508	-0.0051271420370058466351
7	-3	-6	0.0036040335817446663043	0.0024348606786996226069	-0.0010800553548158378561	0.004183411827689482651	0.0047447335227766961746	0.00074896487797148541057
7	-3	-5	-0.0032018777547243733837	0.0024313403940817049191	-0.0037476285666237208437	0.0016805597591676149291	-0.0022340517166398901443	0.0023955406962138177558
7	-3	-4	-0.0007162128222854029962	-0.0019169224891387958137	0.0013112199741105226829	-0.0035945713333823754894	-0.0022367874195823472284	-0.00065868585595611089424
7	-3	-3	0.0011521589451213608626	-0.0025854860200223879485	0.0023543129104205734632	0.0024774136980423087755	0.00033405796152926882066	-0.0085102144114278816672
7	-3	-2	0.00048940714743163718243	-0.0013800082292221263654	-0.00042526657734263446529	-0.0048625262925064624553	0.0023508248820246820804	0.0024637606364822511873
7	-3	-1	0.0011400904505769837802	0.0015649099596366977585	0.00097011186058758780079	0.0039101403224188063801	0.0050702975722761237098	-0.00077605124979953537308
7	-3	0	-0.00091274184863288510949	-0.00058495149099418574257	-0.0021297309801433985527	-0.0013648868123197668411	-0.0029270670111762645514	0.0055109170906511078733
7	-3	1	0.0012858914231790106574	0.00031657504511382140782	0.0028530770690545180501	-0.0012654593667321501014	-0.00044200875508952066836	-0.0060124034159932003216
7	-3	2	-0.0029337382500268754763	-0.0020331158408622845846	-0.0038522338563888162445	-0.00099399785248379377879	0.0044897330905108393667	0.0056249086642923057031
7	-3	3	-0.00010569292954818548488	0.0024233236432474537965	-0.00014926752833048314195	0.001838652623764706201	9.7349307281949633503e-05	-0.0038157692104793523684
7	-3	4	-0.00068015394504556043499	-0.0006401439240933813786	-0.00067058510689194485762	-0.0027591381212162288498	0.00068733057366077209092	-0.00094910172374875433326
7	-3	5	0.0016134969477652450452	-0.0039264682320195205822	0.0012804610254554091471	-0.0017811721691869896421	-0.0014906191115980976184	0.0044283522233151354636
7	-3	6	0.0032970082937046939556	0.0037533297089566044873	0.0018865391981814007717	0.0014829481298641556623	-0.002903240076898109482	-0.0036374105955172941068
7	-3	7	-0.0072605501160668021662	-0.0012118841419504946394	-0.0037049346246882698674	0.0018084210296233323764	0.0056727209912004012901	0.0019869217260747797267
7	-3	8	0.0069382259131485751052	-0.0023344034454399805595	0.00074795652588714083356	-0.0029063932337099421949	-0.0057904639767973253503	0.00095270555211875444963
7	-2	-8	-0.0046416906241451075243	0.003309562588499402689	-0.0071297312444763005779	-0.0024178034341146383869	-0.0022790464850078939393	0.0035003181234656371122
7	-2	-7	-0.00032265611501917657858	-0.006632971037381340737	0.0060802040631426843009	-0.0036166102504730994298	-0.002059857275917086495	-0.0055996538229604545661
7	-2	-6	0.001893692161775152507	0.0040528493448378690583	-0.0025942467991178774778	0.004754803861640334757	0.0030740564551103039675	0.0031433896150974021712
7	-2	-5	-0.0024191913829830560823	-0.0024728591788309747627	-0.0035284609526833581733	-0.0052209273708092376887	-0.001975483555102935506	-0.0013736319020396694623
7	-2	-4	0.00080258476076794577677	-0.0011600072874721682574	0.0085103437597279507631	-0.0011466911131995649858	-0.0028506485485200699741	-0.0014566671964765119576
7	-2	-3	0.00043401419732666497242	0.0024217615566815863838	-0.0033321711412148406935	0.0045642496244496372215	0.0032341472212387787494	0.0026079438826239428363
7	-2	-2	0.00072343026947922989614	-0.0015174976010363272916	0.00078288132240939771033	-0.0041018109663188617384	0.0017491246207679070346	-0.0012094306373082841077
7	-2	-1	-0.0010380123828667301225	0.0016720757195584326667	-0.0041431748016994519521	0.0054103612679244350581	0.0010202629233317934802	0.0008838075010601592011
7	-2	0	-0.00070199479501035794843	-0.00043298340015161682287	-0.0024569817825362528195	-0.0015154419005306589072	-0.0043334975593702310809	-0.0036911030175130242828
7	-2	1	0.0011982863932980063713	0.0011235914464971985451	0.0070800397132957460303	0.0035915251025065934171	0.0057720746735054470275	-0.00068208992046720406596
7	-2	2	0.0010973744705494623778	0.00032260826323363416164	-0.0042697705803656652371	0.00093641799264873603909	-0.0081105812272887836678	-0.00019271092866898358086
7	-2	3	-0.00019031601819788202912	0.0012076643885536612541	0.00061998429936930003932	-0.00075139803601386833797	0.00085739357537459141845	-0.0033188155973011218905
7	-2	4	-0.00028690092808019183402	-0.0011966035251664893652	0.0011196501369084615931	0.00078089747444430601415	0.0010619016925945664112	0.0024845049062635093419
7	-2	5	0.0034700385050408870911	-0.00024853266722866602023	0.00060704723994590753435	0.0012856901029184289106	-0.0046152350110788787838	0.00086222177528750404678
7	-2	6	0.00031532186560136692263	0.005074304235730693613	-0.0003412924474552087202	-0.00045580731859119153621	-0.00048163965901999760463	-0.0060719573812162063939
7	-2	7	-0.0031266148957987227423	-0.0053748821250332000365	0.00073992613400445988916	-0.0006991086706270508962	0.0033380223626571399465	0.0051751367905683281351
7	-2	8	0.0064933751393658678194	0.0016313821988555054273	-0.00042076718729725198602	-0.0034711636057736649369	-0.0057868950437694466338	-0.0022952503254419832392
7	-1	-8	-0.0063409408251553812941	-0.0020251685587283898768	-0.0032523344286463379965	-0.00870436579430786464	-0.0051417814184301661659	-0.00068397676459885795378
7	-1	-7	0.0044711451803290400489	-0.0037369133815392295908	0.0093308170620413823787	0.0027992128597297645173	0.0031381713143231286522	-0.0041368009329291960743
7	-1	-6	-0.0023657079196685768495	0.0056308855331258572327	-0.0061858365980799858222	0.0029346215105766175479	-0.0017290198066000086151	0.0060802628702173976138
7	-1	-5	-0.0026855891272914342825	-0.0035425771937159723952	0.0015357919225167922326	-0.012147271705507264872	-0.0040669831627113666589	-0.0025301537301009079453
7	-1	-4	-0.00043662017339754521407	0.00032485843493396538827	0.0053091916530106433858	0.0094747512584312781198	-0.0020913832166983650253	-0.0018001855534733801276
7	-1	-3	-0.00042974252850825500226	0.0035802797903203907419	-0.0089783285843632702761	0.0041475222611632922218	0.001990043628268494888	0.0069714787570264811351
7	-1	-2	0.00049363190891171207942	-0.00015312675399989776636	0.0047712282387238798276	0.00063833093455100547997	-0.00065790243817094769003	-0.00085510910627514499002
7	-1	-1	-0.00013720566640017492249	-3.0968877602747362507e-05	-0.0021837109819676523217	0.0018518424235656062282	0.001223271317166428054	-0.0020686245667848376234
7	-1	0	0.00040794279460428688796	-0.00076527771736680655357	0.0028555995622300081073	-0.005356944021567645875	0.00043176046179750594226	1.77210382541059023e-05
7	-1	1	5.6535921182439911859e-05	0.0001027502360394608351	0.0020355428916862092388	0.0032300808301852315142	0.0016397914434091297609	0.0025108291779090056821
7	-1	2	0.0014608211715705845136	-0.00051152874483190342858	-0.0042248461437440435612	-0.0056477022217997939132	-0.0072252971723690672529	-0.0010335005039882349566
7	-1	3	-0.0018891943456271385274	0.00048298721345112032022	0.0036686585094945090707	0.0030305743313567765074	0.005631006309628159949	-0.00011677872093368846511
7	-1	4	-9.8558326030116868744e-07	-0.0040188838470726030369	-0.0014842648659279050142	0.003902441007755809866	-0.00036934144577644920093	0.0080086569843160065885
7	-1	5	0.0031588328555555073886	0.003481588897687344468	-0.00039058199177011105685	-0.0026724930602439345845	-0.0045004823961317325445	-0.005408723068811069519
7	-1	6	-0.0047758677782762538194	0.0047414696556698854649	-3.9671768474206043297e-05	0.0021647359876427281142	0.0055652337799099284646	-0.0051709252670077447342
7	-1	7	0.00071007047215448048077	-0.0071408400380820078943	-0.0024371122776053535941	7.3786095119407048922e-05	-0.0010582293689552452025	0.0071513809088133515474
7	-1	8	0.00372553685479108318	0.0052011000377260533517	0.00014871350552119060625	-0.0028182904776233581694	-0.0032412555597520487094	-0.004903248842713216725
7	0	-8	0.00029758022007205485199	-0.0042600179345655374286	0.002771292980725523214	-0.0078858323934777856817	0.00026038269256304795484	-0.0037275156927448448163
7	0	-7	0.0020910395682524245478	-0.0020251154322123232979	0.00023750930918528710624	0.0061324038842317700818	0.0020910395682524245478	-0.0020251154322123232979
7	0	-6	-0.00032498126997204196615	0.0072582561678963585308	-0.0098492692466150642133	0.00083869880220840140397	-0.00037914481496738230287	0.0084679655292124178523
7	0	-5	-0.00084741808537747761315	-0.0035173024820588415576	0.0020879538900101003718	-0.0041608578004934549527	-0.0011863853195284686584	-0.0049242234748823783541
7	0	-4	0.0028632265810784609215	-0.0020784321306126906509	0.0014574233478102862228	0.011572133243026737695	0.0050106465168873060706	-0.0036372562285722082054
7	0	-3	-0.0018436987483536587239	0.0031721737347990218957	-0.0039790274980011242772	-0.0025219014757158547332	-0.0043019637461585366611	0.0074017387145310512345
7	0	-2	-0.0012357624377649432772	-0.0020792903159752530381	0.003134712328555397734	-0.0012433980773277977534	-0.0043251685321773012532	-0.0072775161059133860672
7	0	-1	0.00058737932685270968086	-1.3972561314515693899e-05	0.0012602658858245287428	-0.00039103173267563551144	0.004111655287968967766	-9.7807929201609855596e-05
7	0	0	7.1745584559228696739e-43	0	0.0019951087447848681045	-0.00498451576330465225	0.0017889747799544868795	0.0054641996874139984325
7	0	1	-0.00017725863425520634151	-0.00036509274747518701866	-0.00047189170093308143231	0.0038515331425939642804	0.0012408104397864444177	0.0025556492323263089138
7	0	2	0.0015725431029339389643	0.0003908218260935471559	-0.00093922445379643478783	-0.0031565650209486161709	-0.0055039008602687858329	-0.0013678763913274152083
7	0	3	-0.00090467072850859502585	7.9460535188394928536e-06	0.0031023955164410292433	0.0026036473534793861187	0.0021108983665200551326	-1.8540791543958814964e-05
7	0	4	0.001797478000586075382	-0.002922469341648346354	-0.0063007345413119541372	-0.0054515922127152567633	-0.0031455865010256321354	0.0051143213478846063363
7	0	5	0.0014499450322051912147	0.0032673242960941824287	0.0037608240853738363237	-0.0022749860430541870605	-0.0020299230450872675705	-0.0045742540145318555736
7	0	6	-0.0071820885126058489276	0.0002780032653960782976	-0.0034697544330538226433	0.0058690884420690564438	0.008379103264706823026	-0.00032433714296209139238
7	0	7	0.0026060724759198062445	-0.004371318745774158479	-0.002358780291424147392	-0.0014457110177820784586	-0.0026060724759198062445	0.004371318745774158479
7	0	8	-0.0029403601927245658423	0.004967436904205011633	0.0060861361652152839649	-0.0041620835073870885226	0.0025728151686339952205	-0.0043465072911793847452
7	1	-8	0.0040809986959098763434	-0.00069047214395847385671	0.0038778668373472464405	0.0021440027514019661427	0.0040556072135895480935	-0.00033616278203841881613
7	1	-7	0.0047278555959934841571	-0.00018921398902778824866	0.00017109423164008674928	0.003609495527951377819	0.0047522976290849255898	0.00032642822925097998796
7	1	-6	-0.0035148800371233670549	0.0029397727153496100612	-0.003753644592336408646	-0.0013410486698713854244	-0.0047263008086999968443	0.0032062267229293144565
7	1	-5	-0.0024827717253724373991	-0.0038140521087560493724	0.0062728782265805147281	-0.0028768174158386649805	-0.0022213047702053095867	-0.0059150364354262022909
7	1	-4	0.0042322107740692472069	-0.0009146312469815032339	-0.0067288011967585568962	0.0052592788448906635512	0.0057241685554315427376	-0.00028578497099496485284
7	1	-3	-0.0051820931583992048061	0.0017386910099873467781	0.0015300752215857264284	-0.0065542985619319064569	-0.011581525629069569505	0.0018721795026598400408
7	1	-2	-0.00019848578326510005849	-0.0021017667510377447196	-0.0024974663976242068332	0.0027582488349852784387	-0.0019434334402399534858	-0.0059770592111394677329
7	1	-1	6.7747999343883484017e-05	0.00054106931216438324331	-4.4811876033377331279e-05	-0.0011204416131799586464	0.00042942411937380703651	0.0026670435719707238399
7	1	0	0.00028943127119020846047	-0.00019381870608398493413	-0.0020260188983314592233	0.0013567309425878946744	-0.0022610031016025125723	0.0016139011280419562119
7	1	1	0.0001222283749215525401	-0.00012479561156453821487	-0.0015881022079103543874	0.00020938605379336536899	0.00073250358345948647122	0.00066418322715840205379
7	1	2	-0.00055800609585015213936	0.00044449905675732204191	0.0037880450032217092247	0.00039634759765734995252	5.8998833864677949939e-05	-0.0017539204974793020687
7	1	3	-0.0033679492782477480489	-0.00029382073411520246787	0.0037695667308868720941	0.0017772090626401899904	0.0066020260722824547495	9.3178692055409081322e-05
7	1	4	0.0025963310473019552208	-0.0029598118948659093638	-0.0028815656906082906009	-0.00085045073408208449791	-0.0038231879101263493113	0.0053922834995358626467
7	1	5	0.00092958565107515626989	0.0081963885484142521426	0.0026390595356416916145	-0.0052288426520427574995	-0.001829231818633556949	-0.010429175437371401847
7	1	6	-0.0068562646391290725176	-0.0026681041161530226653	0.00062013381416133224466	0.0056149625835877929256	0.0078956197766236954627	0.0021769610382472276942
7	1	7	0.0064716465709319416499	0.0020435240133213792776	-0.0059065516448364692795	-0.0030211200001271898939	-0.0056278534788124457908	-0.0016119354418746378952
7	1	8	-0.0039782354287945286345	0.0018277747902628591666	0.0079779706887086535017	-0.003207395270562394575	0.0024837096641066314096	-0.0011983785326597025302
7	2	-8	0.0039909986102637335856	0.0080460883166543623046	-0.00020337303564086666092	0.0041626459357935749819	0.0034412805250705500934	0.0080809887610209605452
7	2	-7	-0.00082668342210013190559	0.0021273228424969975806	-0.0010649902081501351828	-0.0016965155481132089023	-0.0011309663387144561816	0.0016426041144646523658
7	2	-6	-0.001013802643052935399	-0.00027715997483694583331	-0.0064400937289115041048	0.00060339724988941459069	-0.0033294676598655927394	-0.00012222088734663194196
7	2	-5	0.00093240982607557354282	-0.00094128477507986240205	0.0029853965976641225893	0.0025237179893719584658	0.0024995323955714519523	-0.00030831148936302397653
7	2	-4	0.0023264419719413631689	0.00324627165148851397	-0.0039636041771716080256	0.0062429280915966747084	0.0020894713623115816412	0.0088024394359032375607
7	2	-3	-0.0036860579247986599224	-0.0030721109245980030532	0.0031571206713680252144	0.00047480361094748155725	-0.0064960547102848563428	-0.0068517230834303534392
7	2	-2	0.0035395212269164364957	0.00054245009321267562748	-0.0041206171690870655594	-0.0020356231538142285746	0.0082677071251204617419	-0.00013704782756986387841
7	2	-1	-0.0017355891274905010675	-0.00036931934919435421057	0.006262143427349583201	0.0022263713169933026931	0.0003751629622656592008	0.0018675071896261260206
7	2	0	0.0016623808688104124796	0.00032173484656866820075	-0.0058183330408364437869	-0.0011260719629903387026	-0.0040311378059455765105	-0.00091065264619313445078
7	2	1	-0.00087788564415996214827	0.0015194177794307865258	0.002970602486672837151	-0.0040314873163462914413	0.00020399453577406049198	-0.0025729498233229230152
7	2	2	0.00060082603916661553138	-0.00075385957634179086816	-0.0017396304918176682276	0.0013219435362800218119	-0.00036326064526548591544	0.001316564980916246335
7	2	3	-0.0006566121889287707342	0.0013300700705849610901	0.0013100775616524918624	-0.002703631844120350184	0.00065871006639880384098	-0.0013010756019513425655
7	2	4	0.003231326813367827594	-0.00079865485935497919964	-0.0028425435475710860225	-0.0034463334447374042308	-0.0042335501496081548445	0.0031208127262399155792
7	2	5	-0.0014058986495221611427	0.005190244506329736926	0.0061031336221813274612	-0.004383149499251101644	-0.00047299533954150529795	-0.0055130825091611913857
7	2	6	-0.0020347097863703273585	-0.0045818916319911896784	-0.0048254298910902632125	0.0025234864406726924789	0.0039823047144621369006	0.0045043780904321572764
7	2	7	0.0030993628276080411633	0.001932842367130230667	-0.0058495649818214971727	-0.0050996834565603943457	-0.0014280585470876133378	-0.00047578995097011808971
7	2	8	-0.0033936532637283546403	-6.1898645528175993686e-05	0.0075486428081484660546	0.0031587799892617580283	0.0010822859037251937424	-0.00073553368247828549396
7	3	-8	0.0023921138810855712212	0.0078909111686250605483	-0.0037253816052053348971	0.0033067670831517584351	0.00069608154399787439473	0.0081445849287288367424
7	3	-7	-0.00097945298334928179024	-0.0014842687145416215769	-2.173239808100324138e-05	-0.0045742273574025694993	-0.0009887668682411403058	-0.0034446518677141513623
7	3	-6	0.00077021369489418880106	-4.4452781171473129988e-05	0.00054210285115960995129	0.0028096218456744397572	0.001169634069623025352	0.0013529493448038345648
7	3	-5	0.00018033509873932132583	-6.613571622152230559e-05	0.003351821735967173109	0.00060632991644580342891	0.002263562179815353792	0.00027120794715735084849
7	3	-4	0.00040415818187173197787	0.0013243619656007794838	-0.00096900393213068813925	9.7328461142699150983e-06	-1.9476130822485139782e-05	0.0023249330743870663327
7	3	-3	-0.0050591489143782192653	-0.0031334007619872477658	0.0091326296955665693666	0.0016479282394052283903	-0.0026720511046492761639	-0.0056633402052316834246
7	3	-2	-0.0014906503221061156994	0.0020564556252131369063	0.003110027084663395669	-0.00047355890422537714546	-0.00055223550037631133607	0.0064872563319079128846
7	3	-1	-0.00019139839488974163314	-0.0035417291431149265646	0.000726781521516204807	0.0071174412693287896978	0.0008405558003204228806	-0.0034397801938181181598
7	3	0	-0.00015343020293839514643	0.0029113034236130258016	0.00035800380685625533264	-0.0067930413217637273041	-0.0014522947767686335968	-0.0019856689510185433246
7	3	1	-0.0019024778247257855684	-0.003087903432949826079	0.0039648046544013696227	0.0070693058506206413183	0.0014229308098763907616	0.00040740647878685724284
7	3	2	0.0031490181994685553443	0.001710106659910511518	-0.0055177479478016140321	-0.0020448488920038758627	-0.0027449417764375226569	-0.0029180999716809760854
7	3	3	-0.0010566637020513883812	-0.000321813512946142325	0.0021106506157276623721	-0.0017828936551264611306	0.00035489802239224385073	0.0025337918520007933487
7	3	4	0.0011759217565924658892	3.2192004750511791632e-05	-0.0021331698209963801185	-0.0015460373459282822188	-0.00045798570828953043396	0.0011031920011328158644
7	3	5	-0.0012711593270612329184	0.0017429973449303362825	0.0029927189344741878148	0.0010475990370890696322	-1.6008302798786630913e-05	-0.0030687557051559126615
7	3	6	-0.0011546489923622478037	-0.0025563636884951717633	-0.0018902275121978069205	0.0039013426730025988799	0.0022922042471881926007	0.0010317529667430676895
7	3	7	0.0017011139446904473705	0.0028692485297123569016	-0.00093816658849357986542	-0.0078759323979982337471	-0.0012990425496217704402	0.00050615106942974324479
7	3	8	-0.00025955661117862358642	-0.00048807350195690952371	0.0047246214770412606893	0.0047045731522520738838	-0.0015446210191091770594	-0.0013371506178822319816
7	4	-8	-0.0024912748413194085902	-0.00049084390361184499288	-0.011662686845195302868	0.0028786403669232999217	-0.0080112089087521348718	0.0010098317678012855379
7	4	-7	-0.0029928453394949885991	-0.0014128634938331083998	0.0054204331931943811745	-0.00099885442093161072238	0.00010454505661608648947	-0.0019836374486511716697
7	4	-6	-3.6089940503906016835e-05	0.00077407516756329585762	4.1921726146447551274e-05	0.0037312639217734607996	-1.4157113156925319356e-05	0.0033905969766728190698
7	4	-5	-0.00050697415981885258444	-0.0012706414960707134582	0.0005848527266861888339	-0.0017522670424269127382	-0.00024188164239744263783	-0.0031807117284405289452
7	4	-4	-0.0015814237300313560997	0.0014551324510631723132	0.0020507545973198889819	-0.0011501076886524781804	-0.00071673693023498435527	0.0013963741007080733136
7	4	-3	-0.0013201289896510267664	-0.0025719987560613951673	0.0026404042044490174529	0.0043822776230271849249	0.00044023796341296041797	-0.00015829360010700924848
7	4	-2	0.0012013916650936910628	0.0015676735954709231178	-0.0020292791528400315818	-0.0025822467427515094496	0.00014631252214785542081	0.00032236409864521228417
7	4	-1	-0.00051661310187341841476	-0.0008957840433001860829	0.00088072267142772170476	0.001929484470314118353	-9.3401027403041935186e-05	0.0014474495781551708316
7	4	0	0.0020848452930765540118	0.0026880396768931727296	-0.0036484792628839694123	-0.0047040694345630521683	-0.0025535431237967984655	0.0010377857235824960568
7	4	1	-0.00082332826280245396781	-0.0017457422579954754577	0.0013954051553460747152	0.0030630555393783920684	0.00018167721823287853429	-3.202635154523985982e-05
7	4	2	0.0023932366062007505957	0.0010734443168879134831	-0.0055365746416196591484	-0.0027151205873407625174	0.0026968211615366901278	0.001673186065573828386
7	4	3	-0.00030120009300878801146	0.00076941365265040153731	0.00038217694203826919072	0.00029376186365638097151	0.0001932309609694797905	-0.0021869810077261115852
7	4	4	0.001713174703148955761	-0.00091508817596402372476	-0.0040084657159656427936	-0.00076572239838693871138	0.001010409985454970537	0.0023671267063239804194
7	4	5	-0.0012322262260515859811	0.002234984678393928028	0.004761378809467733432	-0.0017229702000854337819	-0.0020839863311019660684	-0.0017506023896831524739
7	4	6	-0.00015610735211081386894	-0.0032015275807678964665	-0.0061768960858228491237	0.0037325349706400245443	0.0043000559680111821725	0.0012467588638025294424
7	4	7	0.0012413123317657169531	0.0015668460330714652651	0.0031841386179269127489	-0.0079608415596482962062	-0.0030608201134382385239	0.0029822062867275612313
7	4	8	-0.0013595440011041123179	-0.0027875258175467615245	0.0032448918995625821576	0.011744094209195457892	-0.00043284494881519296324	-0.0034329620142443122328
7	5	-8	-0.0029782332253169598035	0.00057602615461335650478	-0.010312264462620885849	-0.0062952631226844664794	-0.009051119361290393267	-0.003430516566391104364
7	5	-7	-0.0009091795445493419019	5.7368851639214922913e-05	0.010286519041112269016	0.00081259867231084858229	0.0064383340562451357031	0.00063779647471839246136
7	5	-6	0.0017612338913183182669	0.0020953554365130866617	-0.00490160262032180577	0.0019766582172138715164	-0.0020298959770634669025	0.0040917965236101604132
7	5	-5	-0.00041184245348525335513	-0.0012154872474824643305	0.0020347719190720028534	-0.003802427414034208978	0.0014581924841926480804	-0.005504109560509658737
7	5	-4	0.00066922318054834963996	0.00099774676468446623148	0.00015190316116921035502	0.0019969778176419151518	0.0013610195174211248137	0.0042422791102502098448
7	5	-3	0.00072797514714440761559	-0.0028351393785078960082	-0.0026628576175710383898	0.0032834680880595469576	-0.0027394873526147794744	-0.0011428784030858459009
7	5	-2	0.0019003067179375104836	0.00026559309911419124979	-0.0012085669264395235145	-0.0016232353050933793787	0.0036296561966824782315	-0.0031285124158337788286
7	5	-1	0.0020749207765413291323	-0.0017097703212307067445	-0.0029628675303071182016	0.0031101584656052852496	-0.00028989221574628778718	0.0035824000794114786023
7	5	0	-8.9882214786426726572e-05	0.0016925479727657420648	0.00012583510070099740365	-0.0023695671618720391509	0.00054707018223715991097	-0.00080695002683462964226
7	5	1	-0.00056344338270805822966	-0.0030636192329429275984	0.00049455888096525319787	0.004493408587225730666	0.0014713092741301416182	-0.0010217083055281586234
7	5	2	0.00082398725122508173664	0.00087983611787488839526	-0.0010519872588895631035	-0.0013565114661196059354	-0.000253987232063878428	0.00031185225273690534657
7	5	3	-0.0036351319075143221499	0.00041706170301549795858	0.0034798840045502225406	0.00064986903144635546972	0.0026821677766163806375	-0.0020562590261134208389
7	5	4	0.0015754519032628335178	-0.0015050707201771690476	-0.0022380102298878079212	-0.00012940020754963007144	4.0471956649801028427e-05	0.0027956240197470833345
7	5	5	-0.00083078895529985587794	0.0018492530325275157582	0.0033833333040849166221	0.0013431464893043671294	-0.0022202287666651184146	-0.0039321007348428888006
7	5	6	-0.0014430668072864588289	-0.0025262628064965605458	-0.0044369472450569323249	0.00019575545984092600996	0.0053810339793816455711	0.0027841770577118822409
7	5	7	0.0026143183299968965859	0.0012540267874686784715	0.0046058721160089095142	-0.0056354013850532557253	-0.005904226984288975244	0.0027712599161407898418
7	5	8	-0.0024172611010780989914	0.0019914075345011440256	-0.0010462761038404592984	0.010245363069919551438	0.0027690260283436238416	-0.008145833511388219858
7	6	-8	-0.0014512913552279956258	0.011862013902906346288	-0.0081922736512646601725	-0.020826101787863038339	-0.007414085174272991817	-0.0052403141758542264028
7	6	-7	-0.0026890658637196821791	-0.0074131542434646017017	0.0099908964089905592798	0.010085931879878070813	0.0058745596297007972655	0.0012319302250023171294
7	6	-6	0.0044023156564082779538	0.0043254782659925949256	-0.0077668662096600235914	-0.0046872448733041591554	-0.002630831277183699312	0.00035914643702053496068
7	6	-5	-0.0044931545799599438562	-0.001506602979333265856	0.0064219917194673443658	0.0021939988620690311326	0.0014159736514168918403	0.00052355446341626529078
7	6	-4	0.0007978901279108655941	-0.0026980941580184796512	-0.0020573420404122804914	0.0034675473370639141833	-0.0016897053367744060016	0.00047965622906353193962
7	6	-3	-0.00090085497406597520899	0.0023121118123318280466	0.00043157895923839716254	-0.0033757563882335574375	-0.0012388370210104811264	-0.0013565852143595155937
7	6	-2	-0.0012927443995335043386	0.00067081349198182705241	0.0024361538270496032113	-0.00017253733842838146111	0.0027838560827815445574	0.0018302352066512500833
7	6	-1	0.0023784473014587157423	0.0012050437559088546507	-0.0030903167711991558209	-0.0010114950616803262701	-0.0018927695169839264637	0.0023663359212800251508
7	6	0	-0.0029248727614227081062	0.0010362679010778455893	0.0034123515549931596018	-0.0012089792179241531152	0.0022388526641633249743	0.00088457765036909245457
7	6	1	0.00073490458911243947745	-0.0021302200987976427533	-0.00065993311899022633494	0.0028548816871364060196	-0.0011847334098457182241	-0.0022177494312349351098
7	6	2	0.00042293364045366672833	0.0041927589629594296319	-0.0017787876647889510912	-0.0036508132914618552332	0.00385609525277901986	-0.0037222164959724380121
7	6	3	-0.0029585637432782896025	-0.00048563811656232276984	0.0032047016584587986743	-0.00036714049432227111643	0.00049391208406507867978	0.0018674365939566287681
7	6	4	0.0028600763845542127167	-0.0014354267242749540936	-0.0015024813716523403688	0.00040575691396461542517	-0.0027514116154913610506	0.0019033613965342467429
7	6	5	-0.00040453681376261636446	0.0013366728431091466373	-1.1938505391007872211e-05	-0.0012951202663622892949	0.0005806777457368723569	-0.00031719766071805792149
7	6	6	-0.0027822424635286125034	-0.0016395248270561714379	-0.00070113539104367311131	-0.001079880626242765403	0.0039470849318270547629	0.0029926595911416316829
7	6	7	0.0037395753739218758581	0.0011169172098213855666	0.0053848741234813948114	-0.00060025549939276244549	-0.0083551817654773565675	-0.00060241249605616064428
7	6	8	-0.0052906234721833804435	0.0029654368129345331714	-0.0050371667298319102238	0.0078082091296076440445	0.0084071705855343903391	-0.0084509140585234503174
7	7	-8	-0.0098902075051902297448	0.0074183130400981029534	0.0046424792827298869483	-0.011482915587377344468	-0.0045917621946528000554	-0.0035565272288693365425
7	7	-7	0.0058160403636101452168	-0.014716381917090187378	-0.00057137398293485050331	0.016160146741913593293	0.0052446663806752944967	0.0014437648248234059151
7	7	-6	0.0024475685756744727274	0.011541236474778364049	-0.004254834485701210027	-0.0086312766723367229799	-0.0021084768950311938776	0.0033949531028485795126
7	7	-5	-0.0037274326327161066454	-0.0040398119006386911528	0.0014816762983789811582	0.0040919231906405345231	-0.0031440588680719757687	7.2955806002581417716e-05
7	7	-4	0.0033892422786112584056	0.0016194421631008780894	-0.003700590172756006678	-0.0010504155869898420053	-0.00054485881475330980202	0.0009957965081943132013
7	7	-3	-0.002825373945692542018	0.0037423149737979520546	0.0036065918316273031831	-0.0041578273491979754473	0.0018228417338477765578	-0.00096952887593338874742
7	7	-2	0.0021176751040669033847	-0.002447347357122973445	-0.001231513761097694469	0.002221587538254082058	0.0031015647003922309881	-0.00079015936604111898685
7	7	-1	0.0032017000584521389944	0.001348771758001854771	-0.0033320013714437314752	-0.0011171693622695530023	-0.00091210919094114638935	0.001621216770126111947
7	7	0	-0.0031718663545264045092	-0.00079090270398702200872	0.0031718663545264045092	0.00079090270398702200872	-0.0013332610250630858029	-0.00054812574013187332495
7	7	1	0.0029607267364125809846	-0.00076526989569233644286	-0.0031462334090613551171	0.00087079623541424112237	0.0012985467085414197953	-0.00073868437805333264819
7	7	2	-0.00024617055827805300102	0.0029369402339365149879	0.00073642640334762449195	-0.0034419220536983517918	-0.0017158954577435000556	0.0017674363691664285968
7	7	3	0.00039558698845640777883	-0.0027538781001944286769	0.00093877010221349809459	0.0010751154551297385526	-0.0031134998782297806062	0.0039171128384842771736
7	7	4	0.0015283800556954319633	6.7766037113926408343e-05	-0.00080802639951629720658	0.00041277988955749813759	-0.0012606188983134859055	-0.00084095537167499297571
7	7	5	0.0010619786807627166949	0.0019948712773154705577	-0.0019366435487408531491	-0.0016254647840485256152	0.0012245308151693909057	-0.00051716909057372283283
7	7	6	-0.0020487765367103107257	-0.0049742213438315934296	0.00056993871830083740661	0.0014539753764942300353	0.001725310788144385557	0.0041069536285602576547
7	7	7	0.0077491466025694849193	0.0062269716859363437311	0.0030250732817766394327	-0.0016020075603560765543	-0.010774219884346123918	-0.0046249641255802671769
7	7	8	-0.0082004511974608645941	-0.0012851900966055012331	-0.0035437397977695294336	0.0039202988489727540883	0.010276167120826594503	-0.0023057201583213458689
7	8	-8	-0.014075005078223373767	0.0014675786604133082228	0.0096374941602528092083	-0.0076511328702462064189	-0.0026781352831926419703	-0.0063670015423845614799
7	8	-7	0.012664914241389556987	-0.0055057520127994611855	-0.0041412033686698181828	0.0064904546553168785544	0.0079321103914811938451	0.0019119104504198289936
7	8	-6	-0.0096725783705470230051	0.015201341630578648484	0.0030584177222332531443	-0.0098201397162942533764	-0.0072067844693271898918	0.0046413789472827511953
7	8	-5	-0.00049684037351595017763	-0.010788568349149124659	-0.00069507498524697109137	0.003964144622337129921	-0.0018076964993174839732	-0.0087613642930693663019
7	8	-4	0.0075784857274459093215	0.0094411176334683200723	-0.003562672776861230961	-0.005726523600199736122	0.0061370044693078796075	0.0050689086581700865813
7	8	-3	-0.0039746640237356559502	-0.00036556693676288411687	0.0036693918510085628097	2.2314491200688891712e-05	0.00051082888063963647219	-0.00079348420924489247111
7	8	-2	0.0028120349462028085274	-0.0029216078987956781848	-0.0022619871679607755216	0.002134784434687133324	0.00079417363986672732598	-0.0016864899070363410013
7	8	-1	-0.00040883976641070197185	0.0031534959417413737683	-9.9153290126163576268e-05	-0.0024847390329483898079	-0.0036551046858842224131	0.0021965593286024957462
7	8	0	-0.001042990352719837862	0.00018199245075311705727	0.00091261655862985807501	-0.00015924339440897742172	0.00038144097313847792879	-0.0012499537283281068542
7	8	1	0.0020096069218025237879	0.00068976014800310812402	-0.0020489122206612552825	-0.00066398163637702346286	0.002324049312672373576	0.00048353205499443094317
7	8	2	-0.00017533859466852777954	0.0012409130058166873648	0.00030974876409870102196	-0.0012621742995144982942	-0.00062530997505495691368	0.00070550167769958750837
7	8	3	0.00012113285248939846821	-0.00028868600840167916695	0.00041618101568113949774	0.00035622865817864411914	-0.0013924593642916350232	-0.00027634240220579964903
7	8	4	-0.0013069873931793639724	-0.0043206170202113106105	0.00034667665754995087568	0.0021362956538624857175	0.0015938746229639854171	0.0032884884776448221333
7	8	5	0.0013718224584665700185	0.0043191441546467654669	-0.00072759076958840490298	-0.0029168251470487126763	-0.0007564062105117501161	-0.0013798815812275308512
7	8	6	-0.0030545171747888887406	-0.0081324563704989038387	-0.00091568330994003894682	0.0037979702566800091837	0.0047845144505070883595	0.0044239054233420425227
7	8	7	0.0030335652778492191127	0.0069683939046182663893	0.00199950987047830403	-0.0024682979791054450967	-0.0053187194155387088751	-0.0041474819284977584508
7	8	8	-0.0085591865013472483159	-0.0059289668653103623497	-0.0010911543894828218577	0.0030109020924755200595	0.0085804425781616650015	0.0021769439146710474302
8	-8	-8	-0.0026437633320493879145	0.0058228640457267813804	-0.0026401134601288763284	0.0056724038707868440143	-3.6498719205114128526e-06	0.00015046017493993755587
8	-8	-7	-0.0019507185651595926757	-0.0077580626411556446662	-0.001069702428794547678	-0.007168873124149480712	-0.0010068755844171942831	-0.00067335944800704422477
8	-8	-6	0.0081998115999983006014	0.0020908956684395408644	0.0069112855493596329556	0.0042420792787640666799	0.0017180347341848914954	-0.0028682448137660348543
8	-8	-5	-0.0087977599104609172098	0.0015847636852589163346	-0.010443645558328681563	-0.0016498993956605382139	0.002633417036588423573	0.0051754609294711274511
8	-8	-4	0.0069723525896210492708	-0.0073565737287702888392	0.0074426888238603725392	-0.0054007200758231484541	-0.00094067246847864556102	-0.0039117073058942807701
8	-8	-3	-0.0005393888952554993111	0.011860523701585931264	-0.0029683080593910031973	0.013081692507468893963	0.0064771177710280106524	-0.0032564501490212325631
8	-8	-2	-0.0046787073168749583954	-0.0037680271649507186306	-0.0044201816742684384154	-0.0047114021405841198173	-0.001034102570426078619	0.0037734999025336038794
8	-8	-1	0.0083716008054199354815	0.0017958579324271813516	0.0089420516858629874035	0.0028225153247662146221	-0.0045636070435444032328	-0.0082132591387122678983
8	-8	0	-0.0026527245243286243226	0.0012899274816836156943	-0.0026527245243286243226	0.0012899274816836156943	-0.0084680477330428272076	-0.0046836142286577472568
8	-8	1	0.0018936351268290395247	-0.0028688503391715524347	0.0018465437255117641332	-0.0022020729291146691128	-0.00037673121053820383649	0.0053342192804550674426
8	-8	2	0.0014827088263914777171	0.0003070057675414002347	-0.00029324808339668243136	-3.9306785238983454726e-05	-0.007103827639152640594	-0.0013852502111215349474
8	-8	3	0.0016813705013002911651	-0.0021785582739133409376	0.003302594049602570591	-0.0035871344231108836381	0.0043232627954727445574	-0.0037562030645267806793
8	-8	4	-0.004853310197622352079	-0.0017746523370193803288	-0.0043493192080930184393	0.0013420026821218560865	0.0010079819790586668458	0.0062333100382824732644
8	-8	5	0.0060944750763655703568	-0.0061944040836032837269	-1.5079148018244163266e-06	-0.004977563750880673564	-0.009753572785867831163	0.0019469445323561762173
8	-8	6	-0.0027190296212484645413	0.010562664573589180747	0.001382581370971119189	0.0052446259434812438072	0.0054688146562927785962	-0.0070907181734772501205
8	-8	7	-0.004236597519443250498	-0.011117849743297781792	-0.0030079683435672759442	-0.0024937638290048812044	0.0014041476295725420064	0.009856098187763314214
8	-8	8	0.010006120381307197914	0.0030921503717833620159	0.0026313707434740792393	0.00059595491181983750988	-0.0073747496378331195421	-0.0024961954599635248313
8	-7	-8	-0.0048673407783270984661	0.004084642234777374932	-0.0085663787557608214729	0.0011505348863076183749	0.0026282406329636203227	0.0030779242092582089624
8	-7	-7	-0.0012657717170520136393	-0.0060033220973257049591	0.0059129275493015349269	-0.0068855468856188961277	-0.007359523797360979086	2.4607345818090980489e-05
8	-7	-6	0.0056912772717946499487	0.0049778787114376690098	-0.00088409055359068590679	0.0131126285236160562	0.0086198086749153333269	-0.0086608949956351738431
8	-7	-5	-0.0056267854684674900936	-0.0019371883865134857747	-0.0059196129829930041466	-0.0092576103122949237462	-0.00071539857335777782416	0.0098611530187913166989
8	-7	-4	0.0047093946482970371406	-0.00086853991809475135973	0.010655898566125443852	0.0056114759103798273962	-0.0092290331941254528936	-0.011557162679354200663
8	-7	-3	-0.0071019870369484639633	0.0029556565795791729309	-0.0061728988361763655751	0.0026469640164947035206	-0.0045352014807843845159	0.0017055015070568198179
8	-7	-2	0.0022785281723657663418	-0.0049067153790203956593	0.0024305801168794331085	-0.0067038360848040729617	0.00060708228038504894516	0.0038365647807326701269
8	-7	-1	0.00031575502453472600482	0.0028259379810209716427	0.00054779818188297694365	0.002996540563081385132	-0.0013085470769030301333	0.0016317199065980767837
8	-7	0	-0.0027133251998711278331	-0.00091969303893922615695	-0.0031009430855670032379	-0.0010510777587876870675	0.0012877346695979942533	-0.0077196014263470726438
8	-7	1	-0.0021842211986789362294	0.00092728288411714578955	-0.0024145599608464390212	0.0018179542840337371661	0.00057184986350641755365	0.0053074169152989934123
8	-7	2	0.00062407652768548579469	-0.001911018633699849761	-0.0017694030704786679453	-0.0034891599743305970298	-0.0086892168574172808787	-0.0045679853753576903433
8	-7	3	-0.00084172669973791170838	0.0037028054716329765819	0.0015346794458706417875	0.0050777572652639432066	0.0058255232396659285821	0.0019739523612612645646
8	-7	4	-0.0058083914172892053482	0.0011948045983819009352	-0.0087858373575704258596	0.0036068930194875824594	-0.0037584325411698354252	0.0039224535873394672167
8	-7	5	0.0077958665674944900223	-0.00050687636445575210732	0.0060013728859737150087	-0.0055145522601799581291	-0.0040714644676279835439	-0.006909370981122738356
8	-7	6	-0.008326126578424450364	0.0081265416827134250022	0.00037155162040911527029	0.0072909441945969650015	0.011534978995043234859	-0.0023292873499214401117
8	-7	7	0.0025260921059953888625	-0.011171060262620600631	-0.0027109019435675673314	-0.0029999046933057008958	-0.0055978643504194409986	0.0097670213211178413815
8	-7	8	0.0061214383809809723436	0.0092302998731547784839	0.0035319905406401941143	-0.0012575855557084335626	-0.0030309466579208025477	-0.010330687234399659261
8	-6	-8	-0.0060548007536477231605	0.0024589206162751188998	-0.0075341338224828293887	-0.005850593538964129689	-0.00040420038678560155261	0.0068468657704982161666
8	-6	-7	0.00060461174342487983193	-0.00806727824793937974	0.012284761156014957842	0.0018904592378294845546	-0.0098388104269558161047	-0.010840140201498848702
8	-6	-6	0.0051603168333356720307	0.00452930093113265448	-0.0072851804480514115517	0.0055432637638302912145	0.014165602892498973392	0.00049580414434658185915
8	-6	-5	-0.0016183727703756661202	-0.0040386159534225602591	0.004546462311179668217	-0.011762940180510215657	-0.0080451512060166676527	0.0076537426911361611595
8	-6	-4	0.0038361186912871281414	0.0047935292396659506461	0.0051416047661112622424	0.0088252983089208477535	-4.0169766592636843713e-05	-0.003650888984049371639
8	-6	-3	-0.0066526909240605088328	0.00066432530927913496961	-0.010182178403679593287	-0.0025595443870310174463	0.0026238476765311634538	0.0068906229321397281448
8	-6	-2	0.0037634079857011039361	-0.0003819168636821727034	0.0065012058531745634676	-0.00054968171828081232189	-0.0044499856167192746587	0.00012137770011374607077
8	-6	-1	-0.0025885285432541587682	0.0025846744004532217105	-0.0039104291445283927142	0.0043772958740419436532	0.0027543465211370870074	-0.0055863800406258873679
8	-6	0	0.0024794664524088070798	-0.0014113226925296861684	0.0033059552698784097288	-0.0018817635900395814855	8.434941144401425007e-05	0.0065715920868381315356
8	-6	1	-0.00062528698320216049168	0.0015293006588504899374	-0.0016272037895547529843	0.0015415388728700920272	-0.0047609268717112331049	-0.0029851720335833669025
8	-6	2	0.0023298217477502498884	-0.00059977974343325380583	0.0039278626143606949761	-0.0015096902627426093003	0.0024643008520810849409	-0.0021299518144948128943
8	-6	3	-0.00093042335015150218636	0.00034627719801929635925	-0.00092194392860537037904	0.0038553450227916080499	0.00063724107652659840555	0.0067872841841984258085
8	-6	4	0.00099680796205088920137	-0.0033160823251051534458	-0.0024198118689630595049	-0.0053127695585955814206	-0.0056233337275463680938	-0.0013369896876830658899
8	-6	5	0.0040578172711878083417	0.0030381811298503622748	0.0053945067090613377236	0.00076771914863731039944	-1.9099583026887701647e-05	-0.0039398268293958076808
8	-6	6	-0.0052881263454802067067	0.0026579590604448601575	-0.0028719532117177501082	0.0065096977059342121807	0.0041788819155891918783	0.0029657522920077316816
8	-6	7	0.0038439626240990287798	-0.010124576269738925355	-0.0034852247442927744223	-0.0045888073041716014033	-0.0073804356369355540723	0.0076376809046974003178
8	-6	8	0.002801926809873575043	0.0096951936072993075838	0.0058118215674993686792	-0.0012716812613945880327	0.0015569393657509514664	-0.0106489545533452485
8	-5	-8	-0.0054430550829401968399	0.0017578106065027525925	-0.00057205349784625759285	-0.0095746930715470777301	-0.0050855216467862859528	0.0077419937762196761738
8	-5	-7	0.0046483361607983055344	-0.006850209545887610621	0.0024306839856473917184	0.0059970639760261873485	0.003576181336878497645	-0.012112428035318830929
8	-5	-6	-0.0011190589144292120705	0.0067449188532527262069	-0.0090329666096188605123	-0.0044575973707594437542	0.0060353936221101012888	0.012707889613303172127
8	-5	-5	-0.00050301165976118290043	-0.002914033362043432461	0.0064850910847183288258	-0.0049201091162608106416	-0.007289909740336220946	0.00025765573699131885579
8	-5	-4	0.0019578414610969753669	0.0017556739348893080251	-0.0034102610297695843018	0.0046808454726628171902	0.008178509209405930569	-0.0023397089710499047871
8	-5	-3	-0.0016154565879632702251	-0.00071966535898017281944	-0.00066986200859390717961	-0.0050290987756073171622	-0.0031914475535788754818	0.0064627236687317349967
8	-5	-2	0.002087790490467908433	-8.9479167775221329808e-05	0.0038683752824638403638	0.0043107920452147320545	-0.0013197762442879665268	-0.011134896784137714859
8	-5	-1	-0.00039710417504236326545	-6.7060908487358189306e-05	-0.0024463116448542186927	-0.00050435658152652611871	0.0090547248239321864727	0.0019852956397337652959
8	-5	0	0.0015892374990516204124	0.00011784973815661635964	0.0025427799984825928334	0.00018855958105058618084	-0.0087988405680719423974	0.005168092194061839513
8	-5	1	-0.0019960612253090205016	0.0016000492083508806914	-0.0019705442204464491442	0.0011609726801620088785	0.0061157687002399195933	-0.0069955302659970011389
8	-5	2	0.00037313962886241611346	-0.0027506512219709995312	0.0022242098805768978527	-0.002403621621774879296	0.0040679661859925808284	0.004993550833446799668
8	-5	3	0.0011611953087911875641	0.00081105430747179635929	2.6161511831585848202e-05	-0.00029511701472985043702	-0.0030529183037238572136	-0.0026546731778078745158
8	-5	4	-0.0017217127308769217264	-0.00077774696743821054596	-0.0023259671203781822138	-0.0010384861820303950206	0.00053596656128111525193	0.00025738620733842726201
8	-5	5	0.0010555726563848495322	0.0022742226767400726233	0.0026636201421980643111	0.0011065745387486779737	0.00097470389198230512461	-0.0025321817440354379633
8	-5	6	-0.0044722816468526598033	0.0032188434800912869155	-0.0023862445302369394637	0.0053842448858675059226	0.0039745050872727633734	0.00019507943143453885843
8	-5	7	0.001770144038806413132	-0.0056495356006946986435	-0.0041150374860810393432	-0.0043785490616430984209	-0.0049623342486937857196	0.0033290770710488705106
8	-5	8	-0.001669624702083532565	0.010636193492307223149	0.006497257015208127498	0.00030421060110739206852	0.0057304103365886120344	-0.010446061866615103872
8	-4	-8	-0.0061277745826311654301	-0.0028563607524783375148	0.0046885518119383230023	-0.0041222151308236715944	-0.0084720504886003269313	-0.00079525318706650150076
8	-4	-7	0.010072778525872775127	-0.0042498104138501933968	-0.00021625394530066455938	0.0071288776376079660349	0.011635320569740693203	-0.0089305705516047727971
8	-4	-6	-0.0038586498523979317725	0.004637827745026803887	-0.003188938021569683208	-0.0062658555834858567155	-0.0030189077888174539917	0.010361007382359644149
8	-4	-5	0.0015723137764091130956	-0.0030087285862771102028	0.0029307301864560948018	0.0038106770163692732858	0.00017111789308970508979	-0.0078625073511387946062
8	-4	-4	0.0011749526443598683548	0.0039625049871766888573	-0.0030130738056226612567	0.0025396139817803449826	0.0053629790943423979663	0.0053853959925730327321
8	-4	-3	-0.0032948111190429230088	-0.00015645448117326661249	-7.2832401128766782348e-05	-3.3157198816149295367e-05	-0.0086890531159427714103	-0.0003730023513738452666
8	-4	-2	0.001715833624662886029	2.143817584511583635e-05	0.0026082267034472643615	0.0010866269060347039013	0.0016468810917570153932	-0.0020875011086889444165
8	-4	-1	-0.0013660339601443513991	-0.00018295222474682990379	-0.0035553302291304964694	-0.0016139711592353372244	0.003293049235367174251	0.004992266838966709884
8	-4	0	0.0013921833333890574255	-0.0011798163513294316739	0.0027843666667781148509	-0.0023596327026588633478	-0.0048236667219531932996	0.0011465469239423208957
8	-4	1	-0.00087701480564612269326	0.00033880252946888759699	0.00037950430173800487948	-0.00049530014868712701412	0.0085341356521210012809	-0.0046916208304996088324
8	-4	2	0.0025099682506093613961	-0.0026776072158927787317	0.0022515201600339421716	-0.0013186630373872075626	-0.0055368326823695612413	0.0080731027887967002354
8	-4	3	-0.00088747330621310809799	0.0027960905154608395838	-0.0020317516344901982717	0.00052069474903325668313	-0.00034240669608530957882	-0.006761981709184562879
8	-4	4	-0.00091197473984637694548	-0.004186920029693165686	-0.0017483816130668720316	-0.0049562618589429592933	7.5567866625881818733e-05	0.0034175782004433712113
8	-4	5	0.0040109580961150683928	0.0029590010625193483712	0.0039077511305482615436	0.0013472416508285471951	-0.0032913320493455008875	-0.0036566083793681198114
8	-4	6	-0.0069347652542388078106	0.0011721657351702918001	-0.0051142057884346857344	0.0032823364519951312747	0.0058368831466952863021	0.0006253366544363652248
8	-4	7	0.0073856910920977892482	-0.0074029594577329823485	-0.0025486758117050172488	-0.0093656128785679030463	-0.0098971759976574837786	0.0031087463067988930533
8	-4	8	-0.0013475994024469604114	0.0063613727283998791617	0.0074447844686918035473	0.002485535105064751258	0.0050699916367928626187	-0.0051186051758675037496
8	-3	-8	-0.0025777774045578349948	-0.0092437125794788185112	0.0088090592766619998932	-0.0022957192405341805656	-0.0058811746333060849548	-0.0083828178642785019375
8	-3	-7	0.0054616229168868166491	0.003628653411650045995	-0.0044085354657538702514	0.0019088377470950223819	0.0081312271046223051629	0.0033289591502736145569
8	-3	-6	-0.0057902739685756444629	-0.0012992939150433676591	0.0028659932022443777681	-0.0020207711572919903956	-0.0091533618925563817181	-0.00072200630807849476133
8	-3	-5	0.0036909380874610357541	-0.00053705091081110076495	0.001524917310853099537	0.0027560787603624473975	0.0049905505534257972242	-0.0025129287135152297492
8	-3	-4	-0.00024269239036226088061	0.0023157834737847324443	0.0026462773748710420249	-0.0018633582310521859191	-0.0024700928118778033883	0.0060290856208586049783
8	-3	-3	-0.0016219670854100108615	-0.0010442757759152460073	7.6388490578347504624e-05	0.0017766264546378437647	-0.0044016340516717100684	-0.0045613618570785000733
8	-3	-2	-0.00085754070062888797417	-0.00036402378235840521367	-0.0024252686514116307548	-0.00089126990887170888522	0.00020774017460189445235	-0.00011919026612605749973
8	-3	-1	0.0022397279773496629567	-0.00014965320369423267639	0.0056003682028024160192	-0.00093086418424322223825	0.0011167192103900562463	0.0015953669231758055205
8	-3	0	-0.0006890731226991800339	-0.00082844149865677924483	-0.001837528327197813496	-0.002209177329751411175	-0.003011396306823433365	-0.003343195622695564577
8	-3	1	-0.0012130751944650053874	-0.0010763964677594833538	-0.0013586228288614114485	-0.0015257762666471942972	0.0056287330691358085366	0.004033842942134283939
8	-3	2	0.0013592805187771128846	0.0003554441660957024119	-0.0003970636291863095693	0.00059752906622963632231	-0.0060327175188879160819	-0.00052548306503835521836
8	-3	3	-0.0014578735438170536097	0.00042075583800789791633	0.00071926521666528311916	-0.0014884841064100736655	0.0046069280001774263675	-0.0026104996744311347034
8	-3	4	0.0005392690629661047591	-0.002239402226022079237	0.00055851064613484345533	0.00016495150985719770763	-0.00065965514133107692671	0.0046025180844370561922
8	-3	5	0.002673946608996446983	0.0036477135202482623491	0.00103976807149156001	0.0029704778224605822914	-0.0036544537314993790801	-0.0040540549389208703837
8	-3	6	-0.0077388974907964735647	-0.00028831662169359725985	-0.0049242497851188339955	0.00060489101672372600719	0.0078564050951692148556	0.00068686767061999277374
8	-3	7	0.0080144154491025160203	-0.0047853941685783553742	0.0041450295146613904892	-0.0027890384576400050788	-0.0073828907212622795278	0.004273719710815261294
8	-3	8	-0.0026872762660924208282	0.0064232706921546010165	0.0054516041362890890407	0.0026792445861526102864	0.00473162781720082911	-0.0054185539723473723217
8	-2	-8	0.0035202409080427490666	-0.0066472409244507056625	0.0051435512500253646739	-0.0023139760303644901426	0.0022343530955364078981	-0.00606874691685958291
8	-2	-7	-0.0006704982416934021118	0.0057093897952020878153	-0.0010615178375171045993	0.0028493804445234140535	-0.00046299289407328677497	0.0057109082103671245448
8	-2	-6	-0.0037225961334228004768	-0.0057945168666980427508	0.00070513419997081925629	-0.0019587942841567469905	-0.0051985062445540075604	-0.0070730910608784751045
8	-2	-5	0.0058743025804485673319	0.00093224209538958393694	0.0032888393231858461391	-0.001612016642158123304	0.0080833483994433696224	0.0021363940094865836207
8	-2	-4	-0.0025406386569243634421	0.0022660907932282462265	-0.0021361828880183900831	0.0018063113959341974349	-0.0040131858698395318427	0.003629025888489393302
8	-2	-3	0.00080071709907129408074	-0.0014976700538073075587	-0.00035819636853632436622	-0.0033328879650995481103	0.0023740431765476672707	-0.0017718615000864544606
8	-2	-2	-7.8857114793795678892e-05	0.0011592462606907424916	-0.00055896421443412725762	0.0023222721315684698856	0.00024353575525894451495	0.002314712911194499647
8	-2	-1	0.0011254045825519129465	0.00035544382151942864774	0.0036711709245075443801	0.0023878775820293548886	0.001660894811400213944	-0.0019322045919032801616
8	-2	0	0.00040578158168253099626	0.00013948912600985090195	0.0016231263267301239851	0.00055795650403940360781	0.00043496777827707865929	0.00097364429192491812153
8	-2	1	-0.00045147146159386144235	0.0004221400940711900673	-0.0020742992407067639173	0.0018261021424183746398	-0.00053682678866263597046	0.00027508353226722884969
8	-2	2	0.00092926360954263408261	0.0013709711504316689831	0.0037262683963276976851	-0.0010644127242259041142	9.2139581571611259351e-06	-0.0065482973259525806969
8	-2	3	0.00016441262848648343438	-0.0013440979645348491694	0.0028662964499134710103	0.00051880924708484310419	0.0014724306239783581818	0.0039301340701494930432
8	-2	4	0.0021739158996291092774	-0.00018254230408817060695	-0.00021454287699602961012	0.00013126620285885544598	-0.0044551032377562341594	0.00043071770960576895044
8	-2	5	-0.00021678397732001765375	0.0039374783849733183128	0.00043190793896584868741	0.00091512266982171392056	0.0005196175392983676776	-0.0059339163480286241659
8	-2	6	-0.0057256285470062805165	-0.004846414668019934785	0.00025873536653810906387	-0.0030342104726042025929	0.0077204165181877434931	0.005450482733158512616
8	-2	7	0.008646259272197334006	0.00074447768337939225318	0.0012819787813641908211	-0.0012068380942961743924	-0.0095151595164071848393	-0.0011956425222324981467
8	-2	8	-0.0054086424846045959985	0.0036929252382427927952	0.00022713769263101875979	0.0022924127570439324988	0.0054654269077623511899	-0.0031198220489818094536
8	-1	-8	0.0070803792414293170027	-0.0024181665709998413985	0.0087078193704185243018	0.0046609519388167370071	0.0059919018201270018986	-0.0030007855633519338497
8	-1	-7	-0.0046887787543006317209	0.004034176702680098564	-0.0058647824114070332482	-0.00080795629118111901221	-0.0045207782318568597024	0.0047259099875174154226
8	-1	-6	-0.00073013452445669683403	-0.0071139400028324452363	0.0032646827108995775737	-0.0037989532838805396137	-0.001517626484425525302	-0.0088520944564631706686
8	-1	-5	0.0028556225147311235443	0.0044259000853089421751	0.0019689780485844937674	0.0056828119102597992457	0.0041752004138528994379	0.0059448777544423474575
8	-1	-4	-0.0039518140229810143349	-0.0018221097768497281338	-0.0077098066229570778873	-0.001959226310879725718	-0.0059761763902227600653	-0.0031544129759795251633
8	-1	-3	0.0017634463154664230602	-0.00041952559927099076055	0.0010839071500638752278	-0.00023381777586193864789	0.0043412211245558362735	-0.0010407956727686623524
8	-1	-2	-0.0011182493104271440387	-0.00072498613069553235946	0.00010861111841959447753	0.0012996442246716829235	-0.0045273028009183736986	-0.003549766635117971008
8	-1	-1	0.0011982262352342922668	-8.9945204452328595757e-05	0.0022750188586075576272	0.0011609376264348771849	0.007310791023266780507	-0.001880499262053505951
8	-1	0	3.2442840646666242985e-05	-0.00018320089431807825946	0.00025954272517332994388	-0.0014656071545446260757	-0.0054948576237838523892	0.0050904722815015308185
8	-1	1	0.00069254094392828357933	0.00012481813434890012479	0.0036956223670612034504	-0.0041920664448126011836	-0.0018447051843650654011	-0.005190611519603802182
8	-1	2	-0.00077007184019916782858	6.8866531377348550011e-05	0.00035785371397264678249	0.0020657753957020290325	0.0032592142177829946242	0.000757421572341620262
8	-1	3	0.00074248277985280476676	-0.0013432468065913488135	0.0025002486528661912839	0.0017366376787733004469	-0.0011465378619854155445	0.0041608707105013640129
8	-1	4	0.0024014918748547914307	0.0022986559069326185575	0.00053706836497137574148	-0.0013018200271097881294	-0.0046687166584667384381	-0.0049227668206426834427
8	-1	5	-0.0046029265691485818021	0.0026260462977519480332	0.00093852521414012528636	0.0024436030164880981341	0.0075523875534657556804	-0.0037129534731054972263
8	-1	6	-0.00087335176357031382363	-0.006096371278102309145	-0.0016251122035019524396	-0.0017665642424687167441	0.00089361698417675969157	0.0078340676637249587883
8	-1	7	0.0062773644513981060808	0.0054323706184282102849	-0.0017463688048053333662	0.00016493793698942640609	-0.0074236120594271684872	-0.0061848610014908931773
8	-1	8	-0.0068720958768513328019	0.0023107283553223134133	0.00096196116095509625731	0.0022857804234625326775	0.0069923410219707195223	-0.0020250058023894967202
8	0	-8	-0.0015449857416112886769	0.008076735474534206885	-0.00038858777145124156344	0.0045166692802115241887	-0.0015449857416112886769	0.008076735474534206885
8	0	-7	-0.0044156883003284375447	-0.0011219316243286947023	-0.0070565919927706331413	-0.0052530803661707276692	-0.0050465009146610714796	-0.0012822075706613652191
8	0	-6	0.0024167528017022504687	-0.0045941330835532279489	0.005882059622870977264	-1.9425816383007571872e-06	0.0032223370689363341028	-0.0061255107780709711768
8	0	-5	0.0019229644698037994758	0.0039539569581457951336	-0.0013578330235885750169	0.0095435888814803179758	0.0030767431516860793347	0.0063263311330332720403
8	0	-4	-0.0013708132611248526663	-0.0019173448581168072921	-0.0023160670817291804935	-0.0061342731489323629526	-0.0027416265222497053326	-0.0038346897162336145842
8	0	-3	-0.00078641797109791115265	0.000154030523743762973	0.0052757768170142776629	0.0011800994006045308765	-0.002097114589594429885	0.0004107480633167012252
8	0	-2	0.00047427430021010293136	-0.0016352193702643081849	-0.0015612680397754227432	0.00070278473830930195902	0.0018970972008404117255	-0.0065408774810572327396
8	0	-1	0.00021735198522383064601	0.0008420452552505540162	-0.0021714710787206163017	0.00088803820258431950211	0.0017388158817906451681	0.0067363620420044321296
8	0	0	0	0	-0.0025080093430663039436	-0.0011149343740812407439	-0.0020457145707179526239	0.0024878668941819988801
8	0	1	-0.0004771411464483606992	0.00052582703532010619321	0.0019090832360694252965	0.00078205176131131474114	0.0038171291715868855936	-0.0042066162825608495457
8	0	2	-0.00062351246462398251993	-0.0015088033831560895056	-0.0007395400530880699751	0.0025985942937663680796	0.0024940498584959300797	0.0060352135326243580224
8	0	3	0.0013883873042639860093	-0.0010431446384549347261	-0.0014135769895051906141	-0.00057534578033080561576	-0.0037023661447039626915	0.0027817190358798262254
8	0	4	0.000796490108835938267	0.0033483963684595532441	0.001391878984236000899	-0.0035931440961749130242	-0.001592980217671876534	-0.0066967927369191064882
8	0	5	-0.0052600970737228898086	-0.00056516905654587390895	-0.0012423876511564618287	0.0040916692913629260087	0.0084161553179566226529	0.00090427049047339821096
8	0	6	0.0029762060346615699588	-0.0049753291270330460977	-0.0033691625772611678846	-0.0022557248111043605096	-0.0039682747128820935675	0.0066337721693773945078
8	0	7	0.00048595035366300276753	0.0065165295589615368499	0.0028807881195732037809	-0.00050460712394700133268	-0.00055537183275771741763	-0.007447462353098899257
8	0	8	-0.0017938828781103174307	-0.002850636164098844464	-0.0016863121083541001387	0.0032106842788199702575	0.0017938828781103174307	0.002850636164098844464
8	1	-8	-0.0017873124145830741362	0.0012043381052190354173	-0.0020633713942663552826	0.0024083884889500297918	-0.0020452338388663683297	0.0015053866663377890329
8	1	-7	0.0012485827075967160637	-0.0019475977502648987322	0.0004769193541799700395	-0.0010569867881450739373	0.0014950830021362427041	-0.0023768241128948948589
8	1	-6	0.0029714521152789550792	-0.00045021451332143862852	0.0038628766322505747079	0.0022472285443164304562	0.0046057489257470352398	-0.0002257479270425131405
8	1	-5	-0.00014130544879211646937	0.0023685840063030543998	-0.0030162047089765551752	-0.00025187991474275988344	-0.00082932965986269732098	0.0037393584271363349003
8	1	-4	-0.0031429152433271037234	-0.00049001983953882112446	0.0016481464069431901558	-0.0043961539491205459118	-0.0058737938849184097995	-0.0020790781663577789437
8	1	-3	-0.00034821827482589155561	-0.0015467266642628847186	0.0021778430668233659043	0.00058269061155794650217	-0.0002026343772612555316	-0.0039303742341817108491
8	1	-2	0.00225148825067872458	0.00039155904767285203095	-0.00064935636588575400795	0.0029251715006266714759	0.0086812748197720203402	0.0030288219410047438618
8	1	-1	0.00011565638445180141333	0.0011629062675116309117	-0.0054813629496131884705	-6.04612088413233336e-05	-0.0045561118739987768386	0.00924278893125172335
8	1	0	-7.7794991690492061608e-05	5.8568066080434254966e-05	0.00062235993352393649287	-0.00046854452864347403973	-0.00095733565959707272921	-0.010545685872805082503
8	1	1	-0.00072002240261880283857	-0.0008023674084763943214	0.00023894163601782705646	0.0038993149990636318154	0.0055212375849325954352	0.0025196242687475227558
8	1	2	0.00058088839291406109498	0.00038831065931535811491	0.00098873553427121377637	-0.0017398890565730803105	-0.0028179213387918514849	-0.00068329810897489230443
8	1	3	0.00126214091410080647	-0.00039047111587157972866	-0.0042337053921002922724	0.0027452446281491186403	-0.0019544739735687195401	0.0001261747662745064686
8	1	4	0.00028845602827194552573	0.003834447932820685221	0.003185096059088271276	-0.002744318895134358928	-0.0013731860713159589789	-0.0069828161418577809269
8	1	5	-0.0048745971746668179461	-0.0038141434519115050526	-0.00030450742535713517861	0.0078464795296324350848	0.0078602569645383358471	0.0045333336171319215877
8	1	6	0.0074544166518305671199	-0.0033272377399770894021	-0.0045801739645278585072	-0.0032737663685599447186	-0.009175859875019447276	0.0049819447147294434672
8	1	7	-0.0024313443902254411495	0.003717746072532624943	0.0075977987828247202026	-0.000113776645766199618	0.0016932794769969729612	-0.0042325988477849713076
8	1	8	-0.00085010329614009394906	-0.0091984294583024508313	-0.0017398866591888781288	0.0029526264446474983702	0.0010675891285387036338	0.0088293511527215134266
8	2	-8	-0.0054005088529426367033	-0.0023559220801126668117	-0.00017484480211062185468	-0.0023951608287498976115	-0.005444220053470292045	-0.0029547122873001411061
8	2	-7	0.0054087428397306090699	-0.00072712635617811177506	-0.00090006314199011215084	0.00043924597021413543151	0.0059242594905520922985	-0.00070550270128523192084
8	2	-6	0.00060893579295851754316	0.0035703615103317635875	-0.0022476134279811746733	-0.0018492731993736100885	6.2709914617631711139e-05	0.0041440576139844809145
8	2	-5	-0.00084325095356688694291	-0.00054219661441847605537	-0.0050393388663600687319	0.003402040253011250244	-0.0033649370722510464279	0.00049330151813493840901
8	2	-4	0.00023471264207317258234	-0.00074389256250230635648	0.00038845484072539131389	0.00049914996963565166563	0.00066365270450904087583	-0.0012382101401867868801
8	2	-3	0.0018385141632348246058	-0.0017350947926864830357	-0.0014910938862835298319	0.0049244930583935532867	0.0039086418444371790609	-0.0013439240749015858318
8	2	-2	-0.0008698782093306083301	0.0017883719704607254231	0.00440601273671798431	-0.0014827550690879982235	0.00092649989939555088114	0.0056707328127549036859
8	2	-1	-0.00024939759063549276881	-0.00032928022323371557547	-0.0021134172004839270158	-0.00044520371409974453247	-0.0062220151260517966157	-0.0035246492140692136687
8	2	0	-0.0008419901301180383402	-7.2490476484068556051e-05	0.0033679605204721533608	0.00028996190593627422421	0.0077856138795108038517	-0.0018613720165782503008
8	2	1	0.00036979557506240092954	-0.0013479062123003557414	-0.0016398517107260616663	0.0025961065323244669929	0.0003213388209529158962	0.0055910366337539119455
8	2	2	0.0010359811716985822729	0.0007114179675628797472	-0.001728460938196559743	-0.00272298506038686286	-0.0024154637485977697824	-0.00012268680986465618299
8	2	3	-0.0003969401469804460748	-0.00082722939375910080947	-0.003611380376076419544	-0.0018563838956325634175	0.0034660939759988025621	0.003443534313779310959
8	2	4	-0.001904266059637821102	0.0037600643810315960598	0.0046505395814302819338	-0.0029109160492395433698	0.0014832623285605012371	-0.0060646707374434200011
8	2	5	-0.00072388585703595117148	-0.0034480402426473738542	-0.0028029188965640527628	0.0039248513335986062386	0.0022793849298831428928	0.0039469238547963558447
8	2	6	0.0039544931898077848378	0.00026556612592824527372	-0.0054470295094280864537	-0.0058569848520598558062	-0.0034569810832676840101	0.0015982401161156250483
8	2	7	-0.0031812382882386936248	0.0025418173015848864391	0.0077731106570667583833	0.00080154908957809616749	0.0014148121416822901329	-0.0031339480845478978784
8	2	8	0.0046005802374955561546	-0.0028613787412523953267	-0.0033197057093184751016	-7.982198291288719735e-05	-0.0037706538101659374876	0.0028813342369806171396
8	3	-8	0.0012798265674122963689	-0.0073419721000682440504	4.4753540192648015236e-05	-0.0060894882313697745735	0.0012966091449845393475	-0.0096255301868319095154
8	3	-7	0.003557760926650648664	0.0027293003782028566612	-0.0026967463615952397271	0.0013480214394420728195	0.0029102640469170670996	0.0036969239062784385423
8	3	-6	-0.0018724674311643536243	-0.00020545715902132104897	-4.8587944105679635172e-05	-0.00038453958486798210138	-0.0025209172136053115132	-0.0004662126711290858188
8	3	-5	0.00090088987330997748887	-0.0014693587398653662739	2.1466483271654738034e-06	0.0021699059146054943889	0.0014427117862922634543	-0.0010490304350212894483
8	3	-4	0.00087577467705528364451	0.00026060858905577264765	0.002100421317332838711	-0.0019525160420168575018	0.0033268653421101965391	-0.00094316985340109772262
8	3	-3	0.00083894284669111941592	-9.1094521340081055895e-05	-0.00058754579527369745449	0.0021470080683766165977	0.0016496351292359543936	0.0019040893448030672599
8	3	-2	-0.0023467787755142802825	0.001049194308761304973	0.0051389728978856706598	-0.0025469754728880827921	-0.0016786557552286140559	0.00037631402571309543288
8	3	-1	0.0010773269658708032378	0.00049537209580861765821	-0.0035799296736243745205	-0.0028111998776781219229	-0.0021211732939066972256	-0.0044706228665654240695
8	3	0	-0.0023528356083992248322	-0.0003768476905616205061	0.0062742282890645992635	0.0010049271748309878717	0.0044102294915392432212	0.00032420178675908115085
8	3	1	0.0023106410049584550845	-0.0010203389312064947009	-0.004993771764548762121	0.0017529199515356620308	-0.0035038127460213534456	0.0029039515950449708639
8	3	2	-0.00046979083518244131243	0.0014379873849067244945	0.0014624321034633375616	-0.0016753280024344749475	-0.00031448481446524103851	-0.0032389575359751854484
8	3	3	-0.00040141851974326764113	-0.00061711153758707440551	0.00022153987278499860528	-0.00081909934895607356287	0.00084890951319704834738	0.0024647301158549385358
8	3	4	0.00035577114277153732867	-0.00012708685743949811532	0.002196425354961172114	0.0020188535428133655772	-0.0023588613017639539597	-0.0012599664422310277896
8	3	5	-0.00097893215222034793768	-0.0011949320049677468122	-0.0022501287610415684169	0.0016307820598534046759	0.0029163687001774974902	0.00093342197203635194225
8	3	6	0.0029543045270872098605	0.00099507264034238464279	-0.0011703231267148649693	-0.0064961633708289804809	-0.0033539111394255138876	0.0019213181649579773834
8	3	7	-0.00019313375306257362599	0.00035620218528485144251	0.0059317348903064354843	0.004687147200030447082	-0.0023214478066312452254	-0.0024158655831957361743
8	3	8	0.0064697029258585156408	-0.0015471594329949753688	-0.0048334549211078705819	-0.0010192237385661972234	-0.0046571573304430647147	0.0019293683349572994089
8	4	-8	0.0041684313709496921899	-0.0048599382660154252442	0.0080239956827698934866	-0.0010891665379638897169	0.0081804292123346389332	-0.0054045215349973699942
8	4	-7	-0.0037239226231996725922	0.0023084613245590523099	-0.0031719468018246788424	0.010727606675527554675	-0.0060684525989851568345	0.0087683024712260915212
8	4	-6	-0.003135455728042054694	-0.0019857567672102774924	0.0020171345523014951907	-0.0049444933214258428647	-0.002835851269188409754	-0.0059440045705642652329
8	4	-5	0.0012046099142081156085	0.00037595834722427664198	0.00083834484152093668302	0.0050244985089676246284	0.0025980517359497344067	0.0046211321627329425901
8	4	-4	-0.0011883306295397996592	0.00093665134833124691783	-0.0002345306746593413792	-0.0033216770514483853587	-0.0026111919337389408874	-0.001448374354785891523
8	4	-3	0.0014903008853830524219	0.00095698280308938719375	-0.0031401912093775756832	-0.0026503428803639921853	-0.00021278591814862809302	-0.00098183636558029025246
8	4	-2	4.4752960408162707729e-05	0.00085966350799637845492	-3.4627430466685530069e-05	-0.0012032251233763495424	0.00010975698069927975723	0.0010322037852328145181
8	4	-1	-5.7870392198418374766e-05	0.0017851568511753632476	-0.00070062678679379134308	-0.0036589990282999453053	-0.0032654702847625120994	-0.0003547413037968763787
8	4	0	-0.001003678289740139902	-0.00091016839576437476734	0.002007356579480279804	0.0018203367915287495347	0.0018798244417397827651	8.6020624430626637606e-05
8	4	1	0.00099452900649019061914	0.0010651708718043490301	-0.0020117720553254059279	-0.0026585898708588458043	9.0856169380099802081e-05	0.0021129925090005914103
8	4	2	-0.0012909638828805356132	-0.00045624034449120087417	0.002266880567711626604	0.0019200670658937103209	0.00063009439609888967873	-0.0020151727538226175789
8	4	3	-0.00030543575946183142795	-0.0010680948771205948065	-0.0011543476368254500242	-0.00010051956513652750454	0.0023536255409988171734	0.0029822790925036228235
8	4	4	-0.00025028158441590730781	0.00098181066115296078238	0.0022173779540266510581	-0.00040470353036121064182	-0.001716814785194836334	-0.0015589177919447109229
8	4	5	0.00010015553239168211016	-0.0020545444479522258219	-0.002471934216833577419	0.0047847476032996712897	0.0018172985216401706891	-0.00054052696591617554328
8	4	6	0.0033525919715101993625	-7.0374447096886261297e-05	0.0011676986577632169403	-0.0075174748409496455412	-0.005248588400522410588	0.0051054824900956122594
8	4	7	-0.0026434498438239308407	-0.00084590610227106206344	-0.00040688556216713435464	0.0077221643902853822489	0.0032535915713228550326	-0.0034459155347104329647
8	4	8	-0.0002564815632228448542	0.00094903775408964317385	-0.0065494071503744630269	-0.0038749038924046994709	0.0035311851384100764219	0.00098841419211270656157
8	5	-8	0.0032655461075943728946	-0.0018386254739800231804	0.012961814998593546716	0.0022997134371952943944	0.011366680481715340026	-0.0004013045757329642923
8	5	-7	-0.0021113652767929427627	0.0018341065514174399818	-0.010935629384654933435	0.0030185249623048732333	-0.010224152733945458468	0.004252211031837697941
8	5	-6	-0.00062729012728942917972	-0.0024815960730133440441	0.0066450910549682830689	-0.0046687682965156412571	0.0047011890427543301732	-0.0071994350111141596285
8	5	-5	0.0035737183447446243742	0.0010696449779471332332	-0.0036458563147587670639	0.0024223205975998480209	0.0020720930368326321083	0.0041337525623152612808
8	5	-4	3.2094422507972674341e-05	0.00066595004687365600381	-0.00082521667862472643587	-0.0041632579151905336687	-0.00096733200326496262839	-0.0038721723002408548614
8	5	-3	0.0015209767548190170246	-0.00039722566445585206704	-0.0026652740248661503999	0.0010197986477741393784	-0.00038618536192620503281	0.00064039597440796001016
8	5	-2	-0.00082588416903638431875	0.00064281202590770391767	0.00062255027824374969004	-0.00012349561537250343824	-0.0017471609805361631041	0.0022625090651995569124
8	5	-1	-0.0013985922351365432	-0.0009958021223453732574	0.0021530231648217907671	0.00086322333377921367167	-0.00042362205698339333625	-0.0036503003098669172671
8	5	0	0.00088703688275639034754	-0.0016347586591072044062	-0.0014192590124102245127	0.0026156138545715269632	0.002568189765709528137	0.0026661890802126531584
8	5	1	-0.00020088454274125772158	0.0026533901876016384794	0.00054045842582753312808	-0.0036967780535617721614	-0.0010952157872076036509	-0.0027432312330042474616
8	5	2	0.00029060124310224425903	-0.000357281169078439004	-0.001774650497393837718	0.0013356116275636618473	0.0032742212710756171505	-0.0019099043925953987106
8	5	3	-0.00079654672369219923882	-0.0018916829430570087853	0.0033341375043178180133	0.00043384086838184885739	-0.0034327712440171656745	0.0043214197341822748258
8	5	4	0.00023832626305472312685	0.00076866825497668269176	0.0014597166935069320112	0.0021482034234279957959	-0.0023012983929931113761	-0.0042225907892383604536
8	5	5	-0.0023535937994777424327	-0.0030515724700943104922	-0.0014660779016700349522	0.0012074197125472171336	0.0052318279808344228879	0.003675096239603679437
8	5	6	0.0025121700045533080191	-0.0011643697718608397342	0.006284555372389348353	-0.0031073625277874611025	-0.0085866894830622011309	0.0041419618023040040422
8	5	7	-0.0027324934565633009556	0.0027806218901806258742	-0.0023646104401352403823	0.0077818714203482745179	0.0048118571218832301845	-0.0087363331747409116168
8	5	8	-0.0011356596915958652293	-0.0011791093683427950837	-0.003676809872477320492	-0.0067508641431980867184	0.0034336658618941903742	0.005398399457841599608
8	6	-8	0.0029276275158884356234	-0.0042523250789817624781	0.0067211816113186967359	0.009905632706104649729	0.0079685137243774590426	0.0031768994505967248186
8	6	-7	0.0052638808027753768506	0.0033413725070552025183	-0.019331351625460884563	-0.008233155512282029978	-0.010553866190080328502	-0.0032382790024643656746
8	6	-6	-0.0033696266793766102218	-0.0012668041728594286576	0.011916057753210014189	0.001362493070756093036	0.0074232221807078672265	-0.00032657915972314515611
8	6	-5	0.0043712990960739495083	0.0014973806041446769723	-0.009114481507587162204	-6.4466616861387327457e-06	-0.0039432992553862754315	0.0023880729726081166391
8	6	-4	-0.0045847849682942986432	0.0013110834676169946019	0.0072390787248745426877	-0.0038292680146430435432	0.0016890481507232165282	-0.0031217350867305758942
8	6	-3	0.001362344652075703471	-0.0017953402377682559088	-5.9334884094780740069e-05	0.0038939016468468035104	0.0035142493040123141262	0.0030002293263115919868
8	6	-2	-0.0012526117585687302283	0.001792025938571314243	-0.00015300621908517460842	-0.0017254626560888365605	-0.0054694656915304446301	0.0019917157860187468567
8	6	-1	0.00034021665337753421565	-0.0007419293459788198165	0.00025566340428521917502	-8.9061611242833007228e-05	0.0042557136527315887753	-0.0064698044352875568735
8	6	0	0.0016942481742738507537	0.00015435315685653194502	-0.0022589975656984676716	-0.00020580420914204257529	-0.0016719078924997605486	0.0061831458751720521499
8	6	1	-0.00087948953100966550077	0.0010303248443626674552	0.0011161142560289600504	-0.00018344601841734355595	0.00033923071190356327009	-0.0071419226443972787938
8	6	2	-0.00051259192223795772576	-0.00047145399173648279943	-0.00026460105547987085653	-0.0015593183787764239301	0.0028441708553914434726	0.006563771103275202988
8	6	3	0.00093842199061678840694	-0.00019782052719091033845	0.0021963907954537778208	0.0020147034361323824456	-0.0068952402325523241486	-0.0035018854664223371051
8	6	4	-0.00032802565523677663841	0.0018604792730039238901	-0.0023420626548009844912	-0.00099993980037252979017	0.0041691452926750300137	-0.0022210488454490529865
8	6	5	-0.0027266259562964329823	-0.0006779739658205670861	0.0018197494761732940002	-0.0022189737656103537128	0.0021789021586663399714	0.0037475268640453319666
8	6	6	0.0042785393428090082169	0.00020946476881291103793	0.0012765496385079566632	0.00094222737262704544733	-0.0069812687622533018197	-0.0012215137310442600923
8	6	7	-0.0035762972785534879842	0.0041167636758981081616	-0.0029789945729700073769	0.0028624354062611045979	0.006640620809463992219	-0.0071583888349644984872
8	6	8	0.00090252297726732251624	-0.0036794159766491479555	-0.0018597324158274848669	-0.0061198223544993279183	0.00049227633460329118815	0.0082692827425236443278
8	7	-8	0.0056971502081150024455	-0.008586442268332050709	-0.0014345561993163514266	0.013894087931026057742	0.0044419135337131947575	0.0035708846713157493813
8	7	-7	-0.0017569695786146329215	0.0097514720931395522385	-0.0014471526097100701359	-0.010015364631686630645	-0.0034551178424125079773	0.0011291749033299997105
8	7	-6	-0.0055756741091429430288	-0.0094559148727674079832	0.010458756243307562941	0.013103991423770956423	0.0047676501383348991042	0.0026801034973762379379
8	7	-5	0.004473469454049559986	0.0030620283950833953115	-0.0062479538680794864322	-0.005863615754179380378	-0.0015895842888319854612	-0.0033098166237177004644
8	7	-4	-0.0055959150624873815055	0.0016187681473704979961	0.010734878535115587039	-0.0025819482647095651738	0.0075942073114775143078	-0.0012808731685007429535
8	7	-3	0.0027637322340764904766	-0.0010661369393210845362	-0.0029524702126103416662	0.0018266872097450600945	0.00048085546144651096934	0.0014192383178822480516
8	7	-2	-0.00026959069717946595839	-0.000306347624590332416	-0.0012535647129992995557	-9.2041502739728491e-05	-0.0054658392842154126037	-0.0015475357579503793825
8	7	-1	-0.0016158410416433667284	6.173475656782819094e-05	0.0030942054416958604882	-0.00067298662143790068807	0.0087327097587240887222	-0.0042170282975226795058
8	7	0	-0.00010538141381598566874	-0.00090610732873620889859	0.00012043590150398361368	0.0010355512328413815984	-0.0054569343510128638305	0.0043108964486043540101
8	7	1	-0.0018737357699146819923	0.002862893269791851221	0.0015028771765471214423	-0.0024455438641445572355	0.0044697459234876064926	-0.0057843391093229086855
8	7	2	-0.0017110957907054504847	-0.0027551958935862130504	0.0019062602043412929173	0.00084132551239429016407	0.00017247244762727634857	0.0080761442809648368441
8	7	3	0.00352444749181776186	0.0004984620953168836981	-0.0014513057010358436979	0.0030762760762138301358	-0.0060121466757637300263	-0.008507209765343960034
8	7	4	0.0012926581308606199978	0.00055976879984380738167	-0.0016375302131784702075	-0.0022011333968581310756	0.00028036161134108275898	0.0027324458448141145106
8	7	5	-0.00057405685870311239441	-0.0013257684861065180577	0.0028016605289105556316	0.0011780653371290038083	-0.0030038337665497980532	0.00047193810578982344156
8	7	6	0.0057473998673028591291	0.00067387098321834519848	-0.0023272083553506034241	-0.00089306069418811182426	-0.0049481234084947749163	0.00014340949892833681849
8	7	7	-0.004983986482323609149	0.001323004507733617106	-0.0012586250584270851968	0.0016372235349128242549	0.0069546096096540664308	-0.0031492286866083869096
8	7	8	0.0052302556697471722785	-0.005289156107180711941	0.00031444538469055583396	-0.0044715751733451093025	-0.005505395381351408518	0.0092017843838576827975
8	8	-8	0.0077654594383641598054	-0.002159750261774613482	-0.0025716206593174809752	0.0074416399946807421789	0.0051938387790466779628	0.0052818897329061286969
8	8	-7	-0.007898578556101659362	0.0084768918548013046793	0.0025394987529275808019	-0.0081507354536798810873	-0.006124662632198948041	0.0003727501727101977403
8	8	-6	0.001710899915523301151	-0.0094746044714758125699	-0.00093538712634967842181	0.0050400260022263904808	0.0010340170522314970445	-0.0059127712923325633637
8	8	-5	0.0011262652644679533882	0.0099969869490405382367	-0.00010002517521444666249	-0.0088593695261447204248	0.001641984142805610631	0.0018201878766333091497
8	8	-4	-0.0037793018510429913885	-0.004882299735975110383	0.0026165824587087928473	0.0047591874467746856162	-0.0023254387846683970825	-0.00024622457840085034677
8	8	-3	0.0054670957318188519863	0.00080950755678066497589	-0.0051127996082068914371	-0.0013597132779908265628	0.0009447896629652298298	-0.0014672152565604308985
8	8	-2	0.00035340458469154900851	0.0033740172522681603426	-0.0017675774346456161502	-0.0035266158679179162271	-0.0056566913998162687838	-0.00061039446259902364628
8	8	-1	-0.0011454326087264471174	-0.0024485396983195146375	0.0015578498408228666668	0.0019982701840384610274	0.0032993378567713563948	-0.0036021561142484258451
8	8	0	0.0030051151015481774621	-0.0023329352221441433148	-0.0030051151015481774621	0.0023329352221441433148	-0.0044848786029770097705	0.0043448432372588672093
8	8	1	-0.0032165888324794267988	0.0012058129274074950998	0.0032799113614641003424	-0.00067564523388236800809	-0.00050658023187738780626	-0.004241341548201016734
8	8	2	0.00062509041950498719226	-0.0013551080593325443534	-0.00029055310988136722394	0.00071384446996749508722	-0.0013381492384944796564	0.0025650543574601974983
8	8	3	0.00015204961895429631178	-0.0012199115444142176554	-0.0010522205264802911989	0.0012925147905222783128	0.0024004557534026528878	-0.00019360865628816146394
8	8	4	0.002001419373629343551	0.00098632936651755131682	-0.00071001327000707985249	-0.001827860862928694808	-0.0025828122072445269634	0.0016830629928222869823
8	8	5	-0.0049589645079210339582	-0.0027049799465051439437	0.0019388242974964717009	0.0038447102883531016938	0.0048322243366792994382	-0.0018235685469567323135
8	8	6	0.0041220592962936883352	0.0011269763721561988894	-0.0022744538065963041361	-0.0015292332267302394689	-0.0024634739862631786431	0.00053634247276538747542
8	8	7	-0.0069171572693989104644	-0.0013091298818121834078	0.00014158958067109756579	0.0021264180723151882707	0.0077435059299746436534	-0.00093404364628914824439
8	8	8	0.0067210111099283336225	-0.0016845246951050676498	-0.00099772777182584207294	-0.0016659018936430445602	-0.0057232833381024913327	0.0033504265887481119932
