# spectral state cutoff transform; source=proof/l4/states/local-remainder-absorption/theta-0.75-K5-envelope-warm/K5.tsv; source_cutoff=5; target_cutoff=4; operation=project; candidate_lemma_proved=false
kx	ky	kz	ux_re	ux_im	uy_re	uy_im	uz_re	uz_im
-4	-4	-4	0.00059794458538710466844	-0.0032707903263650313364	-0.00078725456761428839764	0.0043528155126455842991	0.0001893099822271837292	-0.0010820251862805533964
-4	-4	-3	-0.0027686443432829461325	0.0043502246985878878158	0.0031635034068498422456	-0.0050392065726795115185	-0.00052647875142252807852	0.00091864249878883185666
-4	-4	-2	0.0064334697101559598989	-0.0046567911523831429649	-0.0066587125951984328653	0.0048813055935331218019	0.00045048577008494490289	-0.00044902888229995816189
-4	-4	-1	-0.0080701692356347463908	0.0020447079511790636729	0.0077141794068420156336	-0.0019819409210283939204	0.001423959315170923029	-0.00025106812060268003965
-4	-4	0	0.0080466286198685454956	0.0010431296227893566055	-0.0080466286198685454956	-0.0010431296227893566055	-0.0031653870377571233577	-0.00051252087577485620513
-4	-4	1	-0.0052705433500008364023	-0.002922291137010389183	0.0060872263164419909351	0.0033942350837825492615	0.0032667318657646172639	0.0018877757870886398804
-4	-4	2	0.0026443251575801207144	0.0032227447864224966108	-0.0037534756489137894968	-0.0045945730218181586244	-0.0022183009826673375647	-0.0027436564707913244608
-4	-4	3	-0.00065989395487968209846	-0.0020975312313523428003	0.0011305354639643417757	0.0036740737218741432828	0.00062752201211287953354	0.0021020566540290671655
-4	-4	4	-0.00010304192550117192084	0.0012109280048362756985	0.00023645106546441003277	-0.0026293033735820042426	0.00013340913996323809838	-0.0014183753687457285441
-4	-3	-4	0.003307686622519768159	-0.00060422259896878523135	-0.0060870309842639708925	0.0011000866364012016046	0.0012575866156782100104	-0.00022084237833211583656
-4	-3	-3	-0.0062321855050660925762	-0.0012677011759829610437	0.010130475488491474598	0.0020209567697007553566	-0.0018208948150700177571	-0.0003306885350568074429
-4	-3	-2	0.0069671671903566217629	0.0045967871400441071353	-0.0095366159576787748464	-0.0062182642475537078242	0.00037058955580492037012	0.00013382209124234703199
-4	-3	-1	-0.005205523404162738961	-0.0074810420120410281442	0.0065698687593396289108	0.0093578969526065050588	0.0011124873386320686779	0.0018504771903446013033
-4	-3	0	0.0019211815406397323054	0.0081555799430282141516	-0.0025615753875196435076	-0.010874106590704285535	-0.000954995388592528964	-0.0045602471224980758308
-4	-3	1	0.0010156678071480242445	-0.0066564617345603637258	-0.0016478126740500597096	0.010581984672858764374	-0.0008807667935580816088	0.0051201070803348364829
-4	-3	2	-0.0025080157821362886184	0.0042267525865239000474	0.0048244406294361804124	-0.0080420922208875936232	0.0022206293798816938156	-0.0036096331582835881717
-4	-3	3	0.0024320176433857546884	-0.0018919673723609168811	-0.0056135913686524560248	0.0043299823371474466943	-0.0023709011774714497736	0.0018073591739995575195
-4	-3	4	-0.0014359228865745228467	0.00041289218022820425814	0.0040696658796141246817	-0.0011381866386871799818	0.0016163265231360702309	-0.00044074779878718078245
-4	-2	-4	0.0016865591242736927002	0.0027793035698706618393	-0.0051074738519570409001	-0.0084440111055785714578	0.00086717780170482774982	0.0014427019829186241064
-4	-2	-3	-0.00087337582073208669571	-0.0053963964233847867835	0.0021437208178873485599	0.013066082932102748848	-0.00026464611761545014847	-0.001515526723555451127
-4	-2	-2	-0.00186105679739891278	0.0082231907498949655816	0.0035549218437480822018	-0.016199923417200442349	0.00016719175104974319567	-0.00024645808258948930175
-4	-2	-1	0.0056504930611847121666	-0.008398404407687878187	-0.010110555940643731546	0.015045097552655222264	-0.0023808603634513881772	0.0035034225254410725561
-4	-2	0	-0.0083698397131296339152	0.005754613401459996759	0.01673967942625926783	-0.011509226802919993518	0.0068787563161049215116	-0.0047128985615450206398
-4	-2	1	0.0068232839705205496419	-0.0016038679312259575965	-0.017444230072733209885	0.0040407818715735730961	-0.0075953242633842203355	0.0016660920182433160228
-4	-2	2	-0.0048931839639119942276	-0.00078745040203426013535	0.015027892501143514867	0.0025409525059450674932	0.0052415245733195264116	0.00096605170187654743931
-4	-2	3	0.002652833915799548449	0.0016540691102917277726	-0.0093519264136277396871	-0.0059536745360606073071	-0.002697505721352428526	-0.0017636908769847674076
-4	-2	4	-0.0010086443131314866157	-0.0013643706626288183009	0.0042889946157069888319	0.005892856000987449841	0.0011358529947220080171	0.0015820573378649068364
-4	-1	-4	-0.0011010838941807839838	0.0014654016412304520563	0.0068268334698442277933	-0.0087502942461768831728	-0.00060562447328027285611	0.00072217192031376884528
-4	-1	-3	0.0031728815440807758841	-0.0018264216893338640259	-0.013100516430433395074	0.0075945024427736341002	0.00013633008470343064796	-9.6271895146059151445e-05
-4	-1	-2	-0.0065375820977175667925	0.00092634089248158657005	0.020703732035364227904	-0.003118088012033234848	0.0027232981777530196332	-0.00029363777894655560766
-4	-1	-1	0.0088367518653353904767	0.0021134349236110652054	-0.026546859802243773924	-0.0061073218176875459021	-0.008800147659097789718	-0.0023464178767567149195
-4	-1	0	-0.0062680539173019930374	-0.0043365815131471705315	0.02507221566920797215	0.017346326052588682126	0.010463500010782712107	0.0077704819664061652515
-4	-1	1	0.0025450318098485347033	0.0035765466752341831293	-0.015493898402135612008	-0.022867166117117122826	-0.0053137711627414731946	-0.0085609794161803920431
-4	-1	2	-0.00066575963125958641242	-0.0027714058948077437486	0.0045135259578158431343	0.021441982956500675594	0.0009252437163887487423	0.0051781796886348503001
-4	-1	3	-0.0003474851802631567484	0.0018937904998396648971	0.0030828845552918785963	-0.015166643991560932805	0.0005643146114130837953	-0.0025304939974007574499
-4	-1	4	0.00060662630615201430535	-0.00095568429522931142277	-0.0058099453550319009668	0.008838237735151716068	-0.0008458600326059607195	0.0012538751385586179195
-4	0	-4	-5.7373693440551048301e-05	2.7147798596203454692e-05	0.011110912729972064264	0.0033553738038331125219	5.7373693440551048301e-05	-2.7147798596203454692e-05
-4	0	-3	0.0010939947557485657677	0.00087147034648363405022	-0.012245605682699233635	-0.0098506243921411603542	-0.001458659674331421385	-0.0011619604619781788782
-4	0	-2	-0.0014075477367102222186	-0.0026574480577452258903	0.01222417807332145008	0.021694612076825197516	0.0028150954734204444371	0.0053148961154904517806
-4	0	-1	0.00026838405439019334198	0.0032343146942492534239	-0.0043653682952526371222	-0.032061306642320638871	-0.0010735362175607733679	-0.012937258776997013696
-4	0	0	0	-0	-0.0086232900335406550973	0.034021321788700743805	-0.0045194279520864681643	0.014465837331274938524
-4	0	1	0.0015264352881791153679	-0.0019231248315007046755	0.02038790681597294277	-0.028661066809268928579	0.0061057411527164614715	-0.007692499326002818702
-4	0	2	-0.0015848609792066088112	0.0009284949397549965627	-0.024660532607702474045	0.015816873588747826923	-0.0031697219584132176225	0.0018569898795099931254
-4	0	3	0.00063714769236469922728	-8.4218881612075429072e-05	0.018747537009332099212	-0.003195359512284389001	0.00084953025648626563637	-0.00011229184214943390091
-4	0	4	-0.00030234546874048770157	-8.7251245357786871588e-05	-0.014001256975572952401	-0.0030508185962097290021	-0.00030234546874048770157	-8.7251245357786871588e-05
-4	1	-4	7.0527884113097210304e-05	0.0011200189841929306805	0.00079572928684759711843	0.010042365613421337309	0.0001284044375988020693	0.0013905724191624034298
-4	1	-3	0.00028346692833830083045	-0.00088181406759010427365	0.0043335913097522155493	-0.013784371440072405723	0.0010665745321330041481	-0.0034190383899039959205
-4	1	-2	-0.00071428456173905352771	0.0009246218971001600364	-0.013504295214095903693	0.016244093662824771879	-0.0053235784835698454417	0.0062728030372120654329
-4	1	-1	0.0029526528779532956216	-0.0016694344927508828706	0.024890655742144385254	-0.013318286062433406028	0.013080044230331202768	-0.0066405480914298745457
-4	1	0	-0.0082380842412644369327	0.00083057064324044331625	-0.032952336965057747731	0.003322282572961773265	-0.015023342398318139182	0.0013043990602528312932
-4	1	1	0.0094132078853822517134	0.0026416865530204587144	0.030803083375074435252	0.0086963373570791320522	0.006849748166454576806	0.0018704088550027034559
-4	1	2	-0.0055724331415538830986	-0.0041532864144299989559	-0.021038914229004647416	-0.015899298948030254203	-0.00062540916860544335659	-0.00035692335484487097306
-4	1	3	0.0020383661365178805565	0.003462496521859219703	0.010473433788374049078	0.017724133728227793594	-0.0007733230807675092397	-0.0012913825469303042044
-4	1	4	-0.00036089940287835082632	-0.0024306877812336979104	-0.0023228897164891161575	-0.014972868509244639801	0.00021982302624392829437	0.001312529346077461823
-4	2	-4	-0.001606541728144711802	0.00076464391108569415654	-0.0073153996103988575342	0.0035057159326408490578	-0.0020511580770547167482	0.00098821405523473026394
-4	2	-3	0.0026055093428662087253	-0.00017530704374673779342	0.011955172188057253818	-0.00079074619984339524457	0.0044961023348832227994	-0.00029342140823327973569
-4	2	-2	-0.0038366147508240387026	-0.001316672989254679977	-0.015871513577372105275	-0.0053412274152921605103	-0.0081982840757240296042	-0.00270788143678280099
-4	2	-1	0.0051211626949979223433	0.0045964184669205401107	0.014828487811203001911	0.013039623775324069022	0.009172324842414312715	0.0076935736829659741309
-4	2	0	-0.0054216330765070727335	-0.010914718600538515086	-0.010843266153014145467	-0.021829437201077030173	-0.0057046851349439658616	-0.010282644719633639643
-4	2	1	0.0011604964703093728368	0.012307750883761191946	0.0018948012961415993012	0.022621408198946663798	0.00085238328895429209438	0.0039881871371514479932
-4	2	2	0.003003489918377739553	-0.010505609442592116556	0.0066365440849007672694	-0.022383505352314987669	-0.0006295642481452883802	0.0013722864671307547727
-4	2	3	-0.0045690321652195288113	0.0057782641640753635084	-0.012102029151320050498	0.015276630076039179537	0.001975976547253995106	-0.0024800678319256345798
-4	2	4	0.003948211169825530456	-0.0022507415871421843773	0.013074815106502050283	-0.0074688285477061714876	-0.0025891963834254946852	0.0014836726867109013665
-4	3	-4	-0.0010529664218793656581	-0.00099197208017065443934	-0.0036385066220145480601	-0.0034358624959521903708	-0.001675913544631545387	-0.0015849247917934885556
-4	3	-3	0.0012769708926540633987	0.0028254645506873405335	0.0037345592169630986712	0.0082287443294059448712	0.0020319313600910141396	0.004461458261822824449
-4	3	-2	-0.00018776862131701562699	-0.0050126196004186187455	-0.00048832582094909164974	-0.011847047856836894278	-0.00035695148878960632904	-0.0077453325844181047932
-4	3	-1	-0.0025866930723522554153	0.0069796449679099814567	-0.0044382339375882186305	0.012264873785284255078	-0.0029679295233556346641	0.0088760414842128394081
-4	3	0	0.0068485851286210841851	-0.0076206846951677809435	0.0091314468381614461584	-0.010160912926890374591	0.0048570499809679479331	-0.0059537048331068835941
-4	3	1	-0.010895806693373316296	0.0054656174091573554372	-0.013706096354350849956	0.0067867299418384423315	-0.0024649377104407131471	0.0015022798111140951878
-4	3	2	0.011760535555594727256	-0.00096896592030452932415	0.016728661308963894971	-0.0013089847786537530359	-0.0015719208522563868618	2.5545327371570990309e-05
-4	3	3	-0.0086475072903069560154	-0.0026946938636123267917	-0.015321843230169914299	-0.0048526765181236336186	0.0037918335097606374433	0.0012597513666405312296
-4	3	4	0.0035380012141328531956	0.0029335772039448390278	0.0078471771937432769489	0.0064632835058915415541	-0.0023473816811746040824	-0.0019138854254738173546
-4	4	-4	0.00042780377831335173952	-0.0010048543284461267534	0.0012867883116910820967	-0.0030665859935235665126	0.00085898453337773024874	-0.0020617316650774395424
-4	4	-3	-0.001540379072751730128	0.0015157820603692317724	-0.0035524250461169320017	0.0035675886430776111366	-0.0026827279644869358316	0.0027357421102778395859
-4	4	-2	0.0044060066369771156564	-0.001802556163486864968	0.0075550221333724361383	-0.0031851634170977677525	0.0062980309927906400966	-0.0027652145072218055691
-4	4	-1	-0.0075056316386054797163	5.5126329883606976496e-05	-0.0094449863732075714506	0.0001210843796820872245	-0.00775741893840836607	0.00026383219919392093778
-4	4	0	0.010463965504573742582	0.004043150319029254966	0.010463965504573742582	0.004043150319029254966	0.0061970348002998235093	0.0021783585127459676768
-4	4	1	-0.008712940000839018706	-0.0080858523785748096652	-0.0081815896319446610591	-0.0076611568839649209217	-0.0021254014755774318889	-0.0016987819784395523717
-4	4	2	0.0049662464102363168203	0.010490697893769390311	0.0052556063385654190959	0.01124109788829934925	-0.00057871985665820639428	-0.0015007999890599183108
-4	4	3	-0.00045606290280967350798	-0.0075284022067933324684	-0.00059576497118912644449	-0.0098540119837528510754	0.00018626942450593726676	0.0031008130359460235083
-4	4	4	-0.0014772433788363635836	0.0043978571611276344802	-0.0024755436452282308414	0.0074448982322716976759	0.00099830026639186769145	-0.0030470410711440631957
-3	-4	-4	0.0014451068550432987891	0.0051758407643293230516	-0.0018561951336189038558	-0.0064801380302519379778	0.00077236499233642981824	0.0025982574570049461228
-3	-4	-3	0.0010906325234002469879	-0.0097999741017563719164	-0.0009695188630352573507	0.0098995498379538145184	0.00020205929398009613734	-0.0033994256821820484533
-3	-4	-2	-0.0057505931582977239114	0.010802434749899494579	0.0045667198547818576085	-0.0087508452189391620901	-0.00050754997211712956674	0.0012980383130290801437
-3	-4	-1	0.009384773691070687554	-0.0078948339303974105624	-0.0065809864108394931087	0.0056122775382228366758	-0.0018303754298540949978	0.0012353916383008841165
-3	-4	0	-0.010044116723646509537	0.003315317821602158186	0.0075330875427348812853	-0.0024864883662016187479	0.005428536387874612068	-0.0016096187241009787729
-3	-4	1	0.0085483887819283437687	0.00053754480828381134404	-0.0081488219986980171827	-0.00054492761755740978715	-0.006950121649007042629	-0.00056707604537820479121
-3	-4	2	-0.0056718564057912828139	-0.0027008240539697675638	0.0070085770841040095566	0.0033635740514239482503	0.0055093695595210953261	0.0026759120218932453718
-3	-4	3	0.0025730296835206663969	0.0027373629085141880542	-0.0043324974801540452538	-0.00459764518346636019	-0.0032036336233513935078	-0.003392830669440959155
-3	-4	4	-0.00059160463009494802886	-0.0015616303187714125275	0.0013684267622928556352	0.0035242635597748169125	0.00092472328972164447806	0.0023530408206962577337
-3	-3	-4	-0.0055933980624356116618	0.0041116528403116487517	0.0093972392798790226748	-0.0070234732967655007577	-0.0028528809130825573924	0.0021838653423403892213
-3	-3	-3	0.009788388229876831409	-0.002576868496759646826	-0.013021751317278220869	0.0034867018613141680279	0.0032333630874013916286	-0.00090983336455452087661
-3	-3	-2	-0.014374121419016191656	-0.0018715223801729179154	0.015507681949854832532	0.0017912890239366900322	-0.0017003407962579628315	0.00012035003435434158086
-3	-3	-1	0.016153794372984267569	0.0089878612769070768962	-0.014939523139340478083	-0.0082784029261776491404	-0.0036428137009313619511	-0.0021283750521882867368
-3	-3	0	-0.010227078528563476531	-0.012558930433287518111	0.010227078528563476531	0.012558930433287518111	0.0066963366815197180454	0.0077051227997569689959
-3	-3	1	0.0038916574599664223444	0.012056942309418986273	-0.0051840081312455564555	-0.015818128069984383616	-0.0038770520138374018997	-0.011283557281696192029
-3	-3	2	0.00046688913649024907024	-0.0074317435893160475532	-0.00083647606351992267147	0.013236886660186105227	-0.00055438039054451029343	0.0087077146063050860775
-3	-3	3	-0.001937629654690803914	0.0038774746319141864537	0.0044163519247545921301	-0.0087975031661107309933	0.0024787222700637882161	-0.0049200285341965445396
-3	-3	4	0.0017492905166770430798	-0.0015325739423716836906	-0.0052268088803578234211	0.0046718866623446809322	-0.0026081387727605854186	0.0023544845399797479854
-3	-2	-4	-0.0050550476215412048012	-0.0031807396858523615847	0.012232132385976212524	0.0078210213645067173938	-0.0023247804768322024443	-0.0015249559178640876168
-3	-2	-3	0.0060709191082823996816	0.0087046842702963814903	-0.011483567355844943869	-0.015775599618044120614	0.0015847924622808967372	0.0018123821417330332646
-3	-2	-2	-0.0042236103388652926349	-0.017748222307361487954	0.0062212254474231067428	0.025446520407209544112	0.0001141900608748323316	0.0011758130538326895531
-3	-2	-1	-0.0035293896911851689591	0.023846044193265053535	0.0045626123803180563057	-0.029963959340043908042	0.0014629443129193936152	-0.011610213899707339316
-3	-2	0	0.01125035600724722841	-0.019451631903838525334	-0.016875534010870843482	0.029177447855757789735	-0.010866819535719454692	0.01912372778847534413
-3	-2	1	-0.011670797617152957326	0.009571456792815957737	0.02555502961189829586	-0.020798682302691426371	0.016097666372337709334	-0.012882994226934981266
-3	-2	2	0.0082212344651618664976	-0.0027404343322775682329	-0.024389888999085847232	0.0078990762666446452667	-0.012058037301343044884	0.00378842476822829205
-3	-2	3	-0.0046025032229143926499	-0.00035311071260645351304	0.016786921966658152616	0.001422534956286422049	0.0065887780881910438732	0.00059524592491782787104
-3	-2	4	0.0021416951493567304259	0.001150894485827595997	-0.0098057737888243377139	-0.0052910552781231384722	-0.0032966155323946207123	-0.0017823567746908719131
-3	-1	-4	0.00082635286558713889025	-0.004229308573085787358	-0.0032978788385924508696	0.015891843144508709801	0.00020470506045775863102	-0.00080097935631283682326
-3	-1	-3	-0.0056177947541883824917	0.0082152047644681314154	0.0151156273450092863	-0.02291443021435493263	0.00057925230585195437542	-0.00057706135968315600427
-3	-1	-2	0.015279509263172988756	-0.010455390376853949258	-0.031777228088594296207	0.021627263700152110637	-0.0070306498504623350307	0.0048694537152048694359
-3	-1	-1	-0.024932576044399988591	0.0055529703808682639651	0.049976010500482323518	-0.011296043569689427979	0.024821717632717638785	-0.0053628675729153630486
-3	-1	0	0.018964777063647724614	0.0028720298796905477379	-0.056894331190943177312	-0.0086160896390716432136	-0.034816464844121555733	-0.005767021151233822987
-3	-1	1	-0.008420706331616239701	-0.004590459508170394512	0.04972829678393311803	0.028674848122859884769	0.024466177789084400662	0.014903469598348701233
-3	-1	2	0.003276825825357580161	0.0035389429714365013349	-0.026694686612555328098	-0.033184630804193634979	-0.0084321045682412935907	-0.011283900944942061584
-3	-1	3	-0.00098745803205586802839	-0.002929487955165421733	0.0079854944292220737811	0.02690909396233672618	0.0016743734443514898987	0.0060402100322801532267
-3	-1	4	-0.00012252758733082515685	0.0013641045263051256638	0.0020349590740274584554	-0.015619155888777715505	0.00041684407800874582074	-0.0028817105774655844656
-3	0	-4	0.001905725366947531212	-0.00040835346222353697751	-0.016002070074031111285	0.0026088586162452071307	-0.0014292940252106484632	0.00030626509666765273313
-3	0	-3	-0.0054253042614411765843	-0.0011966188894675566703	0.027090357095681527611	0.006208547355224726394	0.0054253042614411765843	0.0011966188894675566703
-3	0	-2	0.0094118206346610177454	0.0068655519240325684621	-0.036741128727390361119	-0.025332091031938949038	-0.014117730951991524016	-0.010298327886048853561
-3	0	-1	-0.0064238590901598549218	-0.0098089276260167508614	0.033394984939337929442	0.049585081094303644356	0.019271577270479563898	0.029426782878050252584
-3	0	0	9.2192139527705547546e-44	-0	-0.014905329765198378766	-0.06754400937928829729	-0.0082583520131297907113	-0.040756160849702509352
-3	0	1	-0.0015246543414656572521	0.0079700358563276358509	-0.010465205713737633225	0.063605834011635761782	-0.0045739630243969717563	0.023910107568982905818
-3	0	2	0.0031261266847253540123	-0.0044784897529362354893	0.026536108100014190597	-0.044582874830081935247	0.004689190027088031669	-0.0067177346294043528002
-3	0	3	-0.00157571975783367315	0.0010169201740460958282	-0.027198979965733307423	0.020629439761269165177	-0.00157571975783367315	0.0010169201740460958282
-3	0	4	0.00083149339012297688103	-0.00012001987309695045473	0.019042361410311216263	-0.004668441833969839104	0.00062362004259223266078	-9.001490482271283088e-05
-3	1	-4	-9.4924524190005056426e-05	-0.00037036200330987955383	-0.0072337906959894573977	-0.012274732512259415446	-0.0017372542808548605605	-0.00279091162558244444
-3	1	-3	-0.0001748209174075887357	-0.00073802049211560156322	0.0035199778516367564302	0.024989233225717152886	0.001348146867953174113	0.0090677649006879867261
-3	1	-2	-0.00082204608643008053679	0.0016942707132839094752	0.0091214193781578179615	-0.037486077210859870823	0.0057937788187240289728	-0.021284444675355798648
-3	1	-1	-0.0023024523775606190248	0.0038197304197576200692	-0.029682497588272946376	0.042090783600303181833	-0.022775140455591088434	0.030631592341030324661
-3	1	0	0.014832114880327930753	-0.0096278344167085600641	0.044496344640983793994	-0.028883503250125678458	0.030060172758110761254	-0.018587121174530731732
-3	1	1	-0.022698982788152671092	0.0041409696175600035559	-0.05185524828088228233	0.010009754943232100979	-0.016241700083575734415	0.0024131539094479096882
-3	1	2	0.014926907355375733724	0.0031256709670281499283	0.044604700565178637128	0.0087548996584547646854	8.8010750474282957207e-05	0.00031105662131484336291
-3	1	3	-0.0067502311599759454511	-0.0043799809703028956542	-0.029828845632674037824	-0.019273768204473303023	0.0031927173842487346911	0.0020446084311882052088
-3	1	4	0.0020647673130683224726	0.003124123794499834763	0.012200211179273409354	0.017567635989700260829	-0.0015014773100171107008	-0.0020488161515501888098
-3	2	-4	0.0012173712301880694215	-0.0014269546748648304947	0.0070729118979271383277	-0.0089888207844484521725	0.0026234275263225174772	-0.0034241943860756039741
-3	2	-3	-0.0020623887088859118449	0.0010828040793604567192	-0.01492498052204078475	0.0083680836734693151563	-0.0078875983058079458116	0.0044959183696190877302
-3	2	-2	0.0046567767353966381741	-0.00064528506031710276564	0.025640990258146083292	-0.0031639619428006689889	0.018655825155051125597	-0.002196034352325015003
-3	2	-1	-0.011177681009754013644	-0.0026146627252890434698	-0.030502311493892875216	-0.0079813909851999681466	-0.027471579958523707765	-0.0081187937945328050166
-3	2	0	0.016383277325337237962	0.012454079187812499771	0.024574915988005860412	0.018681118781718752259	0.019580695192623245871	0.015438905700606736851
-3	2	1	-0.012055626622459805763	-0.020413717643909271016	-0.015939632661769048	-0.02713642079595305831	-0.0042876145438413230254	-0.0069683113398216920895
-3	2	2	0.0029767385381501707334	0.018101943830516394052	0.0046787828051279862357	0.031588224006721739301	-0.00021367499790272913274	-0.0044353082609471490907
-3	2	3	0.0022108141788013415362	-0.010316849250226741569	0.0055900239307818564913	-0.025440064853029353831	-0.001515868441719896197	0.0066431939851261598284
-3	2	4	-0.0034272124797538505887	0.0049037712934081609598	-0.011384717666814621675	0.016791754967725329439	0.0031219494735919219204	-0.0047180490138065455177
-3	3	-4	0.0020130128314576841743	0.00062827702450302363568	0.0079507185703900709606	0.0024908979461993538407	0.0044532793041992899813	0.0013969656912722475724
-3	3	-3	-0.0025078572843974162622	-0.0021295712493440859849	-0.0086909006118216277498	-0.0071497356790132804427	-0.0061830433274242093192	-0.0050201644296691948915
-3	3	-2	0.0025873131830248443513	0.0053096560519123748439	0.0069456929721110390735	0.013143496273911406749	0.0065375696836292929506	0.011750760332998549593
-3	3	-1	-0.00081182361779542553098	-0.011850751404181392862	-0.0016507672221730883364	-0.018114589249676286975	-0.0025168308131329878742	-0.018791513536484692748
-3	3	0	-0.0050458143259248062693	0.015990621344406066168	-0.0050458143259248062693	0.015990621344406066168	-0.0034313634296684694149	0.014529941108184818085
-3	3	1	0.01260875637378191215	-0.015807533182121618481	0.011994684316232292337	-0.014447824018448868905	0.0018422161726488609553	-0.0040791274910182495975
-3	3	2	-0.013798351587751014891	0.0082685073459455582512	-0.016965737447790705389	0.0098285145999956469165	0.0047510787900595348801	-0.0023400108810751312632
-3	3	3	0.010989965366060365157	-0.0016713720696876514446	0.018375568674430398791	-0.0028607677730464755282	-0.0073856033083700345018	0.0011893957033588243005
-3	3	4	-0.007115115022324891049	-0.0017455130732919443143	-0.016460837192605395907	-0.0039114361962936565822	0.0070092916277103784264	0.001624442342251284201
-3	4	-4	6.0606923021331156288e-05	0.001300385236253106527	0.00026911443150002758865	0.0046395931119734522274	0.0002236592392340292011	0.0036643041847836230369
-3	4	-3	0.0011190897030897810349	-0.0030816705465742427923	0.0026037230316387199175	-0.0075552310920592039359	0.0023525410057618455217	-0.0069919709095046956443
-3	4	-2	-0.0038458735166985533876	0.0042981377816353671592	-0.0062416385543771759833	0.0071651622087362532021	-0.0067144668337065218852	0.0078831177450194543643
-3	4	-1	0.007590409930883118203	-0.0037407909810190029254	0.0082607288030520364952	-0.0041776753805584810469	0.010271685419558791372	-0.0054883285791769154116
-3	4	0	-0.011222072274741048958	0.00099232535123575582245	-0.0084165542060557884535	0.00074424401342681675842	-0.0086932095757524339291	0.001026112671953409829
-3	4	1	0.013266404436921390431	0.0038348736664038482642	0.0093546124581720679902	0.0027232415707668430199	0.0023807634780758993309	0.00061165471614417206252
-3	4	2	-0.010959809928113996291	-0.0086640906628053532962	-0.0097567543085111344686	-0.0077223513840085989193	0.003073793724851274934	0.0024485667738091678944
-3	4	3	0.0053655495023407035957	0.0096101325915831700003	0.0067004503389046449549	0.012015468153833031018	-0.0035683842828654892439	-0.006410491613527537734
-3	4	4	-0.00071225107928031593588	-0.0056265068307015603591	-0.0013767467704038454084	-0.010298409838192147323	0.00084255846094360856494	0.0060785297151659768364
-2	-4	-4	-0.0057756869050556896086	-0.0065557356357310659148	0.0071116700353204345686	0.0078275080395274927725	-0.004223826582792590198	-0.0045496402216619602488
-2	-4	-3	0.0042149105119197224217	0.011494783541754555883	-0.003808793923947785022	-0.010267319279901798365	0.0022684515573172321819	0.0060265700120326936087
-2	-4	-2	0.00059329133721834398287	-0.016461834153964269994	-0.00022570914844457576755	0.010211705643539403798	-0.00014187304032919242068	-0.0039615771331145402043
-2	-4	-1	-0.0067969958579050812966	0.015100626289248074083	0.003145792050386401334	-0.0071158474316937525908	0.0010108235142645585584	-0.0017378628517211391034
-2	-4	0	0.012219809082929234539	-0.011638856919197665407	-0.0061099045414646172697	0.0058194284595988327036	-0.0068523048482060783249	0.0066481149579315614376
-2	-4	1	-0.010420967740177223063	0.0042369039862167291385	0.0078232932987192353724	-0.0032120511911578899199	0.010451237714522498834	-0.0043743967921980996677
-2	-4	2	0.0080011113349394581001	-5.0839880097462320928e-05	-0.0092194939222379583554	7.8653210105831381405e-05	-0.010437876509536458611	0.00010646654011420045543
-2	-4	3	-0.0039754515750575428884	-0.001595272842893676957	0.0071028558566501335744	0.0027886610157211795709	0.0068201734254951492178	0.0026546994590324552235
-2	-4	4	0.0017399136409141594678	0.0016266939940004505449	-0.0041964652374481617447	-0.0038423678863082517954	-0.0033265084169910824445	-0.0030290208893080264145
-2	-3	-4	0.0043299045091132583665	-0.0084773984255680397137	-0.006723911478414268221	0.013134258484750362464	0.0028779813542540721993	-0.0056119946507787532922
-2	-3	-3	-0.011447634297051137095	0.0096006361534688357956	0.012478251600665582477	-0.01118660465707227783	-0.0048464954026314916585	0.0047861805547597209218
-2	-3	-2	0.022082796000222219834	-0.0072559699923125386967	-0.017082815204358711703	0.0058376233528534479666	0.0035414268063158485869	-0.0015004650369676343375
-2	-3	-1	-0.028172005386940521254	-0.0018832393561252522111	0.016291103525036241401	0.0014335335176159339117	0.0074707001987723157047	-0.00053412184059729763807
-2	-3	0	0.023300686705848786678	0.011531458372020349928	-0.015533791137232525609	-0.0076876389146802335747	-0.018804360053849604462	-0.0076694586846089360388
-2	-3	1	-0.013112306882714348452	-0.014384619054837396307	0.01402932251298776023	0.014982969091972716397	0.015863353773534583785	0.016179669166243353107
-2	-3	2	0.0042381063912905747593	0.010603792629865821731	-0.0069798778338796248558	-0.017010601174871811669	-0.0062317103595288612233	-0.014912109132441897508
-2	-3	3	-1.5291807595595205378e-05	-0.0059669665909831172412	0.00012161623915353270706	0.01317616979700019994	0.00011142170075646923907	0.0091981920696781235142
-2	-3	4	-0.0011023526580024058368	0.0025305772797635274485	0.0035307984698180992778	-0.0084513159893686712332	0.0020969225233623714315	-0.0050731983521447397006
-2	-2	-4	0.0098169229105014976094	0.0011867741019127040023	-0.019869704627469259028	-0.0020865080079439345118	0.0050263908584838807095	0.0004498669530156151463
-2	-2	-3	-0.017179487769124798802	-0.0094599576510181072192	0.025227069443548154337	0.01327282793856588046	-0.0053650544496155689114	-0.0025419135250318481041
-2	-2	-2	0.021863629658852051785	0.026127283625392593025	-0.021060762221676517653	-0.026472329782217435962	-0.00080286743717553033742	0.00034504615682484440038
-2	-2	-1	-0.014123581642920957427	-0.044278272305962020072	0.010966021757690475741	0.034809676493786821661	0.0063151197704609625047	0.018937191624350396824
-2	-2	0	-0.0029551769354258655698	0.044425731552377438482	0.0029551769354258655698	-0.044425731552377438482	0.0027193091914711224263	-0.037224033757668979761
-2	-2	1	0.013243052065224603445	-0.027925216114947280094	-0.022450658463775856333	0.047263260038469340207	-0.018415212797102505776	0.038676087847044127166
-2	-2	2	-0.011805251770099471284	0.010991523170610164456	0.030556999045440218915	-0.028598899290959264169	0.018751747275340742427	-0.017607376120349099713
-2	-2	3	0.0069809050456030663848	-0.0026645216525898770925	-0.024044557136868392744	0.0096024956241870657037	-0.011375768060843550328	0.0046253159810647924075
-2	-2	4	-0.0032064280500824823145	-0.00012182783725433820416	0.015391612576300534032	0.00037306287971435850206	0.0060925922631090267262	0.00012561752123001014895
-2	-1	-4	0.0021152547987892838556	0.0082417842372198117651	-0.0060484593442411390199	-0.022726087416764743226	0.00045448743666564271875	0.0015606297355812807914
-2	-1	-3	0.0020872990732032849388	-0.021304496761226421331	-0.0057317310442537546325	0.040536800280232716809	0.000519044299282394846	0.00069073108074004137269
-2	-1	-2	-0.0212791201293417373	0.037902761221120427615	0.027879858160332126465	-0.048570718841867151216	0.007339191049175674067	-0.013617401800186853741
-2	-1	-1	0.036327815777553298937	-0.029981711658617141159	-0.049056743008624378866	0.039619904321769018607	-0.023598888546482222478	0.020343518995465270649
-2	-1	0	-0.033138600320026405377	0.010093454369965598055	0.066277200640052810754	-0.020186908739931196111	0.043190037082304996718	-0.013155894169483362682
-2	-1	1	0.01692199470204107728	0.0011531828983130012339	-0.075442594125826795137	-0.0061904174564753489812	-0.041598604721744640578	-0.003884051659849346947
-2	-1	2	-0.007931791592376516431	-0.0037434896237254879428	0.063266287512820054695	0.030590750323606301364	0.023701352164033514386	0.011551885538077661872
-2	-1	3	0.0038185915099802013838	0.0043677027173905274074	-0.029300508682416605277	-0.031915299461612631204	-0.0072211085541520675032	-0.0077266313422771903952
-2	-1	4	-0.00069131085132337376838	-0.0020621977726489031796	0.0077397215210643884389	0.021313571844778420733	0.0015892749546044103882	0.0042972940748701535935
-2	0	-4	-0.0044774248823514339185	0.003451213675515744754	0.021726053599054481746	-0.015411011873624652288	0.0022387124411757169593	-0.001725606837757872377
-2	0	-3	0.015261209504662620259	-0.0045183162885735171643	-0.044837402892630613682	0.0099791205996433134801	-0.010174139669775081329	0.0030122108590490115874
-2	0	-2	-0.032026005713918385964	-0.0045919910388232121345	0.065978566337532379427	0.0099101750516719256529	0.032026005713918385964	0.0045919910388232121345
-2	0	-1	0.02078215503538624262	0.012147128747455430975	-0.062870535207523212118	-0.036289762113382834086	-0.041564310070772485239	-0.02429425749491086195
-2	0	0	0	-0	0.036433179833481141308	0.046637857536000394687	0.019863604092394633593	0.029165376266485028289
-2	0	1	-0.0031268939068009480794	-0.013446902430394834516	-0.020980182114623265738	-0.07313923188602945713	-0.0062537878136018961589	-0.026893804860789669031
-2	0	2	-0.00093801356331916813276	0.0093825377100829228383	-0.0066417972514468672993	0.072023642208045079993	-0.00093801356331916813276	0.0093825377100829228383
-2	0	3	0.00083351505152359003231	-0.0016371700899862279624	0.023881002805300338698	-0.047033378734936327759	0.00055567670101572665207	-0.0010914467266574853083
-2	0	4	-0.00031402379957600135485	0.00022992086943848094854	-0.023513674075532474406	0.020233358082806084804	-0.00015701189978800067742	0.00011496043471924047427
-2	1	-4	-0.0018022558772050570764	-0.00090515946287491862252	0.017281816159259975191	0.011605419993178919813	0.0052215819784175226612	0.0033539347297321889935
-2	1	-3	0.0043408611090698778073	0.0054444506313933794042	-0.021394939412441044829	-0.031867983708812067101	-0.010025553876860266236	-0.014252294990532940813
-2	1	-2	-0.0032711349080556911643	-0.014653122769749211615	0.012925425086388222032	0.0585642941883663809	0.0097338474512498017466	0.0439352698639324038
-2	1	-1	-0.00049310114768327144904	-0.0027896718320308245241	0.0094784856884216426437	-0.062628044120898340719	0.010464687983788186626	-0.057048700456836687334
-2	1	0	-0.013997187395525715822	0.023862535937528354252	-0.027994374791051431645	0.047725071875056708504	-0.025535007810970365705	0.036557964537253351267
-2	1	1	0.027356930722447433263	-0.020034146682120234501	0.043746825239040255939	-0.033398242710034088676	0.010967036205854607117	-0.0066700506542063811924
-2	1	2	-0.021603613873731442041	0.0057363738459085770321	-0.053024037514521338288	0.014373293734239978373	0.0049084048835292314397	-0.0014502730212114117204
-2	1	3	0.0094399524302502136469	0.0013609053525918308764	0.046092418085906521064	0.00572812495774177588	-0.0090708377418020329913	-0.0010021047508527046368
-2	1	4	-0.0030942821313073879883	-0.0018312496807471546813	-0.024580599677642707424	-0.01349433707783003096	0.0045980088537569832954	0.002457959429083930291
-2	2	-4	-0.00026024126597389831902	0.00056076948326472838939	-0.0032939919025569653829	0.014705656862260255494	-0.001516875318291533532	0.0070724436894977638773
-2	2	-3	2.1817694786303364703e-05	0.00011065556096983840168	0.014088203081727763977	-0.02028005149887948666	0.0093775902579609736465	-0.013593804706566216256
-2	2	-2	-0.00073996534455729326765	0.0011495437423932313575	-0.030044183095733111022	0.020143375367809725207	-0.029304217751175819923	0.018993831625416492115
-2	2	-1	0.012438729485019950349	-0.0029190284248422253624	0.037116904340634276904	-0.0078613675609038556613	0.04935634971122865311	-0.0098846782721232623325
-2	2	0	-0.02875198986687190969	-0.0050198737391898978766	-0.02875198986687190969	-0.0050198737391898978766	-0.033601963584580625544	-0.006736533907526264485
-2	2	1	0.025602106423996223022	0.016100272306922323168	0.022103816677242607569	0.013502267467308495807	0.0069965794935072317742	0.0051960096792276547206
-2	2	2	-0.012420153417517048461	-0.017886055115551118683	-0.018891450289886660419	-0.026525181524037180075	0.0064712968723696128251	0.0086391264084860613925
-2	2	3	0.002471356428465590338	0.011813514473382084186	0.0072365681097771947933	0.032130845859067606873	-0.003176807787541069926	-0.01354488759045701686
-2	2	4	0.0010073659894545270756	-0.0060446115760900359995	0.0035239362201964444937	-0.024977922286803976026	-0.0012582851153709584922	0.0094666553553569704471
-2	3	-4	-0.0013695975419760703182	0.00013590198012945159758	-0.0097212983245735969107	0.0014836791082797297012	-0.0066061749724421626323	0.001044808341145071328
-2	3	-3	0.0024129699503672259395	0.00068965001906747002737	0.013528799530942672846	0.0033294742854594089505	0.011920152897364522798	0.0028697076060810954544
-2	3	-2	-0.0042092556214362092035	-0.0027654231160982988696	-0.014895332803009492945	-0.010499116191072178222	-0.018133743583078031081	-0.012983251170509968464
-2	3	-1	0.0063757250433472316756	0.0084099259700908066822	0.0094337710943631549604	0.014112948156247724987	0.015549863196395003265	0.025518992528561559863
-2	3	0	-0.0036704068838640216584	-0.016088073311347914074	-0.0024469379225760144389	-0.010725382207565274315	-0.0033070988239599975224	-0.023278493523662888154
-2	3	1	-0.0041487223742730601136	0.01956683351027168824	-0.0023667066650525201039	0.011488504680013745043	-0.0011973247533885590481	0.004668152980502137013
-2	3	2	0.0096628691305434676745	-0.013898915005956108404	0.010275568242566018168	-0.014435823810203352729	-0.0057504832333055578425	0.0077548207093489215577
-2	3	3	-0.0090810842869398326893	0.0061925299168765256599	-0.016574193220848867925	0.011439886135205421316	0.01052013702955564671	-0.0073115328572877389887
-2	3	4	0.0060262653980698464504	-0.0012595596789339990208	0.017917251961884265304	-0.00412653246205377678	-0.010424806272378274452	0.0024651195070733329662
-2	4	-4	-0.0007130204936092179261	-0.0013218270023480605761	-0.0032805771750507774914	-0.0058918261379179420051	-0.0029240669282461686368	-0.0052309126367439118255
-2	4	-3	0.00016877669883868468633	0.0023238385997588714184	0.001081015108111408338	0.0085906479917683912367	0.0013288356782560880112	0.0099049715891852754823
-2	4	-2	0.0015146066363890093535	-0.0046954420706309890968	0.0025746065902336402915	-0.0096205075541907630887	0.0036346065440782714465	-0.014545573037750536213
-2	4	-1	-0.0047274256386249467049	0.0058983213398485596565	-0.0046602663121701566259	0.0061530002157708383118	-0.0091862139714307348287	0.012815358183386233934
-2	4	0	0.010759505978829336098	-0.0063026818904229021598	0.005379752989414668049	-0.0031513409452114510799	0.010975943411932413685	-0.007212958378288638478
-2	4	1	-0.012448096402357658116	0.0020804767931432498022	-0.0058309634706768028595	0.00089620014421815672248	-0.001572338922008104144	0.00057615300941387293139
-2	4	2	0.012722201937868993227	0.0025586688332355773771	0.010098247596326097308	0.0020384184219264587894	-0.0074742932547832005227	-0.0015181680106173399847
-2	4	3	-0.0075188129938027984528	-0.0051653461581351112555	-0.010620372173426338713	-0.0071729191995272764681	0.0091479542353665854043	0.0061203281606129608314
-2	4	4	0.0030941552206529190222	0.0048743998681632649816	0.0074669985866006880273	0.011308115558988094188	-0.0059199209762742285162	-0.0088709156249064616967
-1	-4	-4	0.0073930364115331274194	0.0031014582572918315828	-0.01059163119605632461	-0.0041863712802226423285	0.0087433720931730431886	0.0034110067158996839991
-1	-4	-3	-0.0080435176427736624488	-0.0076071183531027817756	0.0070354857761291446361	0.0067417384586665020721	-0.0066994751539143056543	-0.0064532784938544085485
-1	-4	-2	0.0056146727220827809604	0.012838407585931365523	-0.0027316551623763648919	-0.0058879450497666538031	0.0026559739637113397373	0.0053566863065676239772
-1	-4	-1	-0.00024611603866848068929	-0.017266145775515492206	2.2483209430949604248e-05	0.0035219367257034112431	0.00015618320094468228585	0.0031783988727018485342
-1	-4	0	-0.0056301121867657934195	0.014486420250137532068	0.0014075280466914483549	-0.0036216050625343830169	0.0043154554417331875138	-0.012574928585272980228
-1	-4	1	0.0078463122097604254268	-0.0085240640497184581165	-0.004730464544125212098	0.0052258308636295774594	-0.0110755459667404247	0.012379259404799853456
-1	-4	2	-0.0066654521669171637802	0.0033250820078542129773	0.0076717251559020680635	-0.0038560614842767819074	0.012010724228345554671	-0.0060495819646264568925
-1	-4	3	0.004141851280214140299	-0.00024054668268839334878	-0.0079286847496958766379	0.00064474599316636399017	-0.0091909625728564536828	0.00077947909665902087063
-1	-4	4	-0.001909997030828814845	-0.0006223718039588163305	0.0062796216350623160901	0.0018908185322336612793	0.0058021223773551131378	0.0017352255812439574406
-1	-3	-4	-0.00020906276800459444826	0.0091626866036495311502	0.00026292023920485658919	-0.015306646315854604765	-0.00014492448740249385015	0.0091893130859785707859
-1	-3	-3	0.0073275303121225938974	-0.015841770565789468905	-0.0069722931269937116205	0.017518190710085160267	0.0045297830229528469881	-0.012237600521488672944
-1	-3	-2	-0.017829320041735513547	0.018027342527096527902	0.010066967649663393844	-0.0093424786159684615472	-0.0061857914536273339925	0.0050000466604044292371
-1	-3	-1	0.028101942363171383138	-0.011948925975075189859	-0.0074002960859031342161	0.0027414055935552550033	-0.0059010541054619787549	0.0037247091944094248492
-1	-3	0	-0.030354950341365448396	0.00053865732284826494357	0.010118316780455148887	-0.00017955244094942167496	0.026024775979491345662	-0.00079772142247910100745
-1	-3	1	0.022743072599382716664	0.0087190898550318605975	-0.018468479379080051522	-0.0070374326162936590504	-0.032662365537857437903	-0.012393207993849115686
-1	-3	2	-0.010403512117839616713	-0.0095032385182706145821	0.015548349504516846206	0.014417745525794454023	0.018120768197855460085	0.016874999029556372876
-1	-3	3	0.0030438504507117876245	0.0062730932290490180187	-0.0073629140479791448798	-0.01481318534788517681	-0.0063482972310752163944	-0.012722154271535503559
-1	-3	4	-0.00010518318173362460805	-0.0028922163378902613143	0.00068256804735578925376	0.010459243461170606923	0.00048563024008343574087	0.0071213785114053896469
-1	-2	-4	-0.010307188677850119898	0.0034126060134487806036	0.020876951469977825249	-0.0078571785318954853738	-0.0078616785655263813487	0.0030754377625855479697
-1	-2	-3	0.024392774574624260381	0.00033030989576320410198	-0.031646691967436364756	-0.0012885139870327350867	0.012966869786749490867	0.00074890602610075526682
-1	-2	-2	-0.035738999693631624821	-0.015836903237071500716	0.026481878157188911554	0.012408643046261956522	-0.0086123783103731008787	-0.0044901914277262052963
-1	-2	-1	0.036576991189197716192	0.03640794288787418953	-0.015351258296872014389	-0.015957054268005078229	-0.005874474595453683945	-0.0044938343518640322047
-1	-2	0	-0.020579869011396204059	-0.049674000868654179242	0.01028993450569810203	0.024837000434327089621	0.015299305350680090024	0.035849436626343697543
-1	-2	1	0.00042876039526395116203	0.036490112639058082389	-0.00037889202708175023044	-0.045036415459834264197	-0.00032902365889954929886	-0.053582718280610439066
-1	-2	2	0.0091817060318824268023	-0.023585260161759723924	-0.019296681338127251448	0.050184783909579186445	-0.014705828322186035445	0.038392153828699322748
-1	-2	3	-0.0080889920086785367659	0.0078735281016501044299	0.023210899433053145541	-0.024741868099937600056	0.012777602285809250282	-0.013870069366075030159
-1	-2	4	0.0038873490168610811205	-0.0016108693736259650352	-0.016449269833948995667	0.0077885376958989451304	-0.0072527976627592286377	0.003491551504542981469
-1	-1	-4	-0.0085210780274983261712	-0.0095721887873297887422	0.020923003203686198898	0.023869667851989115337	-0.0031004812940469681816	-0.0035743697661648316487
-1	-1	-3	0.010479974749287017388	0.028265119776725550205	-0.01596720699862031953	-0.048585252753092403322	0.0018290774164444346256	0.006773377658788951039
-1	-1	-2	0.0008239343257113467987	-0.047723342962244744148	-0.0037443020988608571344	0.057431562043949967167	0.0014601838865747551136	-0.0048541095408526123769
-1	-1	-1	-0.017765133862874222387	0.044746812100985702831	0.017346849164739400195	-0.035461811749720864584	0.0004182846981348199147	-0.0092850003512648330434
-1	-1	0	0.012084457538682563671	-0.010168745594078827665	-0.012084457538682563671	0.010168745594078827665	-0.011170915273629903469	0.0086173814138703775517
-1	-1	1	-0.018009192838431834632	0.0060531400080500920996	0.049830846534339681697	-0.016605498364584227178	0.031821653695907843595	-0.010552358356534136813
-1	-1	2	0.019255390231269143425	0.00040028318379135922325	-0.077126353401076527816	-0.00049151619871702493299	-0.028935481584903690461	-4.5616507462832854873e-05
-1	-1	3	-0.011731453755713846729	-0.0053796653350466992066	0.054784373530067979885	0.022000791179740682851	0.014350973258118045542	0.005540375281564661504
-1	-1	4	0.0028779814216918007778	0.0034231605080465867495	-0.020971426787374392725	-0.020302946068149283626	-0.0045233613414206487457	-0.004219946390025673677
-1	0	-4	0.0040407837798613916586	-0.009230114133993405981	-0.016767765576428228513	0.030931258223233164262	-0.0010101959449653479146	0.0023075285334983514952
-1	0	-3	-0.020077560504538426167	0.017200931703757034452	0.047534957572224596778	-0.038348871570753097215	0.0066925201681794750999	-0.0057336439012523453956
-1	0	-2	0.036524381532080874013	-0.013988510932903057762	-0.068474971900600145602	0.021706502297364000525	-0.018262190766040437007	0.0069942554664515288812
-1	0	-1	-0.0052455909472787567993	0.00052203767766600126573	0.02761710680681413177	0.0020635815565762747475	0.0052455909472787567993	-0.00052203767766600126573
-1	0	0	0	-0	-0.012226504815990430625	-0.010841244702748975212	0.0059949151574633617601	0.0010340524306273687644
-1	0	1	0.00074742121928206251783	0.0018497766418822364064	0.019258373233377999723	0.027191783759732229137	0.00074742121928206251783	0.0018497766418822364064
-1	0	2	0.00023194419559256470101	0.0020823876126764345393	-0.025492979027713996709	-0.070653327658501505204	0.0001159720977962823505	0.0010411938063382172696
-1	0	3	0.0005219758730220199535	-0.0060272848355358357719	-0.0014372987612436525801	0.065304066725588014175	0.0001739919576740066331	-0.002009094945178611924
-1	0	4	-0.0015468418101269140914	0.0026774651907424708297	0.0151191692331515571	-0.034648872173917266704	-0.00038671045253172852286	0.00066936629768561770742
-1	1	-4	0.0062619729486160678397	0.00016122153215989033911	-0.027768575272585176855	-0.0038001144258077036026	-0.0085076370553003113906	-0.00099033398949189849897
-1	1	-3	-0.01538782374256584054	-0.0078393924401060060408	0.046613736963025842464	0.026949263858209983324	0.020667186901863893178	0.011596218766105328632
-1	1	-2	0.013734557873700261113	0.017657948325062733375	-0.042834472118167744858	-0.053748300446931476793	-0.028284514995934002118	-0.035703124385997105084
-1	1	-1	0.0013894808467088185216	-0.0049287528678659750514	0.013997387527777502281	0.041128261791976664097	0.012607906681068682675	0.046057014659842646087
-1	1	0	-0.00024522471303311572802	-0.011059014299968642631	-0.00024522471303311572802	-0.011059014299968642631	0.0043621437523662705965	-0.020191615245003805001
-1	1	1	-0.012108908789981926921	0.021984696082914517018	-0.013911023175394009871	0.02629556010424138543	0.0018021143854120816492	-0.0043108640213268675442
-1	1	2	0.0078548064417202478199	-0.0074882577961508664868	0.04018930919168058058	-0.035037125972031533949	-0.016167251374980162043	0.0137744340879403359
-1	1	3	-0.000412072457095945656	0.00041691496886359606785	-0.050027444373150292689	0.017032234244435527637	0.016538457305351448451	-0.0055384397585239771716
-1	1	4	-4.5051267772049297848e-05	0.00012875220645866607095	0.034596321669368539087	0.0021147836572968366046	-0.0086603432342851460052	-0.00049650786270954267408
-1	2	-4	0.00064716070880052351411	0.001935876690661417817	-0.0039672278845924793811	-0.017216416586175481429	-0.0021454041194963703251	-0.0090921774657530939762
-1	2	-3	0.00058526028477989800423	-0.0062720662759314319695	-0.0045867031644041466806	0.031246052101584119443	-0.0032528888711960638608	0.02292139015969988855
-1	2	-2	-0.0053861290841443944938	0.0090167158058201100912	0.022480669336979605677	-0.038112909177437058472	0.025173733879051800322	-0.042621267080347115253
-1	2	-1	-0.0005769248593974660947	0.0016735285576789681906	-0.025056140798742774362	0.019470337548425593888	-0.049535356738088086315	0.037267146539172214814
-1	2	0	0.01943691246620155022	-0.0070730775704956937514	0.0097184562331007751101	-0.0035365387852478468757	0.037119214077871061364	-0.0080594184748251918027
-1	2	1	-0.020039956581603870361	-0.0017286830900995928898	-0.011469800684633643661	-0.00053108669637090706855	0.0028996447876634178289	-0.00066650969735777886114
-1	2	2	0.0076353531429574714867	0.0037928311997290774411	0.021041154850398161025	0.010819237721056459978	-0.017223478278919426149	-0.0089228221211919214739
-1	2	3	-0.0019075485849795405149	-0.0030275983678698364238	-0.019980279973747933076	-0.02481073163372790602	0.012684337120838776874	0.015531288299861991872
-1	2	4	7.2710372764562124118e-05	0.0013203672913094030572	0.0075329245246431838015	0.023673067149835705369	-0.0037482846691304512986	-0.01150644175209050192
-1	3	-4	-0.00017590845411354479261	0.00025270527402356093632	0.0087453302350841873036	-0.0059672060074964453774	0.0066029747898415274213	-0.0045385808241282235218
-1	3	-3	0.00077243849710565836049	-0.00012504307281746329704	-0.016129984883170064847	0.0035471534616665716631	-0.016387464382205285673	0.0035888344859390597721
-1	3	-2	-0.0014206443356452557163	-0.0012234748785243856201	0.018852124202590379853	0.0026856523313898215781	0.028988508471708196446	0.0046402159363469249603
-1	3	-1	-0.001740149894273734137	2.4321474185278722801e-05	-0.011530269630965709476	-0.0067214246540065851476	-0.032850658998623390172	-0.02018859543620503405
-1	3	0	0.0048955922076923587966	0.0053368948246437708169	0.0016318640692307862655	0.0017789649415479236779	0.014501730004590034084	0.020612756046177627134
-1	3	1	-0.0026052480095949659931	-0.0078277751977822284529	-0.00095439013685633458921	-0.0014315211850131649967	0.00025792240097403761187	-0.003533211642742734547
-1	3	2	-0.001053386148679906183	0.0061710903734568797394	-0.0012524631871604898978	0.010595184436405807871	0.0013520017064007816467	-0.012807231467880271503
-1	3	3	0.0023290542282052031052	-0.0028472186863228990047	0.0098316482306495707466	-0.016645545098943420603	-0.0090552968212478379684	0.015696472203502453979
-1	3	4	-0.0013326418366710812355	0.0010022693175070933932	-0.013212694065037527968	0.010823967683818295701	0.0095763600896103754506	-0.0078674084334869488072
-1	4	-4	0.00014528531510647228948	0.00014838170881060027588	0.0057554023342374143954	0.0040112187696703530473	0.0057190810054607967364	0.0039741233424677039135
-1	4	-3	6.8768560808829689267e-05	-0.00022909595701222352474	-0.0044953725403136203173	-0.006866772228009797828	-0.0060167529073544383234	-0.009079330985008987609
-1	4	-2	0.00016276485540724959316	0.0011762349524429200655	0.0016975420801513803424	0.0082802719903826080272	0.0033137017325991359289	0.015972426504543755371
-1	4	-1	0.00015006784781175242774	-0.0018431478123330448556	0.00089298667546826597432	-0.0054416407438620736925	0.0034218788540613114153	-0.019923415163115250348
-1	4	0	-0.0019207381286667894217	0.0035138386836349342832	-0.00048018453216669735543	0.00087845967090873357079	-0.0081612682825395136549	0.012978796995123163469
-1	4	1	0.0044755054920064714363	-0.0030850696934912793384	0.0007171252683926485896	-0.00044816134441523855112	0.0016070044184358775116	-0.0012924243158303249171
-1	4	2	-0.004204470155663394583	0.0010803885286049768992	-0.0051382846728753256774	0.0012923334958259515871	0.0081743342679189544969	-0.0020444727273494149415
-1	4	3	0.0028597052671917519429	0.00025327210821101585553	0.0099723760346010319189	0.0012369443199287957161	-0.012343266290404124666	-0.0015648350571680559769
-1	4	4	-0.00092532857195286267668	-0.00077728745530290365567	-0.010853020481335523204	-0.0064034238717811707911	0.010621688338347307426	0.0062091020079554446603
0	-4	-4	-0.0043849703412064738525	0.00016271931442254775665	0.012866508073912492904	-0.00098251034907884354612	-0.012866508073912492904	0.00098251034907884354612
0	-4	-3	0.0049912524110701534524	0.0014357168389033379309	-0.0080868245407433817645	-0.0027083712779888071027	0.01078243272099117453	0.0036111617039850758479
0	-4	-2	-0.0056996842961312896292	-0.004911644989686520836	0.0035516847074541879441	0.0029146635279347866618	-0.0071033694149083758881	-0.0058293270558695733236
0	-4	-1	0.0037060093087522010154	0.0073752407922214333405	0.00036837967065391489423	0.00051031813133743241396	-0.0014735186826156595769	-0.0020412725253497296558
0	-4	0	-0.0011053527452775928786	-0.0068329765849706423919	0	-0	0.0019938241181212002645	0.013216076566529842348
0	-4	1	-0.0015943596049859255596	0.006335214026986442197	0.0014095432577449138172	-0.0047991170166549398934	0.0056381730309796552689	-0.019196468066619759574
0	-4	2	0.0026675605096922964249	-0.0034921631604025609764	-0.0055411484323118799511	0.007142903034257792709	-0.011082296864623759902	0.014285806068515585418
0	-4	3	-0.002232480312487278469	0.0011752415598548480741	0.0066756043436840897809	-0.0039846725979784652222	0.0089008057915787846398	-0.0053128967973046200071
0	-4	4	0.0011507912326000875949	-0.00013784835510104162851	-0.0072141249257361584474	0.001139614181995085183	-0.0072141249257361584474	0.001139614181995085183
0	-3	-4	-0.0019514732308735997617	-0.0043559876053519399827	0.006456433239791798534	0.013978674082407532148	-0.0048423249298438489005	-0.010484005561805648243
0	-3	-3	-0.00012662499442973954846	0.0090004721229687018741	-0.0013003987166244311557	-0.016715300753015398944	0.0013003987166244311557	0.016715300753015398944
0	-3	-2	0.0038221570170589775663	-0.012359402025305625886	-0.0031790024584985661533	0.0069238873971270856536	0.0047685036877478494469	-0.010385831095690628914
0	-3	-1	-0.0082485031868178362857	0.010274451610063730853	-0.00025573122911446316856	0.00085537922557046104297	0.00076719368734338955988	-0.0025661376767113831289
0	-3	0	0.013672099156943732373	-0.0073478814569290116718	0	-1.1800593859546310086e-41	-0.024875202737566496497	0.013123586822716255818
0	-3	1	-0.014339145705375592327	0.0016535492346876595315	0.013320312470284005266	-0.0012004348946676453129	0.039960937410852014062	-0.003601304684002935505
0	-3	2	0.010385574870713561862	0.0023899037258352114586	-0.018838182814328214426	-0.0060777646555841479889	-0.028257274221492316435	-0.0091166469833762215497
0	-3	3	-0.0039425684654525406866	-0.0030392947626880543154	0.012803068587793514296	0.010180102832058460227	0.012803068587793514296	0.010180102832058460227
0	-3	4	0.00095779680454711438493	0.0018913913141304723644	-0.0054322605070967512619	-0.0093903036414234204721	-0.0040741953803225634465	-0.0070427277310675653541
0	-2	-4	0.005338128075464613001	-0.0049583000952697431699	-0.018679012537375812297	0.019903562178863871274	0.0093395062686879061487	-0.0099517810894319356368
0	-2	-3	-0.012637007824130986125	0.0059880722686709636146	0.026975314747734298326	-0.012117651329939202812	-0.017983543165156198884	0.0080784342199594679629
0	-2	-2	0.017079639778088476221	-0.00096605166944049945116	-0.023106876456574720891	0.00065196493790111538155	0.023106876456574720891	-0.00065196493790111538155
0	-2	-1	-0.019550010703090616587	-0.0050654275570739719717	0.0032749148507308189875	0.0018117079810787617075	-0.0065498297014616379749	-0.003623415962157523415
0	-2	0	0.014800435627780593809	0.011006553444008920425	0	-0	-0.026810451902851053368	-0.021987594409387762467
0	-2	1	-0.010709191199227079128	-0.019604818577656661638	0.014984734916758085665	0.030210439659175421234	0.029969469833516171331	0.060420879318350842468
0	-2	2	0.0016598676004005784128	0.021186611222578137503	-0.0042719385841807318641	-0.050690783912091953722	-0.0042719385841807318641	-0.050690783912091953722
0	-2	3	0.0042142588403734932562	-0.011211095176264888884	-0.011125004483748836964	0.034206453485281514137	-0.0074166696558325591326	0.022804302323521003643
0	-2	4	-0.0029381839911726483246	0.0031667608771878789919	0.012831371878203696665	-0.015870958220671527172	0.0064156859391018483327	-0.0079354791103357635862
0	-1	-4	0.008406324005098326016	0.0033523675663892937328	-0.033675171871625782238	-0.013716976028521798286	0.0084187929679064455596	0.0034292440071304495716
0	-1	-3	-0.013536755613035649295	-0.012948345020895236923	0.036471375862155160086	0.036796697855685851775	-0.012157125287385052784	-0.012265565951895283925
0	-1	-2	0.011343046614001182221	0.020258978230340288912	-0.019445035420364083223	-0.045836167602262799237	0.0097225177101820416115	0.022918083801131399618
0	-1	-1	-0.0018634852235092495311	-0.012052589232355782889	-0.00032439265545596934716	0.0082291303090212021554	0.00032439265545596934716	-0.0082291303090212021554
0	-1	0	-0.006273580756246430884	0.0013948596577120979216	0	-0	0.0041209307130784210427	0.00036825012092815071884
0	-1	1	0.0045678819496416086035	-0.0036627114175143220785	-0.014907617990522550877	0.014982623459298967383	-0.014907617990522550877	0.014982623459298967383
0	-1	2	-0.023179419683317978307	0.01041645933452353158	0.067227838020926855567	-0.031342364614618950514	0.033613919010463427783	-0.015671182307309475257
0	-1	3	0.019470721440699886168	-0.00072620151819875148214	-0.060723086711423776562	0.0043350960652357847444	-0.020241028903807925521	0.0014450320217452613646
0	-1	4	-0.0066072703746219655502	-0.0030956247657964830293	0.030548853597679941074	0.010393907279863676477	0.0076372133994199852686	0.0025984768199659191192
0	0	-4	0.00066290922094097367873	0.0087326883450114696494	0.0011715651777648335152	-0.037564157866966589594	0	-0
0	0	-3	0.009018513092301345957	-0.020573975681917187203	-0.029473895263932323868	0.06324100656258892228	0	-0
0	0	-2	-0.012095654205977218743	0.015779323068874563651	0.043803544866635665822	-0.043117238145934988491	0	-0
0	0	-1	-0.0088052728442615489646	-0.0020531643867270641182	-0.011133003476161355827	-0.01038624106994190735	0	-0
0	0	1	-0.0088052728442615489646	0.0020531643867270641182	-0.011133003476161355827	0.01038624106994190735	0	0
0	0	2	-0.012095654205977218743	-0.015779323068874563651	0.043803544866635665822	0.043117238145934988491	0	0
0	0	3	0.009018513092301345957	0.020573975681917187203	-0.029473895263932323868	-0.06324100656258892228	0	0
0	0	4	0.00066290922094097367873	-0.0087326883450114696494	0.0011715651777648335152	0.037564157866966589594	0	0
0	1	-4	-0.0066072703746219655502	0.0030956247657964830293	0.030548853597679941074	-0.010393907279863676477	0.0076372133994199852686	-0.0025984768199659191192
0	1	-3	0.019470721440699886168	0.00072620151819875148214	-0.060723086711423776562	-0.0043350960652357847444	-0.020241028903807925521	-0.0014450320217452613646
0	1	-2	-0.023179419683317978307	-0.01041645933452353158	0.067227838020926855567	0.031342364614618950514	0.033613919010463427783	0.015671182307309475257
0	1	-1	0.0045678819496416086035	0.0036627114175143220785	-0.014907617990522550877	-0.014982623459298967383	-0.014907617990522550877	-0.014982623459298967383
0	1	0	-0.006273580756246430884	-0.0013948596577120979216	0	0	0.0041209307130784210427	-0.00036825012092815071884
0	1	1	-0.0018634852235092495311	0.012052589232355782889	-0.00032439265545596934716	-0.0082291303090212021554	0.00032439265545596934716	0.0082291303090212021554
0	1	2	0.011343046614001182221	-0.020258978230340288912	-0.019445035420364083223	0.045836167602262799237	0.0097225177101820416115	-0.022918083801131399618
0	1	3	-0.013536755613035649295	0.012948345020895236923	0.036471375862155160086	-0.036796697855685851775	-0.012157125287385052784	0.012265565951895283925
0	1	4	0.008406324005098326016	-0.0033523675663892937328	-0.033675171871625782238	0.013716976028521798286	0.0084187929679064455596	-0.0034292440071304495716
0	2	-4	-0.0029381839911726483246	-0.0031667608771878789919	0.012831371878203696665	0.015870958220671527172	0.0064156859391018483327	0.0079354791103357635862
0	2	-3	0.0042142588403734932562	0.011211095176264888884	-0.011125004483748836964	-0.034206453485281514137	-0.0074166696558325591326	-0.022804302323521003643
0	2	-2	0.0016598676004005784128	-0.021186611222578137503	-0.0042719385841807318641	0.050690783912091953722	-0.0042719385841807318641	0.050690783912091953722
0	2	-1	-0.010709191199227079128	0.019604818577656661638	0.014984734916758085665	-0.030210439659175421234	0.029969469833516171331	-0.060420879318350842468
0	2	0	0.014800435627780593809	-0.011006553444008920425	0	0	-0.026810451902851053368	0.021987594409387762467
0	2	1	-0.019550010703090616587	0.0050654275570739719717	0.0032749148507308189875	-0.0018117079810787617075	-0.0065498297014616379749	0.003623415962157523415
0	2	2	0.017079639778088476221	0.00096605166944049945116	-0.023106876456574720891	-0.00065196493790111538155	0.023106876456574720891	0.00065196493790111538155
0	2	3	-0.012637007824130986125	-0.0059880722686709636146	0.026975314747734298326	0.012117651329939202812	-0.017983543165156198884	-0.0080784342199594679629
0	2	4	0.005338128075464613001	0.0049583000952697431699	-0.018679012537375812297	-0.019903562178863871274	0.0093395062686879061487	0.0099517810894319356368
0	3	-4	0.00095779680454711438493	-0.0018913913141304723644	-0.0054322605070967512619	0.0093903036414234204721	-0.0040741953803225634465	0.0070427277310675653541
0	3	-3	-0.0039425684654525406866	0.0030392947626880543154	0.012803068587793514296	-0.010180102832058460227	0.012803068587793514296	-0.010180102832058460227
0	3	-2	0.010385574870713561862	-0.0023899037258352114586	-0.018838182814328214426	0.0060777646555841479889	-0.028257274221492316435	0.0091166469833762215497
0	3	-1	-0.014339145705375592327	-0.0016535492346876595315	0.013320312470284005266	0.0012004348946676453129	0.039960937410852014062	0.003601304684002935505
0	3	0	0.013672099156943732373	0.0073478814569290116718	0	1.1800593859546310086e-41	-0.024875202737566496497	-0.013123586822716255818
0	3	1	-0.0082485031868178362857	-0.010274451610063730853	-0.00025573122911446316856	-0.00085537922557046104297	0.00076719368734338955988	0.0025661376767113831289
0	3	2	0.0038221570170589775663	0.012359402025305625886	-0.0031790024584985661533	-0.0069238873971270856536	0.0047685036877478494469	0.010385831095690628914
0	3	3	-0.00012662499442973954846	-0.0090004721229687018741	-0.0013003987166244311557	0.016715300753015398944	0.0013003987166244311557	-0.016715300753015398944
0	3	4	-0.0019514732308735997617	0.0043559876053519399827	0.006456433239791798534	-0.013978674082407532148	-0.0048423249298438489005	0.010484005561805648243
0	4	-4	0.0011507912326000875949	0.00013784835510104162851	-0.0072141249257361584474	-0.001139614181995085183	-0.0072141249257361584474	-0.001139614181995085183
0	4	-3	-0.002232480312487278469	-0.0011752415598548480741	0.0066756043436840897809	0.0039846725979784652222	0.0089008057915787846398	0.0053128967973046200071
0	4	-2	0.0026675605096922964249	0.0034921631604025609764	-0.0055411484323118799511	-0.007142903034257792709	-0.011082296864623759902	-0.014285806068515585418
0	4	-1	-0.0015943596049859255596	-0.006335214026986442197	0.0014095432577449138172	0.0047991170166549398934	0.0056381730309796552689	0.019196468066619759574
0	4	0	-0.0011053527452775928786	0.0068329765849706423919	0	0	0.0019938241181212002645	-0.013216076566529842348
0	4	1	0.0037060093087522010154	-0.0073752407922214333405	0.00036837967065391489423	-0.00051031813133743241396	-0.0014735186826156595769	0.0020412725253497296558
0	4	2	-0.0056996842961312896292	0.004911644989686520836	0.0035516847074541879441	-0.0029146635279347866618	-0.0071033694149083758881	0.0058293270558695733236
0	4	3	0.0049912524110701534524	-0.0014357168389033379309	-0.0080868245407433817645	0.0027083712779888071027	0.01078243272099117453	-0.0036111617039850758479
0	4	4	-0.0043849703412064738525	-0.00016271931442254775665	0.012866508073912492904	0.00098251034907884354612	-0.012866508073912492904	-0.00098251034907884354612
1	-4	-4	-0.00092532857195286267668	0.00077728745530290365567	-0.010853020481335523204	0.0064034238717811707911	0.010621688338347307426	-0.0062091020079554446603
1	-4	-3	0.0028597052671917519429	-0.00025327210821101585553	0.0099723760346010319189	-0.0012369443199287957161	-0.012343266290404124666	0.0015648350571680559769
1	-4	-2	-0.004204470155663394583	-0.0010803885286049768992	-0.0051382846728753256774	-0.0012923334958259515871	0.0081743342679189544969	0.0020444727273494149415
1	-4	-1	0.0044755054920064714363	0.0030850696934912793384	0.0007171252683926485896	0.00044816134441523855112	0.0016070044184358775116	0.0012924243158303249171
1	-4	0	-0.0019207381286667894217	-0.0035138386836349342832	-0.00048018453216669735543	-0.00087845967090873357079	-0.0081612682825395136549	-0.012978796995123163469
1	-4	1	0.00015006784781175242774	0.0018431478123330448556	0.00089298667546826597432	0.0054416407438620736925	0.0034218788540613114153	0.019923415163115250348
1	-4	2	0.00016276485540724959316	-0.0011762349524429200655	0.0016975420801513803424	-0.0082802719903826080272	0.0033137017325991359289	-0.015972426504543755371
1	-4	3	6.8768560808829689267e-05	0.00022909595701222352474	-0.0044953725403136203173	0.006866772228009797828	-0.0060167529073544383234	0.009079330985008987609
1	-4	4	0.00014528531510647228948	-0.00014838170881060027588	0.0057554023342374143954	-0.0040112187696703530473	0.0057190810054607967364	-0.0039741233424677039135
1	-3	-4	-0.0013326418366710812355	-0.0010022693175070933932	-0.013212694065037527968	-0.010823967683818295701	0.0095763600896103754506	0.0078674084334869488072
1	-3	-3	0.0023290542282052031052	0.0028472186863228990047	0.0098316482306495707466	0.016645545098943420603	-0.0090552968212478379684	-0.015696472203502453979
1	-3	-2	-0.001053386148679906183	-0.0061710903734568797394	-0.0012524631871604898978	-0.010595184436405807871	0.0013520017064007816467	0.012807231467880271503
1	-3	-1	-0.0026052480095949659931	0.0078277751977822284529	-0.00095439013685633458921	0.0014315211850131649967	0.00025792240097403761187	0.003533211642742734547
1	-3	0	0.0048955922076923587966	-0.0053368948246437708169	0.0016318640692307862655	-0.0017789649415479236779	0.014501730004590034084	-0.020612756046177627134
1	-3	1	-0.001740149894273734137	-2.4321474185278722801e-05	-0.011530269630965709476	0.0067214246540065851476	-0.032850658998623390172	0.02018859543620503405
1	-3	2	-0.0014206443356452557163	0.0012234748785243856201	0.018852124202590379853	-0.0026856523313898215781	0.028988508471708196446	-0.0046402159363469249603
1	-3	3	0.00077243849710565836049	0.00012504307281746329704	-0.016129984883170064847	-0.0035471534616665716631	-0.016387464382205285673	-0.0035888344859390597721
1	-3	4	-0.00017590845411354479261	-0.00025270527402356093632	0.0087453302350841873036	0.0059672060074964453774	0.0066029747898415274213	0.0045385808241282235218
1	-2	-4	7.2710372764562124118e-05	-0.0013203672913094030572	0.0075329245246431838015	-0.023673067149835705369	-0.0037482846691304512986	0.01150644175209050192
1	-2	-3	-0.0019075485849795405149	0.0030275983678698364238	-0.019980279973747933076	0.02481073163372790602	0.012684337120838776874	-0.015531288299861991872
1	-2	-2	0.0076353531429574714867	-0.0037928311997290774411	0.021041154850398161025	-0.010819237721056459978	-0.017223478278919426149	0.0089228221211919214739
1	-2	-1	-0.020039956581603870361	0.0017286830900995928898	-0.011469800684633643661	0.00053108669637090706855	0.0028996447876634178289	0.00066650969735777886114
1	-2	0	0.01943691246620155022	0.0070730775704956937514	0.0097184562331007751101	0.0035365387852478468757	0.037119214077871061364	0.0080594184748251918027
1	-2	1	-0.0005769248593974660947	-0.0016735285576789681906	-0.025056140798742774362	-0.019470337548425593888	-0.049535356738088086315	-0.037267146539172214814
1	-2	2	-0.0053861290841443944938	-0.0090167158058201100912	0.022480669336979605677	0.038112909177437058472	0.025173733879051800322	0.042621267080347115253
1	-2	3	0.00058526028477989800423	0.0062720662759314319695	-0.0045867031644041466806	-0.031246052101584119443	-0.0032528888711960638608	-0.02292139015969988855
1	-2	4	0.00064716070880052351411	-0.001935876690661417817	-0.0039672278845924793811	0.017216416586175481429	-0.0021454041194963703251	0.0090921774657530939762
1	-1	-4	-4.5051267772049297848e-05	-0.00012875220645866607095	0.034596321669368539087	-0.0021147836572968366046	-0.0086603432342851460052	0.00049650786270954267408
1	-1	-3	-0.000412072457095945656	-0.00041691496886359606785	-0.050027444373150292689	-0.017032234244435527637	0.016538457305351448451	0.0055384397585239771716
1	-1	-2	0.0078548064417202478199	0.0074882577961508664868	0.04018930919168058058	0.035037125972031533949	-0.016167251374980162043	-0.0137744340879403359
1	-1	-1	-0.012108908789981926921	-0.021984696082914517018	-0.013911023175394009871	-0.02629556010424138543	0.0018021143854120816492	0.0043108640213268675442
1	-1	0	-0.00024522471303311572802	0.011059014299968642631	-0.00024522471303311572802	0.011059014299968642631	0.0043621437523662705965	0.020191615245003805001
1	-1	1	0.0013894808467088185216	0.0049287528678659750514	0.013997387527777502281	-0.041128261791976664097	0.012607906681068682675	-0.046057014659842646087
1	-1	2	0.013734557873700261113	-0.017657948325062733375	-0.042834472118167744858	0.053748300446931476793	-0.028284514995934002118	0.035703124385997105084
1	-1	3	-0.01538782374256584054	0.0078393924401060060408	0.046613736963025842464	-0.026949263858209983324	0.020667186901863893178	-0.011596218766105328632
1	-1	4	0.0062619729486160678397	-0.00016122153215989033911	-0.027768575272585176855	0.0038001144258077036026	-0.0085076370553003113906	0.00099033398949189849897
1	0	-4	-0.0015468418101269140914	-0.0026774651907424708297	0.0151191692331515571	0.034648872173917266704	-0.00038671045253172852286	-0.00066936629768561770742
1	0	-3	0.0005219758730220199535	0.0060272848355358357719	-0.0014372987612436525801	-0.065304066725588014175	0.0001739919576740066331	0.002009094945178611924
1	0	-2	0.00023194419559256470101	-0.0020823876126764345393	-0.025492979027713996709	0.070653327658501505204	0.0001159720977962823505	-0.0010411938063382172696
1	0	-1	0.00074742121928206251783	-0.0018497766418822364064	0.019258373233377999723	-0.027191783759732229137	0.00074742121928206251783	-0.0018497766418822364064
1	0	0	0	0	-0.012226504815990430625	0.010841244702748975212	0.0059949151574633617601	-0.0010340524306273687644
1	0	1	-0.0052455909472787567993	-0.00052203767766600126573	0.02761710680681413177	-0.0020635815565762747475	0.0052455909472787567993	0.00052203767766600126573
1	0	2	0.036524381532080874013	0.013988510932903057762	-0.068474971900600145602	-0.021706502297364000525	-0.018262190766040437007	-0.0069942554664515288812
1	0	3	-0.020077560504538426167	-0.017200931703757034452	0.047534957572224596778	0.038348871570753097215	0.0066925201681794750999	0.0057336439012523453956
1	0	4	0.0040407837798613916586	0.009230114133993405981	-0.016767765576428228513	-0.030931258223233164262	-0.0010101959449653479146	-0.0023075285334983514952
1	1	-4	0.0028779814216918007778	-0.0034231605080465867495	-0.020971426787374392725	0.020302946068149283626	-0.0045233613414206487457	0.004219946390025673677
1	1	-3	-0.011731453755713846729	0.0053796653350466992066	0.054784373530067979885	-0.022000791179740682851	0.014350973258118045542	-0.005540375281564661504
1	1	-2	0.019255390231269143425	-0.00040028318379135922325	-0.077126353401076527816	0.00049151619871702493299	-0.028935481584903690461	4.5616507462832854873e-05
1	1	-1	-0.018009192838431834632	-0.0060531400080500920996	0.049830846534339681697	0.016605498364584227178	0.031821653695907843595	0.010552358356534136813
1	1	0	0.012084457538682563671	0.010168745594078827665	-0.012084457538682563671	-0.010168745594078827665	-0.011170915273629903469	-0.0086173814138703775517
1	1	1	-0.017765133862874222387	-0.044746812100985702831	0.017346849164739400195	0.035461811749720864584	0.0004182846981348199147	0.0092850003512648330434
1	1	2	0.0008239343257113467987	0.047723342962244744148	-0.0037443020988608571344	-0.057431562043949967167	0.0014601838865747551136	0.0048541095408526123769
1	1	3	0.010479974749287017388	-0.028265119776725550205	-0.01596720699862031953	0.048585252753092403322	0.0018290774164444346256	-0.006773377658788951039
1	1	4	-0.0085210780274983261712	0.0095721887873297887422	0.020923003203686198898	-0.023869667851989115337	-0.0031004812940469681816	0.0035743697661648316487
1	2	-4	0.0038873490168610811205	0.0016108693736259650352	-0.016449269833948995667	-0.0077885376958989451304	-0.0072527976627592286377	-0.003491551504542981469
1	2	-3	-0.0080889920086785367659	-0.0078735281016501044299	0.023210899433053145541	0.024741868099937600056	0.012777602285809250282	0.013870069366075030159
1	2	-2	0.0091817060318824268023	0.023585260161759723924	-0.019296681338127251448	-0.050184783909579186445	-0.014705828322186035445	-0.038392153828699322748
1	2	-1	0.00042876039526395116203	-0.036490112639058082389	-0.00037889202708175023044	0.045036415459834264197	-0.00032902365889954929886	0.053582718280610439066
1	2	0	-0.020579869011396204059	0.049674000868654179242	0.01028993450569810203	-0.024837000434327089621	0.015299305350680090024	-0.035849436626343697543
1	2	1	0.036576991189197716192	-0.03640794288787418953	-0.015351258296872014389	0.015957054268005078229	-0.005874474595453683945	0.0044938343518640322047
1	2	2	-0.035738999693631624821	0.015836903237071500716	0.026481878157188911554	-0.012408643046261956522	-0.0086123783103731008787	0.0044901914277262052963
1	2	3	0.024392774574624260381	-0.00033030989576320410198	-0.031646691967436364756	0.0012885139870327350867	0.012966869786749490867	-0.00074890602610075526682
1	2	4	-0.010307188677850119898	-0.0034126060134487806036	0.020876951469977825249	0.0078571785318954853738	-0.0078616785655263813487	-0.0030754377625855479697
1	3	-4	-0.00010518318173362460805	0.0028922163378902613143	0.00068256804735578925376	-0.010459243461170606923	0.00048563024008343574087	-0.0071213785114053896469
1	3	-3	0.0030438504507117876245	-0.0062730932290490180187	-0.0073629140479791448798	0.01481318534788517681	-0.0063482972310752163944	0.012722154271535503559
1	3	-2	-0.010403512117839616713	0.0095032385182706145821	0.015548349504516846206	-0.014417745525794454023	0.018120768197855460085	-0.016874999029556372876
1	3	-1	0.022743072599382716664	-0.0087190898550318605975	-0.018468479379080051522	0.0070374326162936590504	-0.032662365537857437903	0.012393207993849115686
1	3	0	-0.030354950341365448396	-0.00053865732284826494357	0.010118316780455148887	0.00017955244094942167496	0.026024775979491345662	0.00079772142247910100745
1	3	1	0.028101942363171383138	0.011948925975075189859	-0.0074002960859031342161	-0.0027414055935552550033	-0.0059010541054619787549	-0.0037247091944094248492
1	3	2	-0.017829320041735513547	-0.018027342527096527902	0.010066967649663393844	0.0093424786159684615472	-0.0061857914536273339925	-0.0050000466604044292371
1	3	3	0.0073275303121225938974	0.015841770565789468905	-0.0069722931269937116205	-0.017518190710085160267	0.0045297830229528469881	0.012237600521488672944
1	3	4	-0.00020906276800459444826	-0.0091626866036495311502	0.00026292023920485658919	0.015306646315854604765	-0.00014492448740249385015	-0.0091893130859785707859
1	4	-4	-0.001909997030828814845	0.0006223718039588163305	0.0062796216350623160901	-0.0018908185322336612793	0.0058021223773551131378	-0.0017352255812439574406
1	4	-3	0.004141851280214140299	0.00024054668268839334878	-0.0079286847496958766379	-0.00064474599316636399017	-0.0091909625728564536828	-0.00077947909665902087063
1	4	-2	-0.0066654521669171637802	-0.0033250820078542129773	0.0076717251559020680635	0.0038560614842767819074	0.012010724228345554671	0.0060495819646264568925
1	4	-1	0.0078463122097604254268	0.0085240640497184581165	-0.004730464544125212098	-0.0052258308636295774594	-0.0110755459667404247	-0.012379259404799853456
1	4	0	-0.0056301121867657934195	-0.014486420250137532068	0.0014075280466914483549	0.0036216050625343830169	0.0043154554417331875138	0.012574928585272980228
1	4	1	-0.00024611603866848068929	0.017266145775515492206	2.2483209430949604248e-05	-0.0035219367257034112431	0.00015618320094468228585	-0.0031783988727018485342
1	4	2	0.0056146727220827809604	-0.012838407585931365523	-0.0027316551623763648919	0.0058879450497666538031	0.0026559739637113397373	-0.0053566863065676239772
1	4	3	-0.0080435176427736624488	0.0076071183531027817756	0.0070354857761291446361	-0.0067417384586665020721	-0.0066994751539143056543	0.0064532784938544085485
1	4	4	0.0073930364115331274194	-0.0031014582572918315828	-0.01059163119605632461	0.0041863712802226423285	0.0087433720931730431886	-0.0034110067158996839991
2	-4	-4	0.0030941552206529190222	-0.0048743998681632649816	0.0074669985866006880273	-0.011308115558988094188	-0.0059199209762742285162	0.0088709156249064616967
2	-4	-3	-0.0075188129938027984528	0.0051653461581351112555	-0.010620372173426338713	0.0071729191995272764681	0.0091479542353665854043	-0.0061203281606129608314
2	-4	-2	0.012722201937868993227	-0.0025586688332355773771	0.010098247596326097308	-0.0020384184219264587894	-0.0074742932547832005227	0.0015181680106173399847
2	-4	-1	-0.012448096402357658116	-0.0020804767931432498022	-0.0058309634706768028595	-0.00089620014421815672248	-0.001572338922008104144	-0.00057615300941387293139
2	-4	0	0.010759505978829336098	0.0063026818904229021598	0.005379752989414668049	0.0031513409452114510799	0.010975943411932413685	0.007212958378288638478
2	-4	1	-0.0047274256386249467049	-0.0058983213398485596565	-0.0046602663121701566259	-0.0061530002157708383118	-0.0091862139714307348287	-0.012815358183386233934
2	-4	2	0.0015146066363890093535	0.0046954420706309890968	0.0025746065902336402915	0.0096205075541907630887	0.0036346065440782714465	0.014545573037750536213
2	-4	3	0.00016877669883868468633	-0.0023238385997588714184	0.001081015108111408338	-0.0085906479917683912367	0.0013288356782560880112	-0.0099049715891852754823
2	-4	4	-0.0007130204936092179261	0.0013218270023480605761	-0.0032805771750507774914	0.0058918261379179420051	-0.0029240669282461686368	0.0052309126367439118255
2	-3	-4	0.0060262653980698464504	0.0012595596789339990208	0.017917251961884265304	0.00412653246205377678	-0.010424806272378274452	-0.0024651195070733329662
2	-3	-3	-0.0090810842869398326893	-0.0061925299168765256599	-0.016574193220848867925	-0.011439886135205421316	0.01052013702955564671	0.0073115328572877389887
2	-3	-2	0.0096628691305434676745	0.013898915005956108404	0.010275568242566018168	0.014435823810203352729	-0.0057504832333055578425	-0.0077548207093489215577
2	-3	-1	-0.0041487223742730601136	-0.01956683351027168824	-0.0023667066650525201039	-0.011488504680013745043	-0.0011973247533885590481	-0.004668152980502137013
2	-3	0	-0.0036704068838640216584	0.016088073311347914074	-0.0024469379225760144389	0.010725382207565274315	-0.0033070988239599975224	0.023278493523662888154
2	-3	1	0.0063757250433472316756	-0.0084099259700908066822	0.0094337710943631549604	-0.014112948156247724987	0.015549863196395003265	-0.025518992528561559863
2	-3	2	-0.0042092556214362092035	0.0027654231160982988696	-0.014895332803009492945	0.010499116191072178222	-0.018133743583078031081	0.012983251170509968464
2	-3	3	0.0024129699503672259395	-0.00068965001906747002737	0.013528799530942672846	-0.0033294742854594089505	0.011920152897364522798	-0.0028697076060810954544
2	-3	4	-0.0013695975419760703182	-0.00013590198012945159758	-0.0097212983245735969107	-0.0014836791082797297012	-0.0066061749724421626323	-0.001044808341145071328
2	-2	-4	0.0010073659894545270756	0.0060446115760900359995	0.0035239362201964444937	0.024977922286803976026	-0.0012582851153709584922	-0.0094666553553569704471
2	-2	-3	0.002471356428465590338	-0.011813514473382084186	0.0072365681097771947933	-0.032130845859067606873	-0.003176807787541069926	0.01354488759045701686
2	-2	-2	-0.012420153417517048461	0.017886055115551118683	-0.018891450289886660419	0.026525181524037180075	0.0064712968723696128251	-0.0086391264084860613925
2	-2	-1	0.025602106423996223022	-0.016100272306922323168	0.022103816677242607569	-0.013502267467308495807	0.0069965794935072317742	-0.0051960096792276547206
2	-2	0	-0.02875198986687190969	0.0050198737391898978766	-0.02875198986687190969	0.0050198737391898978766	-0.033601963584580625544	0.006736533907526264485
2	-2	1	0.012438729485019950349	0.0029190284248422253624	0.037116904340634276904	0.0078613675609038556613	0.04935634971122865311	0.0098846782721232623325
2	-2	2	-0.00073996534455729326765	-0.0011495437423932313575	-0.030044183095733111022	-0.020143375367809725207	-0.029304217751175819923	-0.018993831625416492115
2	-2	3	2.1817694786303364703e-05	-0.00011065556096983840168	0.014088203081727763977	0.02028005149887948666	0.0093775902579609736465	0.013593804706566216256
2	-2	4	-0.00026024126597389831902	-0.00056076948326472838939	-0.0032939919025569653829	-0.014705656862260255494	-0.001516875318291533532	-0.0070724436894977638773
2	-1	-4	-0.0030942821313073879883	0.0018312496807471546813	-0.024580599677642707424	0.01349433707783003096	0.0045980088537569832954	-0.002457959429083930291
2	-1	-3	0.0094399524302502136469	-0.0013609053525918308764	0.046092418085906521064	-0.00572812495774177588	-0.0090708377418020329913	0.0010021047508527046368
2	-1	-2	-0.021603613873731442041	-0.0057363738459085770321	-0.053024037514521338288	-0.014373293734239978373	0.0049084048835292314397	0.0014502730212114117204
2	-1	-1	0.027356930722447433263	0.020034146682120234501	0.043746825239040255939	0.033398242710034088676	0.010967036205854607117	0.0066700506542063811924
2	-1	0	-0.013997187395525715822	-0.023862535937528354252	-0.027994374791051431645	-0.047725071875056708504	-0.025535007810970365705	-0.036557964537253351267
2	-1	1	-0.00049310114768327144904	0.0027896718320308245241	0.0094784856884216426437	0.062628044120898340719	0.010464687983788186626	0.057048700456836687334
2	-1	2	-0.0032711349080556911643	0.014653122769749211615	0.012925425086388222032	-0.0585642941883663809	0.0097338474512498017466	-0.0439352698639324038
2	-1	3	0.0043408611090698778073	-0.0054444506313933794042	-0.021394939412441044829	0.031867983708812067101	-0.010025553876860266236	0.014252294990532940813
2	-1	4	-0.0018022558772050570764	0.00090515946287491862252	0.017281816159259975191	-0.011605419993178919813	0.0052215819784175226612	-0.0033539347297321889935
2	0	-4	-0.00031402379957600135485	-0.00022992086943848094854	-0.023513674075532474406	-0.020233358082806084804	-0.00015701189978800067742	-0.00011496043471924047427
2	0	-3	0.00083351505152359003231	0.0016371700899862279624	0.023881002805300338698	0.047033378734936327759	0.00055567670101572665207	0.0010914467266574853083
2	0	-2	-0.00093801356331916813276	-0.0093825377100829228383	-0.0066417972514468672993	-0.072023642208045079993	-0.00093801356331916813276	-0.0093825377100829228383
2	0	-1	-0.0031268939068009480794	0.013446902430394834516	-0.020980182114623265738	0.07313923188602945713	-0.0062537878136018961589	0.026893804860789669031
2	0	0	0	0	0.036433179833481141308	-0.046637857536000394687	0.019863604092394633593	-0.029165376266485028289
2	0	1	0.02078215503538624262	-0.012147128747455430975	-0.062870535207523212118	0.036289762113382834086	-0.041564310070772485239	0.02429425749491086195
2	0	2	-0.032026005713918385964	0.0045919910388232121345	0.065978566337532379427	-0.0099101750516719256529	0.032026005713918385964	-0.0045919910388232121345
2	0	3	0.015261209504662620259	0.0045183162885735171643	-0.044837402892630613682	-0.0099791205996433134801	-0.010174139669775081329	-0.0030122108590490115874
2	0	4	-0.0044774248823514339185	-0.003451213675515744754	0.021726053599054481746	0.015411011873624652288	0.0022387124411757169593	0.001725606837757872377
2	1	-4	-0.00069131085132337376838	0.0020621977726489031796	0.0077397215210643884389	-0.021313571844778420733	0.0015892749546044103882	-0.0042972940748701535935
2	1	-3	0.0038185915099802013838	-0.0043677027173905274074	-0.029300508682416605277	0.031915299461612631204	-0.0072211085541520675032	0.0077266313422771903952
2	1	-2	-0.007931791592376516431	0.0037434896237254879428	0.063266287512820054695	-0.030590750323606301364	0.023701352164033514386	-0.011551885538077661872
2	1	-1	0.01692199470204107728	-0.0011531828983130012339	-0.075442594125826795137	0.0061904174564753489812	-0.041598604721744640578	0.003884051659849346947
2	1	0	-0.033138600320026405377	-0.010093454369965598055	0.066277200640052810754	0.020186908739931196111	0.043190037082304996718	0.013155894169483362682
2	1	1	0.036327815777553298937	0.029981711658617141159	-0.049056743008624378866	-0.039619904321769018607	-0.023598888546482222478	-0.020343518995465270649
2	1	2	-0.0212791201293417373	-0.037902761221120427615	0.027879858160332126465	0.048570718841867151216	0.007339191049175674067	0.013617401800186853741
2	1	3	0.0020872990732032849388	0.021304496761226421331	-0.0057317310442537546325	-0.040536800280232716809	0.000519044299282394846	-0.00069073108074004137269
2	1	4	0.0021152547987892838556	-0.0082417842372198117651	-0.0060484593442411390199	0.022726087416764743226	0.00045448743666564271875	-0.0015606297355812807914
2	2	-4	-0.0032064280500824823145	0.00012182783725433820416	0.015391612576300534032	-0.00037306287971435850206	0.0060925922631090267262	-0.00012561752123001014895
2	2	-3	0.0069809050456030663848	0.0026645216525898770925	-0.024044557136868392744	-0.0096024956241870657037	-0.011375768060843550328	-0.0046253159810647924075
2	2	-2	-0.011805251770099471284	-0.010991523170610164456	0.030556999045440218915	0.028598899290959264169	0.018751747275340742427	0.017607376120349099713
2	2	-1	0.013243052065224603445	0.027925216114947280094	-0.022450658463775856333	-0.047263260038469340207	-0.018415212797102505776	-0.038676087847044127166
2	2	0	-0.0029551769354258655698	-0.044425731552377438482	0.0029551769354258655698	0.044425731552377438482	0.0027193091914711224263	0.037224033757668979761
2	2	1	-0.014123581642920957427	0.044278272305962020072	0.010966021757690475741	-0.034809676493786821661	0.0063151197704609625047	-0.018937191624350396824
2	2	2	0.021863629658852051785	-0.026127283625392593025	-0.021060762221676517653	0.026472329782217435962	-0.00080286743717553033742	-0.00034504615682484440038
2	2	3	-0.017179487769124798802	0.0094599576510181072192	0.025227069443548154337	-0.01327282793856588046	-0.0053650544496155689114	0.0025419135250318481041
2	2	4	0.0098169229105014976094	-0.0011867741019127040023	-0.019869704627469259028	0.0020865080079439345118	0.0050263908584838807095	-0.0004498669530156151463
2	3	-4	-0.0011023526580024058368	-0.0025305772797635274485	0.0035307984698180992778	0.0084513159893686712332	0.0020969225233623714315	0.0050731983521447397006
2	3	-3	-1.5291807595595205378e-05	0.0059669665909831172412	0.00012161623915353270706	-0.01317616979700019994	0.00011142170075646923907	-0.0091981920696781235142
2	3	-2	0.0042381063912905747593	-0.010603792629865821731	-0.0069798778338796248558	0.017010601174871811669	-0.0062317103595288612233	0.014912109132441897508
2	3	-1	-0.013112306882714348452	0.014384619054837396307	0.01402932251298776023	-0.014982969091972716397	0.015863353773534583785	-0.016179669166243353107
2	3	0	0.023300686705848786678	-0.011531458372020349928	-0.015533791137232525609	0.0076876389146802335747	-0.018804360053849604462	0.0076694586846089360388
2	3	1	-0.028172005386940521254	0.0018832393561252522111	0.016291103525036241401	-0.0014335335176159339117	0.0074707001987723157047	0.00053412184059729763807
2	3	2	0.022082796000222219834	0.0072559699923125386967	-0.017082815204358711703	-0.0058376233528534479666	0.0035414268063158485869	0.0015004650369676343375
2	3	3	-0.011447634297051137095	-0.0096006361534688357956	0.012478251600665582477	0.01118660465707227783	-0.0048464954026314916585	-0.0047861805547597209218
2	3	4	0.0043299045091132583665	0.0084773984255680397137	-0.006723911478414268221	-0.013134258484750362464	0.0028779813542540721993	0.0056119946507787532922
2	4	-4	0.0017399136409141594678	-0.0016266939940004505449	-0.0041964652374481617447	0.0038423678863082517954	-0.0033265084169910824445	0.0030290208893080264145
2	4	-3	-0.0039754515750575428884	0.001595272842893676957	0.0071028558566501335744	-0.0027886610157211795709	0.0068201734254951492178	-0.0026546994590324552235
2	4	-2	0.0080011113349394581001	5.0839880097462320928e-05	-0.0092194939222379583554	-7.8653210105831381405e-05	-0.010437876509536458611	-0.00010646654011420045543
2	4	-1	-0.010420967740177223063	-0.0042369039862167291385	0.0078232932987192353724	0.0032120511911578899199	0.010451237714522498834	0.0043743967921980996677
2	4	0	0.012219809082929234539	0.011638856919197665407	-0.0061099045414646172697	-0.0058194284595988327036	-0.0068523048482060783249	-0.0066481149579315614376
2	4	1	-0.0067969958579050812966	-0.015100626289248074083	0.003145792050386401334	0.0071158474316937525908	0.0010108235142645585584	0.0017378628517211391034
2	4	2	0.00059329133721834398287	0.016461834153964269994	-0.00022570914844457576755	-0.010211705643539403798	-0.00014187304032919242068	0.0039615771331145402043
2	4	3	0.0042149105119197224217	-0.011494783541754555883	-0.003808793923947785022	0.010267319279901798365	0.0022684515573172321819	-0.0060265700120326936087
2	4	4	-0.0057756869050556896086	0.0065557356357310659148	0.0071116700353204345686	-0.0078275080395274927725	-0.004223826582792590198	0.0045496402216619602488
3	-4	-4	-0.00071225107928031593588	0.0056265068307015603591	-0.0013767467704038454084	0.010298409838192147323	0.00084255846094360856494	-0.0060785297151659768364
3	-4	-3	0.0053655495023407035957	-0.0096101325915831700003	0.0067004503389046449549	-0.012015468153833031018	-0.0035683842828654892439	0.006410491613527537734
3	-4	-2	-0.010959809928113996291	0.0086640906628053532962	-0.0097567543085111344686	0.0077223513840085989193	0.003073793724851274934	-0.0024485667738091678944
3	-4	-1	0.013266404436921390431	-0.0038348736664038482642	0.0093546124581720679902	-0.0027232415707668430199	0.0023807634780758993309	-0.00061165471614417206252
3	-4	0	-0.011222072274741048958	-0.00099232535123575582245	-0.0084165542060557884535	-0.00074424401342681675842	-0.0086932095757524339291	-0.001026112671953409829
3	-4	1	0.007590409930883118203	0.0037407909810190029254	0.0082607288030520364952	0.0041776753805584810469	0.010271685419558791372	0.0054883285791769154116
3	-4	2	-0.0038458735166985533876	-0.0042981377816353671592	-0.0062416385543771759833	-0.0071651622087362532021	-0.0067144668337065218852	-0.0078831177450194543643
3	-4	3	0.0011190897030897810349	0.0030816705465742427923	0.0026037230316387199175	0.0075552310920592039359	0.0023525410057618455217	0.0069919709095046956443
3	-4	4	6.0606923021331156288e-05	-0.001300385236253106527	0.00026911443150002758865	-0.0046395931119734522274	0.0002236592392340292011	-0.0036643041847836230369
3	-3	-4	-0.007115115022324891049	0.0017455130732919443143	-0.016460837192605395907	0.0039114361962936565822	0.0070092916277103784264	-0.001624442342251284201
3	-3	-3	0.010989965366060365157	0.0016713720696876514446	0.018375568674430398791	0.0028607677730464755282	-0.0073856033083700345018	-0.0011893957033588243005
3	-3	-2	-0.013798351587751014891	-0.0082685073459455582512	-0.016965737447790705389	-0.0098285145999956469165	0.0047510787900595348801	0.0023400108810751312632
3	-3	-1	0.01260875637378191215	0.015807533182121618481	0.011994684316232292337	0.014447824018448868905	0.0018422161726488609553	0.0040791274910182495975
3	-3	0	-0.0050458143259248062693	-0.015990621344406066168	-0.0050458143259248062693	-0.015990621344406066168	-0.0034313634296684694149	-0.014529941108184818085
3	-3	1	-0.00081182361779542553098	0.011850751404181392862	-0.0016507672221730883364	0.018114589249676286975	-0.0025168308131329878742	0.018791513536484692748
3	-3	2	0.0025873131830248443513	-0.0053096560519123748439	0.0069456929721110390735	-0.013143496273911406749	0.0065375696836292929506	-0.011750760332998549593
3	-3	3	-0.0025078572843974162622	0.0021295712493440859849	-0.0086909006118216277498	0.0071497356790132804427	-0.0061830433274242093192	0.0050201644296691948915
3	-3	4	0.0020130128314576841743	-0.00062827702450302363568	0.0079507185703900709606	-0.0024908979461993538407	0.0044532793041992899813	-0.0013969656912722475724
3	-2	-4	-0.0034272124797538505887	-0.0049037712934081609598	-0.011384717666814621675	-0.016791754967725329439	0.0031219494735919219204	0.0047180490138065455177
3	-2	-3	0.0022108141788013415362	0.010316849250226741569	0.0055900239307818564913	0.025440064853029353831	-0.001515868441719896197	-0.0066431939851261598284
3	-2	-2	0.0029767385381501707334	-0.018101943830516394052	0.0046787828051279862357	-0.031588224006721739301	-0.00021367499790272913274	0.0044353082609471490907
3	-2	-1	-0.012055626622459805763	0.020413717643909271016	-0.015939632661769048	0.02713642079595305831	-0.0042876145438413230254	0.0069683113398216920895
3	-2	0	0.016383277325337237962	-0.012454079187812499771	0.024574915988005860412	-0.018681118781718752259	0.019580695192623245871	-0.015438905700606736851
3	-2	1	-0.011177681009754013644	0.0026146627252890434698	-0.030502311493892875216	0.0079813909851999681466	-0.027471579958523707765	0.0081187937945328050166
3	-2	2	0.0046567767353966381741	0.00064528506031710276564	0.025640990258146083292	0.0031639619428006689889	0.018655825155051125597	0.002196034352325015003
3	-2	3	-0.0020623887088859118449	-0.0010828040793604567192	-0.01492498052204078475	-0.0083680836734693151563	-0.0078875983058079458116	-0.0044959183696190877302
3	-2	4	0.0012173712301880694215	0.0014269546748648304947	0.0070729118979271383277	0.0089888207844484521725	0.0026234275263225174772	0.0034241943860756039741
3	-1	-4	0.0020647673130683224726	-0.003124123794499834763	0.012200211179273409354	-0.017567635989700260829	-0.0015014773100171107008	0.0020488161515501888098
3	-1	-3	-0.0067502311599759454511	0.0043799809703028956542	-0.029828845632674037824	0.019273768204473303023	0.0031927173842487346911	-0.0020446084311882052088
3	-1	-2	0.014926907355375733724	-0.0031256709670281499283	0.044604700565178637128	-0.0087548996584547646854	8.8010750474282957207e-05	-0.00031105662131484336291
3	-1	-1	-0.022698982788152671092	-0.0041409696175600035559	-0.05185524828088228233	-0.010009754943232100979	-0.016241700083575734415	-0.0024131539094479096882
3	-1	0	0.014832114880327930753	0.0096278344167085600641	0.044496344640983793994	0.028883503250125678458	0.030060172758110761254	0.018587121174530731732
3	-1	1	-0.0023024523775606190248	-0.0038197304197576200692	-0.029682497588272946376	-0.042090783600303181833	-0.022775140455591088434	-0.030631592341030324661
3	-1	2	-0.00082204608643008053679	-0.0016942707132839094752	0.0091214193781578179615	0.037486077210859870823	0.0057937788187240289728	0.021284444675355798648
3	-1	3	-0.0001748209174075887357	0.00073802049211560156322	0.0035199778516367564302	-0.024989233225717152886	0.001348146867953174113	-0.0090677649006879867261
3	-1	4	-9.4924524190005056426e-05	0.00037036200330987955383	-0.0072337906959894573977	0.012274732512259415446	-0.0017372542808548605605	0.00279091162558244444
3	0	-4	0.00083149339012297688103	0.00012001987309695045473	0.019042361410311216263	0.004668441833969839104	0.00062362004259223266078	9.001490482271283088e-05
3	0	-3	-0.00157571975783367315	-0.0010169201740460958282	-0.027198979965733307423	-0.020629439761269165177	-0.00157571975783367315	-0.0010169201740460958282
3	0	-2	0.0031261266847253540123	0.0044784897529362354893	0.026536108100014190597	0.044582874830081935247	0.004689190027088031669	0.0067177346294043528002
3	0	-1	-0.0015246543414656572521	-0.0079700358563276358509	-0.010465205713737633225	-0.063605834011635761782	-0.0045739630243969717563	-0.023910107568982905818
3	0	0	9.2192139527705547546e-44	0	-0.014905329765198378766	0.06754400937928829729	-0.0082583520131297907113	0.040756160849702509352
3	0	1	-0.0064238590901598549218	0.0098089276260167508614	0.033394984939337929442	-0.049585081094303644356	0.019271577270479563898	-0.029426782878050252584
3	0	2	0.0094118206346610177454	-0.0068655519240325684621	-0.036741128727390361119	0.025332091031938949038	-0.014117730951991524016	0.010298327886048853561
3	0	3	-0.0054253042614411765843	0.0011966188894675566703	0.027090357095681527611	-0.006208547355224726394	0.0054253042614411765843	-0.0011966188894675566703
3	0	4	0.001905725366947531212	0.00040835346222353697751	-0.016002070074031111285	-0.0026088586162452071307	-0.0014292940252106484632	-0.00030626509666765273313
3	1	-4	-0.00012252758733082515685	-0.0013641045263051256638	0.0020349590740274584554	0.015619155888777715505	0.00041684407800874582074	0.0028817105774655844656
3	1	-3	-0.00098745803205586802839	0.002929487955165421733	0.0079854944292220737811	-0.02690909396233672618	0.0016743734443514898987	-0.0060402100322801532267
3	1	-2	0.003276825825357580161	-0.0035389429714365013349	-0.026694686612555328098	0.033184630804193634979	-0.0084321045682412935907	0.011283900944942061584
3	1	-1	-0.008420706331616239701	0.004590459508170394512	0.04972829678393311803	-0.028674848122859884769	0.024466177789084400662	-0.014903469598348701233
3	1	0	0.018964777063647724614	-0.0028720298796905477379	-0.056894331190943177312	0.0086160896390716432136	-0.034816464844121555733	0.005767021151233822987
3	1	1	-0.024932576044399988591	-0.0055529703808682639651	0.049976010500482323518	0.011296043569689427979	0.024821717632717638785	0.0053628675729153630486
3	1	2	0.015279509263172988756	0.010455390376853949258	-0.031777228088594296207	-0.021627263700152110637	-0.0070306498504623350307	-0.0048694537152048694359
3	1	3	-0.0056177947541883824917	-0.0082152047644681314154	0.0151156273450092863	0.02291443021435493263	0.00057925230585195437542	0.00057706135968315600427
3	1	4	0.00082635286558713889025	0.004229308573085787358	-0.0032978788385924508696	-0.015891843144508709801	0.00020470506045775863102	0.00080097935631283682326
3	2	-4	0.0021416951493567304259	-0.001150894485827595997	-0.0098057737888243377139	0.0052910552781231384722	-0.0032966155323946207123	0.0017823567746908719131
3	2	-3	-0.0046025032229143926499	0.00035311071260645351304	0.016786921966658152616	-0.001422534956286422049	0.0065887780881910438732	-0.00059524592491782787104
3	2	-2	0.0082212344651618664976	0.0027404343322775682329	-0.024389888999085847232	-0.0078990762666446452667	-0.012058037301343044884	-0.00378842476822829205
3	2	-1	-0.011670797617152957326	-0.009571456792815957737	0.02555502961189829586	0.020798682302691426371	0.016097666372337709334	0.012882994226934981266
3	2	0	0.01125035600724722841	0.019451631903838525334	-0.016875534010870843482	-0.029177447855757789735	-0.010866819535719454692	-0.01912372778847534413
3	2	1	-0.0035293896911851689591	-0.023846044193265053535	0.0045626123803180563057	0.029963959340043908042	0.0014629443129193936152	0.011610213899707339316
3	2	2	-0.0042236103388652926349	0.017748222307361487954	0.0062212254474231067428	-0.025446520407209544112	0.0001141900608748323316	-0.0011758130538326895531
3	2	3	0.0060709191082823996816	-0.0087046842702963814903	-0.011483567355844943869	0.015775599618044120614	0.0015847924622808967372	-0.0018123821417330332646
3	2	4	-0.0050550476215412048012	0.0031807396858523615847	0.012232132385976212524	-0.0078210213645067173938	-0.0023247804768322024443	0.0015249559178640876168
3	3	-4	0.0017492905166770430798	0.0015325739423716836906	-0.0052268088803578234211	-0.0046718866623446809322	-0.0026081387727605854186	-0.0023544845399797479854
3	3	-3	-0.001937629654690803914	-0.0038774746319141864537	0.0044163519247545921301	0.0087975031661107309933	0.0024787222700637882161	0.0049200285341965445396
3	3	-2	0.00046688913649024907024	0.0074317435893160475532	-0.00083647606351992267147	-0.013236886660186105227	-0.00055438039054451029343	-0.0087077146063050860775
3	3	-1	0.0038916574599664223444	-0.012056942309418986273	-0.0051840081312455564555	0.015818128069984383616	-0.0038770520138374018997	0.011283557281696192029
3	3	0	-0.010227078528563476531	0.012558930433287518111	0.010227078528563476531	-0.012558930433287518111	0.0066963366815197180454	-0.0077051227997569689959
3	3	1	0.016153794372984267569	-0.0089878612769070768962	-0.014939523139340478083	0.0082784029261776491404	-0.0036428137009313619511	0.0021283750521882867368
3	3	2	-0.014374121419016191656	0.0018715223801729179154	0.015507681949854832532	-0.0017912890239366900322	-0.0017003407962579628315	-0.00012035003435434158086
3	3	3	0.009788388229876831409	0.002576868496759646826	-0.013021751317278220869	-0.0034867018613141680279	0.0032333630874013916286	0.00090983336455452087661
3	3	4	-0.0055933980624356116618	-0.0041116528403116487517	0.0093972392798790226748	0.0070234732967655007577	-0.0028528809130825573924	-0.0021838653423403892213
3	4	-4	-0.00059160463009494802886	0.0015616303187714125275	0.0013684267622928556352	-0.0035242635597748169125	0.00092472328972164447806	-0.0023530408206962577337
3	4	-3	0.0025730296835206663969	-0.0027373629085141880542	-0.0043324974801540452538	0.00459764518346636019	-0.0032036336233513935078	0.003392830669440959155
3	4	-2	-0.0056718564057912828139	0.0027008240539697675638	0.0070085770841040095566	-0.0033635740514239482503	0.0055093695595210953261	-0.0026759120218932453718
3	4	-1	0.0085483887819283437687	-0.00053754480828381134404	-0.0081488219986980171827	0.00054492761755740978715	-0.006950121649007042629	0.00056707604537820479121
3	4	0	-0.010044116723646509537	-0.003315317821602158186	0.0075330875427348812853	0.0024864883662016187479	0.005428536387874612068	0.0016096187241009787729
3	4	1	0.009384773691070687554	0.0078948339303974105624	-0.0065809864108394931087	-0.0056122775382228366758	-0.0018303754298540949978	-0.0012353916383008841165
3	4	2	-0.0057505931582977239114	-0.010802434749899494579	0.0045667198547818576085	0.0087508452189391620901	-0.00050754997211712956674	-0.0012980383130290801437
3	4	3	0.0010906325234002469879	0.0097999741017563719164	-0.0009695188630352573507	-0.0098995498379538145184	0.00020205929398009613734	0.0033994256821820484533
3	4	4	0.0014451068550432987891	-0.0051758407643293230516	-0.0018561951336189038558	0.0064801380302519379778	0.00077236499233642981824	-0.0025982574570049461228
4	-4	-4	-0.0014772433788363635836	-0.0043978571611276344802	-0.0024755436452282308414	-0.0074448982322716976759	0.00099830026639186769145	0.0030470410711440631957
4	-4	-3	-0.00045606290280967350798	0.0075284022067933324684	-0.00059576497118912644449	0.0098540119837528510754	0.00018626942450593726676	-0.0031008130359460235083
4	-4	-2	0.0049662464102363168203	-0.010490697893769390311	0.0052556063385654190959	-0.01124109788829934925	-0.00057871985665820639428	0.0015007999890599183108
4	-4	-1	-0.008712940000839018706	0.0080858523785748096652	-0.0081815896319446610591	0.0076611568839649209217	-0.0021254014755774318889	0.0016987819784395523717
4	-4	0	0.010463965504573742582	-0.004043150319029254966	0.010463965504573742582	-0.004043150319029254966	0.0061970348002998235093	-0.0021783585127459676768
4	-4	1	-0.0075056316386054797163	-5.5126329883606976496e-05	-0.0094449863732075714506	-0.0001210843796820872245	-0.00775741893840836607	-0.00026383219919392093778
4	-4	2	0.0044060066369771156564	0.001802556163486864968	0.0075550221333724361383	0.0031851634170977677525	0.0062980309927906400966	0.0027652145072218055691
4	-4	3	-0.001540379072751730128	-0.0015157820603692317724	-0.0035524250461169320017	-0.0035675886430776111366	-0.0026827279644869358316	-0.0027357421102778395859
4	-4	4	0.00042780377831335173952	0.0010048543284461267534	0.0012867883116910820967	0.0030665859935235665126	0.00085898453337773024874	0.0020617316650774395424
4	-3	-4	0.0035380012141328531956	-0.0029335772039448390278	0.0078471771937432769489	-0.0064632835058915415541	-0.0023473816811746040824	0.0019138854254738173546
4	-3	-3	-0.0086475072903069560154	0.0026946938636123267917	-0.015321843230169914299	0.0048526765181236336186	0.0037918335097606374433	-0.0012597513666405312296
4	-3	-2	0.011760535555594727256	0.00096896592030452932415	0.016728661308963894971	0.0013089847786537530359	-0.0015719208522563868618	-2.5545327371570990309e-05
4	-3	-1	-0.010895806693373316296	-0.0054656174091573554372	-0.013706096354350849956	-0.0067867299418384423315	-0.0024649377104407131471	-0.0015022798111140951878
4	-3	0	0.0068485851286210841851	0.0076206846951677809435	0.0091314468381614461584	0.010160912926890374591	0.0048570499809679479331	0.0059537048331068835941
4	-3	1	-0.0025866930723522554153	-0.0069796449679099814567	-0.0044382339375882186305	-0.012264873785284255078	-0.0029679295233556346641	-0.0088760414842128394081
4	-3	2	-0.00018776862131701562699	0.0050126196004186187455	-0.00048832582094909164974	0.011847047856836894278	-0.00035695148878960632904	0.0077453325844181047932
4	-3	3	0.0012769708926540633987	-0.0028254645506873405335	0.0037345592169630986712	-0.0082287443294059448712	0.0020319313600910141396	-0.004461458261822824449
4	-3	4	-0.0010529664218793656581	0.00099197208017065443934	-0.0036385066220145480601	0.0034358624959521903708	-0.001675913544631545387	0.0015849247917934885556
4	-2	-4	0.003948211169825530456	0.0022507415871421843773	0.013074815106502050283	0.0074688285477061714876	-0.0025891963834254946852	-0.0014836726867109013665
4	-2	-3	-0.0045690321652195288113	-0.0057782641640753635084	-0.012102029151320050498	-0.015276630076039179537	0.001975976547253995106	0.0024800678319256345798
4	-2	-2	0.003003489918377739553	0.010505609442592116556	0.0066365440849007672694	0.022383505352314987669	-0.0006295642481452883802	-0.0013722864671307547727
4	-2	-1	0.0011604964703093728368	-0.012307750883761191946	0.0018948012961415993012	-0.022621408198946663798	0.00085238328895429209438	-0.0039881871371514479932
4	-2	0	-0.0054216330765070727335	0.010914718600538515086	-0.010843266153014145467	0.021829437201077030173	-0.0057046851349439658616	0.010282644719633639643
4	-2	1	0.0051211626949979223433	-0.0045964184669205401107	0.014828487811203001911	-0.013039623775324069022	0.009172324842414312715	-0.0076935736829659741309
4	-2	2	-0.0038366147508240387026	0.001316672989254679977	-0.015871513577372105275	0.0053412274152921605103	-0.0081982840757240296042	0.00270788143678280099
4	-2	3	0.0026055093428662087253	0.00017530704374673779342	0.011955172188057253818	0.00079074619984339524457	0.0044961023348832227994	0.00029342140823327973569
4	-2	4	-0.001606541728144711802	-0.00076464391108569415654	-0.0073153996103988575342	-0.0035057159326408490578	-0.0020511580770547167482	-0.00098821405523473026394
4	-1	-4	-0.00036089940287835082632	0.0024306877812336979104	-0.0023228897164891161575	0.014972868509244639801	0.00021982302624392829437	-0.001312529346077461823
4	-1	-3	0.0020383661365178805565	-0.003462496521859219703	0.010473433788374049078	-0.017724133728227793594	-0.0007733230807675092397	0.0012913825469303042044
4	-1	-2	-0.0055724331415538830986	0.0041532864144299989559	-0.021038914229004647416	0.015899298948030254203	-0.00062540916860544335659	0.00035692335484487097306
4	-1	-1	0.0094132078853822517134	-0.0026416865530204587144	0.030803083375074435252	-0.0086963373570791320522	0.006849748166454576806	-0.0018704088550027034559
4	-1	0	-0.0082380842412644369327	-0.00083057064324044331625	-0.032952336965057747731	-0.003322282572961773265	-0.015023342398318139182	-0.0013043990602528312932
4	-1	1	0.0029526528779532956216	0.0016694344927508828706	0.024890655742144385254	0.013318286062433406028	0.013080044230331202768	0.0066405480914298745457
4	-1	2	-0.00071428456173905352771	-0.0009246218971001600364	-0.013504295214095903693	-0.016244093662824771879	-0.0053235784835698454417	-0.0062728030372120654329
4	-1	3	0.00028346692833830083045	0.00088181406759010427365	0.0043335913097522155493	0.013784371440072405723	0.0010665745321330041481	0.0034190383899039959205
4	-1	4	7.0527884113097210304e-05	-0.0011200189841929306805	0.00079572928684759711843	-0.010042365613421337309	0.0001284044375988020693	-0.0013905724191624034298
4	0	-4	-0.00030234546874048770157	8.7251245357786871588e-05	-0.014001256975572952401	0.0030508185962097290021	-0.00030234546874048770157	8.7251245357786871588e-05
4	0	-3	0.00063714769236469922728	8.4218881612075429072e-05	0.018747537009332099212	0.003195359512284389001	0.00084953025648626563637	0.00011229184214943390091
4	0	-2	-0.0015848609792066088112	-0.0009284949397549965627	-0.024660532607702474045	-0.015816873588747826923	-0.0031697219584132176225	-0.0018569898795099931254
4	0	-1	0.0015264352881791153679	0.0019231248315007046755	0.02038790681597294277	0.028661066809268928579	0.0061057411527164614715	0.007692499326002818702
4	0	0	0	0	-0.0086232900335406550973	-0.034021321788700743805	-0.0045194279520864681643	-0.014465837331274938524
4	0	1	0.00026838405439019334198	-0.0032343146942492534239	-0.0043653682952526371222	0.032061306642320638871	-0.0010735362175607733679	0.012937258776997013696
4	0	2	-0.0014075477367102222186	0.0026574480577452258903	0.01222417807332145008	-0.021694612076825197516	0.0028150954734204444371	-0.0053148961154904517806
4	0	3	0.0010939947557485657677	-0.00087147034648363405022	-0.012245605682699233635	0.0098506243921411603542	-0.001458659674331421385	0.0011619604619781788782
4	0	4	-5.7373693440551048301e-05	-2.7147798596203454692e-05	0.011110912729972064264	-0.0033553738038331125219	5.7373693440551048301e-05	2.7147798596203454692e-05
4	1	-4	0.00060662630615201430535	0.00095568429522931142277	-0.0058099453550319009668	-0.008838237735151716068	-0.0008458600326059607195	-0.0012538751385586179195
4	1	-3	-0.0003474851802631567484	-0.0018937904998396648971	0.0030828845552918785963	0.015166643991560932805	0.0005643146114130837953	0.0025304939974007574499
4	1	-2	-0.00066575963125958641242	0.0027714058948077437486	0.0045135259578158431343	-0.021441982956500675594	0.0009252437163887487423	-0.0051781796886348503001
4	1	-1	0.0025450318098485347033	-0.0035765466752341831293	-0.015493898402135612008	0.022867166117117122826	-0.0053137711627414731946	0.0085609794161803920431
4	1	0	-0.0062680539173019930374	0.0043365815131471705315	0.02507221566920797215	-0.017346326052588682126	0.010463500010782712107	-0.0077704819664061652515
4	1	1	0.0088367518653353904767	-0.0021134349236110652054	-0.026546859802243773924	0.0061073218176875459021	-0.008800147659097789718	0.0023464178767567149195
4	1	2	-0.0065375820977175667925	-0.00092634089248158657005	0.020703732035364227904	0.003118088012033234848	0.0027232981777530196332	0.00029363777894655560766
4	1	3	0.0031728815440807758841	0.0018264216893338640259	-0.013100516430433395074	-0.0075945024427736341002	0.00013633008470343064796	9.6271895146059151445e-05
4	1	4	-0.0011010838941807839838	-0.0014654016412304520563	0.0068268334698442277933	0.0087502942461768831728	-0.00060562447328027285611	-0.00072217192031376884528
4	2	-4	-0.0010086443131314866157	0.0013643706626288183009	0.0042889946157069888319	-0.005892856000987449841	0.0011358529947220080171	-0.0015820573378649068364
4	2	-3	0.002652833915799548449	-0.0016540691102917277726	-0.0093519264136277396871	0.0059536745360606073071	-0.002697505721352428526	0.0017636908769847674076
4	2	-2	-0.0048931839639119942276	0.00078745040203426013535	0.015027892501143514867	-0.0025409525059450674932	0.0052415245733195264116	-0.00096605170187654743931
4	2	-1	0.0068232839705205496419	0.0016038679312259575965	-0.017444230072733209885	-0.0040407818715735730961	-0.0075953242633842203355	-0.0016660920182433160228
4	2	0	-0.0083698397131296339152	-0.005754613401459996759	0.01673967942625926783	0.011509226802919993518	0.0068787563161049215116	0.0047128985615450206398
4	2	1	0.0056504930611847121666	0.008398404407687878187	-0.010110555940643731546	-0.015045097552655222264	-0.0023808603634513881772	-0.0035034225254410725561
4	2	2	-0.00186105679739891278	-0.0082231907498949655816	0.0035549218437480822018	0.016199923417200442349	0.00016719175104974319567	0.00024645808258948930175
4	2	3	-0.00087337582073208669571	0.0053963964233847867835	0.0021437208178873485599	-0.013066082932102748848	-0.00026464611761545014847	0.001515526723555451127
4	2	4	0.0016865591242736927002	-0.0027793035698706618393	-0.0051074738519570409001	0.0084440111055785714578	0.00086717780170482774982	-0.0014427019829186241064
4	3	-4	-0.0014359228865745228467	-0.00041289218022820425814	0.0040696658796141246817	0.0011381866386871799818	0.0016163265231360702309	0.00044074779878718078245
4	3	-3	0.0024320176433857546884	0.0018919673723609168811	-0.0056135913686524560248	-0.0043299823371474466943	-0.0023709011774714497736	-0.0018073591739995575195
4	3	-2	-0.0025080157821362886184	-0.0042267525865239000474	0.0048244406294361804124	0.0080420922208875936232	0.0022206293798816938156	0.0036096331582835881717
4	3	-1	0.0010156678071480242445	0.0066564617345603637258	-0.0016478126740500597096	-0.010581984672858764374	-0.0008807667935580816088	-0.0051201070803348364829
4	3	0	0.0019211815406397323054	-0.0081555799430282141516	-0.0025615753875196435076	0.010874106590704285535	-0.000954995388592528964	0.0045602471224980758308
4	3	1	-0.005205523404162738961	0.0074810420120410281442	0.0065698687593396289108	-0.0093578969526065050588	0.0011124873386320686779	-0.0018504771903446013033
4	3	2	0.0069671671903566217629	-0.0045967871400441071353	-0.0095366159576787748464	0.0062182642475537078242	0.00037058955580492037012	-0.00013382209124234703199
4	3	3	-0.0062321855050660925762	0.0012677011759829610437	0.010130475488491474598	-0.0020209567697007553566	-0.0018208948150700177571	0.0003306885350568074429
4	3	4	0.003307686622519768159	0.00060422259896878523135	-0.0060870309842639708925	-0.0011000866364012016046	0.0012575866156782100104	0.00022084237833211583656
4	4	-4	-0.00010304192550117192084	-0.0012109280048362756985	0.00023645106546441003277	0.0026293033735820042426	0.00013340913996323809838	0.0014183753687457285441
4	4	-3	-0.00065989395487968209846	0.0020975312313523428003	0.0011305354639643417757	-0.0036740737218741432828	0.00062752201211287953354	-0.0021020566540290671655
4	4	-2	0.0026443251575801207144	-0.0032227447864224966108	-0.0037534756489137894968	0.0045945730218181586244	-0.0022183009826673375647	0.0027436564707913244608
4	4	-1	-0.0052705433500008364023	0.002922291137010389183	0.0060872263164419909351	-0.0033942350837825492615	0.0032667318657646172639	-0.0018877757870886398804
4	4	0	0.0080466286198685454956	-0.0010431296227893566055	-0.0080466286198685454956	0.0010431296227893566055	-0.0031653870377571233577	0.00051252087577485620513
4	4	1	-0.0080701692356347463908	-0.0020447079511790636729	0.0077141794068420156336	0.0019819409210283939204	0.001423959315170923029	0.00025106812060268003965
4	4	2	0.0064334697101559598989	0.0046567911523831429649	-0.0066587125951984328653	-0.0048813055935331218019	0.00045048577008494490289	0.00044902888229995816189
4	4	3	-0.0027686443432829461325	-0.0043502246985878878158	0.0031635034068498422456	0.0050392065726795115185	-0.00052647875142252807852	-0.00091864249878883185666
4	4	4	0.00059794458538710466844	0.0032707903263650313364	-0.00078725456761428839764	-0.0043528155126455842991	0.0001893099822271837292	0.0010820251862805533964
