# projective normalization low/high satellite; base=proof/l4/states/local-projective-normalization-cauchy/H8-K8-twenty-four-step/K8.tsv; base_cutoff=2; cutoff=12; satellite_amplitude=0.00694444444444444406; satellite_mode_pairs=0; candidate_lemma_proved=false
kx	ky	kz	ux_re	ux_im	uy_re	uy_im	uz_re	uz_im
-12	-12	-12	0	0	0	0	0	0
-12	-12	-11	0	0	0	0	0	0
-12	-12	-10	0	0	0	0	0	0
-12	-12	-9	0	0	0	0	0	0
-12	-12	-8	0	0	0	0	0	0
-12	-12	-7	0	0	0	0	0	0
-12	-12	-6	0	0	0	0	0	0
-12	-12	-5	0	0	0	0	0	0
-12	-12	-4	0	0	0	0	0	0
-12	-12	-3	0	0	0	0	0	0
-12	-12	-2	0	0	0	0	0	0
-12	-12	-1	0	0	0	0	0	0
-12	-12	0	0	0	0	0	0	0
-12	-12	1	0	0	0	0	0	0
-12	-12	2	0	0	0	0	0	0
-12	-12	3	0	0	0	0	0	0
-12	-12	4	0	0	0	0	0	0
-12	-12	5	0	0	0	0	0	0
-12	-12	6	0	0	0	0	0	0
-12	-12	7	0	0	0	0	0	0
-12	-12	8	0	0	0	0	0	0
-12	-12	9	0	0	0	0	0	0
-12	-12	10	0	0	0	0	0	0
-12	-12	11	0	0	0	0	0	0
-12	-12	12	0	0	0	0	0	0
-12	-11	-12	0	0	0	0	0	0
-12	-11	-11	0	0	0	0	0	0
-12	-11	-10	0	0	0	0	0	0
-12	-11	-9	0	0	0	0	0	0
-12	-11	-8	0	0	0	0	0	0
-12	-11	-7	0	0	0	0	0	0
-12	-11	-6	0	0	0	0	0	0
-12	-11	-5	0	0	0	0	0	0
-12	-11	-4	0	0	0	0	0	0
-12	-11	-3	0	0	0	0	0	0
-12	-11	-2	0	0	0	0	0	0
-12	-11	-1	0	0	0	0	0	0
-12	-11	0	0	0	0	0	0	0
-12	-11	1	0	0	0	0	0	0
-12	-11	2	0	0	0	0	0	0
-12	-11	3	0	0	0	0	0	0
-12	-11	4	0	0	0	0	0	0
-12	-11	5	0	0	0	0	0	0
-12	-11	6	0	0	0	0	0	0
-12	-11	7	0	0	0	0	0	0
-12	-11	8	0	0	0	0	0	0
-12	-11	9	0	0	0	0	0	0
-12	-11	10	0	0	0	0	0	0
-12	-11	11	0	0	0	0	0	0
-12	-11	12	0	0	0	0	0	0
-12	-10	-12	0	0	0	0	0	0
-12	-10	-11	0	0	0	0	0	0
-12	-10	-10	0	0	0	0	0	0
-12	-10	-9	0	0	0	0	0	0
-12	-10	-8	0	0	0	0	0	0
-12	-10	-7	0	0	0	0	0	0
-12	-10	-6	0	0	0	0	0	0
-12	-10	-5	0	0	0	0	0	0
-12	-10	-4	0	0	0	0	0	0
-12	-10	-3	0	0	0	0	0	0
-12	-10	-2	0	0	0	0	0	0
-12	-10	-1	0	0	0	0	0	0
-12	-10	0	0	0	0	0	0	0
-12	-10	1	0	0	0	0	0	0
-12	-10	2	0	0	0	0	0	0
-12	-10	3	0	0	0	0	0	0
-12	-10	4	0	0	0	0	0	0
-12	-10	5	0	0	0	0	0	0
-12	-10	6	0	0	0	0	0	0
-12	-10	7	0	0	0	0	0	0
-12	-10	8	0	0	0	0	0	0
-12	-10	9	0	0	0	0	0	0
-12	-10	10	0	0	0	0	0	0
-12	-10	11	0	0	0	0	0	0
-12	-10	12	0	0	0	0	0	0
-12	-9	-12	0	0	0	0	0	0
-12	-9	-11	0	0	0	0	0	0
-12	-9	-10	0	0	0	0	0	0
-12	-9	-9	0	0	0	0	0	0
-12	-9	-8	0	0	0	0	0	0
-12	-9	-7	0	0	0	0	0	0
-12	-9	-6	0	0	0	0	0	0
-12	-9	-5	0	0	0	0	0	0
-12	-9	-4	0	0	0	0	0	0
-12	-9	-3	0	0	0	0	0	0
-12	-9	-2	0	0	0	0	0	0
-12	-9	-1	0	0	0	0	0	0
-12	-9	0	0	0	0	0	0	0
-12	-9	1	0	0	0	0	0	0
-12	-9	2	0	0	0	0	0	0
-12	-9	3	0	0	0	0	0	0
-12	-9	4	0	0	0	0	0	0
-12	-9	5	0	0	0	0	0	0
-12	-9	6	0	0	0	0	0	0
-12	-9	7	0	0	0	0	0	0
-12	-9	8	0	0	0	0	0	0
-12	-9	9	0	0	0	0	0	0
-12	-9	10	0	0	0	0	0	0
-12	-9	11	0	0	0	0	0	0
-12	-9	12	0	0	0	0	0	0
-12	-8	-12	0	0	0	0	0	0
-12	-8	-11	0	0	0	0	0	0
-12	-8	-10	0	0	0	0	0	0
-12	-8	-9	0	0	0	0	0	0
-12	-8	-8	0	0	0	0	0	0
-12	-8	-7	0	0	0	0	0	0
-12	-8	-6	0	0	0	0	0	0
-12	-8	-5	0	0	0	0	0	0
-12	-8	-4	0	0	0	0	0	0
-12	-8	-3	0	0	0	0	0	0
-12	-8	-2	0	0	0	0	0	0
-12	-8	-1	0	0	0	0	0	0
-12	-8	0	0	0	0	0	0	0
-12	-8	1	0	0	0	0	0	0
-12	-8	2	0	0	0	0	0	0
-12	-8	3	0	0	0	0	0	0
-12	-8	4	0	0	0	0	0	0
-12	-8	5	0	0	0	0	0	0
-12	-8	6	0	0	0	0	0	0
-12	-8	7	0	0	0	0	0	0
-12	-8	8	0	0	0	0	0	0
-12	-8	9	0	0	0	0	0	0
-12	-8	10	0	0	0	0	0	0
-12	-8	11	0	0	0	0	0	0
-12	-8	12	0	0	0	0	0	0
-12	-7	-12	0	0	0	0	0	0
-12	-7	-11	0	0	0	0	0	0
-12	-7	-10	0	0	0	0	0	0
-12	-7	-9	0	0	0	0	0	0
-12	-7	-8	0	0	0	0	0	0
-12	-7	-7	0	0	0	0	0	0
-12	-7	-6	0	0	0	0	0	0
-12	-7	-5	0	0	0	0	0	0
-12	-7	-4	0	0	0	0	0	0
-12	-7	-3	0	0	0	0	0	0
-12	-7	-2	0	0	0	0	0	0
-12	-7	-1	0	0	0	0	0	0
-12	-7	0	0	0	0	0	0	0
-12	-7	1	0	0	0	0	0	0
-12	-7	2	0	0	0	0	0	0
-12	-7	3	0	0	0	0	0	0
-12	-7	4	0	0	0	0	0	0
-12	-7	5	0	0	0	0	0	0
-12	-7	6	0	0	0	0	0	0
-12	-7	7	0	0	0	0	0	0
-12	-7	8	0	0	0	0	0	0
-12	-7	9	0	0	0	0	0	0
-12	-7	10	0	0	0	0	0	0
-12	-7	11	0	0	0	0	0	0
-12	-7	12	0	0	0	0	0	0
-12	-6	-12	0	0	0	0	0	0
-12	-6	-11	0	0	0	0	0	0
-12	-6	-10	0	0	0	0	0	0
-12	-6	-9	0	0	0	0	0	0
-12	-6	-8	0	0	0	0	0	0
-12	-6	-7	0	0	0	0	0	0
-12	-6	-6	0	0	0	0	0	0
-12	-6	-5	0	0	0	0	0	0
-12	-6	-4	0	0	0	0	0	0
-12	-6	-3	0	0	0	0	0	0
-12	-6	-2	0	0	0	0	0	0
-12	-6	-1	0	0	0	0	0	0
-12	-6	0	0	0	0	0	0	0
-12	-6	1	0	0	0	0	0	0
-12	-6	2	0	0	0	0	0	0
-12	-6	3	0	0	0	0	0	0
-12	-6	4	0	0	0	0	0	0
-12	-6	5	0	0	0	0	0	0
-12	-6	6	0	0	0	0	0	0
-12	-6	7	0	0	0	0	0	0
-12	-6	8	0	0	0	0	0	0
-12	-6	9	0	0	0	0	0	0
-12	-6	10	0	0	0	0	0	0
-12	-6	11	0	0	0	0	0	0
-12	-6	12	0	0	0	0	0	0
-12	-5	-12	0	0	0	0	0	0
-12	-5	-11	0	0	0	0	0	0
-12	-5	-10	0	0	0	0	0	0
-12	-5	-9	0	0	0	0	0	0
-12	-5	-8	0	0	0	0	0	0
-12	-5	-7	0	0	0	0	0	0
-12	-5	-6	0	0	0	0	0	0
-12	-5	-5	0	0	0	0	0	0
-12	-5	-4	0	0	0	0	0	0
-12	-5	-3	0	0	0	0	0	0
-12	-5	-2	0	0	0	0	0	0
-12	-5	-1	0	0	0	0	0	0
-12	-5	0	0	0	0	0	0	0
-12	-5	1	0	0	0	0	0	0
-12	-5	2	0	0	0	0	0	0
-12	-5	3	0	0	0	0	0	0
-12	-5	4	0	0	0	0	0	0
-12	-5	5	0	0	0	0	0	0
-12	-5	6	0	0	0	0	0	0
-12	-5	7	0	0	0	0	0	0
-12	-5	8	0	0	0	0	0	0
-12	-5	9	0	0	0	0	0	0
-12	-5	10	0	0	0	0	0	0
-12	-5	11	0	0	0	0	0	0
-12	-5	12	0	0	0	0	0	0
-12	-4	-12	0	0	0	0	0	0
-12	-4	-11	0	0	0	0	0	0
-12	-4	-10	0	0	0	0	0	0
-12	-4	-9	0	0	0	0	0	0
-12	-4	-8	0	0	0	0	0	0
-12	-4	-7	0	0	0	0	0	0
-12	-4	-6	0	0	0	0	0	0
-12	-4	-5	0	0	0	0	0	0
-12	-4	-4	0	0	0	0	0	0
-12	-4	-3	0	0	0	0	0	0
-12	-4	-2	0	0	0	0	0	0
-12	-4	-1	0	0	0	0	0	0
-12	-4	0	0	0	0	0	0	0
-12	-4	1	0	0	0	0	0	0
-12	-4	2	0	0	0	0	0	0
-12	-4	3	0	0	0	0	0	0
-12	-4	4	0	0	0	0	0	0
-12	-4	5	0	0	0	0	0	0
-12	-4	6	0	0	0	0	0	0
-12	-4	7	0	0	0	0	0	0
-12	-4	8	0	0	0	0	0	0
-12	-4	9	0	0	0	0	0	0
-12	-4	10	0	0	0	0	0	0
-12	-4	11	0	0	0	0	0	0
-12	-4	12	0	0	0	0	0	0
-12	-3	-12	0	0	0	0	0	0
-12	-3	-11	0	0	0	0	0	0
-12	-3	-10	0	0	0	0	0	0
-12	-3	-9	0	0	0	0	0	0
-12	-3	-8	0	0	0	0	0	0
-12	-3	-7	0	0	0	0	0	0
-12	-3	-6	0	0	0	0	0	0
-12	-3	-5	0	0	0	0	0	0
-12	-3	-4	0	0	0	0	0	0
-12	-3	-3	0	0	0	0	0	0
-12	-3	-2	0	0	0	0	0	0
-12	-3	-1	0	0	0	0	0	0
-12	-3	0	0	0	0	0	0	0
-12	-3	1	0	0	0	0	0	0
-12	-3	2	0	0	0	0	0	0
-12	-3	3	0	0	0	0	0	0
-12	-3	4	0	0	0	0	0	0
-12	-3	5	0	0	0	0	0	0
-12	-3	6	0	0	0	0	0	0
-12	-3	7	0	0	0	0	0	0
-12	-3	8	0	0	0	0	0	0
-12	-3	9	0	0	0	0	0	0
-12	-3	10	0	0	0	0	0	0
-12	-3	11	0	0	0	0	0	0
-12	-3	12	0	0	0	0	0	0
-12	-2	-12	0	0	0	0	0	0
-12	-2	-11	0	0	0	0	0	0
-12	-2	-10	0	0	0	0	0	0
-12	-2	-9	0	0	0	0	0	0
-12	-2	-8	0	0	0	0	0	0
-12	-2	-7	0	0	0	0	0	0
-12	-2	-6	0	0	0	0	0	0
-12	-2	-5	0	0	0	0	0	0
-12	-2	-4	0	0	0	0	0	0
-12	-2	-3	0	0	0	0	0	0
-12	-2	-2	0	0	0	0	0	0
-12	-2	-1	0	0	0	0	0	0
-12	-2	0	0	0	0	0	0	0
-12	-2	1	0	0	0	0	0	0
-12	-2	2	0	0	0	0	0	0
-12	-2	3	0	0	0	0	0	0
-12	-2	4	0	0	0	0	0	0
-12	-2	5	0	0	0	0	0	0
-12	-2	6	0	0	0	0	0	0
-12	-2	7	0	0	0	0	0	0
-12	-2	8	0	0	0	0	0	0
-12	-2	9	0	0	0	0	0	0
-12	-2	10	0	0	0	0	0	0
-12	-2	11	0	0	0	0	0	0
-12	-2	12	0	0	0	0	0	0
-12	-1	-12	0	0	0	0	0	0
-12	-1	-11	0	0	0	0	0	0
-12	-1	-10	0	0	0	0	0	0
-12	-1	-9	0	0	0	0	0	0
-12	-1	-8	0	0	0	0	0	0
-12	-1	-7	0	0	0	0	0	0
-12	-1	-6	0	0	0	0	0	0
-12	-1	-5	0	0	0	0	0	0
-12	-1	-4	0	0	0	0	0	0
-12	-1	-3	0	0	0	0	0	0
-12	-1	-2	0	0	0	0	0	0
-12	-1	-1	0	0	0	0	0	0
-12	-1	0	0	0	0	0	0	0
-12	-1	1	0	0	0	0	0	0
-12	-1	2	0	0	0	0	0	0
-12	-1	3	0	0	0	0	0	0
-12	-1	4	0	0	0	0	0	0
-12	-1	5	0	0	0	0	0	0
-12	-1	6	0	0	0	0	0	0
-12	-1	7	0	0	0	0	0	0
-12	-1	8	0	0	0	0	0	0
-12	-1	9	0	0	0	0	0	0
-12	-1	10	0	0	0	0	0	0
-12	-1	11	0	0	0	0	0	0
-12	-1	12	0	0	0	0	0	0
-12	0	-12	0	0	0	0	0	0
-12	0	-11	0	0	0	0	0	0
-12	0	-10	0	0	0	0	0	0
-12	0	-9	0	0	0	0	0	0
-12	0	-8	0	0	0	0	0	0
-12	0	-7	0	0	0	0	0	0
-12	0	-6	0	0	0	0	0	0
-12	0	-5	0	0	0	0	0	0
-12	0	-4	0	0	0	0	0	0
-12	0	-3	0	0	0	0	0	0
-12	0	-2	0	0	0	0	0	0
-12	0	-1	0	0	0	0	0	0
-12	0	0	0	0	0	0	0	0
-12	0	1	0	0	0	0	0	0
-12	0	2	0	0	0	0	0	0
-12	0	3	0	0	0	0	0	0
-12	0	4	0	0	0	0	0	0
-12	0	5	0	0	0	0	0	0
-12	0	6	0	0	0	0	0	0
-12	0	7	0	0	0	0	0	0
-12	0	8	0	0	0	0	0	0
-12	0	9	0	0	0	0	0	0
-12	0	10	0	0	0	0	0	0
-12	0	11	0	0	0	0	0	0
-12	0	12	0	0	0	0	0	0
-12	1	-12	0	0	0	0	0	0
-12	1	-11	0	0	0	0	0	0
-12	1	-10	0	0	0	0	0	0
-12	1	-9	0	0	0	0	0	0
-12	1	-8	0	0	0	0	0	0
-12	1	-7	0	0	0	0	0	0
-12	1	-6	0	0	0	0	0	0
-12	1	-5	0	0	0	0	0	0
-12	1	-4	0	0	0	0	0	0
-12	1	-3	0	0	0	0	0	0
-12	1	-2	0	0	0	0	0	0
-12	1	-1	0	0	0	0	0	0
-12	1	0	0	0	0	0	0	0
-12	1	1	0	0	0	0	0	0
-12	1	2	0	0	0	0	0	0
-12	1	3	0	0	0	0	0	0
-12	1	4	0	0	0	0	0	0
-12	1	5	0	0	0	0	0	0
-12	1	6	0	0	0	0	0	0
-12	1	7	0	0	0	0	0	0
-12	1	8	0	0	0	0	0	0
-12	1	9	0	0	0	0	0	0
-12	1	10	0	0	0	0	0	0
-12	1	11	0	0	0	0	0	0
-12	1	12	0	0	0	0	0	0
-12	2	-12	0	0	0	0	0	0
-12	2	-11	0	0	0	0	0	0
-12	2	-10	0	0	0	0	0	0
-12	2	-9	0	0	0	0	0	0
-12	2	-8	0	0	0	0	0	0
-12	2	-7	0	0	0	0	0	0
-12	2	-6	0	0	0	0	0	0
-12	2	-5	0	0	0	0	0	0
-12	2	-4	0	0	0	0	0	0
-12	2	-3	0	0	0	0	0	0
-12	2	-2	0	0	0	0	0	0
-12	2	-1	0	0	0	0	0	0
-12	2	0	0	0	0	0	0	0
-12	2	1	0	0	0	0	0	0
-12	2	2	0	0	0	0	0	0
-12	2	3	0	0	0	0	0	0
-12	2	4	0	0	0	0	0	0
-12	2	5	0	0	0	0	0	0
-12	2	6	0	0	0	0	0	0
-12	2	7	0	0	0	0	0	0
-12	2	8	0	0	0	0	0	0
-12	2	9	0	0	0	0	0	0
-12	2	10	0	0	0	0	0	0
-12	2	11	0	0	0	0	0	0
-12	2	12	0	0	0	0	0	0
-12	3	-12	0	0	0	0	0	0
-12	3	-11	0	0	0	0	0	0
-12	3	-10	0	0	0	0	0	0
-12	3	-9	0	0	0	0	0	0
-12	3	-8	0	0	0	0	0	0
-12	3	-7	0	0	0	0	0	0
-12	3	-6	0	0	0	0	0	0
-12	3	-5	0	0	0	0	0	0
-12	3	-4	0	0	0	0	0	0
-12	3	-3	0	0	0	0	0	0
-12	3	-2	0	0	0	0	0	0
-12	3	-1	0	0	0	0	0	0
-12	3	0	0	0	0	0	0	0
-12	3	1	0	0	0	0	0	0
-12	3	2	0	0	0	0	0	0
-12	3	3	0	0	0	0	0	0
-12	3	4	0	0	0	0	0	0
-12	3	5	0	0	0	0	0	0
-12	3	6	0	0	0	0	0	0
-12	3	7	0	0	0	0	0	0
-12	3	8	0	0	0	0	0	0
-12	3	9	0	0	0	0	0	0
-12	3	10	0	0	0	0	0	0
-12	3	11	0	0	0	0	0	0
-12	3	12	0	0	0	0	0	0
-12	4	-12	0	0	0	0	0	0
-12	4	-11	0	0	0	0	0	0
-12	4	-10	0	0	0	0	0	0
-12	4	-9	0	0	0	0	0	0
-12	4	-8	0	0	0	0	0	0
-12	4	-7	0	0	0	0	0	0
-12	4	-6	0	0	0	0	0	0
-12	4	-5	0	0	0	0	0	0
-12	4	-4	0	0	0	0	0	0
-12	4	-3	0	0	0	0	0	0
-12	4	-2	0	0	0	0	0	0
-12	4	-1	0	0	0	0	0	0
-12	4	0	0	0	0	0	0	0
-12	4	1	0	0	0	0	0	0
-12	4	2	0	0	0	0	0	0
-12	4	3	0	0	0	0	0	0
-12	4	4	0	0	0	0	0	0
-12	4	5	0	0	0	0	0	0
-12	4	6	0	0	0	0	0	0
-12	4	7	0	0	0	0	0	0
-12	4	8	0	0	0	0	0	0
-12	4	9	0	0	0	0	0	0
-12	4	10	0	0	0	0	0	0
-12	4	11	0	0	0	0	0	0
-12	4	12	0	0	0	0	0	0
-12	5	-12	0	0	0	0	0	0
-12	5	-11	0	0	0	0	0	0
-12	5	-10	0	0	0	0	0	0
-12	5	-9	0	0	0	0	0	0
-12	5	-8	0	0	0	0	0	0
-12	5	-7	0	0	0	0	0	0
-12	5	-6	0	0	0	0	0	0
-12	5	-5	0	0	0	0	0	0
-12	5	-4	0	0	0	0	0	0
-12	5	-3	0	0	0	0	0	0
-12	5	-2	0	0	0	0	0	0
-12	5	-1	0	0	0	0	0	0
-12	5	0	0	0	0	0	0	0
-12	5	1	0	0	0	0	0	0
-12	5	2	0	0	0	0	0	0
-12	5	3	0	0	0	0	0	0
-12	5	4	0	0	0	0	0	0
-12	5	5	0	0	0	0	0	0
-12	5	6	0	0	0	0	0	0
-12	5	7	0	0	0	0	0	0
-12	5	8	0	0	0	0	0	0
-12	5	9	0	0	0	0	0	0
-12	5	10	0	0	0	0	0	0
-12	5	11	0	0	0	0	0	0
-12	5	12	0	0	0	0	0	0
-12	6	-12	0	0	0	0	0	0
-12	6	-11	0	0	0	0	0	0
-12	6	-10	0	0	0	0	0	0
-12	6	-9	0	0	0	0	0	0
-12	6	-8	0	0	0	0	0	0
-12	6	-7	0	0	0	0	0	0
-12	6	-6	0	0	0	0	0	0
-12	6	-5	0	0	0	0	0	0
-12	6	-4	0	0	0	0	0	0
-12	6	-3	0	0	0	0	0	0
-12	6	-2	0	0	0	0	0	0
-12	6	-1	0	0	0	0	0	0
-12	6	0	0	0	0	0	0	0
-12	6	1	0	0	0	0	0	0
-12	6	2	0	0	0	0	0	0
-12	6	3	0	0	0	0	0	0
-12	6	4	0	0	0	0	0	0
-12	6	5	0	0	0	0	0	0
-12	6	6	0	0	0	0	0	0
-12	6	7	0	0	0	0	0	0
-12	6	8	0	0	0	0	0	0
-12	6	9	0	0	0	0	0	0
-12	6	10	0	0	0	0	0	0
-12	6	11	0	0	0	0	0	0
-12	6	12	0	0	0	0	0	0
-12	7	-12	0	0	0	0	0	0
-12	7	-11	0	0	0	0	0	0
-12	7	-10	0	0	0	0	0	0
-12	7	-9	0	0	0	0	0	0
-12	7	-8	0	0	0	0	0	0
-12	7	-7	0	0	0	0	0	0
-12	7	-6	0	0	0	0	0	0
-12	7	-5	0	0	0	0	0	0
-12	7	-4	0	0	0	0	0	0
-12	7	-3	0	0	0	0	0	0
-12	7	-2	0	0	0	0	0	0
-12	7	-1	0	0	0	0	0	0
-12	7	0	0	0	0	0	0	0
-12	7	1	0	0	0	0	0	0
-12	7	2	0	0	0	0	0	0
-12	7	3	0	0	0	0	0	0
-12	7	4	0	0	0	0	0	0
-12	7	5	0	0	0	0	0	0
-12	7	6	0	0	0	0	0	0
-12	7	7	0	0	0	0	0	0
-12	7	8	0	0	0	0	0	0
-12	7	9	0	0	0	0	0	0
-12	7	10	0	0	0	0	0	0
-12	7	11	0	0	0	0	0	0
-12	7	12	0	0	0	0	0	0
-12	8	-12	0	0	0	0	0	0
-12	8	-11	0	0	0	0	0	0
-12	8	-10	0	0	0	0	0	0
-12	8	-9	0	0	0	0	0	0
-12	8	-8	0	0	0	0	0	0
-12	8	-7	0	0	0	0	0	0
-12	8	-6	0	0	0	0	0	0
-12	8	-5	0	0	0	0	0	0
-12	8	-4	0	0	0	0	0	0
-12	8	-3	0	0	0	0	0	0
-12	8	-2	0	0	0	0	0	0
-12	8	-1	0	0	0	0	0	0
-12	8	0	0	0	0	0	0	0
-12	8	1	0	0	0	0	0	0
-12	8	2	0	0	0	0	0	0
-12	8	3	0	0	0	0	0	0
-12	8	4	0	0	0	0	0	0
-12	8	5	0	0	0	0	0	0
-12	8	6	0	0	0	0	0	0
-12	8	7	0	0	0	0	0	0
-12	8	8	0	0	0	0	0	0
-12	8	9	0	0	0	0	0	0
-12	8	10	0	0	0	0	0	0
-12	8	11	0	0	0	0	0	0
-12	8	12	0	0	0	0	0	0
-12	9	-12	0	0	0	0	0	0
-12	9	-11	0	0	0	0	0	0
-12	9	-10	0	0	0	0	0	0
-12	9	-9	0	0	0	0	0	0
-12	9	-8	0	0	0	0	0	0
-12	9	-7	0	0	0	0	0	0
-12	9	-6	0	0	0	0	0	0
-12	9	-5	0	0	0	0	0	0
-12	9	-4	0	0	0	0	0	0
-12	9	-3	0	0	0	0	0	0
-12	9	-2	0	0	0	0	0	0
-12	9	-1	0	0	0	0	0	0
-12	9	0	0	0	0	0	0	0
-12	9	1	0	0	0	0	0	0
-12	9	2	0	0	0	0	0	0
-12	9	3	0	0	0	0	0	0
-12	9	4	0	0	0	0	0	0
-12	9	5	0	0	0	0	0	0
-12	9	6	0	0	0	0	0	0
-12	9	7	0	0	0	0	0	0
-12	9	8	0	0	0	0	0	0
-12	9	9	0	0	0	0	0	0
-12	9	10	0	0	0	0	0	0
-12	9	11	0	0	0	0	0	0
-12	9	12	0	0	0	0	0	0
-12	10	-12	0	0	0	0	0	0
-12	10	-11	0	0	0	0	0	0
-12	10	-10	0	0	0	0	0	0
-12	10	-9	0	0	0	0	0	0
-12	10	-8	0	0	0	0	0	0
-12	10	-7	0	0	0	0	0	0
-12	10	-6	0	0	0	0	0	0
-12	10	-5	0	0	0	0	0	0
-12	10	-4	0	0	0	0	0	0
-12	10	-3	0	0	0	0	0	0
-12	10	-2	0	0	0	0	0	0
-12	10	-1	0	0	0	0	0	0
-12	10	0	0	0	0	0	0	0
-12	10	1	0	0	0	0	0	0
-12	10	2	0	0	0	0	0	0
-12	10	3	0	0	0	0	0	0
-12	10	4	0	0	0	0	0	0
-12	10	5	0	0	0	0	0	0
-12	10	6	0	0	0	0	0	0
-12	10	7	0	0	0	0	0	0
-12	10	8	0	0	0	0	0	0
-12	10	9	0	0	0	0	0	0
-12	10	10	0	0	0	0	0	0
-12	10	11	0	0	0	0	0	0
-12	10	12	0	0	0	0	0	0
-12	11	-12	0	0	0	0	0	0
-12	11	-11	0	0	0	0	0	0
-12	11	-10	0	0	0	0	0	0
-12	11	-9	0	0	0	0	0	0
-12	11	-8	0	0	0	0	0	0
-12	11	-7	0	0	0	0	0	0
-12	11	-6	0	0	0	0	0	0
-12	11	-5	0	0	0	0	0	0
-12	11	-4	0	0	0	0	0	0
-12	11	-3	0	0	0	0	0	0
-12	11	-2	0	0	0	0	0	0
-12	11	-1	0	0	0	0	0	0
-12	11	0	0	0	0	0	0	0
-12	11	1	0	0	0	0	0	0
-12	11	2	0	0	0	0	0	0
-12	11	3	0	0	0	0	0	0
-12	11	4	0	0	0	0	0	0
-12	11	5	0	0	0	0	0	0
-12	11	6	0	0	0	0	0	0
-12	11	7	0	0	0	0	0	0
-12	11	8	0	0	0	0	0	0
-12	11	9	0	0	0	0	0	0
-12	11	10	0	0	0	0	0	0
-12	11	11	0	0	0	0	0	0
-12	11	12	0	0	0	0	0	0
-12	12	-12	0	0	0	0	0	0
-12	12	-11	0	0	0	0	0	0
-12	12	-10	0	0	0	0	0	0
-12	12	-9	0	0	0	0	0	0
-12	12	-8	0	0	0	0	0	0
-12	12	-7	0	0	0	0	0	0
-12	12	-6	0	0	0	0	0	0
-12	12	-5	0	0	0	0	0	0
-12	12	-4	0	0	0	0	0	0
-12	12	-3	0	0	0	0	0	0
-12	12	-2	0	0	0	0	0	0
-12	12	-1	0	0	0	0	0	0
-12	12	0	0	0	0	0	0	0
-12	12	1	0	0	0	0	0	0
-12	12	2	0	0	0	0	0	0
-12	12	3	0	0	0	0	0	0
-12	12	4	0	0	0	0	0	0
-12	12	5	0	0	0	0	0	0
-12	12	6	0	0	0	0	0	0
-12	12	7	0	0	0	0	0	0
-12	12	8	0	0	0	0	0	0
-12	12	9	0	0	0	0	0	0
-12	12	10	0	0	0	0	0	0
-12	12	11	0	0	0	0	0	0
-12	12	12	0	0	0	0	0	0
-11	-12	-12	0	0	0	0	0	0
-11	-12	-11	0	0	0	0	0	0
-11	-12	-10	0	0	0	0	0	0
-11	-12	-9	0	0	0	0	0	0
-11	-12	-8	0	0	0	0	0	0
-11	-12	-7	0	0	0	0	0	0
-11	-12	-6	0	0	0	0	0	0
-11	-12	-5	0	0	0	0	0	0
-11	-12	-4	0	0	0	0	0	0
-11	-12	-3	0	0	0	0	0	0
-11	-12	-2	0	0	0	0	0	0
-11	-12	-1	0	0	0	0	0	0
-11	-12	0	0	0	0	0	0	0
-11	-12	1	0	0	0	0	0	0
-11	-12	2	0	0	0	0	0	0
-11	-12	3	0	0	0	0	0	0
-11	-12	4	0	0	0	0	0	0
-11	-12	5	0	0	0	0	0	0
-11	-12	6	0	0	0	0	0	0
-11	-12	7	0	0	0	0	0	0
-11	-12	8	0	0	0	0	0	0
-11	-12	9	0	0	0	0	0	0
-11	-12	10	0	0	0	0	0	0
-11	-12	11	0	0	0	0	0	0
-11	-12	12	0	0	0	0	0	0
-11	-11	-12	0	0	0	0	0	0
-11	-11	-11	0	0	0	0	0	0
-11	-11	-10	0	0	0	0	0	0
-11	-11	-9	0	0	0	0	0	0
-11	-11	-8	0	0	0	0	0	0
-11	-11	-7	0	0	0	0	0	0
-11	-11	-6	0	0	0	0	0	0
-11	-11	-5	0	0	0	0	0	0
-11	-11	-4	0	0	0	0	0	0
-11	-11	-3	0	0	0	0	0	0
-11	-11	-2	0	0	0	0	0	0
-11	-11	-1	0	0	0	0	0	0
-11	-11	0	0	0	0	0	0	0
-11	-11	1	0	0	0	0	0	0
-11	-11	2	0	0	0	0	0	0
-11	-11	3	0	0	0	0	0	0
-11	-11	4	0	0	0	0	0	0
-11	-11	5	0	0	0	0	0	0
-11	-11	6	0	0	0	0	0	0
-11	-11	7	0	0	0	0	0	0
-11	-11	8	0	0	0	0	0	0
-11	-11	9	0	0	0	0	0	0
-11	-11	10	0	0	0	0	0	0
-11	-11	11	0	0	0	0	0	0
-11	-11	12	0	0	0	0	0	0
-11	-10	-12	0	0	0	0	0	0
-11	-10	-11	0	0	0	0	0	0
-11	-10	-10	0	0	0	0	0	0
-11	-10	-9	0	0	0	0	0	0
-11	-10	-8	0	0	0	0	0	0
-11	-10	-7	0	0	0	0	0	0
-11	-10	-6	0	0	0	0	0	0
-11	-10	-5	0	0	0	0	0	0
-11	-10	-4	0	0	0	0	0	0
-11	-10	-3	0	0	0	0	0	0
-11	-10	-2	0	0	0	0	0	0
-11	-10	-1	0	0	0	0	0	0
-11	-10	0	0	0	0	0	0	0
-11	-10	1	0	0	0	0	0	0
-11	-10	2	0	0	0	0	0	0
-11	-10	3	0	0	0	0	0	0
-11	-10	4	0	0	0	0	0	0
-11	-10	5	0	0	0	0	0	0
-11	-10	6	0	0	0	0	0	0
-11	-10	7	0	0	0	0	0	0
-11	-10	8	0	0	0	0	0	0
-11	-10	9	0	0	0	0	0	0
-11	-10	10	0	0	0	0	0	0
-11	-10	11	0	0	0	0	0	0
-11	-10	12	0	0	0	0	0	0
-11	-9	-12	0	0	0	0	0	0
-11	-9	-11	0	0	0	0	0	0
-11	-9	-10	0	0	0	0	0	0
-11	-9	-9	0	0	0	0	0	0
-11	-9	-8	0	0	0	0	0	0
-11	-9	-7	0	0	0	0	0	0
-11	-9	-6	0	0	0	0	0	0
-11	-9	-5	0	0	0	0	0	0
-11	-9	-4	0	0	0	0	0	0
-11	-9	-3	0	0	0	0	0	0
-11	-9	-2	0	0	0	0	0	0
-11	-9	-1	0	0	0	0	0	0
-11	-9	0	0	0	0	0	0	0
-11	-9	1	0	0	0	0	0	0
-11	-9	2	0	0	0	0	0	0
-11	-9	3	0	0	0	0	0	0
-11	-9	4	0	0	0	0	0	0
-11	-9	5	0	0	0	0	0	0
-11	-9	6	0	0	0	0	0	0
-11	-9	7	0	0	0	0	0	0
-11	-9	8	0	0	0	0	0	0
-11	-9	9	0	0	0	0	0	0
-11	-9	10	0	0	0	0	0	0
-11	-9	11	0	0	0	0	0	0
-11	-9	12	0	0	0	0	0	0
-11	-8	-12	0	0	0	0	0	0
-11	-8	-11	0	0	0	0	0	0
-11	-8	-10	0	0	0	0	0	0
-11	-8	-9	0	0	0	0	0	0
-11	-8	-8	0	0	0	0	0	0
-11	-8	-7	0	0	0	0	0	0
-11	-8	-6	0	0	0	0	0	0
-11	-8	-5	0	0	0	0	0	0
-11	-8	-4	0	0	0	0	0	0
-11	-8	-3	0	0	0	0	0	0
-11	-8	-2	0	0	0	0	0	0
-11	-8	-1	0	0	0	0	0	0
-11	-8	0	0	0	0	0	0	0
-11	-8	1	0	0	0	0	0	0
-11	-8	2	0	0	0	0	0	0
-11	-8	3	0	0	0	0	0	0
-11	-8	4	0	0	0	0	0	0
-11	-8	5	0	0	0	0	0	0
-11	-8	6	0	0	0	0	0	0
-11	-8	7	0	0	0	0	0	0
-11	-8	8	0	0	0	0	0	0
-11	-8	9	0	0	0	0	0	0
-11	-8	10	0	0	0	0	0	0
-11	-8	11	0	0	0	0	0	0
-11	-8	12	0	0	0	0	0	0
-11	-7	-12	0	0	0	0	0	0
-11	-7	-11	0	0	0	0	0	0
-11	-7	-10	0	0	0	0	0	0
-11	-7	-9	0	0	0	0	0	0
-11	-7	-8	0	0	0	0	0	0
-11	-7	-7	0	0	0	0	0	0
-11	-7	-6	0	0	0	0	0	0
-11	-7	-5	0	0	0	0	0	0
-11	-7	-4	0	0	0	0	0	0
-11	-7	-3	0	0	0	0	0	0
-11	-7	-2	0	0	0	0	0	0
-11	-7	-1	0	0	0	0	0	0
-11	-7	0	0	0	0	0	0	0
-11	-7	1	0	0	0	0	0	0
-11	-7	2	0	0	0	0	0	0
-11	-7	3	0	0	0	0	0	0
-11	-7	4	0	0	0	0	0	0
-11	-7	5	0	0	0	0	0	0
-11	-7	6	0	0	0	0	0	0
-11	-7	7	0	0	0	0	0	0
-11	-7	8	0	0	0	0	0	0
-11	-7	9	0	0	0	0	0	0
-11	-7	10	0	0	0	0	0	0
-11	-7	11	0	0	0	0	0	0
-11	-7	12	0	0	0	0	0	0
-11	-6	-12	0	0	0	0	0	0
-11	-6	-11	0	0	0	0	0	0
-11	-6	-10	0	0	0	0	0	0
-11	-6	-9	0	0	0	0	0	0
-11	-6	-8	0	0	0	0	0	0
-11	-6	-7	0	0	0	0	0	0
-11	-6	-6	0	0	0	0	0	0
-11	-6	-5	0	0	0	0	0	0
-11	-6	-4	0	0	0	0	0	0
-11	-6	-3	0	0	0	0	0	0
-11	-6	-2	0	0	0	0	0	0
-11	-6	-1	0	0	0	0	0	0
-11	-6	0	0	0	0	0	0	0
-11	-6	1	0	0	0	0	0	0
-11	-6	2	0	0	0	0	0	0
-11	-6	3	0	0	0	0	0	0
-11	-6	4	0	0	0	0	0	0
-11	-6	5	0	0	0	0	0	0
-11	-6	6	0	0	0	0	0	0
-11	-6	7	0	0	0	0	0	0
-11	-6	8	0	0	0	0	0	0
-11	-6	9	0	0	0	0	0	0
-11	-6	10	0	0	0	0	0	0
-11	-6	11	0	0	0	0	0	0
-11	-6	12	0	0	0	0	0	0
-11	-5	-12	0	0	0	0	0	0
-11	-5	-11	0	0	0	0	0	0
-11	-5	-10	0	0	0	0	0	0
-11	-5	-9	0	0	0	0	0	0
-11	-5	-8	0	0	0	0	0	0
-11	-5	-7	0	0	0	0	0	0
-11	-5	-6	0	0	0	0	0	0
-11	-5	-5	0	0	0	0	0	0
-11	-5	-4	0	0	0	0	0	0
-11	-5	-3	0	0	0	0	0	0
-11	-5	-2	0	0	0	0	0	0
-11	-5	-1	0	0	0	0	0	0
-11	-5	0	0	0	0	0	0	0
-11	-5	1	0	0	0	0	0	0
-11	-5	2	0	0	0	0	0	0
-11	-5	3	0	0	0	0	0	0
-11	-5	4	0	0	0	0	0	0
-11	-5	5	0	0	0	0	0	0
-11	-5	6	0	0	0	0	0	0
-11	-5	7	0	0	0	0	0	0
-11	-5	8	0	0	0	0	0	0
-11	-5	9	0	0	0	0	0	0
-11	-5	10	0	0	0	0	0	0
-11	-5	11	0	0	0	0	0	0
-11	-5	12	0	0	0	0	0	0
-11	-4	-12	0	0	0	0	0	0
-11	-4	-11	0	0	0	0	0	0
-11	-4	-10	0	0	0	0	0	0
-11	-4	-9	0	0	0	0	0	0
-11	-4	-8	0	0	0	0	0	0
-11	-4	-7	0	0	0	0	0	0
-11	-4	-6	0	0	0	0	0	0
-11	-4	-5	0	0	0	0	0	0
-11	-4	-4	0	0	0	0	0	0
-11	-4	-3	0	0	0	0	0	0
-11	-4	-2	0	0	0	0	0	0
-11	-4	-1	0	0	0	0	0	0
-11	-4	0	0	0	0	0	0	0
-11	-4	1	0	0	0	0	0	0
-11	-4	2	0	0	0	0	0	0
-11	-4	3	0	0	0	0	0	0
-11	-4	4	0	0	0	0	0	0
-11	-4	5	0	0	0	0	0	0
-11	-4	6	0	0	0	0	0	0
-11	-4	7	0	0	0	0	0	0
-11	-4	8	0	0	0	0	0	0
-11	-4	9	0	0	0	0	0	0
-11	-4	10	0	0	0	0	0	0
-11	-4	11	0	0	0	0	0	0
-11	-4	12	0	0	0	0	0	0
-11	-3	-12	0	0	0	0	0	0
-11	-3	-11	0	0	0	0	0	0
-11	-3	-10	0	0	0	0	0	0
-11	-3	-9	0	0	0	0	0	0
-11	-3	-8	0	0	0	0	0	0
-11	-3	-7	0	0	0	0	0	0
-11	-3	-6	0	0	0	0	0	0
-11	-3	-5	0	0	0	0	0	0
-11	-3	-4	0	0	0	0	0	0
-11	-3	-3	0	0	0	0	0	0
-11	-3	-2	0	0	0	0	0	0
-11	-3	-1	0	0	0	0	0	0
-11	-3	0	0	0	0	0	0	0
-11	-3	1	0	0	0	0	0	0
-11	-3	2	0	0	0	0	0	0
-11	-3	3	0	0	0	0	0	0
-11	-3	4	0	0	0	0	0	0
-11	-3	5	0	0	0	0	0	0
-11	-3	6	0	0	0	0	0	0
-11	-3	7	0	0	0	0	0	0
-11	-3	8	0	0	0	0	0	0
-11	-3	9	0	0	0	0	0	0
-11	-3	10	0	0	0	0	0	0
-11	-3	11	0	0	0	0	0	0
-11	-3	12	0	0	0	0	0	0
-11	-2	-12	0	0	0	0	0	0
-11	-2	-11	0	0	0	0	0	0
-11	-2	-10	0	0	0	0	0	0
-11	-2	-9	0	0	0	0	0	0
-11	-2	-8	0	0	0	0	0	0
-11	-2	-7	0	0	0	0	0	0
-11	-2	-6	0	0	0	0	0	0
-11	-2	-5	0	0	0	0	0	0
-11	-2	-4	0	0	0	0	0	0
-11	-2	-3	0	0	0	0	0	0
-11	-2	-2	0	0	0	0	0	0
-11	-2	-1	0	0	0	0	0	0
-11	-2	0	0	0	0	0	0	0
-11	-2	1	0	0	0	0	0	0
-11	-2	2	0	0	0	0	0	0
-11	-2	3	0	0	0	0	0	0
-11	-2	4	0	0	0	0	0	0
-11	-2	5	0	0	0	0	0	0
-11	-2	6	0	0	0	0	0	0
-11	-2	7	0	0	0	0	0	0
-11	-2	8	0	0	0	0	0	0
-11	-2	9	0	0	0	0	0	0
-11	-2	10	0	0	0	0	0	0
-11	-2	11	0	0	0	0	0	0
-11	-2	12	0	0	0	0	0	0
-11	-1	-12	0	0	0	0	0	0
-11	-1	-11	0	0	0	0	0	0
-11	-1	-10	0	0	0	0	0	0
-11	-1	-9	0	0	0	0	0	0
-11	-1	-8	0	0	0	0	0	0
-11	-1	-7	0	0	0	0	0	0
-11	-1	-6	0	0	0	0	0	0
-11	-1	-5	0	0	0	0	0	0
-11	-1	-4	0	0	0	0	0	0
-11	-1	-3	0	0	0	0	0	0
-11	-1	-2	0	0	0	0	0	0
-11	-1	-1	0	0	0	0	0	0
-11	-1	0	0	0	0	0	0	0
-11	-1	1	0	0	0	0	0	0
-11	-1	2	0	0	0	0	0	0
-11	-1	3	0	0	0	0	0	0
-11	-1	4	0	0	0	0	0	0
-11	-1	5	0	0	0	0	0	0
-11	-1	6	0	0	0	0	0	0
-11	-1	7	0	0	0	0	0	0
-11	-1	8	0	0	0	0	0	0
-11	-1	9	0	0	0	0	0	0
-11	-1	10	0	0	0	0	0	0
-11	-1	11	0	0	0	0	0	0
-11	-1	12	0	0	0	0	0	0
-11	0	-12	0	0	0	0	0	0
-11	0	-11	0	0	0	0	0	0
-11	0	-10	0	0	0	0	0	0
-11	0	-9	0	0	0	0	0	0
-11	0	-8	0	0	0	0	0	0
-11	0	-7	0	0	0	0	0	0
-11	0	-6	0	0	0	0	0	0
-11	0	-5	0	0	0	0	0	0
-11	0	-4	0	0	0	0	0	0
-11	0	-3	0	0	0	0	0	0
-11	0	-2	0	0	0	0	0	0
-11	0	-1	0	0	0	0	0	0
-11	0	0	0	0	0	0	0	0
-11	0	1	0	0	0	0	0	0
-11	0	2	0	0	0	0	0	0
-11	0	3	0	0	0	0	0	0
-11	0	4	0	0	0	0	0	0
-11	0	5	0	0	0	0	0	0
-11	0	6	0	0	0	0	0	0
-11	0	7	0	0	0	0	0	0
-11	0	8	0	0	0	0	0	0
-11	0	9	0	0	0	0	0	0
-11	0	10	0	0	0	0	0	0
-11	0	11	0	0	0	0	0	0
-11	0	12	0	0	0	0	0	0
-11	1	-12	0	0	0	0	0	0
-11	1	-11	0	0	0	0	0	0
-11	1	-10	0	0	0	0	0	0
-11	1	-9	0	0	0	0	0	0
-11	1	-8	0	0	0	0	0	0
-11	1	-7	0	0	0	0	0	0
-11	1	-6	0	0	0	0	0	0
-11	1	-5	0	0	0	0	0	0
-11	1	-4	0	0	0	0	0	0
-11	1	-3	0	0	0	0	0	0
-11	1	-2	0	0	0	0	0	0
-11	1	-1	0	0	0	0	0	0
-11	1	0	0	0	0	0	0	0
-11	1	1	0	0	0	0	0	0
-11	1	2	0	0	0	0	0	0
-11	1	3	0	0	0	0	0	0
-11	1	4	0	0	0	0	0	0
-11	1	5	0	0	0	0	0	0
-11	1	6	0	0	0	0	0	0
-11	1	7	0	0	0	0	0	0
-11	1	8	0	0	0	0	0	0
-11	1	9	0	0	0	0	0	0
-11	1	10	0	0	0	0	0	0
-11	1	11	0	0	0	0	0	0
-11	1	12	0	0	0	0	0	0
-11	2	-12	0	0	0	0	0	0
-11	2	-11	0	0	0	0	0	0
-11	2	-10	0	0	0	0	0	0
-11	2	-9	0	0	0	0	0	0
-11	2	-8	0	0	0	0	0	0
-11	2	-7	0	0	0	0	0	0
-11	2	-6	0	0	0	0	0	0
-11	2	-5	0	0	0	0	0	0
-11	2	-4	0	0	0	0	0	0
-11	2	-3	0	0	0	0	0	0
-11	2	-2	0	0	0	0	0	0
-11	2	-1	0	0	0	0	0	0
-11	2	0	0	0	0	0	0	0
-11	2	1	0	0	0	0	0	0
-11	2	2	0	0	0	0	0	0
-11	2	3	0	0	0	0	0	0
-11	2	4	0	0	0	0	0	0
-11	2	5	0	0	0	0	0	0
-11	2	6	0	0	0	0	0	0
-11	2	7	0	0	0	0	0	0
-11	2	8	0	0	0	0	0	0
-11	2	9	0	0	0	0	0	0
-11	2	10	0	0	0	0	0	0
-11	2	11	0	0	0	0	0	0
-11	2	12	0	0	0	0	0	0
-11	3	-12	0	0	0	0	0	0
-11	3	-11	0	0	0	0	0	0
-11	3	-10	0	0	0	0	0	0
-11	3	-9	0	0	0	0	0	0
-11	3	-8	0	0	0	0	0	0
-11	3	-7	0	0	0	0	0	0
-11	3	-6	0	0	0	0	0	0
-11	3	-5	0	0	0	0	0	0
-11	3	-4	0	0	0	0	0	0
-11	3	-3	0	0	0	0	0	0
-11	3	-2	0	0	0	0	0	0
-11	3	-1	0	0	0	0	0	0
-11	3	0	0	0	0	0	0	0
-11	3	1	0	0	0	0	0	0
-11	3	2	0	0	0	0	0	0
-11	3	3	0	0	0	0	0	0
-11	3	4	0	0	0	0	0	0
-11	3	5	0	0	0	0	0	0
-11	3	6	0	0	0	0	0	0
-11	3	7	0	0	0	0	0	0
-11	3	8	0	0	0	0	0	0
-11	3	9	0	0	0	0	0	0
-11	3	10	0	0	0	0	0	0
-11	3	11	0	0	0	0	0	0
-11	3	12	0	0	0	0	0	0
-11	4	-12	0	0	0	0	0	0
-11	4	-11	0	0	0	0	0	0
-11	4	-10	0	0	0	0	0	0
-11	4	-9	0	0	0	0	0	0
-11	4	-8	0	0	0	0	0	0
-11	4	-7	0	0	0	0	0	0
-11	4	-6	0	0	0	0	0	0
-11	4	-5	0	0	0	0	0	0
-11	4	-4	0	0	0	0	0	0
-11	4	-3	0	0	0	0	0	0
-11	4	-2	0	0	0	0	0	0
-11	4	-1	0	0	0	0	0	0
-11	4	0	0	0	0	0	0	0
-11	4	1	0	0	0	0	0	0
-11	4	2	0	0	0	0	0	0
-11	4	3	0	0	0	0	0	0
-11	4	4	0	0	0	0	0	0
-11	4	5	0	0	0	0	0	0
-11	4	6	0	0	0	0	0	0
-11	4	7	0	0	0	0	0	0
-11	4	8	0	0	0	0	0	0
-11	4	9	0	0	0	0	0	0
-11	4	10	0	0	0	0	0	0
-11	4	11	0	0	0	0	0	0
-11	4	12	0	0	0	0	0	0
-11	5	-12	0	0	0	0	0	0
-11	5	-11	0	0	0	0	0	0
-11	5	-10	0	0	0	0	0	0
-11	5	-9	0	0	0	0	0	0
-11	5	-8	0	0	0	0	0	0
-11	5	-7	0	0	0	0	0	0
-11	5	-6	0	0	0	0	0	0
-11	5	-5	0	0	0	0	0	0
-11	5	-4	0	0	0	0	0	0
-11	5	-3	0	0	0	0	0	0
-11	5	-2	0	0	0	0	0	0
-11	5	-1	0	0	0	0	0	0
-11	5	0	0	0	0	0	0	0
-11	5	1	0	0	0	0	0	0
-11	5	2	0	0	0	0	0	0
-11	5	3	0	0	0	0	0	0
-11	5	4	0	0	0	0	0	0
-11	5	5	0	0	0	0	0	0
-11	5	6	0	0	0	0	0	0
-11	5	7	0	0	0	0	0	0
-11	5	8	0	0	0	0	0	0
-11	5	9	0	0	0	0	0	0
-11	5	10	0	0	0	0	0	0
-11	5	11	0	0	0	0	0	0
-11	5	12	0	0	0	0	0	0
-11	6	-12	0	0	0	0	0	0
-11	6	-11	0	0	0	0	0	0
-11	6	-10	0	0	0	0	0	0
-11	6	-9	0	0	0	0	0	0
-11	6	-8	0	0	0	0	0	0
-11	6	-7	0	0	0	0	0	0
-11	6	-6	0	0	0	0	0	0
-11	6	-5	0	0	0	0	0	0
-11	6	-4	0	0	0	0	0	0
-11	6	-3	0	0	0	0	0	0
-11	6	-2	0	0	0	0	0	0
-11	6	-1	0	0	0	0	0	0
-11	6	0	0	0	0	0	0	0
-11	6	1	0	0	0	0	0	0
-11	6	2	0	0	0	0	0	0
-11	6	3	0	0	0	0	0	0
-11	6	4	0	0	0	0	0	0
-11	6	5	0	0	0	0	0	0
-11	6	6	0	0	0	0	0	0
-11	6	7	0	0	0	0	0	0
-11	6	8	0	0	0	0	0	0
-11	6	9	0	0	0	0	0	0
-11	6	10	0	0	0	0	0	0
-11	6	11	0	0	0	0	0	0
-11	6	12	0	0	0	0	0	0
-11	7	-12	0	0	0	0	0	0
-11	7	-11	0	0	0	0	0	0
-11	7	-10	0	0	0	0	0	0
-11	7	-9	0	0	0	0	0	0
-11	7	-8	0	0	0	0	0	0
-11	7	-7	0	0	0	0	0	0
-11	7	-6	0	0	0	0	0	0
-11	7	-5	0	0	0	0	0	0
-11	7	-4	0	0	0	0	0	0
-11	7	-3	0	0	0	0	0	0
-11	7	-2	0	0	0	0	0	0
-11	7	-1	0	0	0	0	0	0
-11	7	0	0	0	0	0	0	0
-11	7	1	0	0	0	0	0	0
-11	7	2	0	0	0	0	0	0
-11	7	3	0	0	0	0	0	0
-11	7	4	0	0	0	0	0	0
-11	7	5	0	0	0	0	0	0
-11	7	6	0	0	0	0	0	0
-11	7	7	0	0	0	0	0	0
-11	7	8	0	0	0	0	0	0
-11	7	9	0	0	0	0	0	0
-11	7	10	0	0	0	0	0	0
-11	7	11	0	0	0	0	0	0
-11	7	12	0	0	0	0	0	0
-11	8	-12	0	0	0	0	0	0
-11	8	-11	0	0	0	0	0	0
-11	8	-10	0	0	0	0	0	0
-11	8	-9	0	0	0	0	0	0
-11	8	-8	0	0	0	0	0	0
-11	8	-7	0	0	0	0	0	0
-11	8	-6	0	0	0	0	0	0
-11	8	-5	0	0	0	0	0	0
-11	8	-4	0	0	0	0	0	0
-11	8	-3	0	0	0	0	0	0
-11	8	-2	0	0	0	0	0	0
-11	8	-1	0	0	0	0	0	0
-11	8	0	0	0	0	0	0	0
-11	8	1	0	0	0	0	0	0
-11	8	2	0	0	0	0	0	0
-11	8	3	0	0	0	0	0	0
-11	8	4	0	0	0	0	0	0
-11	8	5	0	0	0	0	0	0
-11	8	6	0	0	0	0	0	0
-11	8	7	0	0	0	0	0	0
-11	8	8	0	0	0	0	0	0
-11	8	9	0	0	0	0	0	0
-11	8	10	0	0	0	0	0	0
-11	8	11	0	0	0	0	0	0
-11	8	12	0	0	0	0	0	0
-11	9	-12	0	0	0	0	0	0
-11	9	-11	0	0	0	0	0	0
-11	9	-10	0	0	0	0	0	0
-11	9	-9	0	0	0	0	0	0
-11	9	-8	0	0	0	0	0	0
-11	9	-7	0	0	0	0	0	0
-11	9	-6	0	0	0	0	0	0
-11	9	-5	0	0	0	0	0	0
-11	9	-4	0	0	0	0	0	0
-11	9	-3	0	0	0	0	0	0
-11	9	-2	0	0	0	0	0	0
-11	9	-1	0	0	0	0	0	0
-11	9	0	0	0	0	0	0	0
-11	9	1	0	0	0	0	0	0
-11	9	2	0	0	0	0	0	0
-11	9	3	0	0	0	0	0	0
-11	9	4	0	0	0	0	0	0
-11	9	5	0	0	0	0	0	0
-11	9	6	0	0	0	0	0	0
-11	9	7	0	0	0	0	0	0
-11	9	8	0	0	0	0	0	0
-11	9	9	0	0	0	0	0	0
-11	9	10	0	0	0	0	0	0
-11	9	11	0	0	0	0	0	0
-11	9	12	0	0	0	0	0	0
-11	10	-12	0	0	0	0	0	0
-11	10	-11	0	0	0	0	0	0
-11	10	-10	0	0	0	0	0	0
-11	10	-9	0	0	0	0	0	0
-11	10	-8	0	0	0	0	0	0
-11	10	-7	0	0	0	0	0	0
-11	10	-6	0	0	0	0	0	0
-11	10	-5	0	0	0	0	0	0
-11	10	-4	0	0	0	0	0	0
-11	10	-3	0	0	0	0	0	0
-11	10	-2	0	0	0	0	0	0
-11	10	-1	0	0	0	0	0	0
-11	10	0	0	0	0	0	0	0
-11	10	1	0	0	0	0	0	0
-11	10	2	0	0	0	0	0	0
-11	10	3	0	0	0	0	0	0
-11	10	4	0	0	0	0	0	0
-11	10	5	0	0	0	0	0	0
-11	10	6	0	0	0	0	0	0
-11	10	7	0	0	0	0	0	0
-11	10	8	0	0	0	0	0	0
-11	10	9	0	0	0	0	0	0
-11	10	10	0	0	0	0	0	0
-11	10	11	0	0	0	0	0	0
-11	10	12	0	0	0	0	0	0
-11	11	-12	0	0	0	0	0	0
-11	11	-11	0	0	0	0	0	0
-11	11	-10	0	0	0	0	0	0
-11	11	-9	0	0	0	0	0	0
-11	11	-8	0	0	0	0	0	0
-11	11	-7	0	0	0	0	0	0
-11	11	-6	0	0	0	0	0	0
-11	11	-5	0	0	0	0	0	0
-11	11	-4	0	0	0	0	0	0
-11	11	-3	0	0	0	0	0	0
-11	11	-2	0	0	0	0	0	0
-11	11	-1	0	0	0	0	0	0
-11	11	0	0	0	0	0	0	0
-11	11	1	0	0	0	0	0	0
-11	11	2	0	0	0	0	0	0
-11	11	3	0	0	0	0	0	0
-11	11	4	0	0	0	0	0	0
-11	11	5	0	0	0	0	0	0
-11	11	6	0	0	0	0	0	0
-11	11	7	0	0	0	0	0	0
-11	11	8	0	0	0	0	0	0
-11	11	9	0	0	0	0	0	0
-11	11	10	0	0	0	0	0	0
-11	11	11	0	0	0	0	0	0
-11	11	12	0	0	0	0	0	0
-11	12	-12	0	0	0	0	0	0
-11	12	-11	0	0	0	0	0	0
-11	12	-10	0	0	0	0	0	0
-11	12	-9	0	0	0	0	0	0
-11	12	-8	0	0	0	0	0	0
-11	12	-7	0	0	0	0	0	0
-11	12	-6	0	0	0	0	0	0
-11	12	-5	0	0	0	0	0	0
-11	12	-4	0	0	0	0	0	0
-11	12	-3	0	0	0	0	0	0
-11	12	-2	0	0	0	0	0	0
-11	12	-1	0	0	0	0	0	0
-11	12	0	0	0	0	0	0	0
-11	12	1	0	0	0	0	0	0
-11	12	2	0	0	0	0	0	0
-11	12	3	0	0	0	0	0	0
-11	12	4	0	0	0	0	0	0
-11	12	5	0	0	0	0	0	0
-11	12	6	0	0	0	0	0	0
-11	12	7	0	0	0	0	0	0
-11	12	8	0	0	0	0	0	0
-11	12	9	0	0	0	0	0	0
-11	12	10	0	0	0	0	0	0
-11	12	11	0	0	0	0	0	0
-11	12	12	0	0	0	0	0	0
-10	-12	-12	0	0	0	0	0	0
-10	-12	-11	0	0	0	0	0	0
-10	-12	-10	0	0	0	0	0	0
-10	-12	-9	0	0	0	0	0	0
-10	-12	-8	0	0	0	0	0	0
-10	-12	-7	0	0	0	0	0	0
-10	-12	-6	0	0	0	0	0	0
-10	-12	-5	0	0	0	0	0	0
-10	-12	-4	0	0	0	0	0	0
-10	-12	-3	0	0	0	0	0	0
-10	-12	-2	0	0	0	0	0	0
-10	-12	-1	0	0	0	0	0	0
-10	-12	0	0	0	0	0	0	0
-10	-12	1	0	0	0	0	0	0
-10	-12	2	0	0	0	0	0	0
-10	-12	3	0	0	0	0	0	0
-10	-12	4	0	0	0	0	0	0
-10	-12	5	0	0	0	0	0	0
-10	-12	6	0	0	0	0	0	0
-10	-12	7	0	0	0	0	0	0
-10	-12	8	0	0	0	0	0	0
-10	-12	9	0	0	0	0	0	0
-10	-12	10	0	0	0	0	0	0
-10	-12	11	0	0	0	0	0	0
-10	-12	12	0	0	0	0	0	0
-10	-11	-12	0	0	0	0	0	0
-10	-11	-11	0	0	0	0	0	0
-10	-11	-10	0	0	0	0	0	0
-10	-11	-9	0	0	0	0	0	0
-10	-11	-8	0	0	0	0	0	0
-10	-11	-7	0	0	0	0	0	0
-10	-11	-6	0	0	0	0	0	0
-10	-11	-5	0	0	0	0	0	0
-10	-11	-4	0	0	0	0	0	0
-10	-11	-3	0	0	0	0	0	0
-10	-11	-2	0	0	0	0	0	0
-10	-11	-1	0	0	0	0	0	0
-10	-11	0	0	0	0	0	0	0
-10	-11	1	0	0	0	0	0	0
-10	-11	2	0	0	0	0	0	0
-10	-11	3	0	0	0	0	0	0
-10	-11	4	0	0	0	0	0	0
-10	-11	5	0	0	0	0	0	0
-10	-11	6	0	0	0	0	0	0
-10	-11	7	0	0	0	0	0	0
-10	-11	8	0	0	0	0	0	0
-10	-11	9	0	0	0	0	0	0
-10	-11	10	0	0	0	0	0	0
-10	-11	11	0	0	0	0	0	0
-10	-11	12	0	0	0	0	0	0
-10	-10	-12	0	0	0	0	0	0
-10	-10	-11	0	0	0	0	0	0
-10	-10	-10	0	0	0	0	0	0
-10	-10	-9	0	0	0	0	0	0
-10	-10	-8	0	0	0	0	0	0
-10	-10	-7	0	0	0	0	0	0
-10	-10	-6	0	0	0	0	0	0
-10	-10	-5	0	0	0	0	0	0
-10	-10	-4	0	0	0	0	0	0
-10	-10	-3	0	0	0	0	0	0
-10	-10	-2	0	0	0	0	0	0
-10	-10	-1	0	0	0	0	0	0
-10	-10	0	0	0	0	0	0	0
-10	-10	1	0	0	0	0	0	0
-10	-10	2	0	0	0	0	0	0
-10	-10	3	0	0	0	0	0	0
-10	-10	4	0	0	0	0	0	0
-10	-10	5	0	0	0	0	0	0
-10	-10	6	0	0	0	0	0	0
-10	-10	7	0	0	0	0	0	0
-10	-10	8	0	0	0	0	0	0
-10	-10	9	0	0	0	0	0	0
-10	-10	10	0	0	0	0	0	0
-10	-10	11	0	0	0	0	0	0
-10	-10	12	0	0	0	0	0	0
-10	-9	-12	0	0	0	0	0	0
-10	-9	-11	0	0	0	0	0	0
-10	-9	-10	0	0	0	0	0	0
-10	-9	-9	0	0	0	0	0	0
-10	-9	-8	0	0	0	0	0	0
-10	-9	-7	0	0	0	0	0	0
-10	-9	-6	0	0	0	0	0	0
-10	-9	-5	0	0	0	0	0	0
-10	-9	-4	0	0	0	0	0	0
-10	-9	-3	0	0	0	0	0	0
-10	-9	-2	0	0	0	0	0	0
-10	-9	-1	0	0	0	0	0	0
-10	-9	0	0	0	0	0	0	0
-10	-9	1	0	0	0	0	0	0
-10	-9	2	0	0	0	0	0	0
-10	-9	3	0	0	0	0	0	0
-10	-9	4	0	0	0	0	0	0
-10	-9	5	0	0	0	0	0	0
-10	-9	6	0	0	0	0	0	0
-10	-9	7	0	0	0	0	0	0
-10	-9	8	0	0	0	0	0	0
-10	-9	9	0	0	0	0	0	0
-10	-9	10	0	0	0	0	0	0
-10	-9	11	0	0	0	0	0	0
-10	-9	12	0	0	0	0	0	0
-10	-8	-12	0	0	0	0	0	0
-10	-8	-11	0	0	0	0	0	0
-10	-8	-10	0	0	0	0	0	0
-10	-8	-9	0	0	0	0	0	0
-10	-8	-8	0	0	0	0	0	0
-10	-8	-7	0	0	0	0	0	0
-10	-8	-6	0	0	0	0	0	0
-10	-8	-5	0	0	0	0	0	0
-10	-8	-4	0	0	0	0	0	0
-10	-8	-3	0	0	0	0	0	0
-10	-8	-2	0	0	0	0	0	0
-10	-8	-1	0	0	0	0	0	0
-10	-8	0	0	0	0	0	0	0
-10	-8	1	0	0	0	0	0	0
-10	-8	2	0	0	0	0	0	0
-10	-8	3	0	0	0	0	0	0
-10	-8	4	0	0	0	0	0	0
-10	-8	5	0	0	0	0	0	0
-10	-8	6	0	0	0	0	0	0
-10	-8	7	0	0	0	0	0	0
-10	-8	8	0	0	0	0	0	0
-10	-8	9	0	0	0	0	0	0
-10	-8	10	0	0	0	0	0	0
-10	-8	11	0	0	0	0	0	0
-10	-8	12	0	0	0	0	0	0
-10	-7	-12	0	0	0	0	0	0
-10	-7	-11	0	0	0	0	0	0
-10	-7	-10	0	0	0	0	0	0
-10	-7	-9	0	0	0	0	0	0
-10	-7	-8	0	0	0	0	0	0
-10	-7	-7	0	0	0	0	0	0
-10	-7	-6	0	0	0	0	0	0
-10	-7	-5	0	0	0	0	0	0
-10	-7	-4	0	0	0	0	0	0
-10	-7	-3	0	0	0	0	0	0
-10	-7	-2	0	0	0	0	0	0
-10	-7	-1	0	0	0	0	0	0
-10	-7	0	0	0	0	0	0	0
-10	-7	1	0	0	0	0	0	0
-10	-7	2	0	0	0	0	0	0
-10	-7	3	0	0	0	0	0	0
-10	-7	4	0	0	0	0	0	0
-10	-7	5	0	0	0	0	0	0
-10	-7	6	0	0	0	0	0	0
-10	-7	7	0	0	0	0	0	0
-10	-7	8	0	0	0	0	0	0
-10	-7	9	0	0	0	0	0	0
-10	-7	10	0	0	0	0	0	0
-10	-7	11	0	0	0	0	0	0
-10	-7	12	0	0	0	0	0	0
-10	-6	-12	0	0	0	0	0	0
-10	-6	-11	0	0	0	0	0	0
-10	-6	-10	0	0	0	0	0	0
-10	-6	-9	0	0	0	0	0	0
-10	-6	-8	0	0	0	0	0	0
-10	-6	-7	0	0	0	0	0	0
-10	-6	-6	0	0	0	0	0	0
-10	-6	-5	0	0	0	0	0	0
-10	-6	-4	0	0	0	0	0	0
-10	-6	-3	0	0	0	0	0	0
-10	-6	-2	0	0	0	0	0	0
-10	-6	-1	0	0	0	0	0	0
-10	-6	0	0	0	0	0	0	0
-10	-6	1	0	0	0	0	0	0
-10	-6	2	0	0	0	0	0	0
-10	-6	3	0	0	0	0	0	0
-10	-6	4	0	0	0	0	0	0
-10	-6	5	0	0	0	0	0	0
-10	-6	6	0	0	0	0	0	0
-10	-6	7	0	0	0	0	0	0
-10	-6	8	0	0	0	0	0	0
-10	-6	9	0	0	0	0	0	0
-10	-6	10	0	0	0	0	0	0
-10	-6	11	0	0	0	0	0	0
-10	-6	12	0	0	0	0	0	0
-10	-5	-12	0	0	0	0	0	0
-10	-5	-11	0	0	0	0	0	0
-10	-5	-10	0	0	0	0	0	0
-10	-5	-9	0	0	0	0	0	0
-10	-5	-8	0	0	0	0	0	0
-10	-5	-7	0	0	0	0	0	0
-10	-5	-6	0	0	0	0	0	0
-10	-5	-5	0	0	0	0	0	0
-10	-5	-4	0	0	0	0	0	0
-10	-5	-3	0	0	0	0	0	0
-10	-5	-2	0	0	0	0	0	0
-10	-5	-1	0	0	0	0	0	0
-10	-5	0	0	0	0	0	0	0
-10	-5	1	0	0	0	0	0	0
-10	-5	2	0	0	0	0	0	0
-10	-5	3	0	0	0	0	0	0
-10	-5	4	0	0	0	0	0	0
-10	-5	5	0	0	0	0	0	0
-10	-5	6	0	0	0	0	0	0
-10	-5	7	0	0	0	0	0	0
-10	-5	8	0	0	0	0	0	0
-10	-5	9	0	0	0	0	0	0
-10	-5	10	0	0	0	0	0	0
-10	-5	11	0	0	0	0	0	0
-10	-5	12	0	0	0	0	0	0
-10	-4	-12	0	0	0	0	0	0
-10	-4	-11	0	0	0	0	0	0
-10	-4	-10	0	0	0	0	0	0
-10	-4	-9	0	0	0	0	0	0
-10	-4	-8	0	0	0	0	0	0
-10	-4	-7	0	0	0	0	0	0
-10	-4	-6	0	0	0	0	0	0
-10	-4	-5	0	0	0	0	0	0
-10	-4	-4	0	0	0	0	0	0
-10	-4	-3	0	0	0	0	0	0
-10	-4	-2	0	0	0	0	0	0
-10	-4	-1	0	0	0	0	0	0
-10	-4	0	0	0	0	0	0	0
-10	-4	1	0	0	0	0	0	0
-10	-4	2	0	0	0	0	0	0
-10	-4	3	0	0	0	0	0	0
-10	-4	4	0	0	0	0	0	0
-10	-4	5	0	0	0	0	0	0
-10	-4	6	0	0	0	0	0	0
-10	-4	7	0	0	0	0	0	0
-10	-4	8	0	0	0	0	0	0
-10	-4	9	0	0	0	0	0	0
-10	-4	10	0	0	0	0	0	0
-10	-4	11	0	0	0	0	0	0
-10	-4	12	0	0	0	0	0	0
-10	-3	-12	0	0	0	0	0	0
-10	-3	-11	0	0	0	0	0	0
-10	-3	-10	0	0	0	0	0	0
-10	-3	-9	0	0	0	0	0	0
-10	-3	-8	0	0	0	0	0	0
-10	-3	-7	0	0	0	0	0	0
-10	-3	-6	0	0	0	0	0	0
-10	-3	-5	0	0	0	0	0	0
-10	-3	-4	0	0	0	0	0	0
-10	-3	-3	0	0	0	0	0	0
-10	-3	-2	0	0	0	0	0	0
-10	-3	-1	0	0	0	0	0	0
-10	-3	0	0	0	0	0	0	0
-10	-3	1	0	0	0	0	0	0
-10	-3	2	0	0	0	0	0	0
-10	-3	3	0	0	0	0	0	0
-10	-3	4	0	0	0	0	0	0
-10	-3	5	0	0	0	0	0	0
-10	-3	6	0	0	0	0	0	0
-10	-3	7	0	0	0	0	0	0
-10	-3	8	0	0	0	0	0	0
-10	-3	9	0	0	0	0	0	0
-10	-3	10	0	0	0	0	0	0
-10	-3	11	0	0	0	0	0	0
-10	-3	12	0	0	0	0	0	0
-10	-2	-12	0	0	0	0	0	0
-10	-2	-11	0	0	0	0	0	0
-10	-2	-10	0	0	0	0	0	0
-10	-2	-9	0	0	0	0	0	0
-10	-2	-8	0	0	0	0	0	0
-10	-2	-7	0	0	0	0	0	0
-10	-2	-6	0	0	0	0	0	0
-10	-2	-5	0	0	0	0	0	0
-10	-2	-4	0	0	0	0	0	0
-10	-2	-3	0	0	0	0	0	0
-10	-2	-2	0	0	0	0	0	0
-10	-2	-1	0	0	0	0	0	0
-10	-2	0	0	0	0	0	0	0
-10	-2	1	0	0	0	0	0	0
-10	-2	2	0	0	0	0	0	0
-10	-2	3	0	0	0	0	0	0
-10	-2	4	0	0	0	0	0	0
-10	-2	5	0	0	0	0	0	0
-10	-2	6	0	0	0	0	0	0
-10	-2	7	0	0	0	0	0	0
-10	-2	8	0	0	0	0	0	0
-10	-2	9	0	0	0	0	0	0
-10	-2	10	0	0	0	0	0	0
-10	-2	11	0	0	0	0	0	0
-10	-2	12	0	0	0	0	0	0
-10	-1	-12	0	0	0	0	0	0
-10	-1	-11	0	0	0	0	0	0
-10	-1	-10	0	0	0	0	0	0
-10	-1	-9	0	0	0	0	0	0
-10	-1	-8	0	0	0	0	0	0
-10	-1	-7	0	0	0	0	0	0
-10	-1	-6	0	0	0	0	0	0
-10	-1	-5	0	0	0	0	0	0
-10	-1	-4	0	0	0	0	0	0
-10	-1	-3	0	0	0	0	0	0
-10	-1	-2	0	0	0	0	0	0
-10	-1	-1	0	0	0	0	0	0
-10	-1	0	0	0	0	0	0	0
-10	-1	1	0	0	0	0	0	0
-10	-1	2	0	0	0	0	0	0
-10	-1	3	0	0	0	0	0	0
-10	-1	4	0	0	0	0	0	0
-10	-1	5	0	0	0	0	0	0
-10	-1	6	0	0	0	0	0	0
-10	-1	7	0	0	0	0	0	0
-10	-1	8	0	0	0	0	0	0
-10	-1	9	0	0	0	0	0	0
-10	-1	10	0	0	0	0	0	0
-10	-1	11	0	0	0	0	0	0
-10	-1	12	0	0	0	0	0	0
-10	0	-12	0	0	0	0	0	0
-10	0	-11	0	0	0	0	0	0
-10	0	-10	0	0	0	0	0	0
-10	0	-9	0	0	0	0	0	0
-10	0	-8	0	0	0	0	0	0
-10	0	-7	0	0	0	0	0	0
-10	0	-6	0	0	0	0	0	0
-10	0	-5	0	0	0	0	0	0
-10	0	-4	0	0	0	0	0	0
-10	0	-3	0	0	0	0	0	0
-10	0	-2	0	0	0	0	0	0
-10	0	-1	0	0	0	0	0	0
-10	0	0	0	0	0	0	0	0
-10	0	1	0	0	0	0	0	0
-10	0	2	0	0	0	0	0	0
-10	0	3	0	0	0	0	0	0
-10	0	4	0	0	0	0	0	0
-10	0	5	0	0	0	0	0	0
-10	0	6	0	0	0	0	0	0
-10	0	7	0	0	0	0	0	0
-10	0	8	0	0	0	0	0	0
-10	0	9	0	0	0	0	0	0
-10	0	10	0	0	0	0	0	0
-10	0	11	0	0	0	0	0	0
-10	0	12	0	0	0	0	0	0
-10	1	-12	0	0	0	0	0	0
-10	1	-11	0	0	0	0	0	0
-10	1	-10	0	0	0	0	0	0
-10	1	-9	0	0	0	0	0	0
-10	1	-8	0	0	0	0	0	0
-10	1	-7	0	0	0	0	0	0
-10	1	-6	0	0	0	0	0	0
-10	1	-5	0	0	0	0	0	0
-10	1	-4	0	0	0	0	0	0
-10	1	-3	0	0	0	0	0	0
-10	1	-2	0	0	0	0	0	0
-10	1	-1	0	0	0	0	0	0
-10	1	0	0	0	0	0	0	0
-10	1	1	0	0	0	0	0	0
-10	1	2	0	0	0	0	0	0
-10	1	3	0	0	0	0	0	0
-10	1	4	0	0	0	0	0	0
-10	1	5	0	0	0	0	0	0
-10	1	6	0	0	0	0	0	0
-10	1	7	0	0	0	0	0	0
-10	1	8	0	0	0	0	0	0
-10	1	9	0	0	0	0	0	0
-10	1	10	0	0	0	0	0	0
-10	1	11	0	0	0	0	0	0
-10	1	12	0	0	0	0	0	0
-10	2	-12	0	0	0	0	0	0
-10	2	-11	0	0	0	0	0	0
-10	2	-10	0	0	0	0	0	0
-10	2	-9	0	0	0	0	0	0
-10	2	-8	0	0	0	0	0	0
-10	2	-7	0	0	0	0	0	0
-10	2	-6	0	0	0	0	0	0
-10	2	-5	0	0	0	0	0	0
-10	2	-4	0	0	0	0	0	0
-10	2	-3	0	0	0	0	0	0
-10	2	-2	0	0	0	0	0	0
-10	2	-1	0	0	0	0	0	0
-10	2	0	0	0	0	0	0	0
-10	2	1	0	0	0	0	0	0
-10	2	2	0	0	0	0	0	0
-10	2	3	0	0	0	0	0	0
-10	2	4	0	0	0	0	0	0
-10	2	5	0	0	0	0	0	0
-10	2	6	0	0	0	0	0	0
-10	2	7	0	0	0	0	0	0
-10	2	8	0	0	0	0	0	0
-10	2	9	0	0	0	0	0	0
-10	2	10	0	0	0	0	0	0
-10	2	11	0	0	0	0	0	0
-10	2	12	0	0	0	0	0	0
-10	3	-12	0	0	0	0	0	0
-10	3	-11	0	0	0	0	0	0
-10	3	-10	0	0	0	0	0	0
-10	3	-9	0	0	0	0	0	0
-10	3	-8	0	0	0	0	0	0
-10	3	-7	0	0	0	0	0	0
-10	3	-6	0	0	0	0	0	0
-10	3	-5	0	0	0	0	0	0
-10	3	-4	0	0	0	0	0	0
-10	3	-3	0	0	0	0	0	0
-10	3	-2	0	0	0	0	0	0
-10	3	-1	0	0	0	0	0	0
-10	3	0	0	0	0	0	0	0
-10	3	1	0	0	0	0	0	0
-10	3	2	0	0	0	0	0	0
-10	3	3	0	0	0	0	0	0
-10	3	4	0	0	0	0	0	0
-10	3	5	0	0	0	0	0	0
-10	3	6	0	0	0	0	0	0
-10	3	7	0	0	0	0	0	0
-10	3	8	0	0	0	0	0	0
-10	3	9	0	0	0	0	0	0
-10	3	10	0	0	0	0	0	0
-10	3	11	0	0	0	0	0	0
-10	3	12	0	0	0	0	0	0
-10	4	-12	0	0	0	0	0	0
-10	4	-11	0	0	0	0	0	0
-10	4	-10	0	0	0	0	0	0
-10	4	-9	0	0	0	0	0	0
-10	4	-8	0	0	0	0	0	0
-10	4	-7	0	0	0	0	0	0
-10	4	-6	0	0	0	0	0	0
-10	4	-5	0	0	0	0	0	0
-10	4	-4	0	0	0	0	0	0
-10	4	-3	0	0	0	0	0	0
-10	4	-2	0	0	0	0	0	0
-10	4	-1	0	0	0	0	0	0
-10	4	0	0	0	0	0	0	0
-10	4	1	0	0	0	0	0	0
-10	4	2	0	0	0	0	0	0
-10	4	3	0	0	0	0	0	0
-10	4	4	0	0	0	0	0	0
-10	4	5	0	0	0	0	0	0
-10	4	6	0	0	0	0	0	0
-10	4	7	0	0	0	0	0	0
-10	4	8	0	0	0	0	0	0
-10	4	9	0	0	0	0	0	0
-10	4	10	0	0	0	0	0	0
-10	4	11	0	0	0	0	0	0
-10	4	12	0	0	0	0	0	0
-10	5	-12	0	0	0	0	0	0
-10	5	-11	0	0	0	0	0	0
-10	5	-10	0	0	0	0	0	0
-10	5	-9	0	0	0	0	0	0
-10	5	-8	0	0	0	0	0	0
-10	5	-7	0	0	0	0	0	0
-10	5	-6	0	0	0	0	0	0
-10	5	-5	0	0	0	0	0	0
-10	5	-4	0	0	0	0	0	0
-10	5	-3	0	0	0	0	0	0
-10	5	-2	0	0	0	0	0	0
-10	5	-1	0	0	0	0	0	0
-10	5	0	0	0	0	0	0	0
-10	5	1	0	0	0	0	0	0
-10	5	2	0	0	0	0	0	0
-10	5	3	0	0	0	0	0	0
-10	5	4	0	0	0	0	0	0
-10	5	5	0	0	0	0	0	0
-10	5	6	0	0	0	0	0	0
-10	5	7	0	0	0	0	0	0
-10	5	8	0	0	0	0	0	0
-10	5	9	0	0	0	0	0	0
-10	5	10	0	0	0	0	0	0
-10	5	11	0	0	0	0	0	0
-10	5	12	0	0	0	0	0	0
-10	6	-12	0	0	0	0	0	0
-10	6	-11	0	0	0	0	0	0
-10	6	-10	0	0	0	0	0	0
-10	6	-9	0	0	0	0	0	0
-10	6	-8	0	0	0	0	0	0
-10	6	-7	0	0	0	0	0	0
-10	6	-6	0	0	0	0	0	0
-10	6	-5	0	0	0	0	0	0
-10	6	-4	0	0	0	0	0	0
-10	6	-3	0	0	0	0	0	0
-10	6	-2	0	0	0	0	0	0
-10	6	-1	0	0	0	0	0	0
-10	6	0	0	0	0	0	0	0
-10	6	1	0	0	0	0	0	0
-10	6	2	0	0	0	0	0	0
-10	6	3	0	0	0	0	0	0
-10	6	4	0	0	0	0	0	0
-10	6	5	0	0	0	0	0	0
-10	6	6	0	0	0	0	0	0
-10	6	7	0	0	0	0	0	0
-10	6	8	0	0	0	0	0	0
-10	6	9	0	0	0	0	0	0
-10	6	10	0	0	0	0	0	0
-10	6	11	0	0	0	0	0	0
-10	6	12	0	0	0	0	0	0
-10	7	-12	0	0	0	0	0	0
-10	7	-11	0	0	0	0	0	0
-10	7	-10	0	0	0	0	0	0
-10	7	-9	0	0	0	0	0	0
-10	7	-8	0	0	0	0	0	0
-10	7	-7	0	0	0	0	0	0
-10	7	-6	0	0	0	0	0	0
-10	7	-5	0	0	0	0	0	0
-10	7	-4	0	0	0	0	0	0
-10	7	-3	0	0	0	0	0	0
-10	7	-2	0	0	0	0	0	0
-10	7	-1	0	0	0	0	0	0
-10	7	0	0	0	0	0	0	0
-10	7	1	0	0	0	0	0	0
-10	7	2	0	0	0	0	0	0
-10	7	3	0	0	0	0	0	0
-10	7	4	0	0	0	0	0	0
-10	7	5	0	0	0	0	0	0
-10	7	6	0	0	0	0	0	0
-10	7	7	0	0	0	0	0	0
-10	7	8	0	0	0	0	0	0
-10	7	9	0	0	0	0	0	0
-10	7	10	0	0	0	0	0	0
-10	7	11	0	0	0	0	0	0
-10	7	12	0	0	0	0	0	0
-10	8	-12	0	0	0	0	0	0
-10	8	-11	0	0	0	0	0	0
-10	8	-10	0	0	0	0	0	0
-10	8	-9	0	0	0	0	0	0
-10	8	-8	0	0	0	0	0	0
-10	8	-7	0	0	0	0	0	0
-10	8	-6	0	0	0	0	0	0
-10	8	-5	0	0	0	0	0	0
-10	8	-4	0	0	0	0	0	0
-10	8	-3	0	0	0	0	0	0
-10	8	-2	0	0	0	0	0	0
-10	8	-1	0	0	0	0	0	0
-10	8	0	0	0	0	0	0	0
-10	8	1	0	0	0	0	0	0
-10	8	2	0	0	0	0	0	0
-10	8	3	0	0	0	0	0	0
-10	8	4	0	0	0	0	0	0
-10	8	5	0	0	0	0	0	0
-10	8	6	0	0	0	0	0	0
-10	8	7	0	0	0	0	0	0
-10	8	8	0	0	0	0	0	0
-10	8	9	0	0	0	0	0	0
-10	8	10	0	0	0	0	0	0
-10	8	11	0	0	0	0	0	0
-10	8	12	0	0	0	0	0	0
-10	9	-12	0	0	0	0	0	0
-10	9	-11	0	0	0	0	0	0
-10	9	-10	0	0	0	0	0	0
-10	9	-9	0	0	0	0	0	0
-10	9	-8	0	0	0	0	0	0
-10	9	-7	0	0	0	0	0	0
-10	9	-6	0	0	0	0	0	0
-10	9	-5	0	0	0	0	0	0
-10	9	-4	0	0	0	0	0	0
-10	9	-3	0	0	0	0	0	0
-10	9	-2	0	0	0	0	0	0
-10	9	-1	0	0	0	0	0	0
-10	9	0	0	0	0	0	0	0
-10	9	1	0	0	0	0	0	0
-10	9	2	0	0	0	0	0	0
-10	9	3	0	0	0	0	0	0
-10	9	4	0	0	0	0	0	0
-10	9	5	0	0	0	0	0	0
-10	9	6	0	0	0	0	0	0
-10	9	7	0	0	0	0	0	0
-10	9	8	0	0	0	0	0	0
-10	9	9	0	0	0	0	0	0
-10	9	10	0	0	0	0	0	0
-10	9	11	0	0	0	0	0	0
-10	9	12	0	0	0	0	0	0
-10	10	-12	0	0	0	0	0	0
-10	10	-11	0	0	0	0	0	0
-10	10	-10	0	0	0	0	0	0
-10	10	-9	0	0	0	0	0	0
-10	10	-8	0	0	0	0	0	0
-10	10	-7	0	0	0	0	0	0
-10	10	-6	0	0	0	0	0	0
-10	10	-5	0	0	0	0	0	0
-10	10	-4	0	0	0	0	0	0
-10	10	-3	0	0	0	0	0	0
-10	10	-2	0	0	0	0	0	0
-10	10	-1	0	0	0	0	0	0
-10	10	0	0	0	0	0	0	0
-10	10	1	0	0	0	0	0	0
-10	10	2	0	0	0	0	0	0
-10	10	3	0	0	0	0	0	0
-10	10	4	0	0	0	0	0	0
-10	10	5	0	0	0	0	0	0
-10	10	6	0	0	0	0	0	0
-10	10	7	0	0	0	0	0	0
-10	10	8	0	0	0	0	0	0
-10	10	9	0	0	0	0	0	0
-10	10	10	0	0	0	0	0	0
-10	10	11	0	0	0	0	0	0
-10	10	12	0	0	0	0	0	0
-10	11	-12	0	0	0	0	0	0
-10	11	-11	0	0	0	0	0	0
-10	11	-10	0	0	0	0	0	0
-10	11	-9	0	0	0	0	0	0
-10	11	-8	0	0	0	0	0	0
-10	11	-7	0	0	0	0	0	0
-10	11	-6	0	0	0	0	0	0
-10	11	-5	0	0	0	0	0	0
-10	11	-4	0	0	0	0	0	0
-10	11	-3	0	0	0	0	0	0
-10	11	-2	0	0	0	0	0	0
-10	11	-1	0	0	0	0	0	0
-10	11	0	0	0	0	0	0	0
-10	11	1	0	0	0	0	0	0
-10	11	2	0	0	0	0	0	0
-10	11	3	0	0	0	0	0	0
-10	11	4	0	0	0	0	0	0
-10	11	5	0	0	0	0	0	0
-10	11	6	0	0	0	0	0	0
-10	11	7	0	0	0	0	0	0
-10	11	8	0	0	0	0	0	0
-10	11	9	0	0	0	0	0	0
-10	11	10	0	0	0	0	0	0
-10	11	11	0	0	0	0	0	0
-10	11	12	0	0	0	0	0	0
-10	12	-12	0	0	0	0	0	0
-10	12	-11	0	0	0	0	0	0
-10	12	-10	0	0	0	0	0	0
-10	12	-9	0	0	0	0	0	0
-10	12	-8	0	0	0	0	0	0
-10	12	-7	0	0	0	0	0	0
-10	12	-6	0	0	0	0	0	0
-10	12	-5	0	0	0	0	0	0
-10	12	-4	0	0	0	0	0	0
-10	12	-3	0	0	0	0	0	0
-10	12	-2	0	0	0	0	0	0
-10	12	-1	0	0	0	0	0	0
-10	12	0	0	0	0	0	0	0
-10	12	1	0	0	0	0	0	0
-10	12	2	0	0	0	0	0	0
-10	12	3	0	0	0	0	0	0
-10	12	4	0	0	0	0	0	0
-10	12	5	0	0	0	0	0	0
-10	12	6	0	0	0	0	0	0
-10	12	7	0	0	0	0	0	0
-10	12	8	0	0	0	0	0	0
-10	12	9	0	0	0	0	0	0
-10	12	10	0	0	0	0	0	0
-10	12	11	0	0	0	0	0	0
-10	12	12	0	0	0	0	0	0
-9	-12	-12	0	0	0	0	0	0
-9	-12	-11	0	0	0	0	0	0
-9	-12	-10	0	0	0	0	0	0
-9	-12	-9	0	0	0	0	0	0
-9	-12	-8	0	0	0	0	0	0
-9	-12	-7	0	0	0	0	0	0
-9	-12	-6	0	0	0	0	0	0
-9	-12	-5	0	0	0	0	0	0
-9	-12	-4	0	0	0	0	0	0
-9	-12	-3	0	0	0	0	0	0
-9	-12	-2	0	0	0	0	0	0
-9	-12	-1	0	0	0	0	0	0
-9	-12	0	0	0	0	0	0	0
-9	-12	1	0	0	0	0	0	0
-9	-12	2	0	0	0	0	0	0
-9	-12	3	0	0	0	0	0	0
-9	-12	4	0	0	0	0	0	0
-9	-12	5	0	0	0	0	0	0
-9	-12	6	0	0	0	0	0	0
-9	-12	7	0	0	0	0	0	0
-9	-12	8	0	0	0	0	0	0
-9	-12	9	0	0	0	0	0	0
-9	-12	10	0	0	0	0	0	0
-9	-12	11	0	0	0	0	0	0
-9	-12	12	0	0	0	0	0	0
-9	-11	-12	0	0	0	0	0	0
-9	-11	-11	0	0	0	0	0	0
-9	-11	-10	0	0	0	0	0	0
-9	-11	-9	0	0	0	0	0	0
-9	-11	-8	0	0	0	0	0	0
-9	-11	-7	0	0	0	0	0	0
-9	-11	-6	0	0	0	0	0	0
-9	-11	-5	0	0	0	0	0	0
-9	-11	-4	0	0	0	0	0	0
-9	-11	-3	0	0	0	0	0	0
-9	-11	-2	0	0	0	0	0	0
-9	-11	-1	0	0	0	0	0	0
-9	-11	0	0	0	0	0	0	0
-9	-11	1	0	0	0	0	0	0
-9	-11	2	0	0	0	0	0	0
-9	-11	3	0	0	0	0	0	0
-9	-11	4	0	0	0	0	0	0
-9	-11	5	0	0	0	0	0	0
-9	-11	6	0	0	0	0	0	0
-9	-11	7	0	0	0	0	0	0
-9	-11	8	0	0	0	0	0	0
-9	-11	9	0	0	0	0	0	0
-9	-11	10	0	0	0	0	0	0
-9	-11	11	0	0	0	0	0	0
-9	-11	12	0	0	0	0	0	0
-9	-10	-12	0	0	0	0	0	0
-9	-10	-11	0	0	0	0	0	0
-9	-10	-10	0	0	0	0	0	0
-9	-10	-9	0	0	0	0	0	0
-9	-10	-8	0	0	0	0	0	0
-9	-10	-7	0	0	0	0	0	0
-9	-10	-6	0	0	0	0	0	0
-9	-10	-5	0	0	0	0	0	0
-9	-10	-4	0	0	0	0	0	0
-9	-10	-3	0	0	0	0	0	0
-9	-10	-2	0	0	0	0	0	0
-9	-10	-1	0	0	0	0	0	0
-9	-10	0	0	0	0	0	0	0
-9	-10	1	0	0	0	0	0	0
-9	-10	2	0	0	0	0	0	0
-9	-10	3	0	0	0	0	0	0
-9	-10	4	0	0	0	0	0	0
-9	-10	5	0	0	0	0	0	0
-9	-10	6	0	0	0	0	0	0
-9	-10	7	0	0	0	0	0	0
-9	-10	8	0	0	0	0	0	0
-9	-10	9	0	0	0	0	0	0
-9	-10	10	0	0	0	0	0	0
-9	-10	11	0	0	0	0	0	0
-9	-10	12	0	0	0	0	0	0
-9	-9	-12	0	0	0	0	0	0
-9	-9	-11	0	0	0	0	0	0
-9	-9	-10	0	0	0	0	0	0
-9	-9	-9	0	0	0	0	0	0
-9	-9	-8	0	0	0	0	0	0
-9	-9	-7	0	0	0	0	0	0
-9	-9	-6	0	0	0	0	0	0
-9	-9	-5	0	0	0	0	0	0
-9	-9	-4	0	0	0	0	0	0
-9	-9	-3	0	0	0	0	0	0
-9	-9	-2	0	0	0	0	0	0
-9	-9	-1	0	0	0	0	0	0
-9	-9	0	0	0	0	0	0	0
-9	-9	1	0	0	0	0	0	0
-9	-9	2	0	0	0	0	0	0
-9	-9	3	0	0	0	0	0	0
-9	-9	4	0	0	0	0	0	0
-9	-9	5	0	0	0	0	0	0
-9	-9	6	0	0	0	0	0	0
-9	-9	7	0	0	0	0	0	0
-9	-9	8	0	0	0	0	0	0
-9	-9	9	0	0	0	0	0	0
-9	-9	10	0	0	0	0	0	0
-9	-9	11	0	0	0	0	0	0
-9	-9	12	0	0	0	0	0	0
-9	-8	-12	0	0	0	0	0	0
-9	-8	-11	0	0	0	0	0	0
-9	-8	-10	0	0	0	0	0	0
-9	-8	-9	0	0	0	0	0	0
-9	-8	-8	0	0	0	0	0	0
-9	-8	-7	0	0	0	0	0	0
-9	-8	-6	0	0	0	0	0	0
-9	-8	-5	0	0	0	0	0	0
-9	-8	-4	0	0	0	0	0	0
-9	-8	-3	0	0	0	0	0	0
-9	-8	-2	0	0	0	0	0	0
-9	-8	-1	0	0	0	0	0	0
-9	-8	0	0	0	0	0	0	0
-9	-8	1	0	0	0	0	0	0
-9	-8	2	0	0	0	0	0	0
-9	-8	3	0	0	0	0	0	0
-9	-8	4	0	0	0	0	0	0
-9	-8	5	0	0	0	0	0	0
-9	-8	6	0	0	0	0	0	0
-9	-8	7	0	0	0	0	0	0
-9	-8	8	0	0	0	0	0	0
-9	-8	9	0	0	0	0	0	0
-9	-8	10	0	0	0	0	0	0
-9	-8	11	0	0	0	0	0	0
-9	-8	12	0	0	0	0	0	0
-9	-7	-12	0	0	0	0	0	0
-9	-7	-11	0	0	0	0	0	0
-9	-7	-10	0	0	0	0	0	0
-9	-7	-9	0	0	0	0	0	0
-9	-7	-8	0	0	0	0	0	0
-9	-7	-7	0	0	0	0	0	0
-9	-7	-6	0	0	0	0	0	0
-9	-7	-5	0	0	0	0	0	0
-9	-7	-4	0	0	0	0	0	0
-9	-7	-3	0	0	0	0	0	0
-9	-7	-2	0	0	0	0	0	0
-9	-7	-1	0	0	0	0	0	0
-9	-7	0	0	0	0	0	0	0
-9	-7	1	0	0	0	0	0	0
-9	-7	2	0	0	0	0	0	0
-9	-7	3	0	0	0	0	0	0
-9	-7	4	0	0	0	0	0	0
-9	-7	5	0	0	0	0	0	0
-9	-7	6	0	0	0	0	0	0
-9	-7	7	0	0	0	0	0	0
-9	-7	8	0	0	0	0	0	0
-9	-7	9	0	0	0	0	0	0
-9	-7	10	0	0	0	0	0	0
-9	-7	11	0	0	0	0	0	0
-9	-7	12	0	0	0	0	0	0
-9	-6	-12	0	0	0	0	0	0
-9	-6	-11	0	0	0	0	0	0
-9	-6	-10	0	0	0	0	0	0
-9	-6	-9	0	0	0	0	0	0
-9	-6	-8	0	0	0	0	0	0
-9	-6	-7	0	0	0	0	0	0
-9	-6	-6	0	0	0	0	0	0
-9	-6	-5	0	0	0	0	0	0
-9	-6	-4	0	0	0	0	0	0
-9	-6	-3	0	0	0	0	0	0
-9	-6	-2	0	0	0	0	0	0
-9	-6	-1	0	0	0	0	0	0
-9	-6	0	0	0	0	0	0	0
-9	-6	1	0	0	0	0	0	0
-9	-6	2	0	0	0	0	0	0
-9	-6	3	0	0	0	0	0	0
-9	-6	4	0	0	0	0	0	0
-9	-6	5	0	0	0	0	0	0
-9	-6	6	0	0	0	0	0	0
-9	-6	7	0	0	0	0	0	0
-9	-6	8	0	0	0	0	0	0
-9	-6	9	0	0	0	0	0	0
-9	-6	10	0	0	0	0	0	0
-9	-6	11	0	0	0	0	0	0
-9	-6	12	0	0	0	0	0	0
-9	-5	-12	0	0	0	0	0	0
-9	-5	-11	0	0	0	0	0	0
-9	-5	-10	0	0	0	0	0	0
-9	-5	-9	0	0	0	0	0	0
-9	-5	-8	0	0	0	0	0	0
-9	-5	-7	0	0	0	0	0	0
-9	-5	-6	0	0	0	0	0	0
-9	-5	-5	0	0	0	0	0	0
-9	-5	-4	0	0	0	0	0	0
-9	-5	-3	0	0	0	0	0	0
-9	-5	-2	0	0	0	0	0	0
-9	-5	-1	0	0	0	0	0	0
-9	-5	0	0	0	0	0	0	0
-9	-5	1	0	0	0	0	0	0
-9	-5	2	0	0	0	0	0	0
-9	-5	3	0	0	0	0	0	0
-9	-5	4	0	0	0	0	0	0
-9	-5	5	0	0	0	0	0	0
-9	-5	6	0	0	0	0	0	0
-9	-5	7	0	0	0	0	0	0
-9	-5	8	0	0	0	0	0	0
-9	-5	9	0	0	0	0	0	0
-9	-5	10	0	0	0	0	0	0
-9	-5	11	0	0	0	0	0	0
-9	-5	12	0	0	0	0	0	0
-9	-4	-12	0	0	0	0	0	0
-9	-4	-11	0	0	0	0	0	0
-9	-4	-10	0	0	0	0	0	0
-9	-4	-9	0	0	0	0	0	0
-9	-4	-8	0	0	0	0	0	0
-9	-4	-7	0	0	0	0	0	0
-9	-4	-6	0	0	0	0	0	0
-9	-4	-5	0	0	0	0	0	0
-9	-4	-4	0	0	0	0	0	0
-9	-4	-3	0	0	0	0	0	0
-9	-4	-2	0	0	0	0	0	0
-9	-4	-1	0	0	0	0	0	0
-9	-4	0	0	0	0	0	0	0
-9	-4	1	0	0	0	0	0	0
-9	-4	2	0	0	0	0	0	0
-9	-4	3	0	0	0	0	0	0
-9	-4	4	0	0	0	0	0	0
-9	-4	5	0	0	0	0	0	0
-9	-4	6	0	0	0	0	0	0
-9	-4	7	0	0	0	0	0	0
-9	-4	8	0	0	0	0	0	0
-9	-4	9	0	0	0	0	0	0
-9	-4	10	0	0	0	0	0	0
-9	-4	11	0	0	0	0	0	0
-9	-4	12	0	0	0	0	0	0
-9	-3	-12	0	0	0	0	0	0
-9	-3	-11	0	0	0	0	0	0
-9	-3	-10	0	0	0	0	0	0
-9	-3	-9	0	0	0	0	0	0
-9	-3	-8	0	0	0	0	0	0
-9	-3	-7	0	0	0	0	0	0
-9	-3	-6	0	0	0	0	0	0
-9	-3	-5	0	0	0	0	0	0
-9	-3	-4	0	0	0	0	0	0
-9	-3	-3	0	0	0	0	0	0
-9	-3	-2	0	0	0	0	0	0
-9	-3	-1	0	0	0	0	0	0
-9	-3	0	0	0	0	0	0	0
-9	-3	1	0	0	0	0	0	0
-9	-3	2	0	0	0	0	0	0
-9	-3	3	0	0	0	0	0	0
-9	-3	4	0	0	0	0	0	0
-9	-3	5	0	0	0	0	0	0
-9	-3	6	0	0	0	0	0	0
-9	-3	7	0	0	0	0	0	0
-9	-3	8	0	0	0	0	0	0
-9	-3	9	0	0	0	0	0	0
-9	-3	10	0	0	0	0	0	0
-9	-3	11	0	0	0	0	0	0
-9	-3	12	0	0	0	0	0	0
-9	-2	-12	0	0	0	0	0	0
-9	-2	-11	0	0	0	0	0	0
-9	-2	-10	0	0	0	0	0	0
-9	-2	-9	0	0	0	0	0	0
-9	-2	-8	0	0	0	0	0	0
-9	-2	-7	0	0	0	0	0	0
-9	-2	-6	0	0	0	0	0	0
-9	-2	-5	0	0	0	0	0	0
-9	-2	-4	0	0	0	0	0	0
-9	-2	-3	0	0	0	0	0	0
-9	-2	-2	0	0	0	0	0	0
-9	-2	-1	0	0	0	0	0	0
-9	-2	0	0	0	0	0	0	0
-9	-2	1	0	0	0	0	0	0
-9	-2	2	0	0	0	0	0	0
-9	-2	3	0	0	0	0	0	0
-9	-2	4	0	0	0	0	0	0
-9	-2	5	0	0	0	0	0	0
-9	-2	6	0	0	0	0	0	0
-9	-2	7	0	0	0	0	0	0
-9	-2	8	0	0	0	0	0	0
-9	-2	9	0	0	0	0	0	0
-9	-2	10	0	0	0	0	0	0
-9	-2	11	0	0	0	0	0	0
-9	-2	12	0	0	0	0	0	0
-9	-1	-12	0	0	0	0	0	0
-9	-1	-11	0	0	0	0	0	0
-9	-1	-10	0	0	0	0	0	0
-9	-1	-9	0	0	0	0	0	0
-9	-1	-8	0	0	0	0	0	0
-9	-1	-7	0	0	0	0	0	0
-9	-1	-6	0	0	0	0	0	0
-9	-1	-5	0	0	0	0	0	0
-9	-1	-4	0	0	0	0	0	0
-9	-1	-3	0	0	0	0	0	0
-9	-1	-2	0	0	0	0	0	0
-9	-1	-1	0	0	0	0	0	0
-9	-1	0	0	0	0	0	0	0
-9	-1	1	0	0	0	0	0	0
-9	-1	2	0	0	0	0	0	0
-9	-1	3	0	0	0	0	0	0
-9	-1	4	0	0	0	0	0	0
-9	-1	5	0	0	0	0	0	0
-9	-1	6	0	0	0	0	0	0
-9	-1	7	0	0	0	0	0	0
-9	-1	8	0	0	0	0	0	0
-9	-1	9	0	0	0	0	0	0
-9	-1	10	0	0	0	0	0	0
-9	-1	11	0	0	0	0	0	0
-9	-1	12	0	0	0	0	0	0
-9	0	-12	0	0	0	0	0	0
-9	0	-11	0	0	0	0	0	0
-9	0	-10	0	0	0	0	0	0
-9	0	-9	0	0	0	0	0	0
-9	0	-8	0	0	0	0	0	0
-9	0	-7	0	0	0	0	0	0
-9	0	-6	0	0	0	0	0	0
-9	0	-5	0	0	0	0	0	0
-9	0	-4	0	0	0	0	0	0
-9	0	-3	0	0	0	0	0	0
-9	0	-2	0	0	0	0	0	0
-9	0	-1	0	0	0	0	0	0
-9	0	0	0	0	0	0	0	0
-9	0	1	0	0	0	0	0	0
-9	0	2	0	0	0	0	0	0
-9	0	3	0	0	0	0	0	0
-9	0	4	0	0	0	0	0	0
-9	0	5	0	0	0	0	0	0
-9	0	6	0	0	0	0	0	0
-9	0	7	0	0	0	0	0	0
-9	0	8	0	0	0	0	0	0
-9	0	9	0	0	0	0	0	0
-9	0	10	0	0	0	0	0	0
-9	0	11	0	0	0	0	0	0
-9	0	12	0	0	0	0	0	0
-9	1	-12	0	0	0	0	0	0
-9	1	-11	0	0	0	0	0	0
-9	1	-10	0	0	0	0	0	0
-9	1	-9	0	0	0	0	0	0
-9	1	-8	0	0	0	0	0	0
-9	1	-7	0	0	0	0	0	0
-9	1	-6	0	0	0	0	0	0
-9	1	-5	0	0	0	0	0	0
-9	1	-4	0	0	0	0	0	0
-9	1	-3	0	0	0	0	0	0
-9	1	-2	0	0	0	0	0	0
-9	1	-1	0	0	0	0	0	0
-9	1	0	0	0	0	0	0	0
-9	1	1	0	0	0	0	0	0
-9	1	2	0	0	0	0	0	0
-9	1	3	0	0	0	0	0	0
-9	1	4	0	0	0	0	0	0
-9	1	5	0	0	0	0	0	0
-9	1	6	0	0	0	0	0	0
-9	1	7	0	0	0	0	0	0
-9	1	8	0	0	0	0	0	0
-9	1	9	0	0	0	0	0	0
-9	1	10	0	0	0	0	0	0
-9	1	11	0	0	0	0	0	0
-9	1	12	0	0	0	0	0	0
-9	2	-12	0	0	0	0	0	0
-9	2	-11	0	0	0	0	0	0
-9	2	-10	0	0	0	0	0	0
-9	2	-9	0	0	0	0	0	0
-9	2	-8	0	0	0	0	0	0
-9	2	-7	0	0	0	0	0	0
-9	2	-6	0	0	0	0	0	0
-9	2	-5	0	0	0	0	0	0
-9	2	-4	0	0	0	0	0	0
-9	2	-3	0	0	0	0	0	0
-9	2	-2	0	0	0	0	0	0
-9	2	-1	0	0	0	0	0	0
-9	2	0	0	0	0	0	0	0
-9	2	1	0	0	0	0	0	0
-9	2	2	0	0	0	0	0	0
-9	2	3	0	0	0	0	0	0
-9	2	4	0	0	0	0	0	0
-9	2	5	0	0	0	0	0	0
-9	2	6	0	0	0	0	0	0
-9	2	7	0	0	0	0	0	0
-9	2	8	0	0	0	0	0	0
-9	2	9	0	0	0	0	0	0
-9	2	10	0	0	0	0	0	0
-9	2	11	0	0	0	0	0	0
-9	2	12	0	0	0	0	0	0
-9	3	-12	0	0	0	0	0	0
-9	3	-11	0	0	0	0	0	0
-9	3	-10	0	0	0	0	0	0
-9	3	-9	0	0	0	0	0	0
-9	3	-8	0	0	0	0	0	0
-9	3	-7	0	0	0	0	0	0
-9	3	-6	0	0	0	0	0	0
-9	3	-5	0	0	0	0	0	0
-9	3	-4	0	0	0	0	0	0
-9	3	-3	0	0	0	0	0	0
-9	3	-2	0	0	0	0	0	0
-9	3	-1	0	0	0	0	0	0
-9	3	0	0	0	0	0	0	0
-9	3	1	0	0	0	0	0	0
-9	3	2	0	0	0	0	0	0
-9	3	3	0	0	0	0	0	0
-9	3	4	0	0	0	0	0	0
-9	3	5	0	0	0	0	0	0
-9	3	6	0	0	0	0	0	0
-9	3	7	0	0	0	0	0	0
-9	3	8	0	0	0	0	0	0
-9	3	9	0	0	0	0	0	0
-9	3	10	0	0	0	0	0	0
-9	3	11	0	0	0	0	0	0
-9	3	12	0	0	0	0	0	0
-9	4	-12	0	0	0	0	0	0
-9	4	-11	0	0	0	0	0	0
-9	4	-10	0	0	0	0	0	0
-9	4	-9	0	0	0	0	0	0
-9	4	-8	0	0	0	0	0	0
-9	4	-7	0	0	0	0	0	0
-9	4	-6	0	0	0	0	0	0
-9	4	-5	0	0	0	0	0	0
-9	4	-4	0	0	0	0	0	0
-9	4	-3	0	0	0	0	0	0
-9	4	-2	0	0	0	0	0	0
-9	4	-1	0	0	0	0	0	0
-9	4	0	0	0	0	0	0	0
-9	4	1	0	0	0	0	0	0
-9	4	2	0	0	0	0	0	0
-9	4	3	0	0	0	0	0	0
-9	4	4	0	0	0	0	0	0
-9	4	5	0	0	0	0	0	0
-9	4	6	0	0	0	0	0	0
-9	4	7	0	0	0	0	0	0
-9	4	8	0	0	0	0	0	0
-9	4	9	0	0	0	0	0	0
-9	4	10	0	0	0	0	0	0
-9	4	11	0	0	0	0	0	0
-9	4	12	0	0	0	0	0	0
-9	5	-12	0	0	0	0	0	0
-9	5	-11	0	0	0	0	0	0
-9	5	-10	0	0	0	0	0	0
-9	5	-9	0	0	0	0	0	0
-9	5	-8	0	0	0	0	0	0
-9	5	-7	0	0	0	0	0	0
-9	5	-6	0	0	0	0	0	0
-9	5	-5	0	0	0	0	0	0
-9	5	-4	0	0	0	0	0	0
-9	5	-3	0	0	0	0	0	0
-9	5	-2	0	0	0	0	0	0
-9	5	-1	0	0	0	0	0	0
-9	5	0	0	0	0	0	0	0
-9	5	1	0	0	0	0	0	0
-9	5	2	0	0	0	0	0	0
-9	5	3	0	0	0	0	0	0
-9	5	4	0	0	0	0	0	0
-9	5	5	0	0	0	0	0	0
-9	5	6	0	0	0	0	0	0
-9	5	7	0	0	0	0	0	0
-9	5	8	0	0	0	0	0	0
-9	5	9	0	0	0	0	0	0
-9	5	10	0	0	0	0	0	0
-9	5	11	0	0	0	0	0	0
-9	5	12	0	0	0	0	0	0
-9	6	-12	0	0	0	0	0	0
-9	6	-11	0	0	0	0	0	0
-9	6	-10	0	0	0	0	0	0
-9	6	-9	0	0	0	0	0	0
-9	6	-8	0	0	0	0	0	0
-9	6	-7	0	0	0	0	0	0
-9	6	-6	0	0	0	0	0	0
-9	6	-5	0	0	0	0	0	0
-9	6	-4	0	0	0	0	0	0
-9	6	-3	0	0	0	0	0	0
-9	6	-2	0	0	0	0	0	0
-9	6	-1	0	0	0	0	0	0
-9	6	0	0	0	0	0	0	0
-9	6	1	0	0	0	0	0	0
-9	6	2	0	0	0	0	0	0
-9	6	3	0	0	0	0	0	0
-9	6	4	0	0	0	0	0	0
-9	6	5	0	0	0	0	0	0
-9	6	6	0	0	0	0	0	0
-9	6	7	0	0	0	0	0	0
-9	6	8	0	0	0	0	0	0
-9	6	9	0	0	0	0	0	0
-9	6	10	0	0	0	0	0	0
-9	6	11	0	0	0	0	0	0
-9	6	12	0	0	0	0	0	0
-9	7	-12	0	0	0	0	0	0
-9	7	-11	0	0	0	0	0	0
-9	7	-10	0	0	0	0	0	0
-9	7	-9	0	0	0	0	0	0
-9	7	-8	0	0	0	0	0	0
-9	7	-7	0	0	0	0	0	0
-9	7	-6	0	0	0	0	0	0
-9	7	-5	0	0	0	0	0	0
-9	7	-4	0	0	0	0	0	0
-9	7	-3	0	0	0	0	0	0
-9	7	-2	0	0	0	0	0	0
-9	7	-1	0	0	0	0	0	0
-9	7	0	0	0	0	0	0	0
-9	7	1	0	0	0	0	0	0
-9	7	2	0	0	0	0	0	0
-9	7	3	0	0	0	0	0	0
-9	7	4	0	0	0	0	0	0
-9	7	5	0	0	0	0	0	0
-9	7	6	0	0	0	0	0	0
-9	7	7	0	0	0	0	0	0
-9	7	8	0	0	0	0	0	0
-9	7	9	0	0	0	0	0	0
-9	7	10	0	0	0	0	0	0
-9	7	11	0	0	0	0	0	0
-9	7	12	0	0	0	0	0	0
-9	8	-12	0	0	0	0	0	0
-9	8	-11	0	0	0	0	0	0
-9	8	-10	0	0	0	0	0	0
-9	8	-9	0	0	0	0	0	0
-9	8	-8	0	0	0	0	0	0
-9	8	-7	0	0	0	0	0	0
-9	8	-6	0	0	0	0	0	0
-9	8	-5	0	0	0	0	0	0
-9	8	-4	0	0	0	0	0	0
-9	8	-3	0	0	0	0	0	0
-9	8	-2	0	0	0	0	0	0
-9	8	-1	0	0	0	0	0	0
-9	8	0	0	0	0	0	0	0
-9	8	1	0	0	0	0	0	0
-9	8	2	0	0	0	0	0	0
-9	8	3	0	0	0	0	0	0
-9	8	4	0	0	0	0	0	0
-9	8	5	0	0	0	0	0	0
-9	8	6	0	0	0	0	0	0
-9	8	7	0	0	0	0	0	0
-9	8	8	0	0	0	0	0	0
-9	8	9	0	0	0	0	0	0
-9	8	10	0	0	0	0	0	0
-9	8	11	0	0	0	0	0	0
-9	8	12	0	0	0	0	0	0
-9	9	-12	0	0	0	0	0	0
-9	9	-11	0	0	0	0	0	0
-9	9	-10	0	0	0	0	0	0
-9	9	-9	0	0	0	0	0	0
-9	9	-8	0	0	0	0	0	0
-9	9	-7	0	0	0	0	0	0
-9	9	-6	0	0	0	0	0	0
-9	9	-5	0	0	0	0	0	0
-9	9	-4	0	0	0	0	0	0
-9	9	-3	0	0	0	0	0	0
-9	9	-2	0	0	0	0	0	0
-9	9	-1	0	0	0	0	0	0
-9	9	0	0	0	0	0	0	0
-9	9	1	0	0	0	0	0	0
-9	9	2	0	0	0	0	0	0
-9	9	3	0	0	0	0	0	0
-9	9	4	0	0	0	0	0	0
-9	9	5	0	0	0	0	0	0
-9	9	6	0	0	0	0	0	0
-9	9	7	0	0	0	0	0	0
-9	9	8	0	0	0	0	0	0
-9	9	9	0	0	0	0	0	0
-9	9	10	0	0	0	0	0	0
-9	9	11	0	0	0	0	0	0
-9	9	12	0	0	0	0	0	0
-9	10	-12	0	0	0	0	0	0
-9	10	-11	0	0	0	0	0	0
-9	10	-10	0	0	0	0	0	0
-9	10	-9	0	0	0	0	0	0
-9	10	-8	0	0	0	0	0	0
-9	10	-7	0	0	0	0	0	0
-9	10	-6	0	0	0	0	0	0
-9	10	-5	0	0	0	0	0	0
-9	10	-4	0	0	0	0	0	0
-9	10	-3	0	0	0	0	0	0
-9	10	-2	0	0	0	0	0	0
-9	10	-1	0	0	0	0	0	0
-9	10	0	0	0	0	0	0	0
-9	10	1	0	0	0	0	0	0
-9	10	2	0	0	0	0	0	0
-9	10	3	0	0	0	0	0	0
-9	10	4	0	0	0	0	0	0
-9	10	5	0	0	0	0	0	0
-9	10	6	0	0	0	0	0	0
-9	10	7	0	0	0	0	0	0
-9	10	8	0	0	0	0	0	0
-9	10	9	0	0	0	0	0	0
-9	10	10	0	0	0	0	0	0
-9	10	11	0	0	0	0	0	0
-9	10	12	0	0	0	0	0	0
-9	11	-12	0	0	0	0	0	0
-9	11	-11	0	0	0	0	0	0
-9	11	-10	0	0	0	0	0	0
-9	11	-9	0	0	0	0	0	0
-9	11	-8	0	0	0	0	0	0
-9	11	-7	0	0	0	0	0	0
-9	11	-6	0	0	0	0	0	0
-9	11	-5	0	0	0	0	0	0
-9	11	-4	0	0	0	0	0	0
-9	11	-3	0	0	0	0	0	0
-9	11	-2	0	0	0	0	0	0
-9	11	-1	0	0	0	0	0	0
-9	11	0	0	0	0	0	0	0
-9	11	1	0	0	0	0	0	0
-9	11	2	0	0	0	0	0	0
-9	11	3	0	0	0	0	0	0
-9	11	4	0	0	0	0	0	0
-9	11	5	0	0	0	0	0	0
-9	11	6	0	0	0	0	0	0
-9	11	7	0	0	0	0	0	0
-9	11	8	0	0	0	0	0	0
-9	11	9	0	0	0	0	0	0
-9	11	10	0	0	0	0	0	0
-9	11	11	0	0	0	0	0	0
-9	11	12	0	0	0	0	0	0
-9	12	-12	0	0	0	0	0	0
-9	12	-11	0	0	0	0	0	0
-9	12	-10	0	0	0	0	0	0
-9	12	-9	0	0	0	0	0	0
-9	12	-8	0	0	0	0	0	0
-9	12	-7	0	0	0	0	0	0
-9	12	-6	0	0	0	0	0	0
-9	12	-5	0	0	0	0	0	0
-9	12	-4	0	0	0	0	0	0
-9	12	-3	0	0	0	0	0	0
-9	12	-2	0	0	0	0	0	0
-9	12	-1	0	0	0	0	0	0
-9	12	0	0	0	0	0	0	0
-9	12	1	0	0	0	0	0	0
-9	12	2	0	0	0	0	0	0
-9	12	3	0	0	0	0	0	0
-9	12	4	0	0	0	0	0	0
-9	12	5	0	0	0	0	0	0
-9	12	6	0	0	0	0	0	0
-9	12	7	0	0	0	0	0	0
-9	12	8	0	0	0	0	0	0
-9	12	9	0	0	0	0	0	0
-9	12	10	0	0	0	0	0	0
-9	12	11	0	0	0	0	0	0
-9	12	12	0	0	0	0	0	0
-8	-12	-12	0	0	0	0	0	0
-8	-12	-11	0	0	0	0	0	0
-8	-12	-10	0	0	0	0	0	0
-8	-12	-9	0	0	0	0	0	0
-8	-12	-8	0	0	0	0	0	0
-8	-12	-7	0	0	0	0	0	0
-8	-12	-6	0	0	0	0	0	0
-8	-12	-5	0	0	0	0	0	0
-8	-12	-4	0	0	0	0	0	0
-8	-12	-3	0	0	0	0	0	0
-8	-12	-2	0	0	0	0	0	0
-8	-12	-1	0	0	0	0	0	0
-8	-12	0	0	0	0	0	0	0
-8	-12	1	0	0	0	0	0	0
-8	-12	2	0	0	0	0	0	0
-8	-12	3	0	0	0	0	0	0
-8	-12	4	0	0	0	0	0	0
-8	-12	5	0	0	0	0	0	0
-8	-12	6	0	0	0	0	0	0
-8	-12	7	0	0	0	0	0	0
-8	-12	8	0	0	0	0	0	0
-8	-12	9	0	0	0	0	0	0
-8	-12	10	0	0	0	0	0	0
-8	-12	11	0	0	0	0	0	0
-8	-12	12	0	0	0	0	0	0
-8	-11	-12	0	0	0	0	0	0
-8	-11	-11	0	0	0	0	0	0
-8	-11	-10	0	0	0	0	0	0
-8	-11	-9	0	0	0	0	0	0
-8	-11	-8	0	0	0	0	0	0
-8	-11	-7	0	0	0	0	0	0
-8	-11	-6	0	0	0	0	0	0
-8	-11	-5	0	0	0	0	0	0
-8	-11	-4	0	0	0	0	0	0
-8	-11	-3	0	0	0	0	0	0
-8	-11	-2	0	0	0	0	0	0
-8	-11	-1	0	0	0	0	0	0
-8	-11	0	0	0	0	0	0	0
-8	-11	1	0	0	0	0	0	0
-8	-11	2	0	0	0	0	0	0
-8	-11	3	0	0	0	0	0	0
-8	-11	4	0	0	0	0	0	0
-8	-11	5	0	0	0	0	0	0
-8	-11	6	0	0	0	0	0	0
-8	-11	7	0	0	0	0	0	0
-8	-11	8	0	0	0	0	0	0
-8	-11	9	0	0	0	0	0	0
-8	-11	10	0	0	0	0	0	0
-8	-11	11	0	0	0	0	0	0
-8	-11	12	0	0	0	0	0	0
-8	-10	-12	0	0	0	0	0	0
-8	-10	-11	0	0	0	0	0	0
-8	-10	-10	0	0	0	0	0	0
-8	-10	-9	0	0	0	0	0	0
-8	-10	-8	0	0	0	0	0	0
-8	-10	-7	0	0	0	0	0	0
-8	-10	-6	0	0	0	0	0	0
-8	-10	-5	0	0	0	0	0	0
-8	-10	-4	0	0	0	0	0	0
-8	-10	-3	0	0	0	0	0	0
-8	-10	-2	0	0	0	0	0	0
-8	-10	-1	0	0	0	0	0	0
-8	-10	0	0	0	0	0	0	0
-8	-10	1	0	0	0	0	0	0
-8	-10	2	0	0	0	0	0	0
-8	-10	3	0	0	0	0	0	0
-8	-10	4	0	0	0	0	0	0
-8	-10	5	0	0	0	0	0	0
-8	-10	6	0	0	0	0	0	0
-8	-10	7	0	0	0	0	0	0
-8	-10	8	0	0	0	0	0	0
-8	-10	9	0	0	0	0	0	0
-8	-10	10	0	0	0	0	0	0
-8	-10	11	0	0	0	0	0	0
-8	-10	12	0	0	0	0	0	0
-8	-9	-12	0	0	0	0	0	0
-8	-9	-11	0	0	0	0	0	0
-8	-9	-10	0	0	0	0	0	0
-8	-9	-9	0	0	0	0	0	0
-8	-9	-8	0	0	0	0	0	0
-8	-9	-7	0	0	0	0	0	0
-8	-9	-6	0	0	0	0	0	0
-8	-9	-5	0	0	0	0	0	0
-8	-9	-4	0	0	0	0	0	0
-8	-9	-3	0	0	0	0	0	0
-8	-9	-2	0	0	0	0	0	0
-8	-9	-1	0	0	0	0	0	0
-8	-9	0	0	0	0	0	0	0
-8	-9	1	0	0	0	0	0	0
-8	-9	2	0	0	0	0	0	0
-8	-9	3	0	0	0	0	0	0
-8	-9	4	0	0	0	0	0	0
-8	-9	5	0	0	0	0	0	0
-8	-9	6	0	0	0	0	0	0
-8	-9	7	0	0	0	0	0	0
-8	-9	8	0	0	0	0	0	0
-8	-9	9	0	0	0	0	0	0
-8	-9	10	0	0	0	0	0	0
-8	-9	11	0	0	0	0	0	0
-8	-9	12	0	0	0	0	0	0
-8	-8	-12	0	0	0	0	0	0
-8	-8	-11	0	0	0	0	0	0
-8	-8	-10	0	0	0	0	0	0
-8	-8	-9	0	0	0	0	0	0
-8	-8	-8	-3.0162580518140162469e-06	9.7355993997702126202e-06	2.8538956790097895842e-06	-5.373860277621569848e-06	1.6236237280422676852e-07	-4.3617391221486419251e-06
-8	-8	-7	-6.0311801430736194726e-06	1.3390041990382103951e-05	4.7024778765067697307e-06	-1.1491591992635876926e-05	1.5185168760764000075e-06	-2.1696571402814031011e-06
-8	-8	-6	-1.291879640300952283e-05	2.1441355117174117734e-05	3.0780882828723154692e-06	-1.5741365957640822599e-05	1.3120944160182943148e-05	-7.5999855460443946429e-06
-8	-8	-5	-1.9711356385098460316e-06	-8.9793941944156465443e-06	5.6248501763978884615e-06	2.0091823641303873234e-06	-5.8459432606208675491e-06	1.115233892845641577e-05
-8	-8	-4	1.3988728987797614304e-05	-1.656062984694825206e-05	-8.7050283121240622496e-06	1.3731568630297597277e-05	-1.0567401351347104109e-05	5.6581224333013087203e-06
-8	-8	-3	1.307816125057770721e-05	3.3990845229888107641e-06	-7.6185599298238428886e-06	-5.9028786390610320795e-06	-1.4558936855343638755e-05	6.6767843095259235076e-06
-8	-8	-2	8.2317810801060284977e-07	1.2000661101524640737e-05	1.8074853744552966686e-06	-1.3255472559184306385e-05	-1.052265392986359765e-05	5.0192458306386600529e-06
-8	-8	-1	-2.6587703821077017086e-06	1.0770784554096360106e-05	2.9841699088162104277e-07	-1.0535614520422719123e-05	1.8882827129808648292e-05	-1.8813602693891397238e-06
-8	-8	0	-1.5731764481976321616e-05	6.4059316399452227456e-06	1.5731764481976321616e-05	-6.4059316399452227456e-06	1.3456939417018155315e-05	1.3130653094416356308e-05
-8	-8	1	-4.4064326582176005986e-06	1.4857172481094575722e-05	5.1884020885416759904e-06	-1.4629887593672520962e-05	6.2557554425926048281e-06	1.8182790993764452786e-06
-8	-8	2	-1.295457735984674173e-05	-1.5728376518031033374e-05	1.2892296187399780957e-05	2.1852649325342785649e-05	-2.4912468978784293258e-07	2.449709122924700571e-05
-8	-8	3	-1.2830915701516215588e-07	-1.0899406002296027591e-05	2.6312069210491591607e-06	1.9163339019477619175e-06	6.6743940374239919423e-06	-2.3954858934262041796e-05
-8	-8	4	8.8636469697868001759e-06	-1.5698070415537148097e-05	-9.7592375293865991388e-06	1.6673858902912911707e-05	-1.7911811191995983493e-06	1.9515769747515310322e-06
-8	-8	5	1.0622371526122362785e-05	1.1590978631958182891e-05	-2.9660276473355484808e-07	5.8940757010809389523e-06	1.6521230018222093461e-05	2.7976086932862595627e-05
-8	-8	6	-6.9959586120141842219e-06	-5.3630967972863310992e-07	3.2861564867881420262e-06	8.0485927111395374908e-06	-4.9464028336347234922e-06	1.0016377375214538328e-05
-8	-8	7	5.9130114195416978907e-06	4.0627568618376058812e-06	-2.6129022774130154942e-06	-7.8770967067631337536e-07	3.7715533052899227993e-06	3.742911075612905237e-06
-8	-8	8	-8.057273092326470358e-06	5.5295086834138522584e-06	1.1156728411847409969e-05	-2.8726021163106551371e-06	3.0994553195209400346e-06	2.6569065671031971213e-06
-8	-8	9	0	0	0	0	0	0
-8	-8	10	0	0	0	0	0	0
-8	-8	11	0	0	0	0	0	0
-8	-8	12	0	0	0	0	0	0
-8	-7	-12	0	0	0	0	0	0
-8	-7	-11	0	0	0	0	0	0
-8	-7	-10	0	0	0	0	0	0
-8	-7	-9	0	0	0	0	0	0
-8	-7	-8	1.909832008978715713e-05	-1.9330593736823710939e-06	-1.2005811395917234444e-05	2.40847962518336611e-06	-8.5932351183595763564e-06	-1.7436029835307433179e-07
-8	-7	-7	-1.0225649128306102775e-05	5.9345856711400620973e-06	9.8259128965648638278e-06	-1.1708760966617645934e-05	1.8605432500706823515e-06	4.9263773424575732713e-06
-8	-7	-6	1.6131014123903911949e-05	-1.4525909141909664401e-05	-3.9988531962404684156e-06	-5.872926126976489476e-06	-1.6842690102924667329e-05	2.6219626004018788422e-05
-8	-7	-5	-4.8707543476732460415e-06	-6.0181325979876654119e-06	-6.7791643359531104224e-06	3.442015168145899521e-06	1.7284037026611546225e-05	4.810190921376004398e-06
-8	-7	-4	-4.1121633858034402324e-06	-8.2836856360234746463e-06	-8.8243886671962382931e-06	5.0591692697184609696e-06	2.3667006939200298325e-05	7.7138250500396409018e-06
-8	-7	-3	-1.5852576691287443065e-05	-8.5818902736529111251e-07	1.8478781045847370663e-05	3.1432536098959031496e-06	-8.436179302106876814e-07	-5.0457543501163304843e-06
-8	-7	-2	2.3782100456693375744e-06	-4.36351735923368855e-06	2.7790665585558368083e-06	4.1676182206778975613e-06	-1.9239573137622779974e-05	2.8674056645621118882e-06
-8	-7	-1	-8.7604179200729301818e-06	2.8854956979706833514e-06	8.5437411571658144756e-06	-1.9188273659568607292e-06	1.0277155260422741819e-05	-9.6521740220674421304e-06
-8	-7	0	-1.382987753662231952e-05	-1.4268013347969523913e-05	1.5805574327568364682e-05	1.6306300969108026845e-05	8.5171019962418696107e-06	-6.3179155365612844008e-06
-8	-7	1	2.5658426434838386239e-06	3.039811889999690655e-05	-2.4861046850354950829e-06	-3.8473792957373309195e-05	3.1240083526222451044e-06	-2.613159950163792213e-05
-8	-7	2	1.1063929186841678701e-05	3.3956214560563535808e-06	-1.2314311865212185289e-05	-4.0634442839155754298e-06	1.1556252191240612103e-06	-6.3956916947909788102e-07
-8	-7	3	-1.8558246201014646287e-06	-1.644816853353631798e-05	2.3924348588568256901e-06	1.1970672216207884351e-05	6.3348235039535356121e-07	-1.5930214251611784463e-05
-8	-7	4	-4.0838776976150516619e-06	4.0532587616508834348e-06	8.9690332970810906924e-06	-3.657634419849557058e-06	7.5280528746618036938e-06	1.7056572885650426533e-06
-8	-7	5	6.8907322632460236635e-07	-2.9402240428775833061e-06	6.9252234564034855792e-06	-9.5221507027287991871e-06	1.0797830001084243428e-05	-1.8035369452424453168e-05
-8	-7	6	6.5856579463130193562e-06	4.2401791784243992252e-06	-1.3121414171829310593e-06	-1.351444822677704089e-05	7.2500456083706060274e-06	-1.0113284026674014275e-05
-8	-7	7	-4.8782211641928722111e-06	-5.3788684665599074492e-06	2.5427743799515643841e-06	-5.0738474951929732104e-06	-3.0323355219831462303e-06	-1.1221125742690011263e-05
-8	-7	8	-6.1638021069098785374e-06	2.9491193273155445229e-06	7.3743573885142075242e-06	1.0760740964496311433e-05	2.8876060804005294041e-07	1.2364767671249817874e-05
-8	-7	9	0	0	0	0	0	0
-8	-7	10	0	0	0	0	0	0
-8	-7	11	0	0	0	0	0	0
-8	-7	12	0	0	0	0	0	0
-8	-6	-12	0	0	0	0	0	0
-8	-6	-11	0	0	0	0	0	0
-8	-6	-10	0	0	0	0	0	0
-8	-6	-9	0	0	0	0	0	0
-8	-6	-8	1.3176926190701378353e-06	1.0937760933493309627e-05	-3.9904925077018677879e-06	-9.539020142032205113e-06	1.6751767617062627938e-06	-3.7834958269691553691e-06
-8	-6	-7	-4.1578596329159040628e-06	7.8140031250977165441e-06	4.5920728319776063159e-06	-9.5405355934953001992e-06	8.1577715306594226826e-07	-7.526873485442774981e-07
-8	-6	-6	-4.9968156818867602573e-06	-8.7233587026935494112e-06	-1.7379590152158143877e-05	-1.067247625446613868e-05	2.4042011061340490887e-05	2.2303621191390870664e-05
-8	-6	-5	-7.7890229233256025586e-06	2.0321328272959878706e-05	1.1340392042516368669e-05	-3.63071158819472026e-05	-1.1460337736986773772e-06	1.1054413821600838207e-05
-8	-6	-4	-3.7560002235353610116e-06	-6.6883588671623611451e-06	1.9145694214706320343e-06	1.3108203210274024179e-05	4.6401463148647739717e-06	-6.2855870810863148253e-06
-8	-6	-3	9.422011457529436368e-06	1.8278245003529200409e-05	-1.671357186577484145e-05	-1.733926525662385365e-05	8.3017798448045203817e-06	-1.4063456162830159326e-05
-8	-6	-2	2.1869203197214284334e-06	-9.773334058065934497e-06	-2.1467998133774958929e-06	1.9373714950346083183e-05	-2.3072818387532264787e-06	-1.902780861877451156e-05
-8	-6	-1	-4.9696618823040378615e-06	2.412425835471510832e-06	7.9175695832585717365e-06	-1.4167770544399389576e-05	-7.7481224411191292214e-06	6.5707216582624244027e-05
-8	-6	0	7.1993474728523905207e-06	-4.8543888114625661966e-06	-9.5991299638031884903e-06	6.4725184152834221602e-06	7.5102737193596010295e-06	7.826921944954154194e-06
-8	-6	1	1.9693946840536560752e-05	2.0735592394684109e-05	-2.6021105793192386523e-05	-2.5958517602697639046e-05	1.4249399651381507877e-06	1.0133633541287047889e-05
-8	-6	2	2.2334836251101829787e-05	5.7071979176133714239e-06	-3.1461822452537561588e-05	-1.0664720517920434631e-05	-5.0461223532053715453e-06	-9.1653698833078181985e-06
-8	-6	3	4.1572450758318777424e-06	-4.443642244494011253e-06	-3.1469553440260474361e-06	-1.8361370546001861951e-06	4.7920761808329135701e-06	-1.5521986761184402822e-05
-8	-6	4	2.2512694299149054301e-05	-1.1656325406738845391e-05	-2.8448846247480625123e-05	1.7776067037827231551e-05	2.3521192270771709183e-06	3.3514497432631548506e-06
-8	-6	5	2.0200505636438595864e-05	-1.7457172597803042218e-06	-2.5813500135667409889e-05	3.4028075327366807098e-06	1.3446088555008574077e-06	1.2902214236355301393e-06
-8	-6	6	-5.9391318906642223575e-07	-2.5097770247967394461e-05	4.4385799843181451246e-06	2.118313358055342162e-05	3.6466957322295822848e-06	-1.2280560083403103762e-05
-8	-6	7	1.0416891904732886382e-05	5.6334670026690000517e-06	-1.6182862200727787425e-05	-1.5367165688049899621e-05	-1.9660054237862348086e-06	-6.7336083009924856929e-06
-8	-6	8	-6.1225720889723531811e-06	6.0616326704024455171e-06	1.7016647120095666112e-05	-1.2135107556110386986e-05	6.6399132510993972496e-06	-3.0396979966803447226e-06
-8	-6	9	0	0	0	0	0	0
-8	-6	10	0	0	0	0	0	0
-8	-6	11	0	0	0	0	0	0
-8	-6	12	0	0	0	0	0	0
-8	-5	-12	0	0	0	0	0	0
-8	-5	-11	0	0	0	0	0	0
-8	-5	-10	0	0	0	0	0	0
-8	-5	-9	0	0	0	0	0	0
-8	-5	-8	5.0206408941963915279e-06	-6.7004875338812370231e-06	-1.8902781326990939517e-05	1.520883296991719907e-05	6.7935974351729452468e-06	-2.8050330723170117601e-06
-8	-5	-7	-1.1972671372646938003e-05	7.6424074888386658904e-06	-1.0929362044455092465e-06	-7.3363497938874246219e-06	1.4463721714771865442e-05	-3.4939301344674579582e-06
-8	-5	-6	1.656280329936683245e-05	-1.0239430586924939173e-05	-1.9771775832170277923e-05	2.6773774442235135957e-05	-5.6072578723472099702e-06	-8.6589045859626955295e-06
-8	-5	-5	-7.2454142528418327389e-06	8.6072946686781238654e-06	1.2645638815220245062e-05	-5.6576838307112214371e-06	-1.0529760106733131883e-06	-8.1139876391737775945e-06
-8	-5	-4	-1.4407262733283801272e-05	-8.4392340003430880578e-07	7.7553919323736095681e-06	-5.1998929949441263939e-06	1.9120285551100590584e-05	8.1877130437487758157e-06
-8	-5	-3	-4.1863579931028092979e-06	1.501703765056240315e-05	7.3353468780413537368e-06	-3.4346452786714303917e-05	-1.0619568151280975356e-06	1.7198654243024102646e-05
-8	-5	-2	-3.1015042001527947735e-05	-1.6783245773065901293e-06	3.7764051795201367242e-05	1.038482616123726537e-05	2.9650038518108372834e-05	-1.9248767093866802908e-05
-8	-5	-1	-4.0968998061794177144e-06	-2.2015781672647777539e-05	-5.1968515244884450172e-06	3.4416204791251546967e-05	5.8759456071877567648e-05	4.045229424924489711e-06
-8	-5	0	-2.2245860872981669102e-06	-4.6208783650963163953e-06	3.5593377396770670563e-06	7.393405384154106063e-06	3.5490124835219674254e-06	-5.6353269616615402871e-06
-8	-5	1	-2.3443939452041677918e-05	1.2318423094976284883e-05	4.0995126921555476195e-05	-1.095137127315965741e-05	1.7424118991443964411e-05	4.3790528394011988622e-05
-8	-5	2	1.6404344105399791092e-05	2.5208959018287746149e-05	-2.0737805949997635595e-05	-2.6195310318865539873e-05	1.3772861546605066912e-05	3.534756027598713661e-05
-8	-5	3	-2.3005442532894000625e-05	1.1190513883807509026e-05	2.9738407203277277647e-05	-1.8154777692739277001e-05	-1.1783834748921873385e-05	-4.1659246441210015501e-07
-8	-5	4	1.791782305025105905e-05	-2.1065767042358363181e-05	8.3531914671955913271e-06	1.9550324196252740161e-05	4.6277135434496609377e-05	-1.7693628839400803702e-05
-8	-5	5	1.0335197982013174161e-05	-7.5633326807405914361e-06	-3.1649645681524443176e-05	3.0949791571386743951e-05	-1.5113328910303367228e-05	1.8848459282201798331e-05
-8	-5	6	1.2180459308798985725e-05	-5.9347225691727533575e-06	-3.5864474004793587267e-05	-1.3089376653146647978e-05	-1.3646449258929343451e-05	-1.8820777303185876945e-05
-8	-5	7	1.0934333467346411941e-05	-1.3340353079284543718e-05	3.911870715159046895e-06	1.5114451322369926509e-05	1.5290574473509504529e-05	-4.4500811460609592373e-06
-8	-5	8	-2.1980785829691049126e-05	-3.6710991815124627525e-06	2.3457837224953250491e-06	1.8383775309175662109e-05	-2.0514671003131469912e-05	7.818760386722325642e-06
-8	-5	9	0	0	0	0	0	0
-8	-5	10	0	0	0	0	0	0
-8	-5	11	0	0	0	0	0	0
-8	-5	12	0	0	0	0	0	0
-8	-4	-12	0	0	0	0	0	0
-8	-4	-11	0	0	0	0	0	0
-8	-4	-10	0	0	0	0	0	0
-8	-4	-9	0	0	0	0	0	0
-8	-4	-8	-6.9641245902914924133e-06	-1.5654977871889693677e-05	-2.6484548255276655882e-06	7.1147159019067595883e-06	8.2883520030553245721e-06	1.2097619920936312189e-05
-8	-4	-7	8.2931549731570810923e-06	4.8182324128429986692e-06	-1.9274448376049520721e-05	-2.1417834969129775035e-05	1.5360791027059189517e-06	6.7322115105393009357e-06
-8	-4	-6	1.5569474478705931371e-05	-2.3221857933587636876e-05	-8.7089103392909423515e-06	2.6582247600307709368e-05	-1.4953359078747278566e-05	1.3240978844578376821e-05
-8	-4	-5	-2.3388370163535945542e-05	8.4873604087764503246e-06	1.1729453493033771899e-05	-2.6781301988803690842e-05	2.8037829467230492638e-05	7.8452649370006338482e-06
-8	-4	-4	8.1831791435205975666e-06	1.0350065510520101787e-05	-1.3325343076789776176e-05	1.074841417991695907e-05	-3.041015210251420228e-06	-3.1448545200957162644e-05
-8	-4	-3	2.4714617346568535829e-06	2.0299898211100491773e-05	-5.4893839702603614033e-06	-4.9187237764728175559e-05	7.2861400126220557932e-07	1.1449921790036255453e-05
-8	-4	-2	1.3956540203762850952e-05	1.5637254420107792587e-06	-1.1957253313715978532e-05	-1.1148798002912575555e-05	-3.1911654187619446744e-05	1.6042694237782034923e-05
-8	-4	-1	7.9095612092411797598e-06	-1.2103895178328876147e-05	-2.127164549079423847e-05	1.8549716577770226466e-05	2.1810092289247515803e-05	2.2632295115550093149e-05
-8	-4	0	1.4609470277832406506e-05	-6.2597815617883116523e-06	-2.9218940555664813012e-05	1.2519563123576623305e-05	-8.7014274947625221661e-06	3.2555578725407781425e-05
-8	-4	1	-2.7570000957483435024e-07	-1.0336428815100128469e-05	6.118091921390480224e-06	1.9398822199834680921e-05	2.2266767608963246094e-05	-5.0961417214623040651e-06
-8	-4	2	-3.7933617095581488471e-06	2.4391145375608761821e-06	-1.2391268373178537389e-05	7.6122918476158705781e-06	-3.9955983584589670166e-05	2.4981041845475245885e-05
-8	-4	3	-3.8078560373290257956e-06	-2.8580656732486390002e-07	-1.6633938801938031953e-05	-8.2288693546781215596e-06	-3.2332867835461440208e-05	-1.1733976652437133609e-05
-8	-4	4	7.5509030922094303622e-06	-9.4815857429145361151e-07	-9.0587384494324977858e-06	-5.3132787700073745671e-06	6.0430677349863629386e-06	-7.2095959185902813666e-06
-8	-4	5	-6.6400931142522425697e-06	-9.0126098625779097189e-06	3.5617306925027271847e-05	-2.9957112186794375264e-06	1.7869696557218230722e-05	-1.68167447550682032e-05
-8	-4	6	-1.5155518464985821045e-05	3.0152625799578850495e-06	-8.7224458565192583266e-06	-5.7488998652521997864e-06	-2.6022321857660599148e-05	1.8775019644237973191e-07
-8	-4	7	-6.7404946908159503268e-06	6.2185394358545679987e-06	-8.2168012196665566092e-06	-3.434148373308889944e-05	-1.2398737486456261293e-05	-1.2516802777931293638e-05
-8	-4	8	7.7184364471945162952e-06	1.2763975483667935667e-05	-8.3688502916907187636e-06	1.7340299651311393372e-05	3.5340113013491569134e-06	2.1434125309323632353e-05
-8	-4	9	0	0	0	0	0	0
-8	-4	10	0	0	0	0	0	0
-8	-4	11	0	0	0	0	0	0
-8	-4	12	0	0	0	0	0	0
-8	-3	-12	0	0	0	0	0	0
-8	-3	-11	0	0	0	0	0	0
-8	-3	-10	0	0	0	0	0	0
-8	-3	-9	0	0	0	0	0	0
-8	-3	-8	1.7498604400742706363e-06	2.4857026521474803628e-06	8.0580012741735239514e-06	7.2055487483135310418e-06	-4.7716109178893421181e-06	-5.1877834327650542917e-06
-8	-3	-7	-1.3800893176922234326e-05	-2.5980457988878191233e-06	-1.4715466522865273244e-05	1.2267448276476161962e-05	2.2079077854853386116e-05	-2.2882826340465619033e-06
-8	-3	-6	-1.4740731973553663088e-05	-6.8955290886900404127e-06	8.5181850236654312178e-06	1.7491070965429750366e-06	1.5395216786238836304e-05	8.3194852366485671418e-06
-8	-3	-5	-9.9536751642179019758e-06	-7.2074188406610104984e-06	-2.2823629791662270144e-05	6.0469526470190215477e-06	2.9620058137746005248e-05	7.9036985568462050548e-06
-8	-3	-4	2.7901950053731034991e-05	1.6540601574452877673e-05	-2.9093012303651743795e-05	-3.6547947449358105204e-05	-3.3984140879723263829e-05	-5.6702425618871772891e-06
-8	-3	-3	2.8038597529974446795e-07	-3.0732767492083943655e-06	-1.3871849918306662273e-05	3.5457695011110704653e-05	1.312415398417401064e-05	-2.7262290346554982957e-05
-8	-3	-2	3.2537156085523185776e-06	1.1692310577473611263e-05	4.1952756672576880906e-07	-1.8512531834621896102e-05	-1.3644153784297928398e-05	-1.9000444557961604288e-05
-8	-3	-1	7.855898030880051439e-06	-1.0356656691193104881e-06	-9.7886802837338910798e-06	-1.6101722601966961447e-05	-3.3481143395838741661e-05	5.6590493158855371633e-05
-8	-3	0	-1.1317897916949905255e-05	2.8223615245520580096e-06	3.0181061111866416271e-05	-7.5262973988054888727e-06	4.6002053334873902423e-05	3.260296873584204308e-05
-8	-3	1	-1.4537677845853232118e-05	1.5740120904674711604e-05	3.5599094371121474932e-05	-4.115168654274161536e-05	-9.5041396534614338388e-06	2.4659076091728636935e-06
-8	-3	2	-5.2252341661491481247e-06	-9.0571127792113880292e-06	2.5096287393372929201e-05	1.8156330542750146947e-05	1.6743494425462802997e-05	-8.9939553027203300014e-06
-8	-3	3	-8.649871521099574125e-06	-7.1748719623562536943e-08	7.2039575188971682236e-06	-9.3180105203891350061e-06	-1.5862366537368363624e-05	-9.5093404393853021595e-06
-8	-3	4	5.0313057591360256965e-06	-5.5077285273516741532e-06	1.0684727265635863048e-05	-7.8323778174234657206e-06	1.8076156967498946561e-05	-1.6889740417770948867e-05
-8	-3	5	9.9103446839792245035e-06	2.2184805836252177979e-05	1.5458978033227399513e-06	-9.108439455569134548e-06	1.6784090176360404786e-05	3.0030625664662002005e-05
-8	-3	6	2.1270922916834333739e-07	1.6724297864953735374e-05	-5.0611259812334565046e-06	-2.9470674212283242533e-05	-2.2469506850589373829e-06	7.5637267137966945416e-06
-8	-3	7	-2.2631025420369504703e-05	-5.4716132285420743727e-06	9.3254958847977371229e-06	1.1672657191615944038e-05	-2.1867387958366115374e-05	-1.2507048933555376433e-06
-8	-3	8	6.5992466002268200878e-06	1.3605861532211086797e-05	-1.2852367229705347624e-05	-1.4555915905360893039e-05	1.7796088890873147289e-06	8.1473930677007516958e-06
-8	-3	9	0	0	0	0	0	0
-8	-3	10	0	0	0	0	0	0
-8	-3	11	0	0	0	0	0	0
-8	-3	12	0	0	0	0	0	0
-8	-2	-12	0	0	0	0	0	0
-8	-2	-11	0	0	0	0	0	0
-8	-2	-10	0	0	0	0	0	0
-8	-2	-9	0	0	0	0	0	0
-8	-2	-8	7.6470730149592755715e-06	-1.4290554654674596588e-05	-2.2920207971826769128e-05	1.8639182064250359579e-05	-1.9170210220025832895e-06	9.6307591386120058462e-06
-8	-2	-7	-9.0925253197496739465e-06	-2.316237892336644533e-06	3.1084415704719910525e-05	-2.0330208312537358816e-05	1.5101958783653672779e-06	8.4557599662525541399e-06
-8	-2	-6	2.6864883115648355345e-06	-9.8682627916840615285e-06	1.8168381351476857725e-06	-1.4752108008789721009e-05	-4.187597127135675829e-06	1.8075053058508655708e-05
-8	-2	-5	7.3052929331445970495e-07	-5.5961327471469915327e-06	1.8603724067708661246e-05	2.9656998193409152159e-06	-8.6103364963866008732e-06	7.7675324676988207048e-06
-8	-2	-4	7.7046839379398717514e-06	-2.4545234234095085746e-06	-3.0600151816836456285e-06	2.4161238311433844102e-05	-1.3879360285037921959e-05	-7.1715723088979057485e-06
-8	-2	-3	-1.3253942742254761779e-06	5.1395043779634836517e-07	1.9279425400795840219e-05	-1.1960084742174609046e-05	-9.3185655359292909032e-06	6.6028553273261434409e-06
-8	-2	-2	1.6217203085882265704e-05	-3.9335768040769174169e-06	-1.4259365725726265827e-05	1.4417955575314379834e-05	-5.060944661780280207e-05	1.3163516409932896216e-06
-8	-2	-1	-1.1935039638222239505e-05	8.7809730182796509276e-06	2.1647672867100271974e-05	-4.465540428090100471e-05	5.2184971371577372088e-05	1.9063024415564795223e-05
-8	-2	0	-7.1663718456750716504e-06	5.0196819068620387636e-06	2.8665487382700286602e-05	-2.0078727627448155054e-05	2.7123818549506023074e-07	-4.2181205723372969751e-05
-8	-2	1	-9.4019650173043241e-06	-2.1748499776933712631e-06	3.5329410137761419841e-05	1.7006725447155847955e-05	-4.5568998629117607406e-06	1.6614651072764725806e-05
-8	-2	2	9.5994198655471615851e-06	-8.3763016426179617645e-06	2.2214501924868100639e-05	3.447334395415795462e-05	6.0612181387056750367e-05	9.6813738368610184416e-07
-8	-2	3	-1.7532756569597228089e-05	1.1290575700858785843e-05	3.0600216243977949784e-05	3.7134666826260693151e-05	-2.6353873356273978436e-05	5.4864646419797222091e-05
-8	-2	4	2.1548071263394356559e-05	2.3240081253166119387e-05	2.0211684869274454797e-05	-1.0729168930392051176e-05	5.3201984961425938822e-05	4.1115578041136212339e-05
-8	-2	5	-4.2266946996148485675e-06	3.3081939006777509582e-05	-1.180035452764402671e-05	-2.6293802111968496909e-05	-1.1482853330441367376e-05	4.2413581566056619279e-05
-8	-2	6	-2.3092819874276203989e-06	1.5568311110113735717e-05	9.2408104358277692506e-06	-4.2858240718819425182e-05	1.2274953724287443499e-09	6.4716679072118395109e-06
-8	-2	7	1.6400135490448029287e-05	-4.4321338440622609891e-06	-3.854641291054577168e-06	7.0924355348182435672e-06	1.7641685905925009971e-05	-3.0388856689802283801e-06
-8	-2	8	1.3822334117868928092e-06	1.3094745575768745088e-05	2.4865217831814278561e-06	-1.4577397353639981253e-05	2.0038638575822496674e-06	9.4503962373587497745e-06
-8	-2	9	0	0	0	0	0	0
-8	-2	10	0	0	0	0	0	0
-8	-2	11	0	0	0	0	0	0
-8	-2	12	0	0	0	0	0	0
-8	-1	-12	0	0	0	0	0	0
-8	-1	-11	0	0	0	0	0	0
-8	-1	-10	0	0	0	0	0	0
-8	-1	-9	0	0	0	0	0	0
-8	-1	-8	1.2414941133896426352e-05	5.6364185696609710031e-06	-1.5739268531610775662e-05	-3.582250221028108263e-05	-1.0447532567445079818e-05	-1.1586057933758356743e-06
-8	-1	-7	1.1570154701429339499e-05	-1.2001241712521233668e-05	-5.4855947585282481628e-06	-7.3211006723021967784e-06	-1.2439377550415209569e-05	1.4761576338924579422e-05
-8	-1	-6	2.4635328411683264306e-06	-1.3757254630031050046e-05	1.3027066279796925376e-05	6.5759576919611309971e-06	-5.4558881681905891878e-06	1.7247013224714545884e-05
-8	-1	-5	1.0131776214262504438e-05	-2.1203838907935439429e-06	-3.3161061486280845917e-05	3.2049436188910482195e-05	-9.5786296455638392732e-06	-3.0172730125124259609e-06
-8	-1	-4	2.0558888008479370163e-05	-1.0791369276120472295e-05	-3.1234994356130264576e-05	7.0734539297111148363e-06	-3.3309027427926177569e-05	1.9814375069813166516e-05
-8	-1	-3	-1.3933116028895774365e-05	1.1966241692037181283e-05	2.8540678137368634632e-05	-3.1988074085028767252e-05	2.7641416697932522355e-05	-2.124728648375622767e-05
-8	-1	-2	-2.634966748744416016e-06	-1.2448899817922433293e-05	-3.7649168072568346081e-05	3.4926930096513029251e-05	2.9364451031261837104e-05	3.2332134223433218545e-05
-8	-1	-1	1.0037551962975963495e-05	8.1725293256025407704e-06	-4.762952482052225351e-05	-3.9875104707543586628e-05	-3.267089088328544767e-05	-2.5505129897276736147e-05
-8	-1	0	5.7795861843044033071e-08	-5.0027485315772999094e-06	-4.6236689474435226457e-07	4.0021988252618399275e-05	3.4532041895429554052e-06	-2.6565243832048031814e-05
-8	-1	1	-2.8418508082479927373e-06	-2.5884494357613770937e-06	-2.1680369478528219499e-05	1.3498147051226068105e-05	-4.4415175944512161397e-05	-7.2094484348649486445e-06
-8	-1	2	9.0964379184785200037e-07	-1.7103760403883809505e-05	8.5822348443103650982e-06	3.9022165765042683596e-05	7.9296925895465909741e-06	-4.890395873301389961e-05
-8	-1	3	-1.7445790106134533617e-05	-1.932315264073092089e-05	3.6734182879904434676e-05	3.7123471470543863376e-05	-3.4277379323057282604e-05	-3.9153916551767834581e-05
-8	-1	4	-1.2494483817400169314e-05	-5.0720122008123106244e-06	3.1865665912684816519e-06	-9.4420746101634153111e-06	-2.4192325986983217686e-05	-1.2504543054165476347e-05
-8	-1	5	-6.2861179878855602082e-06	-7.0447833331160167024e-06	-7.5462032792630016038e-06	-1.8542426064006541016e-05	-1.1567029436469496823e-05	-1.4980138545786934588e-05
-8	-1	6	1.5503901368231471871e-05	-2.966679946417833944e-06	1.1313711307685315964e-05	2.3121101311850501337e-05	2.2557487042256183234e-05	-1.0205637658202833824e-07
-8	-1	7	-1.2238830246895151467e-05	-3.7796033790411372846e-06	-4.5374400211937640555e-06	-3.6532007698726356147e-05	-1.4635440285193569059e-05	-9.5384049615793499059e-06
-8	-1	8	3.6652000097015139611e-06	-1.5578770052864456441e-05	8.0195961602100250938e-06	-1.1260970902496550151e-05	4.667649529727766886e-06	-1.6986391415676525634e-05
-8	-1	9	0	0	0	0	0	0
-8	-1	10	0	0	0	0	0	0
-8	-1	11	0	0	0	0	0	0
-8	-1	12	0	0	0	0	0	0
-8	0	-12	0	0	0	0	0	0
-8	0	-11	0	0	0	0	0	0
-8	0	-10	0	0	0	0	0	0
-8	0	-9	0	0	0	0	0	0
-8	0	-8	1.3673423801664095505e-05	1.1635682557527833215e-05	-4.4250042561761313611e-06	-1.3256001724543641962e-06	-1.3673423801664095505e-05	-1.1635682557527833215e-05
-8	0	-7	-1.9871323702985845149e-06	-9.6924271053210112037e-06	-6.6810611293468805301e-06	-4.4060598841963742175e-06	2.2710084231983824237e-06	1.1077059548938299487e-05
-8	0	-6	-7.121726088531761901e-06	8.7543261171272416703e-07	4.8203754720717127821e-06	-1.7720204177730047943e-05	9.495634784709015868e-06	-1.1672434822836321521e-06
-8	0	-5	-2.8115819645257682908e-06	-2.4487765351048540681e-06	6.3091739815418105969e-06	-1.3613192187724407233e-06	4.4985311432412292652e-06	3.9180424561677661702e-06
-8	0	-4	-2.9175773363153696113e-06	-7.1768851036059823153e-06	-4.3377715876886891941e-05	1.6903578234303890711e-05	5.8351546726307392226e-06	1.4353770207211964631e-05
-8	0	-3	-2.2907927282009946022e-06	-9.5810976350927209337e-06	4.4689681589439421297e-05	6.4196427768601302692e-06	6.1087806085359861705e-06	2.5549593693580590286e-05
-8	0	-2	4.8055668217947566345e-06	-1.606248670604101567e-05	-3.3024781972822771789e-05	2.9042572746080330497e-05	-1.9222267287179026538e-05	6.4249946824164062679e-05
-8	0	-1	-3.0607529334662800237e-06	-4.7186250169648359872e-07	-2.3875313854711890948e-05	4.6211665097555922944e-05	2.448602346773024019e-05	3.7749000135718687898e-06
-8	0	0	0	0	-5.3955464881865439306e-05	3.9113357033933555745e-05	2.9046069282999536772e-05	-6.1316330024621021582e-06
-8	0	1	-4.6004330359158091766e-06	-1.8907626494606087863e-06	3.9910229225057056082e-05	3.1360195616742332278e-05	-3.6803464287326473413e-05	-1.512610119568487029e-05
-8	0	2	7.6809900780139375346e-06	1.4083378398190586129e-05	2.105859502930340628e-06	2.1333336618368152715e-05	3.0723960312055750138e-05	5.6333513592762344516e-05
-8	0	3	-2.4737269013280831685e-06	7.9787664495558191085e-06	9.4071335591048111979e-07	-5.5902799913938843178e-06	-6.5966050702082223474e-06	2.1276710532148852085e-05
-8	0	4	2.679356324278801409e-05	-1.0482416936177385032e-05	8.8804749973473442554e-06	2.6931622860578621878e-05	5.3587126485576028179e-05	-2.0964833872354770065e-05
-8	0	5	5.0134991745586310552e-06	1.466819607366065527e-05	4.1460229171456957275e-05	1.5876125960409022539e-05	8.0215986792938090107e-06	2.346911371785704911e-05
-8	0	6	4.8815664459711022286e-06	-3.4535513442830148402e-06	2.2297958718073442172e-05	-4.3762274336338411184e-06	6.5087552612948026891e-06	-4.6047351257106864536e-06
-8	0	7	4.6831425664139582723e-06	1.0618129193279491596e-05	-6.1863127922333721769e-06	6.0676826582637905522e-06	5.3521629330445237398e-06	1.2135004792319418966e-05
-8	0	8	-1.2497629684686982784e-06	-5.3793516837800274213e-06	4.0690130767529037898e-06	-5.5353929331937817252e-06	-1.2497629684686982784e-06	-5.3793516837800274213e-06
-8	0	9	0	0	0	0	0	0
-8	0	10	0	0	0	0	0	0
-8	0	11	0	0	0	0	0	0
-8	0	12	0	0	0	0	0	0
-8	1	-12	0	0	0	0	0	0
-8	1	-11	0	0	0	0	0	0
-8	1	-10	0	0	0	0	0	0
-8	1	-9	0	0	0	0	0	0
-8	1	-8	-5.8328219928480439082e-06	8.1491049682745994614e-06	5.0323488125560412491e-06	-1.3441143792109855491e-05	6.461865594417549382e-06	-9.829247942288330339e-06
-8	1	-7	2.0509334414342313954e-05	-6.4434949776852302826e-06	1.4136620472146431703e-05	2.0630688653188999226e-05	-2.1419722120370298101e-05	1.0311235496381549026e-05
-8	1	-6	-9.0438508603985069505e-06	-7.5725039561762866965e-07	-1.3616607606847534449e-05	-1.7193974628254512133e-05	9.7890332127234199101e-06	-1.8559952438855802508e-06
-8	1	-5	5.9403765660328020158e-06	1.6476278290659826737e-05	-3.4972193627894476318e-05	1.7320614969101223198e-05	-1.6499041231231379844e-05	-2.2897922271235477461e-05
-8	1	-4	-1.5010441164896604839e-05	9.5300364223727309267e-07	1.6601618660504153517e-06	-5.1084224520042749332e-05	3.0435922796305812298e-05	-1.4677063414485233095e-05
-8	1	-3	2.6240676111791697368e-07	2.8370138156175593731e-06	4.344208278429668573e-05	3.962183337812808198e-05	1.378094289845111707e-05	5.6419076177292023318e-06
-8	1	-2	-1.7448532091172754428e-05	-1.6292222210752686546e-05	-9.1978473044110521271e-05	-7.1501850413823228982e-05	2.3804891842635760463e-05	2.9417963636099128303e-05
-8	1	-1	-6.6228736966252983812e-06	2.4918452606551806997e-07	-2.869665210005118401e-05	3.4629653225136833804e-05	2.4286337472951199652e-05	3.2636177016612689245e-05
-8	1	0	3.4013433718352420782e-06	3.4012676126028377778e-06	2.7210746974681936626e-05	2.7210140900822702223e-05	-8.8835492037750220408e-06	5.8943955872844226853e-06
-8	1	1	-7.2770947143478910987e-06	4.9580271475226380835e-06	-3.9040959743564839282e-05	9.0368591429807769628e-06	-1.9175797971218289507e-05	3.0627358037200327705e-05
-8	1	2	6.9249105278631656831e-06	5.0816534874082041579e-06	3.3250692396895605127e-05	3.8738615804366389745e-05	1.1074295913004860169e-05	9.5730604744962091186e-07
-8	1	3	1.4001549811878103878e-05	4.3162724061789294991e-06	1.2702026343149998579e-05	-1.2854372180002597426e-05	3.3103457383958274658e-05	1.5794850476478011704e-05
-8	1	4	-1.714435953259687095e-05	-5.4538506112043874446e-06	-5.5704453624226561357e-05	-3.8391328151154855081e-05	-2.0362605659137106642e-05	-1.3098691846200617542e-06
-8	1	5	-8.1583035924281546112e-06	-2.739664957726419735e-06	9.4354746558798086579e-06	1.6929204639097002259e-05	-1.4940380679061010126e-05	-7.7693048601816713501e-06
-8	1	6	-6.9032089572437392569e-06	-4.0740979047091000967e-06	2.356057515196267535e-05	-2.5086543307738337383e-05	-1.3131041134985431003e-05	-1.2510399883224107768e-06
-8	1	7	1.0284373045558882189e-06	7.5070603339244192339e-06	-1.5138942825690554448e-05	7.704462328833595853e-06	3.3380630374482370503e-06	7.4788600489373940026e-06
-8	1	8	1.4784107827726617214e-05	-1.4037909699966221092e-05	9.4301674290145844786e-06	-1.6410100626084498483e-05	1.3605336899099793307e-05	-1.1986647121705657935e-05
-8	1	9	0	0	0	0	0	0
-8	1	10	0	0	0	0	0	0
-8	1	11	0	0	0	0	0	0
-8	1	12	0	0	0	0	0	0
-8	2	-12	0	0	0	0	0	0
-8	2	-11	0	0	0	0	0	0
-8	2	-10	0	0	0	0	0	0
-8	2	-9	0	0	0	0	0	0
-8	2	-8	-3.5816630841776442716e-06	2.5615013103687950167e-06	-2.8476807615935890965e-07	-3.6681766999324292786e-06	3.510471065137804703e-06	-3.4785454853519023363e-06
-8	2	-7	-1.7982614418599384223e-05	-1.2694660797088092876e-05	-3.0078224725321602397e-05	3.8795390884799785432e-05	1.1957780842593125352e-05	2.5592581163757758156e-05
-8	2	-6	2.8788587492493668491e-05	1.7422566500348347262e-05	6.6693137634773580046e-06	-3.484018245655225919e-05	-3.6161678735499107578e-05	-3.484348281931521382e-05
-8	2	-5	2.3361457213842699079e-05	-3.5572943186499388088e-07	-5.2593837044142695858e-06	3.2316952276835974742e-07	-3.9482085023914028732e-05	6.9843490009133410838e-07
-8	2	-4	-4.8150082421117428066e-06	3.5048061475539962357e-06	-4.5627227156772804718e-05	1.9822311098926897311e-05	-1.318359709416291844e-05	2.9015432543554561839e-06
-8	2	-3	6.3875656590261431339e-07	5.0458758445288648021e-06	3.5245112816891053889e-06	1.1793353400517366848e-05	6.4632334538576531769e-07	-5.5934333183987285226e-06
-8	2	-2	1.0761402290843389483e-05	3.9866474864306621162e-07	3.1703207906976152594e-06	9.2485048998093549445e-06	-3.987528837267594479e-05	7.6538459052370898863e-06
-8	2	-1	-4.226492197951102451e-06	-5.2261032030585737084e-06	-3.4254057899488000495e-05	-1.5426539066122260381e-05	-3.4696178215367181382e-05	1.0955747492224068905e-05
-8	2	0	-2.5496679358516312379e-06	8.8075921652791215176e-06	-1.0198671743406524952e-05	3.5230368661116486071e-05	1.5107862829259607514e-06	2.761620065479261448e-05
-8	2	1	1.5790461319157326022e-05	-7.7070698236343918757e-06	2.526060067577807095e-05	-4.4595561291565650997e-05	7.5802489201702466276e-05	2.7534563994056173765e-05
-8	2	2	1.0785891928355821476e-05	-7.4298696805141946613e-06	4.1557691077219662695e-05	-4.186789147086916762e-05	1.5858766362036246923e-06	1.2148412748812390668e-05
-8	2	3	1.2540284722528355734e-05	9.5049156627357917935e-06	-3.3610659208805243907e-05	7.4777650356278167035e-06	5.5847865399279108969e-05	2.0361265076876902008e-05
-8	2	4	9.0169851519839357569e-06	1.9049055504346544711e-05	-1.0057421511435881719e-05	-1.6366068225061720888e-05	2.3062681059685810679e-05	4.6281145121223949866e-05
-8	2	5	-1.1337048102020269756e-05	2.2186055221007038154e-05	-2.7175446081931148897e-05	1.8257164638144576801e-05	-7.2690985304599727284e-06	2.8194822498353426938e-05
-8	2	6	2.1505340990891378078e-05	-2.7507781322238505087e-05	3.3262103799722460133e-05	-1.5420108607724343567e-06	1.7586420054614349597e-05	-3.6163038142727196107e-05
-8	2	7	-5.3104932327827374618e-06	1.1711853712231518095e-05	5.0920394068551235118e-06	1.9687963889744621569e-05	-7.5240035251388781025e-06	7.7598431311947011998e-06
-8	2	8	-4.9823764922574825548e-06	-4.4779684014700619783e-06	-1.5003390040376748054e-05	2.4546338388247617227e-05	-1.2315289821632955414e-06	-1.0614552998531966285e-05
-8	2	9	0	0	0	0	0	0
-8	2	10	0	0	0	0	0	0
-8	2	11	0	0	0	0	0	0
-8	2	12	0	0	0	0	0	0
-8	3	-12	0	0	0	0	0	0
-8	3	-11	0	0	0	0	0	0
-8	3	-10	0	0	0	0	0	0
-8	3	-9	0	0	0	0	0	0
-8	3	-8	6.3098109905664054035e-06	5.961096145668066189e-06	-3.1329688318487171896e-07	1.8395192392574286652e-05	-6.4272973217607323444e-06	9.3710100154729225847e-07
-8	3	-7	1.0070751971798087726e-05	1.243082920166535878e-05	4.5934131955072190435e-06	-1.005824715511637953e-05	-9.5408251696947215154e-06	-1.8517339296953142424e-05
-8	3	-6	-9.1301788686578755127e-06	-2.2749841030023207258e-06	-6.0373395560405632558e-06	-1.2374233013525873464e-06	9.1549020468568850166e-06	2.4146004866601338553e-06
-8	3	-5	7.3001813647495950987e-06	2.7880501436833987627e-05	9.1067662582497840775e-06	6.8042048837089462871e-06	-6.2162304286494817114e-06	-4.0526279368709011415e-05
-8	3	-4	1.1552140783738539177e-05	-8.2526097515321923778e-06	3.3228560767543905579e-05	-2.6265967243123970509e-05	1.8171390081808518899e-06	-3.1942559292785918558e-06
-8	3	-3	-8.9137472046834205036e-06	-2.5869474685867597846e-05	-6.5825937548915397472e-06	-4.3491800646912241008e-05	1.7187398790930911259e-05	2.5493465182068017656e-05
-8	3	-2	9.0822415717239609375e-06	5.3907173659279382553e-06	3.0002850824900372987e-05	7.9413551068087592235e-06	8.6753099504547140364e-06	-9.6508368034986141861e-06
-8	3	-1	-2.9221331456331311679e-05	6.4321552455036747775e-06	-5.7140554847360309121e-05	1.2404186380460375012e-05	6.2348987108569572848e-05	-1.4244682822648273185e-05
-8	3	0	-2.6824108198477498573e-06	1.4224056951855505092e-05	-7.1530955195939993372e-06	3.793081853828134917e-05	-8.6082830601401341724e-06	2.4888385606270909192e-05
-8	3	1	-1.0931345928657851111e-05	4.5603146090907173746e-06	-2.8950608000595202073e-05	3.1209833257585199396e-06	-5.9894342747719695403e-07	2.7119566895450177908e-05
-8	3	2	3.5560975679106625869e-07	1.8670475146819292254e-05	1.8056559238855139681e-05	2.0479617467590883746e-05	-2.5662399831118445757e-05	4.3962474385890850173e-05
-8	3	3	1.2914866632574094246e-05	-1.2401884956076945175e-05	2.5738204858870711707e-05	-2.2119050245058638764e-05	8.7014394946602085406e-06	-1.0952642971146547805e-05
-8	3	4	-1.0201545607974801539e-05	1.2699863781730715801e-05	-2.9321866717561523416e-05	-2.3733774836589808811e-05	1.5883088222215382129e-06	4.3200058690903787363e-05
-8	3	5	1.7287133197841251186e-05	-1.6470941388474663635e-05	5.9392170351896717389e-06	-1.8962774754866812918e-06	2.4095882895432198007e-05	-2.5215739736267451474e-05
-8	3	6	1.4056094985707967396e-06	-7.3382580022364700181e-06	-3.3967091746041259752e-06	-9.5257023133617359467e-06	3.5725005853964584287e-06	-5.0214928463010912037e-06
-8	3	7	-2.501463839635633333e-06	-5.3987450353024073535e-06	9.6041685438749200394e-06	3.0077683243423420251e-06	-6.9748880498156894193e-06	-7.4590378936351834366e-06
-8	3	8	-1.3265692298242201988e-05	3.9452578510987995559e-07	-2.0667918578867336525e-06	1.219542164744798092e-05	-1.2490645351534677027e-05	-4.1787573326831129424e-06
-8	3	9	0	0	0	0	0	0
-8	3	10	0	0	0	0	0	0
-8	3	11	0	0	0	0	0	0
-8	3	12	0	0	0	0	0	0
-8	4	-12	0	0	0	0	0	0
-8	4	-11	0	0	0	0	0	0
-8	4	-10	0	0	0	0	0	0
-8	4	-9	0	0	0	0	0	0
-8	4	-8	-1.9198862587658024344e-06	-8.7702623690785664245e-06	1.8651097767920368298e-05	-4.6904118203449570414e-07	1.1245435142725986583e-05	8.5357417780613201077e-06
-8	4	-7	-3.7036537004853693365e-06	7.2040162075646920928e-07	-4.6438014915635165351e-06	3.804193404075613506e-06	1.5791462339469840486e-06	1.3505086643215285306e-06
-8	4	-6	-3.6333166525688325354e-05	-4.5435642269398995613e-06	-3.2060195931647433724e-05	7.2670105550110786707e-06	2.7070758079819475731e-05	1.0902759339260586325e-05
-8	4	-5	-4.0551374406296180242e-06	1.3033466356818067125e-05	-5.306136099442589627e-07	7.0203649204057689753e-06	6.0637290170519821768e-06	-1.5237254234584290526e-05
-8	4	-4	-6.6015578870083630203e-07	4.7516223719085930839e-06	-1.2071092438989954748e-05	-1.6120078935055718217e-05	-1.0750780861588282567e-05	-2.5623323678872904385e-05
-8	4	-3	-5.4081560971076414089e-06	-1.2396246271590571518e-05	-1.0624041204627621151e-05	-2.4419680398191158816e-05	2.5636131945021428465e-07	4.9708285998664774319e-07
-8	4	-2	-3.7091851805264547151e-06	1.5580600434284984281e-05	-1.5021737838985316089e-05	2.0734629606118215838e-05	-1.5206734955864813317e-05	-2.0853142524903505448e-05
-8	4	-1	-2.5849254415322931648e-06	-9.8904477934165778316e-06	-1.324751476725938404e-05	-2.0270018922847725536e-05	-3.2310655536779190841e-05	-1.9564933440582727158e-06
-8	4	0	-1.3188435939859672206e-05	-7.6685005752007209801e-06	-2.6376871879719344412e-05	-1.533700115040144196e-05	3.249294993607900286e-05	-3.6326658402988810514e-05
-8	4	1	6.3733989725408999056e-06	6.4014812361396542884e-06	2.1829820629026904264e-05	1.0026745745106607453e-06	-3.6332090735780411036e-05	4.7201151591074590479e-05
-8	4	2	2.1473936723929435536e-06	7.7677676080645343862e-06	4.3532873519105780597e-06	9.4683281190070893294e-06	-1.1700001424938175946e-07	1.2134414194243958886e-05
-8	4	3	2.7602351492088378569e-06	-1.9693682310321821278e-05	-4.1571382920604128965e-06	-1.316076010727282643e-05	1.2903478120637450351e-05	-3.4968806017827752577e-05
-8	4	4	-1.8186373941109683437e-05	-7.5645156945805899722e-06	-1.1722528106086180615e-05	8.7747278530361201901e-06	-2.4650219776133187953e-05	-2.3903759242197301828e-05
-8	4	5	-1.1758507931116657849e-05	-8.6957136310214913687e-06	-2.5408156233600480341e-05	-2.1914574703741528673e-06	1.5129122970937328583e-06	-1.215997583333506288e-05
-8	4	6	-7.2946662200514619941e-06	1.0647956721866773448e-05	-1.8830464250268139374e-05	1.0343835526674954268e-05	2.8274212067768099749e-06	7.3013852780390628818e-06
-8	4	7	1.3582608782296199027e-05	1.2994865361770389919e-05	-1.1433121805633683206e-05	1.3118869687322712487e-05	2.2056193925843475974e-05	7.3547777349817537403e-06
-8	4	8	1.3785341579449791562e-05	1.380038830025201724e-05	1.5037175520284428506e-05	8.4037481290408448783e-06	6.2667538193075773096e-06	9.5985142357315948009e-06
-8	4	9	0	0	0	0	0	0
-8	4	10	0	0	0	0	0	0
-8	4	11	0	0	0	0	0	0
-8	4	12	0	0	0	0	0	0
-8	5	-12	0	0	0	0	0	0
-8	5	-11	0	0	0	0	0	0
-8	5	-10	0	0	0	0	0	0
-8	5	-9	0	0	0	0	0	0
-8	5	-8	-4.2496983837333423927e-07	-1.4402897854735984639e-06	2.2039773508812177881e-05	2.0700156803107334886e-05	1.4199828281380945838e-05	1.4377887787415682979e-05
-8	5	-7	-9.3507251243591531681e-06	-6.0995105553079388978e-06	1.0849350150086406312e-05	-1.5524256296825890612e-05	1.8436078820757894811e-05	-4.1178852916665633672e-06
-8	5	-6	-9.501064011790364295e-06	1.668545876049460336e-06	9.6372828935428495739e-06	-1.6470634329102745332e-06	2.0699154427006195964e-05	-3.5972806954911759982e-06
-8	5	-5	2.1094442218982897501e-06	-1.4169781013272515804e-05	6.7166898996572995702e-06	-1.0570879189849151887e-05	3.3415791446200353771e-06	1.2100770431386872382e-05
-8	5	-4	5.2898744452227911624e-06	-1.1895489842739503036e-05	2.4478111950999690985e-05	-1.2725847133981745034e-05	2.0017891048304031407e-05	7.8836707680018239318e-06
-8	5	-3	4.9035790839831557825e-06	4.6958105640451898368e-06	1.4656162310590227206e-05	9.9448506834939144399e-06	1.1350726293695295461e-05	4.0525896350360181175e-06
-8	5	-2	-7.6168422813281778597e-06	-6.4715219850378439732e-06	-5.0821921015213753086e-06	2.1946136316794484565e-06	1.7761888871509272744e-05	3.1372622019349998728e-05
-8	5	-1	1.0469695442911910256e-06	1.1373053712044233138e-05	-1.9818206515069229476e-08	2.5310086669184714129e-05	-8.4748473869048745999e-06	3.5566003649569698762e-05
-8	5	0	-1.6592132886303611336e-05	-2.1124986015432401805e-05	-2.6547412618085778138e-05	-3.3799977624691838823e-05	1.7717027957345182478e-05	-2.610960103797368398e-05
-8	5	1	7.8080647736704298083e-06	6.7914166417651820491e-06	1.1781108485102091107e-05	1.4233522050613253034e-05	3.5589757638529880116e-06	-1.6836277118944808779e-05
-8	5	2	7.5836956146036544325e-06	-1.7314467984504576574e-05	6.8178029987248461616e-06	-2.3976473419518192881e-05	1.3290274961602504443e-05	-9.3166883892228190126e-06
-8	5	3	-4.283885529339927128e-06	1.0266324843792757493e-05	-4.0059662221344401471e-06	2.7375560326616166041e-06	-4.7470843746824054293e-06	2.2814272862344659679e-05
-8	5	4	6.0705099734657065646e-06	-1.6391155745048283159e-05	1.4606497248652689717e-05	-2.8874311433617459185e-05	-6.1171016138844490172e-06	3.3105778019252610518e-06
-8	5	5	1.5769531200715678523e-05	5.0204890364416388256e-06	1.988490485648563598e-05	5.3296413597908411761e-06	5.3463450646594532143e-06	2.703141098515780606e-06
-8	5	6	-4.7755813266981286686e-06	-1.5325923739328477593e-05	-1.2127328635154307937e-05	-1.3692088494384389199e-05	3.7386654270310847734e-06	-9.0244912404509816667e-06
-8	5	7	7.6429952376082923785e-07	-1.2763637805560478199e-05	-5.922240361942587584e-06	-4.2768338845587282996e-06	5.1036568571142245461e-06	-1.1532133288812884532e-05
-8	5	8	4.5242456979833407566e-06	7.5474723647481929554e-06	3.8991196750925637365e-06	8.5829372161321218124e-06	2.0872959010504879977e-06	2.1831366046656163991e-06
-8	5	9	0	0	0	0	0	0
-8	5	10	0	0	0	0	0	0
-8	5	11	0	0	0	0	0	0
-8	5	12	0	0	0	0	0	0
-8	6	-12	0	0	0	0	0	0
-8	6	-11	0	0	0	0	0	0
-8	6	-10	0	0	0	0	0	0
-8	6	-9	0	0	0	0	0	0
-8	6	-8	-5.3777308411447288672e-06	6.5706440235509012903e-06	-6.9410556643786332811e-07	1.294098078844182047e-05	4.8571516663163317152e-06	3.1350915677804644861e-06
-8	6	-7	8.0034556998551289179e-06	1.2481085784942276635e-05	2.515032947636630298e-05	1.863839294687984167e-05	1.2410618751336683065e-05	1.7116673431058332435e-06
-8	6	-6	9.0613312267893978053e-06	5.8414949660416692035e-07	-6.1218790822843522709e-06	-9.0944611566085491677e-06	-1.8203654051336885501e-05	-9.873327152080772434e-06
-8	6	-5	1.0672435291682285774e-05	6.6061962302972059058e-07	1.0652422928512965713e-06	-1.0182321240229334888e-05	-1.5797605715270100844e-05	-1.3275776885122755319e-05
-8	6	-4	1.9645210777426199019e-05	1.1230597420924626304e-05	7.5562935481579604949e-06	1.3872673241686299118e-05	-2.795598123261546026e-05	-1.6521849793198030835e-06
-8	6	-3	-2.0768058160863351144e-05	-3.1850357609184612401e-06	-1.8130328949561916319e-05	5.3143179664447653973e-06	1.9120830529845106005e-05	1.9122064628672094666e-05
-8	6	-2	-2.0278278247966999775e-05	1.7819086534571180425e-06	-3.684053610251041336e-05	3.0594376180975025646e-06	-2.9408495315663240981e-05	2.0506782404640355237e-06
-8	6	-1	1.9679237266328946789e-06	2.4589447980200103465e-05	-4.8177517917406352228e-07	3.5273911541793773823e-05	-1.8634040888107537506e-05	1.4927885409161806748e-05
-8	6	0	2.1319707687484721194e-06	1.8058747466254370366e-05	2.8426276916646293513e-06	2.4078329955005828284e-05	1.2676910794854738087e-05	-4.7783747477682976811e-06
-8	6	1	2.7761380206862367057e-06	5.4620188499929636444e-06	2.5016110149198801539e-06	2.447068800515071149e-06	7.1994380759706110281e-06	2.9013737996853283108e-05
-8	6	2	-7.7946624304663970646e-06	1.1596894017167331026e-05	-1.6135791922840021925e-05	1.0701453366328604291e-05	1.7228726046654470739e-05	1.4283215969683507845e-05
-8	6	3	-6.9486782783003244672e-07	-1.4241302510999666932e-05	5.7503745092356994099e-06	-1.7014576750779300226e-05	-1.3353729892684819525e-05	-3.9476531944405102387e-06
-8	6	4	-5.3279411020898571425e-06	3.3498453349962517877e-06	1.6581024620049158502e-06	-2.8353670834107858609e-05	-1.3143035897187087848e-05	4.9230196921154290642e-05
-8	6	5	-1.0698643144323726842e-05	-3.6796036603914681708e-06	-2.661508850418944924e-05	-2.0073131088021930786e-06	1.4820277174109375463e-05	-3.4785901260637180565e-06
-8	6	6	2.0407220985804209751e-06	1.8674154419722361351e-05	-9.7797183256669071807e-06	1.8697336323959998613e-05	1.2500681123774134583e-05	6.2015362356698193453e-06
-8	6	7	-3.3932963524495729869e-06	-1.3483916621921688129e-06	-2.1656639494626877863e-06	-6.4302473176105052232e-06	-2.0217695889743509648e-06	3.9706215154465252288e-06
-8	6	8	-7.1584660143490579462e-06	7.9533102546359098531e-06	-6.5310230494276998522e-06	8.3392477285412642667e-06	-2.2601987272782826335e-06	1.6988744582299605943e-06
-8	6	9	0	0	0	0	0	0
-8	6	10	0	0	0	0	0	0
-8	6	11	0	0	0	0	0	0
-8	6	12	0	0	0	0	0	0
-8	7	-12	0	0	0	0	0	0
-8	7	-11	0	0	0	0	0	0
-8	7	-10	0	0	0	0	0	0
-8	7	-9	0	0	0	0	0	0
-8	7	-8	1.185597734346590385e-05	-4.8495445898079753817e-07	2.1627912153637359675e-05	-2.6687924815836293224e-06	7.0684457909667841721e-06	-1.8502389624048781189e-06
-8	7	-7	-1.1621890332697762591e-05	1.5527834468960289617e-05	-8.1115310260740779727e-06	1.38166237940825007e-05	5.1706293541519361755e-06	-3.9294727418721147949e-06
-8	7	-6	8.0497742175158256556e-06	-1.5235831022968440693e-05	1.3236771870635288974e-05	-1.6145863971507423272e-05	4.7098682257200684664e-06	1.4776000638659291536e-06
-8	7	-5	1.4991202181143225973e-06	-1.1832719204854331841e-05	1.0148400379291105638e-05	-7.9906614707685144665e-06	1.1809168182024630382e-05	7.7454246686910117089e-06
-8	7	-4	2.2302588912488969402e-06	-6.7755632868079974267e-06	-3.7193877805952751167e-07	-3.7216540173700211979e-07	-5.1114106441019666288e-06	1.2899837120576240442e-05
-8	7	-3	-2.481188183800607996e-06	-2.6046235420993396766e-06	-3.7285508957328991053e-06	-2.8060603801570140445e-06	-2.0834502665751436798e-06	3.9818855856520698469e-07
-8	7	-2	1.4206699806538505224e-06	1.6820975690832813047e-05	-1.8460149466569248653e-06	1.7531572277038256363e-05	-1.2143732235914638483e-05	-5.9233997936973498366e-06
-8	7	-1	-1.0276739679826399912e-05	1.4295007487232313275e-05	-1.7028397758669907354e-05	1.6813583010832522678e-05	-3.6984866872078138629e-05	3.3350211779691432248e-06
-8	7	0	-8.5699727147393606812e-07	-3.3728255842523071622e-06	-9.7942545311306979214e-07	-3.8546578105740653282e-06	-1.5079424500100219595e-05	2.729319925141570999e-06
-8	7	1	-4.8914603279177435382e-06	1.3341303934723198996e-05	-9.2157869234802278972e-06	1.1914146557470738772e-05	2.5378825841019650363e-05	2.3331405575490418876e-05
-8	7	2	-2.4297054159823884491e-05	-6.1092920119708200662e-06	-2.1635485684223472648e-05	-1.3667916212915043743e-05	-2.1464016744513385391e-05	2.3400538697319370294e-05
-8	7	3	-1.4670004243367249748e-06	3.4232546257855624428e-06	-1.4195265258452578419e-05	-2.1349222363847819415e-06	2.9210284471491416942e-05	1.4110164220325991044e-05
-8	7	4	2.1972470876255338005e-05	-5.4287176823642374927e-06	2.399617905545248399e-05	-7.1340792786855821372e-06	1.9516284054688298752e-06	1.6272033729712939664e-06
-8	7	5	3.6859603647418189114e-06	-2.0170638646395375767e-05	-8.5455222217364983198e-06	-1.102052335810851679e-05	1.7861267694018008245e-05	-1.6844289132880676027e-05
-8	7	6	1.3126167573779258243e-06	9.6909059939886109809e-06	1.1483316615661706424e-06	1.3648838594349547317e-05	4.104354046767020516e-07	-3.0024370347563226253e-06
-8	7	7	-1.073744580325632585e-05	2.3708174171253780258e-06	-1.26460243393217963e-06	-3.7275199131049969511e-06	-1.1006764198360763352e-05	6.4370255326768574915e-06
-8	7	8	-6.3862235438002507959e-06	-2.2763694058822591486e-06	-3.9054634512353978719e-06	1.3233284610353783503e-06	-2.9689430239692783991e-06	-3.4342818092882155227e-06
-8	7	9	0	0	0	0	0	0
-8	7	10	0	0	0	0	0	0
-8	7	11	0	0	0	0	0	0
-8	7	12	0	0	0	0	0	0
-8	8	-12	0	0	0	0	0	0
-8	8	-11	0	0	0	0	0	0
-8	8	-10	0	0	0	0	0	0
-8	8	-9	0	0	0	0	0	0
-8	8	-8	-8.6666906607169203918e-07	2.3578137998500821382e-06	3.2083694311348728738e-06	-4.5871281731149213124e-06	4.0750384972065652306e-06	-6.9449419729650038741e-06
-8	8	-7	-1.3385793934504363267e-05	8.3432444938663448186e-06	-1.7049712576259112764e-05	1.5845283376735847574e-06	-4.1873355905768576573e-06	-7.7242470356488688834e-06
-8	8	-6	3.0629181085699803014e-06	2.9987428354950063035e-06	3.9320662963268129865e-06	-1.4767097640616852112e-06	1.1588642503424441448e-06	-5.9672701327422550705e-06
-8	8	-5	-1.9376917636731150321e-05	-7.358814286142598108e-07	-1.7062401443719846445e-05	-1.057155602917853187e-05	3.7032259088180855238e-06	-1.573707936090283394e-05
-8	8	-4	-2.8447759687571679649e-07	-1.0054518832536933084e-05	5.8903702810474978461e-06	-7.6848349498497444375e-06	1.2349695755846429497e-05	4.7393677653743755983e-06
-8	8	-3	1.6442187928469646877e-05	-4.2730974797369673371e-07	1.2105489546297302166e-05	-4.1883029388705326652e-06	-1.1564529019126248044e-05	-1.0029315175724896241e-05
-8	8	-2	-5.2354659726446038407e-06	6.8527721662806269861e-06	-2.8278379843804041788e-06	8.1104249595376066268e-06	9.6305119530567986474e-06	5.0306111730279151747e-06
-8	8	-1	-9.2917218224411926508e-07	-5.6242139480420361961e-06	3.485114063062760561e-07	-3.9493555074711225866e-06	1.0221468708403162146e-05	1.3398867524567308876e-05
-8	8	0	8.4291401506887619427e-06	-1.4620499319343317486e-05	8.4291401506887619427e-06	-1.4620499319343317486e-05	-5.8777687975288874452e-06	1.5246807671523087582e-05
-8	8	1	-5.5129107074647070116e-06	-8.1586396671025124948e-07	-2.8304737236116055581e-06	-2.4085703755749764575e-06	-2.1459495870824811628e-05	1.2741651270917802512e-05
-8	8	2	9.0816201556800827088e-06	5.9661540097860263276e-06	1.5223523520518700741e-05	1.3448237131350907497e-05	-2.4567613459354475518e-05	-2.9928332486259524679e-05
-8	8	3	-4.5186994606834215291e-06	-1.0469499597427295518e-05	-7.0170507538690114305e-06	-5.897714115845526863e-06	6.6622701151615722234e-06	-1.2191427950884716413e-05
-8	8	4	-5.6461423560102388776e-06	1.1403772581041450344e-06	-3.507719893571768364e-06	5.1276188224867793802e-06	-4.2768449248769401801e-06	-7.9744831287652691152e-06
-8	8	5	-3.2244062769041546222e-06	-9.2898685843337912819e-06	-9.1631590540925134803e-06	-6.152777971808715308e-06	9.5020044435013748506e-06	-5.0193449800401218971e-06
-8	8	6	1.2238220847614706964e-05	-9.2374336155646494506e-06	3.2809279507598569117e-06	-3.5139774211955476002e-06	1.1943057195806466736e-05	-7.6312749258254696986e-06
-8	8	7	-1.0467289905583060047e-05	-6.9761217361574406334e-06	-8.3535245862283429035e-06	-5.0923536648419441769e-06	-2.4157317935482488901e-06	-2.1528777957891392914e-06
-8	8	8	-2.8061987582149975715e-06	-8.1229332703104904767e-06	-2.3898807948604641154e-06	-5.2769115503339393571e-06	-4.1631796335453361491e-07	-2.8460217199765506961e-06
-8	8	9	0	0	0	0	0	0
-8	8	10	0	0	0	0	0	0
-8	8	11	0	0	0	0	0	0
-8	8	12	0	0	0	0	0	0
-8	9	-12	0	0	0	0	0	0
-8	9	-11	0	0	0	0	0	0
-8	9	-10	0	0	0	0	0	0
-8	9	-9	0	0	0	0	0	0
-8	9	-8	0	0	0	0	0	0
-8	9	-7	0	0	0	0	0	0
-8	9	-6	0	0	0	0	0	0
-8	9	-5	0	0	0	0	0	0
-8	9	-4	0	0	0	0	0	0
-8	9	-3	0	0	0	0	0	0
-8	9	-2	0	0	0	0	0	0
-8	9	-1	0	0	0	0	0	0
-8	9	0	0	0	0	0	0	0
-8	9	1	0	0	0	0	0	0
-8	9	2	0	0	0	0	0	0
-8	9	3	0	0	0	0	0	0
-8	9	4	0	0	0	0	0	0
-8	9	5	0	0	0	0	0	0
-8	9	6	0	0	0	0	0	0
-8	9	7	0	0	0	0	0	0
-8	9	8	0	0	0	0	0	0
-8	9	9	0	0	0	0	0	0
-8	9	10	0	0	0	0	0	0
-8	9	11	0	0	0	0	0	0
-8	9	12	0	0	0	0	0	0
-8	10	-12	0	0	0	0	0	0
-8	10	-11	0	0	0	0	0	0
-8	10	-10	0	0	0	0	0	0
-8	10	-9	0	0	0	0	0	0
-8	10	-8	0	0	0	0	0	0
-8	10	-7	0	0	0	0	0	0
-8	10	-6	0	0	0	0	0	0
-8	10	-5	0	0	0	0	0	0
-8	10	-4	0	0	0	0	0	0
-8	10	-3	0	0	0	0	0	0
-8	10	-2	0	0	0	0	0	0
-8	10	-1	0	0	0	0	0	0
-8	10	0	0	0	0	0	0	0
-8	10	1	0	0	0	0	0	0
-8	10	2	0	0	0	0	0	0
-8	10	3	0	0	0	0	0	0
-8	10	4	0	0	0	0	0	0
-8	10	5	0	0	0	0	0	0
-8	10	6	0	0	0	0	0	0
-8	10	7	0	0	0	0	0	0
-8	10	8	0	0	0	0	0	0
-8	10	9	0	0	0	0	0	0
-8	10	10	0	0	0	0	0	0
-8	10	11	0	0	0	0	0	0
-8	10	12	0	0	0	0	0	0
-8	11	-12	0	0	0	0	0	0
-8	11	-11	0	0	0	0	0	0
-8	11	-10	0	0	0	0	0	0
-8	11	-9	0	0	0	0	0	0
-8	11	-8	0	0	0	0	0	0
-8	11	-7	0	0	0	0	0	0
-8	11	-6	0	0	0	0	0	0
-8	11	-5	0	0	0	0	0	0
-8	11	-4	0	0	0	0	0	0
-8	11	-3	0	0	0	0	0	0
-8	11	-2	0	0	0	0	0	0
-8	11	-1	0	0	0	0	0	0
-8	11	0	0	0	0	0	0	0
-8	11	1	0	0	0	0	0	0
-8	11	2	0	0	0	0	0	0
-8	11	3	0	0	0	0	0	0
-8	11	4	0	0	0	0	0	0
-8	11	5	0	0	0	0	0	0
-8	11	6	0	0	0	0	0	0
-8	11	7	0	0	0	0	0	0
-8	11	8	0	0	0	0	0	0
-8	11	9	0	0	0	0	0	0
-8	11	10	0	0	0	0	0	0
-8	11	11	0	0	0	0	0	0
-8	11	12	0	0	0	0	0	0
-8	12	-12	0	0	0	0	0	0
-8	12	-11	0	0	0	0	0	0
-8	12	-10	0	0	0	0	0	0
-8	12	-9	0	0	0	0	0	0
-8	12	-8	0	0	0	0	0	0
-8	12	-7	0	0	0	0	0	0
-8	12	-6	0	0	0	0	0	0
-8	12	-5	0	0	0	0	0	0
-8	12	-4	0	0	0	0	0	0
-8	12	-3	0	0	0	0	0	0
-8	12	-2	0	0	0	0	0	0
-8	12	-1	0	0	0	0	0	0
-8	12	0	0	0	0	0	0	0
-8	12	1	0	0	0	0	0	0
-8	12	2	0	0	0	0	0	0
-8	12	3	0	0	0	0	0	0
-8	12	4	0	0	0	0	0	0
-8	12	5	0	0	0	0	0	0
-8	12	6	0	0	0	0	0	0
-8	12	7	0	0	0	0	0	0
-8	12	8	0	0	0	0	0	0
-8	12	9	0	0	0	0	0	0
-8	12	10	0	0	0	0	0	0
-8	12	11	0	0	0	0	0	0
-8	12	12	0	0	0	0	0	0
-7	-12	-12	0	0	0	0	0	0
-7	-12	-11	0	0	0	0	0	0
-7	-12	-10	0	0	0	0	0	0
-7	-12	-9	0	0	0	0	0	0
-7	-12	-8	0	0	0	0	0	0
-7	-12	-7	0	0	0	0	0	0
-7	-12	-6	0	0	0	0	0	0
-7	-12	-5	0	0	0	0	0	0
-7	-12	-4	0	0	0	0	0	0
-7	-12	-3	0	0	0	0	0	0
-7	-12	-2	0	0	0	0	0	0
-7	-12	-1	0	0	0	0	0	0
-7	-12	0	0	0	0	0	0	0
-7	-12	1	0	0	0	0	0	0
-7	-12	2	0	0	0	0	0	0
-7	-12	3	0	0	0	0	0	0
-7	-12	4	0	0	0	0	0	0
-7	-12	5	0	0	0	0	0	0
-7	-12	6	0	0	0	0	0	0
-7	-12	7	0	0	0	0	0	0
-7	-12	8	0	0	0	0	0	0
-7	-12	9	0	0	0	0	0	0
-7	-12	10	0	0	0	0	0	0
-7	-12	11	0	0	0	0	0	0
-7	-12	12	0	0	0	0	0	0
-7	-11	-12	0	0	0	0	0	0
-7	-11	-11	0	0	0	0	0	0
-7	-11	-10	0	0	0	0	0	0
-7	-11	-9	0	0	0	0	0	0
-7	-11	-8	0	0	0	0	0	0
-7	-11	-7	0	0	0	0	0	0
-7	-11	-6	0	0	0	0	0	0
-7	-11	-5	0	0	0	0	0	0
-7	-11	-4	0	0	0	0	0	0
-7	-11	-3	0	0	0	0	0	0
-7	-11	-2	0	0	0	0	0	0
-7	-11	-1	0	0	0	0	0	0
-7	-11	0	0	0	0	0	0	0
-7	-11	1	0	0	0	0	0	0
-7	-11	2	0	0	0	0	0	0
-7	-11	3	0	0	0	0	0	0
-7	-11	4	0	0	0	0	0	0
-7	-11	5	0	0	0	0	0	0
-7	-11	6	0	0	0	0	0	0
-7	-11	7	0	0	0	0	0	0
-7	-11	8	0	0	0	0	0	0
-7	-11	9	0	0	0	0	0	0
-7	-11	10	0	0	0	0	0	0
-7	-11	11	0	0	0	0	0	0
-7	-11	12	0	0	0	0	0	0
-7	-10	-12	0	0	0	0	0	0
-7	-10	-11	0	0	0	0	0	0
-7	-10	-10	0	0	0	0	0	0
-7	-10	-9	0	0	0	0	0	0
-7	-10	-8	0	0	0	0	0	0
-7	-10	-7	0	0	0	0	0	0
-7	-10	-6	0	0	0	0	0	0
-7	-10	-5	0	0	0	0	0	0
-7	-10	-4	0	0	0	0	0	0
-7	-10	-3	0	0	0	0	0	0
-7	-10	-2	0	0	0	0	0	0
-7	-10	-1	0	0	0	0	0	0
-7	-10	0	0	0	0	0	0	0
-7	-10	1	0	0	0	0	0	0
-7	-10	2	0	0	0	0	0	0
-7	-10	3	0	0	0	0	0	0
-7	-10	4	0	0	0	0	0	0
-7	-10	5	0	0	0	0	0	0
-7	-10	6	0	0	0	0	0	0
-7	-10	7	0	0	0	0	0	0
-7	-10	8	0	0	0	0	0	0
-7	-10	9	0	0	0	0	0	0
-7	-10	10	0	0	0	0	0	0
-7	-10	11	0	0	0	0	0	0
-7	-10	12	0	0	0	0	0	0
-7	-9	-12	0	0	0	0	0	0
-7	-9	-11	0	0	0	0	0	0
-7	-9	-10	0	0	0	0	0	0
-7	-9	-9	0	0	0	0	0	0
-7	-9	-8	0	0	0	0	0	0
-7	-9	-7	0	0	0	0	0	0
-7	-9	-6	0	0	0	0	0	0
-7	-9	-5	0	0	0	0	0	0
-7	-9	-4	0	0	0	0	0	0
-7	-9	-3	0	0	0	0	0	0
-7	-9	-2	0	0	0	0	0	0
-7	-9	-1	0	0	0	0	0	0
-7	-9	0	0	0	0	0	0	0
-7	-9	1	0	0	0	0	0	0
-7	-9	2	0	0	0	0	0	0
-7	-9	3	0	0	0	0	0	0
-7	-9	4	0	0	0	0	0	0
-7	-9	5	0	0	0	0	0	0
-7	-9	6	0	0	0	0	0	0
-7	-9	7	0	0	0	0	0	0
-7	-9	8	0	0	0	0	0	0
-7	-9	9	0	0	0	0	0	0
-7	-9	10	0	0	0	0	0	0
-7	-9	11	0	0	0	0	0	0
-7	-9	12	0	0	0	0	0	0
-7	-8	-12	0	0	0	0	0	0
-7	-8	-11	0	0	0	0	0	0
-7	-8	-10	0	0	0	0	0	0
-7	-8	-9	0	0	0	0	0	0
-7	-8	-8	1.9474583747031914804e-06	1.8796173692289940642e-06	-9.205032675206795268e-07	-2.8230363936599774706e-07	-7.8352281034461317739e-07	-1.3623615587093720591e-06
-7	-8	-7	-7.0573745016280182982e-06	-8.8847461390314414495e-06	7.3788922346463727263e-06	-3.4161787472581854784e-06	-1.3756451951106927538e-06	1.2788950421612225579e-05
-7	-8	-6	1.8166158703521614363e-06	2.6421088717457507496e-07	-6.7033857941516425977e-06	-1.7047511046701269894e-06	6.818462543458001929e-06	1.9647554378564983719e-06
-7	-8	-5	1.0848263755339780372e-05	1.1449051043196536808e-05	-1.3524225841944969515e-05	-4.1455964746675283276e-06	6.4511920896362587042e-06	-9.395717101007105529e-06
-7	-8	-4	1.1498616947251704386e-05	5.7435278094408176707e-06	-6.4014156726040237678e-06	-3.6713501911627120257e-06	-7.3197483124824338685e-06	-2.7084732841960064488e-06
-7	-8	-3	8.3822540938757333928e-06	-2.7682923799228604176e-06	-1.2013866259303423268e-05	2.1103659723034545994e-06	1.2478383805765755316e-05	8.3170629367746211326e-07
-7	-8	-2	8.1095338988736551556e-06	-2.5646887254947868583e-05	1.2646556480642383292e-06	2.1341293862614737646e-05	-3.3441991238314750597e-05	4.3989299418585886089e-06
-7	-8	-1	1.9118543923603838967e-05	9.2796589668454344655e-06	-1.7479174682930833024e-05	-1.4189512011023603313e-05	6.003589998219773637e-06	4.8558483320270773385e-05
-7	-8	0	3.7069726570117555039e-07	9.6867985478209588069e-06	-3.243601074885285735e-07	-8.4759487293433393796e-06	-6.9489641739066846456e-06	9.443560293058726862e-06
-7	-8	1	-9.6215933863982688168e-06	8.1565804490780961062e-06	6.8543604086502412791e-06	-8.4930644775520984497e-06	-1.2516270435585956567e-05	-1.0848452676870109772e-05
-7	-8	2	-2.4904151543955567955e-06	7.7513360258385231622e-06	7.3493549675884322077e-07	-3.0685704004271734619e-06	-5.776711053349076113e-06	1.485539448872613722e-05
-7	-8	3	3.8916101517467199103e-06	-1.2964796435611052779e-05	-1.555797979596060612e-05	1.2808938134414121115e-05	-3.2407522435152603479e-05	3.9059766753452012324e-06
-7	-8	4	-1.181970028713623379e-05	-9.1611164815442171986e-06	-3.6973881616940038416e-06	8.7464895033912451157e-06	-2.8079251825876415545e-05	1.4610251640801114044e-06
-7	-8	5	2.8176163286904456404e-06	4.4781519134254376622e-06	1.470481149714415728e-05	4.9078916280320523282e-06	2.747236125559727546e-05	1.4122039283646896791e-05
-7	-8	6	-3.7644488577012204596e-06	5.580015822113560806e-06	5.8306827784372002133e-06	-7.1848438558201148374e-06	3.3823867039315102423e-06	-3.0697733486276659331e-06
-7	-8	7	-2.0534932752139827258e-06	-1.506655959286891249e-06	1.2315248907969638332e-06	-2.2455014787306982641e-07	-6.4603625716030972818e-07	-1.7632846997132567952e-06
-7	-8	8	-3.630763504857808682e-06	-9.0481426430095160195e-06	6.8811213072036609865e-06	-8.1639370222740216467e-06	3.7042032404530778603e-06	-1.6081061834907346258e-05
-7	-8	9	0	0	0	0	0	0
-7	-8	10	0	0	0	0	0	0
-7	-8	11	0	0	0	0	0	0
-7	-8	12	0	0	0	0	0	0
-7	-7	-12	0	0	0	0	0	0
-7	-7	-11	0	0	0	0	0	0
-7	-7	-10	0	0	0	0	0	0
-7	-7	-9	0	0	0	0	0	0
-7	-7	-8	1.6150000974606483104e-05	-4.5240893466503456674e-06	2.8713961618866127788e-06	7.1585251528882045931e-06	-1.6643722494431459162e-05	-2.3051313304581267718e-06
-7	-7	-7	1.0014785109785877915e-06	1.3330571457794224691e-05	-1.0753972757242690226e-05	1.2057374211562160208e-05	9.7524942462641030699e-06	-2.5387945669356386594e-05
-7	-7	-6	-1.4539296225276988282e-05	2.9844604568077912781e-06	-1.7009236304707887993e-06	3.8114531772473790795e-06	1.8946923165039073508e-05	-7.9285659063976984682e-06
-7	-7	-5	1.4268509631308438313e-05	-1.3721002542754065696e-05	-5.4097656132507979348e-07	-5.0891384896121069561e-06	-1.9218546297976702266e-05	2.6334197445312641713e-05
-7	-7	-4	1.7178878052768240643e-05	-1.5240380151844087298e-05	-8.0989895584887696767e-06	4.8879010797087654369e-06	-1.5889804864989072496e-05	1.8116838376236811986e-05
-7	-7	-3	-1.2990747979141956437e-05	1.1353679611557340981e-06	8.3402805424141012157e-06	-1.1300269159454190581e-05	1.0851090685698327155e-05	2.3718102796029730381e-05
-7	-7	-2	5.8805192011843477722e-06	2.0690441088309496632e-05	-9.881702720831761258e-06	-2.1734584069388118911e-05	1.4004142318765950588e-05	3.6545004337751783978e-06
-7	-7	-1	2.8692131920634798543e-05	1.0646672419928133034e-05	-2.9414046965184609923e-05	-5.9009520401990989106e-06	5.0534053118486957484e-06	-3.3220042658103236322e-05
-7	-7	0	1.7203119826061146684e-05	9.9169443650066532042e-06	-1.7203119826061146684e-05	-9.9169443650066532042e-06	5.0776351516387005589e-05	2.5269205461757414789e-05
-7	-7	1	3.049075774688463547e-05	5.450358800933490438e-06	-3.3961357604777321878e-05	-9.5574205449732164535e-06	-2.4294199005248818407e-05	-2.8749432208278080414e-05
-7	-7	2	2.2491055353204902186e-06	1.4347818419466940555e-05	-7.6178028916047295832e-06	-1.0239385441439758097e-05	-1.8790440746994837564e-05	1.4379515423095136909e-05
-7	-7	3	1.3346115377370137501e-05	8.8815150746844998729e-06	-2.5766503514912215901e-05	4.9825693603926264281e-07	-2.8980905654264849602e-05	2.1886134691688778533e-05
-7	-7	4	-9.7274428250066628153e-06	-8.4125786544216807437e-07	5.3733802220311679759e-06	-5.8404188910293014538e-06	-7.6196095552071155455e-06	-1.1692934323825072336e-05
-7	-7	5	-9.8988552311519417411e-06	-1.4178066162731974223e-05	-2.4881552703152884351e-06	-1.9689582765396068023e-07	-1.7341814702054122755e-05	-2.0124946786540310776e-05
-7	-7	6	-4.527811859971749242e-06	1.1235665118398471135e-05	7.1754239140298579938e-06	-8.3385116512243204705e-06	3.0888807297344597868e-06	3.3800123783698425829e-06
-7	-7	7	1.1750566405836071273e-05	7.1954124242709759316e-06	-1.6992037588820086802e-05	-1.0884831870470141555e-05	-5.2414711829840146813e-06	-3.6894194461991656236e-06
-7	-7	8	2.1604920612266373484e-05	-6.1890782964756968818e-06	-1.2514482655119634583e-05	-6.7299704910924838667e-06	7.9541332125033963263e-06	-1.1304167689122159214e-05
-7	-7	9	0	0	0	0	0	0
-7	-7	10	0	0	0	0	0	0
-7	-7	11	0	0	0	0	0	0
-7	-7	12	0	0	0	0	0	0
-7	-6	-12	0	0	0	0	0	0
-7	-6	-11	0	0	0	0	0	0
-7	-6	-10	0	0	0	0	0	0
-7	-6	-9	0	0	0	0	0	0
-7	-6	-8	-2.0046872018757987978e-05	-1.0713162142657274141e-05	-1.036508183591443003e-05	1.8019504797036685367e-05	2.5314824393349062427e-05	-4.140611722952398516e-06
-7	-6	-7	4.4692753717445303654e-06	1.1398456831172400011e-05	8.1028795104997369022e-07	-6.1749017964476815901e-06	-5.1638079012159359923e-06	-6.1056838627886723283e-06
-7	-6	-6	-8.9421906671281804779e-06	-5.8486271605366754725e-06	9.4312977157975222734e-06	-1.1727375903815727548e-05	1.0012580625186896959e-06	1.8550774257775182972e-05
-7	-6	-5	-1.3170362721531010794e-05	1.1510471661949460155e-05	-1.3481109331821675799e-06	1.7872651963725713604e-05	2.0056240929962015191e-05	-3.7561842683200103929e-05
-7	-6	-4	-6.3404512787949846567e-06	-1.1282953831804453588e-05	7.4732000228710651282e-06	1.2840982266749294879e-05	-1.1401029641537450331e-07	4.8369580553385294374e-07
-7	-6	-3	6.6779810753348951372e-06	-1.6732811891315480971e-05	6.8873146950454083246e-06	1.3157753512211981399e-05	-2.9356585232538907844e-05	1.2727720721978825572e-05
-7	-6	-2	5.6612218028632004752e-06	2.6293961860939591075e-05	-1.778910817001763931e-06	-3.0515825722396340314e-05	-1.4477543859015911353e-05	-4.8138934609955269017e-07
-7	-6	-1	1.7613352380196107026e-05	5.1828050712956899172e-06	-2.5405671929469605914e-05	-3.3556416105122517119e-06	2.9140564915444899856e-05	-1.6145785835996317455e-05
-7	-6	0	1.463414633673016246e-05	-8.5640060955752195026e-06	-1.7073170726185186996e-05	9.9913404448377546747e-06	2.6029304943331258283e-05	3.4445072171617301397e-05
-7	-6	1	6.9298676287354967266e-06	-2.3065233740108682627e-05	-4.7411257095926581496e-06	3.0337192478825989974e-05	2.0062319143592523106e-05	2.0566518692195164843e-05
-7	-6	2	-2.2558734178183210473e-05	1.838005528463800597e-05	3.4407833707722620606e-05	-2.4554904734893088423e-05	2.4267931499526628549e-05	-9.334520708446249459e-06
-7	-6	3	-2.7471467374739325004e-05	-1.3216857312739393465e-05	2.6807827048851420659e-05	-2.4302118730293541577e-06	-1.0484436443355581997e-05	-3.5699757475783958603e-05
-7	-6	4	3.3988988399618689086e-05	2.7174397684929178082e-05	-4.244281302646214462e-05	-1.5397147553894690362e-06	-4.1834898403605076417e-06	4.5245623815541856924e-05
-7	-6	5	-1.855792956916420562e-05	1.9324743887163629282e-05	1.196464917802753626e-05	-6.4518494559367338829e-06	-1.1623522383196848083e-05	1.931242209490500203e-05
-7	-6	6	-4.3692557874611785831e-06	-1.1879357716944926728e-05	6.5356859126098659337e-06	9.8240299182570344616e-06	1.4382208272384909201e-06	-4.0352207515120470032e-06
-7	-6	7	-2.7929930093824945536e-05	-2.391011954884282083e-06	9.022502008031884111e-06	-1.2339887445719971537e-05	-2.0196356944083331068e-05	-1.2968058336929971065e-05
-7	-6	8	-4.7183065102193801584e-06	-1.7855223812296465912e-06	-2.072221668893648213e-06	1.046251934619895308e-06	-5.6826844481121939042e-06	-7.776431326110193393e-07
-7	-6	9	0	0	0	0	0	0
-7	-6	10	0	0	0	0	0	0
-7	-6	11	0	0	0	0	0	0
-7	-6	12	0	0	0	0	0	0
-7	-5	-12	0	0	0	0	0	0
-7	-5	-11	0	0	0	0	0	0
-7	-5	-10	0	0	0	0	0	0
-7	-5	-9	0	0	0	0	0	0
-7	-5	-8	-2.320184386154368621e-07	-2.9584607512011514332e-06	-1.4899089793773861931e-06	6.0626648818376541457e-06	1.1342092458993737111e-06	-1.2005123938475262841e-06
-7	-5	-7	4.1483327254618266835e-06	8.8110590548995245612e-06	1.7745968228550490476e-05	6.6680196393002267281e-06	-1.6824024317283606321e-05	-1.3573930225828258059e-05
-7	-5	-6	2.5822839457390638676e-05	-1.4689446319218551771e-05	-3.1423584939232589988e-05	-5.9359467298837270414e-06	-3.9403252509285853866e-06	2.208430964732474946e-05
-7	-5	-5	2.4674930352175793061e-05	-3.4562165719675624702e-05	-2.2176172906501121777e-06	1.3135224456342351051e-05	-3.2327285202395998869e-05	3.525180755120351845e-05
-7	-5	-4	8.8826946468793014603e-06	-1.3080943475435041027e-05	-7.594744894560919521e-06	2.4013725229352414075e-05	-6.0512845138376275189e-06	-7.1255054546791970658e-06
-7	-5	-3	-6.4897618598887492401e-06	2.6247255389115747154e-05	8.1946892463148885528e-06	-3.0730616642246595194e-05	1.4849622625489337606e-06	-1.0025901504192420859e-05
-7	-5	-2	-1.8308553694576192765e-05	3.1595286069959379043e-05	2.8796648082537837398e-05	-5.0038201239697389032e-05	-7.9116822753279171222e-06	1.4512001854385639155e-05
-7	-5	-1	-2.3378901172067777372e-05	-2.2761217441797472125e-05	3.2335300888943726064e-05	2.6763282316078989913e-05	1.9758037597558019677e-06	2.5512110512187358694e-05
-7	-5	0	1.8302957371680242399e-05	2.3602206201856471957e-07	-2.5624140320352340036e-05	-3.3043088682599059681e-07	-2.9548501510536233534e-05	1.7729669370606918917e-05
-7	-5	1	2.912064023732076256e-05	-1.4299477253243223415e-05	-3.5487700775590335235e-05	1.765230200343293222e-05	2.6405977783293665137e-05	-1.1834830755537902803e-05
-7	-5	2	-1.3847013222886262902e-05	4.492771158072659526e-06	1.3590869475320970528e-05	1.0026513363691512548e-05	-1.4487372591799497226e-05	4.0790982462483093098e-05
-7	-5	3	-2.9186228362532613833e-05	-3.3402549998024285543e-06	4.0550830284636890774e-05	9.6753931942647361476e-06	-5.1648237151460570985e-07	8.3317269909022282232e-06
-7	-5	4	-4.187184547611353938e-06	1.9762260351052973799e-05	-7.3339150808293221857e-06	-1.3094219076074664349e-05	-1.6494966809356522759e-05	1.8216181769249374558e-05
-7	-5	5	-1.1304541611687658826e-05	-1.8248472627187521005e-05	-6.8155707571903047215e-06	-1.6779475561794465868e-05	-2.2641929013553028772e-05	-4.2327337239856994598e-05
-7	-5	6	-1.9010329149286984594e-05	4.8776147168383628442e-06	2.6264640787955033781e-05	-1.8958331449622201049e-05	-2.9151668420562285383e-07	-1.0108059038373745352e-05
-7	-5	7	2.1868150622639525053e-05	-8.5313006113526475044e-06	-5.0668735079064085449e-06	1.032301677698789788e-05	1.8248955259849231541e-05	-1.1577171992184345211e-06
-7	-5	8	1.2737471331638708472e-05	4.0070179886360712961e-06	-2.8001698242209859296e-06	-1.9357493731262384525e-05	9.3951812750457543952e-06	-8.5922928419824274145e-06
-7	-5	9	0	0	0	0	0	0
-7	-5	10	0	0	0	0	0	0
-7	-5	11	0	0	0	0	0	0
-7	-5	12	0	0	0	0	0	0
-7	-4	-12	0	0	0	0	0	0
-7	-4	-11	0	0	0	0	0	0
-7	-4	-10	0	0	0	0	0	0
-7	-4	-9	0	0	0	0	0	0
-7	-4	-8	-2.0881832950464683974e-05	-9.2516676223938850863e-06	4.2348815892518248429e-05	2.727612784751736724e-05	-2.9028041146025236199e-06	-5.5428547541640345932e-06
-7	-4	-7	2.9327466545301753031e-05	2.0348559694224210457e-05	-2.9755030083580729706e-05	2.1890297522975436774e-06	-1.23245922118270501e-05	-2.1599433838394233238e-05
-7	-4	-6	3.4632543058097195492e-07	2.3586309821115520647e-05	-1.7835024242707773931e-05	-3.0754757301380829281e-05	1.1485969826127381301e-05	-7.0141899237142186935e-06
-7	-4	-5	8.7743552163110681639e-06	5.9276599519305970913e-06	-2.198889219792978726e-05	-2.1333247907087731838e-05	5.3070164555083318374e-06	8.7678743929673495425e-06
-7	-4	-4	-2.9465212481344061004e-07	-1.7595581807230937927e-06	-1.2006195691010522335e-06	1.6675156398557535343e-05	1.7162607875245731555e-06	-1.3595929582292120994e-05
-7	-4	-3	1.5522574321686404756e-05	-1.7924441488806521487e-05	-7.2409345648335033039e-06	2.529978477540074732e-05	-2.6564760664156935509e-05	8.0906504400142226338e-06
-7	-4	-2	4.27869874961420288e-06	1.7610705475647669624e-05	-1.3252059529788768702e-05	-1.9724344047182293762e-05	1.1528673435927825206e-05	-2.2188781070402259548e-05
-7	-4	-1	-1.4173676449621552289e-06	-1.5141934245576357061e-05	5.3977093229240906514e-06	1.4394603078761700039e-05	-1.1669263776961276638e-05	4.8415127403987699272e-05
-7	-4	0	4.8915208103022099037e-06	7.0442477940628013338e-06	-8.5601614180288671197e-06	-1.2327433639609903181e-05	3.657630322854246723e-06	3.7710072586736835955e-05
-7	-4	1	2.018532935812073658e-05	1.151317288128251464e-05	-3.4104247066168702485e-05	-3.4025201982715636671e-06	4.8803172421703385004e-06	6.6982129375891351201e-05
-7	-4	2	1.2876489429071441685e-06	-2.5257143650831575149e-05	-1.0328774675042811415e-05	3.8944118473187821887e-05	-1.6150778049910617922e-05	-1.0511765831534867555e-05
-7	-4	3	2.2155308522482725428e-05	-4.9662100413830455455e-06	-8.3794468338465981361e-06	-1.7252723074791636206e-06	4.0523124107330889504e-05	-1.388818650653265692e-05
-7	-4	4	-1.0295386575676378507e-06	3.8119761062751054026e-05	2.0354096884698430118e-05	-4.6045935946150955294e-05	1.8552404233955063561e-05	2.0663645913663397722e-05
-7	-4	5	-1.6682384096218363028e-05	2.0901536562553396246e-05	-1.4159722452297819173e-05	-2.633455458873335461e-05	-3.4683115696543965611e-05	8.1945075165880710568e-06
-7	-4	6	-8.8424645669003206795e-06	5.49778895045649152e-06	2.6555906209880146966e-06	4.0473363594949895942e-06	-8.545814914058363199e-06	9.1123113485292338753e-06
-7	-4	7	7.6099748915413362785e-07	-3.9645781377751229343e-07	-3.2925184789933601481e-06	1.4922020705600469768e-05	-1.1204416416992151794e-06	8.130411160851327347e-06
-7	-4	8	-3.672760108541749503e-06	-1.2406369154209890575e-05	1.5108068684697808335e-05	1.3784204411068398018e-05	4.3403692473748729818e-06	-3.9634708043994554562e-06
-7	-4	9	0	0	0	0	0	0
-7	-4	10	0	0	0	0	0	0
-7	-4	11	0	0	0	0	0	0
-7	-4	12	0	0	0	0	0	0
-7	-3	-12	0	0	0	0	0	0
-7	-3	-11	0	0	0	0	0	0
-7	-3	-10	0	0	0	0	0	0
-7	-3	-9	0	0	0	0	0	0
-7	-3	-8	-2.0386518399738311934e-05	2.166046691828184262e-05	2.9443688285956291312e-05	1.9066594309307872035e-05	6.7968204925374120065e-06	-2.6102881419487061765e-05
-7	-3	-7	1.9725093272838917089e-05	3.8493619145087886119e-06	1.5017406092705029637e-05	3.4415241282613478905e-05	-2.6161124455426788143e-05	-1.8598751035628850032e-05
-7	-3	-6	2.311797688033217623e-05	2.863930782271429713e-05	-2.7487490617891781688e-05	-2.0865292164371547506e-05	-1.3227227718108315323e-05	-2.2979879710980905102e-05
-7	-3	-5	3.7303259985258314498e-06	1.0444628736396810342e-05	-2.682412865813114521e-05	-6.9390729139835336594e-06	1.0872020796942523943e-05	-1.0459036482565414961e-05
-7	-3	-4	-3.2082019349284557587e-06	-4.8976519755059011113e-06	1.2262636944386303239e-05	5.5014252971956661075e-05	-3.5826243221649297454e-06	-3.2689798771832163991e-05
-7	-3	-3	2.7637551168108152752e-05	7.6684057897448662283e-06	-1.8579536749516685815e-05	-8.0411523305615134516e-07	-4.5908082642735673995e-05	-1.7088831609681866996e-05
-7	-3	-2	1.27633873599670762e-05	3.1011424078082632698e-05	-4.0605247457480906476e-05	-2.3755391024063072684e-05	1.6236015426336587931e-05	-7.29068977371946105e-05
-7	-3	-1	-8.3899172916548386987e-06	-2.0232507523872363592e-05	1.2981786639800395607e-05	5.632007039193690439e-05	1.9784061122182692541e-05	-2.733265850870416464e-05
-7	-3	0	-1.7237931002006601954e-05	2.5106864669950860309e-05	4.0221839004682074614e-05	-5.8582684229885338462e-05	2.6674983234807885142e-05	4.2343893157804508571e-05
-7	-3	1	5.2632670126160210693e-06	5.0171061533581089921e-06	-6.8333088891157112933e-06	-9.1399151764114279755e-06	1.6342942420965014453e-05	7.6999975442724781711e-06
-7	-3	2	-1.763533769537809306e-05	-1.7325755113483115729e-05	1.3262929238235589583e-05	1.7520410429714630295e-05	-4.1829288076469941333e-05	-3.4359527252618952834e-05
-7	-3	3	-1.0616016802269122958e-05	1.276682063536825085e-05	-4.4221913533374417288e-05	1.8289958910834791236e-06	-6.8992619405335703624e-05	3.1618244040276066275e-05
-7	-3	4	3.8892342948816182137e-05	3.6468081909293601308e-05	-2.4043004047514280279e-05	-5.3196886051302055354e-05	5.002934712479260599e-05	2.3921478802787257386e-05
-7	-3	5	-2.000853885608190075e-06	2.7264461494472531613e-06	-3.0778930283683855478e-06	-1.1858319641861990727e-05	-4.6479312568724971797e-06	-3.2979671758910406036e-06
-7	-3	6	4.3947063663672904755e-06	-5.3500780190076874804e-06	-2.6819772050819222633e-05	2.3924879836231448748e-05	-8.2827285979811061852e-06	5.7206822292734230194e-06
-7	-3	7	-5.4547654047691687335e-06	1.6494221378038112063e-05	1.1149662869628700082e-05	1.6759324987642631934e-05	-6.7633846064258286315e-07	2.3676789229884955289e-05
-7	-3	8	-1.2412810728188805267e-05	2.3238331465909102704e-05	-1.4110177003209581925e-05	-8.2101173015223816729e-06	-1.6152525763368795925e-05	1.7254746044599573009e-05
-7	-3	9	0	0	0	0	0	0
-7	-3	10	0	0	0	0	0	0
-7	-3	11	0	0	0	0	0	0
-7	-3	12	0	0	0	0	0	0
-7	-2	-12	0	0	0	0	0	0
-7	-2	-11	0	0	0	0	0	0
-7	-2	-10	0	0	0	0	0	0
-7	-2	-9	0	0	0	0	0	0
-7	-2	-8	-1.4526393052652500977e-05	3.8765006110360080685e-06	-1.7382174900611535129e-05	-1.13639343826732338e-05	1.7056137646223822984e-05	-5.5095443898819860995e-07
-7	-2	-7	9.6842295522271115682e-06	-1.5019499834406522847e-06	2.5865619933606124436e-06	-1.2408021792666865544e-05	-1.0423247264615858102e-05	5.0470990670597569376e-06
-7	-2	-6	-6.259916128886682603e-06	-2.2427025944333240384e-05	1.345988837714192943e-06	5.6598454479808156693e-06	6.8545725377963992166e-06	2.4278248452395176355e-05
-7	-2	-5	2.9789835030953184829e-06	-1.7811661263289435238e-05	-4.3041502122524952245e-05	-3.311909874686269601e-05	1.3046023944676535106e-05	3.8183965267350286382e-05
-7	-2	-4	2.3508455939880441454e-06	-1.2158710857583720098e-05	4.4396169251505131258e-05	-7.7923930551193164843e-06	-2.631206441523164426e-05	2.5173940528331165448e-05
-7	-2	-3	1.562700112454393396e-05	-1.1485991044625775163e-05	-3.1411459280722666874e-05	3.0691406026999682073e-05	-1.5522029770120730139e-05	6.3397084194603571042e-06
-7	-2	-2	2.8244664452220301598e-06	3.8106885196131878627e-07	-1.5745639733836623434e-05	6.3207079651434554992e-06	5.8600071755595161806e-06	-7.6544489470080702453e-06
-7	-2	-1	1.0406309632321984331e-05	-7.7458704613638329706e-06	-6.5780589943568318085e-05	4.9483984919413002339e-05	5.8717012460882749242e-05	-4.474687660927917219e-05
-7	-2	0	1.4562366567872868367e-05	1.6820548534484271836e-05	-5.0968282987555037591e-05	-5.8871919870694948038e-05	4.6553065820742092317e-05	1.3296406397286375585e-05
-7	-2	1	-1.7178472437999075156e-05	1.5345694689573958835e-05	5.5967297411935331385e-05	-6.4875486319567588324e-05	-8.3147122421228548554e-06	-2.2331109812117461415e-05
-7	-2	2	1.4901290587033372893e-06	-1.4157929474927692068e-05	-3.1209870920309480787e-07	3.5364981837361198858e-05	4.903352996258586128e-06	-1.4187771324885726769e-05
-7	-2	3	-1.0341584080562810267e-05	-1.8727191547843726946e-05	4.8375951077845707462e-05	7.7981362194617516686e-05	8.1202711972505815823e-06	8.2907945181096459912e-06
-7	-2	4	2.6077656212211601728e-05	-2.1687827635351381969e-06	-5.4860274340015053706e-05	-9.3439559810845009729e-06	1.8205761201362775323e-05	-8.4673478267287421192e-06
-7	-2	5	1.4934200371853621869e-05	-5.885514607949362112e-06	-1.6289936818296805456e-05	4.4638726099262938463e-05	1.4391905793276349112e-05	9.615769988576068259e-06
-7	-2	6	-4.5163701460589471292e-05	-7.0738090908655555254e-06	-1.4665242386925251379e-05	-3.8371777388997944241e-05	-5.7579399166329464708e-05	-2.1043369735675796758e-05
-7	-2	7	-6.7854602254338406496e-06	-7.876632254372101157e-06	-2.9847206440154336115e-05	6.6340504033013568682e-07	-1.5313233494049365859e-05	-7.6870879571349203793e-06
-7	-2	8	2.6822258885362415407e-06	2.1594542212267445473e-05	-5.8567938105757678667e-06	-2.90078371292552642e-05	8.8274919982526938143e-07	1.1643265153420197892e-05
-7	-2	9	0	0	0	0	0	0
-7	-2	10	0	0	0	0	0	0
-7	-2	11	0	0	0	0	0	0
-7	-2	12	0	0	0	0	0	0
-7	-1	-12	0	0	0	0	0	0
-7	-1	-11	0	0	0	0	0	0
-7	-1	-10	0	0	0	0	0	0
-7	-1	-9	0	0	0	0	0	0
-7	-1	-8	2.4716800075419305654e-05	4.9317212422547310945e-06	-6.9981567185119273225e-06	2.0249200464291514031e-05	-2.0752430476177901214e-05	-6.8464061450093291732e-06
-7	-1	-7	2.0994987545871063882e-06	-1.2676802731393264022e-05	1.226202340551394038e-05	1.0428106145115203154e-05	-3.8512163839462411517e-06	1.1187073282091091901e-05
-7	-1	-6	-9.5412888496560610264e-06	-1.031550516972333074e-05	-7.4195453445672385033e-06	6.597438638779946572e-06	1.2368094548693277332e-05	1.0935182924880561294e-05
-7	-1	-5	-1.5287298008141592272e-05	2.0646952530488650151e-05	1.120497789456729517e-06	-2.2519468916734769346e-05	2.1178117653506880737e-05	-2.440183975933715702e-05
-7	-1	-4	2.6994433599280587987e-05	2.5324092424610591295e-05	7.7391117057798307799e-06	-2.4900503991137244372e-05	-4.9175036725185984978e-05	-3.8092035745284228755e-05
-7	-1	-3	-3.0655809125787608096e-06	8.4752307965096072996e-06	1.3529277494757131512e-05	-2.0060374336005729653e-05	2.6432629644313981929e-06	-1.3088747079853840481e-05
-7	-1	-2	-1.0394230642827496477e-05	1.1291879051744963539e-05	9.6954775621702342803e-05	-0.00012371743441279801912	-1.2097580560954936273e-05	2.2337140525291628701e-05
-7	-1	-1	-6.9564282584344574087e-06	-5.5023743447503137871e-06	3.7399868084295363616e-05	-4.0041729466334074667e-06	1.1295129724745839092e-05	4.252079335988560567e-05
-7	-1	0	7.0363759128059185572e-07	9.1085887297927555059e-06	-4.9254631389641424606e-06	-6.3760121108549295318e-05	1.9333950875250075977e-05	6.123414311521273171e-05
-7	-1	1	2.707829047521651927e-05	-2.6211742018249629786e-06	-8.6996312114423517874e-05	-2.2115589653281687702e-05	0.00010255172121209212379	-4.0463809066056428553e-05
-7	-1	2	1.8159582986173530437e-05	7.6443899734593849017e-06	3.1788524245345710134e-05	6.1415259926313146561e-05	7.9452802574280211598e-05	5.7462994870264417048e-05
-7	-1	3	3.6427081942404483325e-05	-9.9558782804761297442e-06	-3.852790758508509454e-05	1.3618218134913643024e-06	7.2153888670582107538e-05	-2.2776442049947180738e-05
-7	-1	4	-5.9601232401780949603e-06	-7.437387980466244369e-06	1.441830061144730484e-05	3.0369281224896331529e-06	-6.8256405174498395471e-06	-1.2256196935193519146e-05
-7	-1	5	-6.3368996779892316128e-07	2.0268682671993446024e-07	1.4596314691533947066e-05	-5.2485371106172227026e-06	2.0320969833882970086e-06	-7.6594586471553624855e-07
-7	-1	6	-2.7583303549427581273e-05	-1.6787274339967718587e-05	2.8819979726288225542e-05	2.1932554965726283196e-06	-2.7377190853284140562e-05	-1.9219610813866900016e-05
-7	-1	7	-1.1329945555417427909e-05	6.5235951028732646215e-06	-4.2127458488896091856e-05	1.6595756095136698487e-05	-1.7348153910974013428e-05	8.8944174021785064155e-06
-7	-1	8	6.8499839639256113609e-06	-1.8290111507753855871e-05	-1.1888859791823778658e-05	8.3707229550360477184e-06	4.5076284944569379261e-06	-1.495750719990511644e-05
-7	-1	9	0	0	0	0	0	0
-7	-1	10	0	0	0	0	0	0
-7	-1	11	0	0	0	0	0	0
-7	-1	12	0	0	0	0	0	0
-7	0	-12	0	0	0	0	0	0
-7	0	-11	0	0	0	0	0	0
-7	0	-10	0	0	0	0	0	0
-7	0	-9	0	0	0	0	0	0
-7	0	-8	1.5827108023350003792e-06	-1.9461970061147310779e-05	3.0777174410243449967e-05	3.406440620994560163e-05	-1.384871952043125173e-06	1.7029223803503896085e-05
-7	0	-7	-2.9550364430985525322e-06	5.4763733313629507808e-06	-1.5878055819194572361e-05	-2.8059665850238657927e-05	2.9550364430985525322e-06	-5.4763733313629507808e-06
-7	0	-6	-3.3903453381041643612e-05	-2.2395063451318914443e-05	4.7992761409312900665e-06	1.6253774554313023509e-05	3.9554028944548588731e-05	2.6127574026538734082e-05
-7	0	-5	-1.1386306799902271708e-05	3.9538609540659008399e-06	-9.7507035899768177486e-06	1.5638563490470191363e-05	1.5940829519863179036e-05	-5.5354053356922604983e-06
-7	0	-4	3.7614159853142162044e-08	1.9754541084727253046e-05	-3.4056290103285314296e-05	9.9589277499650375819e-06	-6.5824779742998786885e-08	-3.457044689827269029e-05
-7	0	-3	1.6582311397588195964e-06	1.706548544439076727e-05	1.0391912732840833091e-05	-5.3514345520125209451e-05	-3.869205992770578776e-06	-3.9819466036911785778e-05
-7	0	-2	-4.8033014946884668417e-07	-1.4022360216305919807e-05	1.3224941041197230682e-06	9.1139671170853634987e-06	1.6811555231409632358e-06	4.9078260757070721017e-05
-7	0	-1	-1.4364207212026136846e-06	-2.8707994633810406981e-06	2.3611631898406753373e-05	1.1849077407471974037e-05	1.0054945048418296216e-05	2.0095596243667286158e-05
-7	0	0	0	0	6.2350491626184787364e-05	0.00012806207136090632802	-3.2499621580918600897e-05	-5.8923760786179170043e-05
-7	0	1	-4.777071659946524772e-06	2.4580770532774705256e-06	-4.1763463206008881738e-05	6.1066287688041860702e-05	-3.3439501619625675098e-05	1.7206539372942293256e-05
-7	0	2	2.1478552906373304059e-05	4.8547578960357408009e-06	-2.559224738579063982e-05	-5.122987096573339348e-05	7.5174935172306559124e-05	1.6991652636125091532e-05
-7	0	3	-3.9518170554944826309e-07	2.2667342432080135653e-06	1.5049833485926115029e-05	-3.079229095693633198e-05	-9.2209064628204596487e-07	5.2890465674853656916e-06
-7	0	4	2.1504690083827769553e-06	4.8207485288250686672e-06	4.2136973369876532761e-05	2.7565248565247809482e-05	3.7633207646698598835e-06	8.4363099254438701677e-06
-7	0	5	-1.59115624537778887e-06	2.4532956322510496752e-06	4.7386707701884565522e-05	-2.8091666235946676557e-05	-2.2276187435289042909e-06	3.4346138851514693759e-06
-7	0	6	6.964817612184820623e-06	-3.3030624584790748018e-05	2.6489003461246548151e-05	4.7999077621058824016e-05	8.1256205475489568288e-06	-3.853572868225586817e-05
-7	0	7	6.5400950072059031864e-06	8.5355827754734989865e-06	-2.1451757217400535923e-05	7.1984394338923811632e-06	6.5400950072059031864e-06	8.5355827754734989865e-06
-7	0	8	-7.0330907386151582256e-07	9.5249916238576378714e-06	3.1005794818998310631e-06	-9.5680969599981381273e-06	-6.1539543962882639768e-07	8.3343676708754331375e-06
-7	0	9	0	0	0	0	0	0
-7	0	10	0	0	0	0	0	0
-7	0	11	0	0	0	0	0	0
-7	0	12	0	0	0	0	0	0
-7	1	-12	0	0	0	0	0	0
-7	1	-11	0	0	0	0	0	0
-7	1	-10	0	0	0	0	0	0
-7	1	-9	0	0	0	0	0	0
-7	1	-8	-1.0583790090299964484e-05	-1.5769146385586802774e-05	1.4069933353930909465e-06	8.069591111823717775e-06	9.4366904959366064036e-06	1.4806701976366415879e-05
-7	1	-7	-8.9173432507014264216e-06	-1.14108656991839481e-05	-3.2751529279435856652e-05	2.5997954140134099744e-06	4.2385533536391609437e-06	1.1782265044043007757e-05
-7	1	-6	1.7979530232599700971e-05	-5.0746981870253120712e-06	9.6095877419204628377e-06	-1.4916863166648223162e-05	-1.9374520647712905068e-05	3.4343373570881602228e-06
-7	1	-5	-7.9133327676620401767e-06	-1.1250878110295692994e-05	1.153709634708005184e-05	-2.4662361663803999365e-05	1.3386085144142865599e-05	1.0818757021653170318e-05
-7	1	-4	-3.8565799660414258572e-06	4.0726768124972203509e-06	3.5242942499171731106e-05	-3.5265963375366983588e-05	1.555975056536542845e-05	-1.594367526571188024e-05
-7	1	-3	8.9523056834462341101e-06	1.8469421359745565828e-05	2.137337123990984601e-07	-3.9864114555132764382e-05	-2.0817468690574849797e-05	-5.6383354691117241726e-05
-7	1	-2	1.8888836139353561941e-05	2.5512135645725651952e-05	0.00010957617424154509754	7.4030073953103821076e-05	-1.1322839366964921411e-05	-5.2277437783487867905e-05
-7	1	-1	4.3077869736187225625e-06	1.7400847598284862672e-05	-1.4194602914316287813e-05	7.9125714987923358016e-06	-4.4349111729647349139e-05	-0.0001138933616892017029
-7	1	0	1.0213068863569401716e-05	-3.9257548600179527693e-06	7.1491482044985806932e-05	-2.7480284020125670232e-05	3.2848102165172305908e-05	7.2895389772814975097e-05
-7	1	1	9.304300142393025293e-07	-8.4459559138656246426e-07	4.4506302663784643326e-05	-9.9851228872997505899e-06	-3.7993292564109528797e-05	4.0729537475938139754e-06
-7	1	2	-1.0707553239966589187e-05	-3.9293243594256973379e-06	-4.1367937986449822242e-05	-3.2787193643029863852e-05	-1.6792467346658149338e-05	2.6409615635249899728e-06
-7	1	3	-8.1264255583065196143e-06	-3.3094003176300258718e-05	-6.494492123381862003e-05	-4.2328140554337712065e-05	2.6866474418909950901e-06	-6.3109960559921366319e-05
-7	1	4	1.2232562390127493427e-05	2.7308138512561470456e-05	5.3164669605495706536e-05	-3.0056888918521312343e-05	8.1158167813491860162e-06	5.5303464626612902231e-05
-7	1	5	-1.9287013126971244107e-05	-1.6250916607129514213e-05	-4.1956888922295265513e-05	3.7097056975664048845e-05	-1.861044059330069068e-05	-3.017069464511412899e-05
-7	1	6	7.4958528975496204204e-06	2.5998528194940057258e-05	1.9551586867683159212e-05	6.7652364303540642737e-06	5.4865639025273642374e-06	2.9204076822371055947e-05
-7	1	7	-1.2645429369647968561e-05	-9.0452361340020720758e-06	-3.1613155809015819277e-05	6.0107744231006310942e-06	-8.1292642540742800932e-06	-9.90391819444501998e-06
-7	1	8	2.5795507014595383385e-08	-1.6341887814983729058e-05	1.9724486361889059089e-06	3.3194250370992879464e-06	-2.2398501088584228973e-07	-1.4714079967748174184e-05
-7	1	9	0	0	0	0	0	0
-7	1	10	0	0	0	0	0	0
-7	1	11	0	0	0	0	0	0
-7	1	12	0	0	0	0	0	0
-7	2	-12	0	0	0	0	0	0
-7	2	-11	0	0	0	0	0	0
-7	2	-10	0	0	0	0	0	0
-7	2	-9	0	0	0	0	0	0
-7	2	-8	-1.2470371388695846077e-05	-2.8195954365576970322e-05	-2.8846388041597318094e-06	-1.5815799232358660023e-05	1.0190415264068932577e-05	2.0717510261790182755e-05
-7	2	-7	1.0483765687780197858e-05	-2.5754185045205600001e-05	-2.5239150011252945784e-06	-2.4968806413796509114e-06	-1.1204884259530283112e-05	2.5040790576239985334e-05
-7	2	-6	-4.6167295305453633916e-06	-9.6608676798806706129e-06	1.0498110403194211164e-05	-3.0174953629818943815e-05	8.88555458670099378e-06	1.212694416587800757e-06
-7	2	-5	6.4917778274254853743e-06	4.8429991250039464834e-06	-2.2608250004182784981e-06	4.5135227998477682953e-05	-9.992818958562991262e-06	1.1273892424385548443e-05
-7	2	-4	-1.7933026453367039923e-05	5.4302171687810987707e-06	-1.7290420574517736149e-05	-6.6505736158325597074e-06	2.2737586006133452638e-05	-1.2828166853283202279e-05
-7	2	-3	-1.8989195437958918046e-05	1.0823459783847530282e-05	-4.8119096253920383102e-06	-1.0776243122581845342e-05	4.1100182938309448772e-05	-3.2438901577365468118e-05
-7	2	-2	-1.9829548137484965398e-05	2.7700022152065876093e-05	-6.1857817801503424448e-05	7.5130915700718126256e-05	7.545600679693954444e-06	-2.1819161831512429904e-05
-7	2	-1	1.2363634734036733371e-06	1.8322492922732682509e-05	2.2942301318276561804e-05	8.2648861622832800098e-05	3.7230058322727413e-05	3.7040272786536812468e-05
-7	2	0	-1.9633728180983934542e-06	9.6434056074533773276e-07	-6.8718048633443768779e-06	3.3751919626086818529e-06	3.9790288172739831491e-05	2.7410334874930791843e-06
-7	2	1	-1.6025901175141816905e-05	2.5576318571059677653e-06	-2.1941729250555482868e-05	1.5311141680836923008e-05	-6.829784972488176615e-05	-1.2718860361932069118e-05
-7	2	2	4.7729234473505027661e-06	-4.1537413893043023428e-06	2.8855887344363159421e-05	-4.0755271360810970056e-05	-1.2150655278636399739e-05	2.6217176498245912703e-05
-7	2	3	-1.749246153228636535e-05	2.1166320440331697818e-06	2.2901484171052791642e-05	3.1820502540400742296e-05	-5.6083399689370052558e-05	-1.627486025752309786e-05
-7	2	4	3.9664913027154760801e-06	-1.1999829350785854964e-05	2.6734958633814075759e-05	-2.2068850541011650725e-05	-6.4261195371549555865e-06	-9.9652760933694195533e-06
-7	2	5	2.9239479438044982011e-05	-4.6861504840526927281e-06	8.2558561384707622157e-06	1.4132964971662720407e-05	3.7632928757874672639e-05	-1.2213796666338858321e-05
-7	2	6	3.5257128550290863874e-06	2.0965189432689051378e-05	2.1428620610296242283e-05	-4.0027875785837501929e-06	-3.0295418725648128151e-06	2.5793650197665143339e-05
-7	2	7	-7.4982160335690389383e-06	3.161970401692053932e-06	1.7368591990725963972e-06	-6.6667538094769929503e-06	-7.9944615190183519526e-06	5.0667572043997662035e-06
-7	2	8	5.0968425075865427736e-07	-2.77983600582129308e-05	-5.318230630345882204e-06	8.5955197125350364586e-06	1.7755313770002930569e-06	-2.6472444979070073988e-05
-7	2	9	0	0	0	0	0	0
-7	2	10	0	0	0	0	0	0
-7	2	11	0	0	0	0	0	0
-7	2	12	0	0	0	0	0	0
-7	3	-12	0	0	0	0	0	0
-7	3	-11	0	0	0	0	0	0
-7	3	-10	0	0	0	0	0	0
-7	3	-9	0	0	0	0	0	0
-7	3	-8	6.726973395203554171e-06	2.8226984290295083078e-05	-2.4508120912426700972e-05	-1.2340753434106393194e-05	-1.5076647062963122658e-05	-2.9326393791798093235e-05
-7	3	-7	1.1477528958661145663e-05	-2.3224401879477872777e-06	1.0571739791080299534e-05	-2.8411485455188000731e-05	-6.946783333912445621e-06	-9.8539107214184978422e-06
-7	3	-6	-1.1976373576809437477e-05	-1.7561229201160343379e-05	-1.8627330023921862912e-05	2.0325515349971087835e-05	4.6587708276500778044e-06	3.0650858409672614581e-05
-7	3	-5	-6.0580486576366893205e-06	-4.1448492467810734582e-06	-4.0462158908470834172e-05	1.8880496986081739296e-05	-1.5796027224391133252e-05	1.7131087137142545911e-05
-7	3	-4	2.9631113488035651566e-07	1.2946564226242150087e-05	-1.4500896659757526338e-05	-3.504191565179836688e-07	-1.1394216980858769728e-05	-2.2919301763312250047e-05
-7	3	-3	-1.0784279399855909581e-05	3.5181701870149809639e-05	-2.7715050530150045851e-05	1.8812746261072304735e-05	-2.5517319304862588045e-06	-6.327789143594391211e-05
-7	3	-2	-2.1044652443715872268e-05	1.0254894975790036888e-05	-5.4004988630250310192e-05	2.5726076678809268355e-05	-7.3511993923699131984e-06	2.6969826029487742726e-06
-7	3	-1	-6.7794123732001527615e-06	-1.3525794941999240873e-05	-9.0330448800522703174e-06	-2.0060359588278859103e-05	2.035675197224425499e-05	3.44994858291581088e-05
-7	3	0	-9.9509683820417366699e-06	1.3463741466469063778e-05	-2.3218926224764051665e-05	3.141539675509447989e-05	3.0761140940824433247e-05	-5.3227845512163874222e-05
-7	3	1	-3.4368399500102365387e-05	5.3592890602649419533e-06	-6.4773098607508509082e-05	3.416518326980459707e-06	-4.6259500678191003357e-05	2.7265468440913213281e-05
-7	3	2	-1.8302586240631885689e-06	4.4809311956855278291e-06	-3.3789498614301632733e-05	1.2383635653882894582e-05	4.4278342737231287838e-05	-2.8921942959249919294e-06
-7	3	3	7.0100945334456382078e-07	-1.4438399993944201163e-05	-1.2727888538793279672e-05	-1.2168121742309050034e-05	1.4363577263263928058e-05	-2.1521478243560753245e-05
-7	3	4	-1.5821190919621939042e-05	1.6482456302655144664e-05	-1.9775170968435331449e-05	-4.7608078457720338876e-06	-1.2855705883011891348e-05	3.2414904413975533025e-05
-7	3	5	3.8450849059144944853e-06	-1.257382326169763179e-05	2.8096410199779285014e-05	-4.6161728660188214849e-06	-1.1474727251587280423e-05	-1.4833648846765390937e-05
-7	3	6	6.6092638846950644812e-06	3.7286093444779632691e-05	-2.0206794906427949174e-05	1.4235182110643119293e-05	1.7814205318691548685e-05	3.6382851296921341208e-05
-7	3	7	4.1306887466711874528e-05	-5.289646708109169376e-07	-2.7881380084537147377e-06	2.7328162236851403798e-06	4.2501803756049182841e-05	-1.7001716238188342886e-06
-7	3	8	1.8753348670804778105e-05	1.1932333121166622666e-05	1.3578513750258815789e-05	-2.0168141583500116034e-05	1.1317237430607123862e-05	1.8003844574833338557e-05
-7	3	9	0	0	0	0	0	0
-7	3	10	0	0	0	0	0	0
-7	3	11	0	0	0	0	0	0
-7	3	12	0	0	0	0	0	0
-7	4	-12	0	0	0	0	0	0
-7	4	-11	0	0	0	0	0	0
-7	4	-10	0	0	0	0	0	0
-7	4	-9	0	0	0	0	0	0
-7	4	-8	-1.5702671686416989677e-05	1.3751388893650558582e-06	-1.8398492479192638628e-05	1.4636616705060678164e-06	4.5405914860185475005e-06	-4.7141569294138988829e-07
-7	4	-7	-3.6302092377246950635e-06	1.5991803938289413822e-05	-1.0485964337932709243e-05	8.6899674619982009588e-09	-2.3617703839511390319e-06	-1.5986838242596844401e-05
-7	4	-6	1.4999129557223349522e-05	5.4487656663168546981e-06	1.7899845693382961138e-06	-4.9259647735014510701e-06	-1.6305661437201709237e-05	-9.6408697930372968729e-06
-7	4	-5	-1.7334141587831313668e-05	8.81931695831555227e-06	-6.6192888352492112124e-06	2.5348205152836266195e-05	1.8972367154764470843e-05	7.9315203806272380839e-06
-7	4	-4	2.8786095035901476278e-05	2.1541367046894708425e-05	2.8476023472779631355e-05	3.2337529763521873569e-06	-2.1899642840047952132e-05	-3.4463639355713552811e-05
-7	4	-3	-5.1568007066776798598e-06	3.8139262441691637638e-05	9.1676793680539873688e-06	4.3185478993711469192e-05	2.4256107472986567804e-05	-3.1410973705665202343e-05
-7	4	-2	1.5754515765101378841e-05	-1.0774349688513316524e-05	-6.8856952664335618306e-06	-9.6992539743863009666e-06	-6.8912195710721954687e-05	1.8311715961024009288e-05
-7	4	-1	2.8272842982881947243e-07	-2.2204936995036924968e-05	2.2968181137161427787e-06	-2.4081590516165292414e-05	7.2081734460628357609e-06	5.9108196900597311896e-05
-7	4	0	-2.2849953165849621494e-05	-1.597503571642965313e-05	-3.998741804023684185e-05	-2.7956312503751894671e-05	3.1024165499481482844e-05	3.2352731762382274522e-05
-7	4	1	-5.7962047654742138389e-06	-3.6981758136980405377e-06	-1.5845257085912726927e-05	-8.5162522085835040086e-07	2.2807594985331409987e-05	-2.2480729812452880466e-05
-7	4	2	-3.1527131472536828202e-05	1.3725750086713357952e-05	-2.039911696661771232e-05	-4.1362552828770584584e-06	-6.9546726220643463904e-05	5.6312635869250868054e-05
-7	4	3	1.967098939649540614e-05	3.020662927662876577e-05	3.1232392226685173984e-05	2.7606797691580256418e-05	4.255785622909050709e-06	3.3673071390026778238e-05
-7	4	4	-1.7823654609828380973e-06	2.4351575051388099639e-06	6.3399981088726546213e-06	-1.6932770626361463547e-05	-9.4591376655926218738e-06	2.1194296260354380878e-05
-7	4	5	-7.6475229701975409397e-06	2.0166863221351396997e-05	-1.3420435653578945245e-05	1.5652859212830558521e-05	2.9816364586598834516e-08	1.5711321139627510335e-05
-7	4	6	-2.1545867553139422653e-05	6.7279768307322276034e-06	-4.7011181234532807539e-05	1.7280139229054199785e-05	6.2039420110258802917e-06	-3.6707865168485350255e-06
-7	4	7	-8.0408452659627049675e-06	1.3118316824861603056e-06	-1.5945354315759471998e-05	3.5187894610908038346e-05	1.0707857716141352366e-06	-1.8795536666604150165e-05
-7	4	8	-4.5471607916208116483e-06	8.4648849411031613633e-06	2.4824586400632901421e-06	3.1246725488690925097e-06	-5.2199950126998551574e-06	5.8444380490307199381e-06
-7	4	9	0	0	0	0	0	0
-7	4	10	0	0	0	0	0	0
-7	4	11	0	0	0	0	0	0
-7	4	12	0	0	0	0	0	0
-7	5	-12	0	0	0	0	0	0
-7	5	-11	0	0	0	0	0	0
-7	5	-10	0	0	0	0	0	0
-7	5	-9	0	0	0	0	0	0
-7	5	-8	7.1488732084616241419e-06	4.0420329797697351532e-06	1.1298851036169445749e-05	1.5702533062917893478e-06	8.0651784020198257466e-07	-2.555370540866150049e-06
-7	5	-7	-8.5874773186265041452e-06	-8.3015384787479047662e-06	-4.0072406838439851351e-06	1.456479371299058294e-06	5.7251625444522278387e-06	9.3418808868186622031e-06
-7	5	-6	-1.3225691093019020171e-05	-1.0419443519583967099e-05	-2.2956115545919130973e-05	1.2328926742654601085e-05	-3.7001233464104197921e-06	2.2430123058393462238e-05
-7	5	-5	2.5763340040640126381e-05	6.8221716558919424993e-06	3.4387464666602072063e-05	-1.1115049310928146336e-05	-1.6812113902941094442e-06	-2.066608962917686448e-05
-7	5	-4	4.9951142904881016741e-06	-1.7626624056834220677e-05	4.235458326060424452e-05	-2.3957411725726081325e-05	4.4201779067401125603e-05	8.9982744230228219963e-07
-7	5	-3	-3.8958238587805147453e-05	7.3905763652784296205e-06	-2.2357708580573454473e-05	1.3019800596691468879e-06	5.3639709070589583213e-05	-1.5074711419534424301e-05
-7	5	-2	-1.3368136459500771146e-05	-1.1845920886147276276e-05	-1.884672557239355133e-05	-5.3256781007579084223e-06	-3.2833632273117952569e-07	2.8146527849620696756e-05
-7	5	-1	2.7460503018166980329e-06	8.7782043381917762418e-06	4.2885091705220709988e-06	1.1941251869959375903e-05	2.2201937398934657991e-06	-1.7411710175455501546e-06
-7	5	0	4.5456026838722846887e-05	-6.2167703337926620991e-06	6.3638437574211988352e-05	-8.703478467309727447e-06	5.7545345216602549561e-05	-2.9253756604121733766e-05
-7	5	1	-1.5261630050145267077e-05	2.3995491609944121141e-06	-3.2615341817289871256e-05	2.9239959692561999047e-06	5.6245298735432503682e-05	2.1768642806798848522e-06
-7	5	2	-1.021470851207976612e-05	-1.0446824068367481999e-05	-1.2712257225493624099e-05	-1.0301525798684301138e-05	-3.9708367285451211714e-06	-1.0810069742575436692e-05
-7	5	3	-1.5446663876693331717e-05	1.3495278374366794804e-05	-1.5656038662235658506e-05	1.3623246439085206293e-05	-9.9488179418916776258e-06	8.783572141713843489e-06
-7	5	4	2.320449164788678019e-05	2.2285292799235377468e-06	1.9947939276127996642e-05	-1.5135779097222591661e-05	1.5672936288641867836e-05	2.2819650111394428727e-05
-7	5	5	1.9343943833814531091e-05	6.8854723883382522054e-06	1.559956460756852401e-05	1.5057132469217727439e-05	1.1481956759771820534e-05	-5.4174711255441750286e-06
-7	5	6	-3.2642074757264801356e-05	3.0359995360383132447e-06	-1.2113481164248776972e-05	2.0705068470442797859e-06	-2.7987852913268286591e-05	1.8165770861744657012e-06
-7	5	7	3.298480053355624467e-06	4.5913646697644788363e-06	2.1641307075055218233e-05	-1.1803656463334674044e-05	-1.2159596428826674271e-05	1.3022547857860674098e-05
-7	5	8	-5.9786100570286807273e-06	7.4324233183236251072e-07	-5.1019345406156131205e-06	6.4661968550604181707e-06	-2.0425747120153371184e-06	-3.3910359940594440672e-06
-7	5	9	0	0	0	0	0	0
-7	5	10	0	0	0	0	0	0
-7	5	11	0	0	0	0	0	0
-7	5	12	0	0	0	0	0	0
-7	6	-12	0	0	0	0	0	0
-7	6	-11	0	0	0	0	0	0
-7	6	-10	0	0	0	0	0	0
-7	6	-9	0	0	0	0	0	0
-7	6	-8	-9.573502553830952192e-06	-7.027816001528136683e-06	-3.6785373030950238819e-06	6.0654795898594828088e-06	5.6179117572808153625e-06	1.0698448693731730857e-05
-7	6	-7	2.5178740335503873962e-06	-5.569464627416660913e-06	3.0677591128175345987e-06	-1.7832814890949912913e-05	1.1163377743607088228e-07	-9.7158052791118350229e-06
-7	6	-6	1.7260694461196558966e-06	-5.2088598552970069886e-06	-2.0363880882698999399e-06	-1.9496749924780820674e-05	-4.0501357754094983448e-06	-1.3419746760267646136e-05
-7	6	-5	1.0423687039935182323e-06	-2.4740101422835733487e-05	-1.0329254627260418784e-05	-9.3775698440671393172e-06	-1.3854421738303428956e-05	2.3383058179089461734e-05
-7	6	-4	-8.6310039736440295836e-06	9.0105201873393790207e-06	3.6479252653112370733e-06	-2.0259525687573961663e-06	2.0576144851843906111e-05	-1.8807339180980005842e-05
-7	6	-3	1.2123800476258268289e-05	-7.595502823481520578e-06	8.6562855906477456376e-06	-2.049340944104421258e-06	-1.0976296596640464678e-05	1.362415803324803968e-05
-7	6	-2	4.8158736192133574773e-06	1.198589425944465367e-05	-1.4474522748774871677e-06	2.2365900599222967633e-05	-2.1197914491879212673e-05	2.5147071889612615053e-05
-7	6	-1	-1.19106454607123997e-05	1.6568257275365018221e-05	-1.6833865276445176504e-05	1.9144357042080805098e-05	-1.7628673433684252658e-05	-1.1116586750703105117e-06
-7	6	0	-8.9462980847810478531e-06	1.1806274464745427591e-05	-1.0437347765577889444e-05	1.3773986875536331625e-05	1.919711557371178045e-05	1.3062422192097621927e-05
-7	6	1	-4.9817415757715299409e-06	7.0216530835121883291e-06	-7.2339448488806529027e-06	8.0742668278205309562e-06	8.5314780628832052889e-06	7.0597061766213002512e-07
-7	6	2	-3.7604024106166722623e-06	-1.3141653537887130866e-05	4.1945364461208865272e-06	-1.5872979076207331873e-05	-2.5745017775521013135e-05	1.6231498460170426699e-06
-7	6	3	2.6361679297945266878e-05	2.7221379645847039425e-05	3.0596048513452135935e-05	2.6987450992125390156e-05	3.1848800163467870678e-07	9.5416505227256467073e-06
-7	6	4	-6.5072676502364887473e-06	-2.5861449534733522656e-05	-3.2664673657497915236e-06	-3.0940651198470294999e-05	-6.4880173392891684459e-06	1.1534401119217770035e-06
-7	6	5	6.6058910376389818864e-07	9.3774310472235598027e-06	-3.7544741722992670322e-06	1.2299326252343136081e-06	5.4301937520285775216e-06	1.1652484315831806462e-05
-7	6	6	-4.3647362180606032937e-06	-8.9608966708457759843e-06	2.8946645841998712541e-06	-2.5071713875274531484e-05	-7.9868568386039082889e-06	1.4617334425954457526e-05
-7	6	7	2.7678042478734678355e-06	1.8376844353204716242e-05	9.8940050371224716556e-07	2.629612748544605196e-05	1.9197466732629700835e-06	-4.1626934914633297469e-06
-7	6	8	8.5442975073106298929e-06	-2.2410086548327522941e-05	1.7701925181146468567e-05	8.5078022165639702936e-06	-5.8001835669630509042e-06	-2.598967739220955987e-05
-7	6	9	0	0	0	0	0	0
-7	6	10	0	0	0	0	0	0
-7	6	11	0	0	0	0	0	0
-7	6	12	0	0	0	0	0	0
-7	7	-12	0	0	0	0	0	0
-7	7	-11	0	0	0	0	0	0
-7	7	-10	0	0	0	0	0	0
-7	7	-9	0	0	0	0	0	0
-7	7	-8	-1.4467162811849057399e-05	3.5890409801420680357e-06	-4.0442591670376541887e-06	-2.0553708389100337062e-05	9.1200406892099773856e-06	-2.1124905698087104725e-05
-7	7	-7	-8.7986194160577583774e-06	6.1076691437432031905e-06	-1.6524759530560298849e-05	9.5818099701619423829e-06	-7.7261401145025404721e-06	3.4741408264187400394e-06
-7	7	-6	1.4155886444971239974e-05	2.0104583456574983632e-06	-1.6630168111886666974e-05	-2.2793120417715003578e-06	-3.5917063649667556129e-05	-5.0047321186671650333e-06
-7	7	-5	-8.2512139588481949744e-06	-4.9045062833634544641e-06	-7.2116700990497919631e-06	-5.0539447168974686888e-06	1.4553614037177650629e-06	-2.0921380694762019513e-07
-7	7	-4	6.0123225999164950934e-06	-5.8651443076639542617e-06	5.7280854812127793426e-06	-4.0999639911059274579e-06	-4.9741495773150214028e-07	3.0890655539765469067e-06
-7	7	-3	-2.6122714441529660683e-05	7.6326698086113015134e-06	-2.2576579022663446499e-05	8.7846729790748220862e-06	8.2743159773545031513e-06	2.6880073977482172109e-06
-7	7	-2	1.5877239629412768551e-07	2.6560429034722350466e-05	4.8834711031981894219e-07	2.3735475676199745902e-05	1.153511499089919266e-06	-9.8873367548291142803e-06
-7	7	-1	2.604857211018938448e-05	-1.6003928929192118513e-05	2.2891424080360876705e-05	-7.9806041426323849223e-06	-2.210003620879955104e-05	5.616327350591814022e-05
-7	7	0	-2.7743682056933879383e-05	2.1446795322376676376e-05	-2.7743682056933879383e-05	2.1446795322376676376e-05	4.4228987700767634014e-05	3.8567034908493220727e-06
-7	7	1	-1.7612104146688805828e-06	1.0414035791285586975e-05	-5.1146995735683349271e-06	9.8246252492712804401e-06	2.3474424112296178081e-05	4.1258737941001432008e-06
-7	7	2	3.6535505021766693314e-06	3.0572597236003170315e-05	6.1785822675443149784e-06	1.8817204099364236619e-05	-8.8376111787867610352e-06	4.1143875978236266243e-05
-7	7	3	-6.2748387405379455094e-06	-2.3086880086353443086e-06	-5.5832082319347864802e-06	1.288064130279936286e-05	-1.6138045200740372406e-06	-3.5441768393347649496e-05
-7	7	4	1.394035315433341427e-06	1.9891378524218832085e-05	5.0812406286032815798e-06	-1.7087451268247733974e-06	-6.4526092980473952144e-06	3.7800216389326308695e-05
-7	7	5	1.2133425498844666878e-05	5.8652270066907283725e-06	1.3536047355646414484e-05	2.5581767931067112373e-06	-1.963670599522447496e-06	4.6298702990176236505e-06
-7	7	6	-7.3059110885443493181e-06	6.3540426910450122041e-07	1.4353049097270643289e-05	-1.0378876036096841865e-05	-2.5268786883450823297e-05	1.2849993689401567392e-05
-7	7	7	-5.5901132506990372899e-06	1.1514975120954458994e-05	-2.0307918946467834829e-06	5.8010563854613211445e-06	-3.5593213560522533835e-06	5.7139187354931386963e-06
-7	7	8	9.6889653716052945759e-06	1.2983113029318586862e-05	2.9652612419957470708e-06	1.1821771567875182318e-05	5.8832411134083539611e-06	1.0161737787629787639e-06
-7	7	9	0	0	0	0	0	0
-7	7	10	0	0	0	0	0	0
-7	7	11	0	0	0	0	0	0
-7	7	12	0	0	0	0	0	0
-7	8	-12	0	0	0	0	0	0
-7	8	-11	0	0	0	0	0	0
-7	8	-10	0	0	0	0	0	0
-7	8	-9	0	0	0	0	0	0
-7	8	-8	8.1784345184478902469e-06	9.7088426499707939141e-06	-1.098042035527671484e-05	1.0406507589388113585e-05	-1.8136550558918618806e-05	1.9112702706636678515e-06
-7	8	-7	1.6831663909948900074e-05	2.7158978912965231397e-06	2.8128414725571935983e-06	2.9194145942460594212e-06	-1.3616987941312108358e-05	6.2057593069897293332e-07
-7	8	-6	-1.9934776464878203212e-06	-2.4292422291857447421e-06	3.4641466464113895194e-06	-5.3309056264639563053e-06	6.9445861161176431378e-06	-4.2737582345685729452e-06
-7	8	-5	-5.6579178734340464995e-08	1.1420836802514732896e-05	1.2262578344288762347e-05	1.3123816855498938696e-06	1.9699336201090095438e-05	-1.3889360826640795185e-05
-7	8	-4	3.391095905614524408e-06	1.2903916969928184064e-05	4.8541668936542204169e-06	6.1275156452133253446e-06	3.7739159524830224845e-06	-1.0326823406947670999e-05
-7	8	-3	-9.801863353502457044e-06	9.4713078630993574906e-06	-1.1503183113598284231e-05	-1.23588144126803173e-06	-7.8041404780896949002e-06	-2.5395402190613251527e-05
-7	8	-2	-2.3336646204676552108e-05	5.0541137508090025799e-06	-2.2460874417826596811e-05	8.8319210076273233569e-06	-8.1652359549384616425e-06	1.7638285902677783127e-05
-7	8	-1	-6.935304387003850866e-06	-1.6134439170380910348e-05	-1.1147683205701834527e-05	-1.7530666830828229544e-05	-4.0634334936587712531e-05	-2.7304260453959460528e-05
-7	8	0	1.6232709231672197463e-05	-2.3375948631105718185e-05	1.4203620577713172357e-05	-2.0453955052217502142e-05	-5.8046450444363674483e-06	1.1785767959831526541e-06
-7	8	1	-2.7875041260496087814e-05	1.2603992730409090272e-05	-2.3364301260748615325e-05	8.5014666109199366989e-06	-8.2108787374836954905e-06	2.0216216225504143395e-05
-7	8	2	2.8551778043902769442e-06	2.0022931215988406574e-06	6.2526523901199336812e-06	-2.0762240499730053972e-06	-1.5017487245113764996e-05	1.5312922125487965583e-05
-7	8	3	-2.0479707443849335801e-05	1.1831964517844711547e-05	-7.0362930963855374464e-06	6.9587527500826103775e-06	-2.9022535778620350345e-05	9.0512432080840331668e-06
-7	8	4	3.3025886140450688594e-06	1.0238080743727338289e-05	-5.5193234469387339645e-06	2.7281469724989383073e-06	1.6818176968456338645e-05	1.2460347356524964968e-05
-7	8	5	-1.0319095245854323809e-05	2.546048042859384649e-06	5.8541357655537448504e-06	5.4812899127571400678e-07	-2.3813350569082044754e-05	2.6874608739619964366e-06
-7	8	6	1.8812196242708575022e-05	3.378248263472579968e-06	-5.2460720626127776544e-06	8.2279097690541802492e-06	2.8942325033310374398e-05	-7.0292567180208976715e-06
-7	8	7	1.0769533777965792045e-06	2.3428459280041788278e-06	-2.3310013768329058307e-06	3.8516732647948755241e-06	3.7409549513199002144e-06	-2.0590663746185353309e-06
-7	8	8	-1.2471665669152821936e-05	-1.6426356311819914754e-05	-7.9244156483917111328e-06	-3.8142680240480306859e-06	-2.9882918121170076373e-06	-1.0558793748794395147e-05
-7	8	9	0	0	0	0	0	0
-7	8	10	0	0	0	0	0	0
-7	8	11	0	0	0	0	0	0
-7	8	12	0	0	0	0	0	0
-7	9	-12	0	0	0	0	0	0
-7	9	-11	0	0	0	0	0	0
-7	9	-10	0	0	0	0	0	0
-7	9	-9	0	0	0	0	0	0
-7	9	-8	0	0	0	0	0	0
-7	9	-7	0	0	0	0	0	0
-7	9	-6	0	0	0	0	0	0
-7	9	-5	0	0	0	0	0	0
-7	9	-4	0	0	0	0	0	0
-7	9	-3	0	0	0	0	0	0
-7	9	-2	0	0	0	0	0	0
-7	9	-1	0	0	0	0	0	0
-7	9	0	0	0	0	0	0	0
-7	9	1	0	0	0	0	0	0
-7	9	2	0	0	0	0	0	0
-7	9	3	0	0	0	0	0	0
-7	9	4	0	0	0	0	0	0
-7	9	5	0	0	0	0	0	0
-7	9	6	0	0	0	0	0	0
-7	9	7	0	0	0	0	0	0
-7	9	8	0	0	0	0	0	0
-7	9	9	0	0	0	0	0	0
-7	9	10	0	0	0	0	0	0
-7	9	11	0	0	0	0	0	0
-7	9	12	0	0	0	0	0	0
-7	10	-12	0	0	0	0	0	0
-7	10	-11	0	0	0	0	0	0
-7	10	-10	0	0	0	0	0	0
-7	10	-9	0	0	0	0	0	0
-7	10	-8	0	0	0	0	0	0
-7	10	-7	0	0	0	0	0	0
-7	10	-6	0	0	0	0	0	0
-7	10	-5	0	0	0	0	0	0
-7	10	-4	0	0	0	0	0	0
-7	10	-3	0	0	0	0	0	0
-7	10	-2	0	0	0	0	0	0
-7	10	-1	0	0	0	0	0	0
-7	10	0	0	0	0	0	0	0
-7	10	1	0	0	0	0	0	0
-7	10	2	0	0	0	0	0	0
-7	10	3	0	0	0	0	0	0
-7	10	4	0	0	0	0	0	0
-7	10	5	0	0	0	0	0	0
-7	10	6	0	0	0	0	0	0
-7	10	7	0	0	0	0	0	0
-7	10	8	0	0	0	0	0	0
-7	10	9	0	0	0	0	0	0
-7	10	10	0	0	0	0	0	0
-7	10	11	0	0	0	0	0	0
-7	10	12	0	0	0	0	0	0
-7	11	-12	0	0	0	0	0	0
-7	11	-11	0	0	0	0	0	0
-7	11	-10	0	0	0	0	0	0
-7	11	-9	0	0	0	0	0	0
-7	11	-8	0	0	0	0	0	0
-7	11	-7	0	0	0	0	0	0
-7	11	-6	0	0	0	0	0	0
-7	11	-5	0	0	0	0	0	0
-7	11	-4	0	0	0	0	0	0
-7	11	-3	0	0	0	0	0	0
-7	11	-2	0	0	0	0	0	0
-7	11	-1	0	0	0	0	0	0
-7	11	0	0	0	0	0	0	0
-7	11	1	0	0	0	0	0	0
-7	11	2	0	0	0	0	0	0
-7	11	3	0	0	0	0	0	0
-7	11	4	0	0	0	0	0	0
-7	11	5	0	0	0	0	0	0
-7	11	6	0	0	0	0	0	0
-7	11	7	0	0	0	0	0	0
-7	11	8	0	0	0	0	0	0
-7	11	9	0	0	0	0	0	0
-7	11	10	0	0	0	0	0	0
-7	11	11	0	0	0	0	0	0
-7	11	12	0	0	0	0	0	0
-7	12	-12	0	0	0	0	0	0
-7	12	-11	0	0	0	0	0	0
-7	12	-10	0	0	0	0	0	0
-7	12	-9	0	0	0	0	0	0
-7	12	-8	0	0	0	0	0	0
-7	12	-7	0	0	0	0	0	0
-7	12	-6	0	0	0	0	0	0
-7	12	-5	0	0	0	0	0	0
-7	12	-4	0	0	0	0	0	0
-7	12	-3	0	0	0	0	0	0
-7	12	-2	0	0	0	0	0	0
-7	12	-1	0	0	0	0	0	0
-7	12	0	0	0	0	0	0	0
-7	12	1	0	0	0	0	0	0
-7	12	2	0	0	0	0	0	0
-7	12	3	0	0	0	0	0	0
-7	12	4	0	0	0	0	0	0
-7	12	5	0	0	0	0	0	0
-7	12	6	0	0	0	0	0	0
-7	12	7	0	0	0	0	0	0
-7	12	8	0	0	0	0	0	0
-7	12	9	0	0	0	0	0	0
-7	12	10	0	0	0	0	0	0
-7	12	11	0	0	0	0	0	0
-7	12	12	0	0	0	0	0	0
-6	-12	-12	0	0	0	0	0	0
-6	-12	-11	0	0	0	0	0	0
-6	-12	-10	0	0	0	0	0	0
-6	-12	-9	0	0	0	0	0	0
-6	-12	-8	0	0	0	0	0	0
-6	-12	-7	0	0	0	0	0	0
-6	-12	-6	0	0	0	0	0	0
-6	-12	-5	0	0	0	0	0	0
-6	-12	-4	0	0	0	0	0	0
-6	-12	-3	0	0	0	0	0	0
-6	-12	-2	0	0	0	0	0	0
-6	-12	-1	0	0	0	0	0	0
-6	-12	0	0	0	0	0	0	0
-6	-12	1	0	0	0	0	0	0
-6	-12	2	0	0	0	0	0	0
-6	-12	3	0	0	0	0	0	0
-6	-12	4	0	0	0	0	0	0
-6	-12	5	0	0	0	0	0	0
-6	-12	6	0	0	0	0	0	0
-6	-12	7	0	0	0	0	0	0
-6	-12	8	0	0	0	0	0	0
-6	-12	9	0	0	0	0	0	0
-6	-12	10	0	0	0	0	0	0
-6	-12	11	0	0	0	0	0	0
-6	-12	12	0	0	0	0	0	0
-6	-11	-12	0	0	0	0	0	0
-6	-11	-11	0	0	0	0	0	0
-6	-11	-10	0	0	0	0	0	0
-6	-11	-9	0	0	0	0	0	0
-6	-11	-8	0	0	0	0	0	0
-6	-11	-7	0	0	0	0	0	0
-6	-11	-6	0	0	0	0	0	0
-6	-11	-5	0	0	0	0	0	0
-6	-11	-4	0	0	0	0	0	0
-6	-11	-3	0	0	0	0	0	0
-6	-11	-2	0	0	0	0	0	0
-6	-11	-1	0	0	0	0	0	0
-6	-11	0	0	0	0	0	0	0
-6	-11	1	0	0	0	0	0	0
-6	-11	2	0	0	0	0	0	0
-6	-11	3	0	0	0	0	0	0
-6	-11	4	0	0	0	0	0	0
-6	-11	5	0	0	0	0	0	0
-6	-11	6	0	0	0	0	0	0
-6	-11	7	0	0	0	0	0	0
-6	-11	8	0	0	0	0	0	0
-6	-11	9	0	0	0	0	0	0
-6	-11	10	0	0	0	0	0	0
-6	-11	11	0	0	0	0	0	0
-6	-11	12	0	0	0	0	0	0
-6	-10	-12	0	0	0	0	0	0
-6	-10	-11	0	0	0	0	0	0
-6	-10	-10	0	0	0	0	0	0
-6	-10	-9	0	0	0	0	0	0
-6	-10	-8	0	0	0	0	0	0
-6	-10	-7	0	0	0	0	0	0
-6	-10	-6	0	0	0	0	0	0
-6	-10	-5	0	0	0	0	0	0
-6	-10	-4	0	0	0	0	0	0
-6	-10	-3	0	0	0	0	0	0
-6	-10	-2	0	0	0	0	0	0
-6	-10	-1	0	0	0	0	0	0
-6	-10	0	0	0	0	0	0	0
-6	-10	1	0	0	0	0	0	0
-6	-10	2	0	0	0	0	0	0
-6	-10	3	0	0	0	0	0	0
-6	-10	4	0	0	0	0	0	0
-6	-10	5	0	0	0	0	0	0
-6	-10	6	0	0	0	0	0	0
-6	-10	7	0	0	0	0	0	0
-6	-10	8	0	0	0	0	0	0
-6	-10	9	0	0	0	0	0	0
-6	-10	10	0	0	0	0	0	0
-6	-10	11	0	0	0	0	0	0
-6	-10	12	0	0	0	0	0	0
-6	-9	-12	0	0	0	0	0	0
-6	-9	-11	0	0	0	0	0	0
-6	-9	-10	0	0	0	0	0	0
-6	-9	-9	0	0	0	0	0	0
-6	-9	-8	0	0	0	0	0	0
-6	-9	-7	0	0	0	0	0	0
-6	-9	-6	0	0	0	0	0	0
-6	-9	-5	0	0	0	0	0	0
-6	-9	-4	0	0	0	0	0	0
-6	-9	-3	0	0	0	0	0	0
-6	-9	-2	0	0	0	0	0	0
-6	-9	-1	0	0	0	0	0	0
-6	-9	0	0	0	0	0	0	0
-6	-9	1	0	0	0	0	0	0
-6	-9	2	0	0	0	0	0	0
-6	-9	3	0	0	0	0	0	0
-6	-9	4	0	0	0	0	0	0
-6	-9	5	0	0	0	0	0	0
-6	-9	6	0	0	0	0	0	0
-6	-9	7	0	0	0	0	0	0
-6	-9	8	0	0	0	0	0	0
-6	-9	9	0	0	0	0	0	0
-6	-9	10	0	0	0	0	0	0
-6	-9	11	0	0	0	0	0	0
-6	-9	12	0	0	0	0	0	0
-6	-8	-12	0	0	0	0	0	0
-6	-8	-11	0	0	0	0	0	0
-6	-8	-10	0	0	0	0	0	0
-6	-8	-9	0	0	0	0	0	0
-6	-8	-8	-1.1723654645591539638e-05	-3.0964031324310289386e-05	6.3862453472453882075e-06	2.403097193111391821e-05	2.4064956369482665212e-06	-8.0794843788120000638e-07
-6	-8	-7	-4.0746283256482446546e-07	7.7975908497323284278e-06	3.4941002778692660595e-06	-2.7952889919438141369e-05	-3.644003603937883385e-06	2.5262510608158737682e-05
-6	-8	-6	8.1237620319831181691e-06	1.3189221233402115461e-05	4.0536737493945346078e-06	-1.0872761041617751216e-05	-1.3528660364509165442e-05	1.3077934887548851724e-06
-6	-8	-5	4.5070194238565146859e-06	7.0658355168926167137e-06	1.6349665821522321946e-05	-3.3532870809811565023e-05	-3.1567888623063531381e-05	4.5173590675427368723e-05
-6	-8	-4	-2.3912614132605457869e-05	4.3914816443640945288e-05	1.5012197745698392852e-05	-4.0374994732247469623e-05	5.8445257075113994069e-06	1.4877764799033514539e-05
-6	-8	-3	1.0029361234929421982e-05	1.2863383880011395477e-05	-1.5842689457046576366e-06	-3.7681535325348917543e-06	-1.5834005281313090832e-05	-1.5678358339929745146e-05
-6	-8	-2	2.3560224831865823674e-05	1.6403418054071427742e-05	-2.384288222182018096e-05	-1.5752948165804945256e-05	2.4690854391683256204e-05	1.3801538501005492716e-05
-6	-8	-1	8.2508175100467325491e-06	2.5152022435431703133e-06	-7.493252098985411437e-06	-3.826452508765488034e-06	1.0441111731602902978e-05	1.5520406608864881546e-05
-6	-8	0	-1.0656688627591401268e-05	-3.6500018712156036649e-06	7.9925164706935513748e-06	2.7375014034117026428e-06	-1.6248721336568487287e-05	4.8589203170893261483e-05
-6	-8	1	-6.5135249428866864063e-06	4.4691942918384127594e-06	8.3172854330910610872e-06	1.505099729833485258e-06	2.7457133807408375342e-05	3.8855963589698362009e-05
-6	-8	2	2.418682913127282776e-06	-1.9743014930491444557e-05	1.631516807518369604e-06	1.8722592417833974266e-05	1.3782115969455326321e-05	1.5661324879861563395e-05
-6	-8	3	-4.1080711167965289687e-06	9.6242893972780121876e-06	7.8364654960587498277e-06	1.6036014906612937541e-06	1.268109908923027776e-05	2.3524849436319474386e-05
-6	-8	4	8.3092475227622553379e-06	-1.4234983861962413111e-05	-5.3170951469642710493e-06	-3.3574634087470177026e-06	1.8296809902148404848e-06	-2.8067402610437655071e-05
-6	-8	5	-3.9695386367779789192e-05	1.1776961743822156323e-05	2.4889761938726289998e-05	-7.2316966684889302086e-06	-7.810844539373684389e-06	2.56163942300429883e-06
-6	-8	6	-9.0337669466348113499e-06	1.3045679531868191681e-05	-3.8990828761921852127e-07	-8.5252376738422758993e-06	-9.5536446634604363273e-06	1.6786959667451574309e-06
-6	-8	7	6.3965858796692915596e-06	-1.3591855572667353998e-05	-4.2340068106931553988e-06	-6.2809104290320626386e-06	6.4392297035292949778e-07	-1.8828345266894373078e-05
-6	-8	8	-2.2688967977514953825e-07	3.0399639094203049056e-06	1.8246692780365794037e-07	-2.3269071729381879672e-06	1.2299667972295796608e-08	-4.6934240872959261586e-08
-6	-8	9	0	0	0	0	0	0
-6	-8	10	0	0	0	0	0	0
-6	-8	11	0	0	0	0	0	0
-6	-8	12	0	0	0	0	0	0
-6	-7	-12	0	0	0	0	0	0
-6	-7	-11	0	0	0	0	0	0
-6	-7	-10	0	0	0	0	0	0
-6	-7	-9	0	0	0	0	0	0
-6	-7	-8	-5.7143700326350633817e-06	-1.7683657244609563133e-05	-1.7749437390190349637e-05	1.2980420528039536305e-05	1.981653524089285474e-05	1.904874971422578295e-06
-6	-7	-7	1.0337544293616467373e-05	-4.019051350050024184e-06	-8.5253840335221044753e-07	1.2379108310663334855e-05	-8.0082138483190477542e-06	-8.9342071534775986306e-06
-6	-7	-6	-8.3694216306431281623e-06	5.9446377373212141659e-06	2.3299350175159849789e-05	-6.3411227526193857457e-06	-1.8813153573710031055e-05	1.4533388074014027491e-06
-6	-7	-5	2.1635821963622242859e-05	5.0968778694734259468e-08	3.1884147601264700753e-06	4.3431210264525398575e-06	-3.0426767020523751823e-05	-6.1415319714672365228e-06
-6	-7	-4	-5.732076423738103936e-06	-1.9518021157546043738e-05	1.7693458303279703964e-05	1.4115756109250069902e-05	-2.2365437395132323916e-05	4.5744585451314449722e-06
-6	-7	-3	3.5735054765428724441e-07	2.2891691038428683828e-06	2.7772316092040939197e-06	2.064539396591814789e-06	-7.1949081834514601604e-06	-9.3955967997333037596e-06
-6	-7	-2	2.5295648712114876511e-05	1.8884531328807415866e-05	-3.223145425208678882e-05	-1.3436821139179438384e-05	3.6923143745959138113e-05	-9.6247199992942157934e-06
-6	-7	-1	-1.6053978366240290995e-05	-2.4719857098631554829e-05	1.3794175950846180199e-05	2.3703860998142214651e-05	-2.3536145848152852215e-07	-1.7607884395206170196e-05
-6	-7	0	-6.7718320051417561092e-06	-5.7953043034269091169e-06	5.8044274329786485776e-06	4.9674036886516367489e-06	-1.9748809304001335344e-05	-3.3602728738261671362e-05
-6	-7	1	-1.0786384478080200038e-05	-9.4509707691141554451e-06	7.3590956003435630293e-06	4.5572290593023592363e-06	-1.3204637666076255633e-05	-2.4805221199568414629e-05
-6	-7	2	-2.1049875829654912462e-05	2.632134615082527246e-05	1.3963302873347565084e-05	-2.3649756118279665273e-05	-1.4278067432248261285e-05	-3.8101079615030127701e-06
-6	-7	3	-1.2684044899909923819e-05	2.1017312247441711153e-05	3.4255538329936241287e-05	-2.7880986193539901083e-05	5.456149963669804418e-05	-2.302100995670968022e-05
-6	-7	4	-1.8148608341086120224e-05	1.3567201294517566062e-05	-1.4201933297706994161e-06	-1.875388069158721456e-05	-2.9708250838727902408e-05	-1.2468489268501274693e-05
-6	-7	5	-2.4870412191312133126e-05	5.606427580771846815e-06	1.8414070522360954642e-05	-7.2687987623548815344e-06	-4.0647958982692257942e-06	-3.4486051703706178007e-06
-6	-7	6	-8.4824379894960436071e-06	2.6401841495445878635e-05	3.990568144838300907e-06	-1.9889350524601971269e-05	-3.8267751538513599215e-06	3.1975992167435774092e-06
-6	-7	7	-5.7484053498559722331e-06	9.8952320087927345333e-06	-1.3106935623653679865e-05	1.2962990044969755431e-05	-1.8034140209244514175e-05	2.1444617481077811667e-05
-6	-7	8	8.6680115733836451584e-06	9.1848517122617841056e-06	-6.0229055869887408251e-06	2.8103215845919146275e-06	1.2309662914225857527e-06	9.3476701707142642253e-06
-6	-7	9	0	0	0	0	0	0
-6	-7	10	0	0	0	0	0	0
-6	-7	11	0	0	0	0	0	0
-6	-7	12	0	0	0	0	0	0
-6	-6	-12	0	0	0	0	0	0
-6	-6	-11	0	0	0	0	0	0
-6	-6	-10	0	0	0	0	0	0
-6	-6	-9	0	0	0	0	0	0
-6	-6	-8	1.73604620540769441e-07	5.8226989960032792066e-07	1.4396382053000522557e-05	1.1105683808142099894e-05	-1.0927490005155968456e-05	-8.7659652808068207549e-06
-6	-6	-7	-1.4227134938775459527e-05	6.4894535330957335461e-06	-3.6778053838068517256e-06	1.8251179588274021429e-06	1.5347091705070553471e-05	-7.1267755645055448158e-06
-6	-6	-6	-2.0300036927588223986e-05	4.6966560495259180832e-06	2.513122645517508084e-05	-1.6805091268438912068e-07	-4.831189527586858548e-06	-4.5286051368415290684e-06
-6	-6	-5	1.735234761924465098e-05	-3.2075628779670048267e-05	-1.8317297065106587863e-05	1.5030700908651900536e-05	1.1579393350343268847e-06	2.0453913445221780665e-05
-6	-6	-4	-2.3889377946181568043e-05	-3.7680405608959903594e-05	1.3517485331714740809e-05	2.6727796954885419523e-05	1.5557838921700242545e-05	1.6428912981111724412e-05
-6	-6	-3	1.2992514868898689094e-05	1.2075244760820303736e-05	-2.3672541069510989292e-05	7.3340112702384397877e-06	2.1360052401224597008e-05	-3.8818512062117487048e-05
-6	-6	-2	-1.1583539749781851026e-06	-1.2982948075646751837e-06	-1.7861788613157043203e-05	7.6387413724448684427e-06	5.7060427764405690211e-05	-1.9021339694640580201e-05
-6	-6	-1	4.9959394113237590108e-05	-1.7969494961996831044e-05	-4.1063269951972806635e-05	1.4448247470593706188e-05	-5.3376744967588694065e-05	2.1127484948418759304e-05
-6	-6	0	1.2656051000400140021e-05	9.6190476409056609213e-06	-1.2656051000400140021e-05	-9.6190476409056609213e-06	0.00010394688935883715541	-2.0889298927051176959e-06
-6	-6	1	-3.2991665481598718501e-06	2.7636750197984179337e-06	2.3718394583066387196e-06	-8.7163903584773886772e-06	-5.563962539119398783e-06	-3.5716292032073817685e-05
-6	-6	2	-4.8255902454241975834e-05	-1.8213193989284779745e-05	4.9609417504128253194e-05	9.0659239577133214589e-06	4.0605451496588363143e-06	-2.7441810094714373165e-05
-6	-6	3	-7.4884200769203628534e-06	-2.6347790043537942106e-05	-1.0144447032585773421e-05	7.3402500534366647814e-06	-3.5265734219012270854e-05	-3.8015079980202556343e-05
-6	-6	4	-1.7318006338274322581e-05	-5.2336611304446861538e-06	-2.9241174402002676386e-06	4.7613516725334764705e-06	-3.036318566771188787e-05	-7.0846418686681473673e-07
-6	-6	5	2.7090947799653410913e-05	-1.4589038343090140676e-05	-2.2348223745559484552e-05	-1.5121405792471646174e-05	5.6912688649127124801e-06	-3.5652532962674146253e-05
-6	-6	6	5.2511148395563258856e-06	-4.8922151498473566607e-06	-1.1050919797540898371e-05	1.9495401138597676018e-05	-5.7998049579845724854e-06	1.4603185988750319357e-05
-6	-6	7	2.1494158793532310117e-05	-9.8383771587253185983e-06	-2.0488201862971983823e-05	2.6159919978050826509e-05	8.6224879762313721676e-07	1.3989893845136149638e-05
-6	-6	8	-1.2272694689250559907e-06	1.088696074069202804e-06	-9.2622843553289413557e-06	7.46405892140284865e-06	-7.8671653681904981156e-06	6.4145662466040379552e-06
-6	-6	9	0	0	0	0	0	0
-6	-6	10	0	0	0	0	0	0
-6	-6	11	0	0	0	0	0	0
-6	-6	12	0	0	0	0	0	0
-6	-5	-12	0	0	0	0	0	0
-6	-5	-11	0	0	0	0	0	0
-6	-5	-10	0	0	0	0	0	0
-6	-5	-9	0	0	0	0	0	0
-6	-5	-8	-8.3638343034983042915e-06	5.1460638380940130969e-06	-1.0224931807011777997e-05	-3.9002263086194495945e-05	1.2663458107006089043e-05	2.0516866550301049931e-05
-6	-5	-7	1.4598564886101113048e-05	-2.1328537798354755303e-05	1.480355763214641861e-05	4.6934890425983829263e-06	-2.3087025353905540214e-05	1.4929111653876659356e-05
-6	-5	-6	1.5937389635874017578e-05	-2.3144191357037675324e-05	-3.2068563047904177386e-05	5.0595458000855725647e-05	1.0786412904046130244e-05	-1.9018690310342094919e-05
-6	-5	-5	-2.5993480173334208071e-06	1.5845197526508274038e-05	8.8898663826240451979e-06	3.4275888551083432321e-05	-5.7706487618239398906e-06	-5.3290125582893361166e-05
-6	-5	-4	-4.2739977960308375476e-05	-1.9727991606164868278e-05	1.1397262745403480738e-05	-4.2116034821164595903e-06	4.9863388508708209751e-05	3.4856491761892877753e-05
-6	-5	-3	2.187230501334532694e-05	-1.2245441595216252496e-05	-2.2139846816026046024e-05	1.0764895446669413363e-05	-6.8448653333139102236e-06	6.549390779316815771e-06
-6	-5	-2	2.2618212297715522353e-05	-2.2847969638969831347e-05	-2.8162596791360638938e-05	2.6922446553453720539e-05	2.5518550852550281673e-06	1.2377925332751869739e-06
-6	-5	-1	-2.8863084835202290092e-05	-1.5532600448179841279e-05	1.8980645753548552369e-05	1.739055180297722388e-05	7.8275280243470985483e-05	6.2428436741929265792e-06
-6	-5	0	3.5218416026169794644e-06	-2.1305416714912776718e-05	-4.2262099231403753573e-06	2.5566500057895332062e-05	-2.3942726422876213054e-05	2.4322480751582149582e-08
-6	-5	1	2.7036587303278258626e-05	4.6161524010512201409e-05	-3.369915263518531072e-05	-4.6447915379277725592e-05	-6.2762393562570026906e-06	4.4729567166684594049e-05
-6	-5	2	-8.6078822905847323787e-06	-1.1237160735106903326e-05	2.6176743085953831032e-05	-1.4795599677841997176e-05	3.9618210843130382138e-05	-7.0700481399925697835e-05
-6	-5	3	6.3268649811903285806e-06	-2.5357894430997892315e-05	-1.2821055180742553544e-05	-1.4919659651696663765e-06	-8.7146953388569309496e-06	-5.3202398803945226825e-05
-6	-5	4	6.1523181212593669245e-06	2.1358092471890388347e-06	4.8172351408570018977e-06	4.6507231831269305633e-06	1.5250021107960304241e-05	9.0171178496922227267e-06
-6	-5	5	-1.2588914362127813967e-05	-9.6538630910087787145e-06	1.7735099780588399357e-05	-5.3978404292279927093e-06	2.628402546035023782e-06	-1.6982476138438529369e-05
-6	-5	6	-1.4301551385740465767e-05	2.6024980368645643031e-05	-1.3788738494588193963e-05	2.4176052000866351247e-05	-2.5792166797897294917e-05	4.6171690369367605227e-05
-6	-5	7	1.9848602127454840376e-05	4.0548435416227852012e-06	-1.0262402576360396656e-05	-1.723289500511483076e-05	9.68279998327529535e-06	-8.8336305394053496676e-06
-6	-5	8	1.2806244833938392009e-05	8.2876488883010003143e-06	1.89778549287424896e-05	-8.4787974812716346805e-06	2.1465842955917848736e-05	9.164882404309787722e-07
-6	-5	9	0	0	0	0	0	0
-6	-5	10	0	0	0	0	0	0
-6	-5	11	0	0	0	0	0	0
-6	-5	12	0	0	0	0	0	0
-6	-4	-12	0	0	0	0	0	0
-6	-4	-11	0	0	0	0	0	0
-6	-4	-10	0	0	0	0	0	0
-6	-4	-9	0	0	0	0	0	0
-6	-4	-8	1.6847618018210927499e-05	-1.3397244144805674307e-05	-4.5085055622484861853e-06	-1.5741481541025794516e-05	-1.0381460732533951685e-05	1.7918673879117150448e-05
-6	-4	-7	1.3468977018574463235e-05	9.5513183575442575543e-06	-4.6713014546312148224e-07	-1.9027912825450243547e-05	-1.1277905932799184874e-05	2.6862487366479191954e-06
-6	-4	-6	-7.0485276667784212964e-07	2.2934780799119642246e-05	-1.774872987691245222e-05	2.0067217688778389941e-05	1.2537339351286143327e-05	-3.6312925924971902207e-05
-6	-4	-5	3.868932552557718523e-05	-1.0730300827478308627e-05	1.4911905228092546205e-05	-8.7367445769803640359e-06	-5.8356714813166660595e-05	1.9865756654558260904e-05
-6	-4	-4	-3.5977052862317501129e-05	7.2875334380975710614e-06	1.2026263430495092517e-05	1.7654274343828268095e-05	4.1939315862981162565e-05	-2.8585574500974626381e-05
-6	-4	-3	4.0907862429126248664e-05	3.3261252594950773429e-05	4.7951579294134067289e-06	-6.4986353188965228852e-06	-8.8209268764137039633e-05	-5.7857658098039521991e-05
-6	-4	-2	2.9495328260246860898e-06	3.9764230202270136206e-05	1.1175485996810832881e-05	-2.2639836595372233219e-05	-3.1199570471695724455e-05	-7.4013017416065928628e-05
-6	-4	-1	-7.6344195994099814839e-05	5.2602743150539934777e-05	0.00011027028362406324051	-6.1902698328507438081e-05	1.6984041468345943937e-05	-6.8005665589209883439e-05
-6	-4	0	7.0600621941274837941e-06	2.5531088215086980718e-08	-1.0590093291191226115e-05	-3.8296632322630472732e-08	-8.2430069454917181634e-05	-4.264330568036614938e-05
-6	-4	1	6.2770826417912154588e-05	2.7904975209222389164e-05	-8.8946766243343933353e-05	-3.5688922992437106438e-05	2.0837893534097163623e-05	2.467415928558592617e-05
-6	-4	2	-1.6604456562993519448e-05	7.1697965286035017148e-07	5.0313179894936511604e-06	-1.4695398632478332273e-05	-3.9750733709993257717e-05	-2.7239858306375613396e-05
-6	-4	3	-3.7714012323380351676e-05	-2.0001049606140112135e-05	1.7751016801660838402e-05	-8.5189280200220851944e-07	-5.1760002244546243115e-05	-4.1137956281616497637e-05
-6	-4	4	1.3853546605639920663e-05	2.237383534352559069e-05	-1.9330640998180322206e-05	-2.9818974060622265769e-05	1.4496789102795585771e-06	3.7417789546661223828e-06
-6	-4	5	2.0445857717112481762e-05	-8.3378441016969681652e-06	-8.5786125591785094852e-06	-1.0600670245860424489e-06	1.7672139213192168493e-05	-1.0853466541705193894e-05
-6	-4	6	-8.7939502999193952038e-06	-8.4459796667046855022e-06	1.3548584598337836977e-05	2.4282434179007485455e-06	2.3843943230583015326e-07	-6.8271507214375195228e-06
-6	-4	7	-5.9947447028640489071e-07	-1.3159312340690355384e-05	4.9472698050208417715e-06	-4.218779629874418901e-05	2.3131760569092768505e-06	-3.5386722748445554026e-05
-6	-4	8	2.3143024742287993247e-05	-1.4133278684780701829e-05	-3.4040842631879642444e-05	1.3754967294332030736e-05	3.3684724077617355478e-07	-3.7224753664195101566e-06
-6	-4	9	0	0	0	0	0	0
-6	-4	10	0	0	0	0	0	0
-6	-4	11	0	0	0	0	0	0
-6	-4	12	0	0	0	0	0	0
-6	-3	-12	0	0	0	0	0	0
-6	-3	-11	0	0	0	0	0	0
-6	-3	-10	0	0	0	0	0	0
-6	-3	-9	0	0	0	0	0	0
-6	-3	-8	9.3881167343403070123e-07	-1.4774977450635611126e-05	2.2205713473038793172e-07	1.4595432256148433377e-05	-7.8738018059941850032e-07	5.6079459919210456164e-06
-6	-3	-7	9.7460411946746969823e-06	-1.2608724954218670632e-05	1.4962222493983682908e-05	4.5289350327052285998e-05	-1.4766130664285605342e-05	-8.6022430365492613024e-06
-6	-3	-6	-1.5870989345352728192e-05	2.3482352285323400008e-05	1.1769403468119332337e-05	-6.9847139309382691322e-06	9.9862876112930620229e-06	-1.9989995319854263748e-05
-6	-3	-5	2.2802004829109557795e-05	2.0713701785703075042e-06	-6.0964768106857048714e-06	-3.4947366644939821057e-05	-2.3704519708520046601e-05	1.8482775772679524645e-05
-6	-3	-4	3.9661368312552716631e-05	9.7190476132575728292e-06	-2.9435300951941398989e-05	-1.0243021057635349734e-05	-3.74155767548730274e-05	-6.8963056266598473667e-06
-6	-3	-3	-1.6227050444764758359e-05	3.057410523620388167e-05	1.2997661071603682084e-05	-9.4337312370763087214e-05	1.9456439817925834634e-05	3.3189101898355323874e-05
-6	-3	-2	-1.9970484930588665686e-05	-2.7964337603537368926e-05	3.60735414532419683e-05	4.6627427585735860467e-05	5.8011426119030437616e-06	1.3951871432008310995e-05
-6	-3	-1	3.1155041875664681408e-05	2.2146219662689141979e-05	-5.0601364025780817824e-05	-3.9197878068300731462e-05	-3.5126159176645628199e-05	-1.5283683771232654103e-05
-6	-3	0	-4.6747519873882368262e-06	1.197514668192478311e-05	9.3495039747764736523e-06	-2.395029336384956622e-05	5.676561507846597293e-05	-7.6959255905651456267e-06
-6	-3	1	-2.1555878303272565369e-05	-3.3433476851718305263e-05	2.4360256513223453698e-05	6.635048288718181956e-05	-5.6254500279965024342e-05	-1.5494124487643637904e-06
-6	-3	2	1.451695294605132456e-05	1.4206157433030656341e-05	-1.7916640242157544512e-05	2.6999294499454164296e-05	1.6675898474917653523e-05	8.3117414048273217161e-05
-6	-3	3	3.700671906671506396e-05	2.64813983330792315e-05	-4.3591565663103891979e-06	-8.6125969059671651979e-05	6.9654281567119738722e-05	-3.3163172393513188979e-05
-6	-3	4	3.2383432076556470716e-05	-1.6082377830063347696e-05	-1.6656338145321088033e-05	4.0284606944966165035e-05	3.6082894505843884968e-05	6.0898884636296005384e-06
-6	-3	5	-2.3200523545299781277e-06	-3.6950035857333673615e-05	-8.8331406997765230768e-06	-4.7257663158468275657e-06	-8.0839472453018875993e-06	-4.7175502818308502845e-05
-6	-3	6	-2.5448297880555353635e-05	-2.9968743294162644329e-05	-1.9157061988035787993e-07	5.4425395763153617748e-06	-2.5544083190495529676e-05	-2.7247473506004965982e-05
-6	-3	7	-1.0545199361592579135e-05	1.7482555866942742494e-05	-2.504357266619531815e-05	2.6971805141585966973e-05	-1.9771702024020202244e-05	2.6544392946630622753e-05
-6	-3	8	-6.6527653236328265296e-06	3.2306137372753518172e-05	6.3864348898418442284e-06	-2.8466831370748948228e-05	-2.5946609090339282057e-06	1.355454126553428262e-05
-6	-3	9	0	0	0	0	0	0
-6	-3	10	0	0	0	0	0	0
-6	-3	11	0	0	0	0	0	0
-6	-3	12	0	0	0	0	0	0
-6	-2	-12	0	0	0	0	0	0
-6	-2	-11	0	0	0	0	0	0
-6	-2	-10	0	0	0	0	0	0
-6	-2	-9	0	0	0	0	0	0
-6	-2	-8	6.6707832087949419151e-06	-7.2085236509530676254e-06	-4.4543201603081939273e-06	-2.2689944627197825824e-06	-3.8895073665191579545e-06	5.9736413538947465764e-06
-6	-2	-7	-1.4259836672018086988e-05	1.4277807973055452631e-05	1.1012336738059118315e-06	2.3862708805752210042e-05	1.1908078954928099147e-05	-1.9056037921405306093e-05
-6	-2	-6	1.5508531876331993558e-05	-3.1668414544735793944e-05	-6.0348478506291565389e-06	3.436048725308536245e-05	-1.3496915926122274147e-05	2.0214918793707342052e-05
-6	-2	-5	-5.3476963290270847478e-05	1.51938150997311952e-05	-1.9149513975522460695e-05	-3.6263698105941843865e-05	7.1832161538533999896e-05	-3.7270988773006970323e-06
-6	-2	-4	1.847071764115718726e-05	-2.6268736543117806882e-05	2.13713330706588821e-05	-2.6333414473540554861e-05	-3.8391742997065218552e-05	5.2569812051446991141e-05
-6	-2	-3	-1.2735240664477310448e-05	-2.8044180538843262233e-05	-2.9329527524591544559e-05	0.00012578226121674206703	4.5023499678682320658e-05	-2.7766479733474850163e-05
-6	-2	-2	5.1066785505724452668e-06	5.2891052014314739448e-06	8.1971112998634156814e-06	-3.1441742237668272386e-05	-2.3517146951580751482e-05	1.5574426633373848858e-05
-6	-2	-1	6.4018479551598784973e-05	-1.6707166125881492512e-06	-0.00020829835018175478587	-2.4634249952893962294e-05	3.2485823053916848351e-05	5.9292799581316820942e-05
-6	-2	0	-2.8951073669757466602e-05	2.9275436991795312412e-05	8.6853221009272396419e-05	-8.7826310975385940625e-05	6.5743722314711458381e-05	-5.3370868205111352456e-05
-6	-2	1	-7.0683183172049853641e-06	-1.2387937067699154024e-06	-2.9476074212594494936e-05	9.8066736363904950336e-06	-0.00010136205832841890036	1.2180585032161495959e-05
-6	-2	2	1.9508469729088054431e-05	1.9105000868836073624e-07	-2.9927672330215607989e-06	8.2928072714697926844e-05	5.5532641954242608425e-05	8.3501222740763007412e-05
-6	-2	3	-2.9177408173591269072e-06	-5.4751114110436538472e-06	7.8817001238342969442e-06	-3.4209002776718115896e-05	-5.8101488549538967902e-07	-3.3756224673232716033e-05
-6	-2	4	3.0595444844782294859e-05	2.6463072466070159544e-05	-1.476487379027427507e-05	-1.363720977423014197e-05	3.8510730372036303907e-05	3.2876003811990167484e-05
-6	-2	5	-1.144290885015695084e-05	-1.6774042210612171306e-05	-2.60793096597997574e-05	-2.1953427491620564754e-05	-2.4163214484108241258e-05	-2.8910221649382830791e-05
-6	-2	6	-1.0476231266704007074e-06	1.675948730829500752e-05	-2.7950375583405656074e-05	2.5895446206659683205e-05	-1.0364414987805620316e-05	2.5391302710514903051e-05
-6	-2	7	-4.0160978746941300405e-06	1.3027079853432227193e-05	-1.6439677348870690481e-05	-1.6832660864606525692e-05	-8.1394202779865944578e-06	6.3567367701971873967e-06
-6	-2	8	2.7499939490231130529e-05	-4.9321653459301598553e-06	3.2178323816284056606e-06	8.8918000900111539904e-06	2.142941271308044783e-05	-1.4761739869448316057e-06
-6	-2	9	0	0	0	0	0	0
-6	-2	10	0	0	0	0	0	0
-6	-2	11	0	0	0	0	0	0
-6	-2	12	0	0	0	0	0	0
-6	-1	-12	0	0	0	0	0	0
-6	-1	-11	0	0	0	0	0	0
-6	-1	-10	0	0	0	0	0	0
-6	-1	-9	0	0	0	0	0	0
-6	-1	-8	4.7654031484924913459e-06	-1.1063830453250761659e-05	2.1293061627209517974e-05	-1.8535439482199766674e-06	-6.2356850647705580444e-06	8.5295658334655679309e-06
-6	-1	-7	-6.0880524100542822633e-06	2.4009207651032660256e-05	3.1029153751460297815e-05	-9.3845889180443308857e-06	7.8559438698077014292e-07	-1.92386652840216637e-05
-6	-1	-6	-2.8588955150943181709e-06	3.933133570464192113e-05	-1.7584095707054182698e-05	-9.0294900984836820536e-06	5.7895781329366815304e-06	-3.7826420688227973556e-05
-6	-1	-5	1.4751886133747480048e-05	4.6304989622446606084e-06	4.8107038161413745296e-05	6.5223811900207234734e-07	-2.7323670992779723084e-05	-5.6870463784940076442e-06
-6	-1	-4	-1.1603486182096200085e-05	1.7769117171676002993e-05	9.2631629064991874374e-06	3.3746160067854958449e-05	1.5089438546519503691e-05	-3.5090215774477744102e-05
-6	-1	-3	1.2688781762933238961e-05	1.1400049150975731879e-05	1.0134878852940215984e-05	5.0973227411925792327e-05	-2.8755856476846552175e-05	-3.9791174105926723349e-05
-6	-1	-2	-5.7110983463373410116e-06	5.0276982238886917256e-05	2.3021872523301956375e-05	-8.5875634505565059929e-05	5.6223587773610440003e-06	-0.00010789312946387820825
-6	-1	-1	-7.9528066428241188689e-07	-3.3145293735894336281e-06	-1.3206094743780343669e-06	1.273074378001599953e-05	6.0922934600725056883e-06	7.1564324615206005443e-06
-6	-1	0	-7.2682775626331766781e-06	1.6782240516011420153e-06	4.3609665375799063457e-05	-1.0069344309606851668e-05	-5.5043260406851668833e-05	3.7893612907143086254e-05
-6	-1	1	2.346101604602057221e-05	-3.0109572405094199648e-06	-6.8601941119552205532e-06	5.6495453377425968139e-05	0.00013390590216416821271	3.8429709934369450891e-05
-6	-1	2	-2.4606615844890858749e-05	7.2432078353833655247e-06	0.00018167639227723565124	-0.00013835930995142851777	1.7018348603945239206e-05	-4.7450031469564158922e-05
-6	-1	3	-5.4598728419426726982e-05	2.0731765145508840173e-05	3.9600719769489405671e-05	5.0584310713010171729e-06	-9.5997216915690321e-05	4.314967398145135415e-05
-6	-1	4	-3.9788913718876709922e-05	-1.5685521995697395531e-05	-2.6050742987300894545e-05	-1.8399884164681296923e-05	-6.6196056325140285978e-05	-2.8128254034716421763e-05
-6	-1	5	-2.1282532622933341278e-05	1.8357889984217165812e-05	-2.5228520023670605562e-05	-9.3937742911809468389e-05	-3.0584743152254127935e-05	3.2419193986987057206e-06
-6	-1	6	2.7138066595712105149e-06	-2.45347463722008459e-05	9.8421940590752717113e-06	-1.6254660257906180122e-05	4.3541723360837556589e-06	-2.7243856415185208124e-05
-6	-1	7	-6.9922933796747733078e-06	1.6703885450523272194e-05	-3.6764428381130138392e-05	5.0479624657940698137e-05	-1.1245455522739825221e-05	2.1528991051582902535e-05
-6	-1	8	1.2019302457464031938e-05	1.9007207665254136205e-05	-1.4891022857996588085e-05	-3.7266270123830894697e-05	7.1530989858484502313e-06	9.5971219834617411639e-06
-6	-1	9	0	0	0	0	0	0
-6	-1	10	0	0	0	0	0	0
-6	-1	11	0	0	0	0	0	0
-6	-1	12	0	0	0	0	0	0
-6	0	-12	0	0	0	0	0	0
-6	0	-11	0	0	0	0	0	0
-6	0	-10	0	0	0	0	0	0
-6	0	-9	0	0	0	0	0	0
-6	0	-8	1.3772410144566549851e-05	-1.1934470733466715438e-05	3.2269518096041802297e-05	-1.2288799701261139046e-05	-1.0329307608424913236e-05	8.9508530501000378493e-06
-6	0	-7	-3.616616717027911046e-05	-1.1548083905557493347e-05	-1.8964489448668023669e-05	-1.2993016986840278223e-05	3.0999571860239235601e-05	9.8983576333349955072e-06
-6	0	-6	5.3904750856547899626e-06	2.6205003874493009712e-06	3.5218733589265207922e-05	5.5096543224218241623e-06	-5.3904750856547899626e-06	-2.6205003874493009712e-06
-6	0	-5	1.4912970902244464608e-05	2.2549539346158213105e-06	-1.1428097260321266594e-05	-5.3092593059515511055e-05	-1.7895565082693356174e-05	-2.7059447215389854032e-06
-6	0	-4	2.4206296411945496733e-05	7.1476332963625127887e-05	6.5022885629656214965e-05	-3.0915174830147122448e-05	-3.6309444617918248488e-05	-0.00010721449944543769183
-6	0	-3	3.1938705753518687076e-05	2.9967060305070981451e-05	0.00010396965437752613112	0.00013961587770497513035	-6.3877411507037374153e-05	-5.9934120610141962903e-05
-6	0	-2	1.0222855894456968429e-07	2.9107450967890835666e-05	-5.9453385416881150889e-05	-3.9059887740521548869e-05	-3.0668567683370905287e-07	-8.7322352903672513773e-05
-6	0	-1	-9.5430446023303637656e-06	-2.4346704618417456585e-05	-7.6230245067835015232e-06	-7.6498762761703989477e-05	5.7258267613982182594e-05	0.00014608022771050473273
-6	0	0	0	0	7.5013311705945229626e-05	1.999045986768725847e-05	1.3729223800596231285e-05	-1.0301956557653102703e-06
-6	0	1	7.7101064336901785682e-06	1.5051140073832033029e-06	-9.6808058561124088384e-05	-2.2564513619414116181e-05	4.6260638602141064633e-05	9.0306840442992193939e-06
-6	0	2	5.1607895693932049326e-06	-2.0228514035244488166e-05	-0.00011175415525794982164	1.588406182476115831e-06	1.5482368708179613951e-05	-6.0685542105733464497e-05
-6	0	3	1.3824497103513878503e-05	-2.0426998444557419797e-05	2.4644144523926541301e-05	6.4097407465380385611e-05	2.7648994207027757005e-05	-4.0853996889114839593e-05
-6	0	4	-2.7299185045852417683e-05	1.8043559981303402878e-05	-1.3461392005903334478e-05	-8.6696868213528321311e-06	-4.0948777568778626525e-05	2.7065339971955104317e-05
-6	0	5	3.6090889744701290313e-06	3.8088400282949837563e-05	-3.9226170474506168282e-05	-1.3933272292427993825e-05	4.3309067693641553458e-06	4.5706080339539802366e-05
-6	0	6	2.8297022225402257558e-05	-5.1919378358220556486e-05	3.0534025142426155137e-05	-3.2616718056192922821e-05	2.8297022225402257558e-05	-5.1919378358220556486e-05
-6	0	7	1.4864269219654269818e-06	1.5527552264768881293e-05	3.6026431826975031243e-07	2.3980082061499028828e-05	1.2740802188275088718e-06	1.3309330512659039414e-05
-6	0	8	-1.0163073839298791525e-05	2.8411303883492574214e-05	-6.5510890587977097529e-07	-3.835842964213538886e-06	-7.6223053794740936435e-06	2.1308477912619431507e-05
-6	0	9	0	0	0	0	0	0
-6	0	10	0	0	0	0	0	0
-6	0	11	0	0	0	0	0	0
-6	0	12	0	0	0	0	0	0
-6	1	-12	0	0	0	0	0	0
-6	1	-11	0	0	0	0	0	0
-6	1	-10	0	0	0	0	0	0
-6	1	-9	0	0	0	0	0	0
-6	1	-8	7.3206141040070000614e-06	-2.0878512947177533594e-05	-8.9876807531126675591e-06	-2.6814295896884949963e-06	-6.6139206721443334909e-06	1.5323706011672090385e-05
-6	1	-7	-1.2412132292360516665e-06	-9.9784543102625733419e-06	2.2627374235800513268e-05	7.2676319202791459008e-06	4.2963790873166887962e-06	9.5911939688363695428e-06
-6	1	-6	-1.3028914665560890012e-05	1.3733041798068794173e-05	-1.9126494023178356113e-05	-2.0787366501723443796e-06	9.8411656616978312242e-06	-1.407949790643085291e-05
-6	1	-5	-2.6664463184357070662e-05	4.5770329889509319044e-06	6.3108907128460394018e-05	-1.9176892713652702704e-06	4.4619137246920562243e-05	-5.8759774410141725088e-06
-6	1	-4	2.7499026231609090829e-05	2.0666204255865773016e-05	2.4436850161871041803e-05	-7.9348921628576430781e-06	-3.5139326806945874945e-05	-3.2983029424513070718e-05
-6	1	-3	-1.3547372721280708123e-05	-5.9350746997940137198e-06	-6.7553637829233408106e-05	4.1823059618393341032e-05	4.5768661661502793643e-06	2.5811169272385808913e-05
-6	1	-2	1.6604661728754137681e-05	3.7796008765653630582e-05	8.5053852993576746261e-05	1.4318070879581227341e-05	-7.287058689474044147e-06	-0.00010622899085717027977
-6	1	-1	2.1756957986819493444e-05	1.7669431832438412428e-05	9.7904609209129543623e-05	5.0490527888689805012e-05	-3.2637138711787423814e-05	-5.5526063105940669554e-05
-6	1	0	-9.7524573585069008493e-06	5.1180264687929937704e-06	-5.8514744151041408484e-05	3.0708158812757966011e-05	0.00010954494440372867516	3.8475791087334271071e-05
-6	1	1	1.1496621671508957231e-05	-1.9676480370415641753e-05	4.5484294187895785014e-05	-3.3199944239925396666e-05	2.3495435841157954983e-05	-8.4858937982568453853e-05
-6	1	2	2.691648017219003543e-05	-1.4996981910396039962e-05	4.7749877800860631154e-05	-4.5884860311782177953e-05	5.6874501616139790713e-05	-2.2048515575297034298e-05
-6	1	3	2.3966876903408400952e-05	-2.8453368396218841442e-05	-2.2208924912815049653e-05	2.7444428842256051701e-05	5.5336728777755150659e-05	-6.6054879739856363395e-05
-6	1	4	-1.2149781094123032746e-05	3.351974967361759242e-05	-4.2313479769570601667e-05	-3.991264685383345682e-05	-7.6463016987918978553e-06	6.025778622388474606e-05
-6	1	5	4.2909243367326716911e-06	-1.8821766502849623785e-05	2.2776895039240093913e-05	-1.2028760046452204681e-05	5.9373019623118703489e-07	-2.0180367794129109638e-05
-6	1	6	-4.8650779105228184789e-05	2.2710747972845171216e-05	-4.7820728143863109152e-05	1.9982945457100941521e-05	-4.0680657747917672244e-05	1.9380257063328347629e-05
-6	1	7	1.3668116680667921899e-05	3.4332803126593884309e-05	-3.146985829715485863e-05	6.6453966678709250153e-06	1.6211222625880340948e-05	2.8478774584527480557e-05
-6	1	8	2.3828090639326017269e-06	-7.9411046534567454917e-06	-1.5475041620216733557e-05	-3.5283148472575623115e-06	3.7214870004765429898e-06	-5.5147891341853637239e-06
-6	1	9	0	0	0	0	0	0
-6	1	10	0	0	0	0	0	0
-6	1	11	0	0	0	0	0	0
-6	1	12	0	0	0	0	0	0
-6	2	-12	0	0	0	0	0	0
-6	2	-11	0	0	0	0	0	0
-6	2	-10	0	0	0	0	0	0
-6	2	-9	0	0	0	0	0	0
-6	2	-8	1.066926839208518544e-05	-1.6290515950774903618e-05	-3.2897011164073484057e-05	-2.8548693026285698119e-06	-1.6226204085082258824e-05	1.1504169637424033779e-05
-6	2	-7	1.0703256415248062547e-05	4.6597703618241580192e-05	-4.5885311518074377705e-06	-1.2147140189367683572e-05	-1.0485228685014750844e-05	-4.3411500298312118281e-05
-6	2	-6	-2.0149455143791951634e-06	1.528724896802689722e-05	-4.1503802864338629381e-05	-2.2148332527801029024e-05	-1.1819655440400347399e-05	-2.2670026477293906894e-05
-6	2	-5	3.6527718114484724308e-05	3.273077184325701237e-05	5.8360968850024177936e-05	1.7675892747231428549e-05	-2.0488874197371997318e-05	-3.2206569113015844779e-05
-6	2	-4	2.3746885635133047382e-07	1.1565674546307794688e-05	-4.9212521801977868172e-06	7.2208025987872875092e-05	-2.8168293746258890664e-06	1.8755501174474742973e-05
-6	2	-3	-5.6884904745381701372e-05	-1.5353237344420034072e-05	-3.5310842294178427766e-05	-9.2714513907810844643e-05	9.0229247961311117568e-05	-3.1103201249700501729e-05
-6	2	-2	-3.0407006876429596852e-05	-2.4164311768902982386e-05	-5.0002968335153821701e-05	1.8330020783313223838e-05	4.1218052294134968855e-05	9.0822956090022167607e-05
-6	2	-1	-8.6305166831414945814e-06	-7.7467311894641656275e-07	2.9553455860153354054e-06	1.8337932822360090708e-05	5.769379127087964084e-05	4.1323904358398678039e-05
-6	2	0	2.7544181174577897717e-06	-1.4314041288293166931e-05	8.2632543523733701621e-06	-4.2942123864879497405e-05	-2.9680604087982107763e-05	0.00011522620838170697473
-6	2	1	-8.065669325002452293e-06	3.2059694456987052654e-05	-3.9259271645285595672e-05	4.9640466521557312265e-05	3.0124527340556477587e-05	9.3077233698807691395e-05
-6	2	2	-1.2022516675238295052e-05	-1.4802811957217957704e-05	-6.9558616736822500995e-05	-7.0633530430679196985e-05	3.3491066711107614145e-05	2.6225094559025323871e-05
-6	2	3	-3.5014387275032993023e-05	1.0274121194783465702e-05	8.4863866486852202907e-05	-4.5344711415306261008e-06	-0.00012660468554130077895	2.3571223150587348804e-05
-6	2	4	1.1744264168119746721e-05	-2.4060186515900644993e-05	-2.9673806961168698174e-06	3.9371176546684897625e-05	1.9100086600238055202e-05	-5.5775868047193417996e-05
-6	2	5	-4.7764928488857039655e-05	-2.3320665077242282365e-05	-4.6914374927112803947e-06	-1.8018973737316065791e-05	-5.54413391895439378e-05	-2.0777208597764310489e-05
-6	2	6	-5.4732287915699044168e-05	2.7665896790211379718e-06	-3.20731752009076649e-05	-8.9639959143765818083e-06	-4.4041229515396489202e-05	5.7545883171466652412e-06
-6	2	7	-1.3791053842897563585e-05	9.8004063760066683242e-06	-3.2185121034642775431e-05	-2.0826966064226035358e-05	-2.6251544268714045598e-06	1.435091005492743961e-05
-6	2	8	-7.1870888868349751152e-07	7.0016539204267021096e-06	-5.8047420000012828108e-06	1.9980924598878388481e-05	9.1215383348769759554e-07	2.5600929060042972662e-07
-6	2	9	0	0	0	0	0	0
-6	2	10	0	0	0	0	0	0
-6	2	11	0	0	0	0	0	0
-6	2	12	0	0	0	0	0	0
-6	3	-12	0	0	0	0	0	0
-6	3	-11	0	0	0	0	0	0
-6	3	-10	0	0	0	0	0	0
-6	3	-9	0	0	0	0	0	0
-6	3	-8	3.8578869498192551078e-05	1.4299626673828677684e-05	-1.4355179935758052942e-05	-5.7675868399828536878e-07	-3.4317344599553682315e-05	-1.0941004511870864959e-05
-6	3	-7	-2.4528341439757289313e-05	9.6688204334713310351e-06	4.5796912453556200783e-08	-9.4642279626740412416e-06	2.1043919910843488782e-05	-1.2343658069835730475e-05
-6	3	-6	1.1449026008437626661e-05	8.3004052163416113989e-06	3.4478439046477721148e-06	-2.1717925387281335133e-05	-9.7251040561137410269e-06	-1.9159367909982278965e-05
-6	3	-5	8.8408660911424934425e-07	-7.6801136049583324064e-06	2.2493626647806832635e-05	-3.0156175580181437143e-05	1.2435272057747000834e-05	-8.8775690221588627205e-06
-6	3	-4	1.099250271312755066e-05	2.6858797035680337465e-05	7.8840090733237669216e-06	1.390253607435625155e-05	-1.0575747264698500376e-05	-2.9861293497753316689e-05
-6	3	-3	-2.50753202435911529e-05	-2.871895137663582574e-05	-6.6544028209855531574e-05	-8.8773662569458051063e-05	-1.6393387722673222385e-05	-3.133575981618640636e-05
-6	3	-2	-4.1141106130681924903e-05	-2.8718459464139659541e-06	-7.9286309551453927245e-05	-3.3486971055633300571e-05	4.4938540648648745262e-06	-4.1614918744208049606e-05
-6	3	-1	5.6105413890475822954e-07	-1.7101065078714465729e-05	-6.4979627789334402129e-06	-4.8430072920690823014e-05	-2.2860213170228869381e-05	-4.2683828289785667894e-05
-6	3	0	7.0911489672837391279e-06	-4.1961114570168109531e-07	1.4182297934567478256e-05	-8.3922229140336219061e-07	2.0397212672759375566e-05	9.1539516278004633018e-08
-6	3	1	3.0129510930701832605e-05	1.7588150975520132596e-05	5.5253698673656562136e-05	3.0083603494275125217e-05	1.5015969563241299056e-05	1.5278095370295430088e-05
-6	3	2	3.7821186918586927625e-05	-7.2523821121872278714e-06	3.2948051629016780024e-05	4.2565971163232194674e-06	6.4041483312235616228e-05	-2.8142042011046509851e-05
-6	3	3	2.0687686233800304337e-06	-3.5718412448132084124e-05	-1.9694373068263298487e-05	-1.819221850776582406e-05	2.3831910315023359354e-05	-5.3244606388498347575e-05
-6	3	4	3.1573793171393369611e-05	2.8301435722219697028e-05	-1.7646341505052505065e-05	3.9942276087901853522e-05	6.0595445885879432369e-05	1.24954465174031554e-05
-6	3	5	1.5783944293171696366e-05	-2.9647995558938018603e-05	1.6423190661311295248e-05	-4.8917118519148474257e-05	9.0868187550192584909e-06	-6.2273235592365382778e-06
-6	3	6	2.2632600187883258734e-05	2.165768431827141079e-05	-1.2121203265205180574e-05	1.8281413841370562217e-05	2.8693201820485848174e-05	1.2516977397586127987e-05
-6	3	7	-5.3172178832584266419e-06	-1.0933469022864293868e-05	2.4602801907531228975e-05	-1.6008220178905245741e-05	-1.5101673288877748329e-05	-2.5108790857814325857e-06
-6	3	8	-1.4464709582603715114e-05	-1.3012428812061846149e-05	7.4822645861044531306e-06	-1.8923194507135681993e-06	-1.365438140674195573e-05	-9.0497018150287968546e-06
-6	3	9	0	0	0	0	0	0
-6	3	10	0	0	0	0	0	0
-6	3	11	0	0	0	0	0	0
-6	3	12	0	0	0	0	0	0
-6	4	-12	0	0	0	0	0	0
-6	4	-11	0	0	0	0	0	0
-6	4	-10	0	0	0	0	0	0
-6	4	-9	0	0	0	0	0	0
-6	4	-8	1.9752712444853078678e-05	1.5682986291693071956e-05	-3.0435530479498077971e-07	5.7614240202926480912e-06	-1.4966711986037298525e-05	-8.8815277086234811917e-06
-6	4	-7	-2.0766539843497728354e-05	-2.8384708733632976414e-06	1.6532497272887471523e-06	-1.4825844254328269541e-05	1.8744605424305908753e-05	-6.0389359681618992652e-06
-6	4	-6	2.3471234773909195517e-05	-1.0595459095852955385e-05	-4.5102993463071379984e-05	-1.5648197855938708069e-05	-5.3539897082623453357e-05	1.6332719189381772219e-07
-6	4	-5	8.1913596171849551331e-06	-2.660534518306119489e-05	1.1358547544374670897e-06	-4.5007330329062156552e-05	-8.9209477370719718103e-06	-4.0794500435762896801e-06
-6	4	-4	-7.6619384424977849286e-06	-2.7556886058008308118e-05	-3.1328481560535685667e-05	4.6816625084647576929e-05	-1.9835573896789004039e-05	8.8151954171660035719e-05
-6	4	-3	1.0933534528008186898e-05	-1.8678581377248882715e-06	3.7412154440198274082e-05	3.5516246340471008442e-05	2.8015803530914659442e-05	5.1090711396077788647e-05
-6	4	-2	3.7442125951209475482e-05	-2.5229280892738402387e-05	3.249361220815767887e-05	-3.9659293438047719331e-05	-4.7339153437313075481e-05	-3.6307441978802293825e-06
-6	4	-1	-1.3362611391161734271e-05	-1.2520789018518883295e-05	-4.5582457838330566423e-05	-2.3363677013079220418e-05	-0.00010215416300635187701	-1.8329973941203575122e-05
-6	4	0	-1.6904693342863475445e-05	-3.9479348501914906979e-05	-2.5357040014295213168e-05	-5.9219022752872363857e-05	-3.3523676079987028747e-05	-6.535388049550514293e-05
-6	4	1	2.537946488650968149e-05	3.0591638613023016942e-05	3.9408666860652431991e-05	5.1642992666446083463e-05	-5.3578781235516347912e-06	-2.3022138987646218649e-05
-6	4	2	-1.2744102146190206795e-05	1.6169226290378620756e-05	-1.3386936624867811909e-05	3.8947429150521927377e-05	-1.1458433188834998262e-05	-2.9387179429907985711e-05
-6	4	3	-3.5225662315037506098e-05	-2.7141292425208286693e-06	-2.0282037885936697369e-05	1.9727825884555645684e-05	-4.3408607448826084629e-05	-3.173202633111584989e-05
-6	4	4	-5.4275807043619010716e-05	3.4132115924098633045e-05	-6.6266810399570724699e-05	4.6461249940582432833e-05	-1.5146900165857793069e-05	4.7369239455655150407e-06
-6	4	5	1.6468741700522765485e-05	-2.5671769808905435192e-05	1.6832302819089777797e-05	-3.6780693533748364833e-05	6.2966477853554954973e-06	-1.3815689436878328201e-06
-6	4	6	1.9759367426093678744e-05	-5.3917743468921938799e-06	3.2201390719964904809e-06	6.3386912875821736066e-06	1.7612608044762682549e-05	-9.6175685386136432333e-06
-6	4	7	-4.8881332702904937943e-06	1.2105266016138592724e-05	-1.9801670873686284076e-05	4.042981513711111521e-06	7.1254119818574528783e-06	8.0656671488553012241e-06
-6	4	8	-8.7882793491628350346e-06	9.8968241276931819174e-06	-1.3379077883701644686e-05	1.2420866666808364992e-05	9.8329429978695630458e-08	1.2121847623657039423e-06
-6	4	9	0	0	0	0	0	0
-6	4	10	0	0	0	0	0	0
-6	4	11	0	0	0	0	0	0
-6	4	12	0	0	0	0	0	0
-6	5	-12	0	0	0	0	0	0
-6	5	-11	0	0	0	0	0	0
-6	5	-10	0	0	0	0	0	0
-6	5	-9	0	0	0	0	0	0
-6	5	-8	-3.6199314990932509964e-06	-1.0008512691686225813e-05	-6.6990171965318823298e-06	-5.0479390998664139516e-06	-1.4719371235124883147e-06	4.3514225813481610637e-06
-6	5	-7	-4.3739887798638728338e-06	2.5482022852266731126e-05	-4.225668822520247452e-06	9.66388841641670912e-07	7.3079836665457124051e-07	-2.1151456129341719611e-05
-6	5	-6	-6.6229344025494455041e-06	3.4221727593482482793e-05	-2.1703065983111653922e-06	5.5460969646936170423e-05	4.8143455706234744145e-06	1.1995747112297660921e-05
-6	5	-5	2.724558232385449193e-05	9.8888294435028735674e-06	1.6073258313445811858e-05	2.0551213364449857126e-05	-1.6621440475179577104e-05	8.6846180322464078288e-06
-6	5	-4	-2.9713690707515696596e-05	8.2228863211084510379e-06	1.5997514189447848608e-05	4.2645804943095926338e-06	6.4567428798083351419e-05	-7.0036038637756859763e-06
-6	5	-3	1.8263723039028508985e-05	-6.5653326883780914171e-06	1.4524595316297307906e-05	1.7413699144593765115e-05	-1.2319787217561508182e-05	4.2153497284412454638e-05
-6	5	-2	-3.3776113173426559324e-05	1.234014923661697637e-05	-3.4989476957375829696e-05	-3.8111051491357147592e-06	1.3854647126840100344e-05	-4.6548210582690217278e-05
-6	5	-1	3.5897292300167464336e-07	-7.968563060372658573e-06	-1.7275101803022315793e-06	-1.1468090022085569767e-05	-1.0791388439521205439e-05	-9.5290717481918957012e-06
-6	5	0	8.3324767245214200422e-06	-9.2283023868693101144e-06	9.9989720694257040506e-06	-1.107396286424317146e-05	-1.5953692585587030177e-05	2.7762294422697394017e-06
-6	5	1	-9.4534401251938661041e-06	-1.5008024311896482644e-06	-1.9531254806977292479e-05	-5.4739683532177479193e-06	4.0935633283723258996e-05	1.836502717895085001e-05
-6	5	2	-2.814635236318531438e-06	-5.6249476642791828088e-05	-3.1300079049830003445e-06	-5.8647169310565658447e-05	-6.1888594649809377052e-07	-2.2130506651961341533e-05
-6	5	3	2.1481127918955284487e-05	-1.3779577985704500424e-05	2.7656159977592090839e-05	-3.4814527477794672949e-07	-3.1313441247429194271e-06	-2.6978913846779090514e-05
-6	5	4	-9.8861389229037609038e-06	-3.1335799983132264559e-06	-1.497771555128742449e-05	-2.8446229680965430948e-05	3.8929360547536375625e-06	3.085741710373694519e-05
-6	5	5	-1.725147142404029888e-05	-2.3493936118597471212e-05	1.0595719310657372952e-06	-2.2682045631639753702e-05	-2.1761337639914095273e-05	-5.5106777106772107368e-06
-6	5	6	4.4787338393186118996e-06	4.9242173788152560256e-06	7.677218790973100809e-06	-2.673159795323235436e-05	-1.9189484864923055824e-06	2.7200549006508884659e-05
-6	5	7	1.2295900403833498382e-05	1.8834704296576259148e-05	-5.2744216246902085477e-06	-1.0499908828131381046e-05	1.4306787220921718157e-05	2.3643967131444923116e-05
-6	5	8	-3.0823737497782592515e-06	-1.6489556944788679306e-05	1.0057396228515996296e-05	2.4197014571173503872e-05	-8.5976529551561924411e-06	-2.7490301815574949399e-05
-6	5	9	0	0	0	0	0	0
-6	5	10	0	0	0	0	0	0
-6	5	11	0	0	0	0	0	0
-6	5	12	0	0	0	0	0	0
-6	6	-12	0	0	0	0	0	0
-6	6	-11	0	0	0	0	0	0
-6	6	-10	0	0	0	0	0	0
-6	6	-9	0	0	0	0	0	0
-6	6	-8	-1.8820562283129080555e-05	-1.4067491269189715875e-05	1.5980543565796675239e-05	-1.8655829458486246982e-05	2.6100829386694316845e-05	-3.4412536419723979061e-06
-6	6	-7	-9.8520197328412594375e-06	2.3277486549495162463e-05	-1.6231705351929332775e-06	3.4646284550891475785e-05	7.0532993122699942144e-06	9.7446840011968368446e-06
-6	6	-6	2.0665929375523177668e-05	-1.1144472508324588524e-05	3.6068603454872605468e-06	-3.4938401471737128594e-06	-1.7059069030035916274e-05	7.6506323611508743945e-06
-6	6	-5	6.9003954991930039879e-06	3.5630349034422677723e-06	2.9031508155888130388e-07	-1.4331192739280836448e-05	-7.9320965011609470091e-06	-2.1473073171267723032e-05
-6	6	-4	-1.4985187685182323648e-06	2.7843027661041067896e-05	2.1900189621425566631e-05	3.4060429763873626926e-06	3.5098062584915699447e-05	-3.66554770269805595e-05
-6	6	-3	1.7135441137385969959e-05	-1.8184380896060308813e-05	1.9995626472861038561e-05	-1.4041779177770171618e-05	5.7203706709501397451e-06	8.2852034365802777792e-06
-6	6	-2	-1.2786056239303352609e-05	-2.597590451348831062e-05	-1.1093175094965856861e-05	-3.7576235810959870856e-05	5.0786434330124855495e-06	-3.4800993892414690874e-05
-6	6	-1	2.1597598008455454785e-05	-9.9555959302732361825e-06	2.1176747965828412063e-05	-9.5237876772997347456e-06	-2.5251002557622753872e-06	2.5908495178410132798e-06
-6	6	0	1.9358718708749035825e-05	-1.5481352677685828904e-05	1.9358718708749035825e-05	-1.5481352677685828904e-05	2.7553136041968003939e-06	-2.266732922505363353e-05
-6	6	1	-3.8869653999076326546e-05	1.7412606090092717725e-05	-3.7303719366267873447e-05	1.5925394136742930832e-05	-9.3956077968507473939e-06	8.9232717200987247432e-06
-6	6	2	2.8893370770608947076e-05	-1.8964378691702911091e-05	3.2654656413923463542e-05	-2.1246174362184758145e-05	-1.1283856929943556174e-05	6.8453870114455394675e-06
-6	6	3	1.4518477146175987923e-05	1.7199190268970893162e-05	1.3291736886399862567e-05	-7.6939867860443401346e-06	2.4534805195522511354e-06	4.9786354110030463206e-05
-6	6	4	2.8617389276439190258e-06	-1.0081051122023984868e-05	1.5400070495585699103e-05	-1.2058478343379321407e-05	-1.8807497351912669692e-05	2.9661408320330069254e-06
-6	6	5	1.962739816776113547e-05	1.0418560479999985894e-05	2.6120788675087775865e-05	4.0434852260711269436e-05	-7.7920686087919698287e-06	-3.6019550136853540929e-05
-6	6	6	-6.4871529828461327915e-06	8.2807279821213830444e-07	-3.2236558474706561585e-06	2.0125284866946405355e-05	-3.2634971353754762095e-06	-1.9297212068734268957e-05
-6	6	7	-2.67935157140413075e-06	1.2195266121242183844e-05	-2.4817724880164400664e-05	-5.6932933322744231487e-07	1.8975748550365945761e-05	1.0941081818116821998e-05
-6	6	8	8.953757929484431588e-06	2.4667405844473522708e-06	9.3801838102049717297e-06	-1.0803624595203828058e-05	-3.1981941054040494741e-07	9.9527738847383852468e-06
-6	6	9	0	0	0	0	0	0
-6	6	10	0	0	0	0	0	0
-6	6	11	0	0	0	0	0	0
-6	6	12	0	0	0	0	0	0
-6	7	-12	0	0	0	0	0	0
-6	7	-11	0	0	0	0	0	0
-6	7	-10	0	0	0	0	0	0
-6	7	-9	0	0	0	0	0	0
-6	7	-8	-7.1895400706712425139e-06	-2.5192126155002618043e-05	-7.3505736580834568104e-06	-6.4601364917869661476e-06	-1.0395968978195922943e-06	1.3241475185938368788e-05
-6	7	-7	6.3559450121305555297e-06	-3.1584933614405721944e-06	-6.8623454552970660611e-06	1.0144622629069798968e-06	-1.2310298322837542108e-05	3.7217422869988989206e-06
-6	7	-6	-7.5219604291302885618e-06	-6.6893749817679705157e-06	-1.6314917205968261897e-07	-3.2629408240892010316e-06	7.3316197283939921024e-06	2.8826106869972357671e-06
-6	7	-5	1.4816632995860202709e-05	9.0088920201521852522e-06	2.119140554536133513e-05	1.5262999089492974975e-07	1.1888008168473623898e-05	-1.0596988436929720637e-05
-6	7	-4	2.1564074744292629343e-05	3.2725198937894453609e-06	-2.5453668864404471415e-06	4.9898875105838607402e-06	-3.680050416770973043e-05	3.8235233028375876187e-06
-6	7	-3	-1.2075336469529261206e-05	-6.8030548859363685192e-06	-7.5294564852734706086e-06	-3.6857583676155284631e-06	6.5819411400870895794e-06	5.0060069141031697775e-06
-6	7	-2	-3.1739778962094875622e-05	-3.1260204192900424081e-05	-2.4081216982486921885e-05	-2.3003503869712311108e-05	1.0935077447580386718e-05	1.3268349034708186752e-05
-6	7	-1	2.1440803118395191123e-06	1.0963019217421058853e-05	5.6563351273460311735e-06	9.5897385409178282782e-06	2.6729864020385102694e-05	1.3500544818984418629e-06
-6	7	0	-2.2376896015156473721e-05	3.5474046843872157771e-05	-1.9180196584419837038e-05	3.0406325866176134748e-05	2.1489143232867570027e-05	-3.3300886020357745683e-05
-6	7	1	-8.478156541515440085e-06	-6.0337156669958070928e-07	-8.7705328239927508676e-06	1.0863190934944550077e-08	1.0524790518856615563e-05	-3.696271736742095777e-06
-6	7	2	-8.1308146570522952374e-06	-4.4706851087895219593e-06	-7.82835059891958643e-06	-8.2577240594125387907e-06	3.0067831250616680636e-06	1.5489978881575319043e-05
-6	7	3	-2.2502356279673415987e-05	-2.912329832870188642e-05	-2.2662222300016259273e-05	-2.2152372305198847431e-05	7.8738061406911057642e-06	-6.5577279452731274234e-06
-6	7	4	3.6833873104350955063e-06	3.0731960502006910874e-05	-3.1842390982018251816e-06	1.5350942699835267498e-05	1.1097499387505837539e-05	1.9233791028298646494e-05
-6	7	5	-6.8272270392314305526e-06	5.544695957212095446e-06	-1.5771294597569715924e-05	-1.8534354502188389732e-05	1.3887139989519889019e-05	3.2601731451718260837e-05
-6	7	6	1.8549527040636151244e-05	-5.7675910969282146468e-06	2.1086868275526653616e-05	1.5387583677175937889e-05	-6.0518192808116107428e-06	-2.3719772053633475235e-05
-6	7	7	4.2196678924733114379e-06	1.0055524161261159303e-06	2.8663900632720176928e-06	-7.9112745407583582712e-06	7.5046813027653525567e-07	8.7731766117236000132e-06
-6	7	8	2.5945630403245179289e-05	1.9805103684944281369e-05	1.9320407117915884874e-05	5.7256596007744668583e-06	2.5538665742574860494e-06	9.8438756130305535844e-06
-6	7	9	0	0	0	0	0	0
-6	7	10	0	0	0	0	0	0
-6	7	11	0	0	0	0	0	0
-6	7	12	0	0	0	0	0	0
-6	8	-12	0	0	0	0	0	0
-6	8	-11	0	0	0	0	0	0
-6	8	-10	0	0	0	0	0	0
-6	8	-9	0	0	0	0	0	0
-6	8	-8	-4.0528407783287003296e-06	-1.4335759405970154319e-05	1.32214497287578295e-05	-6.1100276187472016124e-06	1.6261080312504353688e-05	4.6417919357304137032e-06
-6	8	-7	7.8967251577390038664e-06	-9.2551121660352035343e-06	9.1953948580253295288e-06	-5.5907835950631621914e-06	3.7404011311098010752e-06	1.5434863193865605854e-06
-6	8	-6	7.6295432332809773328e-07	-2.1261868312269699442e-06	1.7931756500215218533e-05	-5.0463452646049875114e-06	2.3146054343625524789e-05	-4.6022735215796804946e-06
-6	8	-5	1.9334255697099401247e-06	-1.8222702302017420206e-05	-5.9412636389862485292e-06	-1.3411324225134888224e-05	-1.1826132506029924949e-05	4.0912400220508156437e-07
-6	8	-4	1.916165674695791154e-05	8.354723047941495001e-06	1.2722698208402369056e-05	-2.0709454571484569069e-06	-3.2970887036321317405e-06	-1.6673975486209154621e-05
-6	8	-3	-3.4316711695154780222e-07	-3.0826153573376955687e-06	-6.9741180568180484583e-06	-2.4942587112195342424e-06	-1.7911313917611701273e-05	-4.8612584857670021099e-07
-6	8	-2	2.168596433095370274e-05	-1.9789379642881682793e-05	1.9127456153738193356e-05	-1.0243760716617839683e-05	1.1451931622091665201e-05	1.8393096062173689646e-05
-6	8	-1	-3.3913734111344208768e-05	-1.5110505165874613606e-05	-2.5915348098184603701e-05	-9.9820437610413014574e-06	-3.8403801174115956323e-06	1.0806680906917266586e-05
-6	8	0	3.8460053504366592815e-06	-1.1427216798531322374e-05	2.8845040128274942494e-06	-8.5704125988984905098e-06	2.656586622712130659e-05	6.1979477729723561901e-06
-6	8	1	1.3007030432747367243e-05	7.9235308865736429494e-06	9.1557191724822064845e-06	4.1134604425421205195e-06	4.7964292166265566614e-06	1.4633501779104891847e-05
-6	8	2	2.4815875652622729359e-06	8.2557827855729266578e-06	2.2416621406230735755e-06	2.5462970831397377619e-06	-1.5218858667054752826e-06	1.4582160024159832314e-05
-6	8	3	1.0680494393380143251e-05	-1.6330556823943647799e-05	6.6446164085010412674e-06	-1.3856494838450056063e-05	3.6420116974241750429e-06	4.2895392546461849799e-06
-6	8	4	3.2112631836174620601e-06	1.0316171039212482542e-05	-1.1584623579934092788e-05	-1.9649810396732850697e-06	2.7986141935294378454e-05	1.9404218638165293952e-05
-6	8	5	-6.2621738599384194247e-06	-5.9785462655202620624e-06	-9.9367583893443553429e-06	-2.1387781617515499316e-06	8.3842047910248649001e-06	-3.7522104598218347537e-06
-6	8	6	-2.7921883249255437155e-06	1.6480911621068741545e-05	5.5296178295722348643e-06	1.7553000823161332282e-05	-1.0165012097688522829e-05	-6.9230894764797003683e-06
-6	8	7	1.5176145070472256938e-05	6.5042032503774718208e-06	7.5840808258840543773e-06	1.2244396665339866997e-05	4.340603402251587264e-06	-8.4185648314934443049e-06
-6	8	8	2.5238521319635094923e-06	-1.4235390244708850407e-05	3.4162733248533963007e-06	1.6510278590031730885e-06	-1.5233842258807640756e-06	-1.2327570542534811105e-05
-6	8	9	0	0	0	0	0	0
-6	8	10	0	0	0	0	0	0
-6	8	11	0	0	0	0	0	0
-6	8	12	0	0	0	0	0	0
-6	9	-12	0	0	0	0	0	0
-6	9	-11	0	0	0	0	0	0
-6	9	-10	0	0	0	0	0	0
-6	9	-9	0	0	0	0	0	0
-6	9	-8	0	0	0	0	0	0
-6	9	-7	0	0	0	0	0	0
-6	9	-6	0	0	0	0	0	0
-6	9	-5	0	0	0	0	0	0
-6	9	-4	0	0	0	0	0	0
-6	9	-3	0	0	0	0	0	0
-6	9	-2	0	0	0	0	0	0
-6	9	-1	0	0	0	0	0	0
-6	9	0	0	0	0	0	0	0
-6	9	1	0	0	0	0	0	0
-6	9	2	0	0	0	0	0	0
-6	9	3	0	0	0	0	0	0
-6	9	4	0	0	0	0	0	0
-6	9	5	0	0	0	0	0	0
-6	9	6	0	0	0	0	0	0
-6	9	7	0	0	0	0	0	0
-6	9	8	0	0	0	0	0	0
-6	9	9	0	0	0	0	0	0
-6	9	10	0	0	0	0	0	0
-6	9	11	0	0	0	0	0	0
-6	9	12	0	0	0	0	0	0
-6	10	-12	0	0	0	0	0	0
-6	10	-11	0	0	0	0	0	0
-6	10	-10	0	0	0	0	0	0
-6	10	-9	0	0	0	0	0	0
-6	10	-8	0	0	0	0	0	0
-6	10	-7	0	0	0	0	0	0
-6	10	-6	0	0	0	0	0	0
-6	10	-5	0	0	0	0	0	0
-6	10	-4	0	0	0	0	0	0
-6	10	-3	0	0	0	0	0	0
-6	10	-2	0	0	0	0	0	0
-6	10	-1	0	0	0	0	0	0
-6	10	0	0	0	0	0	0	0
-6	10	1	0	0	0	0	0	0
-6	10	2	0	0	0	0	0	0
-6	10	3	0	0	0	0	0	0
-6	10	4	0	0	0	0	0	0
-6	10	5	0	0	0	0	0	0
-6	10	6	0	0	0	0	0	0
-6	10	7	0	0	0	0	0	0
-6	10	8	0	0	0	0	0	0
-6	10	9	0	0	0	0	0	0
-6	10	10	0	0	0	0	0	0
-6	10	11	0	0	0	0	0	0
-6	10	12	0	0	0	0	0	0
-6	11	-12	0	0	0	0	0	0
-6	11	-11	0	0	0	0	0	0
-6	11	-10	0	0	0	0	0	0
-6	11	-9	0	0	0	0	0	0
-6	11	-8	0	0	0	0	0	0
-6	11	-7	0	0	0	0	0	0
-6	11	-6	0	0	0	0	0	0
-6	11	-5	0	0	0	0	0	0
-6	11	-4	0	0	0	0	0	0
-6	11	-3	0	0	0	0	0	0
-6	11	-2	0	0	0	0	0	0
-6	11	-1	0	0	0	0	0	0
-6	11	0	0	0	0	0	0	0
-6	11	1	0	0	0	0	0	0
-6	11	2	0	0	0	0	0	0
-6	11	3	0	0	0	0	0	0
-6	11	4	0	0	0	0	0	0
-6	11	5	0	0	0	0	0	0
-6	11	6	0	0	0	0	0	0
-6	11	7	0	0	0	0	0	0
-6	11	8	0	0	0	0	0	0
-6	11	9	0	0	0	0	0	0
-6	11	10	0	0	0	0	0	0
-6	11	11	0	0	0	0	0	0
-6	11	12	0	0	0	0	0	0
-6	12	-12	0	0	0	0	0	0
-6	12	-11	0	0	0	0	0	0
-6	12	-10	0	0	0	0	0	0
-6	12	-9	0	0	0	0	0	0
-6	12	-8	0	0	0	0	0	0
-6	12	-7	0	0	0	0	0	0
-6	12	-6	0	0	0	0	0	0
-6	12	-5	0	0	0	0	0	0
-6	12	-4	0	0	0	0	0	0
-6	12	-3	0	0	0	0	0	0
-6	12	-2	0	0	0	0	0	0
-6	12	-1	0	0	0	0	0	0
-6	12	0	0	0	0	0	0	0
-6	12	1	0	0	0	0	0	0
-6	12	2	0	0	0	0	0	0
-6	12	3	0	0	0	0	0	0
-6	12	4	0	0	0	0	0	0
-6	12	5	0	0	0	0	0	0
-6	12	6	0	0	0	0	0	0
-6	12	7	0	0	0	0	0	0
-6	12	8	0	0	0	0	0	0
-6	12	9	0	0	0	0	0	0
-6	12	10	0	0	0	0	0	0
-6	12	11	0	0	0	0	0	0
-6	12	12	0	0	0	0	0	0
-5	-12	-12	0	0	0	0	0	0
-5	-12	-11	0	0	0	0	0	0
-5	-12	-10	0	0	0	0	0	0
-5	-12	-9	0	0	0	0	0	0
-5	-12	-8	0	0	0	0	0	0
-5	-12	-7	0	0	0	0	0	0
-5	-12	-6	0	0	0	0	0	0
-5	-12	-5	0	0	0	0	0	0
-5	-12	-4	0	0	0	0	0	0
-5	-12	-3	0	0	0	0	0	0
-5	-12	-2	0	0	0	0	0	0
-5	-12	-1	0	0	0	0	0	0
-5	-12	0	0	0	0	0	0	0
-5	-12	1	0	0	0	0	0	0
-5	-12	2	0	0	0	0	0	0
-5	-12	3	0	0	0	0	0	0
-5	-12	4	0	0	0	0	0	0
-5	-12	5	0	0	0	0	0	0
-5	-12	6	0	0	0	0	0	0
-5	-12	7	0	0	0	0	0	0
-5	-12	8	0	0	0	0	0	0
-5	-12	9	0	0	0	0	0	0
-5	-12	10	0	0	0	0	0	0
-5	-12	11	0	0	0	0	0	0
-5	-12	12	0	0	0	0	0	0
-5	-11	-12	0	0	0	0	0	0
-5	-11	-11	0	0	0	0	0	0
-5	-11	-10	0	0	0	0	0	0
-5	-11	-9	0	0	0	0	0	0
-5	-11	-8	0	0	0	0	0	0
-5	-11	-7	0	0	0	0	0	0
-5	-11	-6	0	0	0	0	0	0
-5	-11	-5	0	0	0	0	0	0
-5	-11	-4	0	0	0	0	0	0
-5	-11	-3	0	0	0	0	0	0
-5	-11	-2	0	0	0	0	0	0
-5	-11	-1	0	0	0	0	0	0
-5	-11	0	0	0	0	0	0	0
-5	-11	1	0	0	0	0	0	0
-5	-11	2	0	0	0	0	0	0
-5	-11	3	0	0	0	0	0	0
-5	-11	4	0	0	0	0	0	0
-5	-11	5	0	0	0	0	0	0
-5	-11	6	0	0	0	0	0	0
-5	-11	7	0	0	0	0	0	0
-5	-11	8	0	0	0	0	0	0
-5	-11	9	0	0	0	0	0	0
-5	-11	10	0	0	0	0	0	0
-5	-11	11	0	0	0	0	0	0
-5	-11	12	0	0	0	0	0	0
-5	-10	-12	0	0	0	0	0	0
-5	-10	-11	0	0	0	0	0	0
-5	-10	-10	0	0	0	0	0	0
-5	-10	-9	0	0	0	0	0	0
-5	-10	-8	0	0	0	0	0	0
-5	-10	-7	0	0	0	0	0	0
-5	-10	-6	0	0	0	0	0	0
-5	-10	-5	0	0	0	0	0	0
-5	-10	-4	0	0	0	0	0	0
-5	-10	-3	0	0	0	0	0	0
-5	-10	-2	0	0	0	0	0	0
-5	-10	-1	0	0	0	0	0	0
-5	-10	0	0	0	0	0	0	0
-5	-10	1	0	0	0	0	0	0
-5	-10	2	0	0	0	0	0	0
-5	-10	3	0	0	0	0	0	0
-5	-10	4	0	0	0	0	0	0
-5	-10	5	0	0	0	0	0	0
-5	-10	6	0	0	0	0	0	0
-5	-10	7	0	0	0	0	0	0
-5	-10	8	0	0	0	0	0	0
-5	-10	9	0	0	0	0	0	0
-5	-10	10	0	0	0	0	0	0
-5	-10	11	0	0	0	0	0	0
-5	-10	12	0	0	0	0	0	0
-5	-9	-12	0	0	0	0	0	0
-5	-9	-11	0	0	0	0	0	0
-5	-9	-10	0	0	0	0	0	0
-5	-9	-9	0	0	0	0	0	0
-5	-9	-8	0	0	0	0	0	0
-5	-9	-7	0	0	0	0	0	0
-5	-9	-6	0	0	0	0	0	0
-5	-9	-5	0	0	0	0	0	0
-5	-9	-4	0	0	0	0	0	0
-5	-9	-3	0	0	0	0	0	0
-5	-9	-2	0	0	0	0	0	0
-5	-9	-1	0	0	0	0	0	0
-5	-9	0	0	0	0	0	0	0
-5	-9	1	0	0	0	0	0	0
-5	-9	2	0	0	0	0	0	0
-5	-9	3	0	0	0	0	0	0
-5	-9	4	0	0	0	0	0	0
-5	-9	5	0	0	0	0	0	0
-5	-9	6	0	0	0	0	0	0
-5	-9	7	0	0	0	0	0	0
-5	-9	8	0	0	0	0	0	0
-5	-9	9	0	0	0	0	0	0
-5	-9	10	0	0	0	0	0	0
-5	-9	11	0	0	0	0	0	0
-5	-9	12	0	0	0	0	0	0
-5	-8	-12	0	0	0	0	0	0
-5	-8	-11	0	0	0	0	0	0
-5	-8	-10	0	0	0	0	0	0
-5	-8	-9	0	0	0	0	0	0
-5	-8	-8	-1.0604602003988707504e-05	1.5874374576813411774e-05	-4.9478373045210524112e-06	-1.9153619029007169479e-05	1.1575713557013994601e-05	9.2321349184987879676e-06
-5	-8	-7	-6.3584660838294206756e-06	4.1443723389367522687e-06	6.8504365700346554817e-06	-3.1553593946577890362e-06	-3.2873088773043056612e-06	6.4585906608265018057e-07
-5	-8	-6	-2.1837463068627443888e-05	-1.9120854242943349907e-05	5.2211396696370429804e-06	-3.4423916343249941548e-07	1.123636633100681147e-05	1.6393030753696122661e-05
-5	-8	-5	3.0483301803646471521e-06	3.7283614678172883691e-06	-5.3236445384517240879e-06	2.7825293031019757076e-06	5.4695010811581113038e-06	-8.1804083527804496707e-06
-5	-8	-4	5.6987960919732455984e-08	-6.5529946522859323406e-06	1.1841302871612296784e-05	-7.1781693105225693528e-06	-2.3753840694374261428e-05	2.2547581936402555402e-05
-5	-8	-3	1.5256204026585737398e-05	-2.4706191450923467497e-05	-1.2286816680730101938e-06	1.5536550209143022092e-05	-2.2150522262781534018e-05	-2.5381480617561537839e-07
-5	-8	-2	-3.4438355988383031334e-06	6.0714546270358202461e-06	-3.8179372098390827896e-06	-9.7576376769992725646e-07	2.3881337836452088568e-05	-1.1275581496789840319e-05
-5	-8	-1	6.5104795698199656592e-06	2.7859544991799297639e-05	-8.52101824681037732e-06	-1.5324556601400285964e-05	3.5615748125383186876e-05	-1.6701272147794207263e-05
-5	-8	0	-2.5426539798070587645e-06	9.1975689734141631502e-07	1.589158737379411569e-06	-5.7484806083838521012e-07	3.1460421935191093168e-06	2.267333707248687374e-05
-5	-8	1	2.2540221514636255256e-05	3.3975488404646633507e-05	-1.7469385191571755862e-05	-2.0215999596522016122e-05	-2.7053973959392774005e-05	8.1494452510570487196e-06
-5	-8	2	1.5268420760028591734e-05	-2.1637960618346534993e-06	5.1459768383695863003e-07	-4.9421465756409374932e-07	4.0229442635419315549e-05	-7.3863487848430093809e-06
-5	-8	3	-1.1383018947986945342e-06	6.7221352551725135782e-06	-8.4398478878588734401e-06	-5.1895580295240850599e-06	-2.4403430858954820346e-05	-2.6352626534433708626e-06
-5	-8	4	9.3076729767583122417e-06	-1.7842870683611434482e-05	-3.1272363773719741246e-06	1.8808606714612903098e-05	5.3801184662039428999e-06	1.5313625074711511399e-05
-5	-8	5	1.3569182208828974498e-05	9.3211940389461971914e-06	2.0450914878664781223e-06	-2.2728799513770432587e-06	1.6841328589415337799e-05	5.6845861167429272999e-06
-5	-8	6	1.2358127073859449234e-07	1.4311656270171057136e-05	-1.9097314253781895292e-05	-3.8532701599847595328e-06	-2.5360101279427032259e-05	6.7886866784962004401e-06
-5	-8	7	-5.9417977886750772496e-06	-4.0341905638150930542e-06	1.0048014603593051716e-05	9.4948395693513551864e-06	7.2393039836241472671e-06	7.9696805336764825592e-06
-5	-8	8	2.0020766814427173034e-05	-1.4641561608053682613e-05	3.013209988541781361e-06	3.8184334997592043266e-06	1.5526189247558765778e-05	-5.3325425052743477298e-06
-5	-8	9	0	0	0	0	0	0
-5	-8	10	0	0	0	0	0	0
-5	-8	11	0	0	0	0	0	0
-5	-8	12	0	0	0	0	0	0
-5	-7	-12	0	0	0	0	0	0
-5	-7	-11	0	0	0	0	0	0
-5	-7	-10	0	0	0	0	0	0
-5	-7	-9	0	0	0	0	0	0
-5	-7	-8	2.1240581393428941853e-06	5.9260135255321979268e-06	-1.5212548791848673331e-06	-1.2026616043914751579e-05	3.561682197450113116e-09	6.8195305849677839271e-06
-5	-7	-7	-4.5319868726117710294e-06	2.510211829561066391e-05	1.7034462670992776429e-06	-8.3473479694672423756e-06	1.5336872133377015731e-06	-9.5827365273975182862e-06
-5	-7	-6	3.7166269687074337797e-07	6.8821872115205528074e-06	-1.0638944698188840962e-05	1.6573874876520265172e-06	1.2102383233828028925e-05	-7.6687747451944918213e-06
-5	-7	-5	-1.7380882667984750146e-05	1.6477564270262952688e-05	1.3221916015997166317e-06	5.2560502600671162921e-06	1.5529814425745145973e-05	-2.3836034634356912786e-05
-5	-7	-4	1.1560375505770796459e-05	2.7969038199235613624e-05	-8.0387767200192990658e-06	-1.4481957459788316999e-05	-3.8261012217972120287e-07	-9.6178721944149643997e-06
-5	-7	-3	-2.6962319845731250385e-05	1.226335693101438677e-05	1.2374085530996107842e-05	-1.8098649046345919851e-05	1.6064333503894501269e-05	2.1791252889783165546e-05
-5	-7	-2	1.4620731354631059521e-06	-2.2725447015665623169e-05	-1.1631922138560561337e-05	1.7026613606432086092e-05	3.7056544646304197894e-05	-2.7795300833482450943e-06
-5	-7	-1	-6.3047882138077074185e-06	3.3195136892517057316e-06	-1.1080597019640404486e-06	1.815411680798203332e-07	3.928035898278681875e-05	-1.7868356622817271043e-05
-5	-7	0	1.2618859837863657982e-05	-1.1253589497853897769e-05	-9.0134713127597566694e-06	8.0382782127527843626e-06	-7.1436991154382499397e-06	9.9990140971943979778e-07
-5	-7	1	-1.9109435487137727591e-05	3.0641935884482492632e-06	1.3919176706950392631e-05	2.4185153745454001552e-06	1.8870595129641072881e-06	3.225057556405905079e-05
-5	-7	2	1.5347056725978864758e-05	-6.1286397035278270924e-07	-9.2369812667183875401e-06	-8.2587657862735550102e-06	6.0382073814328055049e-06	-3.043784017783940005e-05
-5	-7	3	2.1085661872966097991e-05	-8.3553883132438920578e-06	-3.6661736919171097903e-06	5.2914929059924524767e-06	2.6588364507136910529e-05	-1.5788304080907661525e-06
-5	-7	4	1.4962285624150821237e-05	4.691907331747793234e-05	-2.9654015701909114808e-06	-6.0730380738559027208e-06	1.3513404282354430925e-05	4.802102501759959117e-05
-5	-7	5	2.0825434543480965806e-05	1.3799465910030004427e-06	-2.0372259435254835033e-05	5.4553303540085184919e-06	-7.695728665875804935e-06	9.0174090866149251455e-06
-5	-7	6	6.7826033261275280839e-06	9.4633963340315565692e-06	-1.0999475025054047296e-05	-3.9442567122274336074e-06	-7.1805514241234485838e-06	3.2845307807609577912e-06
-5	-7	7	-1.0970966014325633594e-05	2.3043044780848282837e-05	2.3069879256020543203e-05	-7.1398378161196643477e-06	1.5233474960073661096e-05	9.3194798844862525696e-06
-5	-7	8	-1.0806930442605208349e-05	-6.2797122468437176031e-06	-1.1134454242369689757e-05	1.0577925096175965546e-05	-1.649697898870173312e-05	5.3308643048766462451e-06
-5	-7	9	0	0	0	0	0	0
-5	-7	10	0	0	0	0	0	0
-5	-7	11	0	0	0	0	0	0
-5	-7	12	0	0	0	0	0	0
-5	-6	-12	0	0	0	0	0	0
-5	-6	-11	0	0	0	0	0	0
-5	-6	-10	0	0	0	0	0	0
-5	-6	-9	0	0	0	0	0	0
-5	-6	-8	-1.4668628354731689704e-06	-1.392285038843653003e-06	-7.3568762496566804537e-06	-7.0197759537767609965e-06	6.4344464594132409467e-06	6.1350101146098533184e-06
-5	-6	-7	1.3502665866011648364e-05	-5.6504213703961339388e-08	1.2074252845993994543e-05	1.4520722097464032341e-05	-1.9994120915146027933e-05	-1.2405973073752055505e-05
-5	-6	-6	-5.956882219554390334e-06	1.6477735104451260277e-05	2.0586694224560256377e-05	-2.8172242965098954755e-05	-1.5622625708264932228e-05	1.4440797044722905089e-05
-5	-6	-5	2.4825095029258712862e-06	1.1383335072782612796e-05	-7.4009759543472722549e-06	-9.5938632001602265284e-06	6.3986616422908548267e-06	1.2930076740966031435e-07
-5	-6	-4	-5.3584007500608465556e-05	4.8936393796976012706e-05	3.2836262428061380083e-05	-9.5023527084746313529e-06	1.7725615733668510126e-05	-4.6916963183508065465e-05
-5	-6	-3	-1.4044902626587334323e-05	-4.7194197591926384495e-05	4.5188953568030843655e-06	3.0215030312720779536e-05	1.4370380330706054576e-05	1.8226935361102416215e-05
-5	-6	-2	-1.5807402879807954673e-05	1.2301961693485559068e-05	1.2490105984193161803e-06	1.1106294616935794193e-05	3.5771475404261937083e-05	-6.4073788084521274321e-05
-5	-6	-1	-5.2700315856833418579e-05	-2.0038532381863315585e-05	4.6546243648473153379e-05	2.2077261273581307661e-05	-1.5775882606671830769e-05	-3.2270905732171257878e-05
-5	-6	0	1.4854679475451539319e-05	-1.5077994344117996047e-05	-1.2378899562876281918e-05	1.2564995286764996988e-05	-3.9788191197811251525e-05	-4.3962036374864028074e-05
-5	-6	1	1.9629555231600603091e-05	-8.7842681582529789013e-06	-6.5228608096019349388e-06	1.4020301596002781349e-05	5.9010611300391402432e-05	4.0200468784751795283e-05
-5	-6	2	-8.1444248731922826422e-06	-3.9232618879450580678e-06	1.9729466708726478655e-05	-6.733931744137724144e-07	3.8827337943198733596e-05	-1.1828334243103961142e-05
-5	-6	3	-2.2267504872600498643e-05	-1.1128356141943456718e-05	2.9292292029833173468e-05	2.3256218191608018694e-06	2.1472075938665512477e-05	-1.3896016598250824972e-05
-5	-6	4	1.5331443488089641991e-05	3.6682037044496920952e-06	-1.0949903795168017325e-06	-2.5989749158821208794e-05	1.7521818790836849361e-05	-3.4399369107669695107e-05
-5	-6	5	5.2235710613404947567e-06	1.7905264048549974614e-05	-1.2722401422778949941e-05	-3.5585157981430643587e-05	-1.0043310645994244325e-05	-2.4796925529166792947e-05
-5	-6	6	-4.0549628034543384696e-05	7.0617550449213582498e-06	3.7810199220523770696e-05	-2.1026062689140721633e-05	4.0188425250709537866e-06	-1.5141266818372922244e-05
-5	-6	7	8.8597636538546490861e-06	1.9566012548273535463e-05	-1.2757647296780293616e-05	1.5933541658866873128e-05	-4.606723644486929685e-06	2.7633044670652699877e-05
-5	-6	8	-2.3130517355137555013e-05	-5.4242009196379592701e-05	-6.6882937093002138134e-06	5.7228426492569200141e-06	-1.9472793628936130973e-05	-2.9609123760794554792e-05
-5	-6	9	0	0	0	0	0	0
-5	-6	10	0	0	0	0	0	0
-5	-6	11	0	0	0	0	0	0
-5	-6	12	0	0	0	0	0	0
-5	-5	-12	0	0	0	0	0	0
-5	-5	-11	0	0	0	0	0	0
-5	-5	-10	0	0	0	0	0	0
-5	-5	-9	0	0	0	0	0	0
-5	-5	-8	2.8500159214923663129e-05	1.6371830384789602203e-05	2.0112986115718970134e-06	-2.5457295767713168472e-06	-1.9069661141559725407e-05	-8.6413130050114284004e-06
-5	-5	-7	1.1926931196358109627e-05	-6.5500631913215279543e-06	-1.460011613826434212e-05	-5.4226434298313598982e-05	1.9094178156473091653e-06	4.3411783921167950958e-05
-5	-5	-6	-1.551451267922417511e-05	-8.3051890776551687523e-06	1.1299397782795717548e-05	1.7624535946513537589e-05	3.5125957470237139297e-06	-7.7661223907153076465e-06
-5	-5	-5	-2.697898701954945416e-05	-1.7495552565483973899e-05	7.5065148085229161859e-06	-2.9343280224032465255e-05	1.947247221102653628e-05	4.6838832789516439154e-05
-5	-5	-4	-2.6123703473442128821e-06	-7.4357427407804638308e-07	-1.6915033954607066788e-06	-3.5208681613153769321e-05	5.3798421785061496629e-06	4.4940319859039767328e-05
-5	-5	-3	-1.8842629821426393303e-05	5.2853301166191998144e-05	3.9707052773183736062e-05	-6.7860555247161078959e-05	-3.4774038252928903469e-05	2.5012090134948472542e-05
-5	-5	-2	-2.3440131309352828411e-05	-2.677327274116525366e-05	2.087079805439149023e-05	2.7261382500017758933e-05	6.4233331374033471469e-06	-1.2202743971312638186e-06
-5	-5	-1	-4.5151997639986872447e-05	-1.018365083510654919e-05	4.2095984116741964648e-05	1.7925316780222261043e-05	1.5280067616224518666e-05	-3.8708329725578555875e-05
-5	-5	0	1.4597447537155589954e-05	-5.8828209050139734066e-05	-1.4597447537155589954e-05	5.8828209050139734066e-05	-2.4723453746866354025e-05	1.5620633021440221051e-05
-5	-5	1	3.7107267282623865323e-05	-2.7108171452754495568e-05	-5.6470119415046623849e-05	2.1638961819995541046e-05	-9.6814260662113772304e-05	-2.7346048163794775998e-05
-5	-5	2	9.1033828662059239692e-05	1.0491928961631680537e-05	-7.179792044909913244e-05	-1.6500557242599900651e-05	4.8089770532400254578e-05	-1.5021570702420546897e-05
-5	-5	3	-2.5291302539257862664e-06	-1.9809525798549444453e-05	1.089945986944613099e-05	4.6554230566401903454e-05	1.395054935920057454e-05	4.4574507946420761613e-05
-5	-5	4	-3.6684746055583349403e-05	-5.1232409206835930729e-05	1.9396725107478406596e-05	2.6339844545564737951e-05	-2.1610026185131175967e-05	-3.1115705826588985043e-05
-5	-5	5	-3.3652630543280073814e-05	-1.329661742882733689e-05	2.40659757977439387e-05	1.0098933073046530062e-05	-9.5866547455361368087e-06	-3.1976843557808059813e-06
-5	-5	6	-1.3060106947603535973e-05	-1.5351448412661114251e-05	1.0671137925396488103e-05	-5.6873503819169176802e-06	-1.9908075185058726601e-06	-1.7532332328815028021e-05
-5	-5	7	3.5777014393634028565e-06	-3.7842518975464160195e-05	1.5379703140519724868e-06	6.9585107366075177991e-06	3.6540512524395538469e-06	-2.2060005884897602801e-05
-5	-5	8	2.3468058485024158967e-05	-1.5895293490928032149e-05	1.6191777573016033899e-05	-3.5304780897218888543e-06	2.4787397536275120117e-05	-1.214110723790620031e-05
-5	-5	9	0	0	0	0	0	0
-5	-5	10	0	0	0	0	0	0
-5	-5	11	0	0	0	0	0	0
-5	-5	12	0	0	0	0	0	0
-5	-4	-12	0	0	0	0	0	0
-5	-4	-11	0	0	0	0	0	0
-5	-4	-10	0	0	0	0	0	0
-5	-4	-9	0	0	0	0	0	0
-5	-4	-8	-8.3264915537973840958e-06	-9.5779779017380306234e-06	4.0721083673770600104e-06	3.8715684483861461198e-05	3.1680030374348348429e-06	-1.3371606053344460189e-05
-5	-4	-7	1.9262429051564485666e-05	3.1305458880452122759e-05	-4.428250003213752943e-05	1.780305643127543975e-05	1.1545407838675383715e-05	-3.2534217161051765606e-05
-5	-4	-6	4.1033959273828746805e-06	1.5310447469052212928e-05	1.0639533760892321273e-05	-1.3070330243257623109e-05	-1.0512519113413942376e-05	-4.0451527287050959318e-06
-5	-4	-5	-2.976846839719629408e-05	-1.3501939729259297826e-05	4.5167345362037040286e-05	1.1251531171010023226e-05	-6.3654078924333373017e-06	4.5007147924512799222e-06
-5	-4	-4	-5.3368447811282800986e-05	5.0683705242151280864e-05	-7.2109375708767870793e-06	-2.5539507737274059649e-05	7.3921497334980285771e-05	-3.7815123815415043124e-05
-5	-4	-3	2.6402252973735955606e-05	-1.2320946597724798048e-05	3.1835345822687830919e-05	5.7125472134361940141e-05	-8.645088271981037401e-05	-5.5632385182941252821e-05
-5	-4	-2	-1.584167039445394894e-05	2.0693645692548385759e-05	1.0274819324294230105e-05	-2.6521380393333015462e-06	1.9054537337546413833e-05	-4.6429838152704357916e-05
-5	-4	-1	-6.3705239586090744091e-06	-5.9128219810011027147e-05	5.6738389645219587388e-06	7.0353004379107667585e-05	9.1572639349575387843e-06	1.4229081533624473864e-05
-5	-4	0	4.9971992088926531615e-06	-3.9029044429881752307e-05	-6.2464990111158166637e-06	4.8786305537352190383e-05	9.3451129259320922125e-05	-2.9405628487201738514e-05
-5	-4	1	-7.8972415089625840946e-05	5.3317845902669529939e-05	9.6361491363730270151e-05	-5.2362439724663884931e-05	-9.4161099932081224298e-06	5.7139470614692096416e-05
-5	-4	2	-8.4442631726783015374e-05	-0.00010392645936377697762	6.9450317950764533527e-05	7.2123368132928072504e-05	-7.220594341542845105e-05	-0.00011556941214358629904
-5	-4	3	1.2352577857712973618e-05	3.1461677983056858044e-05	4.3625897285414314702e-05	9.6174263409497414806e-06	7.875549281007404004e-05	6.5259365093027756565e-05
-5	-4	4	-1.2404688563880848323e-05	5.247049083212742674e-06	1.4258346912955450892e-05	1.3169315915423185796e-05	-1.2475137918956103589e-06	1.9728127269439112656e-05
-5	-4	5	1.0933831424998774552e-05	3.8213252602148936685e-05	-1.380166013254484901e-06	1.8926943008882798225e-05	9.8296986143951852757e-06	5.3354807009255175265e-05
-5	-4	6	-4.3754144365169898682e-05	4.3770508764645154991e-05	2.4811060608069588593e-05	-2.9367926824829589539e-05	-1.9921079898928522044e-05	1.68968060873179028e-05
-5	-4	7	1.6986249474557483835e-05	1.9483416164065895212e-05	7.6728363099765340549e-06	-5.9243859325860644057e-06	1.6517513230384794112e-05	1.0531362441426460018e-05
-5	-4	8	-3.4690724642402388912e-06	1.3300978308805694652e-06	1.6770160641666358089e-05	1.4868562234276373559e-05	6.2169100306830294726e-06	8.2655922614385427216e-06
-5	-4	9	0	0	0	0	0	0
-5	-4	10	0	0	0	0	0	0
-5	-4	11	0	0	0	0	0	0
-5	-4	12	0	0	0	0	0	0
-5	-3	-12	0	0	0	0	0	0
-5	-3	-11	0	0	0	0	0	0
-5	-3	-10	0	0	0	0	0	0
-5	-3	-9	0	0	0	0	0	0
-5	-3	-8	3.6491742065592926842e-05	-1.601388714180643799e-05	2.9335051165233802615e-05	-1.9054579397703891341e-05	-3.3807982977958256951e-05	1.7154146737767982149e-05
-5	-3	-7	9.9724746662169192352e-06	-1.0964908492840866265e-05	2.6198023049023534605e-05	-1.3064643585286372791e-05	-1.8350920354022169249e-05	1.3431210460009063758e-05
-5	-3	-6	2.4333727190952726785e-06	-1.3719208035476451274e-05	6.447945034964730944e-06	-5.8771487748008702087e-07	-5.2517831167284258963e-06	1.1726530801637086203e-05
-5	-3	-5	6.7818994135016625834e-06	-1.9012509295603225546e-05	-4.4123708395418494372e-05	4.1078851610823251077e-05	1.9692325623749434209e-05	-5.6348016708907264552e-06
-5	-3	-4	-2.7985708577702128982e-05	-5.5276586266638782509e-06	1.7131255745293905683e-05	-1.6838272279278086979e-05	2.2133693913157233659e-05	1.9538277492788413048e-05
-5	-3	-3	2.1687709003357930336e-05	8.4297937859066892686e-05	-3.7063264889236488759e-05	-6.3208310616353922192e-05	9.1708321697327354311e-07	-7.7288252482090894434e-05
-5	-3	-2	1.9613048037069253163e-05	-1.994938456429159646e-05	-4.2044165546870637955e-05	-2.035907801067396642e-05	1.4033628227632829108e-05	8.0412078426739944169e-05
-5	-3	-1	-2.3316214972611430044e-05	-1.488701896978723457e-05	8.0765800371408407832e-05	4.9363512130725232846e-05	-0.00012571632625116806311	-7.3655441543239523992e-05
-5	-3	0	-2.971324355191236002e-05	-3.4064174516134024533e-05	4.9522072586520600034e-05	5.6773624193556705296e-05	-0.00010203349689338523341	9.7981459171119449979e-07
-5	-3	1	-2.1920565252255141969e-05	-3.4410230874580735561e-05	2.6526643377325492281e-05	0.00010796567552432622891	-3.0022896129299233003e-05	0.00015184587220007500215
-5	-3	2	-5.3755360409380165533e-05	-8.5586096591350281556e-06	9.8160424435244744462e-05	3.4686088393603166618e-05	1.2852235629416699472e-05	3.0632608442567176997e-05
-5	-3	3	-3.8288206279576944674e-06	9.3538895554777001567e-06	2.4891854711337780008e-05	-4.4369435652511070116e-05	1.8510486998074957872e-05	-2.8779619726714902059e-05
-5	-3	4	-4.7506172197261221525e-06	4.6345669710049629766e-06	-3.3460019241944824226e-05	-4.5356142215849483071e-06	-3.1033285956116274883e-05	2.3914980475674927021e-06
-5	-3	5	-6.5525130267883184608e-05	2.3150655789080012151e-05	2.345779011820340061e-05	4.3605158809996810059e-05	-5.1450456196961138144e-05	4.9313751075078101575e-05
-5	-3	6	-4.7252840663873563653e-05	-1.3312084009388511465e-06	-1.9405444032633823966e-05	1.5102257281124649961e-05	-4.908008923621155062e-05	6.4417883064466155153e-06
-5	-3	7	-3.2402925732194795535e-06	-3.5599385278720544032e-06	-4.5262681138420285355e-05	-4.7136338982112788173e-06	-2.1712786611622607872e-05	-4.5629420477134445509e-06
-5	-3	8	-2.6837077911228915851e-06	-1.0019612713389160414e-05	7.8915384292839221825e-06	-3.4477642033954886864e-06	1.2820095415296632072e-06	-7.555169522141533569e-06
-5	-3	9	0	0	0	0	0	0
-5	-3	10	0	0	0	0	0	0
-5	-3	11	0	0	0	0	0	0
-5	-3	12	0	0	0	0	0	0
-5	-2	-12	0	0	0	0	0	0
-5	-2	-11	0	0	0	0	0	0
-5	-2	-10	0	0	0	0	0	0
-5	-2	-9	0	0	0	0	0	0
-5	-2	-8	3.7162434510912738326e-05	-3.446052132426066071e-07	-3.2921099928471718942e-05	-3.3409767736098380896e-06	-1.4996246587202532565e-05	1.0506224516790887246e-06
-5	-2	-7	-9.0165162574301106079e-06	1.834575834757972752e-05	-2.6500964996688489251e-06	-1.7870223726714373514e-05	7.1975391837840353574e-06	-7.9983348977814107606e-06
-5	-2	-6	2.4615908838119905303e-05	-1.0465847692707522831e-05	1.2710116162438101159e-05	-4.2850401223878026346e-05	-2.4749962752579288139e-05	2.3005006818548944192e-05
-5	-2	-5	3.8871594269923168596e-05	-2.0870549393224171756e-06	-6.9848157662422857253e-05	3.3572674367425918136e-05	-1.0932331204954022985e-05	-1.1342014807647950587e-05
-5	-2	-4	-1.1604037234905713224e-05	-1.3615426214316548624e-05	-7.3292317763743746362e-05	-1.5625926229773779773e-06	5.1151205425504018946e-05	1.7800579079384374557e-05
-5	-2	-3	4.6714021454186734766e-05	-2.3020960894282568632e-05	4.5324603337175855308e-05	-0.00013949843243882601145	-0.000108073104648428466	0.00013136722311635494519
-5	-2	-2	5.1252391078550304561e-05	-4.589110938785093477e-05	-0.00012897852340258689403	1.457581415022133409e-05	8.4754570621112923891e-07	0.00010015195931940600114
-5	-2	-1	4.164030867311872998e-05	-3.8629072357221091278e-06	-8.7385961702037345746e-05	3.9208572220156906669e-05	-3.3429619961518951634e-05	-5.910260826170326431e-05
-5	-2	0	2.948104885268589177e-05	-5.6514786832896737922e-05	-7.3702622131714736202e-05	0.00014128696708224185836	0.00019468793128950723659	-0.0001166306895205871519
-5	-2	1	6.5588962655870554808e-05	-5.804768021680171004e-05	-0.00018209770709131680149	0.00015851906229732978869	-3.6250600903280822166e-05	2.6799723510651057666e-05
-5	-2	2	-8.527251525917549176e-06	-2.2441649965903266912e-05	5.8899245760185815421e-05	-1.0627208290821453271e-05	3.7581116945391946716e-05	-6.6731333205579618857e-05
-5	-2	3	-1.3058386680735661829e-05	7.6770506656538296244e-05	1.9591703285426209115e-05	2.1380545036823821702e-06	-8.7028422776086319994e-06	0.00012937621409668542422
-5	-2	4	4.3816675740845883308e-06	-4.5170605505587568907e-06	5.0199018812705264233e-05	-3.5888712278650522817e-05	3.0576593873958364989e-05	-2.359068182752370731e-05
-5	-2	5	2.7288507060219580909e-05	-4.3495259957145947607e-05	-2.0884170726230873855e-05	-3.188360068650324358e-05	1.8934838769727232723e-05	-5.6248700231747240973e-05
-5	-2	6	-3.8113083532112798722e-05	1.6227534335462061336e-06	2.5989656553286623038e-05	3.4802492305237730413e-05	-2.3097684092331792385e-05	1.29531252963677495e-05
-5	-2	7	3.423204762098725222e-05	5.9434469692513453238e-06	-2.1740685861087940146e-05	3.2614372839251086901e-05	1.8239838054680057789e-05	1.3563711503536986016e-05
-5	-2	8	-1.0504431376462684188e-05	-6.4944912691643500345e-07	1.6138375862146972327e-05	-2.2130145178496662294e-05	-2.530675644752434959e-06	-5.9384419989469377948e-06
-5	-2	9	0	0	0	0	0	0
-5	-2	10	0	0	0	0	0	0
-5	-2	11	0	0	0	0	0	0
-5	-2	12	0	0	0	0	0	0
-5	-1	-12	0	0	0	0	0	0
-5	-1	-11	0	0	0	0	0	0
-5	-1	-10	0	0	0	0	0	0
-5	-1	-9	0	0	0	0	0	0
-5	-1	-8	-1.310135531690411762e-05	7.0979679423560244878e-06	-3.8788636497023485337e-05	-2.4636970058032106986e-05	1.3036926635193008968e-05	-1.3566087067185017199e-06
-5	-1	-7	-1.2073339870612574318e-05	2.6445451488128487799e-05	7.7357996363141932812e-08	-1.6077450718110940957e-05	8.6127630509571043995e-06	-1.6592829531790215941e-05
-5	-1	-6	-3.781874355248031821e-05	2.6507258336612287021e-05	1.223007006321497426e-07	5.5487478376615425929e-05	3.1495236176961575894e-05	-3.1337295009946140683e-05
-5	-1	-5	-3.9053393445197971256e-05	-9.1233811547832003366e-06	1.5073512015747904934e-06	-5.9551752450163876018e-05	3.875192320488301303e-05	2.1033731644815973846e-05
-5	-1	-4	-4.1762061509836630061e-05	5.5232711420261269946e-07	1.3369340793181416785e-05	-7.3122746919570409811e-07	4.8860241689000433803e-05	-5.0760202545433984979e-07
-5	-1	-3	-5.0914125939128917879e-05	5.1378674963555965124e-06	6.5589148339656149346e-05	-8.1454669589582907017e-06	6.2993827118662811091e-05	-5.8479568409398964397e-06
-5	-1	-2	4.4445459578122539031e-06	8.88672270179385712e-06	-6.9023267491603743301e-05	-1.0308430966642330651e-05	2.3400268851271235199e-05	-1.7062591271163480016e-05
-5	-1	-1	-1.7012748883775957726e-05	1.1011325254685477775e-05	9.3091592107552760343e-05	5.0175895085989864731e-05	-8.0278476886729767961e-06	-0.00010523252135941725191
-5	-1	0	5.1871304834689636022e-06	-2.9914197380497459965e-05	-2.5935652417344817164e-05	0.00014957098690248729644	-3.382427575642040407e-05	0.00010100611917576765824
-5	-1	1	5.3658737759072332738e-06	2.9063883463691203807e-05	-0.0001371730317424540524	-0.00017626478151276100481	-0.00011034366286291787248	-3.0945364194304985782e-05
-5	-1	2	-1.6355642566872081599e-05	7.07868300819441764e-05	2.8121290236615527152e-05	-0.0001562232753067295467	-2.682846129887244381e-05	9.8855437551495660875e-05
-5	-1	3	-1.622971189430460741e-05	6.5771094208069640183e-05	1.596695265342017224e-05	-0.0001160735706506675868	-2.1727202272700956066e-05	7.092730012989353352e-05
-5	-1	4	2.113278971163584389e-05	2.5770902122653118203e-05	4.9273595888910149429e-05	-6.9578755642793959713e-05	3.8734386111772341373e-05	1.4818938742617908673e-05
-5	-1	5	9.984551882872688542e-06	5.0334598384412389922e-05	2.6954485861900187945e-05	4.9024469868502189751e-05	1.5375449055252727486e-05	6.0139492358112825161e-05
-5	-1	6	2.2436298594513030493e-05	-1.0869643573204953662e-05	-4.364000636017581605e-05	2.9360734862807880114e-05	1.1423581102064889967e-05	-4.164580500536148033e-06
-5	-1	7	1.8581689235567945252e-05	-2.2928609500892642599e-05	-1.3559319328214339728e-05	3.7828784989002251307e-05	1.1335589549946483549e-05	-1.0973466073637281451e-05
-5	-1	8	8.919334418066056296e-06	6.8889637623070308834e-06	1.6794211326068073364e-05	-6.1313033914203174187e-06	7.6738604270497937201e-06	3.5391894275143546248e-06
-5	-1	9	0	0	0	0	0	0
-5	-1	10	0	0	0	0	0	0
-5	-1	11	0	0	0	0	0	0
-5	-1	12	0	0	0	0	0	0
-5	0	-12	0	0	0	0	0	0
-5	0	-11	0	0	0	0	0	0
-5	0	-10	0	0	0	0	0	0
-5	0	-9	0	0	0	0	0	0
-5	0	-8	-2.7561545815426817524e-05	-2.8656985890451116704e-05	1.4767703976744185463e-05	-2.9297633510315652212e-05	1.7225966134641759682e-05	1.7910616181531948787e-05
-5	0	-7	2.0556918755692556179e-06	1.4297883076675967398e-06	-2.2860767367056526359e-05	-1.7761192820343681169e-05	-1.4683513396923253203e-06	-1.021277362619712078e-06
-5	0	-6	-1.4462915940668630719e-05	8.9444102755735511792e-07	-2.4395606557251582136e-05	-6.6877382510051036822e-06	1.2052429950557193113e-05	-7.4536752296446254533e-07
-5	0	-5	2.1183801892549097606e-05	5.0946951602540218814e-05	-4.26332189141527727e-05	7.9826170323872486153e-06	-2.1183801892549097606e-05	-5.0946951602540218814e-05
-5	0	-4	4.2735191385392454883e-05	2.3395213938587818432e-05	-1.3567172599417196458e-05	-7.15457096232362781e-05	-5.3418989231740571992e-05	-2.9244017423234773887e-05
-5	0	-3	1.6447144690446875262e-06	-9.8693176065735567325e-06	8.7496830421070494166e-05	7.5544124942671789301e-05	-2.74119078174114623e-06	1.6448862677622593989e-05
-5	0	-2	7.1183509016006630654e-05	-2.259942642429584248e-05	9.1435644253217066946e-05	-0.00011658525601485576827	-0.00017795877254001658341	5.6498566060739609587e-05
-5	0	-1	-3.7456862233043945072e-06	-1.983458896596655978e-05	9.0222613925315713274e-05	-0.00017266668584202729802	1.8728431116521972112e-05	9.9172944829832798902e-05
-5	0	0	0	0	-3.4066286202242679999e-05	-6.8623385135830288059e-05	-7.7704916353369134262e-05	-0.00018758864476881985817
-5	0	1	1.081380764429745839e-05	-9.7404885074356104983e-06	1.3978221050413649571e-05	-2.2102125222604115668e-05	5.4069038221487288564e-05	-4.8702442537178054186e-05
-5	0	2	8.2153996608866095637e-05	8.1372884430776726094e-06	0.00013664415376578987029	7.8764720094196246703e-05	0.00020538499152216523232	2.0343221107694180676e-05
-5	0	3	7.552532213027115355e-05	2.1667897420152700617e-05	4.6779969365158815208e-05	5.2414707614384520442e-06	0.00012587553688378524236	3.6113162366921168825e-05
-5	0	4	-5.701217817351215397e-05	8.8005428172361998526e-06	4.9223543718100531107e-05	-4.1769703877466010048e-05	-7.1265222716890194157e-05	1.1000678521545249392e-05
-5	0	5	2.7212458925333237901e-05	5.9001020395501969644e-06	-5.584773006461708002e-05	-1.3484011354052350328e-05	2.7212458925333237901e-05	5.9001020395501969644e-06
-5	0	6	-5.6308894713210187321e-05	4.0639060530616775524e-05	1.2399062212606261441e-05	6.3673860711984422346e-06	-4.6924078927675152712e-05	3.3865883775513975086e-05
-5	0	7	-1.8776881365588027014e-05	-2.7082633244504998929e-05	-1.3647840812957214395e-05	-1.865523347797837887e-05	-1.3412058118277161669e-05	-1.9344738031789283981e-05
-5	0	8	-8.7659378232824176073e-06	2.2198655007807243267e-05	4.3518509564516974405e-06	2.7010470089782124192e-05	-5.4787111395515112163e-06	1.3874159379879527889e-05
-5	0	9	0	0	0	0	0	0
-5	0	10	0	0	0	0	0	0
-5	0	11	0	0	0	0	0	0
-5	0	12	0	0	0	0	0	0
-5	1	-12	0	0	0	0	0	0
-5	1	-11	0	0	0	0	0	0
-5	1	-10	0	0	0	0	0	0
-5	1	-9	0	0	0	0	0	0
-5	1	-8	-1.4610114286449618257e-05	1.3362816103549769972e-05	2.9039166839205005934e-05	2.473368680271421333e-05	1.2761217283931637999e-05	-5.2600492143793297779e-06
-5	1	-7	-2.3990858070166280904e-05	1.7489974142698453893e-05	2.6924657852267884229e-05	1.5465822891832093337e-05	2.098270688615704125e-05	-1.0283435403094310634e-05
-5	1	-6	-1.7285256316319482037e-05	1.4283095197322896513e-05	-3.2184805814667422008e-06	2.0170463040191443862e-05	1.3867966833355112107e-05	-8.5408354910705075799e-06
-5	1	-5	-2.2183694018094418762e-05	-7.0417912651193862871e-05	6.7052472226199467689e-07	-0.00011162452068071738738	2.2317798962546817634e-05	4.8093008515050388106e-05
-5	1	-4	-4.886819096693431673e-05	9.8088176613187900966e-05	-2.4019778018570746541e-05	0.00011021174274133263625	5.5080294204025210972e-05	-9.5057285081151713757e-05
-5	1	-3	-2.2399738589683886069e-05	-1.4945738612014758907e-06	-9.4481326892669514395e-05	-5.4020897381307813787e-05	5.8391220185833072928e-06	-1.5516009358433477194e-05
-5	1	-2	1.5687420543301711036e-05	-3.0360701239954989474e-05	0.00010641368818670395209	5.2991183396234716667e-05	1.398829273509769676e-05	0.00010239734479800483371
-5	1	-1	1.049370501349721033e-05	-1.4805107987611460584e-05	-6.5575483217559642777e-05	2.9449161076742044779e-05	-0.0001180440082850457012	0.00010347470101479934262
-5	1	0	-1.138125513868304513e-05	1.5771872709394373596e-06	-5.6906275693415220567e-05	7.885936354697186586e-06	-0.00022180212417584259745	1.4748507179742492362e-05
-5	1	1	2.5914611028748780314e-05	-1.3910769748594053669e-05	0.00013332950441610904408	8.3366123863784379917e-06	-3.7564492723651509836e-06	-7.7890461129348709723e-05
-5	1	2	4.3453921575946454273e-05	4.7698870225719063921e-05	1.2468055743163796028e-05	0.00011050289504562265319	0.00010240077606828423004	6.3995728041486323046e-05
-5	1	3	3.7425402261294656134e-05	-1.637858369399136928e-05	-1.98168921441929137e-05	3.4315551727666346901e-05	6.898130115022206479e-05	-3.8736156732541065562e-05
-5	1	4	4.2770633070887432168e-05	1.0386773404131504299e-05	-6.6893193427621343706e-05	-4.5665992262455121415e-05	7.0186589695514622748e-05	2.4399964820778159881e-05
-5	1	5	6.6331744273479020106e-07	-2.5491015703408968123e-05	8.2365749103822387438e-06	-1.3684340942699102953e-05	-9.8399753934165739948e-07	-2.2754147514869147871e-05
-5	1	6	4.9166580851122599995e-06	-1.7157291328110386947e-05	1.8111317151292434513e-05	-5.7395626135471923004e-05	1.0786622123781441768e-06	-4.7318050841800008262e-06
-5	1	7	7.7316015506027475055e-06	9.5862211442177631195e-06	-3.0887878152333846885e-05	-3.9411944607324725419e-05	9.9351265579067975312e-06	1.2477578618344790606e-05
-5	1	8	-5.2568176806714860265e-05	-4.850109899236736142e-07	2.4042074019876868464e-05	-9.4017305656102897126e-06	-3.586036975668139453e-05	8.7208445199899013903e-07
-5	1	9	0	0	0	0	0	0
-5	1	10	0	0	0	0	0	0
-5	1	11	0	0	0	0	0	0
-5	1	12	0	0	0	0	0	0
-5	2	-12	0	0	0	0	0	0
-5	2	-11	0	0	0	0	0	0
-5	2	-10	0	0	0	0	0	0
-5	2	-9	0	0	0	0	0	0
-5	2	-8	-2.7119110623874995402e-05	-2.5215153128394247054e-05	-1.2574013949929731216e-05	-5.4469386807291649431e-06	1.3805940652439438899e-05	1.4397736035064112538e-05
-5	2	-7	-2.541389545441610041e-05	1.2388783426570277311e-05	-2.175393279898465713e-05	-2.0173969010049539905e-05	1.1937373096301598014e-05	-1.4613122164707209239e-05
-5	2	-6	-4.1766475765010429417e-05	-8.2811185864169558658e-06	-2.1876988628090334127e-05	-2.6777899206460584929e-05	2.7513066928145245342e-05	-2.0250342468060645234e-06
-5	2	-5	6.3043850609478711158e-06	-1.7121032781042150339e-05	-3.2924597337766556152e-05	9.7704163637072240624e-06	-1.9474223996054493068e-05	2.1029199326525040641e-05
-5	2	-4	1.3496599179200027856e-05	-3.1809362175634602608e-05	1.2551318262285987093e-05	2.2894982710951348792e-05	-1.0595089842857040427e-05	5.1209194075018924267e-05
-5	2	-3	1.6730860829431131592e-05	4.2486963453634241593e-05	2.8831787309813151042e-05	0.00011746660587511226377	-8.6635765091764519591e-06	7.4994648273510963624e-06
-5	2	-2	-7.7974581374846497675e-06	2.2111965439750058579e-05	3.5778824529474809299e-05	0.00010193534262599340573	5.5272469873186429483e-05	4.6655429026618260979e-05
-5	2	-1	-2.2959841997489233259e-05	-4.4156065058035532907e-05	-1.0455744322556643962e-05	-4.8832335281273586117e-05	9.3887721342332874984e-05	0.00012311565472763051263
-5	2	0	7.388041934704080659e-05	9.9713987169807370389e-06	0.00018470104836760203003	2.4928496792451840903e-05	6.8450936803863618994e-05	0.00021104225555497902345
-5	2	1	-9.6555468980751798955e-06	1.9407609436504061936e-05	-3.9558080047799162112e-05	2.8624496348706810882e-05	3.0838425605222416276e-05	3.9789054485106694692e-05
-5	2	2	-2.5246555150343553991e-05	-5.7870347806512431751e-05	-9.2115216914866570176e-05	-0.00012703122543131543064	2.8998829039007680117e-05	-1.7644644084965635186e-05
-5	2	3	1.2448245677340384513e-05	-1.6089976142215653914e-05	0.00011016748952638697346	-8.4876836249968203463e-05	-5.2697916888690670833e-05	2.9767930596286046915e-05
-5	2	4	7.1444925714642733717e-05	3.4150199933342834124e-05	4.7038678994117440874e-05	-2.9877578006573775121e-05	6.5786817646244706874e-05	5.7626538919965430215e-05
-5	2	5	-8.7697835710755491704e-05	-4.2559180551748819636e-06	4.7965576966388537392e-05	-5.5126828323531347985e-05	-0.00010688406649731091479	1.7794813274237657061e-05
-5	2	6	4.8798677172256450037e-05	-4.0542641048119324311e-05	-3.3286625956307369254e-05	-6.812961731796394289e-05	5.1761106295649502633e-05	-1.1075661767444787602e-05
-5	2	7	1.5746054556597403662e-05	-3.1179350325203614137e-06	4.1468166065516213754e-05	4.1266586484876010218e-06	-6.0086562114934562347e-07	-3.4061417799395729118e-06
-5	2	8	-4.5687621895477841547e-05	1.3709627712588081993e-05	-4.730652339759758365e-06	3.2277681325196418529e-05	-2.7372100599733711164e-05	4.9909698906844640193e-07
-5	2	9	0	0	0	0	0	0
-5	2	10	0	0	0	0	0	0
-5	2	11	0	0	0	0	0	0
-5	2	12	0	0	0	0	0	0
-5	3	-12	0	0	0	0	0	0
-5	3	-11	0	0	0	0	0	0
-5	3	-10	0	0	0	0	0	0
-5	3	-9	0	0	0	0	0	0
-5	3	-8	3.5242324070541979921e-05	-1.50063868112244897e-05	4.195803731929647083e-05	6.1075709326473184491e-06	-6.2921885493525600422e-06	1.1669330856758049951e-05
-5	3	-7	2.9898195564444542263e-05	-1.8181758236322762587e-05	1.4727153387612092056e-05	-1.1873310975266451999e-05	-1.5044216808483775965e-05	7.8984083222592098278e-06
-5	3	-6	-2.6244128165048359234e-05	-1.4299796065244778432e-05	8.7518216059943354962e-06	3.1915763615570014316e-06	2.6246017607204132364e-05	1.3512284901815815088e-05
-5	3	-5	3.85943557413668826e-05	1.7400788314278410493e-05	4.6146885593581420354e-05	3.4046332697672795681e-05	-1.0906224385218029371e-05	3.0270113043252652214e-06
-5	3	-4	-4.3899873768668625938e-05	-2.9806287145243609885e-05	-1.3105912434164930188e-05	3.8280906874017314051e-05	4.5045407885212083087e-05	6.59685390870674962e-05
-5	3	-3	-2.9048918442128879042e-05	2.3912408347640187349e-05	-1.7132315214599499623e-06	8.6983991651387091137e-06	4.6701632548754849642e-05	-3.1155614747594940421e-05
-5	3	-2	6.4665941248739528408e-06	6.1717408148974972206e-06	-1.3984209730819896782e-05	2.8509485946955619189e-05	-3.7142799908414724733e-05	2.7334876883189689544e-05
-5	3	-1	-7.3684671472924476455e-06	6.4418587140803023347e-05	-6.098761053885895686e-06	0.00010361307350319287027	1.854605257480455117e-05	-1.1253715194436517781e-05
-5	3	0	2.2613081586124888524e-05	-1.9720989057248080022e-05	3.7688469310208143022e-05	-3.2868315095413470092e-05	-0.00013924070037553542829	5.9055929937894561989e-05
-5	3	1	1.9012291450352421788e-05	3.0757761460982138142e-06	3.7917232526342408555e-05	2.050527497193350564e-05	-1.8690240327265116726e-05	-4.613694418530944573e-05
-5	3	2	-1.1322453090201829631e-05	7.0319588681682802583e-05	-2.458753909774609236e-05	0.00016100147137906799352	8.5751759211145627693e-06	-6.5703235364394970276e-05
-5	3	3	5.6627227162180537206e-05	-1.0489406401681456354e-05	6.4178974880839054218e-05	-2.0566428472606417232e-05	3.0199737056128512309e-05	3.0840844698039898341e-06
-5	3	4	-4.8438178766330161683e-05	-1.536121302511784739e-05	-5.9779430188463422323e-05	-1.3803093924681817067e-05	-1.5713150816565131973e-05	-8.8491958378859481314e-06
-5	3	5	-2.2827396017816555456e-05	-4.5629071940949284415e-05	-2.0609075685435077161e-05	-7.9021623724733260367e-06	-1.0461950606555508482e-05	-4.0887774517465282694e-05
-5	3	6	-8.419932688611803898e-06	1.3331903276395881832e-05	-6.9939528224233852258e-07	-1.3852561379535160418e-05	-6.6669129327220002655e-06	1.803620008676414812e-05
-5	3	7	-8.5049810926181488809e-06	3.6517833811004883507e-05	-2.4206162000740332011e-05	3.7631594332529770845e-05	4.2990829341614641553e-06	9.9563408653478706908e-06
-5	3	8	-1.3345904309241740505e-05	-1.4586594142243947559e-05	3.0536251406811689953e-05	3.7543268936616773967e-05	-1.9792284470830470066e-05	-2.3195347190133756615e-05
-5	3	9	0	0	0	0	0	0
-5	3	10	0	0	0	0	0	0
-5	3	11	0	0	0	0	0	0
-5	3	12	0	0	0	0	0	0
-5	4	-12	0	0	0	0	0	0
-5	4	-11	0	0	0	0	0	0
-5	4	-10	0	0	0	0	0	0
-5	4	-9	0	0	0	0	0	0
-5	4	-8	-1.6621287129375003302e-05	3.1320526423413851874e-06	7.6970238838864603011e-06	-4.7266009031440372966e-06	1.4236816397802607638e-05	-4.3208333530353843375e-06
-5	4	-7	-1.5874670850064085407e-05	2.1407795110978573443e-05	8.7767062098599901617e-06	2.5166963603763417224e-06	1.6354311298537199692e-05	-1.38531700161982153e-05
-5	4	-6	-3.6638890887581368342e-05	4.1970592817764949324e-05	-4.7781790557269863864e-05	8.5785879851087762355e-06	-1.3221179651954366128e-06	-2.925643535806493915e-05
-5	4	-5	3.2231013735744419756e-06	-3.6310662800220757176e-05	-5.908706739615419256e-06	-2.2849374734274770042e-05	-7.9500667652667772109e-06	1.8031163012800941142e-05
-5	4	-4	-5.7727386801202138121e-06	2.7592805338663001485e-05	4.0910064786483313424e-05	3.8634449321688272999e-06	4.8125988136633583866e-05	-3.0627561741159925403e-05
-5	4	-3	-2.3807691883440765685e-05	4.1963925559697544243e-07	-4.4314783100656101298e-05	2.5051555789562269388e-05	-1.9406890995140189997e-05	3.2702675626754737471e-05
-5	4	-2	1.9988674118933870839e-05	3.3811076371565998097e-05	2.1999988905768763024e-05	1.3408222426853085466e-05	-5.9717074857971527436e-06	-5.7711246075208831087e-05
-5	4	-1	-7.0968044949474727232e-05	-1.8710200854985599862e-05	-9.0760831224608585458e-05	-2.8557362174613739491e-05	-8.203100151060739554e-06	-2.0678444423526958656e-05
-5	4	0	-1.9640333037576989642e-05	3.6340015050939011778e-05	-2.4550416296971237052e-05	4.5425018813673763028e-05	-3.3950954486727271103e-05	8.7998156855844441443e-05
-5	4	1	-1.3492382629932199748e-05	-3.406448626941322225e-05	-5.7224282684743282162e-05	-3.5042114463624025205e-05	0.00016143521758931212991	-3.0153973492570020591e-05
-5	4	2	-1.0146413005824202463e-05	-5.6733710274968866003e-05	2.867633968172413571e-05	-5.0790069192572962918e-05	-8.2718711878008787742e-05	-4.0254137302276229006e-05
-5	4	3	-2.2050761602339815335e-05	4.0599763500803828125e-05	-7.4713249214918654511e-05	4.5412410646962565503e-05	6.2866396282658507013e-05	7.1163916387229609497e-06
-5	4	4	5.220180020722948929e-05	2.5215159305086803595e-05	1.2353930624589319487e-05	-1.8982940352955092141e-05	5.2898319634447538737e-05	5.0501889484313593247e-05
-5	4	5	2.0752595127797371355e-05	-2.1900924364291490825e-05	8.2085204329445667732e-05	-1.8511696464567285096e-05	-4.491556833575915741e-05	-7.0915671926376620707e-06
-5	4	6	-1.452514452955052411e-05	-2.3047355903864608458e-05	-1.8782908311163810197e-06	-3.2034373777748280268e-05	-1.0852093220547850118e-05	2.1501192652783471692e-06
-5	4	7	-1.0395939591861313929e-05	-1.0231674994035001457e-05	9.2198143415003089518e-06	1.3403461844344172939e-05	-1.269413647504397245e-05	-1.496746033536452916e-05
-5	4	8	5.7952226462022310202e-06	7.9900457093875280033e-06	1.3011373302630267458e-05	1.0121924245337261613e-05	-2.8836724974387394474e-06	-6.7183554301425883821e-08
-5	4	9	0	0	0	0	0	0
-5	4	10	0	0	0	0	0	0
-5	4	11	0	0	0	0	0	0
-5	4	12	0	0	0	0	0	0
-5	5	-12	0	0	0	0	0	0
-5	5	-11	0	0	0	0	0	0
-5	5	-10	0	0	0	0	0	0
-5	5	-9	0	0	0	0	0	0
-5	5	-8	-2.0008277377773292722e-05	-2.2983843509248323201e-05	-4.051897757674565527e-06	-1.7400205813519692497e-05	9.9727372625617040732e-06	3.4897735598303946133e-06
-5	5	-7	-1.2967686265949422285e-05	-3.4570288273405400277e-05	-1.6333259513361074851e-05	-2.8939706609347028366e-05	-2.4039808910083242295e-06	4.0218440457559809047e-06
-5	5	-6	-2.5704976214615797044e-05	1.831286969058935069e-05	-4.7534708752765628335e-06	1.9135645824098066516e-05	1.7459587782782695316e-05	6.8564677792392862009e-07
-5	5	-5	-6.9810334618051504422e-06	3.4617471169350126242e-06	1.107090157451947361e-05	-1.8565620671896751118e-05	1.8051935036324626594e-05	-2.2027367788831766707e-05
-5	5	-4	-1.0005193078653415643e-05	9.8964193978960217086e-06	2.9370256175527793629e-05	-3.1067916113646340981e-05	4.9219311567726511166e-05	-5.1205419389427952515e-05
-5	5	-3	2.6549605885881416502e-05	-6.9209072632874083075e-07	2.9851462565720416795e-05	1.4064850828307276173e-05	5.5030944663983332577e-06	2.4594902591060027069e-05
-5	5	-2	4.9004477513587956785e-05	2.6604565376568575064e-05	4.9052984884758638366e-05	3.0152611111356894064e-05	1.2126842792670620117e-07	8.870114336970797499e-06
-5	5	-1	-1.7367450721749282398e-05	-8.4285240354813492457e-06	-2.3352358173212615455e-05	-7.9811535634519328701e-06	-2.9924537257316651733e-05	2.2368523601470844192e-06
-5	5	0	-1.8080138770049207684e-06	-2.0550613453928796831e-05	-1.8080138770049207684e-06	-2.0550613453928796831e-05	-5.4950586019171605216e-05	1.4727271264632406188e-05
-5	5	1	-6.0033491486267694009e-06	3.9120978191592225637e-05	-1.394398820231116222e-06	3.2307968561595544921e-05	-2.3044751641978263989e-05	3.4065048149983410356e-05
-5	5	2	4.9055926227983468173e-05	-9.6729963833661491317e-06	8.8591485307107979518e-06	-2.721190569576948485e-05	0.00010049194424318167471	4.3847273281008339297e-05
-5	5	3	-3.5953049188870566538e-05	3.1270669809800191545e-05	-1.7435018580040319611e-05	1.216207470260984754e-05	-3.0863384348050408156e-05	3.1847658511983910064e-05
-5	5	4	3.4791842541940891376e-05	-4.0851723003285183536e-05	1.0604232221238626055e-05	-2.2691078539598442829e-05	3.0234512900877828263e-05	-2.2700805579608421649e-05
-5	5	5	-6.3344389409373911217e-06	-2.19596127121186322e-05	4.9262610024623600778e-06	-7.5873134824744356097e-06	-1.1260699943399751199e-05	-1.4372299229644198285e-05
-5	5	6	2.586794384304311485e-05	2.7938859900255912457e-05	3.5183612202624564547e-05	1.5789724583512877303e-05	-7.7630569663178730535e-06	1.0124279430619195398e-05
-5	5	7	-3.7273912690985626311e-07	1.3488237810681388482e-05	-2.3454434999270697192e-05	1.5366167268491119657e-05	1.6486925623114886415e-05	-1.341378184149807347e-06
-5	5	8	5.5326893661269746353e-06	2.0682024024472454063e-05	2.6518387382799586654e-06	5.0969210040950563913e-06	1.8005316424043849283e-06	9.7406893877358737563e-06
-5	5	9	0	0	0	0	0	0
-5	5	10	0	0	0	0	0	0
-5	5	11	0	0	0	0	0	0
-5	5	12	0	0	0	0	0	0
-5	6	-12	0	0	0	0	0	0
-5	6	-11	0	0	0	0	0	0
-5	6	-10	0	0	0	0	0	0
-5	6	-9	0	0	0	0	0	0
-5	6	-8	-6.5553467585383446458e-06	-1.132450292276168079e-05	-6.9763729019861086454e-06	-2.3549388802681282296e-07	-1.1351879524031161863e-06	6.9011939107059412139e-06
-5	6	-7	-1.0809630219655104019e-05	-2.1629457897345868352e-06	-1.2622905088380379328e-05	-3.8905106566661405566e-06	-3.0984684902866798951e-06	-1.7897621416177013091e-06
-5	6	-6	4.3419996408215580746e-06	1.0581180605276635735e-06	8.1703963375922120843e-07	4.9918441136509097091e-06	-2.8012934002587439596e-06	4.1100790632111905233e-06
-5	6	-5	-3.5847985566072259559e-05	-2.7662478772345838816e-06	-2.1023635739758866052e-05	9.5008722230395256192e-06	1.0619622678361615554e-05	1.4167294544882014963e-05
-5	6	-4	-1.5665791135689721703e-05	2.1339634520454953749e-05	-1.090866310966732576e-05	-1.6625207494490123707e-05	3.2192442551111643355e-06	-5.1612354392303873513e-05
-5	6	-3	6.9658441977235732324e-06	2.9893674157389628311e-05	3.3696630497637041836e-06	2.4288389968030661182e-05	-4.8704142300118797887e-06	-1.2460103262547252434e-06
-5	6	-2	1.3628661179045780809e-05	2.9954968710150616564e-05	-2.4994631940129592417e-06	4.2963822025725742861e-05	-4.1570042529653332289e-05	5.4004044301800699032e-05
-5	6	-1	-2.3038450539772101863e-06	-3.2436754606722437687e-05	-2.7872594580887132328e-06	-2.8198545281287624992e-05	-5.2043314786462288886e-06	-7.0074986541135564361e-06
-5	6	0	-3.1271095410610191085e-05	-2.7672961326091290353e-05	-2.6059246175508491442e-05	-2.3060801105076074165e-05	-4.2504047774596024733e-05	7.4630793635399004494e-07
-5	6	1	2.5979882648954928653e-05	3.9433745523538418158e-05	2.2215068592601494736e-05	2.4064418847693126865e-05	-3.3909983108343213396e-06	5.2782214531533329599e-05
-5	6	2	3.7749735152816972646e-05	-7.928097611438659169e-06	1.7713248598744445802e-05	6.0491056129454571748e-06	4.1234592085809090823e-05	-3.7967560867433020294e-05
-5	6	3	-2.1875596504381340432e-05	1.5690616552104557821e-05	-7.5205018240997178889e-06	1.7262361381789832475e-06	-2.1418323859102801664e-05	2.2698555310482962643e-05
-5	6	4	-1.6780954765644815748e-05	-2.8188505797665244578e-05	-2.2441243912567871653e-05	-5.9003937944603179525e-06	1.2685672411795785252e-05	-2.638504155539107837e-05
-5	6	5	1.7586863294613622178e-05	-1.4432847788287424788e-05	9.619940986428880122e-06	1.1250923502273011321e-07	6.0429341108989658617e-06	-1.4567858870314699828e-05
-5	6	6	-3.038611890512858869e-05	1.2607293109744820497e-05	-3.5875689088924286223e-05	-5.6143859975155270233e-06	1.0553923334650459491e-05	1.6120463588969544951e-05
-5	6	7	-9.6477312402040297015e-06	1.5699691041894544522e-05	6.1318970441513965253e-06	1.953716735329006935e-06	-1.2147148352275504435e-05	9.5394506853569553965e-06
-5	6	8	-1.0638272795502338775e-05	1.0134075203022052536e-05	-1.7005283156802035953e-05	-1.9002408555478966817e-05	6.1050418704125656544e-06	2.0585603418498009854e-05
-5	6	9	0	0	0	0	0	0
-5	6	10	0	0	0	0	0	0
-5	6	11	0	0	0	0	0	0
-5	6	12	0	0	0	0	0	0
-5	7	-12	0	0	0	0	0	0
-5	7	-11	0	0	0	0	0	0
-5	7	-10	0	0	0	0	0	0
-5	7	-9	0	0	0	0	0	0
-5	7	-8	7.4153195746070473706e-06	-5.0404276855471557593e-06	-4.4902455147457518905e-06	1.2497510500102020631e-05	-8.5635395595319369815e-06	1.4085588991056241143e-05
-5	7	-7	-1.7667020036628354289e-05	2.581577522909836599e-05	9.3114289656079463016e-06	2.5506304314901839618e-05	2.1930728991771057234e-05	7.0664648655458635478e-06
-5	7	-6	1.1015938212556387118e-05	1.9773608160416495245e-05	2.0498451764434266441e-06	-1.0479757715507083946e-05	-6.788462471279658321e-06	-2.8704390801772011206e-05
-5	7	-5	1.3427540347316607903e-05	1.9080655854928716005e-05	3.2470883110269603154e-05	-1.1335583137078579743e-05	3.2031696007060842272e-05	-3.4950472246838730018e-05
-5	7	-4	-8.9728202830472499079e-06	-5.9917039301801548225e-06	1.374847308757664399e-05	-1.5144971415192925321e-05	3.5275853257068187673e-05	-1.9014070063862424512e-05
-5	7	-3	7.4924884540897035842e-08	-8.4921339157074273818e-06	4.39587496770330168e-06	-9.8047256120585753598e-06	1.0132166783739543248e-05	-8.7241365686242934818e-06
-5	7	-2	1.2468663333777856212e-05	-4.8387821644470495059e-05	1.885431576941347826e-05	-2.9957367589931161692e-05	3.4818446858502536767e-05	1.6118767546417178503e-05
-5	7	-1	4.6498454187459439509e-05	-1.1205132599700139509e-05	3.7635984924769070442e-05	-7.7740813347738959698e-06	3.0959623536086295552e-05	1.6070936550834327421e-06
-5	7	0	1.8820350028132247928e-05	1.7688211328093436116e-05	1.3443107162951604695e-05	1.263443666292388415e-05	1.1659515798285977647e-05	-4.2390766724991418108e-05
-5	7	1	-2.67483782385336219e-05	-4.5010464013146099025e-06	-1.8077621159803511261e-05	1.8750823416672237884e-06	-7.19854307404354931e-06	-3.5630808398243618996e-05
-5	7	2	7.3786683874306171127e-06	1.7642944049253550109e-05	4.407003423535857327e-06	1.328768522794691565e-05	3.0221589862010412903e-06	-2.3995381746803337385e-06
-5	7	3	-3.0046268392585821869e-05	3.857170858874845331e-06	-1.8453134053332044697e-05	-3.6925048092174622474e-07	-7.0198011965349341323e-06	7.2902025536088171486e-06
-5	7	4	2.0954191521517784573e-05	-8.2584549084697493447e-06	2.9525090219223448784e-07	1.5516126954162784196e-05	2.5676050323060822057e-05	-3.7476290805372063683e-05
-5	7	5	1.6860104689636382747e-05	-7.8663143289919990997e-07	6.6578710405944166017e-06	1.2335059346304247862e-05	7.539085232804197811e-06	-1.8055714517725147256e-05
-5	7	6	7.3072763937986535241e-06	-2.2942414683186645335e-05	1.0504264512481309502e-06	-6.1177341698498396551e-06	4.863899468376058389e-06	-1.198132237116405917e-05
-5	7	7	1.7451140637301147749e-05	1.2445165613154932877e-05	1.2545522893334325098e-05	2.9192020820829673764e-06	-8.0422438119218621164e-08	5.970201927313413976e-06
-5	7	8	-1.4032813722967659906e-05	-4.0250298806599500232e-06	-1.8356575832877667728e-06	-2.194875731829922476e-05	-7.164308191477991621e-06	1.6689518978099351947e-05
-5	7	9	0	0	0	0	0	0
-5	7	10	0	0	0	0	0	0
-5	7	11	0	0	0	0	0	0
-5	7	12	0	0	0	0	0	0
-5	8	-12	0	0	0	0	0	0
-5	8	-11	0	0	0	0	0	0
-5	8	-10	0	0	0	0	0	0
-5	8	-9	0	0	0	0	0	0
-5	8	-8	1.3963292513110226564e-06	-1.0286617954388729276e-05	2.8974235305224363768e-06	-3.3998849287869125496e-05	2.0247177484530472959e-06	-2.7569713066376171816e-05
-5	8	-7	1.4611721906365669055e-05	1.4735460281401009972e-05	8.6080400053547091922e-06	5.9409967517436018872e-06	-5.9918421271295316578e-07	-3.7356181990080331747e-06
-5	8	-6	4.4925300520290074223e-06	1.4058138811623433606e-05	3.1914708128850273088e-06	8.3980167946626605948e-06	5.1151937382253057946e-07	-5.1775995013598047504e-07
-5	8	-5	-8.0154036853346467042e-06	-1.7926827394605416048e-05	1.5113111407989727257e-05	-3.991251273874462383e-06	3.219638193811821201e-05	1.1540825356406276574e-05
-5	8	-4	6.3742421794796464926e-06	2.3875632525155490558e-06	1.4400071643389648855e-05	2.5178555000007339574e-06	2.0832340562429741288e-05	2.0512569343570315949e-06
-5	8	-3	-1.9990982572241193899e-06	3.2402576359299658132e-06	-3.2006086108454845756e-06	8.6244732115817673108e-06	-5.2031258668810936418e-06	1.7598165837668101446e-05
-5	8	-2	1.7295653236956324379e-05	2.3161100970234615391e-05	8.312247608008846962e-06	2.0030694136115021392e-05	-9.9901426603554214053e-06	2.2220024118873545396e-05
-5	8	-1	-1.2011599555697646919e-06	1.0042949005937423868e-05	2.1666882842381896916e-06	7.8079178408091813194e-06	2.333930605175433824e-05	1.2248597696786322743e-05
-5	8	0	1.8726255913108013029e-05	1.7701120762280087912e-05	1.1703909945692508567e-05	1.1063200476425056216e-05	7.1995821739625607104e-06	-9.1773834736124650454e-06
-5	8	1	1.0353141954382971934e-05	3.3648777991764795283e-06	4.8808663849818070748e-06	2.5209578031953321645e-06	1.2718778692060408154e-05	-3.343273429680260945e-06
-5	8	2	-1.6669804949982180547e-05	3.2813227844796346634e-05	-9.5629749018603365244e-06	2.017292636597977089e-05	-3.4226127675141044228e-06	1.3413641480717908604e-06
-5	8	3	-6.7331963560958249271e-06	1.7351197574963056854e-05	-1.8926739459825361266e-06	2.1868000841160950315e-05	-6.1748634042062776938e-06	-2.9396006284824106083e-05
-5	8	4	5.7256480319950410815e-06	5.06539070152409472e-06	8.0084747184989248981e-06	1.2395635057929273881e-05	-8.8598893970040471738e-06	-1.8459531738953430209e-05
-5	8	5	1.1215088420039770229e-05	7.8039219086854624732e-06	-1.0727771621206768669e-05	-6.3605423798160925459e-06	2.83795230139706001e-05	1.7980789716391212579e-05
-5	8	6	-5.2593548258427768607e-05	-1.8848006453348124835e-06	-2.3134212643423833852e-05	4.5764172937357274985e-07	-1.2982340024124698193e-05	-2.1808561769437738577e-06
-5	8	7	-6.2520763948399292589e-06	2.3510881598561954715e-05	-1.4002859205712714212e-05	1.8814439596536906103e-05	1.1537498810214582025e-05	-4.7087298256407825411e-06
-5	8	8	6.0103320990931019947e-06	4.2519512450477940164e-06	-8.5160508598935581574e-06	-8.640400878150280699e-07	1.2272508421826746269e-05	3.5215096159698992242e-06
-5	8	9	0	0	0	0	0	0
-5	8	10	0	0	0	0	0	0
-5	8	11	0	0	0	0	0	0
-5	8	12	0	0	0	0	0	0
-5	9	-12	0	0	0	0	0	0
-5	9	-11	0	0	0	0	0	0
-5	9	-10	0	0	0	0	0	0
-5	9	-9	0	0	0	0	0	0
-5	9	-8	0	0	0	0	0	0
-5	9	-7	0	0	0	0	0	0
-5	9	-6	0	0	0	0	0	0
-5	9	-5	0	0	0	0	0	0
-5	9	-4	0	0	0	0	0	0
-5	9	-3	0	0	0	0	0	0
-5	9	-2	0	0	0	0	0	0
-5	9	-1	0	0	0	0	0	0
-5	9	0	0	0	0	0	0	0
-5	9	1	0	0	0	0	0	0
-5	9	2	0	0	0	0	0	0
-5	9	3	0	0	0	0	0	0
-5	9	4	0	0	0	0	0	0
-5	9	5	0	0	0	0	0	0
-5	9	6	0	0	0	0	0	0
-5	9	7	0	0	0	0	0	0
-5	9	8	0	0	0	0	0	0
-5	9	9	0	0	0	0	0	0
-5	9	10	0	0	0	0	0	0
-5	9	11	0	0	0	0	0	0
-5	9	12	0	0	0	0	0	0
-5	10	-12	0	0	0	0	0	0
-5	10	-11	0	0	0	0	0	0
-5	10	-10	0	0	0	0	0	0
-5	10	-9	0	0	0	0	0	0
-5	10	-8	0	0	0	0	0	0
-5	10	-7	0	0	0	0	0	0
-5	10	-6	0	0	0	0	0	0
-5	10	-5	0	0	0	0	0	0
-5	10	-4	0	0	0	0	0	0
-5	10	-3	0	0	0	0	0	0
-5	10	-2	0	0	0	0	0	0
-5	10	-1	0	0	0	0	0	0
-5	10	0	0	0	0	0	0	0
-5	10	1	0	0	0	0	0	0
-5	10	2	0	0	0	0	0	0
-5	10	3	0	0	0	0	0	0
-5	10	4	0	0	0	0	0	0
-5	10	5	0	0	0	0	0	0
-5	10	6	0	0	0	0	0	0
-5	10	7	0	0	0	0	0	0
-5	10	8	0	0	0	0	0	0
-5	10	9	0	0	0	0	0	0
-5	10	10	0	0	0	0	0	0
-5	10	11	0	0	0	0	0	0
-5	10	12	0	0	0	0	0	0
-5	11	-12	0	0	0	0	0	0
-5	11	-11	0	0	0	0	0	0
-5	11	-10	0	0	0	0	0	0
-5	11	-9	0	0	0	0	0	0
-5	11	-8	0	0	0	0	0	0
-5	11	-7	0	0	0	0	0	0
-5	11	-6	0	0	0	0	0	0
-5	11	-5	0	0	0	0	0	0
-5	11	-4	0	0	0	0	0	0
-5	11	-3	0	0	0	0	0	0
-5	11	-2	0	0	0	0	0	0
-5	11	-1	0	0	0	0	0	0
-5	11	0	0	0	0	0	0	0
-5	11	1	0	0	0	0	0	0
-5	11	2	0	0	0	0	0	0
-5	11	3	0	0	0	0	0	0
-5	11	4	0	0	0	0	0	0
-5	11	5	0	0	0	0	0	0
-5	11	6	0	0	0	0	0	0
-5	11	7	0	0	0	0	0	0
-5	11	8	0	0	0	0	0	0
-5	11	9	0	0	0	0	0	0
-5	11	10	0	0	0	0	0	0
-5	11	11	0	0	0	0	0	0
-5	11	12	0	0	0	0	0	0
-5	12	-12	0	0	0	0	0	0
-5	12	-11	0	0	0	0	0	0
-5	12	-10	0	0	0	0	0	0
-5	12	-9	0	0	0	0	0	0
-5	12	-8	0	0	0	0	0	0
-5	12	-7	0	0	0	0	0	0
-5	12	-6	0	0	0	0	0	0
-5	12	-5	0	0	0	0	0	0
-5	12	-4	0	0	0	0	0	0
-5	12	-3	0	0	0	0	0	0
-5	12	-2	0	0	0	0	0	0
-5	12	-1	0	0	0	0	0	0
-5	12	0	0	0	0	0	0	0
-5	12	1	0	0	0	0	0	0
-5	12	2	0	0	0	0	0	0
-5	12	3	0	0	0	0	0	0
-5	12	4	0	0	0	0	0	0
-5	12	5	0	0	0	0	0	0
-5	12	6	0	0	0	0	0	0
-5	12	7	0	0	0	0	0	0
-5	12	8	0	0	0	0	0	0
-5	12	9	0	0	0	0	0	0
-5	12	10	0	0	0	0	0	0
-5	12	11	0	0	0	0	0	0
-5	12	12	0	0	0	0	0	0
-4	-12	-12	0	0	0	0	0	0
-4	-12	-11	0	0	0	0	0	0
-4	-12	-10	0	0	0	0	0	0
-4	-12	-9	0	0	0	0	0	0
-4	-12	-8	0	0	0	0	0	0
-4	-12	-7	0	0	0	0	0	0
-4	-12	-6	0	0	0	0	0	0
-4	-12	-5	0	0	0	0	0	0
-4	-12	-4	0	0	0	0	0	0
-4	-12	-3	0	0	0	0	0	0
-4	-12	-2	0	0	0	0	0	0
-4	-12	-1	0	0	0	0	0	0
-4	-12	0	0	0	0	0	0	0
-4	-12	1	0	0	0	0	0	0
-4	-12	2	0	0	0	0	0	0
-4	-12	3	0	0	0	0	0	0
-4	-12	4	0	0	0	0	0	0
-4	-12	5	0	0	0	0	0	0
-4	-12	6	0	0	0	0	0	0
-4	-12	7	0	0	0	0	0	0
-4	-12	8	0	0	0	0	0	0
-4	-12	9	0	0	0	0	0	0
-4	-12	10	0	0	0	0	0	0
-4	-12	11	0	0	0	0	0	0
-4	-12	12	0	0	0	0	0	0
-4	-11	-12	0	0	0	0	0	0
-4	-11	-11	0	0	0	0	0	0
-4	-11	-10	0	0	0	0	0	0
-4	-11	-9	0	0	0	0	0	0
-4	-11	-8	0	0	0	0	0	0
-4	-11	-7	0	0	0	0	0	0
-4	-11	-6	0	0	0	0	0	0
-4	-11	-5	0	0	0	0	0	0
-4	-11	-4	0	0	0	0	0	0
-4	-11	-3	0	0	0	0	0	0
-4	-11	-2	0	0	0	0	0	0
-4	-11	-1	0	0	0	0	0	0
-4	-11	0	0	0	0	0	0	0
-4	-11	1	0	0	0	0	0	0
-4	-11	2	0	0	0	0	0	0
-4	-11	3	0	0	0	0	0	0
-4	-11	4	0	0	0	0	0	0
-4	-11	5	0	0	0	0	0	0
-4	-11	6	0	0	0	0	0	0
-4	-11	7	0	0	0	0	0	0
-4	-11	8	0	0	0	0	0	0
-4	-11	9	0	0	0	0	0	0
-4	-11	10	0	0	0	0	0	0
-4	-11	11	0	0	0	0	0	0
-4	-11	12	0	0	0	0	0	0
-4	-10	-12	0	0	0	0	0	0
-4	-10	-11	0	0	0	0	0	0
-4	-10	-10	0	0	0	0	0	0
-4	-10	-9	0	0	0	0	0	0
-4	-10	-8	0	0	0	0	0	0
-4	-10	-7	0	0	0	0	0	0
-4	-10	-6	0	0	0	0	0	0
-4	-10	-5	0	0	0	0	0	0
-4	-10	-4	0	0	0	0	0	0
-4	-10	-3	0	0	0	0	0	0
-4	-10	-2	0	0	0	0	0	0
-4	-10	-1	0	0	0	0	0	0
-4	-10	0	0	0	0	0	0	0
-4	-10	1	0	0	0	0	0	0
-4	-10	2	0	0	0	0	0	0
-4	-10	3	0	0	0	0	0	0
-4	-10	4	0	0	0	0	0	0
-4	-10	5	0	0	0	0	0	0
-4	-10	6	0	0	0	0	0	0
-4	-10	7	0	0	0	0	0	0
-4	-10	8	0	0	0	0	0	0
-4	-10	9	0	0	0	0	0	0
-4	-10	10	0	0	0	0	0	0
-4	-10	11	0	0	0	0	0	0
-4	-10	12	0	0	0	0	0	0
-4	-9	-12	0	0	0	0	0	0
-4	-9	-11	0	0	0	0	0	0
-4	-9	-10	0	0	0	0	0	0
-4	-9	-9	0	0	0	0	0	0
-4	-9	-8	0	0	0	0	0	0
-4	-9	-7	0	0	0	0	0	0
-4	-9	-6	0	0	0	0	0	0
-4	-9	-5	0	0	0	0	0	0
-4	-9	-4	0	0	0	0	0	0
-4	-9	-3	0	0	0	0	0	0
-4	-9	-2	0	0	0	0	0	0
-4	-9	-1	0	0	0	0	0	0
-4	-9	0	0	0	0	0	0	0
-4	-9	1	0	0	0	0	0	0
-4	-9	2	0	0	0	0	0	0
-4	-9	3	0	0	0	0	0	0
-4	-9	4	0	0	0	0	0	0
-4	-9	5	0	0	0	0	0	0
-4	-9	6	0	0	0	0	0	0
-4	-9	7	0	0	0	0	0	0
-4	-9	8	0	0	0	0	0	0
-4	-9	9	0	0	0	0	0	0
-4	-9	10	0	0	0	0	0	0
-4	-9	11	0	0	0	0	0	0
-4	-9	12	0	0	0	0	0	0
-4	-8	-12	0	0	0	0	0	0
-4	-8	-11	0	0	0	0	0	0
-4	-8	-10	0	0	0	0	0	0
-4	-8	-9	0	0	0	0	0	0
-4	-8	-8	-1.8156753339395985142e-05	4.8620678692511848869e-06	1.1483693256009298671e-05	-7.3406265975024577125e-06	-2.4053165863113048292e-06	4.9095926628768648455e-06
-4	-8	-7	1.4412146289923598937e-05	-1.4317589626382610919e-05	-7.3861284147112733078e-06	8.699244437182876124e-07	2.0577745114225523794e-07	7.1872804222548774183e-06
-4	-8	-6	-1.711278010701010915e-05	-1.0071022000405438656e-06	7.5751278314007896896e-07	-3.8504716369143329377e-06	1.0398503027153301655e-05	5.8053636492461394039e-06
-4	-8	-5	-5.056357301274802474e-06	-1.9186362382834323993e-05	-6.1039243101689547014e-06	5.6640671297835217717e-06	1.3811364737290168824e-05	6.286582498613825207e-06
-4	-8	-4	1.9576134252028893793e-05	1.1827025935925662345e-05	3.8555535256418077233e-06	-4.7204678950638909114e-06	-2.7287241303312510934e-05	-2.3860901457978813694e-06
-4	-8	-3	-2.6737762903221841152e-06	6.1987437488365893767e-06	2.9913729599497277693e-06	-1.0973238998957998962e-05	-4.4119595061030285647e-06	2.099697899877254586e-05
-4	-8	-2	-1.5332475289151902432e-05	2.2541593355846264714e-05	5.4523996494849953794e-06	-2.6180605144884404599e-05	8.855351980363823346e-06	5.963923386784508897e-05
-4	-8	-1	-6.3136765074396956226e-05	-1.4668257848415937442e-05	2.9283189097697750168e-05	1.0048516549549791523e-05	1.8281547516005803233e-05	-2.1715101002734579029e-05
-4	-8	0	-1.9701826596296300072e-05	-5.894421049771513677e-07	9.8509132981481500359e-06	2.9472105248857568385e-07	5.7266321828936057851e-06	-7.2568033696757844477e-06
-4	-8	1	-9.152455410019382515e-06	-1.5531444658792714489e-05	8.1435608098845030129e-06	1.039326740396051641e-05	2.8538664838998494043e-05	2.1020360596513273325e-05
-4	-8	2	-3.1017565742251322885e-05	3.0413726581412038797e-05	5.6156468340527001921e-06	-7.1161652353965019869e-06	-3.9572544148291848389e-05	3.2362792221238066259e-05
-4	-8	3	-3.1593111832104659917e-05	9.715878776071880591e-06	2.858380579542161296e-05	-1.9373296275736443282e-05	3.4099333011651423596e-05	-3.870761836720133678e-05
-4	-8	4	2.5300002176749100982e-06	-5.0049380303094832099e-06	1.3260773396682112036e-05	-9.0136753644453510589e-06	2.9051547011039136287e-05	-2.3032288759200184481e-05
-4	-8	5	-9.7041171590589781252e-07	1.2377829850759385327e-05	1.5556764045839523771e-05	-1.1369178644348367245e-05	2.4114493100618520461e-05	-8.2884219503498800078e-06
-4	-8	6	-1.600128325227137774e-05	2.6190463170347041494e-05	6.1517475567155031704e-06	-3.1554626747971673808e-05	-2.4651920925602485876e-06	-2.4612526883730866231e-05
-4	-8	7	-1.3875794346704566895e-05	-1.5414410891416375961e-05	-1.1995227963389443567e-05	-1.8262170756925082844e-06	-2.1637857299133402786e-05	-1.0895340024457937379e-05
-4	-8	8	-5.853590896702282814e-06	-9.4517736307126021782e-06	2.5262146293820907097e-06	-1.5324032686796009306e-06	-4.0058081896905069726e-07	-6.2582900840359022315e-06
-4	-8	9	0	0	0	0	0	0
-4	-8	10	0	0	0	0	0	0
-4	-8	11	0	0	0	0	0	0
-4	-8	12	0	0	0	0	0	0
-4	-7	-12	0	0	0	0	0	0
-4	-7	-11	0	0	0	0	0	0
-4	-7	-10	0	0	0	0	0	0
-4	-7	-9	0	0	0	0	0	0
-4	-7	-8	-1.9207517512346104766e-05	-1.8272109579503417151e-05	-5.0869819332282679262e-06	6.2925196827263361844e-06	1.4054867947747786712e-05	3.6301000673661635673e-06
-4	-7	-7	1.8582275316150051654e-05	-1.9890761644837433932e-05	-1.7239333051026602752e-05	1.1201796874171780335e-05	6.6208900132265750504e-06	1.6435263716389573632e-07
-4	-7	-6	-1.9151111647912625393e-05	-2.5437980885654300152e-05	1.5946060154378612479e-05	1.9354666258262351254e-05	-5.836329081499964862e-06	-5.6217900442032091307e-06
-4	-7	-5	1.5645977625175752813e-05	-2.4864237718733906319e-05	-2.3114486811379384421e-05	1.2198779470289416183e-05	1.9843499435790537972e-05	2.8130989165819426531e-06
-4	-7	-4	5.3806139964725911739e-06	-1.1276604739216402617e-05	6.558675654323586466e-06	-1.2860144767272185771e-05	-1.6858296391538868972e-05	3.3781858081942727292e-05
-4	-7	-3	-3.6572600832766787526e-05	-2.5530498601788174408e-05	1.987118405892615767e-05	1.9805475381945198028e-05	2.397371639528016883e-06	-1.2172111088821230087e-05
-4	-7	-2	4.0272825479323036174e-05	1.0410513882477894995e-05	-1.7197210502713978944e-05	1.4563799074315909445e-05	-2.0355414199147152821e-05	-7.1794324525061470506e-05
-4	-7	-1	4.0698556466776983863e-05	-3.2414485924612855886e-05	-2.2314917015891220961e-05	2.2031420399408037451e-05	-6.5898067558694107501e-06	-2.4561999097404835224e-05
-4	-7	0	9.1286438462026468728e-06	4.3944434217732080946e-05	-5.216367912115798092e-06	-2.5111105267275474342e-05	-6.7938002842085495092e-06	-5.8385593286507179696e-05
-4	-7	1	1.405170184376316534e-05	-5.7065087465069688722e-05	-8.0620654089696783945e-06	2.6273162755987642926e-05	-2.2765048773508062582e-07	-4.4348210568365244242e-05
-4	-7	2	2.6804587639133706407e-05	5.1105831762614788527e-06	-1.1668540436568674947e-05	1.0434506898283215669e-05	1.2769283750277049655e-05	4.6741940496514216782e-05
-4	-7	3	3.0512125159090057339e-05	4.6950828676012713696e-06	-5.2108863484953325628e-06	-3.9329440955358208032e-06	2.852409873229763324e-05	-2.9167590661152194834e-06
-4	-7	4	3.7447303063927505685e-05	3.3677056995231874207e-05	-1.6420288173958957678e-05	-2.4247601849976573908e-05	8.7117987594993305956e-06	-8.7562462422271318259e-06
-4	-7	5	1.4606669106750536208e-05	2.7265756533141116203e-05	1.9677448239861490979e-06	-8.1475201815092698413e-06	1.4440178038981038211e-05	1.0406076972399913152e-05
-4	-7	6	-1.5678994678929193137e-05	-8.9633027129546585446e-06	1.9396790620359713513e-05	6.4257894933365408642e-06	1.2176925937800200285e-05	1.5212192669228580099e-06
-4	-7	7	-1.143381409430116108e-05	1.6416589067040470302e-05	1.014444564406365516e-05	-1.2786633446457545695e-06	3.6108375901772776415e-06	8.102244693663085694e-06
-4	-7	8	9.4246572149965645047e-06	1.1768598143467564734e-05	-5.7791232469553330039e-06	5.479185367984292895e-06	-3.4440423358763407314e-07	1.0678586268720038438e-05
-4	-7	9	0	0	0	0	0	0
-4	-7	10	0	0	0	0	0	0
-4	-7	11	0	0	0	0	0	0
-4	-7	12	0	0	0	0	0	0
-4	-6	-12	0	0	0	0	0	0
-4	-6	-11	0	0	0	0	0	0
-4	-6	-10	0	0	0	0	0	0
-4	-6	-9	0	0	0	0	0	0
-4	-6	-8	8.8607663482372643512e-06	1.1882738436702545059e-05	-1.4675476508429337547e-05	-1.5743355513487797585e-05	6.5762242072033709844e-06	5.8661474167645748118e-06
-4	-6	-7	5.8794099358030517399e-06	1.2848841033526528171e-05	2.8924077248553595562e-05	1.0708710705210387564e-05	-2.8151729033504824793e-05	-1.6521089766481204954e-05
-4	-6	-6	-2.3592289906243519285e-05	-1.2798980047528769552e-05	2.8313411560645343652e-05	5.8694036787197417652e-06	-1.258521828981633136e-05	2.6632496862994382183e-06
-4	-6	-5	-3.4902162307945328501e-06	-7.0408729318026204292e-06	1.0031317353943187859e-05	-1.0088404126280139822e-05	-9.2454078400961984727e-06	1.7738783296978266163e-05
-4	-6	-4	3.4569961725249243002e-05	-1.515412555660021247e-06	-2.0320348557444783705e-05	1.1324255064193460406e-05	-4.0894388890820657496e-06	-1.5470970040630170844e-05
-4	-6	-3	2.8833454761210164813e-05	3.9999391558390970424e-05	-7.7377937143793340882e-06	-2.6247267012856247413e-05	-2.2969018919521554963e-05	-8.3798805214212580491e-07
-4	-6	-2	1.6694127743683035846e-05	-1.0364118329614019588e-06	-3.4392532810932512132e-05	1.237537369743542566e-05	6.9789342945431471479e-05	-3.5053297426383473909e-05
-4	-6	-1	-1.2502531363188243432e-05	-2.3043204091420107588e-05	1.8966129832692059999e-05	3.1166673235311336812e-05	-6.3786653543399372715e-05	-9.4827223046187604071e-05
-4	-6	0	-4.2006719983868406811e-05	-2.3905526418538265699e-05	2.8004479989245603411e-05	1.5937017612358843799e-05	-7.6510931149559216046e-05	1.672997891744090816e-05
-4	-6	1	2.679322646091563862e-05	-2.2008124342099438949e-05	-2.1242758172712614351e-05	1.2986846131282417361e-05	-2.0283643192613121461e-05	-1.0111420580703256713e-05
-4	-6	2	4.9983985068598264421e-05	6.6793878812878380706e-05	-3.7298496021387274758e-05	-5.2271292851800787527e-05	-1.1927517926965286961e-05	-2.3226120929645601169e-05
-4	-6	3	1.334822029584852032e-05	-7.7038269176475817181e-05	5.9544574570496154416e-06	4.2592941381198919917e-05	2.9706541975230590745e-05	-1.7531809472903249741e-05
-4	-6	4	1.6811221841297128152e-05	-2.9272818292276034683e-05	2.1657000371266690115e-05	2.8912334637398043129e-05	4.9296722398197159937e-05	1.4095683663821031704e-05
-4	-6	5	3.7886451869000112996e-05	5.0625720959654664955e-05	-1.7938297390181301378e-05	-3.1401295388377372818e-05	8.7832046269825290817e-06	2.8190223016708851755e-06
-4	-6	6	1.2742528290727737141e-05	1.7131764580218455593e-05	-9.8707774772533627371e-06	1.5573049065287350229e-05	-1.3757586167682055608e-06	2.6994225452099652828e-05
-4	-6	7	-5.6223015960928151292e-06	-1.12259093698349864e-05	-4.582033177403908924e-07	1.014815457695410306e-05	-3.6054894701162291833e-06	2.283612854626382428e-06
-4	-6	8	1.7019829578327274912e-06	1.866995775595481973e-05	-2.126322076347865071e-05	-2.5002739195500503624e-05	-1.5096424093692625663e-05	-9.4170755186479687004e-06
-4	-6	9	0	0	0	0	0	0
-4	-6	10	0	0	0	0	0	0
-4	-6	11	0	0	0	0	0	0
-4	-6	12	0	0	0	0	0	0
-4	-5	-12	0	0	0	0	0	0
-4	-5	-11	0	0	0	0	0	0
-4	-5	-10	0	0	0	0	0	0
-4	-5	-9	0	0	0	0	0	0
-4	-5	-8	1.8557740476147644701e-05	2.3966880565146821028e-05	-6.8859477226718264093e-06	-6.9884244097689917834e-07	-4.9751529114039315857e-06	-1.1546663756962847919e-05
-4	-5	-7	9.6419873029143162319e-06	-5.6947696533684754431e-06	1.3111719908764397235e-05	9.4379472515900002412e-06	-1.4875221250782750884e-05	-3.487236806353728309e-06
-4	-5	-6	5.4651078697927364924e-06	1.7081566679148153689e-05	-4.7573219539984990374e-06	2.3872504424797876955e-09	3.2102971513692524018e-07	-1.1389700494800833943e-05
-4	-5	-5	1.1606478582887907142e-06	1.6051620331331335925e-06	-1.5683514071568356319e-05	1.1026259365907586991e-05	1.4754995784937324256e-05	-1.2310388992414093018e-05
-4	-5	-4	8.7839527645507172056e-05	2.1227571286201191581e-05	1.7038183674906273214e-05	-2.1242763067194908312e-05	-0.00010913725723914001866	5.3258825477924438084e-06
-4	-5	-3	3.5638695431285935316e-05	2.7997708647521813975e-06	7.0622953071623473564e-07	2.2823536276667121431e-05	-4.8695309792908306711e-05	-4.1772254947448114303e-05
-4	-5	-2	-6.3175523615959257155e-05	2.0831689835210920981e-05	-3.0104621149677866172e-06	-3.1465101814418086667e-05	0.0001338772025193379889	3.6999374865623374704e-05
-4	-5	-1	-6.0097676284230606113e-05	3.8994267035096379949e-06	5.3783728206655582939e-05	3.4215610089029206025e-05	-2.8527935896355493633e-05	-0.00018667575725918458211
-4	-5	0	-4.9315910494031485987e-05	-3.4411892604722246608e-07	3.9452728395225186079e-05	2.7529514083777798345e-07	0.00014292864070689014172	-7.1309308682346994731e-05
-4	-5	1	-1.2865799722026361539e-05	-7.7246833234098822999e-06	1.4482256583335054867e-05	6.3306382988096667386e-06	2.0948084028569824791e-05	7.5445820040880417571e-07
-4	-5	2	9.710752285652370246e-06	3.4640580025724641627e-05	-9.9305908430594161591e-06	-2.6763653877999527209e-05	-5.4049725363437990588e-06	2.3720253564504639608e-06
-4	-5	3	6.4646752303822221919e-06	-1.5754456414961077641e-05	3.6143919837228733979e-05	-9.9438278251186972841e-06	6.8859433369224186221e-05	-3.7578988261812599559e-05
-4	-5	4	-4.1629504474624072746e-05	-1.0274651695181026895e-05	2.6994439103982957508e-05	4.5353769579562595109e-06	-7.8864555946453792485e-06	-4.6054304977357022946e-06
-4	-5	5	9.2149758191343084297e-06	-1.779355757680801145e-05	2.3017130297901506833e-05	3.0414258924278550158e-05	3.0389110953208954932e-05	1.6179412862832140321e-05
-4	-5	6	-1.4470253598417148264e-05	1.7850141499018756986e-05	2.0925435828255619676e-05	-2.9207711897612511715e-05	7.7910274579349181188e-06	-1.2439665581997921771e-05
-4	-5	7	1.0735424539991253782e-05	-1.459078091413874922e-05	-2.8723193142644641649e-05	-3.9453823765494549984e-06	-1.4382038221894029041e-05	-1.1155719362757468015e-05
-4	-5	8	-1.040138210917400117e-05	1.4592496149158519622e-05	1.418203405274862485e-05	-1.6406159010707123332e-05	3.6630802283808890993e-06	-2.9576013071126914244e-06
-4	-5	9	0	0	0	0	0	0
-4	-5	10	0	0	0	0	0	0
-4	-5	11	0	0	0	0	0	0
-4	-5	12	0	0	0	0	0	0
-4	-4	-12	0	0	0	0	0	0
-4	-4	-11	0	0	0	0	0	0
-4	-4	-10	0	0	0	0	0	0
-4	-4	-9	0	0	0	0	0	0
-4	-4	-8	2.0278556739109791562e-05	1.7029253316607757373e-05	-4.1043282059115780884e-06	-3.3564267170701813334e-06	-8.0871142665991080074e-06	-6.8364132997687886552e-06
-4	-4	-7	-4.7060709540497557511e-05	-1.7008137038234635478e-05	1.8073218466327932078e-05	-1.675436510147208151e-05	1.6564280613811212597e-05	1.9292858365546695421e-05
-4	-4	-6	-7.1829467667455472856e-06	1.4469609431954963934e-05	3.3848094915977582585e-05	4.5741898849730561975e-05	-1.7776765432821357431e-05	-4.0141005521123686198e-05
-4	-4	-5	-1.5754795831734915573e-05	2.4060987954198180121e-06	-1.9976926451231580956e-05	-1.0631518026185851459e-05	2.8585377826373196546e-05	6.5803353846128265884e-06
-4	-4	-4	5.4121697720225839224e-05	-1.7134571157434819817e-05	-5.6002072611663830117e-05	1.0499573936417753818e-05	1.8803748914379940696e-06	6.634997221017065999e-06
-4	-4	-3	4.1834541328161075019e-05	-5.2701849670219405196e-05	-2.5027819072460547956e-05	5.4587020364559909861e-05	-2.240896300760070501e-05	-2.5135609257873340487e-06
-4	-4	-2	-0.00010595433003301759332	1.6265934429343866408e-05	0.00011147798914480930375	-3.167599931394058603e-07	-1.1047318223583424244e-05	-3.1898348872408919825e-05
-4	-4	-1	3.603497444772425372e-05	3.2817443708306645387e-06	-4.244510169335308366e-05	1.606936137189869814e-05	2.564050898251531976e-05	-7.7404422970917452409e-05
-4	-4	0	5.9180900433121713233e-05	3.4575575473881370878e-05	-5.9180900433121713233e-05	-3.4575575473881370878e-05	-9.2666066573760837296e-05	1.6475206178864123109e-05
-4	-4	1	-1.2772663048174198589e-05	0.00013066979923265293804	-2.1929555573949401701e-06	-0.00011534792566314843257	-5.9862474422276553342e-05	6.1287494278018008332e-05
-4	-4	2	2.2843898966490329372e-06	1.9897817667744310003e-05	-3.1482293604793310925e-05	-1.6124407313913090398e-05	-5.8395807416288558517e-05	7.5468207076624383624e-06
-4	-4	3	-2.4970513387624546618e-05	4.2940833327634814816e-05	-2.8141855480640608629e-05	-6.110048474868980486e-05	-7.0816491824353535811e-05	-2.4212868561406660167e-05
-4	-4	4	7.7998145760620147876e-05	-2.9606498489122048257e-05	-4.2871599469761072795e-05	-2.456173463164358387e-05	3.512654629085907508e-05	-5.4168233120765632127e-05
-4	-4	5	6.856308337417240772e-05	-4.0024511262895329721e-05	-6.3992655518043769949e-05	2.1370876124064797194e-05	3.6563422849029122497e-06	-1.492290811106442636e-05
-4	-4	6	-3.2393277806083177472e-05	4.3552288502897575995e-05	-6.4443272491812145748e-06	-4.0389407569857938235e-05	-2.5891736703509594134e-05	2.1085872886930894401e-06
-4	-4	7	1.4453176424803719903e-05	2.1577191236121956474e-05	-6.6097425884623481863e-06	-3.1400011776348617165e-06	4.4819621921950696735e-06	1.0535537176278339619e-05
-4	-4	8	5.2304799060890577836e-06	-4.3050408278520916898e-06	-2.4639825719992061704e-05	-1.29847337245375918e-05	-9.7046729069515011131e-06	-8.6448872761948421684e-06
-4	-4	9	0	0	0	0	0	0
-4	-4	10	0	0	0	0	0	0
-4	-4	11	0	0	0	0	0	0
-4	-4	12	0	0	0	0	0	0
-4	-3	-12	0	0	0	0	0	0
-4	-3	-11	0	0	0	0	0	0
-4	-3	-10	0	0	0	0	0	0
-4	-3	-9	0	0	0	0	0	0
-4	-3	-8	2.317641627311206308e-05	3.6487415951952892367e-05	1.4590648196389323905e-05	-2.6029539256060508302e-05	-1.7059701210202028639e-05	-8.4826307549537568407e-06
-4	-3	-7	-4.418084167921657176e-05	-2.0535346548866764162e-05	-8.3233943087056562709e-06	-2.332505338197905136e-05	2.8813364234711893693e-05	2.1730935191629174413e-05
-4	-3	-6	9.7226313443842709764e-06	3.1934805806144557711e-05	8.4207676017389096316e-06	-9.1361890968738736869e-05	-1.06921380304589688e-05	2.4391074946939659906e-05
-4	-3	-5	-2.6412911708197025475e-06	-4.2504441012324313781e-05	-1.7434253390559808946e-05	2.7909799829662817805e-05	1.2573584970991647406e-05	1.7257672912061759664e-05
-4	-3	-4	-3.0755255638641663376e-05	2.1798670079708785063e-05	1.7910780853146946243e-05	-0.00010815550537209311541	1.7322169998781454541e-05	5.9317958949361048111e-05
-4	-3	-3	6.7199163914109897059e-05	-3.5937046146178856397e-05	1.6804997847365645023e-06	-2.4844541187193984423e-05	-9.1279385003549757052e-05	7.2760602715432455101e-05
-4	-3	-2	-1.9949919269739992237e-05	3.0155769459029534808e-05	6.3836150376028486593e-05	-6.318843577928817581e-05	-5.5854387024562745416e-05	3.4471114750873194099e-05
-4	-3	-1	5.7676928835169227533e-05	-3.6450408133923140324e-05	-0.00013027951347788975533	8.1447397388925539281e-05	0.00016013082509299238296	-9.8540559631084070099e-05
-4	-3	0	3.2857985759750649093e-05	-0.0001082886049368418207	-4.3810647679667529865e-05	0.00014438480658245577901	7.3102747132670908587e-05	0.00012017384589542586502
-4	-3	1	-0.00011451534005244579377	2.9955659234932996952e-05	0.00022415321459702696361	1.9151667869462984153e-05	0.00021439828358129771574	0.00017727764054812093688
-4	-3	2	0.00010772136740732885212	4.1308057651988907492e-05	-9.4215062780042495142e-05	-0.00010471164109401818478	7.4120140644593981863e-05	-7.4451346337049462186e-05
-4	-3	3	5.8184846425298024296e-06	0.00010899808972332030138	3.403248043416548887e-05	-1.0115813265729664606e-05	4.1790459957538559905e-05	0.0001352149730320307457
-4	-3	4	4.2708929583252839928e-05	9.8431646501880736867e-05	3.0260331590891953029e-05	-5.2863301563804938681e-05	6.5404178276421795382e-05	5.8784170329027031162e-05
-4	-3	5	-8.5734162894099165679e-06	1.6142128154937199029e-05	2.9078265494575920885e-05	-8.0014994513308372029e-05	1.0588226265217620971e-05	-3.5095294184035268059e-05
-4	-3	6	-1.6805124296631800482e-05	-2.8548601750615643373e-05	-8.4327690846987971501e-06	-3.8360670661976344759e-05	-1.5419800740103932512e-05	-3.8212736498065265703e-05
-4	-3	7	-2.305250042735617556e-05	8.4854501711981710768e-06	-4.965395274002722554e-05	6.0417971013753301218e-07	-3.4453122847072341773e-05	5.1077628307436124356e-06
-4	-3	8	1.7831039177049675266e-05	-5.1289863377985964581e-06	4.9701098786963734282e-06	-4.7277771837573253385e-05	1.0779310793035978516e-05	-2.0293657607989269519e-05
-4	-3	9	0	0	0	0	0	0
-4	-3	10	0	0	0	0	0	0
-4	-3	11	0	0	0	0	0	0
-4	-3	12	0	0	0	0	0	0
-4	-2	-12	0	0	0	0	0	0
-4	-2	-11	0	0	0	0	0	0
-4	-2	-10	0	0	0	0	0	0
-4	-2	-9	0	0	0	0	0	0
-4	-2	-8	-8.6699342110987482674e-06	1.010963100064444168e-05	-1.5073557802924097707e-05	-2.6701620572206155065e-05	8.103356556280398137e-06	1.620589642729318138e-06
-4	-2	-7	-4.4186690380682499559e-06	-3.5208389905163710299e-05	-8.5181366398384807191e-06	-6.4531183526572380308e-05	4.9587070617071375651e-06	3.8556560953399943116e-05
-4	-2	-6	-2.8041437042405189274e-06	5.7104668751361688608e-05	2.6501110588119632732e-07	1.2582010261180891339e-05	1.781092100866613719e-06	-4.2263782587968087259e-05
-4	-2	-5	-3.2466388291035795306e-06	3.7121406425025652335e-05	-1.0043565269773097956e-05	-3.1729338944168942679e-05	6.6147371711921026377e-06	-1.7005389562352944119e-05
-4	-2	-4	-1.9876280187690761284e-05	9.6485413932185655722e-05	2.2210382436356762033e-05	-9.6599745464459423061e-05	8.7710889695123802674e-06	-4.8185541199955950968e-05
-4	-2	-3	-6.5582262811165446317e-07	3.2606842893164918737e-05	-8.7328209197476888421e-05	0.00015648677448856605906	5.9093236302466795691e-05	-0.00014780030684993059769
-4	-2	-2	-9.0744164929555310887e-06	-0.00011044061115208886304	-0.00019725046301016284042	-2.3205798045726736716e-05	0.00021539929599607388565	0.00024408702034990444247
-4	-2	-1	-4.5189985587118358115e-05	-3.4474486690140420926e-05	3.3593847297170368043e-05	-3.7569790952333792869e-05	0.00011357224775413270993	0.00021303752866522928299
-4	-2	0	8.8505914173244923382e-05	3.4493678509707108662e-05	-0.00017701182834648984676	-6.8987357019414217323e-05	-0.00023243852115498829102	-0.00018879120834343728541
-4	-2	1	-0.00015882264074448880324	-2.260576366994281191e-05	0.00026273179427024391129	7.8562281348972874581e-06	-0.00010982697443746733618	-7.4710598409976676114e-05
-4	-2	2	4.4096555912025169505e-06	0.00012491647184865013959	-8.5328657909905611823e-05	-0.00017199917734452393114	-7.6509346727500574534e-05	7.783376635277634804e-05
-4	-2	3	9.0660345657126635587e-05	-3.4857283851899100011e-05	-0.00013203367748375132405	0.00010150693992451789716	3.285800922033462238e-05	2.1194914813813125776e-05
-4	-2	4	7.2257258385712426181e-05	-5.2818911049909885163e-05	-0.00017316056222327683416	-4.4741957462543588086e-06	-1.43230227259259909e-05	-5.5056008923037062449e-05
-4	-2	5	3.3579100636341604428e-05	-7.2700133177671559873e-05	2.649412933357011982e-05	9.5890269743278730538e-05	3.746093224250133147e-05	-1.9803998644825759071e-05
-4	-2	6	5.6660744735921513034e-06	-1.4074852082322678203e-05	-6.2052733867369808465e-05	-2.4988883358813030215e-05	-1.6906861640061834721e-05	-1.7712862507819461077e-05
-4	-2	7	3.5882229537846628911e-06	-2.2261954104871883208e-05	-4.6552457634173907393e-06	-3.4640662485494427933e-05	7.2034289832912426771e-07	-2.2618448770068055528e-05
-4	-2	8	3.4234190870912307937e-05	2.5566223608468176487e-05	-2.739048773713917645e-05	5.7718857215411540371e-06	1.026947350117136155e-05	1.4226083234619375906e-05
-4	-2	9	0	0	0	0	0	0
-4	-2	10	0	0	0	0	0	0
-4	-2	11	0	0	0	0	0	0
-4	-2	12	0	0	0	0	0	0
-4	-1	-12	0	0	0	0	0	0
-4	-1	-11	0	0	0	0	0	0
-4	-1	-10	0	0	0	0	0	0
-4	-1	-9	0	0	0	0	0	0
-4	-1	-8	4.0371588913402896911e-06	-1.1549482466601574073e-06	2.0849964209022056247e-05	-3.6617201772063560428e-05	-4.6248249717979018764e-06	5.1546243448380238631e-06
-4	-1	-7	3.8496761539224528907e-05	-5.8990974845107919575e-05	-2.0546291604876499258e-05	-2.0731805109227524988e-05	-1.9062964936003090957e-05	3.6670814927094168994e-05
-4	-1	-6	6.8299911828958502374e-06	3.5535204795019597387e-05	3.8476972989934935042e-05	2.7294157292444890504e-05	-1.0966156286919722101e-05	-2.8239162745420545546e-05
-4	-1	-5	-7.9589889735358400617e-05	9.5894140679634445944e-05	-9.1110260832934989849e-05	6.4183573184183823957e-05	8.1893963954873710332e-05	-8.9552027180544326967e-05
-4	-1	-4	-8.0002247358987036894e-05	-0.00011275483953412501065	-2.4296161446977476554e-05	3.8735805728058370534e-05	8.6076287720731402644e-05	0.0001030708881021104214
-4	-1	-3	3.1021319764637369316e-05	-5.0159642688880754006e-06	-0.00013376279569921880556	-6.8140893082011021794e-05	3.2258388802231051956e-06	2.9401583385854441132e-05
-4	-1	-2	3.3832023406587402332e-05	9.7591618368642187942e-05	-0.00010310473957585718793	0.00016267503782071496754	-1.6111677025246214085e-05	-0.00027652075564764188676
-4	-1	-1	-6.0864784078805976889e-05	-9.107394410169761755e-05	0.00011890459381562015523	0.00024095866915802981482	0.00012455454249960375233	0.00012333710724876065538
-4	-1	0	-1.2378348176202141008e-05	-2.8502812326777600079e-05	4.9513392704808564034e-05	0.00011401124930711040032	-1.4778259462957144839e-05	2.8785731156521235591e-05
-4	-1	1	1.220247753479394906e-05	-4.4551043087315085389e-06	7.8089355685154866299e-06	-1.3334253528127919285e-06	5.6618845707691287951e-05	-1.9153842587738826084e-05
-4	-1	2	-6.4851278234082450927e-06	-0.00015649276749018934058	0.00011591801146350703413	0.00026409405768948701317	4.4988750084937030268e-05	-0.00018093850613563517457
-4	-1	3	1.7177710154143652628e-05	-7.4273196458235745667e-05	9.2245529322765152757e-05	-2.0608370781426410477e-06	5.3652123313113254423e-05	-9.97178743036952048e-05
-4	-1	4	1.4940044469433588919e-05	9.9460523613954847583e-05	-7.5020952978685015856e-05	-5.5449768724375140953e-05	-3.8151937752376641983e-06	8.5598081432861053875e-05
-4	-1	5	-5.9544152172812827672e-05	4.4032115157035696114e-05	0.00012536009993815319078	-4.6649744136791669125e-05	-2.2563301750619622627e-05	2.5895743298270222388e-05
-4	-1	6	-3.8222866855635620443e-06	2.5611856198188004131e-05	1.0612152130540343923e-05	1.3408022359157444471e-05	-7.7949910195231726975e-07	1.9309241191984910166e-05
-4	-1	7	5.01245030727694348e-06	-3.9353268350367860869e-05	4.4436900343652509921e-05	3.7090963909642844353e-05	9.2123859389657553184e-06	-1.7188872784546944668e-05
-4	-1	8	-2.6347407120369995779e-05	-4.9859940844279056335e-05	-2.4934462977396829579e-05	7.6384267683545189792e-06	-1.629051143235960201e-05	-2.3975167076095210754e-05
-4	-1	9	0	0	0	0	0	0
-4	-1	10	0	0	0	0	0	0
-4	-1	11	0	0	0	0	0	0
-4	-1	12	0	0	0	0	0	0
-4	0	-12	0	0	0	0	0	0
-4	0	-11	0	0	0	0	0	0
-4	0	-10	0	0	0	0	0	0
-4	0	-9	0	0	0	0	0	0
-4	0	-8	-2.0604666005327897978e-05	1.5011207421749156679e-05	2.2830485224589915213e-05	-5.4485237978146540973e-07	1.0302333002663948989e-05	-7.5056037108745783396e-06
-4	0	-7	-2.5593417983725526228e-05	-2.1150258070863303087e-05	-5.6826791962175968273e-05	-3.9484939192119979903e-05	1.4624810276414585932e-05	1.2085861754779030335e-05
-4	0	-6	6.3857849996945138913e-05	3.9487482279642000058e-05	4.7564347847908863874e-05	1.2230632562164323978e-05	-4.2571899997963425942e-05	-2.6324988186428001168e-05
-4	0	-5	3.4955135192451505712e-05	3.8986055251908160492e-05	-5.6039667331131750043e-05	4.252956998855264597e-05	-2.7964108153961205247e-05	-3.1188844201526528394e-05
-4	0	-4	2.18568345248191918e-06	-6.4140186212322145237e-06	-1.511090543055581543e-05	3.1529570682299928235e-05	-2.18568345248191918e-06	6.4140186212322145237e-06
-4	0	-3	-2.0442128954542467125e-05	1.551919583033321674e-05	-5.1860071840627395157e-05	-1.8564830064252664326e-05	2.7256171939389956167e-05	-2.0692261107110956783e-05
-4	0	-2	-5.5721204487743250338e-05	2.5489056957689408658e-05	-0.00018625274108403206373	-3.5885062446727618291e-05	0.00011144240897548650068	-5.0978113915378817317e-05
-4	0	-1	-3.7498892133943180045e-06	4.0229039477716313413e-05	0.00062500867521379723131	0.00020312304297846414409	1.4999556853577272018e-05	-0.00016091615791086525365
-4	0	0	0	0	0.00032853576250872784138	0.00011445934250316300729	-0.00010985718069179707104	-0.00032596968659979140819
-4	0	1	1.3043554286404808394e-05	3.9421426829177648064e-05	-0.00012740356836552977054	-0.00031753319041133719379	5.2174217145619233578e-05	0.00015768570731671059226
-4	0	2	-8.8560781702216200863e-05	1.1954137767042920348e-06	0.00017780586346306811812	-0.00054967355850640852756	-0.00017712156340443240173	2.3908275534085840696e-06
-4	0	3	-0.00011981541886979883542	8.0287365167640224912e-05	-0.00012627410842722586095	0.00023967859941690064138	-0.00015975389182639845626	0.00010704982022352029988
-4	0	4	-0.00012737628472566135066	5.3989866016474963501e-05	5.4206204513154203285e-05	3.1693087661618242446e-05	-0.00012737628472566135066	5.3989866016474963501e-05
-4	0	5	9.8464221426471679145e-05	-1.7505501332212945466e-05	8.2906251975099634968e-05	6.6354792476886273207e-05	7.8771377141177346026e-05	-1.400440106577035705e-05
-4	0	6	3.152136446706652198e-06	3.0329343280288909983e-05	6.7634093516155875149e-05	-7.0215183762665245326e-05	2.101424297804435081e-06	2.0219562186859274452e-05
-4	0	7	-3.8776177817325523393e-05	-5.1684949834499296863e-05	-3.7140883174165771727e-05	-9.865294400988524961e-06	-2.2157815895614583828e-05	-2.9534257048285311525e-05
-4	0	8	-2.0965016691915671948e-05	-1.3451560807001816791e-05	-5.6653459819431546996e-06	5.8707524183207931422e-06	-1.0482508345957835974e-05	-6.7257804035009083956e-06
-4	0	9	0	0	0	0	0	0
-4	0	10	0	0	0	0	0	0
-4	0	11	0	0	0	0	0	0
-4	0	12	0	0	0	0	0	0
-4	1	-12	0	0	0	0	0	0
-4	1	-11	0	0	0	0	0	0
-4	1	-10	0	0	0	0	0	0
-4	1	-9	0	0	0	0	0	0
-4	1	-8	1.5558192288260674755e-06	-1.2625077113923802857e-05	-5.0534594123813195423e-06	5.8863459600855402246e-05	-1.4095920409606987864e-06	1.3670471007068826709e-05
-4	1	-7	7.2254584196976699337e-05	2.1268134356248640838e-05	2.8978740481862512305e-05	8.1802230951033322488e-05	-3.7148513758006322563e-05	-4.6718663913732026725e-07
-4	1	-6	2.0670589118775159286e-05	-2.9283630004382315393e-05	-1.1082640281443241644e-05	2.4221735658933838654e-06	-1.5627499459423978669e-05	1.9926115597237106797e-05
-4	1	-5	-7.7895942719554152182e-05	3.345233025404377523e-05	7.6443859957443606782e-05	5.4098799385501243706e-05	7.7605526167132040391e-05	-1.5942104326134771443e-05
-4	1	-4	-5.5674980251295068357e-05	8.850718799478842218e-05	4.7504698168149701561e-05	8.9100841108702256792e-05	6.7551154793332493747e-05	-6.6231977717612854593e-05
-4	1	-3	4.4022723048014554667e-05	6.9870853075791112445e-05	0.00012515588040374280542	0.00012796090637309253421	-1.69783372627717999e-05	-5.0507501976690638524e-05
-4	1	-2	-2.812395062968263312e-05	2.2017108099938830483e-05	7.6005479007309282983e-05	0.00012203272443285216619	9.4250640763019900956e-05	1.6982146016548418742e-05
-4	1	-1	3.7345884394164078853e-05	-3.0678162324461774157e-05	0.00014579911771624295361	-0.00015693397903176673196	-3.5844198604133503641e-06	-3.4221329733919628559e-05
-4	1	0	-2.0535356804611551375e-05	4.7932110633328935568e-05	-8.21414272184462055e-05	0.00019172844253331574227	0.00016999953125712067539	-0.00013551323647580253737
-4	1	1	2.4058597706049607621e-05	3.0750682310798012375e-05	3.3765525929155558492e-05	0.00016161798445540043992	6.246886489504287199e-05	-3.8615255212208397198e-05
-4	1	2	-7.4955034640002688568e-05	0.0001285263282868406192	-6.9780241353840328036e-05	-0.00013215205422367098161	-0.00011501994860308521989	0.0003231286836855167292
-4	1	3	6.6345642035341967336e-05	-4.7044928657513401977e-05	-3.4099133832924594155e-05	-0.00028957693350806635972	9.9827233991430823425e-05	3.3799072959337586196e-05
-4	1	4	-3.9893115351873993581e-05	1.0310913401846169446e-05	2.2735427194761124547e-05	2.6720926551673516244e-06	-4.5576972150564278106e-05	9.6428902380543303751e-06
-4	1	5	8.4527997671793390346e-05	-5.1165284357017901465e-05	3.1086047216249180515e-05	-6.5049553706421213534e-06	6.1405188694184869398e-05	-3.9631236411485894699e-05
-4	1	6	3.8956169058047569387e-06	2.1132816447761377984e-05	2.8656245948116122697e-05	5.1971991866669344623e-05	-2.1789630541495159649e-06	5.4265456540626951166e-06
-4	1	7	-1.9762044206520620659e-05	6.9991824691314947517e-06	1.3550060048191971547e-05	1.3700109720212878039e-05	-1.3228319553467779169e-05	2.0423743080447289517e-06
-4	1	8	2.1045363291402765073e-05	8.8057795045179773917e-06	-5.7103082308670320133e-06	-3.6054745650389520746e-05	1.1236470174559761221e-05	8.9097329585576787891e-06
-4	1	9	0	0	0	0	0	0
-4	1	10	0	0	0	0	0	0
-4	1	11	0	0	0	0	0	0
-4	1	12	0	0	0	0	0	0
-4	2	-12	0	0	0	0	0	0
-4	2	-11	0	0	0	0	0	0
-4	2	-10	0	0	0	0	0	0
-4	2	-9	0	0	0	0	0	0
-4	2	-8	-2.9412559092983869938e-05	1.08186567164160706e-05	-2.5076150942421175129e-05	-2.4011909355363539521e-05	8.4372418108866411869e-06	-1.1412305697048921027e-05
-4	2	-7	-2.1446446529715968034e-05	-6.383868311012001859e-05	2.7501874370428874009e-05	-4.9727900827008802461e-06	2.0112790694245944768e-05	3.5058450325011190115e-05
-4	2	-6	-2.1404415101833050164e-06	-3.0463152341949760894e-05	8.842054355493054118e-05	4.9990150857917670731e-05	3.0900475525099052945e-05	3.6972151847272397506e-05
-4	2	-5	1.1256475630855183561e-05	1.2869042866677159019e-05	7.2081845139243476525e-05	-4.1815811040665662609e-05	1.9827557551013240373e-05	-2.7021558709607991581e-05
-4	2	-4	2.4310508629499449028e-05	9.1220049207497377967e-06	3.2160298011615083872e-05	9.5797311654217133764e-06	-8.2303596236919087861e-06	-4.3321393380388819555e-06
-4	2	-3	5.1482688927730102838e-05	-5.819208953261418813e-06	-5.4873607520241139527e-05	-6.3863111326176204828e-05	-0.00010522599025046755895	-3.4816462279768914856e-05
-4	2	-2	5.0894916334258896175e-06	8.6740920791542202336e-05	-5.4321407903889468529e-05	9.5431300528334885437e-05	-6.4500391170741247764e-05	-7.8050541054749519236e-05
-4	2	-1	2.2098294968783099954e-05	-7.9208582089238983317e-05	2.9549181403031919924e-05	-0.00015837031807794621453	-2.9294817069068559967e-05	9.3692201063517165054e-08
-4	2	0	-3.6557381872935402524e-05	1.9763134200937021841e-05	-7.3114763745870805047e-05	3.9526268401874043682e-05	-4.893153425861350111e-05	7.910815633752834401e-06
-4	2	1	-1.8402991124244973169e-05	-3.8956086949752085217e-06	6.0245883400966388584e-05	3.9588908143632879427e-05	-0.00019410373129891266984	-9.4760251067166589552e-05
-4	2	2	-4.2584328540159137634e-06	-7.6616841938699557736e-06	-6.6190880401783419584e-05	7.5535576792007820112e-05	5.767401469375159714e-05	-9.0858945179747731659e-05
-4	2	3	-2.7942297470450406849e-05	-0.00016598178798857079227	-9.5671211343257401378e-05	-2.9907795713736447913e-05	2.6524410934904389529e-05	-0.00020137052017560344249
-4	2	4	-5.8757862882546963194e-05	8.2118776595944969901e-05	-6.1036955453965433221e-05	5.1314490331877033488e-05	-2.8239385155564243195e-05	5.6461531430006446381e-05
-4	2	5	2.0198061599534174486e-05	7.0754985007796784109e-05	-5.7314238483165192605e-06	1.5779003375048595231e-05	1.8451018818953946615e-05	5.029238665621798784e-05
-4	2	6	-2.1375928609252933029e-05	-5.4625951848414335419e-06	-2.1199775831036765439e-05	-6.5477925321458254337e-07	-7.1840271291563688496e-06	-3.4234703721560946351e-06
-4	2	7	1.661260366249945968e-05	-1.1791703346816587375e-05	1.3399247034670639302e-06	8.7302308299820794265e-06	9.1100807490091019751e-06	-9.232467863890071654e-06
-4	2	8	-5.1594768840023514343e-05	-1.6375410156792760951e-05	1.1028786964293727215e-05	1.22611552199630916e-05	-2.8554581161085189399e-05	-1.1252993883387153799e-05
-4	2	9	0	0	0	0	0	0
-4	2	10	0	0	0	0	0	0
-4	2	11	0	0	0	0	0	0
-4	2	12	0	0	0	0	0	0
-4	3	-12	0	0	0	0	0	0
-4	3	-11	0	0	0	0	0	0
-4	3	-10	0	0	0	0	0	0
-4	3	-9	0	0	0	0	0	0
-4	3	-8	-4.2379052001573527233e-05	2.5578520869511331957e-05	1.7357117880877537855e-05	1.9819041956061632284e-05	2.7698445206115840736e-05	-5.3571197012325547191e-06
-4	3	-7	-4.1738089844739328712e-06	3.7799422067053205363e-06	3.9414861441690372899e-05	-3.4531558041491277006e-05	1.9277117180423833804e-05	-1.6959206135899302606e-05
-4	3	-6	-3.2165341046230035713e-05	-9.1122230089241258667e-06	1.5349442366396695705e-05	9.2362183714927013792e-05	2.9118281880685037763e-05	5.2255907196746259732e-05
-4	3	-5	4.5113503716526992201e-05	3.7187187313385954306e-05	2.0955290499861133801e-05	5.0137714764090862089e-05	-2.3517628673304914158e-05	3.3287900774575538633e-07
-4	3	-4	-3.6229360121961671668e-05	8.8941617269438851706e-05	8.4674971855107589256e-05	0.00016899408538635998529	9.9735589013292370386e-05	3.7803946770331130483e-05
-4	3	-3	-9.7931243573143335459e-06	-2.4325028427015974965e-05	7.0751645998854792332e-05	2.5984750948069326422e-05	8.380914514194057717e-05	5.8418122184090626376e-05
-4	3	-2	-1.9365008750074475229e-05	3.7214470831692494967e-05	1.2636240204480960524e-05	0.00012788098058730664125	5.7684377806870388704e-05	0.0001173925292175749855
-4	3	-1	5.4940350574002369663e-05	-2.2520847299866993452e-06	0.00012880791671544217854	4.802434082890134952e-05	0.00016666234785031702986	0.00015308136140665084255
-4	3	0	-9.5539465362777590803e-05	-6.3710233316494093423e-05	-0.00012738595381703678774	-8.4946977755325457898e-05	8.0395474996162091591e-06	7.5619732469385501114e-06
-4	3	1	-4.7826387228846975214e-05	-6.7253941102738234287e-05	-0.00010403950323261556979	-0.00010427210551414353159	0.00012081296078245879497	4.3800552131477644069e-05
-4	3	2	2.0038000855644030142e-06	7.4189225223953599833e-05	2.9938562329351300136e-05	2.3211460659304605054e-05	-4.0900243322898144176e-05	0.00011356125945895030225
-4	3	3	6.6362202503563775765e-05	7.6506941516565478726e-05	3.1055217110093215989e-05	3.0069728315356245723e-05	5.7427719561325160733e-05	7.1939527040064385802e-05
-4	3	4	-5.729999244139743575e-05	4.6726955778729814929e-05	-0.00011106716271939875876	5.5476217964866745506e-05	2.6000379598151633317e-05	5.1197923050797574941e-06
-4	3	5	1.2636115515183336553e-05	3.4405183833210908461e-05	-6.1284065789205360007e-05	2.5225524150705152252e-05	4.6879331885669882536e-05	1.2388832576145635756e-05
-4	3	6	1.2210065729493328802e-05	2.4671862122773698188e-05	-1.77082114035000172e-06	1.9889852843908607234e-06	9.0254543898372199205e-06	1.5453415439653702681e-05
-4	3	7	-1.5613257822004862575e-05	-9.997533756687404131e-06	-1.1047633352474366163e-05	1.267983349573500456e-05	-4.1871616043709076435e-06	-1.1147090787707804557e-05
-4	3	8	-1.1705750844245289518e-05	-2.1171914489500514352e-05	-5.6032737509507201778e-05	2.8418809750571491144e-05	1.5159401143942556755e-05	-2.1243010901214568896e-05
-4	3	9	0	0	0	0	0	0
-4	3	10	0	0	0	0	0	0
-4	3	11	0	0	0	0	0	0
-4	3	12	0	0	0	0	0	0
-4	4	-12	0	0	0	0	0	0
-4	4	-11	0	0	0	0	0	0
-4	4	-10	0	0	0	0	0	0
-4	4	-9	0	0	0	0	0	0
-4	4	-8	-7.281430795185330252e-06	1.1950529281901077031e-05	-5.5009928489748085372e-06	1.3166639423650174689e-05	8.9021897310526053977e-07	6.0805507087454861746e-07
-4	4	-7	-9.1978833929404026147e-06	-4.5073493644383106984e-06	1.0280263948888187467e-05	-3.846660552736667942e-05	1.1130369909616338642e-05	-1.9405289235959067841e-05
-4	4	-6	-1.6249377944044024799e-05	-5.6227468866921920276e-05	1.6341970602306709216e-05	-2.6315679946799688235e-05	2.172756569756715601e-05	1.994119261341482249e-05
-4	4	-5	-3.4249389440806280566e-05	-1.3132251980237630342e-05	-2.9780688854590435931e-06	3.2903368145998474707e-05	2.5017056444277787546e-05	3.682849610098888946e-05
-4	4	-4	-5.3552174393776205837e-05	1.2213335940758729715e-05	-4.6596255593824302717e-05	5.4844048022312768935e-05	6.9559187999519039676e-06	4.2630712081554044302e-05
-4	4	-3	6.1859910237977295796e-05	1.315030699958675898e-05	2.6260998366208683518e-05	2.2521298921553261225e-05	-4.7465215829024811852e-05	1.2494655895955335197e-05
-4	4	-2	4.9783049366248108441e-06	-4.1317569511845680052e-05	-2.999034710587734139e-05	4.7649242506753038638e-05	-6.9937304085004306162e-05	0.00017793362403719742383
-4	4	-1	8.3027932840774504634e-05	1.520839616763441594e-05	8.8012482358168825825e-05	7.9307296777065594323e-06	1.99381980695772746e-05	-2.9110665959711429419e-05
-4	4	0	6.5907412829736180117e-05	-4.9530063326477086726e-05	6.5907412829736180117e-05	-4.9530063326477086726e-05	-4.2925592262036355048e-06	3.6360658665221720339e-05
-4	4	1	4.4923909068899269199e-05	-1.0559194709333293726e-05	6.2469767114521577707e-05	-2.8339771007550783685e-05	-7.0183432182489261138e-05	7.1122305192869959833e-05
-4	4	2	-3.6323001472333456144e-05	3.7331331047818558236e-05	-5.8754359897201599724e-05	2.93089554531561219e-05	4.4862716849736293935e-05	1.6044751189324876062e-05
-4	4	3	1.589462461268853377e-05	-5.0522217157075174172e-05	2.9768685848077309141e-05	-9.2096610504560961238e-05	-1.8498748313851698236e-05	5.543252446331439179e-05
-4	4	4	1.6251958026128321671e-05	6.0929553539128601962e-05	-5.9567273813586923861e-05	2.7210327371491218592e-05	7.5819231839715245532e-05	3.3719226167637379981e-05
-4	4	5	-4.1488972437007762435e-05	4.6882165869145901846e-05	-2.8198136464502580634e-05	1.1241710962908370877e-05	-1.0632668778004144425e-05	2.8512363924990024775e-05
-4	4	6	2.5466410419206049682e-05	-2.3361854599776653879e-06	2.1689531723247079101e-05	-1.4735029071248238733e-05	2.5179191306393152736e-06	8.2658957408470500261e-06
-4	4	7	-1.3787540119070214027e-05	-1.2404577271050004617e-05	1.1999694043401402303e-05	-9.2536366113359431581e-08	-1.47355623785552103e-05	-7.035451945678082358e-06
-4	4	8	-1.3427347148555878603e-05	-3.9470290103092549251e-05	3.3123535086494575931e-06	-3.3300968737286524711e-05	-8.3698503286026685216e-06	-3.0846606829030105761e-06
-4	4	9	0	0	0	0	0	0
-4	4	10	0	0	0	0	0	0
-4	4	11	0	0	0	0	0	0
-4	4	12	0	0	0	0	0	0
-4	5	-12	0	0	0	0	0	0
-4	5	-11	0	0	0	0	0	0
-4	5	-10	0	0	0	0	0	0
-4	5	-9	0	0	0	0	0	0
-4	5	-8	-2.7989376690728183202e-05	2.6487727488775467632e-07	1.5141998883084776466e-05	1.9483387805303318483e-05	2.3458437647292075198e-05	1.2044678740870696105e-05
-4	5	-7	-2.9464436139708729649e-06	1.7087729914546438513e-05	-1.0545185569977759689e-05	4.0586541253981305185e-05	-5.8485933420007580837e-06	1.9225969515960108331e-05
-4	5	-6	-2.1372404982151398029e-06	1.9705556832499558813e-05	-2.71752322789836787e-05	-3.6894285886257436143e-06	-2.1221199900342974922e-05	-1.6211561712187825271e-05
-4	5	-5	7.7784768281311981531e-05	3.7562175208662489849e-05	8.0874185487607988591e-06	6.637012179272302002e-06	-5.4140396076288784671e-05	-2.3412727987657686659e-05
-4	5	-4	1.7946905665471116095e-05	3.6696996868720968598e-05	4.4483836463465916268e-05	3.0295604324385950676e-05	3.7657889913861272463e-05	1.172508536761467206e-06
-4	5	-3	2.129256038783983957e-05	9.6795470019924074751e-06	1.4581003814281825114e-05	2.8457829561814703887e-06	-4.0884074933167425424e-06	-8.1630910756874271151e-06
-4	5	-2	7.0302730450349775067e-05	-0.00010829206760004594869	4.73139782654028403e-05	-7.9692798095331801394e-05	-2.2320515237192435832e-05	1.7352139961762380333e-05
-4	5	-1	-3.0430773796536463563e-06	-0.00011305962097777209527	-3.6726402919216103204e-06	-8.5593434130514366056e-05	-6.1908919409934674475e-06	2.4271313258516537259e-05
-4	5	0	0.0001063404544869937904	-9.3085717589441041445e-05	8.5072363589595037742e-05	-7.4468574071552833156e-05	0.00014520592614891935897	-8.7258098158413225113e-05
-4	5	1	4.0188417042957272005e-05	4.672943568737642796e-05	3.6416419995191699451e-05	4.9714168454890599351e-05	-2.1328431804129399071e-05	-6.1653099524947284913e-05
-4	5	2	-5.9209977383408161875e-06	1.0322877420592076585e-05	-1.2268590375604682496e-05	2.1522837653069925218e-05	1.8829480462330073018e-05	-3.316133929149065818e-05
-4	5	3	8.1993369876272255469e-05	-1.3506345982305267188e-05	3.0739775923948002687e-05	-4.2454471564102230557e-05	5.8091533295116329371e-05	5.2748991297096692419e-05
-4	5	4	-2.7617362507379257839e-05	-5.013977584454349088e-06	6.3143992534871824698e-05	-2.5567001081119041341e-05	-0.00010654735317596902855	2.6944773766944453435e-05
-4	5	5	5.6093497655330774526e-06	-2.3486986433556435416e-05	-1.7996631575353427957e-06	-3.5176991943355312279e-05	6.2871429699618048848e-06	1.6387402796510166657e-05
-4	5	6	3.9792321223181898382e-05	2.5326931079971204066e-05	-4.1646819620878954615e-06	-3.7104247031056962589e-05	2.9998782450527848386e-05	4.780482657919494046e-05
-4	5	7	-7.6114845730285659079e-06	4.8756054407625078228e-05	-1.4766723893600356798e-06	-8.5227175906955464113e-06	-3.2946537636162978601e-06	3.394825794056829238e-05
-4	5	8	-1.6102684406017806726e-05	-2.7654253941804470571e-06	2.4621957871134149767e-05	3.5502471570771830987e-06	-2.3440065872467747815e-05	-3.6016171702634630182e-06
-4	5	9	0	0	0	0	0	0
-4	5	10	0	0	0	0	0	0
-4	5	11	0	0	0	0	0	0
-4	5	12	0	0	0	0	0	0
-4	6	-12	0	0	0	0	0	0
-4	6	-11	0	0	0	0	0	0
-4	6	-10	0	0	0	0	0	0
-4	6	-9	0	0	0	0	0	0
-4	6	-8	7.4939272560307118557e-06	4.9311760320730385799e-06	6.1951773634603858468e-06	-7.7495027461815196808e-06	8.9941939457993324551e-07	-8.2777150756726594741e-06
-4	6	-7	-3.7339795628746902801e-05	-3.7332824183477190819e-05	-3.3069653124765828888e-06	-3.5064769407483453148e-05	1.850248437716115973e-05	-8.7224742444274205362e-06
-4	6	-6	1.2254581519446233829e-05	1.536946283740629434e-05	1.8685007710651593702e-05	2.4953442613753607881e-05	1.0515286697687437816e-05	1.4707134055482743294e-05
-4	6	-5	7.4174282383528654383e-05	-3.1219636029838680562e-05	5.1045327709073124638e-05	4.1737355670805133503e-06	1.9149673440648242799e-06	2.9984191504367559454e-05
-4	6	-4	-2.0023086855293442758e-05	-1.3496518407612277595e-05	2.1000343684734143772e-05	-2.4668922221833843234e-05	5.1523602382394658415e-05	-2.3506864925138487257e-05
-4	6	-3	3.9946389074731522274e-06	-1.8796028147104680404e-05	9.855277714028893725e-06	-2.8366780861080866192e-05	1.4384370218093582786e-05	-3.1672190859355491845e-05
-4	6	-2	-2.8414022332849029712e-05	-5.677108216814330424e-05	-3.3969415684704390174e-05	-3.2999949677112767486e-05	-4.5080202388415104324e-05	1.4542315304948304328e-05
-4	6	-1	3.9839749115053689488e-05	-4.617472671287556075e-05	2.6925076295835423531e-05	-3.1345916359244370452e-05	2.1914613147977895877e-06	-3.3765913039639966541e-06
-4	6	0	5.3114318204286908073e-05	1.5900150486471018924e-05	3.5409545469524609899e-05	1.0600100324314011487e-05	1.0349818193951042478e-05	-2.8195388205261434769e-05
-4	6	1	-4.1116946040610816929e-05	1.2966088851044556201e-05	-1.7944887607614371167e-05	7.7692608412634662384e-06	-5.6798458516757040714e-05	5.2487903565974231368e-06
-4	6	2	-7.7337010859142989882e-06	-1.7535186852737357855e-05	-2.8099169776181641867e-05	-1.2691244502223396893e-05	6.8830107156716324236e-05	3.0033598011954779337e-06
-4	6	3	1.393559583877317461e-06	-1.0812642837936376177e-05	5.7895217285004993264e-06	-9.6960058063659776244e-06	-9.7209640118312414734e-06	4.9751544954834542436e-06
-4	6	4	-4.3498946625173107703e-05	-3.140161212990529656e-05	-2.1443030358805172309e-05	-2.1324033468914825395e-05	-1.1334401086965350934e-05	5.8443807346694333214e-07
-4	6	5	2.7373935469652408065e-05	2.8732094934194565368e-06	2.7963073956440424052e-06	-1.0164328930372109141e-05	1.8543579500949073703e-05	1.4495762311182095521e-05
-4	6	6	-8.7149487699881769817e-06	4.772773197675970764e-06	-3.4605452846599105089e-05	2.1196202061109524945e-05	2.8795486999940318176e-05	-1.801435326265887551e-05
-4	6	7	-2.6582185290184495637e-05	-8.6686873212706521921e-06	5.9073015552020012573e-06	4.802145511418766914e-06	-2.0253221498850000279e-05	-9.0696603362278881469e-06
-4	6	8	-1.4849274479149000432e-05	1.3895908709510656632e-06	-1.7255772777526075918e-05	3.8890616360592058265e-06	5.5171923435700558755e-06	-2.2220007915688712206e-06
-4	6	9	0	0	0	0	0	0
-4	6	10	0	0	0	0	0	0
-4	6	11	0	0	0	0	0	0
-4	6	12	0	0	0	0	0	0
-4	7	-12	0	0	0	0	0	0
-4	7	-11	0	0	0	0	0	0
-4	7	-10	0	0	0	0	0	0
-4	7	-9	0	0	0	0	0	0
-4	7	-8	4.9141792010969121516e-06	1.5241220352557151169e-05	-3.5916720211065723081e-06	-1.7872520282347517312e-08	-5.5998026190167064748e-06	-7.6362486315256302734e-06
-4	7	-7	2.7967617784207095144e-06	-2.6287201400434382704e-05	1.4268066607901307768e-05	-1.8001947267330394524e-05	1.2669917020232330902e-05	-2.9806893242250311643e-06
-4	7	-6	-7.7964558066656516482e-06	-2.9440341153603992615e-05	-1.0340243584602728564e-05	-2.8587370022745031521e-05	-6.8659803109260822263e-06	-1.3725037590799874467e-05
-4	7	-5	1.8589573672162878576e-05	-2.224745770313290075e-05	-2.1485259912472270201e-05	-4.6279897491455757088e-06	-4.4951022815191478432e-05	1.1318780513702515454e-05
-4	7	-4	-2.1681808624490183501e-05	-3.2728444010353071389e-06	-5.6262251734671769608e-06	1.1489880524916107601e-05	1.1835914570922623608e-05	2.3380135319638496711e-05
-4	7	-3	2.1817851529420480468e-05	-3.0007285681280937829e-05	9.5841796649287796692e-06	-1.745989440371225945e-05	-6.7273828210601533168e-06	-7.300393669540213289e-07
-4	7	-2	-2.0409859006787014503e-05	-1.9119085445496250423e-05	-8.6361673409630570911e-06	-1.0627593651375763777e-05	1.0593132320203327493e-05	1.0415931111773278371e-06
-4	7	-1	6.3304585299706625859e-05	-1.6828666646751360412e-05	3.7083917519711192255e-05	-8.8907673468090405464e-06	6.3690814391518626764e-06	5.0792951593421662939e-06
-4	7	0	-5.5594549081441145652e-05	-5.0176437519962820469e-05	-3.1768313760823513737e-05	-2.867225001140732453e-05	-3.3938246042830463823e-05	3.4014852503198666047e-05
-4	7	1	3.568398013528155426e-05	5.0468293551351621267e-05	1.8454639022607635792e-05	2.7088368822617651661e-05	1.3553447382872759716e-05	1.2254592447082942076e-05
-4	7	2	-4.5304484958991781082e-06	-1.1321576794781879643e-05	-3.7978644788484066099e-06	-6.1155687282481446611e-06	4.2316286841710673417e-06	-1.2386630406952540316e-06
-4	7	3	2.5020175865404634179e-05	7.4549429640979322309e-05	1.0676123829320453832e-05	2.6303812167825090803e-05	8.4492788854584566861e-06	3.8023677796380550076e-05
-4	7	4	5.5539851422386254782e-06	-1.7222359999395225476e-05	-2.5898832031849900099e-06	-2.6041201547505799597e-07	1.0086280747812357149e-05	-1.6766638972313874023e-05
-4	7	5	-6.8913815499891071392e-06	4.8145268482115348392e-06	-5.5448699947941800482e-06	1.6024884550285534542e-05	2.2497127527205661868e-06	-1.858321689183051981e-05
-4	7	6	4.3141668215640493513e-05	-1.6131317446302743132e-05	8.9446618778108915118e-06	1.3461847654634879017e-05	1.8325673286314286088e-05	-2.6459700561275855687e-05
-4	7	7	-2.4759156661143707888e-05	5.7331047702285722087e-06	-7.6197189946446269577e-06	3.2450570435090428617e-06	-6.5283705260089210117e-06	3.1002825192998478874e-08
-4	7	8	-8.8553209574748094516e-07	4.0555026849665098696e-07	-1.4553891363853382109e-05	3.0777654457463379928e-06	1.2291888895497969032e-05	-2.4902696307797203561e-06
-4	7	9	0	0	0	0	0	0
-4	7	10	0	0	0	0	0	0
-4	7	11	0	0	0	0	0	0
-4	7	12	0	0	0	0	0	0
-4	8	-12	0	0	0	0	0	0
-4	8	-11	0	0	0	0	0	0
-4	8	-10	0	0	0	0	0	0
-4	8	-9	0	0	0	0	0	0
-4	8	-8	1.7183691057811617196e-06	-6.6384224122095384046e-06	-1.3838593873704096198e-05	-1.9843179588563610732e-05	-1.4697778426594675999e-05	-1.6523968382458844071e-05
-4	8	-7	2.1732948585558427924e-05	-3.9306790560489772196e-05	-3.1972520350986399938e-06	-1.6101172751699102074e-05	-1.6072830089003259244e-05	4.0596828897666134599e-06
-4	8	-6	2.5116542152220142607e-05	1.4712323122517636617e-05	2.8126712911521870898e-05	4.9858855034062687844e-06	2.0757922447215730534e-05	-3.1603680771367326989e-06
-4	8	-5	-1.2088642995036887414e-05	-1.8020856365233588517e-05	2.5586493716099941649e-06	-1.221046173211485673e-05	1.3764753390605500257e-05	-5.12005367919689843e-06
-4	8	-4	9.1316639803979610167e-06	-3.7412686408809781429e-07	-8.6043794538315653307e-06	-2.2219874403126655213e-06	-2.6340422888061091678e-05	-4.0698480165372332812e-06
-4	8	-3	2.1661807547425734237e-05	1.1575160462417240472e-05	-2.3608046262530358092e-06	-1.1621093001675135152e-05	-3.51778890665757434e-05	-4.642312862102334996e-05
-4	8	-2	6.8759269930730503183e-06	-3.6741827041766816854e-05	1.4043597214447109677e-05	-2.238429754993229574e-05	4.2422534871642339765e-05	-1.6053536116195545866e-05
-4	8	-1	1.782441159435764049e-05	-1.2167866564754539752e-05	1.2251743664136408667e-05	-7.0339403658498022152e-06	2.6716302935660697209e-05	-7.6000566677802612557e-06
-4	8	0	2.0598649683677744453e-05	2.0535180752003004401e-05	1.0299324841838872226e-05	1.0267590376001502201e-05	1.0095321865312586229e-05	3.3500916955903853951e-05
-4	8	1	9.1525855872001661287e-07	-2.4394715556293284816e-06	1.9193807273520250556e-06	-4.5652828578427792622e-06	-1.1694011583936133569e-05	2.6764376640224921865e-05
-4	8	2	2.8400470665021072505e-05	3.0331240689301702042e-05	2.300592349338795615e-05	1.1157155451838920019e-05	-3.5222752643509679593e-05	1.6033859571247720618e-05
-4	8	3	-4.7788656551428021838e-05	-2.743021871915211124e-06	-1.3025385286554052759e-05	3.1454353148963103354e-06	-2.8983847971093218372e-05	-1.2045190002277109624e-05
-4	8	4	3.8582407095089701752e-06	6.1138646106177023523e-06	-1.3050415021310475463e-05	2.6793077108128311659e-06	2.9959070752129919406e-05	7.5524918899204012639e-07
-4	8	5	-1.5325734480957793729e-05	1.3334499839097393466e-05	-4.1341735737459191417e-06	1.6781529090500928121e-05	-5.6459098667727638482e-06	-1.6182846673523566832e-05
-4	8	6	-1.8904915300383531499e-05	1.4692436849604468418e-05	-1.5271464805558303496e-05	1.1951252447046097451e-05	7.7586762071553819681e-06	-6.1400453629918168088e-06
-4	8	7	-1.2848450380488127186e-05	-9.3887420574973019231e-07	-7.5535280238377345207e-06	1.1376778197638206787e-05	1.2906318098213374165e-06	-1.3538531772014939658e-05
-4	8	8	-1.1679746938982837711e-05	-3.3455205002513571774e-05	-4.7668151169190121422e-06	-7.6787958297113601612e-07	-1.0730583525724065013e-06	-1.5959722918285649342e-05
-4	8	9	0	0	0	0	0	0
-4	8	10	0	0	0	0	0	0
-4	8	11	0	0	0	0	0	0
-4	8	12	0	0	0	0	0	0
-4	9	-12	0	0	0	0	0	0
-4	9	-11	0	0	0	0	0	0
-4	9	-10	0	0	0	0	0	0
-4	9	-9	0	0	0	0	0	0
-4	9	-8	0	0	0	0	0	0
-4	9	-7	0	0	0	0	0	0
-4	9	-6	0	0	0	0	0	0
-4	9	-5	0	0	0	0	0	0
-4	9	-4	0	0	0	0	0	0
-4	9	-3	0	0	0	0	0	0
-4	9	-2	0	0	0	0	0	0
-4	9	-1	0	0	0	0	0	0
-4	9	0	0	0	0	0	0	0
-4	9	1	0	0	0	0	0	0
-4	9	2	0	0	0	0	0	0
-4	9	3	0	0	0	0	0	0
-4	9	4	0	0	0	0	0	0
-4	9	5	0	0	0	0	0	0
-4	9	6	0	0	0	0	0	0
-4	9	7	0	0	0	0	0	0
-4	9	8	0	0	0	0	0	0
-4	9	9	0	0	0	0	0	0
-4	9	10	0	0	0	0	0	0
-4	9	11	0	0	0	0	0	0
-4	9	12	0	0	0	0	0	0
-4	10	-12	0	0	0	0	0	0
-4	10	-11	0	0	0	0	0	0
-4	10	-10	0	0	0	0	0	0
-4	10	-9	0	0	0	0	0	0
-4	10	-8	0	0	0	0	0	0
-4	10	-7	0	0	0	0	0	0
-4	10	-6	0	0	0	0	0	0
-4	10	-5	0	0	0	0	0	0
-4	10	-4	0	0	0	0	0	0
-4	10	-3	0	0	0	0	0	0
-4	10	-2	0	0	0	0	0	0
-4	10	-1	0	0	0	0	0	0
-4	10	0	0	0	0	0	0	0
-4	10	1	0	0	0	0	0	0
-4	10	2	0	0	0	0	0	0
-4	10	3	0	0	0	0	0	0
-4	10	4	0	0	0	0	0	0
-4	10	5	0	0	0	0	0	0
-4	10	6	0	0	0	0	0	0
-4	10	7	0	0	0	0	0	0
-4	10	8	0	0	0	0	0	0
-4	10	9	0	0	0	0	0	0
-4	10	10	0	0	0	0	0	0
-4	10	11	0	0	0	0	0	0
-4	10	12	0	0	0	0	0	0
-4	11	-12	0	0	0	0	0	0
-4	11	-11	0	0	0	0	0	0
-4	11	-10	0	0	0	0	0	0
-4	11	-9	0	0	0	0	0	0
-4	11	-8	0	0	0	0	0	0
-4	11	-7	0	0	0	0	0	0
-4	11	-6	0	0	0	0	0	0
-4	11	-5	0	0	0	0	0	0
-4	11	-4	0	0	0	0	0	0
-4	11	-3	0	0	0	0	0	0
-4	11	-2	0	0	0	0	0	0
-4	11	-1	0	0	0	0	0	0
-4	11	0	0	0	0	0	0	0
-4	11	1	0	0	0	0	0	0
-4	11	2	0	0	0	0	0	0
-4	11	3	0	0	0	0	0	0
-4	11	4	0	0	0	0	0	0
-4	11	5	0	0	0	0	0	0
-4	11	6	0	0	0	0	0	0
-4	11	7	0	0	0	0	0	0
-4	11	8	0	0	0	0	0	0
-4	11	9	0	0	0	0	0	0
-4	11	10	0	0	0	0	0	0
-4	11	11	0	0	0	0	0	0
-4	11	12	0	0	0	0	0	0
-4	12	-12	0	0	0	0	0	0
-4	12	-11	0	0	0	0	0	0
-4	12	-10	0	0	0	0	0	0
-4	12	-9	0	0	0	0	0	0
-4	12	-8	0	0	0	0	0	0
-4	12	-7	0	0	0	0	0	0
-4	12	-6	0	0	0	0	0	0
-4	12	-5	0	0	0	0	0	0
-4	12	-4	0	0	0	0	0	0
-4	12	-3	0	0	0	0	0	0
-4	12	-2	0	0	0	0	0	0
-4	12	-1	0	0	0	0	0	0
-4	12	0	0	0	0	0	0	0
-4	12	1	0	0	0	0	0	0
-4	12	2	0	0	0	0	0	0
-4	12	3	0	0	0	0	0	0
-4	12	4	0	0	0	0	0	0
-4	12	5	0	0	0	0	0	0
-4	12	6	0	0	0	0	0	0
-4	12	7	0	0	0	0	0	0
-4	12	8	0	0	0	0	0	0
-4	12	9	0	0	0	0	0	0
-4	12	10	0	0	0	0	0	0
-4	12	11	0	0	0	0	0	0
-4	12	12	0	0	0	0	0	0
-3	-12	-12	0	0	0	0	0	0
-3	-12	-11	0	0	0	0	0	0
-3	-12	-10	0	0	0	0	0	0
-3	-12	-9	0	0	0	0	0	0
-3	-12	-8	0	0	0	0	0	0
-3	-12	-7	0	0	0	0	0	0
-3	-12	-6	0	0	0	0	0	0
-3	-12	-5	0	0	0	0	0	0
-3	-12	-4	0	0	0	0	0	0
-3	-12	-3	0	0	0	0	0	0
-3	-12	-2	0	0	0	0	0	0
-3	-12	-1	0	0	0	0	0	0
-3	-12	0	0	0	0	0	0	0
-3	-12	1	0	0	0	0	0	0
-3	-12	2	0	0	0	0	0	0
-3	-12	3	0	0	0	0	0	0
-3	-12	4	0	0	0	0	0	0
-3	-12	5	0	0	0	0	0	0
-3	-12	6	0	0	0	0	0	0
-3	-12	7	0	0	0	0	0	0
-3	-12	8	0	0	0	0	0	0
-3	-12	9	0	0	0	0	0	0
-3	-12	10	0	0	0	0	0	0
-3	-12	11	0	0	0	0	0	0
-3	-12	12	0	0	0	0	0	0
-3	-11	-12	0	0	0	0	0	0
-3	-11	-11	0	0	0	0	0	0
-3	-11	-10	0	0	0	0	0	0
-3	-11	-9	0	0	0	0	0	0
-3	-11	-8	0	0	0	0	0	0
-3	-11	-7	0	0	0	0	0	0
-3	-11	-6	0	0	0	0	0	0
-3	-11	-5	0	0	0	0	0	0
-3	-11	-4	0	0	0	0	0	0
-3	-11	-3	0	0	0	0	0	0
-3	-11	-2	0	0	0	0	0	0
-3	-11	-1	0	0	0	0	0	0
-3	-11	0	0	0	0	0	0	0
-3	-11	1	0	0	0	0	0	0
-3	-11	2	0	0	0	0	0	0
-3	-11	3	0	0	0	0	0	0
-3	-11	4	0	0	0	0	0	0
-3	-11	5	0	0	0	0	0	0
-3	-11	6	0	0	0	0	0	0
-3	-11	7	0	0	0	0	0	0
-3	-11	8	0	0	0	0	0	0
-3	-11	9	0	0	0	0	0	0
-3	-11	10	0	0	0	0	0	0
-3	-11	11	0	0	0	0	0	0
-3	-11	12	0	0	0	0	0	0
-3	-10	-12	0	0	0	0	0	0
-3	-10	-11	0	0	0	0	0	0
-3	-10	-10	0	0	0	0	0	0
-3	-10	-9	0	0	0	0	0	0
-3	-10	-8	0	0	0	0	0	0
-3	-10	-7	0	0	0	0	0	0
-3	-10	-6	0	0	0	0	0	0
-3	-10	-5	0	0	0	0	0	0
-3	-10	-4	0	0	0	0	0	0
-3	-10	-3	0	0	0	0	0	0
-3	-10	-2	0	0	0	0	0	0
-3	-10	-1	0	0	0	0	0	0
-3	-10	0	0	0	0	0	0	0
-3	-10	1	0	0	0	0	0	0
-3	-10	2	0	0	0	0	0	0
-3	-10	3	0	0	0	0	0	0
-3	-10	4	0	0	0	0	0	0
-3	-10	5	0	0	0	0	0	0
-3	-10	6	0	0	0	0	0	0
-3	-10	7	0	0	0	0	0	0
-3	-10	8	0	0	0	0	0	0
-3	-10	9	0	0	0	0	0	0
-3	-10	10	0	0	0	0	0	0
-3	-10	11	0	0	0	0	0	0
-3	-10	12	0	0	0	0	0	0
-3	-9	-12	0	0	0	0	0	0
-3	-9	-11	0	0	0	0	0	0
-3	-9	-10	0	0	0	0	0	0
-3	-9	-9	0	0	0	0	0	0
-3	-9	-8	0	0	0	0	0	0
-3	-9	-7	0	0	0	0	0	0
-3	-9	-6	0	0	0	0	0	0
-3	-9	-5	0	0	0	0	0	0
-3	-9	-4	0	0	0	0	0	0
-3	-9	-3	0	0	0	0	0	0
-3	-9	-2	0	0	0	0	0	0
-3	-9	-1	0	0	0	0	0	0
-3	-9	0	0	0	0	0	0	0
-3	-9	1	0	0	0	0	0	0
-3	-9	2	0	0	0	0	0	0
-3	-9	3	0	0	0	0	0	0
-3	-9	4	0	0	0	0	0	0
-3	-9	5	0	0	0	0	0	0
-3	-9	6	0	0	0	0	0	0
-3	-9	7	0	0	0	0	0	0
-3	-9	8	0	0	0	0	0	0
-3	-9	9	0	0	0	0	0	0
-3	-9	10	0	0	0	0	0	0
-3	-9	11	0	0	0	0	0	0
-3	-9	12	0	0	0	0	0	0
-3	-8	-12	0	0	0	0	0	0
-3	-8	-11	0	0	0	0	0	0
-3	-8	-10	0	0	0	0	0	0
-3	-8	-9	0	0	0	0	0	0
-3	-8	-8	8.4006373439650467902e-06	-4.7629328721574401147e-06	3.1816168251114789604e-06	1.1240401813490811229e-05	-6.3318558290983710833e-06	-9.4543019864317712919e-06
-3	-8	-7	2.0525532386659631768e-06	-1.0992412669930515769e-05	2.0525524506227513889e-05	9.9002311623349293786e-07	-2.4337407966545427816e-05	3.5795790114176577466e-06
-3	-8	-6	-5.4276944555554999163e-06	-4.1913198660781665991e-06	4.1402999810672245785e-06	-7.1636973375883284312e-06	-2.8065527469785499034e-06	1.1647256383156855388e-05
-3	-8	-5	2.5533256865797757324e-05	-1.0013177722935864239e-05	-7.1266668197735002284e-06	2.1476607840647673559e-05	-3.9172872078410533511e-06	-2.8354665911274757456e-05
-3	-8	-4	-3.3446007672070733521e-05	-3.8447678037448843814e-06	1.5927399217237577688e-05	3.8479480751475150704e-06	-6.7702926804221001531e-06	-4.8123202974863662194e-06
-3	-8	-3	8.7577786790110458202e-06	1.1946946906091070889e-05	-4.7227239104089472181e-07	-1.4972731973173557542e-05	-7.4983856362353261385e-06	2.7980338355705080297e-05
-3	-8	-2	1.5982269668229052046e-05	2.5212396223705157218e-05	4.0619873841298325803e-06	-3.8644731085414449326e-06	-4.0221354038862910084e-05	-2.2360701901391957791e-05
-3	-8	-1	-1.4323368455865041264e-05	-4.3752348846577396836e-06	6.0492561540243240569e-06	5.3598958782986822418e-06	-5.423943864599467818e-06	-2.9753462372416238037e-05
-3	-8	0	-3.2817920258917620516e-05	-4.6845351753110223787e-05	1.2306720097094107693e-05	1.7567006907416333073e-05	1.2115497514926889906e-05	-1.8406605800533028467e-05
-3	-8	1	-6.8335126043259339039e-07	2.2331297636054884631e-05	4.6061696523550546851e-06	-2.4459210559266214232e-06	3.479930343754265371e-05	4.7426524460751685896e-05
-3	-8	2	3.4920233167292674843e-05	-4.1125748303861366816e-06	-1.9830029003612406672e-05	-2.4208249943934963602e-06	-2.6939766263510607649e-05	-1.585216222315319131e-05
-3	-8	3	3.6723438459388408287e-06	-6.3914293663822004153e-05	1.1637563823474610271e-05	1.9811896700811023345e-05	3.4705847375204462995e-05	-1.1082569128325940206e-05
-3	-8	4	7.8217794991135689871e-06	2.1156437321003353154e-05	-1.0866844583917069361e-05	-1.2231171865960792648e-05	-1.5867354543498962406e-05	-8.5950157411690712782e-06
-3	-8	5	4.0016352359085944127e-06	-2.2656874500060901782e-05	8.0901860947853535067e-07	-1.2250434623956287043e-05	3.695410916710813124e-06	-3.3194820098366604403e-05
-3	-8	6	1.0269008432947668877e-06	3.9523947885680336297e-06	-1.4938594023069542701e-06	-5.9083716097964674883e-06	-1.478362114761888881e-06	-5.9016314187779402598e-06
-3	-8	7	-1.9943800428882349799e-05	2.2248389551269355828e-05	1.1369777912352842474e-06	-1.3176340089120241835e-05	-7.2479398509663968514e-06	-5.5236502941648381705e-06
-3	-8	8	5.9746534510474198353e-06	2.3425986458003458064e-05	-1.2393033536860317251e-05	-1.0336678756871713031e-05	-1.0152538492717536083e-05	-1.5519338351204164693e-06
-3	-8	9	0	0	0	0	0	0
-3	-8	10	0	0	0	0	0	0
-3	-8	11	0	0	0	0	0	0
-3	-8	12	0	0	0	0	0	0
-3	-7	-12	0	0	0	0	0	0
-3	-7	-11	0	0	0	0	0	0
-3	-7	-10	0	0	0	0	0	0
-3	-7	-9	0	0	0	0	0	0
-3	-7	-8	1.364128351049129166e-05	8.7460668793631711194e-06	1.3409494187280383455e-05	-1.3006450271530492109e-05	-1.6848788730304570954e-05	8.1008689078279914252e-06
-3	-7	-7	3.7529466414461617628e-05	1.69027160211314294e-05	-8.4667373760108316738e-06	-7.1873944077363652723e-06	-7.6173196587584339918e-06	-5.6626744177104596159e-08
-3	-7	-6	-6.7220057007846041873e-06	2.9189060465195568715e-05	-2.2306126976587071126e-05	-2.0114561239368555236e-05	2.9384817656410550893e-05	8.8724578799988622888e-06
-3	-7	-5	-3.2483985399883815619e-05	1.010176558156234684e-05	4.216887658372724286e-05	1.1302693230115268917e-05	-3.9546035977287857409e-05	-2.1884829871098783233e-05
-3	-7	-4	3.3087601138009050869e-05	1.9985498116652552342e-05	-4.9762188880819332949e-06	4.1021899604646774924e-06	-1.6107317799363404039e-05	-2.2167956018302597962e-05
-3	-7	-3	-3.6340421629335843288e-05	8.1456443298443215141e-05	1.5830382606603493069e-05	-4.0208651226900928802e-05	-5.9713778607230847748e-07	1.236374289765895263e-05
-3	-7	-2	-8.3030197668453094447e-05	-3.8495585747869434862e-05	1.9555088261985520989e-05	1.7398465193908725532e-05	5.6102487585730328372e-05	-3.1512495568763857971e-06
-3	-7	-1	-4.6332247354408233081e-05	-3.5171772527485577805e-06	1.8625456576580998365e-05	8.9060948326581082269e-06	8.618546027157717468e-06	-5.1791132070361082552e-05
-3	-7	0	-1.2902522292174247912e-05	3.5354055676656685769e-05	5.5296524109318206548e-06	-1.5151738147138579373e-05	1.7143272649291546237e-05	-5.0999160721021212766e-05
-3	-7	1	9.4151106207207933322e-07	-1.2205304174002306423e-05	-5.9142537198801991581e-06	8.4065703255164571009e-07	-3.8575242852945160448e-05	-3.0731313294145395064e-05
-3	-7	2	-1.8916289302332906815e-05	8.2481236342250242914e-06	2.2009167136429972896e-05	2.7845476713902645062e-06	4.8657651024005543219e-05	2.2118102301203462209e-05
-3	-7	3	8.1628975853717926641e-06	-3.9439038912184424694e-06	-9.7599421115449618458e-06	-8.7321811757577548458e-06	-1.4610300674899783847e-05	-2.4318993301319871572e-05
-3	-7	4	7.4366223106550308184e-06	4.5219655575471404713e-06	-4.857275951311399558e-06	-2.1061842354082649023e-05	-2.9227661818036756892e-06	-3.346674995148428319e-05
-3	-7	5	6.6522283193999981219e-06	2.2247364042819617476e-05	7.5007577833310951182e-06	-2.8945023685568109343e-05	1.4492397888303532039e-05	-2.717461473410358124e-05
-3	-7	6	7.4791866885114309716e-07	-4.194662076641394909e-08	1.7285349974179026059e-05	-2.1563008752844667646e-05	2.0540200970967769235e-05	-2.5177816855368654567e-05
-3	-7	7	-5.5156507734802977759e-06	-4.4026015834047236923e-06	1.1174631474225752228e-05	-5.4819870227565663601e-06	8.8107811427341945864e-06	-7.3688162727871623492e-06
-3	-7	8	4.4059263710806465146e-06	1.2499122992734152968e-05	3.9915126763154812909e-06	2.2536111058311926008e-05	5.1447959809312886784e-06	2.4406268298298240715e-05
-3	-7	9	0	0	0	0	0	0
-3	-7	10	0	0	0	0	0	0
-3	-7	11	0	0	0	0	0	0
-3	-7	12	0	0	0	0	0	0
-3	-6	-12	0	0	0	0	0	0
-3	-6	-11	0	0	0	0	0	0
-3	-6	-10	0	0	0	0	0	0
-3	-6	-9	0	0	0	0	0	0
-3	-6	-8	-3.0924094895050643146e-05	1.8830453917919579601e-05	8.4794588977807925994e-06	2.7211427622623591248e-05	5.2369414123083958833e-06	-2.7469990936187534515e-05
-3	-6	-7	-4.648979489932784348e-07	-2.2827209769371467067e-06	-3.4574848807236970436e-06	-1.1686716422171867982e-05	3.1628004473317167952e-06	1.0995494494834664304e-05
-3	-6	-6	6.8849015404030418342e-05	-1.4057348297111119115e-05	5.7346480465806505303e-06	1.2678011889430147713e-05	-4.015915574859585716e-05	-5.649337740874589003e-06
-3	-6	-5	9.7600881522594971809e-06	1.1629655097617142139e-05	-1.341639091639550559e-06	2.1834657705201906952e-05	-4.2460859813882372989e-06	-3.3179382304812571932e-05
-3	-6	-4	1.2581378034843480581e-05	-6.0325026914198293066e-06	2.5008486023317418978e-05	-2.3619681538156035261e-05	-4.6948762561108738902e-05	3.9953899325798925295e-05
-3	-6	-3	1.1418151314203877868e-05	-3.437093146652956359e-05	-1.5560274851755125059e-05	2.1788837923025570337e-05	1.970239838930637225e-05	-9.2067443795215787779e-06
-3	-6	-2	1.3814003852540711318e-05	-7.1317214286493817686e-05	-3.2154828172217373362e-06	2.7454432701279969826e-05	-1.1074557327145855392e-05	2.4612523325900810274e-05
-3	-6	-1	1.2250274254456021617e-05	1.2141339501688009443e-05	-1.3705716726362440129e-05	3.8583502467937896428e-06	4.5483477594806575922e-05	-5.9574119985826764492e-05
-3	-6	0	-8.2766181821206718052e-05	1.046235245646079894e-05	4.1383090910603359026e-05	-5.2311762282303994701e-06	-1.3643230494950709736e-05	7.4247388821853236608e-05
-3	-6	1	-4.8068707554073485512e-05	5.4437774169930053779e-05	3.1186114581662445554e-05	-1.9032221568201845375e-05	4.2910564827754216785e-05	4.9119993100579082313e-05
-3	-6	2	2.833525483445912643e-05	5.7766784033407481049e-05	-1.1977562463580000086e-05	-2.9358660214109540528e-05	6.5701948609486902347e-06	-1.4258045922174027621e-06
-3	-6	3	7.2851327147460052643e-05	3.9285852752377874045e-05	-2.6646691266902658928e-05	-1.856710499713595206e-05	1.9557944613654738175e-05	2.1516427581059724652e-06
-3	-6	4	3.0271569289855282912e-05	3.0132328149514738371e-05	-2.7900973244295661202e-05	-5.1975762078148066798e-05	-1.9147782899052029619e-05	-5.5364397005086046419e-05
-3	-6	5	-1.4584374254036891315e-05	-5.3595142267103165724e-06	-2.363309280462216739e-05	3.1930001802818258009e-05	-3.7110335917968736335e-05	3.510029362735571899e-05
-3	-6	6	-2.2222392176611509968e-05	-1.4523208397468881012e-05	3.3674110637449752859e-05	1.417227389853319517e-05	2.2562914549144001263e-05	6.9106696997987538173e-06
-3	-6	7	-1.7074531451216408038e-05	-3.7905208998399591051e-05	1.5313238591388576469e-05	2.4976668720059164522e-05	5.8079767420974628256e-06	5.1634836178794573245e-06
-3	-6	8	3.563994011142998297e-05	-1.8677522321544527282e-05	5.6020823205210467448e-06	1.6482664155353122381e-05	1.7566539282177027613e-05	5.3579272459356440552e-06
-3	-6	9	0	0	0	0	0	0
-3	-6	10	0	0	0	0	0	0
-3	-6	11	0	0	0	0	0	0
-3	-6	12	0	0	0	0	0	0
-3	-5	-12	0	0	0	0	0	0
-3	-5	-11	0	0	0	0	0	0
-3	-5	-10	0	0	0	0	0	0
-3	-5	-9	0	0	0	0	0	0
-3	-5	-8	1.7346480758547924158e-05	-1.9370198212010818655e-06	-2.0089549843263588354e-05	-9.6743569956554485267e-06	6.0510383675842698914e-06	6.7728555552350616111e-06
-3	-5	-7	-1.0381159778342254058e-05	-2.7441055771239914791e-05	1.3690354123277520134e-05	2.0920944701150973288e-07	-5.3297558973372628841e-06	1.1611017154094599663e-05
-3	-5	-6	2.2446974543440556299e-05	-3.8038156114701133354e-05	-3.6505151659078182824e-05	2.2631970260866067062e-05	1.9197472444178206408e-05	1.5910283996217624068e-07
-3	-5	-5	9.2679275817051921761e-05	2.4949993443792969395e-05	1.7422535364977972819e-05	3.3345838529681812003e-06	-7.3030100855209123165e-05	-1.8304579919243963007e-05
-3	-5	-4	-5.4863663386086221533e-06	5.4497242171860862828e-05	-6.283315205140231174e-05	-3.2221169328522349595e-05	8.2656214818209366242e-05	-5.9646996824271457443e-07
-3	-5	-3	1.5152949557557007483e-05	-5.0188971361788368986e-05	3.3071708366134991365e-05	5.5332234044441357167e-05	-7.0272463501115330943e-05	-4.2031418712280557367e-05
-3	-5	-2	2.3899789866033709947e-06	4.0421292404963406338e-05	-1.0788912349907586443e-05	-1.2179048893726871159e-05	2.3387312394863912156e-05	-3.0184316373127932458e-05
-3	-5	-1	0.00011208329748088130887	1.1669505083462477184e-05	-5.6965285441780110485e-05	-1.8328781003957918429e-05	-5.1423465233743394503e-05	5.6635389769402153816e-05
-3	-5	0	4.4329842778869832831e-05	-2.520331821921854284e-05	-2.6597905667321899021e-05	1.5121990931531125704e-05	-2.9611813473922535804e-05	0.00017192623956876937038
-3	-5	1	-3.4437329560763846954e-05	-5.6723734893768267993e-05	1.5522428677478369879e-05	2.5930342286149230284e-05	-2.5699845294899698246e-05	-4.0519493250558659338e-05
-3	-5	2	-6.182305728827853944e-05	-7.3298877652747964316e-05	3.7711864605180485746e-05	2.2012469127313791904e-06	1.5450755805334032982e-06	-0.00010444519919729348706
-3	-5	3	-2.8304458915510104363e-05	5.7961278430976621444e-05	1.6326600805104799944e-05	-2.3129963767709151235e-05	-1.0934575736687701348e-06	1.9411338818128038311e-05
-3	-5	4	2.8146970746811061584e-05	-1.2723424115276150886e-05	-4.5038923791631628706e-05	3.3745096354707380898e-06	-3.5188426679431237154e-05	-5.3244310421186904461e-06
-3	-5	5	5.2233685723902376541e-05	-2.2075951887074064258e-05	-1.6917892237866832291e-05	-4.5977664748464238298e-05	1.4422319196474597361e-05	-5.922323588070867482e-05
-3	-5	6	-3.084267598226406149e-05	4.0959825558250239112e-05	2.0376430096705997901e-05	-1.9817263462710791721e-05	1.5590204227896337486e-06	3.9655265601994586593e-06
-3	-5	7	1.7993619259195959865e-05	5.8910217584037508261e-05	2.479621286388042684e-05	-6.5521059141134308204e-06	2.5423131728141429574e-05	2.0567160454506480921e-05
-3	-5	8	-2.9966757540446822258e-05	-9.001325536131487461e-06	5.9788048045806227663e-06	-8.1747455672762128596e-06	-7.5007810748046685885e-06	-8.4847130555969412587e-06
-3	-5	9	0	0	0	0	0	0
-3	-5	10	0	0	0	0	0	0
-3	-5	11	0	0	0	0	0	0
-3	-5	12	0	0	0	0	0	0
-3	-4	-12	0	0	0	0	0	0
-3	-4	-11	0	0	0	0	0	0
-3	-4	-10	0	0	0	0	0	0
-3	-4	-9	0	0	0	0	0	0
-3	-4	-8	-1.4121803789409491435e-05	5.6066835943355855895e-06	3.374956717857064835e-05	2.7381451509722279905e-06	-1.157910716825676404e-05	-3.4715789233619585913e-06
-3	-4	-7	-2.7375293018494418378e-05	-1.2936977672379805631e-05	-4.813679982363924597e-05	2.9982268399184122405e-05	3.9239011192862888384e-05	-1.158830579708529562e-05
-3	-4	-6	-3.8342169631768545086e-05	-1.0093278242565179397e-05	-3.2713885600241194912e-05	2.2530044070019954671e-05	4.0980341882711740335e-05	-9.9733902587307142625e-06
-3	-4	-5	-5.6188574013931545507e-05	5.4927838510199951936e-05	9.4536918653883965369e-05	-1.2899911042775604323e-05	-4.1916390514748240925e-05	-2.263677427189948567e-05
-3	-4	-4	3.083193359575079343e-05	-6.5005181984920966712e-05	-1.3584697074540204483e-05	-1.5566525132124707878e-05	-9.5392531222728905901e-06	6.4320411620815429524e-05
-3	-4	-3	0.00015581868567086807004	-7.6401276845977622977e-05	-7.9281240413651242059e-05	-6.2098683491071936065e-06	-5.0110365119333069334e-05	8.468110131145387999e-05
-3	-4	-2	-6.0331551776519144531e-05	-9.7057989910578193796e-05	-3.3822951101073504626e-05	7.43842135071502849e-05	0.00015814322986692572605	-3.1814421484332854586e-06
-3	-4	-1	5.2604902063677389684e-05	-6.31340084741460766e-05	-5.6822977201941827997e-05	6.5576260030028864527e-05	6.9477202616735129386e-05	-7.2903014697677228305e-05
-3	-4	0	-6.6471893970847483997e-05	0.00012048112870483940282	4.9853920478135612998e-05	-9.0360846528629552117e-05	0.00019784815584258119724	0.00022277584281653943997
-3	-4	1	-3.3591992527456507659e-05	-0.00016213247099999651755	5.5047263814200509671e-05	0.00013367793581537884356	0.00011941307767443252248	4.8314330261525828341e-05
-3	-4	2	-9.8469708420085751697e-06	0.00022507506308977429945	8.1197672360868629608e-05	-0.00017154832830956203652	0.00014762488845872440493	-5.484061984462660292e-06
-3	-4	3	3.1719850371440871993e-05	1.92167488925346964e-05	3.798054958858857512e-06	-3.8357181872405020254e-05	3.6783923649919349241e-05	-3.1926160270671997271e-05
-3	-4	4	-9.8663013141646286751e-05	-5.8785832650356324887e-05	-1.2547612951938947896e-05	-3.1752531707618638561e-05	-8.6544872808173652795e-05	-7.5841906195385882226e-05
-3	-4	5	-3.9577331470344186454e-06	0.00010039562963233124803	2.3423275073992906793e-05	-5.370125586145773933e-05	1.6363980170973674755e-05	1.7276373090232562097e-05
-3	-4	6	-6.7715540664831805014e-05	2.3689021637942309052e-05	1.1728027273002622759e-05	2.3298469831592542043e-05	-2.6039085483747487334e-05	2.7376824040032848092e-05
-3	-4	7	-2.3585002705986905504e-05	-4.3313862263855975546e-05	2.6479052642582199872e-05	2.7535208302641896036e-05	5.0230289217668699648e-06	-2.8286790830000488671e-06
-3	-4	8	9.2262636365111554653e-06	8.2173651574413490684e-06	-1.2368355734936322681e-05	-2.8201481927581188567e-05	-2.7243290037764774058e-06	-1.1019229029750087959e-05
-3	-4	9	0	0	0	0	0	0
-3	-4	10	0	0	0	0	0	0
-3	-4	11	0	0	0	0	0	0
-3	-4	12	0	0	0	0	0	0
-3	-3	-12	0	0	0	0	0	0
-3	-3	-11	0	0	0	0	0	0
-3	-3	-10	0	0	0	0	0	0
-3	-3	-9	0	0	0	0	0	0
-3	-3	-8	1.7455020642936759867e-05	2.1994361905647001083e-05	3.1454795382644818575e-05	6.2960191760704083911e-06	-1.8341181009593093186e-05	-1.0608892905644029824e-05
-3	-3	-7	2.6603002240700446008e-05	6.4883148570037288435e-06	-7.0186269725902648922e-07	9.538324238501859242e-06	-1.1100488375760609046e-05	-6.868559612359537751e-06
-3	-3	-6	5.8885741487763641289e-05	2.3339266966758455447e-06	-2.4257180725574271278e-05	3.8340497485964399548e-05	-1.7314280381094685005e-05	-2.0337212091320124876e-05
-3	-3	-5	3.1589934896660526551e-05	3.0778413064488113651e-05	2.1878271082347159152e-06	6.8512936810925217901e-05	-2.0266657202937143531e-05	-5.9574809925247998931e-05
-3	-3	-4	7.5722737872256951921e-05	-7.1493304325906083729e-05	-5.9201592043241476411e-05	1.0243031458905162693e-05	-1.2390859371761606632e-05	4.5937704650250683154e-05
-3	-3	-3	0	0	0	0	0	0
-3	-3	-2	0	0	0	0	0	0
-3	-3	-1	0	0	0	0	0	0
-3	-3	0	0	0	0	0	0	0
-3	-3	1	0	0	0	0	0	0
-3	-3	2	0	0	0	0	0	0
-3	-3	3	0	0	0	0	0	0
-3	-3	4	-5.1096789739557522416e-05	8.3705380852246914661e-05	-2.8616805717456846009e-05	6.332499331663668594e-05	-5.978519659276077886e-05	0.00011027278062666270723
-3	-3	5	6.5542468512036949945e-05	9.86826300115865076e-05	-3.9658546371212025506e-05	-0.00013218620131583532417	1.5530353284494949242e-05	-2.0102142782549284523e-05
-3	-3	6	-1.4203773860699536035e-06	-2.6014942563521460661e-05	-4.2368201826136137663e-05	-2.7390558344531349322e-06	-2.1894289606103046163e-05	-1.4376999198987297797e-05
-3	-3	7	3.0096029605976335977e-05	-5.8629032032395945442e-05	-3.0417151056535300508e-06	5.2156125652219891171e-05	1.1594706214424058594e-05	-2.7741027343611657531e-06
-3	-3	8	-4.8061443712649385925e-05	3.6161816614419675458e-05	-1.3978748199004030313e-06	-1.7027999054625531734e-05	-1.8547244449706171203e-05	7.1751815849228030493e-06
-3	-3	9	0	0	0	0	0	0
-3	-3	10	0	0	0	0	0	0
-3	-3	11	0	0	0	0	0	0
-3	-3	12	0	0	0	0	0	0
-3	-2	-12	0	0	0	0	0	0
-3	-2	-11	0	0	0	0	0	0
-3	-2	-10	0	0	0	0	0	0
-3	-2	-9	0	0	0	0	0	0
-3	-2	-8	-1.7482251928716887603e-05	3.3118908482484495949e-05	-2.0721581271247379658e-05	-5.7493472075824689709e-06	1.1736239791080677766e-05	-1.0982253879036067468e-05
-3	-2	-7	8.8742108703543203726e-07	2.8982279044926991278e-05	5.1124598351595783188e-05	-1.3371370602115173059e-05	-1.4987351423471122623e-05	-8.6005851329358046854e-06
-3	-2	-6	-2.334550570366199137e-05	-9.0842633507724952248e-05	-4.3850588049195284371e-05	-4.2887140129229764395e-05	2.6289615534896089346e-05	5.9717030130272393072e-05
-3	-2	-5	-4.0113973649881160327e-06	-7.2685372337489941095e-05	1.3608745312898860223e-05	-2.5957109460765601799e-05	-3.0366597061666747238e-06	5.3994067186800209443e-05
-3	-2	-4	4.9265854872442688388e-05	-0.00010521789936383929413	-2.960506675773209238e-05	4.8478197752500856276e-05	-2.2146857775465966713e-05	5.4674325646629039069e-05
-3	-2	-3	0	0	0	0	0	0
-3	-2	-2	0	0	0	0	0	0
-3	-2	-1	0	0	0	0	0	0
-3	-2	0	0	0	0	0	0	0
-3	-2	1	0	0	0	0	0	0
-3	-2	2	0	0	0	0	0	0
-3	-2	3	0	0	0	0	0	0
-3	-2	4	-9.7704466605775690041e-05	6.9927354108047310843e-05	-2.7864025537456816033e-05	-3.458453522305502347e-05	-8.7210362723060165383e-05	3.5153247969507964621e-05
-3	-2	5	-9.6565664609234922984e-05	0.00011043143339849664309	6.9437239641530936331e-05	3.1129044401270826979e-05	-3.0164502908928576548e-05	7.8710477799606313933e-05
-3	-2	6	-1.4632658331765212355e-05	-6.2930589964743598153e-05	6.0866752662740973578e-05	5.5789339345429080162e-05	1.2972588388364386709e-05	-1.2868848533895438458e-05
-3	-2	7	-4.1425515942179005652e-05	3.6633359358391900083e-05	6.4904039734253377351e-05	9.6660556762339109254e-06	7.9021880599567759205e-07	1.8461741346806217443e-05
-3	-2	8	-1.3931471145480904842e-05	-4.3974823823417622025e-06	-7.284963604460192395e-06	2.7993399075792659855e-05	-7.0455425806703880499e-06	5.3492938755700045612e-06
-3	-2	9	0	0	0	0	0	0
-3	-2	10	0	0	0	0	0	0
-3	-2	11	0	0	0	0	0	0
-3	-2	12	0	0	0	0	0	0
-3	-1	-12	0	0	0	0	0	0
-3	-1	-11	0	0	0	0	0	0
-3	-1	-10	0	0	0	0	0	0
-3	-1	-9	0	0	0	0	0	0
-3	-1	-8	-4.9794747750084525514e-05	-2.5338966022385565771e-05	1.7795377105180873481e-06	4.9293426446388432507e-05	1.8450588192466935752e-05	3.3404339525960339478e-06
-3	-1	-7	-3.097676665048761693e-05	1.0325424921320128843e-05	0.00011447374674338507683	4.9432379836653053619e-05	-3.077635255988888164e-06	-1.1486950657230490723e-05
-3	-1	-6	2.2682793031910129843e-05	2.9800232136392508546e-05	1.0047990331156255505e-05	3.826158150953757654e-05	-1.3016061571147774455e-05	-2.1277046319785849799e-05
-3	-1	-5	6.370871238784647447e-05	-2.539436291373584119e-05	2.4808106218315200461e-05	5.1853378213730807566e-05	-4.3186848676370922064e-05	4.8659421054953440477e-06
-3	-1	-4	5.2058467471513479824e-05	-5.1467284928900311892e-05	1.6238605999923384603e-05	1.7394392017962721563e-05	-4.3103502103615951783e-05	3.4251865692184557764e-05
-3	-1	-3	0	0	0	0	0	0
-3	-1	-2	0	0	0	0	0	0
-3	-1	-1	0	0	0	0	0	0
-3	-1	0	0	0	0	0	0	0
-3	-1	1	0	0	0	0	0	0
-3	-1	2	0	0	0	0	0	0
-3	-1	3	0	0	0	0	0	0
-3	-1	4	-3.8212148216765391695e-05	0.00010118753200845462953	0.00017983815662356772078	-8.4098534420207584402e-05	1.6300427993317889811e-05	5.4866015401289082822e-05
-3	-1	5	-7.8190657392850153014e-05	-5.4613303436071943995e-05	6.559658807714791864e-05	3.7322532248367442666e-05	-3.379507682028050808e-05	-2.5303475611969677186e-05
-3	-1	6	3.2208959543308390036e-05	7.0613660764934272184e-06	-1.322376229258195434e-05	-1.980831518635150636e-05	1.3900519389557202063e-05	2.292971738547960148e-07
-3	-1	7	3.7831472755509961878e-05	-4.0682446232650502145e-05	-5.3584678468602433394e-05	-4.7125981093596968339e-05	8.5585342568467788916e-06	-2.4167617113078351603e-05
-3	-1	8	5.1356960271203929257e-06	6.9466066414061440441e-05	1.6661926782137634849e-05	2.8587287119405435968e-05	4.0086268579373515974e-06	2.9623185795198718814e-05
-3	-1	9	0	0	0	0	0	0
-3	-1	10	0	0	0	0	0	0
-3	-1	11	0	0	0	0	0	0
-3	-1	12	0	0	0	0	0	0
-3	0	-12	0	0	0	0	0	0
-3	0	-11	0	0	0	0	0	0
-3	0	-10	0	0	0	0	0	0
-3	0	-9	0	0	0	0	0	0
-3	0	-8	2.2981129703922094403e-05	-1.9970844470923954583e-05	-6.34082326626919198e-06	-3.5630389222495958447e-05	-8.6179236389707849776e-06	7.4890666765964829685e-06
-3	0	-7	-2.6626516721472832353e-05	-7.8142425898766078302e-06	-9.0461728406565600994e-05	-1.2290195418134373075e-05	1.1411364309202642195e-05	3.348961109947117823e-06
-3	0	-6	-3.4476287224154115074e-05	8.4858463593493705323e-05	6.2285262287013903079e-05	-1.1450907496130708625e-06	1.7238143612077057537e-05	-4.2429231796746852661e-05
-3	0	-5	-0.00015371680074717476109	-6.5978225238945195489e-05	4.9332557879055947687e-05	7.6018285146690591425e-05	9.2230080448304853943e-05	3.9586935143367117293e-05
-3	0	-4	0.00012869507158667648763	-0.00011159069056810986447	0.00034338944002125184512	0.0001289374663718212367	-9.6521303690007379276e-05	8.3693017926082398351e-05
-3	0	-3	0	0	0	0	0	0
-3	0	-2	0	0	0	0	0	0
-3	0	-1	0	0	0	0	0	0
-3	0	0	0	0	0	0	0	0
-3	0	1	0	0	0	0	0	0
-3	0	2	0	0	0	0	0	0
-3	0	3	0	0	0	0	0	0
-3	0	4	-1.9270598371177466857e-05	-0.00016334620593005816651	8.6671037528141372033e-05	6.2196038556862603269e-05	-1.4452948778383100143e-05	-0.00012250965444754363166
-3	0	5	7.4450693963193205287e-05	9.1776247529632679111e-05	-2.3367070976988282496e-05	6.0437173114362084715e-06	4.4670416377915928593e-05	5.5065748517779607467e-05
-3	0	6	3.2313883605734838812e-06	5.4599217824005804797e-05	1.7578818993402745442e-05	3.7280986861048014743e-05	1.6156941802867419406e-06	2.7299608912002902399e-05
-3	0	7	-5.9274115010255952766e-05	3.6018132725560095416e-05	-2.51834786626237477e-05	1.7405626392866196088e-05	-2.5403192147252550218e-05	1.5436342596668610385e-05
-3	0	8	4.2208186423858731068e-05	3.0786175557558666786e-06	-1.5945316313720822311e-05	4.5641224822507777423e-05	1.582806990894702415e-05	1.1544815834084500045e-06
-3	0	9	0	0	0	0	0	0
-3	0	10	0	0	0	0	0	0
-3	0	11	0	0	0	0	0	0
-3	0	12	0	0	0	0	0	0
-3	1	-12	0	0	0	0	0	0
-3	1	-11	0	0	0	0	0	0
-3	1	-10	0	0	0	0	0	0
-3	1	-9	0	0	0	0	0	0
-3	1	-8	4.2923280535946288619e-07	-4.5040257211078549217e-05	-1.1014497563034602047e-05	3.9738763762435828312e-05	-1.5377744973891238051e-06	2.1857441924458935342e-05
-3	1	-7	1.2044127111856197209e-05	-8.486822069277976001e-06	4.5537389430032127532e-05	-4.0420042537436845942e-05	1.3435725849233618485e-06	-2.13708233280041703e-06
-3	1	-6	-5.173023065551930294e-05	-1.9348734702910080809e-05	-4.8067560800821808775e-05	-9.6517296181236574205e-06	1.7853855194289350007e-05	8.0657457484344305523e-06
-3	1	-5	-2.9784472232139786791e-05	-3.4376475019782424213e-05	3.6780098227481050383e-05	1.0298648100537782441e-05	2.5226702984780080118e-05	2.2685614631977011355e-05
-3	1	-4	-0.00015484482455549588653	-3.758177937110961509e-06	6.5717182104828688119e-05	1.1758321189777975444e-05	0.00013256291394282910048	5.7582137502777153102e-06
-3	1	-3	0	0	0	0	0	0
-3	1	-2	0	0	0	0	0	0
-3	1	-1	0	0	0	0	0	0
-3	1	0	0	0	0	0	0	0
-3	1	1	0	0	0	0	0	0
-3	1	2	0	0	0	0	0	0
-3	1	3	0	0	0	0	0	0
-3	1	4	1.9466578128634049437e-05	2.6158698675396094957e-05	6.4802934761500023274e-05	-5.5995921992581916359e-06	-1.6008000938994706469e-06	2.1018922056361619551e-05
-3	1	5	-7.5044099278669685054e-05	7.5828117925565816809e-05	7.5092150083596841668e-05	-1.190221512349340099e-05	-6.004488958392117801e-05	4.7877313780038176043e-05
-3	1	6	1.7707771809917126419e-05	-4.6617659349333274315e-05	-8.2441399814720578741e-06	4.0265876177786406181e-05	1.0227909235203905906e-05	-3.0019809037631039317e-05
-3	1	7	2.3321505522114426262e-05	1.8706632371571035281e-05	-5.2602246513699597508e-08	-3.7132599522946142356e-05	1.0002445544693853158e-05	1.3321785233951320687e-05
-3	1	8	1.8222625224530960745e-05	-4.6333991902334125052e-05	-5.9014276401524636475e-06	-9.4693648306890318552e-05	7.5711629142181681294e-06	-5.5385409250140070755e-06
-3	1	9	0	0	0	0	0	0
-3	1	10	0	0	0	0	0	0
-3	1	11	0	0	0	0	0	0
-3	1	12	0	0	0	0	0	0
-3	2	-12	0	0	0	0	0	0
-3	2	-11	0	0	0	0	0	0
-3	2	-10	0	0	0	0	0	0
-3	2	-9	0	0	0	0	0	0
-3	2	-8	-8.2101351887962869099e-06	-3.0988651350107119381e-05	-1.4835083622076092089e-05	-7.0645626932801109245e-05	-6.2997020972041532509e-07	-6.0406624769101092373e-06
-3	2	-7	-2.3273593680127399873e-05	8.6671415699381287065e-06	-6.8540254329464665186e-05	4.1766425824849000715e-05	-9.6085325169353041512e-06	8.2187752771262307587e-06
-3	2	-6	-3.1566080921971823535e-05	-8.514539305663774624e-05	6.0747986813268247322e-06	-1.1976356337056280808e-05	1.7807973354761520859e-05	3.8580577749300115674e-05
-3	2	-5	-5.3505752505718175735e-05	3.7387530776039893299e-05	-1.8566377399510912156e-05	1.3061237295303812785e-05	2.4676900543626539223e-05	-1.7208023547502410188e-05
-3	2	-4	-7.9688650784858863535e-05	4.5541917323252009643e-05	0.00012958599108185800712	4.0578181151073569512e-05	0.0001245594836295731546	-1.3867347416902219088e-05
-3	2	-3	0	0	0	0	0	0
-3	2	-2	0	0	0	0	0	0
-3	2	-1	0	0	0	0	0	0
-3	2	0	0	0	0	0	0	0
-3	2	1	0	0	0	0	0	0
-3	2	2	0	0	0	0	0	0
-3	2	3	0	0	0	0	0	0
-3	2	4	-6.4019937643610783117e-05	6.4188294923269538094e-05	-7.2524923379821212171e-05	7.5156156006504410186e-05	-1.1752491542797482947e-05	1.0563143189199941701e-05
-3	2	5	-4.0208567477337112724e-05	-0.00012758896688251818098	-5.1069553823815097744e-05	-2.652279115247751617e-05	-3.6973189568762283676e-06	-6.5944263668519896701e-05
-3	2	6	-1.0552899429254946487e-05	-2.9798205979499937674e-05	-6.7671299999450367489e-05	-4.6766652803493030601e-05	1.7280650285189313943e-05	6.8978127808104284546e-07
-3	2	7	1.2883575986524043732e-05	-2.579666785770893316e-05	-2.0948387798673652965e-05	3.0377911056204772344e-05	1.1506786222417061963e-05	-1.973511795507662108e-05
-3	2	8	-3.2565760751091944167e-06	-3.6838726546908629736e-05	-1.0236683152666236778e-05	1.8136699463147484308e-05	1.3379547600006114999e-06	-1.8348697320877606381e-05
-3	2	9	0	0	0	0	0	0
-3	2	10	0	0	0	0	0	0
-3	2	11	0	0	0	0	0	0
-3	2	12	0	0	0	0	0	0
-3	3	-12	0	0	0	0	0	0
-3	3	-11	0	0	0	0	0	0
-3	3	-10	0	0	0	0	0	0
-3	3	-9	0	0	0	0	0	0
-3	3	-8	2.1702979677275518067e-05	2.6783884372345660561e-05	-1.2446696617392555401e-05	-2.842093537890989579e-05	-1.2806128610500527339e-05	-2.0701807406720834902e-05
-3	3	-7	-2.5266261026281457719e-06	3.3126329836786476203e-06	-3.2889471653858516522e-05	-2.0272814370363589247e-05	-1.3012648093384443276e-05	-1.0108048866018101575e-05
-3	3	-6	4.2936208868357088992e-05	2.9687928438153955864e-05	-3.9022577916085700756e-05	3.7183269759988570795e-05	-4.0979393392221394874e-05	3.7476706609173074652e-06
-3	3	-5	4.6060492240151271128e-05	5.0988200488303354744e-06	4.7915816862709097808e-05	6.7740975420924585699e-05	1.1131947735346963047e-06	3.7585293223256554878e-05
-3	3	-4	0.00017235389416546964829	-2.5273310531697534283e-05	8.620160096182600813e-05	-1.5762641119429435802e-05	-6.4614219902732743673e-05	7.1330020592010747081e-06
-3	3	-3	0	0	0	0	0	0
-3	3	-2	0	0	0	0	0	0
-3	3	-1	0	0	0	0	0	0
-3	3	0	0	0	0	0	0	0
-3	3	1	0	0	0	0	0	0
-3	3	2	0	0	0	0	0	0
-3	3	3	0	0	0	0	0	0
-3	3	4	-1.660360705378534249e-05	6.0028392423908291632e-05	-6.1824770840606754914e-05	5.8640621576498985518e-05	3.3915872840116057625e-05	1.0408281355569797968e-06
-3	3	5	3.4512714691192590685e-05	-7.1946551336615866229e-05	6.0401277580864320147e-05	5.9754561977092944135e-05	-1.553313773380303971e-05	-7.9020667988225279442e-05
-3	3	6	9.9238102143622604904e-06	2.3165656048859357903e-05	2.1502157355619066028e-05	1.1754282113570112541e-05	-5.7891735706284027689e-06	5.7056869676446226813e-06
-3	3	7	-2.6877280750725361734e-05	4.4581355249512511212e-05	2.9416300905805729186e-05	7.3156465444547458986e-06	-2.4125820709941894656e-05	1.5971018016453326297e-05
-3	3	8	5.7593616623503323215e-06	-6.0440265848506785181e-06	-2.3320511528133975259e-05	1.0145848389425318539e-05	1.0904952446431615237e-05	-6.0712031153534981552e-06
-3	3	9	0	0	0	0	0	0
-3	3	10	0	0	0	0	0	0
-3	3	11	0	0	0	0	0	0
-3	3	12	0	0	0	0	0	0
-3	4	-12	0	0	0	0	0	0
-3	4	-11	0	0	0	0	0	0
-3	4	-10	0	0	0	0	0	0
-3	4	-9	0	0	0	0	0	0
-3	4	-8	-2.2829586105028826882e-05	4.8243489740527783133e-06	-8.7191995519705549702e-06	1.2331991343136731749e-05	4.2014950134005321723e-06	4.3568648062985733716e-06
-3	4	-7	-1.7673431977576097083e-05	-1.6774400505567772427e-05	1.0387238456877223743e-05	-1.7432130825510349043e-05	1.3509892822891026603e-05	-2.7721888264768691994e-06
-3	4	-6	2.2638775589736978225e-05	-1.6837208865473241324e-05	-3.3907701492113116707e-06	-3.4336810066917364986e-05	-1.3579901227676030226e-05	-1.4472602278541622662e-05
-3	4	-5	2.2873495970055074118e-05	-7.0896907785873971371e-05	-3.6665767873341004808e-05	-5.5629687680815626365e-06	-4.3056711880705848317e-05	3.808776965705913068e-05
-3	4	-4	5.7663305058051248203e-05	8.0977338619981803659e-06	9.4208933178245671822e-06	-1.2720485235190126207e-05	-3.3826585475713867276e-05	-1.8793785631688761058e-05
-3	4	-3	-1.5054431885071398693e-05	4.8207075113080734394e-05	3.6231890528660415352e-05	5.1040321331409220528e-05	6.3363619256618622551e-05	1.9846686662131559644e-05
-3	4	-2	0.00014119307877303902371	-2.4601203175192775605e-05	0.00011798529151447715191	4.772807014140386918e-06	2.4180964869395758099e-05	4.644741879106993555e-05
-3	4	-1	4.1978244320983803888e-05	3.5183663114215168143e-05	-3.3499998336624079653e-06	2.3110944006038070588e-05	-0.00013933473229760104861	-1.3107213318493208523e-05
-3	4	0	5.4955107790757695273e-05	1.5152559206412511e-05	4.1216330843068273149e-05	1.1364419404809382826e-05	1.8822592076837187515e-05	7.2811764480039810159e-05
-3	4	1	2.1448224251328120967e-05	-3.7665802998185820747e-05	1.6938667064214456124e-05	-1.9154626941158161126e-05	-3.4099955028734548206e-06	-3.6378901229924810962e-05
-3	4	2	0.00016079461444603568342	0.00011104172056122728579	3.2935541097767445217e-05	7.792481336433377875e-05	0.0001753208394735186618	1.0712954113173366101e-05
-3	4	3	8.9540985082449666365e-05	4.7091991215156740822e-05	6.6058405689548940786e-05	2.3138066995246994213e-05	1.4631108297177452459e-06	1.6241235221494079613e-05
-3	4	4	9.015901508799955015e-05	-1.5949920434726547349e-05	-2.8084150111585373834e-05	-1.3131089273741876661e-06	9.5703411427585036446e-05	-1.0649331398670721787e-05
-3	4	5	3.630124820069264782e-05	8.3319406978867957439e-05	4.7422701411181829301e-05	2.0888340021094776837e-05	-1.6157412208529877459e-05	3.3280972170444955704e-05
-3	4	6	2.4340985070649685091e-05	-2.6628124741928517434e-05	-1.2144297763158342181e-05	-2.2352323172279134675e-05	2.0266691044097069537e-05	1.5874864105551645412e-06
-3	4	7	-1.5715501531188247434e-05	-3.0751953691787809589e-06	2.7668386390772293349e-05	-2.645028150176390467e-05	-2.2545721450950556965e-05	1.3796505699931324994e-05
-3	4	8	-3.7443885732385392615e-05	-1.762851939171254572e-05	-7.8938734920084016258e-06	8.1879761651222929627e-06	-1.0094520403640321418e-05	-1.0704682854453352397e-05
-3	4	9	0	0	0	0	0	0
-3	4	10	0	0	0	0	0	0
-3	4	11	0	0	0	0	0	0
-3	4	12	0	0	0	0	0	0
-3	5	-12	0	0	0	0	0	0
-3	5	-11	0	0	0	0	0	0
-3	5	-10	0	0	0	0	0	0
-3	5	-9	0	0	0	0	0	0
-3	5	-8	-1.4856072523535265859e-05	1.9108674260937153774e-05	-9.4070089085743446812e-06	2.5280742288641877471e-05	-3.0835337153324014642e-07	8.6347110825497394836e-06
-3	5	-7	-1.2952683846427559937e-05	4.6910365540859256237e-05	-2.2808093873571612888e-06	4.3318053564523253799e-05	3.9220006574995538222e-06	1.0837024457148359362e-05
-3	5	-6	-8.0715946179084218677e-06	1.5407574006098420595e-05	1.1037616988119343766e-05	2.3000264167245346452e-05	1.3233811465720331021e-05	1.1463099802988578412e-05
-3	5	-5	-7.0782550850906774973e-06	-2.050391759433929046e-05	4.0515603239494202297e-06	-2.9023618071128412998e-05	8.2985133750038262199e-06	-1.67212675145248394e-05
-3	5	-4	6.3305679307101026258e-05	6.4141804427718540372e-06	4.7052180493749750539e-05	-4.6572749218101439073e-05	1.1335966136861420174e-05	-6.3026571854705694875e-05
-3	5	-3	-5.6909134245924970926e-05	6.0008479730499017383e-05	-7.5467289994987090556e-05	5.7469988064076976046e-05	-6.8869682412386846668e-05	3.5774833709629280545e-05
-3	5	-2	5.0116399733474898242e-06	6.6001017041808374293e-05	-1.7566472256651052836e-05	7.8946195196542549746e-05	-5.1433640601648868943e-05	9.8363962428643826478e-05
-3	5	-1	9.7981670782983827932e-05	-1.9210887355602155013e-05	8.5679599833125095879e-05	6.1871668194061877109e-06	0.0001344529868166739956	8.8568496163837401899e-05
-3	5	0	-4.821990285130431863e-05	0.00019755698962642008129	-2.89319417107825905e-05	0.0001185341937758520542	0.00016459623499408683293	-1.4126080478938376838e-05
-3	5	1	-3.0378863605554547189e-05	9.9322136026832750968e-05	-3.1806867220542075277e-05	5.428863923874087177e-05	6.7897745286046748371e-05	2.6523211886793866951e-05
-3	5	2	-1.0934931885812890426e-07	-3.5760291661791516484e-05	-3.2628094183295372217e-05	-2.5871463302470691593e-05	8.1406211479951239799e-05	1.1038220763489450869e-05
-3	5	3	-5.2009197808171043608e-05	-8.3393601295338911348e-05	-2.9299209436433069014e-05	-2.7773505906004297174e-05	-3.177182080782594969e-06	-3.7104424785331742616e-05
-3	5	4	8.560088738815099823e-06	-2.5509073931532778474e-06	-3.7557794683699909341e-06	-1.8983429106966042484e-05	1.1114790889573813323e-05	2.1816105838842595778e-05
-3	5	5	1.7755412239855731453e-05	-2.3097274182888831976e-05	-1.6104681803197497909e-05	-2.3363012705425754761e-05	2.6757929147110936781e-05	9.5046481956924545588e-06
-3	5	6	7.0022487919461738745e-05	5.2128958182499826794e-06	-9.8547707971699464862e-07	1.5060450120804612224e-05	3.5832474859495026321e-05	-9.9439271915455187056e-06
-3	5	7	4.8209251834782198271e-06	1.0337282483122590435e-06	-1.9390157854880871999e-05	4.8998764656450731356e-06	1.5916223546405573606e-05	-3.0568853690412272984e-06
-3	5	8	4.743653912811868903e-06	2.7060209367893209276e-05	1.8857053595015787594e-05	8.2915671002798190615e-06	-1.000678827958041662e-05	4.9653490752850672004e-06
-3	5	9	0	0	0	0	0	0
-3	5	10	0	0	0	0	0	0
-3	5	11	0	0	0	0	0	0
-3	5	12	0	0	0	0	0	0
-3	6	-12	0	0	0	0	0	0
-3	6	-11	0	0	0	0	0	0
-3	6	-10	0	0	0	0	0	0
-3	6	-9	0	0	0	0	0	0
-3	6	-8	4.4498858910668699841e-06	-1.4428427844815695688e-05	-1.1056594203251891913e-05	-2.6078329984956189418e-05	-9.9611528615889958138e-06	-1.4148087046911256604e-05
-3	6	-7	1.6548761927166512613e-05	-1.2391506275781401304e-05	-1.9849508248787402383e-05	-9.8673080539941285266e-06	-2.4106190753460566043e-05	-3.1470470709457944136e-06
-3	6	-6	3.8597043748080639888e-06	-6.1944222210639268136e-06	4.5849405014506928812e-06	-1.30329453191575252e-05	2.6550883140466608868e-06	-9.9357342086255617933e-06
-3	6	-5	-5.4667553385889978848e-05	3.1639388073143471375e-05	9.4900619503077484886e-06	1.5695432081112579482e-05	4.4188606371903288883e-05	-1.4911434655098474677e-07
-3	6	-4	-2.3945810302181935714e-05	-6.5460478666419381053e-05	3.7188408896248915524e-05	-5.982996560232642884e-05	7.3741971071009828459e-05	-4.064958940367510747e-05
-3	6	-3	-4.1435503935405691863e-05	7.1429022777499365671e-05	-8.4002465626736382936e-06	9.4307265461797472154e-05	2.4635010810058418664e-05	0.00011718550814609559219
-3	6	-2	6.0303091490726624447e-05	6.5885860827542830354e-05	3.4602709772372648961e-05	3.1800216748089820469e-05	1.3353492081028000047e-05	-3.4281409970447820043e-06
-3	6	-1	4.7173978303476745615e-05	-0.00012971606169919324271	1.6633064625890747409e-05	-6.3676925316399394746e-05	-4.1723547155085772718e-05	7.0866331991833571034e-06
-3	6	0	1.6584777611433969925e-05	1.941223519382816477e-05	8.2923888057169849625e-06	9.7061175969140823849e-06	4.8307866227757461741e-05	-0.00011490390829038297713
-3	6	1	1.77246004287954469e-05	-8.5560169623930096327e-05	7.829083520327519339e-06	-4.6536654649107922629e-05	6.1993001644212204291e-06	2.2539419022857223076e-05
-3	6	2	4.2335049662266946162e-06	4.8466480865169934706e-05	1.2686953785593966818e-05	2.5682244815822459651e-05	-3.1710603907441855566e-05	-4.3470131497124718116e-06
-3	6	3	7.5516286946485726497e-07	3.2168840214392508065e-05	-3.2645509771451077455e-06	2.4851427903019288512e-05	7.2842648237550729678e-06	-1.753401559164606896e-05
-3	6	4	6.1878463084203612376e-05	-1.4058181917389970451e-05	4.9319308717919514327e-05	-2.8430309029655784735e-05	-2.7570115763726562208e-05	3.2101827106441201381e-05
-3	6	5	9.6841359097143544306e-06	-2.4126126553763070165e-05	1.5816220442577582142e-05	-9.0608643994822032203e-06	-1.3168982985264486929e-05	-3.6026386528791969642e-06
-3	6	6	3.5915891860141230044e-06	1.7857913175388884458e-05	2.9940554000372545529e-05	7.6270875885477387615e-05	-2.8144759407365486356e-05	-6.7341919297782948774e-05
-3	6	7	-8.6703006945903328347e-06	-1.0630358825989830776e-05	-2.6651020526470052893e-05	8.8607218729867792657e-06	1.9127888725007043857e-05	-1.215077253084145256e-05
-3	6	8	-1.8294486054723374128e-05	1.9227479791104864578e-06	-3.3685169860963517922e-05	-6.2631349290127539674e-06	1.8403445125201373567e-05	5.4183816889259977384e-06
-3	6	9	0	0	0	0	0	0
-3	6	10	0	0	0	0	0	0
-3	6	11	0	0	0	0	0	0
-3	6	12	0	0	0	0	0	0
-3	7	-12	0	0	0	0	0	0
-3	7	-11	0	0	0	0	0	0
-3	7	-10	0	0	0	0	0	0
-3	7	-9	0	0	0	0	0	0
-3	7	-8	1.7585179924369411626e-05	1.3078741714004684245e-05	3.9342473717107389472e-06	1.3310527557229466931e-05	-3.1519760213916330984e-06	6.7421834698240271848e-06
-3	7	-7	1.0727172538444675024e-05	-1.8563681389956954919e-05	-2.5015877653156962614e-06	-2.8849747505985825173e-05	-7.0989474246491279306e-06	-2.0893884053147132628e-05
-3	7	-6	-2.5771903861948016249e-05	4.2802811763565927245e-05	-6.3520132787035002623e-06	1.0269455478025277327e-05	5.4752697724865907281e-06	-9.4203744907534739725e-06
-3	7	-5	2.7777070428209927239e-05	1.2605964547398407371e-05	9.3408965194283669851e-06	2.0622489102365816567e-05	-3.5889871297262427335e-06	2.1307906014873098432e-05
-3	7	-4	-1.3268757782071923554e-05	-1.094802088797396687e-05	-1.4568174129076909092e-05	-1.6604145744790766988e-05	-1.5542736389330648669e-05	-2.0846239387403366652e-05
-3	7	-3	1.9945373346340950404e-05	6.7538252319092705717e-05	-3.529684878747149815e-06	4.7495627976432571685e-05	-2.8181304730084299126e-05	4.3284879625916641767e-05
-3	7	-2	-2.6228354411335237222e-05	-4.0356459733194009645e-05	7.8747996844054353818e-06	-2.0778470439932089674e-05	6.6904330512421883058e-05	-1.2189956939971307863e-05
-3	7	-1	5.2250644671159523309e-05	2.6003407034809203428e-05	2.3678077375065460525e-05	2.9632498394818371405e-06	8.9946076119796520572e-06	-5.7267472228054747759e-05
-3	7	0	5.8215106017105661747e-05	2.8712118132356264655e-06	2.4949331150188140265e-05	1.2305193485295541995e-06	8.2806892122320047969e-05	4.626146343953595674e-05
-3	7	1	1.7801506074224516624e-05	-1.080220616993136305e-05	3.4061562419863830736e-06	-8.5071689584246081885e-06	2.9561424528768869203e-05	2.714356419917816817e-05
-3	7	2	-6.6481466252998352336e-06	3.5235058897813876122e-05	-6.4641120465613087709e-06	1.5122537668064623854e-05	1.2652172225014828271e-05	-7.629349150537031113e-08
-3	7	3	9.753428187572443866e-07	-8.3762272242032196614e-05	1.9087294390381618372e-05	-2.4067628131007634572e-05	-4.3561677425466530263e-05	-2.7604473269681049279e-05
-3	7	4	-2.3013181043770484998e-05	-3.420660408943752758e-05	-1.3861974751995350115e-05	-2.3680195920612836282e-05	6.9985700331640010713e-06	1.5785389793994315268e-05
-3	7	5	7.0660575875836035631e-06	1.2678055037148152899e-05	-2.3152203882508069332e-05	2.0967695782225472716e-06	3.6652719988061460558e-05	4.6713556127773248815e-06
-3	7	6	1.7049446204455266738e-06	-1.0434811354824395912e-05	1.2682621870713757661e-05	4.0833376013372409412e-06	-1.3943919872276620318e-05	-9.9812995456389779246e-06
-3	7	7	-1.7434321848482089377e-05	7.4314282378358990737e-06	-6.0593976194576670431e-06	1.3956142954127827277e-05	-1.4124546013203711402e-06	-1.0771245137912441718e-05
-3	7	8	-3.256445490857827871e-06	-3.4046455406037578896e-06	-1.3485835304567961711e-05	-9.2360187940812706417e-06	1.0578938832425281575e-05	6.8047743670947020205e-06
-3	7	9	0	0	0	0	0	0
-3	7	10	0	0	0	0	0	0
-3	7	11	0	0	0	0	0	0
-3	7	12	0	0	0	0	0	0
-3	8	-12	0	0	0	0	0	0
-3	8	-11	0	0	0	0	0	0
-3	8	-10	0	0	0	0	0	0
-3	8	-9	0	0	0	0	0	0
-3	8	-8	2.2269777411897647202e-07	5.1703290825666494852e-06	2.7746160681842314534e-05	1.0394604068427166666e-05	2.7662649016547699121e-05	8.4557306624646727918e-06
-3	8	-7	1.5784376724157518347e-05	1.6096351361358010986e-05	-1.7521551584014733935e-05	-3.8832543273050612129e-06	-2.6789363263512919042e-05	-1.133644124321636038e-05
-3	8	-6	1.3110774733388651369e-05	3.1221069430791095134e-06	1.3329052322413128089e-05	1.0784925168212765035e-05	1.1216682396523178152e-05	1.2818846752744132169e-05
-3	8	-5	-5.1281062616033166513e-05	4.0729626452226765424e-05	4.8032343524337699285e-06	-8.9472185699486603706e-06	3.8453812533513934504e-05	-3.8753325583253913137e-05
-3	8	-4	3.1108198211624137205e-05	-3.2483305100287408231e-05	2.0546028749967680386e-05	-3.197298840067282683e-06	1.7760908841217259562e-05	1.7967881145080991654e-05
-3	8	-3	3.8121101626739240953e-06	1.7396446780362652786e-05	-3.0815216054043053165e-06	7.5844317979845942817e-06	-1.2029501110418737284e-05	2.8287046809295976435e-06
-3	8	-2	-4.1827846447273076664e-05	-2.9762932192171521616e-05	-1.0872447358048412515e-05	-2.112284711714525529e-05	1.9251980238715968324e-05	-3.9846990180323738735e-05
-3	8	-1	1.672256144412982484e-05	4.0438882585536184422e-05	4.6426618802180434663e-06	1.5319813932785936866e-05	-1.302638929064513187e-05	1.2418637056789406063e-06
-3	8	0	5.0062380337591983305e-05	5.1783454400178272045e-06	1.877339262659699374e-05	1.9418795400066850958e-06	-2.0607462283486438454e-05	-3.6861460512250476221e-05
-3	8	1	-4.0073538050951477052e-05	-7.3234679259187087315e-06	-2.01110612062873065e-05	-5.4416830938639646102e-06	4.0667875497444014071e-05	2.1563060973155591534e-05
-3	8	2	3.7603922808395682771e-05	-7.801273492880271516e-06	1.8655350117856703875e-05	-2.174702481010529838e-05	-1.8215516258833287956e-05	7.5286189001100791329e-05
-3	8	3	-2.0086945138824694102e-05	-1.7026792128505895092e-05	-2.3671829896714873903e-05	1.2796970537743327525e-06	4.3037934585748304102e-05	-2.0439317605237450792e-05
-3	8	4	2.5040097664773001604e-05	1.0038326384009648641e-05	2.1830297850859135833e-05	1.9944888875161523911e-06	-2.4880522453138520462e-05	3.5397670129749316986e-06
-3	8	5	7.1905106013418335268e-06	2.7012817661009413461e-06	-2.9306576535747617324e-08	1.6851348737526081998e-05	4.3611968832622961185e-06	-2.5341388920381167151e-05
-3	8	6	-5.0702397163657113849e-06	3.2295563279558280155e-06	5.1445001491683571687e-06	-1.7811842375408227059e-05	-9.3944533904073323409e-06	2.5363901331188885185e-05
-3	8	7	9.0135108691065716856e-06	-6.6553788819036543403e-06	-2.2566150880559142274e-05	3.9232737632951274513e-06	2.9652819950256123103e-05	-7.3360466788674259691e-06
-3	8	8	6.9822817618063815669e-06	-1.0062123156621517533e-05	-3.0670926189150602192e-06	-5.1028996179114361187e-07	5.685448279592453095e-06	-3.2630062219419251453e-06
-3	8	9	0	0	0	0	0	0
-3	8	10	0	0	0	0	0	0
-3	8	11	0	0	0	0	0	0
-3	8	12	0	0	0	0	0	0
-3	9	-12	0	0	0	0	0	0
-3	9	-11	0	0	0	0	0	0
-3	9	-10	0	0	0	0	0	0
-3	9	-9	0	0	0	0	0	0
-3	9	-8	0	0	0	0	0	0
-3	9	-7	0	0	0	0	0	0
-3	9	-6	0	0	0	0	0	0
-3	9	-5	0	0	0	0	0	0
-3	9	-4	0	0	0	0	0	0
-3	9	-3	0	0	0	0	0	0
-3	9	-2	0	0	0	0	0	0
-3	9	-1	0	0	0	0	0	0
-3	9	0	0	0	0	0	0	0
-3	9	1	0	0	0	0	0	0
-3	9	2	0	0	0	0	0	0
-3	9	3	0	0	0	0	0	0
-3	9	4	0	0	0	0	0	0
-3	9	5	0	0	0	0	0	0
-3	9	6	0	0	0	0	0	0
-3	9	7	0	0	0	0	0	0
-3	9	8	0	0	0	0	0	0
-3	9	9	0	0	0	0	0	0
-3	9	10	0	0	0	0	0	0
-3	9	11	0	0	0	0	0	0
-3	9	12	0	0	0	0	0	0
-3	10	-12	0	0	0	0	0	0
-3	10	-11	0	0	0	0	0	0
-3	10	-10	0	0	0	0	0	0
-3	10	-9	0	0	0	0	0	0
-3	10	-8	0	0	0	0	0	0
-3	10	-7	0	0	0	0	0	0
-3	10	-6	0	0	0	0	0	0
-3	10	-5	0	0	0	0	0	0
-3	10	-4	0	0	0	0	0	0
-3	10	-3	0	0	0	0	0	0
-3	10	-2	0	0	0	0	0	0
-3	10	-1	0	0	0	0	0	0
-3	10	0	0	0	0	0	0	0
-3	10	1	0	0	0	0	0	0
-3	10	2	0	0	0	0	0	0
-3	10	3	0	0	0	0	0	0
-3	10	4	0	0	0	0	0	0
-3	10	5	0	0	0	0	0	0
-3	10	6	0	0	0	0	0	0
-3	10	7	0	0	0	0	0	0
-3	10	8	0	0	0	0	0	0
-3	10	9	0	0	0	0	0	0
-3	10	10	0	0	0	0	0	0
-3	10	11	0	0	0	0	0	0
-3	10	12	0	0	0	0	0	0
-3	11	-12	0	0	0	0	0	0
-3	11	-11	0	0	0	0	0	0
-3	11	-10	0	0	0	0	0	0
-3	11	-9	0	0	0	0	0	0
-3	11	-8	0	0	0	0	0	0
-3	11	-7	0	0	0	0	0	0
-3	11	-6	0	0	0	0	0	0
-3	11	-5	0	0	0	0	0	0
-3	11	-4	0	0	0	0	0	0
-3	11	-3	0	0	0	0	0	0
-3	11	-2	0	0	0	0	0	0
-3	11	-1	0	0	0	0	0	0
-3	11	0	0	0	0	0	0	0
-3	11	1	0	0	0	0	0	0
-3	11	2	0	0	0	0	0	0
-3	11	3	0	0	0	0	0	0
-3	11	4	0	0	0	0	0	0
-3	11	5	0	0	0	0	0	0
-3	11	6	0	0	0	0	0	0
-3	11	7	0	0	0	0	0	0
-3	11	8	0	0	0	0	0	0
-3	11	9	0	0	0	0	0	0
-3	11	10	0	0	0	0	0	0
-3	11	11	0	0	0	0	0	0
-3	11	12	0	0	0	0	0	0
-3	12	-12	0	0	0	0	0	0
-3	12	-11	0	0	0	0	0	0
-3	12	-10	0	0	0	0	0	0
-3	12	-9	0	0	0	0	0	0
-3	12	-8	0	0	0	0	0	0
-3	12	-7	0	0	0	0	0	0
-3	12	-6	0	0	0	0	0	0
-3	12	-5	0	0	0	0	0	0
-3	12	-4	0	0	0	0	0	0
-3	12	-3	0	0	0	0	0	0
-3	12	-2	0	0	0	0	0	0
-3	12	-1	0	0	0	0	0	0
-3	12	0	0	0	0	0	0	0
-3	12	1	0	0	0	0	0	0
-3	12	2	0	0	0	0	0	0
-3	12	3	0	0	0	0	0	0
-3	12	4	0	0	0	0	0	0
-3	12	5	0	0	0	0	0	0
-3	12	6	0	0	0	0	0	0
-3	12	7	0	0	0	0	0	0
-3	12	8	0	0	0	0	0	0
-3	12	9	0	0	0	0	0	0
-3	12	10	0	0	0	0	0	0
-3	12	11	0	0	0	0	0	0
-3	12	12	0	0	0	0	0	0
-2	-12	-12	0	0	0	0	0	0
-2	-12	-11	0	0	0	0	0	0
-2	-12	-10	0	0	0	0	0	0
-2	-12	-9	0	0	0	0	0	0
-2	-12	-8	0	0	0	0	0	0
-2	-12	-7	0	0	0	0	0	0
-2	-12	-6	0	0	0	0	0	0
-2	-12	-5	0	0	0	0	0	0
-2	-12	-4	0	0	0	0	0	0
-2	-12	-3	0	0	0	0	0	0
-2	-12	-2	0	0	0	0	0	0
-2	-12	-1	0	0	0	0	0	0
-2	-12	0	0	0	0	0	0	0
-2	-12	1	0	0	0	0	0	0
-2	-12	2	0	0	0	0	0	0
-2	-12	3	0	0	0	0	0	0
-2	-12	4	0	0	0	0	0	0
-2	-12	5	0	0	0	0	0	0
-2	-12	6	0	0	0	0	0	0
-2	-12	7	0	0	0	0	0	0
-2	-12	8	0	0	0	0	0	0
-2	-12	9	0	0	0	0	0	0
-2	-12	10	0	0	0	0	0	0
-2	-12	11	0	0	0	0	0	0
-2	-12	12	0	0	0	0	0	0
-2	-11	-12	0	0	0	0	0	0
-2	-11	-11	0	0	0	0	0	0
-2	-11	-10	0	0	0	0	0	0
-2	-11	-9	0	0	0	0	0	0
-2	-11	-8	0	0	0	0	0	0
-2	-11	-7	0	0	0	0	0	0
-2	-11	-6	0	0	0	0	0	0
-2	-11	-5	0	0	0	0	0	0
-2	-11	-4	0	0	0	0	0	0
-2	-11	-3	0	0	0	0	0	0
-2	-11	-2	0	0	0	0	0	0
-2	-11	-1	0	0	0	0	0	0
-2	-11	0	0	0	0	0	0	0
-2	-11	1	0	0	0	0	0	0
-2	-11	2	0	0	0	0	0	0
-2	-11	3	0	0	0	0	0	0
-2	-11	4	0	0	0	0	0	0
-2	-11	5	0	0	0	0	0	0
-2	-11	6	0	0	0	0	0	0
-2	-11	7	0	0	0	0	0	0
-2	-11	8	0	0	0	0	0	0
-2	-11	9	0	0	0	0	0	0
-2	-11	10	0	0	0	0	0	0
-2	-11	11	0	0	0	0	0	0
-2	-11	12	0	0	0	0	0	0
-2	-10	-12	0	0	0	0	0	0
-2	-10	-11	0	0	0	0	0	0
-2	-10	-10	0	0	0	0	0	0
-2	-10	-9	0	0	0	0	0	0
-2	-10	-8	0	0	0	0	0	0
-2	-10	-7	0	0	0	0	0	0
-2	-10	-6	0	0	0	0	0	0
-2	-10	-5	0	0	0	0	0	0
-2	-10	-4	0	0	0	0	0	0
-2	-10	-3	0	0	0	0	0	0
-2	-10	-2	0	0	0	0	0	0
-2	-10	-1	0	0	0	0	0	0
-2	-10	0	0	0	0	0	0	0
-2	-10	1	0	0	0	0	0	0
-2	-10	2	0	0	0	0	0	0
-2	-10	3	0	0	0	0	0	0
-2	-10	4	0	0	0	0	0	0
-2	-10	5	0	0	0	0	0	0
-2	-10	6	0	0	0	0	0	0
-2	-10	7	0	0	0	0	0	0
-2	-10	8	0	0	0	0	0	0
-2	-10	9	0	0	0	0	0	0
-2	-10	10	0	0	0	0	0	0
-2	-10	11	0	0	0	0	0	0
-2	-10	12	0	0	0	0	0	0
-2	-9	-12	0	0	0	0	0	0
-2	-9	-11	0	0	0	0	0	0
-2	-9	-10	0	0	0	0	0	0
-2	-9	-9	0	0	0	0	0	0
-2	-9	-8	0	0	0	0	0	0
-2	-9	-7	0	0	0	0	0	0
-2	-9	-6	0	0	0	0	0	0
-2	-9	-5	0	0	0	0	0	0
-2	-9	-4	0	0	0	0	0	0
-2	-9	-3	0	0	0	0	0	0
-2	-9	-2	0	0	0	0	0	0
-2	-9	-1	0	0	0	0	0	0
-2	-9	0	0	0	0	0	0	0
-2	-9	1	0	0	0	0	0	0
-2	-9	2	0	0	0	0	0	0
-2	-9	3	0	0	0	0	0	0
-2	-9	4	0	0	0	0	0	0
-2	-9	5	0	0	0	0	0	0
-2	-9	6	0	0	0	0	0	0
-2	-9	7	0	0	0	0	0	0
-2	-9	8	0	0	0	0	0	0
-2	-9	9	0	0	0	0	0	0
-2	-9	10	0	0	0	0	0	0
-2	-9	11	0	0	0	0	0	0
-2	-9	12	0	0	0	0	0	0
-2	-8	-12	0	0	0	0	0	0
-2	-8	-11	0	0	0	0	0	0
-2	-8	-10	0	0	0	0	0	0
-2	-8	-9	0	0	0	0	0	0
-2	-8	-8	7.0914192536242173819e-06	1.2080517449037766532e-05	-1.0428622221760354388e-06	9.1989534892493822607e-06	-7.2999259123001890665e-07	-1.2219082851508823894e-05
-2	-8	-7	-4.8993552317206793127e-06	-6.5053729320961001955e-06	1.2523853172121379425e-05	-1.3677877002425955919e-08	-1.2913159273361382638e-05	1.8743098400302298729e-06
-2	-8	-6	1.4895569602948755045e-06	-3.4741060865107140302e-06	1.2815157473852875284e-06	-1.4526441657551805726e-06	-2.2052066499453420845e-06	3.0948942498438121069e-06
-2	-8	-5	1.1717169430083650947e-05	1.3928738678593330545e-05	8.801476576376153862e-06	2.3316405335406845643e-05	-1.8769230294235307235e-05	-4.2877744008088281859e-05
-2	-8	-4	1.3440088837563390759e-05	1.3146191813009529406e-05	-2.6307901312011230631e-07	5.7882685373523485827e-06	-6.1938863925414707669e-06	-1.8149632981209461868e-05
-2	-8	-3	-4.2099130116828381511e-06	-9.030644128953097113e-06	1.1125020486737861609e-05	6.7637705906647482594e-07	-2.6860112623512407781e-05	4.2167572617914649238e-06
-2	-8	-2	-3.9822355701392635576e-05	2.7225059132646473335e-05	9.4654412214090520784e-06	-8.415336494884975108e-06	1.9605908157564230275e-06	6.4362868468934254031e-06
-2	-8	-1	-4.2062745589254051169e-05	1.4701371962409969993e-05	8.4035829097247485386e-06	-4.2871604162577781619e-06	1.6896827900710110641e-05	4.8945394052422844621e-06
-2	-8	0	7.7968189505263030362e-06	2.1065912775059338519e-05	-1.9492047376315757591e-06	-5.2664781937648346297e-06	-4.9682871621629582897e-06	-4.0370467923582281557e-05
-2	-8	1	-1.625026070909562384e-05	-2.1469006979872758812e-05	8.1129674290189908871e-06	8.0999689382496368442e-06	3.2403218013960686193e-05	2.186173754625157713e-05
-2	-8	2	1.7186877396662456307e-05	-2.0815228085991469334e-05	-1.5442198009288554918e-06	-3.3951905782016688395e-06	1.1009998192947035187e-05	-3.4395990398798148081e-05
-2	-8	3	-2.1671097884183164387e-06	-4.3403116194955422297e-05	-8.4669138747105711975e-06	1.2829988367881224942e-05	-2.4023176858173736129e-05	5.2778915177129844162e-06
-2	-8	4	-1.6690890422494361384e-05	-4.3415262768283684539e-05	1.5459079723915456443e-06	4.6699585921755491704e-06	-5.2536292664640894031e-06	-1.2367714199790745623e-05
-2	-8	5	-1.2428515698951575103e-05	-2.2106585839610118051e-05	-1.8050953231841647422e-05	-3.4456482811405687222e-06	-3.3852931450527270661e-05	-1.4355671585668957176e-05
-2	-8	6	-6.9314796463608899344e-06	1.9584884486680121017e-06	7.6764642780270205282e-08	-1.8937636626225381326e-05	-2.2081403584132696515e-06	-2.4597352685411171349e-05
-2	-8	7	1.9832962744960199147e-06	-9.2367969318079383569e-06	2.1557180023259537774e-06	-6.6472087779784437962e-06	3.030333795371381496e-06	-1.0235894869634774572e-05
-2	-8	8	-1.1120133115846456548e-06	-9.3202985829458830525e-06	-2.2521161344534063595e-05	-3.4613953211594072394e-06	-2.279916467243022575e-05	-5.7914699668958780025e-06
-2	-8	9	0	0	0	0	0	0
-2	-8	10	0	0	0	0	0	0
-2	-8	11	0	0	0	0	0	0
-2	-8	12	0	0	0	0	0	0
-2	-7	-12	0	0	0	0	0	0
-2	-7	-11	0	0	0	0	0	0
-2	-7	-10	0	0	0	0	0	0
-2	-7	-9	0	0	0	0	0	0
-2	-7	-8	2.5947940104107125094e-06	5.8816839439325204218e-06	-1.4766747758546277199e-05	-1.5290511432613219602e-06	1.2272205786125314739e-05	-1.3250123562947341676e-07
-2	-7	-7	3.7405010437665480556e-05	-1.7847645601521021559e-05	-1.7706024553542994271e-06	8.0871579537641826319e-06	-8.9165433839786945031e-06	-2.987830639043890153e-06
-2	-7	-6	1.804540153470245449e-05	2.2735988301785005892e-05	-2.0965050453075148736e-05	4.5936563448140636592e-06	1.8444091683686855362e-05	-1.2937928502878077221e-05
-2	-7	-5	-2.16619132950578241e-05	1.0983399182198153564e-05	7.970539691723941536e-06	-2.3514860700000219496e-05	-2.4939902503903887644e-06	2.8527445307121045192e-05
-2	-7	-4	4.280235354762494058e-05	-3.7648240363582894828e-05	-1.7926784308422414775e-05	-2.4594227872375206191e-06	9.9706957659267530245e-06	2.3128110059457108815e-05
-2	-7	-3	2.3743467242249624149e-05	2.8479682773274346688e-05	1.9748549225506662125e-05	1.5527147577249908667e-05	-6.1908926354348620949e-05	-5.5216466195766020274e-05
-2	-7	-2	-1.3766029080533467732e-05	-2.312787722516345445e-05	1.0863970263046955164e-05	-2.6327221642053893374e-07	-2.4257866840130879577e-05	2.4049329982635339077e-05
-2	-7	-1	-5.7058566153125243837e-05	4.8636127159906180446e-05	2.9087964538178610354e-05	-1.4666084373637842096e-05	-8.9498619460999778025e-05	5.3903362956525354739e-06
-2	-7	0	1.1713283189587314062e-05	-5.2514468355731800644e-05	-3.3466523398820896109e-06	1.5004133815923373065e-05	-5.981269585482200179e-05	-1.123796092860912379e-05
-2	-7	1	-6.7274455888771347465e-05	1.5165604730849275165e-05	1.9453541540814549748e-05	-5.5717315742826319477e-06	1.6258790081591535196e-06	-8.6709115582798733038e-06
-2	-7	2	-3.7246780566688140523e-07	-9.598844106157967764e-05	-1.7407849350301432859e-05	3.468948280876336639e-05	-6.1299940531721891913e-05	2.5424748769092101337e-05
-2	-7	3	-9.4911483465075671922e-05	4.1790811503309721484e-06	-5.2495247258377673595e-06	-1.8411671408013859032e-05	-7.552321333700523563e-05	-4.0174512518478352921e-05
-2	-7	4	1.760043145365961477e-05	3.2311080608268150799e-05	2.5426407986981831622e-05	1.1329232673048166665e-06	5.3296429704048011876e-05	1.8138156021917504248e-05
-2	-7	5	-5.7626378843765928511e-05	2.6987327416402320611e-05	1.4312855056956150509e-05	-2.42162446465080587e-05	-3.0125544577677600149e-06	-2.3107811538550350548e-05
-2	-7	6	-2.3867191542856036032e-05	1.7161837547643805701e-05	1.2952872918605744937e-05	1.1190141215792553402e-05	7.1559545574213573646e-06	1.8775777267639247818e-05
-2	-7	7	-3.7829271216140752574e-05	-6.8777983195631498239e-06	7.2749384852639525757e-06	1.1169148274160154363e-05	-3.5334247193476908353e-06	9.204063039999254897e-06
-2	-7	8	2.861307209526892174e-05	-8.3130682664130081319e-06	6.3682041977707594824e-06	-1.4205964331854558321e-05	1.2725446696866644453e-05	-1.4508485856975991622e-05
-2	-7	9	0	0	0	0	0	0
-2	-7	10	0	0	0	0	0	0
-2	-7	11	0	0	0	0	0	0
-2	-7	12	0	0	0	0	0	0
-2	-6	-12	0	0	0	0	0	0
-2	-6	-11	0	0	0	0	0	0
-2	-6	-10	0	0	0	0	0	0
-2	-6	-9	0	0	0	0	0	0
-2	-6	-8	-1.5431698947735726554e-05	-3.177248089639060039e-05	7.3105056414366549706e-06	-8.7199612603950290841e-06	-1.6249544941435602248e-06	1.4483091169393921911e-05
-2	-6	-7	-1.0906534737033891701e-06	-3.0098460829771205716e-05	-2.7449592796821427424e-05	-5.0564843468882976011e-07	2.3839837675476475921e-05	9.0329731810964852828e-06
-2	-6	-6	-2.3471249347418140587e-06	-1.2182126057397745265e-05	-3.4698179903933871332e-05	7.6213437971901620076e-06	3.5480554882181143108e-05	-3.560635111390913586e-06
-2	-6	-5	1.6029931888367262568e-05	-1.1179047064287184483e-05	9.8842365939057461223e-07	1.1506159438925862577e-05	-7.5980811466155949007e-06	-9.33577250099616096e-06
-2	-6	-4	2.0614181138181707101e-05	1.8411425832597568747e-06	-4.9681006059247790263e-06	-8.3289127103823791976e-06	-2.8549396602036845875e-06	1.1572797773943689406e-05
-2	-6	-3	-2.008858217450562124e-06	-0.00013526866625800156182	1.2543128429698692834e-05	4.5442484646241259835e-05	-2.374701804776367702e-05	-7.0585845381481874453e-07
-2	-6	-2	-8.416929504724756587e-05	6.2217048625110276533e-05	-6.7625782510877268233e-07	-1.9097946249048016696e-05	8.6198068522573889952e-05	-4.923209877966217975e-06
-2	-6	-1	-4.5501695543747994156e-05	-5.5797489915748195834e-05	1.558104111671070559e-05	1.265225371701931119e-05	-2.4828556127682570868e-06	3.5681457529380531302e-05
-2	-6	0	5.5818486507021273656e-06	-5.923148291551169289e-05	-1.8606162169007091924e-06	1.974382763850389763e-05	1.0187877396034718253e-05	-3.780418940280858694e-06
-2	-6	1	-3.9903778013678039324e-05	-8.8449508937434519064e-07	1.8738740349362916756e-05	1.8627496241025672063e-06	3.2624886068821435444e-05	9.4075075658667132799e-06
-2	-6	2	-1.3891409172241608863e-05	-6.4593001663364822532e-05	-1.3626377647233269919e-05	2.8480681168447261552e-05	-5.4770542113941416925e-05	2.0849041841976965512e-05
-2	-6	3	6.2046327769309130893e-06	-7.5615333818945603566e-05	-2.9638565453268225067e-06	7.2313252090061021747e-05	-1.7912912393663699029e-06	9.4216281634158316818e-05
-2	-6	4	2.6004580567514775312e-05	-7.378277595805201e-05	-1.642657335869179437e-05	1.467075851303265181e-06	-1.1637569754280303899e-05	-3.4690774202071106064e-05
-2	-6	5	-4.5001529722925346451e-05	-3.7955751934502332426e-05	3.5927324703116367331e-05	-5.7360266610485024865e-08	2.5112177754569499507e-05	-1.5251133093733515344e-05
-2	-6	6	5.1834424756431245695e-05	1.3309173539883100698e-05	-1.6000674865661029755e-06	1.8395203379904120585e-05	1.567807409891097857e-05	2.2831594559865153022e-05
-2	-6	7	3.6760992543885821775e-06	-1.481438437224143705e-05	6.2877394484227591305e-06	1.9436402688791285858e-06	6.4398050284733886903e-06	-2.5667038758868715559e-06
-2	-6	8	-1.9191778776699361099e-05	1.0814462450469664013e-05	-2.2238799469552089389e-05	7.0058298780293463845e-06	-2.1477044296338906469e-05	7.9579880211394262151e-06
-2	-6	9	0	0	0	0	0	0
-2	-6	10	0	0	0	0	0	0
-2	-6	11	0	0	0	0	0	0
-2	-6	12	0	0	0	0	0	0
-2	-5	-12	0	0	0	0	0	0
-2	-5	-11	0	0	0	0	0	0
-2	-5	-10	0	0	0	0	0	0
-2	-5	-9	0	0	0	0	0	0
-2	-5	-8	-2.4667071154273536459e-06	2.5451582294908231833e-05	6.6862642791440840724e-06	-8.7929898041920352811e-06	-3.5622383956082141338e-06	-8.6727694610703580182e-07
-2	-5	-7	-1.4315091580878683088e-05	8.0397629822189023836e-06	1.0822337040041199918e-05	1.4232185107344295339e-05	-3.6402145769212332844e-06	-1.2462921643022755946e-05
-2	-5	-6	-2.2898387124643326705e-07	-1.1713123995583485886e-05	8.2378467027336823377e-05	-5.9509328315147633529e-05	-6.8572394565698534296e-05	5.3495481594484189903e-05
-2	-5	-5	-6.5171538284446912958e-05	0.00010701848265705911996	-9.0320154451011011132e-06	-9.322761681594058232e-06	3.5100630758879866296e-05	-3.3484631381229586363e-05
-2	-5	-4	1.8508153034254155817e-06	-6.8972222880547815241e-05	-3.236084566044152976e-05	-1.7103809163601488188e-05	3.9525649423839200492e-05	5.586587289477576955e-05
-2	-5	-3	-4.6080002452362646263e-05	-0.00012892153607020829164	4.640104046106493038e-05	5.4900408743157829805e-05	-4.6615065800199788717e-05	-5.5529905251241914028e-06
-2	-5	-2	7.9600826056637952102e-05	0.00018250390311683230564	-6.8220221948454048532e-05	-6.7512553431162497194e-05	9.0949728814497169229e-05	-1.3722519538926054186e-05
-2	-5	-1	3.8931390994748571943e-05	6.0769222992884554377e-05	-3.2665522129337764732e-05	-3.4288683429257970617e-05	8.5464828657191672999e-05	4.9904971160520751106e-05
-2	-5	0	-1.7262629237207720192e-05	-5.3215960266185596491e-05	6.9050516948830882464e-06	2.1286384106474239952e-05	4.2867801401342932387e-05	-3.6694017760490240385e-05
-2	-5	1	3.9269369422632153274e-05	3.8309869407135582289e-06	-2.3012405727412210509e-05	6.4981050908835232601e-06	-3.6523289791796742607e-05	4.0152499335844731064e-05
-2	-5	2	7.3705207829031517928e-05	-6.1933645817466553276e-05	-4.3293427913028714748e-05	1.8819302668897622315e-05	-3.4528361953540265554e-05	-1.4885389145222490713e-05
-2	-5	3	3.810922573936431862e-05	8.2998848943692044499e-05	-3.1920454154219981148e-05	-3.4588918079233887156e-05	-2.7794606430790426221e-05	-2.3156308362617818374e-06
-2	-5	4	-4.4680231223393194237e-05	-7.7577316075626751067e-05	-1.4084236781140207766e-05	-3.1530495347021387663e-05	-3.9945411588121858943e-05	-7.8201777221590111806e-05
-2	-5	5	2.883737160141089571e-06	-3.2576662387646883497e-05	-1.1341964083078176316e-05	-5.8821084687469518855e-05	-1.0188469219021741843e-05	-7.1851749642528269543e-05
-2	-5	6	-6.3575082995814593655e-07	2.8297294898164942746e-05	-1.8280635526191203559e-05	-2.1073276542372466788e-05	-1.5445779881812051929e-05	-8.1286321525887431018e-06
-2	-5	7	-2.5792903188026057397e-05	-2.5222514528245100517e-05	-6.0740329836212322769e-06	1.5263360778768258959e-05	-1.1707995899165468752e-05	3.6959678339072992902e-06
-2	-5	8	-7.3027929164328676288e-06	-3.0038709669940833683e-05	-7.4491509256004984391e-06	-2.1291207307541419965e-05	-6.4814175576085283258e-06	-2.0816681984698594629e-05
-2	-5	9	0	0	0	0	0	0
-2	-5	10	0	0	0	0	0	0
-2	-5	11	0	0	0	0	0	0
-2	-5	12	0	0	0	0	0	0
-2	-4	-12	0	0	0	0	0	0
-2	-4	-11	0	0	0	0	0	0
-2	-4	-10	0	0	0	0	0	0
-2	-4	-9	0	0	0	0	0	0
-2	-4	-8	1.0334489799573378475e-05	1.8936381132890489371e-05	1.3395896443802579652e-05	2.0826249375097735566e-06	-9.2815706717946348683e-06	-5.7754077519775095446e-06
-2	-4	-7	6.2516390186686965499e-05	-8.830054991661211977e-06	-2.5834380627032290235e-05	-1.8694366724567916213e-05	-3.0993225521778237492e-06	1.3205368125942011718e-05
-2	-4	-6	-4.7103389594295693777e-05	3.6845208870775266624e-05	3.8322926426088556686e-05	9.184290915215405208e-06	-9.8474877526271421238e-06	-1.840459690040202568e-05
-2	-4	-5	9.9316737161255129137e-05	2.5490471556839435787e-05	-1.057594934775761867e-05	-3.866863128384351638e-06	-3.1265935386295959429e-05	-7.1026981200282923268e-06
-2	-4	-4	0.00010693079566864987107	-0.00017109688905216197097	6.4328908459472026351e-06	7.2350864752230446811e-06	-5.9898288680272139019e-05	7.831335805085794504e-05
-2	-4	-3	-4.8091223652083133164e-06	9.0607044420096895286e-05	-4.4142266426010451529e-06	-8.5508711506665117464e-05	9.0917171002736029794e-06	5.3606919062155550726e-05
-2	-4	-2	-0.00013845281510687553199	-5.9442757127987974478e-05	0.00011214360069947335832	7.1635719333762370108e-05	-8.5834386292071171106e-05	-8.3828681539536758962e-05
-2	-4	-1	0.00013948816270894866709	0.00012664952382405975746	-0.00011511401822204142542	-1.1528491097086582891e-05	0.0001814797474702683675	-0.00020718508325977318335
-2	-4	0	0.00010760421618921643964	-0.00010423925904244355834	-5.3802108094608219822e-05	5.2119629521221779171e-05	0.00010962666419528560092	-1.0537031080133755988e-05
-2	-4	1	0.00013150507219106757234	-0.0001689552401896368542	-3.5122394538950426528e-05	0.00011247398677690753264	0.00012252056622633346566	0.00011198546672835639503
-2	-4	2	-6.1587057995210513564e-05	3.3653662839741520338e-05	3.0350627178291705134e-05	-1.0255393860920458273e-05	-8.8580363862709546171e-07	1.3142875117900603793e-05
-2	-4	3	-3.1050856694598049431e-05	8.9765049939669131754e-05	-3.052895242148934824e-05	-9.9070882489862708886e-06	-6.1405841025051154905e-05	4.663391562779772891e-05
-2	-4	4	1.1813525210170835772e-05	-0.00012468579286673768091	2.1313109510249292068e-05	0.00010700042800758003303	2.7219872115334709954e-05	4.4657531574211192576e-05
-2	-4	5	4.2532973235147439241e-05	-1.180130602077617802e-05	-2.0957218518688064672e-05	3.7785471821254165272e-06	2.4741447910852197863e-07	-1.6976846626101382825e-06
-2	-4	6	0.00014802252181856203391	5.1129807113150569742e-05	-3.3609027100063129418e-05	-7.4494965016984060965e-06	2.6934822539478592822e-05	1.2076938036584586414e-05
-2	-4	7	3.7240603861388216396e-05	5.5504856727613504396e-07	-2.0464102489016902864e-05	-3.7196925358812532733e-05	-1.0536003190415962565e-06	-2.1096800614385411929e-05
-2	-4	8	2.6753282455980872338e-05	6.7784804032787921522e-06	2.6184186872251087439e-05	5.4182037230195967382e-05	1.9780414050120761804e-05	2.8785638715917679823e-05
-2	-4	9	0	0	0	0	0	0
-2	-4	10	0	0	0	0	0	0
-2	-4	11	0	0	0	0	0	0
-2	-4	12	0	0	0	0	0	0
-2	-3	-12	0	0	0	0	0	0
-2	-3	-11	0	0	0	0	0	0
-2	-3	-10	0	0	0	0	0	0
-2	-3	-9	0	0	0	0	0	0
-2	-3	-8	-3.3517164652904284734e-05	-2.2585366108362340453e-05	-2.8231128100592760088e-05	3.3628322615796013562e-05	1.8965964200948354099e-05	-6.9642794538329208195e-06
-2	-3	-7	-2.2289996601487556285e-05	-3.5971290972992491051e-05	-9.7621897337223507811e-06	-4.0190361790418105935e-05	1.055236605773459523e-05	2.7501952473891329526e-05
-2	-3	-6	-3.1139465907688610542e-05	9.0982858794450437216e-06	-2.1736753284461991602e-05	-5.7568977835651529166e-05	2.124819861146053039e-05	2.5751726958010747186e-05
-2	-3	-5	-3.7523895494567943167e-05	-3.053495469558315885e-06	-3.2396180464509600659e-05	-0.00010985808611345571236	3.4447266476532941728e-05	6.7136249855896757495e-05
-2	-3	-4	-1.7309644981262436059e-05	-0.00015815535087185931032	9.3672538779916650483e-06	6.3307207533993458065e-05	1.6293820821374690316e-06	3.1597269785434561613e-05
-2	-3	-3	0	0	0	0	0	0
-2	-3	-2	0	0	0	0	0	0
-2	-3	-1	0	0	0	0	0	0
-2	-3	0	0	0	0	0	0	0
-2	-3	1	0	0	0	0	0	0
-2	-3	2	0	0	0	0	0	0
-2	-3	3	0	0	0	0	0	0
-2	-3	4	0.00014624752658387013397	0.00014706574655345643998	-4.1079070290254263061e-06	2.195292379627713631e-06	7.004283302016599429e-05	7.5179342561449007966e-05
-2	-3	5	-4.3135224581805144703e-05	2.6391481607341221667e-05	3.1988482450602680977e-05	1.601254572020610709e-05	1.9389996376395507895e-06	2.0164120075060153599e-05
-2	-3	6	1.6219265164758170855e-05	-9.8538949934977979506e-05	8.0243736852520118814e-05	-6.6547504671351826074e-05	4.552829014784611297e-05	-6.6120068980668572872e-05
-2	-3	7	-9.5797658391103976351e-06	-5.3321703354797337368e-05	3.1613657656925551152e-05	5.3914118192759540504e-05	1.0811634470365123566e-05	7.8712782669548509915e-06
-2	-3	8	6.3892374637888712298e-06	-3.7114017495230454315e-05	-2.8679078964310568145e-08	-1.1294748946948376134e-05	1.5865547113356013543e-06	-1.3514035228913253147e-05
-2	-3	9	0	0	0	0	0	0
-2	-3	10	0	0	0	0	0	0
-2	-3	11	0	0	0	0	0	0
-2	-3	12	0	0	0	0	0	0
-2	-2	-12	0	0	0	0	0	0
-2	-2	-11	0	0	0	0	0	0
-2	-2	-10	0	0	0	0	0	0
-2	-2	-9	0	0	0	0	0	0
-2	-2	-8	1.3585276903742747038e-06	-1.3896020710718996692e-05	2.510545420471672277e-05	-7.5063964886686814794e-06	-6.615995473772748839e-06	5.3506042998469191194e-06
-2	-2	-7	-6.9319228927886513054e-05	1.1789593447835489801e-05	-5.3197121795287843492e-06	3.2933806818953638451e-05	2.132541174497579829e-05	-1.2778114361939750445e-05
-2	-2	-6	3.7790280590872126082e-06	2.5822359467949866895e-05	5.8909984770257548534e-05	0.0001169423852007962745	-2.0896337609781586624e-05	-4.7588248222915379337e-05
-2	-2	-5	9.8075701022453504706e-05	7.6706215094678281935e-05	5.7105746061001893513e-05	9.2041725245782572912e-06	-6.2072578833382156577e-05	-3.4364155047702614335e-05
-2	-2	-4	-8.0478811099204318621e-05	-7.487138138098897288e-05	1.0059878877865037431e-06	-5.0720030511661477659e-05	3.9736411605708901404e-05	6.2795705946325225269e-05
-2	-2	-3	0	0	0	0	0	0
-2	-2	-2	-0.0029028148239402247303	-0.015315080421100104452	0.018454288512833504077	0.013696032881966635486	-0.015551473688893278913	0.0016190475391334700501
-2	-2	-1	0.0054486916463404163821	0.026973169681109680773	-0.018461159108049240984	-0.017613938126314929861	0.026024934923417650939	-0.018718463109589498355
-2	-2	0	-0.0075918710395753707942	-0.028852973418779993831	0.0075918710395753707942	0.028852973418779993831	-0.01930235432578396651	0.038830795627702203998
-2	-2	1	0.010860151445878731685	0.008474299739599181619	-0.017273176386352079997	-0.019638621593339955496	-0.012826049880946694889	-0.022328643707481551223
-2	-2	2	-0.0054443135546681769438	-0.0037437219247141574445	0.018155982408314303572	-0.0012173371153666790768	0.012711668853646126628	-0.0049610590400808365213
-2	-2	3	0	0	0	0	0	0
-2	-2	4	-6.5291136340311567497e-05	3.7652769331341428356e-05	0.0002487071998459944918	-0.00016155766419227057156	9.1708031752841455376e-05	-6.1952447430464564824e-05
-2	-2	5	-5.6009401894285182189e-06	-0.00013171064409053478386	-1.9954947068173236241e-05	5.0379437240273586106e-06	-1.0222354903040701784e-05	-5.0669080146602969424e-05
-2	-2	6	-8.9920447903484273643e-05	9.5420514371792830794e-05	4.9905217073453393792e-05	-9.3341093778552658411e-05	-1.3338410276676957692e-05	6.9314019774672095104e-07
-2	-2	7	3.515647653107834388e-05	-1.7165850566453369177e-05	4.2694246378229268692e-05	-5.2651395361068381823e-05	2.2243063688373602624e-05	-1.9947784550720498833e-05
-2	-2	8	-6.4043529581828202344e-05	1.2449003813055261182e-05	-1.1764608916816923182e-05	3.1908338193022055761e-05	-1.8952034624661283076e-05	1.1089335501519329236e-05
-2	-2	9	0	0	0	0	0	0
-2	-2	10	0	0	0	0	0	0
-2	-2	11	0	0	0	0	0	0
-2	-2	12	0	0	0	0	0	0
-2	-1	-12	0	0	0	0	0	0
-2	-1	-11	0	0	0	0	0	0
-2	-1	-10	0	0	0	0	0	0
-2	-1	-9	0	0	0	0	0	0
-2	-1	-8	-3.2182127109715695122e-05	8.3211764118631216308e-06	-4.8122191255484395229e-05	1.918703601570800535e-05	1.4060805684364474031e-05	-4.4786736049292810764e-06
-2	-1	-7	2.4665093095741801397e-06	-9.8810777986015600359e-05	-1.5185259582889825298e-05	4.4976283746082061513e-05	1.4646058519630663707e-06	2.1806467460849876061e-05
-2	-1	-6	0.0001027905691888029798	-4.0473469552038070078e-05	9.6376975086935755721e-05	4.518018181049831514e-05	-5.0326352244090285886e-05	5.9611262155963047339e-06
-2	-1	-5	-0.00016007661805419933507	2.3591474056963590718e-05	-1.1254810129081576909e-05	-0.00011457416841387746637	6.6281609247496051443e-05	1.3478244059990057664e-05
-2	-1	-4	-0.00016954911996376620126	0.0002319984854128558766	-6.7760433906943715889e-05	0.0001311544152554958403	0.00010171466845861903299	-0.00014878784652030190515
-2	-1	-3	0	0	0	0	0	0
-2	-1	-2	-0.012954592117147733371	-0.0042599598825558684587	0.029294033670667476987	-0.01898724354581666704	-0.001692424718186004472	0.013753581655464201111
-2	-1	-1	0.023380959791197451075	0.017474583466266600112	-0.036317804618576900177	0.0015147395945462505291	-0.010444114963817998504	-0.03646390652707945379
-2	-1	0	-0.031234656075376177053	-0.01074276310992360213	0.062469312150752354107	0.02148552621984720426	0.032812866261120482436	0.068832732143937230829
-2	-1	1	0.0048044905111308188958	-0.016173666801932030934	-0.041142405378848591335	0.012697159685237827814	-0.031533424356586951809	-0.019650173918626234054
-2	-1	2	-0.0019654875954920555427	0.00083942165519120361724	0.00052010704296285561674	-0.023103205172422151131	-0.0017054340740106277343	-0.010712180931019872274
-2	-1	3	0	0	0	0	0	0
-2	-1	4	0.00012879511475081438987	0.00015136734324059075143	-1.9001845621932736711e-05	-2.1609054163357273607e-05	5.9647095969924010756e-05	7.028140807945606409e-05
-2	-1	5	-2.3771349874183644386e-05	-7.370771479518350999e-05	-6.5992528373539312606e-05	-0.00014369128558819736796	-2.270704562438131892e-05	-5.8221343035712883008e-05
-2	-1	6	-1.5338141573791123353e-05	-1.1394181529644079108e-05	2.821485965525956237e-07	-1.2764768858044578138e-05	-5.0656890918382754452e-06	-5.9255219862221227256e-06
-2	-1	7	-4.2603611864396522891e-05	5.2519680796675134238e-06	4.4386699028691144187e-05	-1.5152810346147366842e-05	-5.8315035285859867891e-06	-6.6412488383033440594e-07
-2	-1	8	-3.7273811657513952365e-05	4.3527315009809129599e-05	7.1709763257097695877e-06	5.8626842952769815681e-06	-8.4220808736647681633e-06	1.1614664289361905308e-05
-2	-1	9	0	0	0	0	0	0
-2	-1	10	0	0	0	0	0	0
-2	-1	11	0	0	0	0	0	0
-2	-1	12	0	0	0	0	0	0
-2	0	-12	0	0	0	0	0	0
-2	0	-11	0	0	0	0	0	0
-2	0	-10	0	0	0	0	0	0
-2	0	-9	0	0	0	0	0	0
-2	0	-8	-1.0684836371941933326e-05	4.2230179735834275795e-05	-1.0153221532523871469e-05	3.9556885216290635214e-05	2.6712090929854833316e-06	-1.0557544933958568949e-05
-2	0	-7	6.2129293311875859922e-05	-2.0376197052481739548e-05	2.454624746995739696e-05	-6.4705016468585065679e-05	-1.7751226660535961914e-05	5.8217705864233543987e-06
-2	0	-6	-1.9787930453586291779e-05	6.4616759664318874486e-06	1.4302081963560372161e-05	5.5301276672443715145e-05	6.595976817862096695e-06	-2.1538919888106291495e-06
-2	0	-5	7.3333493469003260302e-05	0.00011600233429805690655	-8.4513655468181222795e-06	-0.00013720790535149695352	-2.9333397387601305476e-05	-4.6400933719222758553e-05
-2	0	-4	-0.00017633994194036787455	-0.00014799971446827699822	8.8167486495193439196e-05	5.1669749955156674191e-05	8.8169970970183937273e-05	7.399985723413849911e-05
-2	0	-3	0	0	0	0	0	0
-2	0	-2	-0.0093101405703246275375	0.00096550139750581646849	-0.017671359919499470686	-0.036873484497627631584	0.0093101405703246275375	-0.00096550139750581646849
-2	0	-1	0.02012541605635528516	-0.0046573919952798224081	0.01246621809277738066	0.031899559637139487944	-0.040250832112710570321	0.0093147839905596448162
-2	0	0	0	0	0.0057676240473680945309	-0.027292207194939462761	0.054860671829182409975	0.0075702007724239156472
-2	0	1	-0.028858486483243749737	0.0020996055853348453112	0.030070054672034180615	0.024851015868123216279	-0.057716972966487499475	0.0041992111706696906223
-2	0	2	0.0076636998033450393075	-0.00231442804464741499	-0.030442444691798582757	0.0032526612226312571867	0.0076636998033450393075	-0.00231442804464741499
-2	0	3	0	0	0	0	0	0
-2	0	4	-4.7052171193422945468e-05	5.7733137295218486069e-05	2.4749063958715612234e-05	0.00010801918704728220096	-2.3526085596711472734e-05	2.8866568647609243035e-05
-2	0	5	-7.4473886480595747435e-05	2.3785860242985816721e-05	-3.8469841485134894383e-06	4.5559926423772103177e-05	-2.9789554592238298974e-05	9.5143440971943270273e-06
-2	0	6	-8.5241058047708047801e-06	0.00010195197582385897347	9.4863959328973549118e-05	-5.0817678854701271534e-05	-2.8413686015902684012e-06	3.398399194128632223e-05
-2	0	7	2.6210320591756404082e-05	-5.7058375780717430689e-05	-5.859437683614137439e-05	3.6352091992219022613e-06	7.4886630262161148471e-06	-1.6302393080204979713e-05
-2	0	8	4.0927211919626395071e-05	-2.195427776265545403e-06	2.8702959138678447228e-05	-5.3328216771456262324e-05	1.0231802979906598768e-05	-5.4885694406638635074e-07
-2	0	9	0	0	0	0	0	0
-2	0	10	0	0	0	0	0	0
-2	0	11	0	0	0	0	0	0
-2	0	12	0	0	0	0	0	0
-2	1	-12	0	0	0	0	0	0
-2	1	-11	0	0	0	0	0	0
-2	1	-10	0	0	0	0	0	0
-2	1	-9	0	0	0	0	0	0
-2	1	-8	1.712046515736719254e-05	2.5780326271841213414e-05	1.5353590953387008034e-05	-9.8979821803851895905e-07	-2.3609174201684225544e-06	-6.5688063452151185674e-06
-2	1	-7	2.6962389326273158817e-05	5.7415618172621427323e-05	-4.8169212137723869949e-05	0.00010370672637158744381	-1.4584855827181454643e-05	-1.5892157105222010941e-06
-2	1	-6	6.3005573067937583449e-05	-6.4595910638935840958e-05	-4.2681053122115132452e-05	3.8836396872966862071e-05	-2.8115366542998384354e-05	2.8004703025139756202e-05
-2	1	-5	8.9203213748952056897e-05	-3.3713186542995311876e-05	6.3737134522884330862e-05	7.3402742165361338977e-05	-2.2933858595003957942e-05	2.8165823050270392546e-05
-2	1	-4	-5.9801644899688317274e-05	0.00014701749943742305074	-4.7134894172318599157e-06	5.9357317182965765683e-05	2.8722450095536193658e-05	-5.8669420422970089033e-05
-2	1	-3	0	0	0	0	0	0
-2	1	-2	-0.022203331266814743672	-0.0017397811865698901024	-0.036727126721117060726	0.0075925654706953445844	0.0038397679062562124416	0.0055360639219175621778
-2	1	-1	0.021130412213044205	-0.021175785563263528621	0.032888807423309851519	-0.021319997044365265187	-0.0093720170027785619504	0.021031574082161792055
-2	1	0	-0.0066092335613044984888	0.013518704764041300156	-0.013218467122608996978	0.027037409528082600313	0.021987981796734418216	-0.036169353381442108375
-2	1	1	-0.0044289546843522525216	0.013046446094737726082	0.015669544994281595085	-0.023648462369870913713	-0.024527454362986103598	0.049741354559346369346
-2	1	2	0.002001626940048702348	-0.0099711291107876815626	-0.0027721403431944465802	0.028417333111768083853	0.003387697111645925855	-0.024179795666671721754
-2	1	3	0	0	0	0	0	0
-2	1	4	-0.00016288568090455022826	-0.00027071295900571272497	0.00014587529439263389563	4.6176402112473669069e-05	-0.00011791166405043358126	-0.000146900580030974795
-2	1	5	6.6724921090576905323e-05	4.9757263274025201788e-06	5.3818589561220801749e-06	-7.6611722437737971025e-05	2.5613596645006347111e-05	1.7312635018508601599e-05
-2	1	6	-3.7218857310549316846e-06	-9.4103347962838525384e-06	-6.0553150564501765079e-05	-1.7124607841151924124e-05	8.8515631837319839006e-06	-2.8267695856929668424e-07
-2	1	7	2.200716363071757197e-05	-3.9017518450544833811e-05	-1.4369075729128213406e-05	-9.2115390505766708417e-06	8.3404861415090520175e-06	-9.8319282643589995402e-06
-2	1	8	1.0235020310514894844e-05	4.552781285095634377e-05	3.154785097962173161e-05	-5.8611080284650284489e-05	-1.3847262948239929519e-06	1.8708338248320372351e-05
-2	1	9	0	0	0	0	0	0
-2	1	10	0	0	0	0	0	0
-2	1	11	0	0	0	0	0	0
-2	1	12	0	0	0	0	0	0
-2	2	-12	0	0	0	0	0	0
-2	2	-11	0	0	0	0	0	0
-2	2	-10	0	0	0	0	0	0
-2	2	-9	0	0	0	0	0	0
-2	2	-8	-1.9060228444853356377e-05	-4.1226235745181251142e-05	-7.3240645510856779621e-06	-2.73806064858460061e-05	2.9340409734419196038e-06	3.4614073148338112603e-06
-2	2	-7	-5.3928316989335119808e-05	-2.4213385154680077939e-06	-1.5842673426631639997e-05	7.2391992093866956801e-05	1.0881612446486708275e-05	2.1375237316952847027e-05
-2	2	-6	0.00010036549896295751834	-3.6257172596808036422e-05	0.00011675806180499997001	-4.7672457883804731607e-05	5.4641876140141525328e-06	-3.8050950956655661911e-06
-2	2	-5	5.4847969836782372273e-06	-4.639024358372232634e-05	-4.0021436212829487373e-06	-4.0690883385471589501e-05	-3.7947762419844743858e-06	2.2797440793002954981e-06
-2	2	-4	2.6106339456365671123e-06	0.00011170721875757903363	-1.5246525857161218891e-05	0.00013444882331409738316	-8.9285799013988934253e-06	1.137080227825917646e-05
-2	2	-3	0	0	0	0	0	0
-2	2	-2	-0.016046399650870242504	0.012962377899598446704	-0.0072372367519207003728	0.018516074679212457532	0.0088091628989495403962	0.005553696779614009961
-2	2	-1	0.0076688823404344377138	-0.025276224367652901093	0.0042718415539262878308	-0.022479492119904617708	-0.0067940815730163006333	0.0055934644954965693706
-2	2	0	-0.005399751232141794012	0.018440328962326509032	-0.005399751232141794012	0.018440328962326509032	-0.0091136826922966016756	-0.021348235151065490106
-2	2	1	0.0070734811680943834172	-0.0044446487085873422757	-0.0051704511836924930274	-0.017407135833007059827	0.024487864703573752889	0.025924974248839431634
-2	2	2	-0.0059094529307019165107	0.00071178440472032108652	0.012253510471173649152	0.010128603507138633083	-0.018162963401875564795	-0.0094168191024183132976
-2	2	3	0	0	0	0	0	0
-2	2	4	-0.0002447477652804654286	3.105117854054658251e-05	-2.5523121767605702593e-05	-1.6784204481723708987e-05	-0.00010961232175642985623	2.3917691511135149137e-05
-2	2	5	-0.00010905782302710712874	0.00012112289772138878647	-4.1984723813704871601e-05	-1.2871061056645531086e-05	-2.6829239685360900823e-05	5.3597583511213728379e-05
-2	2	6	-4.4242337095576086909e-06	-5.7023686005919292479e-05	1.0327049460950630825e-05	2.6758924969198863837e-05	-4.9170943901694134543e-06	-2.7927536991706050976e-05
-2	2	7	1.1115910008040774093e-06	5.2232567252715630699e-06	2.5330371497662615264e-05	3.4134318045933158834e-05	-6.9196515705310111786e-06	-8.2603032344747416468e-06
-2	2	8	7.0167064848108541589e-07	-3.0853455802473849558e-06	2.6200176645564132602e-05	-1.3486272110554279512e-06	-6.3746264992707621407e-06	-4.3417959229798925116e-07
-2	2	9	0	0	0	0	0	0
-2	2	10	0	0	0	0	0	0
-2	2	11	0	0	0	0	0	0
-2	2	12	0	0	0	0	0	0
-2	3	-12	0	0	0	0	0	0
-2	3	-11	0	0	0	0	0	0
-2	3	-10	0	0	0	0	0	0
-2	3	-9	0	0	0	0	0	0
-2	3	-8	1.0674422854704681358e-05	-5.1625767792499081636e-05	-1.6863618366516572909e-06	-3.6436404858747683893e-05	-3.3009914024205418766e-06	-7.5720987390561295649e-07
-2	3	-7	-3.6181097373842433147e-05	2.7103525476404611834e-05	-4.3134760794331075326e-05	-5.1807410784112753487e-05	-8.1488696621869082844e-06	-2.9947040472163926304e-05
-2	3	-6	-3.714622893392772302e-05	-2.5150101330644980373e-05	4.8385322248520794091e-05	-6.9603069276184478887e-06	3.6574737435569639181e-05	4.9032136464057690897e-06
-2	3	-5	9.6785624613248292321e-05	3.4137007156356442036e-05	1.5331242434394482134e-05	-0.00012294514633060812199	-2.9515504384662628325e-05	-8.7421890660907441875e-05
-2	3	-4	5.6530084209361146071e-05	8.3902581911121553913e-05	-4.9696026518634523969e-05	0.00011215689334188300012	-6.5537061993656471094e-05	4.2166379050851473132e-05
-2	3	-3	0	0	0	0	0	0
-2	3	-2	0	0	0	0	0	0
-2	3	-1	0	0	0	0	0	0
-2	3	0	0	0	0	0	0	0
-2	3	1	0	0	0	0	0	0
-2	3	2	0	0	0	0	0	0
-2	3	3	0	0	0	0	0	0
-2	3	4	-6.9357535478392198032e-05	-9.5713356108986438883e-05	-0.0001037547529812973189	3.4469052050939870673e-05	4.3137296996776893551e-05	-7.3708467092698117364e-05
-2	3	5	-8.1948390659239910786e-05	1.7383981293766309574e-05	-7.4535093306427949709e-05	-5.0718790532798041016e-05	1.1941699720160806866e-05	3.738486683718535115e-05
-2	3	6	3.4827205848630245959e-05	-1.5766032503651745446e-05	1.5926126639119248728e-06	-2.6604184985000012937e-05	1.0812762284254120079e-05	8.0467483246160901905e-06
-2	3	7	5.4857558931229278202e-07	-6.9887292844639638618e-08	5.99088570602796086e-05	-2.03154632670927827e-05	-2.5518488571744891644e-05	8.6866593165127247111e-06
-2	3	8	7.9069052145646373671e-06	3.4575642334582936787e-05	-1.1930922221361597957e-05	9.358345742256521339e-06	6.4508221366517587875e-06	5.1345309302995395417e-06
-2	3	9	0	0	0	0	0	0
-2	3	10	0	0	0	0	0	0
-2	3	11	0	0	0	0	0	0
-2	3	12	0	0	0	0	0	0
-2	4	-12	0	0	0	0	0	0
-2	4	-11	0	0	0	0	0	0
-2	4	-10	0	0	0	0	0	0
-2	4	-9	0	0	0	0	0	0
-2	4	-8	6.9693987032752100953e-06	-4.4142234506099477486e-06	2.6227053945459286797e-05	1.8695557277988972923e-05	1.1371177296910841087e-05	1.0451334501646972975e-05
-2	4	-7	2.289092868087415445e-05	-1.621308527031468965e-05	-1.0915036670321874143e-05	5.9374823915999412383e-06	-1.2777429149005114825e-05	8.0251571581470208496e-06
-2	4	-6	8.8895335045712780696e-05	3.8411987672004131164e-06	2.4783278231635572732e-05	-1.986003617988708539e-05	-1.3109592860813878976e-05	-1.4520423708991529095e-05
-2	4	-5	-8.1840113583014090378e-05	8.6696377062404911132e-05	-2.0832090459285393564e-05	1.1984102105245181808e-05	1.6070373065777323332e-05	-2.5091269140765816973e-05
-2	4	-4	4.6229462190061465347e-05	3.4704198775517725191e-05	5.4978488013251009908e-06	5.9111956225094904906e-05	-1.7616882293705629989e-05	4.1759856837336038922e-05
-2	4	-3	-9.4198669102813745212e-05	-6.8994833522817157175e-05	-7.3677214071450689969e-05	-1.6366065989729107082e-07	-3.543717269339174519e-05	4.57783414686817211e-05
-2	4	-2	3.9992895910055695989e-05	9.8117497808811814206e-05	-1.326713442725804186e-05	1.2954332662175912124e-06	-6.6527164764571786485e-05	-9.5526631276376624581e-05
-2	4	-1	9.9781058445963264421e-05	2.9680079558452311764e-05	7.8938031824482402898e-05	-1.1663675871213259239e-05	0.0001161900104060030963	-0.00010601486260175766048
-2	4	0	3.2129463946160302571e-06	-0.00017179923433448227878	1.6064731973080151286e-06	-8.5899617167241139391e-05	-6.6374901375918957894e-05	-0.00019982464455885949562
-2	4	1	-0.00023330583169363768243	-7.0787664240831688718e-05	-9.1597063184278688605e-05	-7.4024692875037449952e-05	-0.00010022341065016061043	0.00015452344301848642237
-2	4	2	-6.054909047392824801e-05	3.9907188884048141564e-05	-3.7394272929084031545e-05	4.6606267380649489085e-05	1.4239455384239811691e-05	-5.3305345877250836606e-05
-2	4	3	-9.1668047585950158192e-05	-8.8130483632386984812e-06	-1.5481205963839651726e-05	3.988292809001933503e-05	-4.047042377218056531e-05	-5.9052603028851581286e-05
-2	4	4	-0.00013655943511549462435	5.0008798835714631317e-05	-6.7649711130316730998e-05	-1.5599169501024199609e-05	-6.3000642743057651699e-07	4.0603568918881518656e-05
-2	4	5	1.7531691056179303279e-05	2.7227288730802052706e-05	1.5262950990704967426e-05	5.3298629892020384202e-06	-5.1976843700922521212e-06	6.6270251009591896684e-06
-2	4	6	4.6006062795986272141e-05	3.3183348389554229412e-05	6.2197725742681297793e-05	1.913326753799964936e-05	-2.6129796229792111203e-05	-1.6943955621483553062e-06
-2	4	7	-4.7366727993334828119e-06	2.7948874865702632425e-05	1.5465089992720844174e-05	6.4931312971162430518e-08	-1.0190529367078620331e-05	7.948289211360086968e-06
-2	4	8	8.444999570297886623e-05	1.4913368161323402506e-05	3.0742227260975146233e-05	4.542269963081841446e-05	5.7413852952571434412e-06	-1.8983007775078355756e-05
-2	4	9	0	0	0	0	0	0
-2	4	10	0	0	0	0	0	0
-2	4	11	0	0	0	0	0	0
-2	4	12	0	0	0	0	0	0
-2	5	-12	0	0	0	0	0	0
-2	5	-11	0	0	0	0	0	0
-2	5	-10	0	0	0	0	0	0
-2	5	-9	0	0	0	0	0	0
-2	5	-8	1.5760790345389528392e-05	-3.4010060720580908417e-05	-2.1807085253177591202e-05	-9.3726165737868281051e-06	-1.7569625869583377023e-05	2.6446298215284601738e-06
-2	5	-7	-3.3578071706103737896e-05	-7.8508764747485713775e-07	-3.5767144492364076115e-05	1.6341936532456208703e-05	-1.5954225578516129254e-05	1.1897122565318681318e-05
-2	5	-6	3.0284656898887522868e-05	-7.204846739835747021e-05	-3.5553876907953114919e-05	-6.3201405497031508071e-05	-3.9723116389590103388e-05	-2.8651682114740427675e-05
-2	5	-5	4.9517272000879685519e-05	-1.2912693837787885944e-05	5.3580045848770626942e-06	3.1022555651954991781e-05	-1.4448904215474811513e-05	3.6187633187070149547e-05
-2	5	-4	2.0688009077111298183e-05	8.8423901175833897418e-05	2.8280059775110971443e-05	-3.5643836571997629033e-07	2.5006070180333062671e-05	-4.465749854506691972e-05
-2	5	-3	1.7769915679829583773e-05	7.9816044677079482704e-05	4.2132335862062996867e-05	-2.9503384269365031268e-05	5.8373949316885272263e-05	-0.00010238300356699470725
-2	5	-2	-6.8097534736006366744e-06	2.9563120704198495871e-05	-1.7949692355090861827e-05	5.5562558900594913758e-05	-3.8064477414126515352e-05	0.00010934327654728878514
-2	5	-1	0.00014983484406839899915	-3.776409962536675304e-05	7.759505659162527116e-05	-3.7834331429936538915e-05	8.8305594821328316831e-05	-0.00011364345789894918172
-2	5	0	-1.2015136038117918874e-06	0.00010977352984700427814	-4.8060544152471683965e-07	4.3909411938801709899e-05	-6.4311110322314341448e-05	8.4772628359107280631e-05
-2	5	1	-0.00020354033347536669798	-5.0819466373300834026e-05	-7.2947749037309761932e-05	-2.5226104713431565216e-05	-4.2341921764184586299e-05	2.4491590820556154639e-05
-2	5	2	-0.0001030678480701619149	-1.6948549971245940805e-05	1.2196713881019977168e-06	1.3761269657737123018e-05	-0.00010611702654041690528	-5.1351724115588749198e-05
-2	5	3	-2.5701954532534130048e-05	-1.7962758317635151554e-05	-2.6767056194978849101e-05	-1.3735058701309346609e-05	2.7477123969941992878e-05	1.0916592290425474387e-05
-2	5	4	8.188145340484034927e-05	2.967309655035889305e-05	2.5892534689238176144e-05	2.9145158849712954596e-05	8.5750583408724553023e-06	-2.1594900286961747567e-05
-2	5	5	-3.1431875391470118436e-05	-6.3603793785118836773e-06	1.4110846435286734685e-05	8.6164973417277275025e-06	-2.6683596591874784093e-05	-1.1160649093132482329e-05
-2	5	6	-4.4887329665440419031e-05	-1.911363000473649456e-05	-4.7692820139624151948e-05	-4.4099435130092120053e-05	2.4781573561206655872e-05	3.0378319273497935191e-05
-2	5	7	-4.5921263736738153645e-05	6.6154367003129964061e-06	2.0200922363486030806e-05	3.3004865705748269054e-05	-2.7549591327272351617e-05	-2.1684779304016481343e-05
-2	5	8	1.9565119827612401554e-05	2.6173283414978905771e-05	-4.5886932089721345167e-05	-3.5605775188021218051e-05	3.3570612512978941118e-05	2.8796930346257989419e-05
-2	5	9	0	0	0	0	0	0
-2	5	10	0	0	0	0	0	0
-2	5	11	0	0	0	0	0	0
-2	5	12	0	0	0	0	0	0
-2	6	-12	0	0	0	0	0	0
-2	6	-11	0	0	0	0	0	0
-2	6	-10	0	0	0	0	0	0
-2	6	-9	0	0	0	0	0	0
-2	6	-8	-1.7392587424895661368e-05	4.2194908793249431573e-05	3.3244587500789549183e-05	1.1605362633492685359e-05	2.9281587481816076382e-05	-1.8447052231928436621e-06
-2	6	-7	1.0195177553208934672e-05	-4.6515884706110987407e-05	2.4520522572007742983e-05	-1.991065959702139826e-05	1.8104682903661226936e-05	-3.7760268814152015015e-06
-2	6	-6	4.7795627276744421358e-05	-9.1303443776976868507e-07	1.8184089803940539941e-05	-1.2967326961844983333e-05	2.2522140450257314095e-06	-1.2662982149255060332e-05
-2	6	-5	-1.1538195366270428231e-05	-4.5618229966640175016e-05	-2.9810896621203648556e-05	-3.4328010112569863507e-06	-3.1157797798936207653e-05	1.4127930773147687402e-05
-2	6	-4	1.0932177126853794336e-05	-2.3813625663676867174e-05	8.4967442514889912836e-06	-1.2214201383380276632e-05	7.2790278138065889104e-06	-6.4144892432319805143e-06
-2	6	-3	-1.3326095536840809044e-05	-2.8456269725619507993e-05	1.3059626179557725948e-05	1.2495412792926173423e-05	3.5003316050342659054e-05	4.3961672069598684378e-05
-2	6	-2	-3.3557451875288371698e-05	3.2892687940076842043e-05	2.0800274704047585746e-05	9.0912762931237133673e-06	9.5958275987431128936e-05	-5.6188590607057061759e-06
-2	6	-1	2.2903899246812115935e-05	-4.8508500512965664977e-05	2.2327213656562909153e-05	-1.1364578116407105448e-05	8.8155483445753236599e-05	2.8829532327488707429e-05
-2	6	0	-3.3872655080132763748e-06	2.0037132356602421724e-05	-1.1290885026710920544e-06	6.6790441188674744727e-06	2.2914233729178922779e-05	-6.0340734125600765556e-05
-2	6	1	3.8258978012351787417e-05	-6.8868623177685837954e-05	6.1529993018544674668e-06	-3.6356674732639513901e-05	3.9599960213576773421e-05	8.0402802040465407496e-05
-2	6	2	3.2244420298633365198e-05	-1.1112023277095384513e-05	-5.7099601541915086974e-06	-5.5367020925446956291e-05	4.9374300761207888749e-05	0.00015498903949924549791
-2	6	3	7.4685142552095447311e-05	3.707487341867866785e-05	-1.6562503322095680218e-05	-3.2439573713663674099e-06	8.2915101678921658643e-05	3.1204497021851845026e-05
-2	6	4	-1.7316855642763769594e-05	-1.2028193948361462791e-05	-1.3186374118314370346e-05	-8.3593369099830906911e-06	1.1121133356089672416e-05	6.5249083907939037943e-06
-2	6	5	5.666698066368310114e-06	-3.3488805421822459194e-05	3.9614195858038153037e-07	3.7593853308068758524e-06	1.7913088762508660821e-06	-1.7906784565697234362e-05
-2	6	6	2.3705849641195242865e-06	3.3250401961606891458e-05	-2.5749547311080052983e-05	-7.7549769569932131767e-06	2.6539742299119894553e-05	1.8838444277528843663e-05
-2	6	7	2.1661691742083232382e-05	2.846804948346855072e-05	1.3378714898855534148e-06	-7.9182344106808374014e-06	5.0423077921218773301e-06	1.492078649014601943e-05
-2	6	8	1.3416256121859184642e-05	-1.784490559978047533e-06	-1.8671276361291765978e-05	5.6661033210715051756e-07	1.7357521301433620221e-05	-8.7108038907487477142e-07
-2	6	9	0	0	0	0	0	0
-2	6	10	0	0	0	0	0	0
-2	6	11	0	0	0	0	0	0
-2	6	12	0	0	0	0	0	0
-2	7	-12	0	0	0	0	0	0
-2	7	-11	0	0	0	0	0	0
-2	7	-10	0	0	0	0	0	0
-2	7	-9	0	0	0	0	0	0
-2	7	-8	-4.1322602606713994635e-07	1.3889276742924956445e-05	-8.1434387376197342489e-06	-1.3382842429469944543e-06	-7.0222023889004824812e-06	-4.6433178983098594706e-06
-2	7	-7	-1.8454310289035333998e-05	-4.0402802956604645787e-05	1.2780906431401912931e-05	1.6626268031383008953e-07	1.8053566513983437656e-05	1.1709920667915158123e-05
-2	7	-6	6.768766260207688561e-06	7.3650250605084142234e-06	-7.8094775773610679298e-06	-1.1382115510914376705e-05	-1.1367312593657142387e-05	-1.573414311623624423e-05
-2	7	-5	1.7219792367537555715e-05	2.4201066921095236163e-05	1.7247612465489626176e-05	2.7163201747085614609e-05	1.7258740504670453682e-05	2.8348055677481766664e-05
-2	7	-4	-5.5487371221034884771e-06	4.4518726567959520453e-05	1.3621534358349178593e-05	2.3315433279431995817e-05	2.6612053688162807624e-05	1.8542644955026227371e-05
-2	7	-3	-2.8903771414686859861e-05	3.4628126941517032211e-05	-1.6265793706379857021e-05	7.5456040806395816543e-06	-1.8684337705095092013e-05	-5.4790084395189984611e-06
-2	7	-2	4.5412030477567143856e-05	-2.962213717740565358e-05	1.8149824621797876781e-05	-2.9284097181722527957e-05	1.8112355698725433347e-05	-7.2872202958623190881e-05
-2	7	-1	1.5042639568428930861e-05	4.5093926349205856231e-05	3.269400923837440352e-06	1.9111401497807491248e-05	-7.199472669995780529e-06	4.3591957786240722889e-05
-2	7	0	1.0160740533570668484e-05	-7.0426576031074164573e-06	2.9030687238773337921e-06	-2.0121878866021191693e-06	5.2839574671310843171e-05	1.7253632384738377274e-06
-2	7	1	-6.0904464965785015825e-05	-4.47216250732180334e-05	-2.3276870185072743631e-05	-4.3622692299031342827e-06	4.1129161363939163601e-05	-5.890736553711412428e-05
-2	7	2	-7.987039557063984192e-06	7.4917305722064407041e-06	1.8146805359523936579e-06	-2.3605120277387671017e-05	-1.4338421432897360724e-05	9.0109651543063290112e-05
-2	7	3	-2.3711138827211683061e-05	1.2003493452502268411e-05	-4.4290757903164704526e-05	-5.8255540834192314967e-06	8.7537675889243186261e-05	2.1595288496313053562e-05
-2	7	4	-8.4386049413668108028e-07	3.6279027246082947613e-06	2.4014142971389854851e-05	-1.7710249239551382729e-05	-4.2446680447000590818e-05	3.2806887531519066733e-05
-2	7	5	-1.6409497275368579332e-05	-2.1637121002760481071e-05	2.2481301646069783287e-05	-1.0923675803793028366e-05	-3.8037621214645129012e-05	6.6382977242060469455e-06
-2	7	6	-3.5847380251087747395e-07	5.2741656920647574276e-05	-9.4448376739352280797e-06	1.1821597715416160733e-05	1.0899486018754139157e-05	3.788688305563669158e-06
-2	7	7	-2.5543178515331659738e-05	-3.4636116475035086675e-05	1.0615252868550777621e-05	-2.0466588374500955849e-05	-1.7913303872931252316e-05	1.0570555095919500336e-05
-2	7	8	-2.9409949303172321295e-05	-1.0040092301344880201e-05	-2.667055012968692245e-05	-3.7757669533238552113e-06	1.598424403768297682e-05	7.9377300882215331252e-07
-2	7	9	0	0	0	0	0	0
-2	7	10	0	0	0	0	0	0
-2	7	11	0	0	0	0	0	0
-2	7	12	0	0	0	0	0	0
-2	8	-12	0	0	0	0	0	0
-2	8	-11	0	0	0	0	0	0
-2	8	-10	0	0	0	0	0	0
-2	8	-9	0	0	0	0	0	0
-2	8	-8	-2.5085096225581320339e-05	-5.6125534977593146728e-06	-4.1453816895619302455e-06	-9.7851061298936869103e-06	2.1258923668334002626e-06	-8.3819677554538593009e-06
-2	8	-7	1.3215890443090452236e-05	-1.1185242363665443176e-05	6.58715395818424943e-06	-6.0373331214998417286e-06	3.7522072541847269787e-06	-3.7040257492382633203e-06
-2	8	-6	-1.4836046666977570045e-06	-2.1126640502101746496e-06	-3.3869728222101893396e-06	-2.6867065629495873796e-06	-4.0214288740476664317e-06	-2.8780540671960584307e-06
-2	8	-5	1.0743720296696112089e-05	8.0612362061701657904e-06	8.3021210126630515496e-06	-2.1391626271350848242e-05	8.9859055015824369664e-06	-3.7451096516629423503e-05
-2	8	-4	3.3581790492240813899e-05	-2.0976193459436913257e-05	2.0724516719561761287e-05	-3.0110091029957404194e-06	2.4658138193003115623e-05	4.4660785237269766366e-06
-2	8	-3	2.2880035498266680828e-05	1.6029071224091699991e-05	1.8600775402718556882e-05	1.9752826671756862776e-05	3.4348710741738368985e-05	4.1988156975290498484e-05
-2	8	-2	-3.0052201737867282829e-05	-2.0868051941842859817e-05	-1.1378848064272839561e-06	-7.2603380974351938753e-06	2.5500662512158147005e-05	-8.1733004478979139903e-06
-2	8	-1	1.2976896902939656203e-05	-3.3981745001457137249e-05	1.3516608856289077778e-06	-8.8051255607163647279e-06	-1.5140506720848050183e-05	-2.4775144828166462893e-06
-2	8	0	3.8529649110812826378e-05	9.0114524020567550585e-05	9.6324122777032065946e-06	2.2528631005141887646e-05	-3.8092178411473042334e-06	2.1951475723742171903e-05
-2	8	1	1.2056754600192082481e-07	-7.1554561225984154423e-06	4.7361987271200277518e-06	-3.0446206854653228486e-07	-3.7648454724956374859e-05	-1.1875215696824573453e-05
-2	8	2	1.3774216828068058921e-05	2.8718146868013358272e-05	1.5659609955716805199e-06	-7.4304780161946228971e-06	7.5103728457813368415e-06	5.844005893279184986e-05
-2	8	3	1.1594786696837913319e-05	1.8549362057499928713e-05	1.2768715617919184523e-05	-4.7614152039222435887e-06	-2.6320050516559219904e-05	2.5063348582125936508e-05
-2	8	4	-8.1869414960501156448e-06	2.5764196244459498739e-07	-1.0317118675241806683e-05	5.2415334501313685893e-06	1.6540766602458556391e-05	-1.0354245919040439182e-05
-2	8	5	7.6478425579651213365e-05	6.0805167637341958628e-06	1.6720104715285656426e-05	3.7719611504698965546e-06	3.8392026874034372664e-06	-3.6029311352581563963e-06
-2	8	6	-1.2142168146496763482e-05	-1.1870470361135365662e-05	-1.1955288201878570939e-05	-7.6561888274747927603e-07	1.1892994887005841221e-05	-2.9359982767151499427e-06
-2	8	7	1.0122588582060965358e-06	-4.4504492661608731317e-06	-1.5183694641033907929e-05	-2.6528382934015427131e-05	1.7642010692097636704e-05	2.9046594991400237473e-05
-2	8	8	-5.5779500222575386433e-06	3.8159967650301624087e-06	-2.4125435143572237221e-06	9.846351966799023867e-06	1.0180560087928390613e-06	-8.8923527755414828413e-06
-2	8	9	0	0	0	0	0	0
-2	8	10	0	0	0	0	0	0
-2	8	11	0	0	0	0	0	0
-2	8	12	0	0	0	0	0	0
-2	9	-12	0	0	0	0	0	0
-2	9	-11	0	0	0	0	0	0
-2	9	-10	0	0	0	0	0	0
-2	9	-9	0	0	0	0	0	0
-2	9	-8	0	0	0	0	0	0
-2	9	-7	0	0	0	0	0	0
-2	9	-6	0	0	0	0	0	0
-2	9	-5	0	0	0	0	0	0
-2	9	-4	0	0	0	0	0	0
-2	9	-3	0	0	0	0	0	0
-2	9	-2	0	0	0	0	0	0
-2	9	-1	0	0	0	0	0	0
-2	9	0	0	0	0	0	0	0
-2	9	1	0	0	0	0	0	0
-2	9	2	0	0	0	0	0	0
-2	9	3	0	0	0	0	0	0
-2	9	4	0	0	0	0	0	0
-2	9	5	0	0	0	0	0	0
-2	9	6	0	0	0	0	0	0
-2	9	7	0	0	0	0	0	0
-2	9	8	0	0	0	0	0	0
-2	9	9	0	0	0	0	0	0
-2	9	10	0	0	0	0	0	0
-2	9	11	0	0	0	0	0	0
-2	9	12	0	0	0	0	0	0
-2	10	-12	0	0	0	0	0	0
-2	10	-11	0	0	0	0	0	0
-2	10	-10	0	0	0	0	0	0
-2	10	-9	0	0	0	0	0	0
-2	10	-8	0	0	0	0	0	0
-2	10	-7	0	0	0	0	0	0
-2	10	-6	0	0	0	0	0	0
-2	10	-5	0	0	0	0	0	0
-2	10	-4	0	0	0	0	0	0
-2	10	-3	0	0	0	0	0	0
-2	10	-2	0	0	0	0	0	0
-2	10	-1	0	0	0	0	0	0
-2	10	0	0	0	0	0	0	0
-2	10	1	0	0	0	0	0	0
-2	10	2	0	0	0	0	0	0
-2	10	3	0	0	0	0	0	0
-2	10	4	0	0	0	0	0	0
-2	10	5	0	0	0	0	0	0
-2	10	6	0	0	0	0	0	0
-2	10	7	0	0	0	0	0	0
-2	10	8	0	0	0	0	0	0
-2	10	9	0	0	0	0	0	0
-2	10	10	0	0	0	0	0	0
-2	10	11	0	0	0	0	0	0
-2	10	12	0	0	0	0	0	0
-2	11	-12	0	0	0	0	0	0
-2	11	-11	0	0	0	0	0	0
-2	11	-10	0	0	0	0	0	0
-2	11	-9	0	0	0	0	0	0
-2	11	-8	0	0	0	0	0	0
-2	11	-7	0	0	0	0	0	0
-2	11	-6	0	0	0	0	0	0
-2	11	-5	0	0	0	0	0	0
-2	11	-4	0	0	0	0	0	0
-2	11	-3	0	0	0	0	0	0
-2	11	-2	0	0	0	0	0	0
-2	11	-1	0	0	0	0	0	0
-2	11	0	0	0	0	0	0	0
-2	11	1	0	0	0	0	0	0
-2	11	2	0	0	0	0	0	0
-2	11	3	0	0	0	0	0	0
-2	11	4	0	0	0	0	0	0
-2	11	5	0	0	0	0	0	0
-2	11	6	0	0	0	0	0	0
-2	11	7	0	0	0	0	0	0
-2	11	8	0	0	0	0	0	0
-2	11	9	0	0	0	0	0	0
-2	11	10	0	0	0	0	0	0
-2	11	11	0	0	0	0	0	0
-2	11	12	0	0	0	0	0	0
-2	12	-12	0	0	0	0	0	0
-2	12	-11	0	0	0	0	0	0
-2	12	-10	0	0	0	0	0	0
-2	12	-9	0	0	0	0	0	0
-2	12	-8	0	0	0	0	0	0
-2	12	-7	0	0	0	0	0	0
-2	12	-6	0	0	0	0	0	0
-2	12	-5	0	0	0	0	0	0
-2	12	-4	0	0	0	0	0	0
-2	12	-3	0	0	0	0	0	0
-2	12	-2	0	0	0	0	0	0
-2	12	-1	0	0	0	0	0	0
-2	12	0	0	0	0	0	0	0
-2	12	1	0	0	0	0	0	0
-2	12	2	0	0	0	0	0	0
-2	12	3	0	0	0	0	0	0
-2	12	4	0	0	0	0	0	0
-2	12	5	0	0	0	0	0	0
-2	12	6	0	0	0	0	0	0
-2	12	7	0	0	0	0	0	0
-2	12	8	0	0	0	0	0	0
-2	12	9	0	0	0	0	0	0
-2	12	10	0	0	0	0	0	0
-2	12	11	0	0	0	0	0	0
-2	12	12	0	0	0	0	0	0
-1	-12	-12	0	0	0	0	0	0
-1	-12	-11	0	0	0	0	0	0
-1	-12	-10	0	0	0	0	0	0
-1	-12	-9	0	0	0	0	0	0
-1	-12	-8	0	0	0	0	0	0
-1	-12	-7	0	0	0	0	0	0
-1	-12	-6	0	0	0	0	0	0
-1	-12	-5	0	0	0	0	0	0
-1	-12	-4	0	0	0	0	0	0
-1	-12	-3	0	0	0	0	0	0
-1	-12	-2	0	0	0	0	0	0
-1	-12	-1	0	0	0	0	0	0
-1	-12	0	0	0	0	0	0	0
-1	-12	1	0	0	0	0	0	0
-1	-12	2	0	0	0	0	0	0
-1	-12	3	0	0	0	0	0	0
-1	-12	4	0	0	0	0	0	0
-1	-12	5	0	0	0	0	0	0
-1	-12	6	0	0	0	0	0	0
-1	-12	7	0	0	0	0	0	0
-1	-12	8	0	0	0	0	0	0
-1	-12	9	0	0	0	0	0	0
-1	-12	10	0	0	0	0	0	0
-1	-12	11	0	0	0	0	0	0
-1	-12	12	0	0	0	0	0	0
-1	-11	-12	0	0	0	0	0	0
-1	-11	-11	0	0	0	0	0	0
-1	-11	-10	0	0	0	0	0	0
-1	-11	-9	0	0	0	0	0	0
-1	-11	-8	0	0	0	0	0	0
-1	-11	-7	0	0	0	0	0	0
-1	-11	-6	0	0	0	0	0	0
-1	-11	-5	0	0	0	0	0	0
-1	-11	-4	0	0	0	0	0	0
-1	-11	-3	0	0	0	0	0	0
-1	-11	-2	0	0	0	0	0	0
-1	-11	-1	0	0	0	0	0	0
-1	-11	0	0	0	0	0	0	0
-1	-11	1	0	0	0	0	0	0
-1	-11	2	0	0	0	0	0	0
-1	-11	3	0	0	0	0	0	0
-1	-11	4	0	0	0	0	0	0
-1	-11	5	0	0	0	0	0	0
-1	-11	6	0	0	0	0	0	0
-1	-11	7	0	0	0	0	0	0
-1	-11	8	0	0	0	0	0	0
-1	-11	9	0	0	0	0	0	0
-1	-11	10	0	0	0	0	0	0
-1	-11	11	0	0	0	0	0	0
-1	-11	12	0	0	0	0	0	0
-1	-10	-12	0	0	0	0	0	0
-1	-10	-11	0	0	0	0	0	0
-1	-10	-10	0	0	0	0	0	0
-1	-10	-9	0	0	0	0	0	0
-1	-10	-8	0	0	0	0	0	0
-1	-10	-7	0	0	0	0	0	0
-1	-10	-6	0	0	0	0	0	0
-1	-10	-5	0	0	0	0	0	0
-1	-10	-4	0	0	0	0	0	0
-1	-10	-3	0	0	0	0	0	0
-1	-10	-2	0	0	0	0	0	0
-1	-10	-1	0	0	0	0	0	0
-1	-10	0	0	0	0	0	0	0
-1	-10	1	0	0	0	0	0	0
-1	-10	2	0	0	0	0	0	0
-1	-10	3	0	0	0	0	0	0
-1	-10	4	0	0	0	0	0	0
-1	-10	5	0	0	0	0	0	0
-1	-10	6	0	0	0	0	0	0
-1	-10	7	0	0	0	0	0	0
-1	-10	8	0	0	0	0	0	0
-1	-10	9	0	0	0	0	0	0
-1	-10	10	0	0	0	0	0	0
-1	-10	11	0	0	0	0	0	0
-1	-10	12	0	0	0	0	0	0
-1	-9	-12	0	0	0	0	0	0
-1	-9	-11	0	0	0	0	0	0
-1	-9	-10	0	0	0	0	0	0
-1	-9	-9	0	0	0	0	0	0
-1	-9	-8	0	0	0	0	0	0
-1	-9	-7	0	0	0	0	0	0
-1	-9	-6	0	0	0	0	0	0
-1	-9	-5	0	0	0	0	0	0
-1	-9	-4	0	0	0	0	0	0
-1	-9	-3	0	0	0	0	0	0
-1	-9	-2	0	0	0	0	0	0
-1	-9	-1	0	0	0	0	0	0
-1	-9	0	0	0	0	0	0	0
-1	-9	1	0	0	0	0	0	0
-1	-9	2	0	0	0	0	0	0
-1	-9	3	0	0	0	0	0	0
-1	-9	4	0	0	0	0	0	0
-1	-9	5	0	0	0	0	0	0
-1	-9	6	0	0	0	0	0	0
-1	-9	7	0	0	0	0	0	0
-1	-9	8	0	0	0	0	0	0
-1	-9	9	0	0	0	0	0	0
-1	-9	10	0	0	0	0	0	0
-1	-9	11	0	0	0	0	0	0
-1	-9	12	0	0	0	0	0	0
-1	-8	-12	0	0	0	0	0	0
-1	-8	-11	0	0	0	0	0	0
-1	-8	-10	0	0	0	0	0	0
-1	-8	-9	0	0	0	0	0	0
-1	-8	-8	2.3737275662516854158e-05	-2.3594414681668166686e-06	4.0573793484666291237e-06	7.4723169596443758854e-06	-7.0245388062812358934e-06	-7.1773867761235240665e-06
-1	-8	-7	-2.0396118800161683196e-05	7.3854567171165494722e-06	-2.1328320372546484687e-05	4.9190261211865708981e-06	2.728895454007622344e-05	-6.6768093838013025006e-06
-1	-8	-6	2.41007459102901683e-05	1.7413090305808130492e-05	-1.2440182694214140126e-05	-5.459533737499179255e-06	1.2570119273903826581e-05	4.3771965990308839246e-06
-1	-8	-5	-3.3724368586984668564e-05	8.388149674726028132e-06	3.0548174275458997817e-06	1.618711424657337926e-05	1.8571658333234946127e-06	-2.7577012729462612443e-05
-1	-8	-4	-9.9446063190075760648e-06	4.1791909107554027882e-05	-1.0007192394713392139e-05	-1.8412919417409542921e-06	2.2500536369178677446e-05	-6.7653933934065975392e-06
-1	-8	-3	-1.7506222960092969124e-05	-2.802946481136321899e-05	5.2365474425540854456e-06	-7.1840170562282789707e-06	-8.128718860113238147e-06	2.8500533753729818048e-05
-1	-8	-2	7.0310485505858344945e-05	2.8818672908351413087e-05	-1.5513234126866119874e-06	-1.6931779295741165896e-05	-2.8949949102182727064e-05	5.3317780728788962124e-05
-1	-8	-1	4.955763753138129734e-05	2.8127499296487425574e-05	-4.2463402660376239965e-06	-1.0064766422072449407e-05	-1.5586915403080312144e-05	5.2390632080092176457e-05
-1	-8	0	3.9951504696961236216e-05	2.1143485201826376442e-05	-4.993938087120154527e-06	-2.6429356502282970553e-06	-4.7760290891991684186e-05	-6.4965352036761760276e-05
-1	-8	1	1.8955513015475339983e-05	2.3946118223518500083e-05	-1.5354634662517939551e-05	-5.6552635414597352567e-06	-0.00010388156428466817642	-2.1295990108159381971e-05
-1	-8	2	4.6484844154819997253e-05	-3.7049695928951087551e-05	-9.2230131471548511556e-06	4.7402384324735164287e-06	-1.3649630511209409384e-05	4.3610576541852352755e-07
-1	-8	3	3.3196711843672838951e-05	1.166162157659797794e-06	1.358647323048799934e-05	5.7074800082203669445e-06	4.7296165895858942297e-05	1.5608667407807578348e-05
-1	-8	4	9.7414829708104179196e-06	6.94657134518765786e-06	1.5498917628629772336e-05	9.3946668258117907251e-06	3.3433205999962147881e-05	2.0525976487920499092e-05
-1	-8	5	3.219526491159137487e-06	-1.5573867349561372903e-05	-8.5204250456170328926e-06	-6.8956474043800155109e-06	-1.2988774774755424877e-05	-1.4147809316920299398e-05
-1	-8	6	6.9224149420453444126e-06	1.5287924424175260716e-05	-1.9766033220134837433e-05	-2.1565324927762672189e-05	-2.5200975136505559458e-05	-2.6205779166321019466e-05
-1	-8	7	1.000526471561058514e-05	2.1471304095199615039e-05	2.3171540656069910792e-05	-4.3302575706726855067e-06	2.7911084280595693747e-05	-1.8815366385974100406e-06
-1	-8	8	-4.3922175453085296005e-07	1.8585969158851214902e-06	4.9663333076152542473e-06	-2.938498990242186887e-06	4.9114305882988972766e-06	-2.706174375756546886e-06
-1	-8	9	0	0	0	0	0	0
-1	-8	10	0	0	0	0	0	0
-1	-8	11	0	0	0	0	0	0
-1	-8	12	0	0	0	0	0	0
-1	-7	-12	0	0	0	0	0	0
-1	-7	-11	0	0	0	0	0	0
-1	-7	-10	0	0	0	0	0	0
-1	-7	-9	0	0	0	0	0	0
-1	-7	-8	-1.900646369801935076e-05	-1.8812066930646909507e-05	-1.1863125949157365144e-05	3.7804597125092497862e-06	1.2756043167765112922e-05	-9.5639388211472987454e-07
-1	-7	-7	-2.5330085220658549606e-05	-4.8433779159651166559e-06	3.0390725663464073114e-06	-1.8927415719428116912e-05	5.7951103660481416671e-07	1.9619326850280276555e-05
-1	-7	-6	2.6878076717124863167e-05	2.5898480837600043363e-06	-1.6903791978134292165e-05	2.7388584162831919929e-05	1.5241411188302532025e-05	-3.2384989537263910483e-05
-1	-7	-5	5.4016680431177445496e-05	-1.7484326221118219301e-06	-6.1661591084551656879e-06	-1.0247923260217537387e-06	-2.1707133343982576443e-06	1.7843957808528196202e-06
-1	-7	-4	6.8375262239836704918e-06	-7.2859721241515057016e-06	-6.2846559117467899787e-06	-1.63850323631363846e-06	9.2887662895609644163e-06	4.6888736945867437304e-06
-1	-7	-3	5.8866780963176616433e-05	-7.7162607680140684929e-06	9.0064158822998078224e-06	-2.3668161932180034531e-05	-4.0637230713091755934e-05	5.7797798097758097192e-05
-1	-7	-2	6.7192303740215274265e-05	3.6332014038969521444e-05	-1.7257672965809317149e-05	-2.2170429267009141944e-05	2.6805703510224981358e-05	5.9430495415047241163e-05
-1	-7	-1	5.7314967304357713974e-05	1.1433202153523562653e-05	-4.4919789372257873012e-06	5.117449800693199625e-06	-2.5871114743777203713e-05	-4.7255350758375958334e-05
-1	-7	0	2.6076669572868845616e-05	-4.9683050064579169463e-05	-3.7252385104098352694e-06	7.0975785806541671872e-06	8.1002533775614879143e-06	2.5930263986600500786e-05
-1	-7	1	6.7099080933558753271e-05	-2.4972872094046207342e-06	-1.5657250433620837965e-05	-1.6878035065554903197e-06	-4.2501672101787119258e-05	-1.431191175529305276e-05
-1	-7	2	-4.1053859517282281856e-06	-1.7744574300949605099e-05	-1.8448869134056364679e-05	5.8771049242282174559e-06	-6.6623734945061395128e-05	1.1697580084323957699e-05
-1	-7	3	-3.3947298339545158258e-05	6.3159284055497196992e-06	3.7871802536878946997e-06	1.4171252316612111311e-05	-2.4790121879099651199e-06	3.5171564873944832677e-05
-1	-7	4	-9.3182607431802255335e-06	1.943169365017418583e-05	1.4350055094372485695e-06	5.9089631907769826584e-06	1.8169445572012861331e-07	1.519860899640326611e-05
-1	-7	5	7.9841919681446599065e-06	-5.1543526340228309926e-05	1.5225797304394500878e-05	1.5430351134207048395e-06	2.2912954619781230838e-05	-8.1484561092566737699e-06
-1	-7	6	-6.6737947476788783333e-06	1.7326999687529070018e-05	2.5331164307436259286e-06	-1.1033605453750104316e-05	1.8430033779210837905e-06	-9.9847064147869428013e-06
-1	-7	7	-3.3895818178651761817e-05	-2.1691778255305495975e-05	-1.2306039027502009968e-05	-4.9719307619418886537e-06	-1.7148298767309404271e-05	-8.0707562269855314199e-06
-1	-7	8	-1.4179392041924015498e-07	-6.4147989671117280265e-06	-9.9877742894557694969e-06	9.5134173043863005242e-07	-8.7570267433262028659e-06	3.0574143244835226379e-08
-1	-7	9	0	0	0	0	0	0
-1	-7	10	0	0	0	0	0	0
-1	-7	11	0	0	0	0	0	0
-1	-7	12	0	0	0	0	0	0
-1	-6	-12	0	0	0	0	0	0
-1	-6	-11	0	0	0	0	0	0
-1	-6	-10	0	0	0	0	0	0
-1	-6	-9	0	0	0	0	0	0
-1	-6	-8	-5.2119425690620279756e-06	4.9122139812590217818e-06	3.029096889387175603e-05	1.391638566502166314e-06	-2.2066733849271062679e-05	-1.6577556725340025641e-06
-1	-6	-7	-2.5164157863551469819e-05	4.9675678680546082996e-05	-4.2674901090102028325e-05	6.2718402372941216926e-08	4.0173366343451949022e-05	-7.1502841563976765509e-06
-1	-6	-6	1.8678709931134661418e-05	-3.6348412967370306826e-05	1.4546025033770706606e-05	2.5499977328145361584e-05	-1.7659143355626484074e-05	-1.9441908500250312705e-05
-1	-6	-5	1.5244509248956599192e-05	-4.4535683243904053321e-05	2.6040097289027282662e-05	-1.1756950845516547517e-05	-3.4297018596624058017e-05	2.3015477663400667007e-05
-1	-6	-4	-3.9882159755702633046e-05	-3.435313480742961125e-05	-2.6799362769625241135e-05	-4.645118232387108147e-05	5.0169584093363519964e-05	7.8265057187664025017e-05
-1	-6	-3	-4.1550845835765786251e-06	2.0930041422134630858e-05	3.5255666801373923124e-05	2.3808855799784198644e-06	-6.9126305408222327663e-05	-1.1738451634001716964e-05
-1	-6	-2	4.2981595005147786755e-05	7.1040271826818822831e-07	1.0417984405988009832e-05	-2.0414067582585474533e-05	-5.274475072053792118e-05	6.0887001388622332397e-05
-1	-6	-1	1.6680861489005816776e-05	-7.2655463091698792104e-05	-3.3537709094847585319e-05	3.1857897374408319382e-05	0.0001845453930800797053	-0.00011849192115475112419
-1	-6	0	5.2975347748278191846e-05	0.00010491730344708748363	-8.8292246247130319744e-06	-1.7486217241181246143e-05	2.9176426978106313759e-05	-4.4989794424339199478e-06
-1	-6	1	7.4470378654843926965e-05	4.95906592190422193e-05	4.345526137322684922e-07	-1.5970839377047134475e-05	7.7077694337237547765e-05	-4.6234377043240587547e-05
-1	-6	2	-3.4847169312784726392e-05	-2.2082016188440812399e-05	1.6240676469845770314e-05	1.7890799281340718282e-05	3.1298444753144947746e-05	4.2631389749801753728e-05
-1	-6	3	3.7207325829215928095e-05	-7.9533118018093963887e-06	1.1285380961070748694e-05	3.0163189074417267345e-06	3.4973203865213473419e-05	3.3815338809469881473e-06
-1	-6	4	3.8021264719219364711e-05	-5.1776919848675094309e-05	7.3581367339219878038e-06	-1.6341351005966810162e-05	2.054252128068782246e-05	-3.745625647111898882e-05
-1	-6	5	-3.8683861469420310235e-05	5.064716159366672261e-05	2.1214585970563613036e-05	-1.2194053838870484225e-05	1.7720730870792272241e-05	-4.5034322879112379033e-06
-1	-6	6	-3.5913019596303265139e-05	-3.2116659143142128776e-05	2.5905955856124723673e-05	2.5958897676036183776e-06	1.9920452590074178354e-05	-2.7568867562534035087e-06
-1	-6	7	-1.9877669793614014475e-05	-6.8008326807155803479e-05	-4.3076359041564248197e-06	1.9635363804317249059e-05	-6.5319264597932231e-06	7.1148365741068124977e-06
-1	-6	8	1.5555757287204674034e-06	-1.7174620837679465215e-05	1.6083145452111643532e-05	5.8887557441960472886e-06	1.2256806055173792265e-05	2.2697392034371021028e-06
-1	-6	9	0	0	0	0	0	0
-1	-6	10	0	0	0	0	0	0
-1	-6	11	0	0	0	0	0	0
-1	-6	12	0	0	0	0	0	0
-1	-5	-12	0	0	0	0	0	0
-1	-5	-11	0	0	0	0	0	0
-1	-5	-10	0	0	0	0	0	0
-1	-5	-9	0	0	0	0	0	0
-1	-5	-8	3.4892185149279484105e-05	4.1768437294942683871e-07	1.1079456973886486532e-06	2.3949381479699113074e-06	-5.053989204527840895e-06	-1.5490468890998730808e-06
-1	-5	-7	-2.3942169699247826974e-05	-2.496034441813950092e-05	-1.4808735949697059039e-05	1.6203417396983665872e-05	1.3997978492533302925e-05	-8.0081060809684030948e-06
-1	-5	-6	4.4928006328753714531e-06	-2.5362071079102854829e-05	-3.8994612072643179126e-05	-7.4845797397378467699e-06	3.1746709955056756571e-05	1.0464161629632014639e-05
-1	-5	-5	-1.5038238363138057692e-05	7.4530080458855296494e-05	1.2066218495484396596e-05	3.3856750106375297477e-05	-9.0585708228567850573e-06	-4.8762766198146356776e-05
-1	-5	-4	6.9864013164560256029e-05	6.4108963214914543556e-05	-6.8713569508728388683e-05	-4.7619615216266574702e-05	6.8425958594770411683e-05	4.3497278216604580794e-05
-1	-5	-3	3.8567315844088003666e-05	6.2299153387110258471e-05	1.8112443920981993755e-05	-3.4329092777400741507e-05	-4.3043178482999323018e-05	3.6448770166631140653e-05
-1	-5	-2	6.0832601662270043854e-05	-1.8023573477689903609e-06	1.0682272038397839291e-05	-4.2159167255526174977e-05	-5.7121980927129621002e-05	0.00010629909681269992616
-1	-5	-1	5.7624919008572457718e-06	0.00010234378419778818723	1.961311653052098871e-06	-4.367239634420470748e-05	-1.5569050166117739703e-05	0.00011601819752323534339
-1	-5	0	-7.8424284094232032689e-05	0.00013859318068826031274	1.5684856818846407215e-05	-2.7718636137652063903e-05	-8.8800133675379200435e-05	7.8730390482585461639e-05
-1	-5	1	1.506732340137705016e-05	6.0771715730110627252e-05	-2.666773725653936105e-05	-2.2266878051173804702e-06	-0.00011827136288131976695	4.9638276704523722784e-05
-1	-5	2	-0.00010851727619630923641	3.4043484471017000301e-05	9.4096004402799066822e-06	-9.3465227758270916008e-06	-3.0734636997454852349e-05	-6.3445647040592280047e-06
-1	-5	3	6.5971076588136002487e-05	-2.0500597080497183207e-05	6.7122237803170301928e-06	4.5221871390300939374e-05	3.3177398496573715558e-05	6.8536253290335844663e-05
-1	-5	4	-5.7792903954177285661e-06	0.00013874282396891782936	-3.1830099745777858946e-05	-6.8436202749245369524e-06	-4.1232447281076760695e-05	2.613118064857378848e-05
-1	-5	5	4.2843348959709960655e-06	-8.4392897952685672189e-06	1.5794906223797139724e-05	3.7094866785268917349e-06	1.6651773202991338937e-05	2.0216287194731783759e-06
-1	-5	6	1.1074097236135065458e-05	5.3138524771306506209e-05	-5.0810052182732335705e-06	5.3540896034217227452e-05	-2.3884881425385173481e-06	5.347383415706543719e-05
-1	-5	7	-1.1942674035085999216e-05	-1.0030077544656912773e-05	2.8580723800050440546e-06	-1.4787847637234886482e-05	3.3538398070560318203e-07	-1.1995616532975906696e-05
-1	-5	8	1.0562146394125859362e-05	2.8801957162771037093e-05	3.245495216145513168e-06	-1.2914850520888212178e-05	3.3487028093566780973e-06	-4.4715369302087523394e-06
-1	-5	9	0	0	0	0	0	0
-1	-5	10	0	0	0	0	0	0
-1	-5	11	0	0	0	0	0	0
-1	-5	12	0	0	0	0	0	0
-1	-4	-12	0	0	0	0	0	0
-1	-4	-11	0	0	0	0	0	0
-1	-4	-10	0	0	0	0	0	0
-1	-4	-9	0	0	0	0	0	0
-1	-4	-8	-1.6129252930294036504e-05	-1.9011880882818027927e-05	1.8281054473583775635e-05	-1.9669158902974119937e-05	-7.1243706205051336779e-06	1.2211064561839312612e-05
-1	-4	-7	4.2447691206287561591e-06	-1.970764725115560544e-05	-3.382317605299378898e-05	4.5354475156601815335e-05	1.8721133584478056141e-05	-2.3101464767893094184e-05
-1	-4	-6	-4.5295290696997837798e-05	0.00010835220117740281616	2.3636632626601802051e-05	-9.498386053290050696e-05	-8.2085399682348961974e-06	4.526387349236653528e-05
-1	-4	-5	-0.00012102088701613326351	8.9715161553025396719e-05	7.4387095434642696266e-05	1.538766518215063653e-05	-3.5305498944487507021e-05	-3.0253164456325588568e-05
-1	-4	-4	-4.788355945929906668e-05	5.4072996998050571241e-05	0.00010849524565258006185	-2.7815455668357925236e-05	-9.6524355787755295182e-05	1.4297206418845282425e-05
-1	-4	-3	-0.00034505836406666014898	1.3497311341053615371e-05	-7.5295045652547555061e-05	2.5701857507844242453e-05	0.00021541284889228345641	-3.8768247124143528394e-05
-1	-4	-2	7.4645118186979911366e-05	-0.00029458112939192000702	-5.2702913425815702626e-05	3.4911788851678435643e-05	6.8083267758141442793e-05	7.7466986992603132224e-05
-1	-4	-1	0.00028733133793975456673	-9.2304468856369435085e-05	-5.1429748965531756663e-05	-3.6783413019795051333e-05	-8.1612342077627567181e-05	0.00023943812093554965397
-1	-4	0	0.00034685389766384608183	9.0284986329997689021e-05	-8.6713474415961520458e-05	-2.2571246582499422255e-05	-4.1169549984294006326e-05	0.00020195057398748186904
-1	-4	1	5.417963932076678838e-05	-0.00026644681103103030157	-0.00010721953247842379861	3.1954803013557178323e-05	-0.00037469849059292839252	-0.00013862759897680161539
-1	-4	2	-0.00025115247913598347631	0.00019141269245167335578	3.3238774291979737761e-05	1.9304816851485395246e-05	-5.909869098403226263e-05	0.00013431597992880748194
-1	-4	3	-0.00011110045934196704077	-6.2553889442894169146e-05	-7.7063657371306549778e-05	5.4108266903249838174e-05	-0.00013978502960906440426	5.1293059390035063443e-05
-1	-4	4	-0.00011600622791633216982	-4.7520412424019210795e-05	-1.9012656519532311524e-05	6.2879597920426609243e-05	-4.8014213498615350591e-05	5.0999494814421801462e-05
-1	-4	5	2.7337541660942166102e-05	0.00012468258338143968305	-3.9533393640438898372e-05	5.8142167014909755312e-05	-2.6159206580162686155e-05	7.1450250288215732728e-05
-1	-4	6	-2.0239782592742326249e-05	4.9719682961906256323e-05	-3.385088719183325975e-05	-2.7175830155109303814e-05	-2.5940555226679230929e-05	-9.8306062764218247947e-06
-1	-4	7	1.2717578888520683514e-05	-3.2221769098515121285e-05	-1.384003508159964611e-05	1.0256848893375874264e-05	-6.0917944911254145391e-06	1.2579466392840539236e-06
-1	-4	8	3.5863477919280741261e-05	7.3627509597642978672e-06	-3.7369002697268312871e-05	-4.5212674773724648375e-06	-1.4201566608724062931e-05	-1.3402898687156951854e-06
-1	-4	9	0	0	0	0	0	0
-1	-4	10	0	0	0	0	0	0
-1	-4	11	0	0	0	0	0	0
-1	-4	12	0	0	0	0	0	0
-1	-3	-12	0	0	0	0	0	0
-1	-3	-11	0	0	0	0	0	0
-1	-3	-10	0	0	0	0	0	0
-1	-3	-9	0	0	0	0	0	0
-1	-3	-8	-4.5160322689829373883e-05	7.5697381992869672003e-05	1.0551026646897827566e-05	-1.4699858462134301259e-05	1.6884053436419863981e-06	-3.9497258258083460284e-06
-1	-3	-7	-1.6442542817186195109e-05	-4.2549544488365068887e-05	3.728660729723145287e-05	-1.6937823406226676446e-05	-1.3631039867786881226e-05	1.3337573529577870449e-05
-1	-3	-6	-6.1121416397628593192e-06	0.00010402282319835679913	4.1147949483011647947e-05	-9.7588698335512346537e-06	-1.9555284468212015498e-05	-1.2457702282950515579e-05
-1	-3	-5	-3.2696767835243723964e-05	-4.3009214406484199366e-05	7.3274126299997102761e-05	-1.6730554037998537903e-05	-3.7425122212949512798e-05	1.864017530409596126e-05
-1	-3	-4	-8.1958989135753911905e-05	-5.4932355140211518271e-05	9.3649492769341631721e-05	0.00011801515338208928417	-4.9747372293067742427e-05	-7.4778276251514090339e-05
-1	-3	-3	0	0	0	0	0	0
-1	-3	-2	0	0	0	0	0	0
-1	-3	-1	0	0	0	0	0	0
-1	-3	0	0	0	0	0	0	0
-1	-3	1	0	0	0	0	0	0
-1	-3	2	0	0	0	0	0	0
-1	-3	3	0	0	0	0	0	0
-1	-3	4	8.4763744344044139232e-05	-3.8918653406736061816e-05	5.5129883967013235352e-05	5.1972623844695597776e-05	6.2538349061270966404e-05	2.924980453183767949e-05
-1	-3	5	-0.00010739515454632771847	5.0666250875247156947e-05	-9.3896741927811908394e-05	1.7351743121032781302e-05	-7.7817076065952694151e-05	2.0544296047669098138e-05
-1	-3	6	4.0645207541582673761e-07	6.373734707114919447e-05	5.0058505264901602885e-06	1.8135504284214035191e-05	2.5706672758143842652e-06	1.9690643320631882776e-05
-1	-3	7	-8.4535932132117579102e-06	-4.3752485729085127832e-06	-3.8271407044429351437e-05	9.972354934507490277e-06	-1.7609687763785688186e-05	3.6488308900877082925e-06
-1	-3	8	3.5910461434359126703e-05	-4.3437450079578130769e-05	-4.5288229195758520176e-05	3.7643425351829603155e-05	-1.2494278269114554228e-05	8.6866032469888348371e-06
-1	-3	9	0	0	0	0	0	0
-1	-3	10	0	0	0	0	0	0
-1	-3	11	0	0	0	0	0	0
-1	-3	12	0	0	0	0	0	0
-1	-2	-12	0	0	0	0	0	0
-1	-2	-11	0	0	0	0	0	0
-1	-2	-10	0	0	0	0	0	0
-1	-2	-9	0	0	0	0	0	0
-1	-2	-8	2.4799101824400783089e-05	4.1185877724965891066e-06	4.9609372046309598351e-05	5.7136002478013062629e-06	-1.5502230739627496627e-05	-1.9432235335124003099e-06
-1	-2	-7	-4.0874995175457573071e-05	-1.4980810814998919768e-05	3.6416166066851816919e-05	-4.3708481129845757826e-05	-4.5653338511780084389e-06	1.4628253296384348159e-05
-1	-2	-6	-3.8926627980650119372e-05	-1.4431992610609381905e-05	2.1950763901660557152e-05	7.253988670205175379e-05	-8.2914997044516613964e-07	-2.177463013224901784e-05
-1	-2	-5	-8.2851455240324077521e-07	1.1939592596149258889e-05	3.6371575209374165151e-05	0.00016387674891276006852	-1.4382927173269016995e-05	-6.7938618084333876135e-05
-1	-2	-4	0.00013412165803668220387	0.00015921068640828374332	9.974298591600275332e-06	-0.00012897272953909375199	-3.8517563804970691174e-05	2.4683693167475940166e-05
-1	-2	-3	0	0	0	0	0	0
-1	-2	-2	0.021039890763431670639	-0.0067383009130643099424	-0.010552914394078566698	0.031462989626227642892	3.2969012362732889692e-05	-0.028093839169695485752
-1	-2	-1	-0.033463925540962148608	-0.0067610174484118426216	0.0092053566772266112034	-0.019940244758279841025	0.015053212186508929671	0.04664150696497152554
-1	-2	0	0.068253810021950980791	0.020581456133395067271	-0.034126905010975490395	-0.010290728066697533635	-0.058292122632320246545	-0.041750596885794334645
-1	-2	1	-0.050989568582610861336	0.0036714033486002859569	0.039777625402788480136	-0.012485522433054939764	0.028565682222966098935	-0.021299641517509591837
-1	-2	2	0.026514888469351478167	-0.015809797364955219257	-0.0011497084271450124394	0.027497792050237404582	0.012107735807530725994	0.019592893367759794954
-1	-2	3	0	0	0	0	0	0
-1	-2	4	-0.00011292431207192105776	-0.00011985999341683612992	-0.00014704809134634286251	-0.00016193653059877666971	-0.00010175512369115169908	-0.00011093326365359737072
-1	-2	5	8.4070218937219844617e-06	3.8053028303331232663e-05	-5.8122197054655308203e-06	0.00019806636743713117426	-6.434835034418154993e-07	8.6837152635518708105e-05
-1	-2	6	4.1456974680051428587e-05	-6.2475245010147220125e-06	-5.0543534936578540784e-05	4.0254856312510392936e-05	-9.9383491988509404695e-06	1.2377031354001011632e-05
-1	-2	7	5.6759716885616465351e-05	-3.2812203676034510725e-05	-4.4799325052283730272e-05	7.2452458041032732081e-05	-4.6912761741358569403e-06	1.6013244629432993348e-05
-1	-2	8	4.8030873750070755422e-07	4.3095043044909186293e-06	9.0519030466619513078e-07	1.8551522011212595608e-05	2.8633616835413725344e-07	5.176568540864514366e-06
-1	-2	9	0	0	0	0	0	0
-1	-2	10	0	0	0	0	0	0
-1	-2	11	0	0	0	0	0	0
-1	-2	12	0	0	0	0	0	0
-1	-1	-12	0	0	0	0	0	0
-1	-1	-11	0	0	0	0	0	0
-1	-1	-10	0	0	0	0	0	0
-1	-1	-9	0	0	0	0	0	0
-1	-1	-8	-1.6076655977296966821e-05	1.276294091055731526e-05	2.0846899844227410669e-05	4.2061549026540148819e-05	-5.9628048336630516336e-07	-6.8530612421371823746e-06
-1	-1	-7	-5.1119615613845243059e-05	1.0341640640391082997e-05	-3.7719732414356081575e-05	-2.6637441009180006483e-06	1.2691335432600189475e-05	-1.0968423627818687557e-06
-1	-1	-6	2.2988254061684038288e-05	6.2183387932783482414e-05	3.2659795018699914104e-05	-6.8501113043694454824e-05	-9.2746748467306581673e-06	1.0529541851518288056e-06
-1	-1	-5	-0.00010307841886388407972	0.0002066420371241026112	7.6746103885163885526e-05	-0.00013839309974236302467	5.2664629957440379916e-06	-1.3649787476347912901e-05
-1	-1	-4	0.00015896277674661268148	1.5541618866781896141e-05	-3.5178072796273730067e-05	-0.00013205631239816866462	-3.094617598758473277e-05	2.912867338284669212e-05
-1	-1	-3	0	0	0	0	0	0
-1	-1	-2	0.0069327759701319820879	-0.010748160293503008014	0.041337703054717553353	0.025422210331361737301	-0.024135239512424768588	-0.0073370250189293655108
-1	-1	-1	-0.089209477315549498555	0.013954458844213315019	0.036858546984361389987	-0.03285357099680205617	0.052350930331188108569	0.018899112152588739416
-1	-1	0	0.07555818162046400166	-0.050931349425127489527	-0.07555818162046400166	0.050931349425127489527	-0.12145567188055959862	-0.0068656087165471450101
-1	-1	1	-0.0068992795464453719398	0.036692080913589511515	0.00091202605615973173035	-0.061362767101576558282	-0.0059872534902856398842	-0.024670686187987050236
-1	-1	2	0.0012701831223413330603	-0.034159934344080995772	0.04546495513194891841	0.0052131640739603085297	0.023367569127145125518	-0.014473385135060343187
-1	-1	3	0	0	0	0	0	0
-1	-1	4	-7.2804046918133335392e-05	-0.00030468088914995059696	-0.00025659042883714603192	-9.2966855255856021742e-05	-8.234861893881983844e-05	-9.9411936101451658064e-05
-1	-1	5	-5.0085017761661200107e-05	6.3615077197268367385e-08	-9.9618478451481518672e-06	-3.6964882150849432351e-05	-1.2009373121361871072e-05	-7.3802534147304330164e-06
-1	-1	6	-5.6334505577635298585e-05	-6.7452606208084561756e-05	6.7793112122257272222e-05	2.2036809535707525815e-05	1.9097677574369950414e-06	-7.569299445396172657e-06
-1	-1	7	8.6900446332525732758e-05	-7.8755921655515226843e-05	1.7717381763943906408e-05	4.5398498722204600993e-05	1.4945404013781377024e-05	-4.7653461333300898911e-06
-1	-1	8	3.0796738522947482615e-05	-3.114983818597933296e-05	1.1948226045301554469e-05	-5.1561363219099962108e-05	5.343120571031129212e-06	-1.033890017563491273e-05
-1	-1	9	0	0	0	0	0	0
-1	-1	10	0	0	0	0	0	0
-1	-1	11	0	0	0	0	0	0
-1	-1	12	0	0	0	0	0	0
-1	0	-12	0	0	0	0	0	0
-1	0	-11	0	0	0	0	0	0
-1	0	-10	0	0	0	0	0	0
-1	0	-9	0	0	0	0	0	0
-1	0	-8	0.00011563067442108549538	-3.3290308898033150618e-05	7.7027147464475641237e-05	-2.7255583051832504653e-05	-1.4453834302635686922e-05	4.1612886122541438273e-06
-1	0	-7	4.4087020681292832681e-05	-5.2493370533698464355e-05	8.1492751324334369791e-05	-0.00012634348726747032994	-6.2981458116132621745e-06	7.4990529333854950289e-06
-1	0	-6	0.00014979223649782223964	-9.7269438698015109747e-05	7.0984239774911063675e-05	-8.6113181879780991454e-05	-2.4965372749637036552e-05	1.6211573116335850495e-05
-1	0	-5	-0.00015139871024604518025	-0.00013372533749992398838	2.6356822552527934747e-05	-0.00013882749596360721006	3.0279742049209035373e-05	2.6745067499984797677e-05
-1	0	-4	-0.00017458199462718797181	0.00015631763644113045686	0.00044097095720270642174	9.1212121227639804204e-05	4.3645498656796992952e-05	-3.9079409110282614214e-05
-1	0	-3	0	0	0	0	0	0
-1	0	-2	0.015825698321852956635	-0.049883159754057243562	0.027306543769099519275	-0.066743434008531873913	-0.0079128491609264783174	0.024941579877028621781
-1	0	-1	-0.020537608852081862265	0.018757333295301811815	0.041023502156436922328	-0.050559133487897901793	0.020537608852081862265	-0.018757333295301811815
-1	0	0	0	0	-0.051415787364688339545	0.035743717805661899545	0.073046953995090119216	-0.012487927799875618226
-1	0	1	-0.017949384818421735416	-0.022358513863262069465	-0.12509882697117610806	-0.058030316685317974434	-0.017949384818421735416	-0.022358513863262069465
-1	0	2	-0.01403834511972023788	0.010952838174339566552	0.0056853102102078726526	-0.077506894261463440965	-0.0070191725598601189401	0.0054764190871697832758
-1	0	3	0	0	0	0	0	0
-1	0	4	-0.00024321877464882543369	6.8538223918481426663e-05	0.0002779000195480908807	0.0001287856934217608963	-6.0804693662206358423e-05	1.7134555979620356666e-05
-1	0	5	-9.6705096416682258622e-05	-0.00010863936331322809556	-8.2802110335913973451e-05	-0.00013536777134329390439	-1.9341019283336449692e-05	-2.1727872662645620467e-05
-1	0	6	-3.0054289489461343969e-05	-3.7628677885638227003e-05	-2.580949575819624741e-05	5.1446864699110893011e-05	-5.0090482482435570458e-06	-6.2714463142730383986e-06
-1	0	7	1.8060363804132249273e-05	-8.0069231628099400006e-06	5.5913418637441862798e-05	-6.9912278767001768964e-05	2.5800519720188925717e-06	-1.1438461661157056841e-06
-1	0	8	6.865188254471964104e-05	8.6590359851202261689e-06	3.7838865656020009755e-05	8.855044134234089554e-06	8.58148531808995513e-06	1.0823794981400282711e-06
-1	0	9	0	0	0	0	0	0
-1	0	10	0	0	0	0	0	0
-1	0	11	0	0	0	0	0	0
-1	0	12	0	0	0	0	0	0
-1	1	-12	0	0	0	0	0	0
-1	1	-11	0	0	0	0	0	0
-1	1	-10	0	0	0	0	0	0
-1	1	-9	0	0	0	0	0	0
-1	1	-8	-2.2279299278517805221e-05	-3.526824776050078384e-05	1.83649864715490011e-05	1.659695702092722243e-05	5.0805357187583503667e-06	6.4831505976785007837e-06
-1	1	-7	-1.2394757458859256426e-05	-5.2062308886366704113e-05	-6.6155794111749576468e-05	-3.066825718028155887e-05	-7.6801480932700462044e-06	3.0562931008693063422e-06
-1	1	-6	-3.0548091871635237927e-05	6.7588075317802075192e-05	-3.9645967086441429321e-05	0.00010986342862928393687	-1.5163125358010325343e-06	7.0458922185803099972e-06
-1	1	-5	0.00011410670731026216701	-8.508474831760828508e-06	2.7728751260720729507e-05	1.2233745618293980954e-05	-1.7275591209908286146e-05	4.1484440900109618923e-06
-1	1	-4	6.4275689892737749177e-05	-7.5945935442204402115e-05	9.7908590201298774836e-05	-0.00013158324134928824187	8.4082250771402581088e-06	-1.3909326476770958244e-05
-1	1	-3	0	0	0	0	0	0
-1	1	-2	-0.032445317665866349466	-0.0600319650110696032	-0.053854440286663952941	-0.042048030231994645844	-0.010704561310398801738	0.0089919673895374786776
-1	1	-1	0.13532296048820663392	0.04703761505730049558	0.11421138846518172349	0.0087428909616123033632	-0.021111572023024913897	-0.038294724095688188747
-1	1	0	-0.036376632526657522171	0.035871909797639919826	-0.036376632526657522171	0.035871909797639919826	-0.029432002696572062694	0.078875733479408779991
-1	1	1	-0.055499611906379316129	-0.046847988012187639917	0.034538888189887373414	0.052368626779915217195	-0.090038500096266682604	-0.099216614792102850173
-1	1	2	0.02152298555849693068	0.0050072723033633467077	-0.06262332031873787952	-0.0098672262487635459954	0.042073152938617401631	0.0074372492760634463516
-1	1	3	0	0	0	0	0	0
-1	1	4	-1.1360875555810571872e-05	-8.3090453279734350148e-05	-8.6172150979938337057e-05	-0.00019101742149319505984	1.8702818856031939602e-05	2.6981742053365180811e-05
-1	1	5	2.6128769344457701239e-06	-9.0325550604921058992e-05	-7.5944811218957937373e-05	-0.00013030738998990950444	1.5711537630680740652e-05	7.9963678769976863792e-06
-1	1	6	-6.0781241059848406028e-05	-0.00010195893882161264265	0.00014304840783523233147	7.7589437427475946817e-05	-3.3971608149180120657e-05	-2.9924729374848095986e-05
-1	1	7	-5.5978736987331884783e-05	-3.0138031343470857138e-05	5.905386331866987413e-05	2.4085240093450360516e-05	-1.6433228615143109384e-05	-7.7461816338458879943e-06
-1	1	8	8.4026463860134261363e-05	3.5449801928484553696e-05	-6.0494032622513896217e-05	-4.9140838244736047833e-06	1.8065062060331019697e-05	5.0454857191197702334e-06
-1	1	9	0	0	0	0	0	0
-1	1	10	0	0	0	0	0	0
-1	1	11	0	0	0	0	0	0
-1	1	12	0	0	0	0	0	0
-1	2	-12	0	0	0	0	0	0
-1	2	-11	0	0	0	0	0	0
-1	2	-10	0	0	0	0	0	0
-1	2	-9	0	0	0	0	0	0
-1	2	-8	-8.7073882140226397863e-07	-2.8247513477535287382e-05	-2.7580687491005002253e-05	2.4717379695960346064e-05	-6.7863295200759670762e-06	9.7102841086819965917e-06
-1	2	-7	6.1271634285135119784e-05	-2.0741523663474494655e-05	3.6265408457233950254e-05	3.4549736673909120564e-05	1.6084546613332537842e-06	1.2834428144470390342e-05
-1	2	-6	-2.9009652739363546572e-05	-7.4747209487256258023e-05	4.7868477335901887294e-05	5.0630694881754989241e-05	2.0791101235194551833e-05	2.9334766541794371622e-05
-1	2	-5	-0.00013918382610459372048	0.00019091424420342271041	-3.1678153011390217185e-05	6.0682961305105694071e-05	1.5165504016362655527e-05	-1.3909664318642261404e-05
-1	2	-4	1.2346137146875977027e-05	-0.00016415086517308983259	-8.2205339175610967384e-05	5.9707818300880685777e-05	-4.4189203874524480913e-05	7.0891625443712807811e-05
-1	2	-3	0	0	0	0	0	0
-1	2	-2	-0.042438788014140069182	-0.022933095389384455798	-0.027926282168939109418	0.0074701024587042101979	-0.006706888161869074827	0.018936650153396437229
-1	2	-1	0.059649738246647231177	-0.018229552350760094143	0.019003010320678064698	-0.01681454910379972037	-0.02164371760529110178	-0.015399545856839343128
-1	2	0	-0.017012559192710097894	0.020861170562239229193	-0.008506279596355048947	0.010430585281119614596	0.035333493631477613794	-0.015554947808100617196
-1	2	1	0.0039839127043135996731	0.014129281271364335995	0.019429339497132977477	-0.014100917038798158401	-0.03487476628995235528	0.042331115348960654532
-1	2	2	-0.0024812933023099321625	-0.013285925078108268629	-0.014010286034508314876	0.029082478052343308655	0.012769639383353348361	-0.035725440591397442103
-1	2	3	0	0	0	0	0	0
-1	2	4	-8.886737352726417093e-06	1.0997956978725940261e-05	-0.00017500713955708406934	1.2755165479675935789e-05	8.5281885440360435057e-05	-3.6280934951564824056e-06
-1	2	5	-6.1571135164570608818e-06	0.00014000519058281321507	6.4843363157397019571e-05	7.5663451207630080288e-05	-2.716876796625021848e-05	-2.2643423664893879151e-06
-1	2	6	2.4772506395069807372e-05	-6.5027790894923295979e-05	2.9031556719996441321e-05	6.1433483926154417581e-05	-5.548434507487179494e-06	-3.1315793124538688524e-05
-1	2	7	-3.7117069048140601841e-05	3.2661171162505214652e-05	-6.1022300349037422414e-05	5.0205549985993362333e-06	1.2132504521419178054e-05	3.2314373093295062081e-06
-1	2	8	-4.3042487858215772091e-05	2.9356720534606106095e-05	1.5882378454288623675e-05	9.9110776032713114619e-06	-9.3509055958491274301e-06	1.1918206660079351847e-06
-1	2	9	0	0	0	0	0	0
-1	2	10	0	0	0	0	0	0
-1	2	11	0	0	0	0	0	0
-1	2	12	0	0	0	0	0	0
-1	3	-12	0	0	0	0	0	0
-1	3	-11	0	0	0	0	0	0
-1	3	-10	0	0	0	0	0	0
-1	3	-9	0	0	0	0	0	0
-1	3	-8	-1.8771161596120545471e-05	-2.9057361137953115974e-05	8.0679639467138890661e-07	-2.2271490315435097789e-05	2.6489438475168388385e-06	-4.7196387260440225976e-06
-1	3	-7	-1.6391586431883365912e-05	1.9042640585970957846e-05	2.4257463069508160495e-06	-3.7606056041320113994e-06	3.3812607646765452287e-06	-4.3320653426238561273e-06
-1	3	-6	-2.4235607246342037746e-05	5.212018797250017073e-05	1.2397970050210664841e-05	5.6827420579440140471e-05	1.0238252899495672892e-05	1.9727012294303375114e-05
-1	3	-5	-2.6279584444141217156e-07	-8.0405456223485164877e-05	-9.3185849561048974925e-05	4.5509138074449566173e-05	-5.5858950567741103791e-05	4.3386574089366771324e-05
-1	3	-4	0.00011491734503570941975	0.00013114331933786665734	5.7262118337502725156e-06	2.438357826630006516e-05	-2.4434677383614650974e-05	-1.4498146134741618854e-05
-1	3	-3	0	0	0	0	0	0
-1	3	-2	0	0	0	0	0	0
-1	3	-1	0	0	0	0	0	0
-1	3	0	0	0	0	0	0	0
-1	3	1	0	0	0	0	0	0
-1	3	2	0	0	0	0	0	0
-1	3	3	0	0	0	0	0	0
-1	3	4	-0.00010234640495314703676	-0.00013689529403170368487	1.7989930292431776418e-05	-0.00013293550122173226403	-3.9079048957610592349e-05	6.5477802408373276806e-05
-1	3	5	6.3104056160528685456e-05	-6.9261234983373901243e-06	3.822992105701791658e-05	2.3679524435400682846e-05	-1.0317141402105010824e-05	-1.5592939360907885361e-05
-1	3	6	-1.7694451926551323632e-05	-7.0087349634668082046e-05	-3.6185800841572134362e-05	-2.0724773146232968758e-05	1.5143825099694181038e-05	-1.3188383659948629814e-06
-1	3	7	-3.5768946421506845462e-05	-4.2711633928757372538e-05	2.6730311804640598895e-05	-1.2510345844175658711e-05	-1.656569740506123314e-05	-7.4008519946148504968e-07
-1	3	8	-1.9326888660826645216e-05	2.4867249111829914058e-06	2.6043785051175157605e-05	4.536578990368036454e-05	-1.2182280476794014754e-05	-1.6701330599982263677e-05
-1	3	9	0	0	0	0	0	0
-1	3	10	0	0	0	0	0	0
-1	3	11	0	0	0	0	0	0
-1	3	12	0	0	0	0	0	0
-1	4	-12	0	0	0	0	0	0
-1	4	-11	0	0	0	0	0	0
-1	4	-10	0	0	0	0	0	0
-1	4	-9	0	0	0	0	0	0
-1	4	-8	5.8627801389829704693e-06	-1.6989054400220567243e-06	-1.5919917547680821842e-06	4.9671365148613168359e-06	-1.5288433947569124008e-06	2.6959314374334152173e-06
-1	4	-7	9.1053166707688530765e-06	-5.9045688055871733166e-05	4.5690023001982003773e-05	1.3364502794569950133e-06	2.4807825048165595057e-05	9.1987841676713885707e-06
-1	4	-6	3.0812450969981040004e-05	-2.0890221928175650322e-05	-2.4317337215057507703e-05	-3.5614608457424996228e-06	-2.1346966638368512932e-05	1.1073964242009423952e-06
-1	4	-5	-0.00013381372661555726101	-0.00010862858411839790111	-4.3697964937057420429e-05	3.0772660315406843988e-08	-8.1956266265344834647e-06	2.1750334951931903305e-05
-1	4	-4	0.00010435526488045044518	8.9215670976492336274e-05	-3.711226503707182469e-05	2.1845648380692606408e-05	-6.3201081257184432596e-05	-4.5826936343047543711e-07
-1	4	-3	-0.00018268506214590772671	-0.00015204440890902474678	-2.0865032194994843396e-05	-4.9282029912911266205e-05	3.3074977788642786634e-05	-1.5027903580873442168e-05
-1	4	-2	0.00014447543710410931119	4.4142557056447070669e-05	3.3737954134207764705e-05	2.6272158434258881639e-05	-4.7618102836391185614e-06	3.0473038340294227944e-05
-1	4	-1	-3.7862746828170829678e-05	-5.4721718628478974392e-06	-1.8948057104139971496e-05	-6.4141223595260329882e-05	-3.7929481588389056307e-05	-0.00025109272251819345512
-1	4	0	0.0001425655633355701825	0.00021542251601857690638	3.5641390833892545626e-05	5.3855629004644226595e-05	-0.00025129603174710405137	0.00025060185696190896828
-1	4	1	-4.2292078184473842924e-05	0.00018767161855160098419	1.9055158337369948484e-05	3.4087043489928921993e-06	-0.00011851271153395364364	0.00017403680115562941201
-1	4	2	7.1699607227890005965e-05	-1.6655556070636784471e-05	9.8673714731019738816e-05	-4.0000088645513486084e-05	-0.0001614976258480944611	7.1672399255708573156e-05
-1	4	3	-7.5863006998513058451e-05	-2.7470217260495763666e-05	-4.0134390548693115884e-05	6.0515188851621690732e-05	2.822485173208647062e-05	-8.9843657555660841069e-05
-1	4	4	5.5961954481693371069e-05	3.8595511634039949981e-05	8.2459391262892247731e-05	-7.3765124646731503803e-05	-6.846890264246890327e-05	8.3414002555241498075e-05
-1	4	5	-6.5364395885162291386e-05	3.6504908597808774842e-05	-9.7252824258063075687e-06	6.5329775118825363913e-05	-5.2926532363874128999e-06	-4.4962838375498541583e-05
-1	4	6	1.737858654134273931e-05	2.2673146168344458226e-05	-4.0698247818231643035e-05	-2.224794556373765585e-05	3.0028596302378220834e-05	1.8610821403882513039e-05
-1	4	7	4.2001809718513037509e-05	-8.1170654882569346614e-07	-4.3071870571708643157e-05	-9.6150777483805217422e-06	3.0612756000763941401e-05	5.3783720635280556096e-06
-1	4	8	-1.5104871768019232812e-05	1.2956161539645154573e-05	-2.5308288041761348508e-06	-1.4575419465452054728e-05	-6.2269456891433667612e-07	8.9072299251816716855e-06
-1	4	9	0	0	0	0	0	0
-1	4	10	0	0	0	0	0	0
-1	4	11	0	0	0	0	0	0
-1	4	12	0	0	0	0	0	0
-1	5	-12	0	0	0	0	0	0
-1	5	-11	0	0	0	0	0	0
-1	5	-10	0	0	0	0	0	0
-1	5	-9	0	0	0	0	0	0
-1	5	-8	1.5287871426158566358e-05	-2.9813164629395801322e-06	-7.9184529160105256146e-06	-2.1681744240761125853e-05	-6.8600170007763990921e-06	-1.3178425592608255612e-05
-1	5	-7	-6.2027604765444748131e-05	-7.2869157496532105438e-06	-1.8689607767639130058e-05	-8.3059375172999114965e-06	-4.4886334389644131423e-06	-4.8918245481209071896e-06
-1	5	-6	-4.2827866557201671845e-06	-2.9929731948043873115e-06	-4.3997333230651845403e-05	2.5216926474075270761e-06	-3.5950646582923175226e-05	2.6002394053070039232e-06
-1	5	-5	4.8715700901880727833e-05	7.8647225047250319944e-06	7.6367647219427881988e-05	2.4844105129117503101e-05	6.6624507039051740487e-05	2.327116062817249738e-05
-1	5	-4	5.3591115081332967853e-05	-5.0562103784107624972e-05	-5.1273903999110049333e-06	-4.222644588449331397e-05	-1.9807016770221999612e-05	-4.0142531409589736219e-05
-1	5	-3	-2.9496412958759720769e-05	1.1955393729477228884e-05	-3.8804243220083826525e-05	-7.4620268238964189921e-05	-5.4841601047219806211e-05	-0.00012835224497476606571
-1	5	-2	0.00018125315587175463874	-4.8571139071517349759e-05	2.584046533116448352e-05	-5.7508259330517826915e-05	-2.6025414607966112265e-05	-0.00011948507879053588902
-1	5	-1	6.1037322965238488288e-05	2.0767698758506846054e-05	5.7891825012911501405e-05	-8.8142581414527976897e-06	0.00022842180209931901196	-6.4838989465770824339e-05
-1	5	0	-0.00013579813630973952706	-3.3988908965879562585e-06	-2.7159627261947904056e-05	-6.7977817931759127287e-07	6.6908855416922385765e-05	-0.00010773924919649237287
-1	5	1	-0.00011488075205023012609	-3.6385219989266548328e-06	-1.2498890802754656566e-05	-1.8845758507475662774e-06	-5.2386298036456844954e-05	5.7843572548111765543e-06
-1	5	2	-4.5256428145590515792e-05	-5.2575359111290939954e-05	-9.1783881230457446524e-05	2.7803861188632644796e-05	0.00020683148900334835164	-9.5797332527227085355e-05
-1	5	3	-5.3519936780263726076e-05	9.6407180370428960923e-05	1.2795086016235970457e-05	7.7360301738444086276e-07	-3.9165122287147857759e-05	3.0846388427835586595e-05
-1	5	4	3.3478319176014164325e-05	-9.9461125432926525739e-05	4.8091265734602499013e-05	-4.0355953386466801179e-05	-5.1744502374249579297e-05	2.5579660374851871733e-05
-1	5	5	2.3187929091220648819e-05	6.0174566950453927067e-05	5.6573781836464129258e-05	1.0032010055485327424e-05	-5.1936196018219998817e-05	2.0029033346054578196e-06
-1	5	6	2.6460519123923206812e-06	3.8018185446260196244e-05	1.0612061941527686611e-06	1.0692560378729817108e-05	-4.4332984306192054323e-07	-2.5741027412314815493e-06
-1	5	7	1.5646262667198215253e-06	-9.9066075487734884701e-06	1.7826091519952960913e-05	1.5802120610851162958e-05	-1.2509404476149283382e-05	-1.2702458657575614994e-05
-1	5	8	-5.5622632184505106808e-05	3.836183872679022004e-06	1.16682104732170807e-05	-2.9605223153598205508e-05	-1.4245460568823813577e-05	1.8982787455083756828e-05
-1	5	9	0	0	0	0	0	0
-1	5	10	0	0	0	0	0	0
-1	5	11	0	0	0	0	0	0
-1	5	12	0	0	0	0	0	0
-1	6	-12	0	0	0	0	0	0
-1	6	-11	0	0	0	0	0	0
-1	6	-10	0	0	0	0	0	0
-1	6	-9	0	0	0	0	0	0
-1	6	-8	2.3737885938475575753e-05	-2.3128258804580012778e-06	1.3800140229229363335e-05	8.9974071927945315912e-06	7.3828694296125751083e-06	7.0371586296531495413e-06
-1	6	-7	3.3058630333013399607e-05	8.67872384660387765e-06	1.3578982156096519398e-05	1.5449537585605846587e-05	6.9164660862236732207e-06	1.2002643095290171696e-05
-1	6	-6	3.2731605312931025522e-06	1.0163960647910378818e-05	2.1416196976201777726e-05	-1.0770414932565754265e-05	2.0870670220986262187e-05	-1.246440837388415017e-05
-1	6	-5	4.5123541237337625237e-06	3.6366900654363911545e-05	-4.8325665969360987407e-07	2.5351791076273303143e-05	-1.4823788163790843113e-06	2.3148769160655183495e-05
-1	6	-4	-6.5796190784855326187e-05	2.6480830760788876926e-05	7.592014264960834764e-06	1.250436808596722463e-05	2.783706909365508454e-05	1.2136344438753618561e-05
-1	6	-3	-3.4142745462500928962e-07	-5.0619793813502638399e-06	-1.4627654804889266536e-05	1.5202597716159747565e-05	-2.9141500458236864474e-05	3.2092521892769584489e-05
-1	6	-2	-5.9036719128364463895e-05	-2.9994952954685046557e-05	5.2839131563145306549e-06	1.0128145528393681056e-05	4.5370099033125823912e-05	4.5381913062523569834e-05
-1	6	-1	4.0852047859771212926e-06	-0.00010836903866320723056	-1.8010672972207391771e-05	-2.1518637897393134078e-05	-0.00011214924261922146599	-2.0742788721151573909e-05
-1	6	0	-2.7544757177131201263e-05	-0.00010044717211364955422	-4.5907928628552007751e-06	-1.6741195352274925703e-05	2.7471939063745917821e-05	-6.3852420695921971428e-05
-1	6	1	-3.1017211890955178547e-05	-2.4215685034527514126e-05	1.7849300694135849807e-06	8.3998849248752939712e-06	-4.1726792307436686314e-05	-7.4614994583779281341e-05
-1	6	2	-2.1257578477145413684e-05	-5.7352317470865306641e-05	-1.4154903580706890137e-05	-9.2529877937745398924e-06	3.183592150354796357e-05	-9.1719535410903459616e-07
-1	6	3	-2.350750329600331012e-05	5.3848169550572546412e-05	2.6751717240844067371e-05	3.4102160959026089188e-05	-6.1339268913689239246e-05	-5.0254932067861331831e-05
-1	6	4	-1.0543469497229582068e-05	-3.7233995059928789832e-05	-2.0942751283372769921e-05	-1.5974219044380927161e-05	2.8778259550751758941e-05	1.465282980158919159e-05
-1	6	5	-9.5384370759170558273e-07	5.2299700944716313823e-05	-1.8447078619622861022e-05	1.2829708734120193005e-05	2.1945725602029091475e-05	-4.9357102920009695191e-06
-1	6	6	2.2640886443224853778e-05	-3.0373570459363644498e-05	-4.914032801298284095e-06	-5.3316828468119504858e-06	8.687513875169093058e-06	2.6942110358467657928e-07
-1	6	7	-2.6720051525202583606e-05	-3.335818814766074213e-05	-1.2619813378891826485e-05	-2.5932652226873789062e-05	6.9998326783069109998e-06	1.7462532173368855551e-05
-1	6	8	-5.1567889746424926345e-06	2.4412342678653304704e-06	-1.6812398790869075515e-05	9.3852146861057229079e-06	1.1964700471321494421e-05	-6.733756731096126031e-06
-1	6	9	0	0	0	0	0	0
-1	6	10	0	0	0	0	0	0
-1	6	11	0	0	0	0	0	0
-1	6	12	0	0	0	0	0	0
-1	7	-12	0	0	0	0	0	0
-1	7	-11	0	0	0	0	0	0
-1	7	-10	0	0	0	0	0	0
-1	7	-9	0	0	0	0	0	0
-1	7	-8	-1.6714868283337447845e-05	-1.6086045951420587592e-05	8.885395770485186604e-06	9.5138737497092766359e-06	9.8640798345917190474e-06	1.0335395274923190294e-05
-1	7	-7	1.4478942912258922093e-05	7.1983123172335048237e-06	1.4942726295499752278e-05	-8.2746884492433827154e-06	1.287430587946276244e-05	-9.3030187802767405473e-06
-1	7	-6	-4.8584246607901553896e-05	5.5860841218718333009e-06	-4.3968309747808378984e-05	8.2571276480534965101e-06	-4.3198986937792852091e-05	8.7023015690837738528e-06
-1	7	-5	-2.6366180841240844854e-05	-2.7199341027254573687e-05	-6.452571213752493411e-06	-3.3915384764283232512e-06	-3.7603635310053214658e-06	6.9171433845126210099e-07
-1	7	-4	3.0225476573933929587e-07	-1.6953538221104374811e-05	-2.4937908373044093477e-05	-5.3072174871611727898e-06	-4.3716903344262002631e-05	-5.0492460472559586794e-06
-1	7	-3	-5.0068233545714962225e-05	2.670181121881976666e-05	-2.0896205169537888311e-05	2.7659879364993847654e-05	-3.2068400880350086447e-05	5.5639114778712386714e-05
-1	7	-2	5.6958202556349825406e-06	3.0912470450691022423e-05	2.2781880281655613965e-05	2.8063028198080266199e-05	7.6888670857977160994e-05	8.2764363467935418792e-05
-1	7	-1	7.7255535779027607684e-05	2.6625326871665151702e-05	1.8009589034274721734e-05	2.9265542483856830206e-06	4.8811587460895444453e-05	-6.1394471329653705572e-06
-1	7	0	3.6978500932385315802e-06	2.8379174082024244532e-05	5.2826429903407600054e-07	4.0541677260034636256e-06	-0.00015410745042069396793	3.0732270210640737879e-05
-1	7	1	3.4590702611538508933e-05	2.8466202224865089893e-05	8.9622188107966046052e-06	-3.4258736896263205654e-06	-2.8144829064037724998e-05	5.2447318052249333427e-05
-1	7	2	1.5571284403348677471e-05	-5.6609170992772790351e-05	2.0797745935207588531e-06	-1.0503418330233535763e-05	5.0643112435168253776e-07	8.4573786594309816907e-06
-1	7	3	2.1402687577541810781e-05	8.7063666965011733017e-05	1.6853504449179642158e-05	3.6607636823640550279e-05	-3.2190614522238564829e-05	-5.6396596933490701793e-05
-1	7	4	4.1942350687920013801e-05	1.5469528219990605724e-05	6.5359570766606377525e-06	1.5147181832325757605e-05	-9.5233721217611229895e-07	-2.2640186151572421413e-05
-1	7	5	1.1417307226701054121e-05	1.3838865214875002813e-05	1.6301562872983091758e-05	1.5066857615925732252e-05	-2.0538726576836120009e-05	-1.8325827619321024929e-05
-1	7	6	7.6138467557765658839e-06	9.1810831472506311475e-06	-1.762100502557660016e-05	1.3881220036345414548e-05	2.1826813655802128399e-05	-1.466457618452787873e-05
-1	7	7	-2.7585170219922098954e-05	-4.3883956691945351459e-06	-3.2220236250063339697e-06	-1.1621978358272576386e-05	-7.1871497783967996991e-07	1.0995064691244784804e-05
-1	7	8	-2.1488279561801178528e-07	1.6386753828229329272e-05	-1.673094111231738349e-05	-2.4910986697221107299e-05	1.4612713123825458317e-05	2.3845457588597136739e-05
-1	7	9	0	0	0	0	0	0
-1	7	10	0	0	0	0	0	0
-1	7	11	0	0	0	0	0	0
-1	7	12	0	0	0	0	0	0
-1	8	-12	0	0	0	0	0	0
-1	8	-11	0	0	0	0	0	0
-1	8	-10	0	0	0	0	0	0
-1	8	-9	0	0	0	0	0	0
-1	8	-8	7.8370275502904855874e-06	-3.3819156955114252402e-05	7.7233688442533955057e-06	-6.5441903735076730888e-06	6.7437404004670848073e-06	-2.316795754118391962e-06
-1	8	-7	-7.494944523833384977e-07	-1.837097325450633652e-05	1.5734462895810480567e-05	-2.6993579801195289469e-05	1.8089313945552455899e-05	-2.8225380736436567978e-05
-1	8	-6	4.4637924446820957818e-06	-8.555360514629375111e-06	-2.0523501656147290734e-06	-2.5920669192347980523e-06	-3.4804322949333216772e-06	-2.0301958065415016924e-06
-1	8	-5	7.1656175189773725447e-06	-1.8526246357941649165e-06	1.4977405965343009689e-05	-5.5727967812958257297e-06	2.2530726040753342349e-05	-8.5459499229144883536e-06
-1	8	-4	-1.8210715605167665667e-05	-3.0056660848970806487e-05	-1.1813642923741347607e-06	-3.0339245233330423379e-05	2.1899503165436464719e-06	-5.3164325254418140054e-05
-1	8	-3	4.211827234435733784e-05	1.2072792931238190465e-05	2.7780146985230988292e-05	9.8057383768060258212e-06	6.0040967845830194017e-05	2.2124371361070004804e-05
-1	8	-2	-2.0799438741141292823e-05	-1.5440181630929929158e-05	-3.2587384878059380719e-06	1.5164964439935664709e-05	-2.6352345806531050294e-06	6.8379948575207630192e-05
-1	8	-1	5.589107655716294337e-05	1.3731903893981360743e-05	4.7971349988219568489e-06	1.053233419756700153e-05	-1.7513996566587288579e-05	7.0526769686554653194e-05
-1	8	0	5.0809833492531948624e-06	-8.1617813150764375479e-06	6.351229186566493578e-07	-1.0202226643845546935e-06	-3.0695619484612956694e-05	-7.8241253504221322393e-07
-1	8	1	-1.1478792463024242487e-05	4.0024649130339278792e-05	-5.1419763575926415936e-06	2.8139426567682118825e-06	2.965701839771689365e-05	1.751310787619358712e-05
-1	8	2	2.8021341765131557245e-05	-1.4919459254086293862e-05	6.2781076229695427003e-06	-2.155224982749840064e-06	-1.1101759609312393873e-05	1.1611703039562139605e-06
-1	8	3	2.3700077589482720914e-05	-2.2928953266492318276e-05	-1.8614141917845399144e-06	-2.104597322036752126e-05	1.2863797041253013974e-05	4.8479610832149280548e-05
-1	8	4	-3.8400121953152511118e-07	-2.0012531467242492976e-05	1.2287420718498617445e-07	3.8655115093780983721e-06	-3.4174871925285358698e-07	-1.2734155885566819988e-05
-1	8	5	4.0079238389178474219e-05	3.1962020869160904215e-06	1.4551615054108470529e-05	1.2000192348573540075e-05	-1.526673640873785868e-05	-1.8561067340334447306e-05
-1	8	6	-1.5643664410363185811e-05	1.6961824536699335415e-06	8.0412360583927706798e-08	4.4726741783354188029e-06	-2.7144938825057680874e-06	-5.6808684955022353352e-06
-1	8	7	3.5007801617454367846e-06	1.9405307862893328679e-05	-6.0456704184826533878e-06	1.9498600777194928253e-05	7.4094490728009516814e-06	-1.9511928336380871533e-05
-1	8	8	-2.6828540005721158808e-06	6.7171684543095650839e-06	7.774612434367278636e-06	1.5851442460395797154e-05	-8.1099691844387921682e-06	-1.5011796403607101307e-05
-1	8	9	0	0	0	0	0	0
-1	8	10	0	0	0	0	0	0
-1	8	11	0	0	0	0	0	0
-1	8	12	0	0	0	0	0	0
-1	9	-12	0	0	0	0	0	0
-1	9	-11	0	0	0	0	0	0
-1	9	-10	0	0	0	0	0	0
-1	9	-9	0	0	0	0	0	0
-1	9	-8	0	0	0	0	0	0
-1	9	-7	0	0	0	0	0	0
-1	9	-6	0	0	0	0	0	0
-1	9	-5	0	0	0	0	0	0
-1	9	-4	0	0	0	0	0	0
-1	9	-3	0	0	0	0	0	0
-1	9	-2	0	0	0	0	0	0
-1	9	-1	0	0	0	0	0	0
-1	9	0	0	0	0	0	0	0
-1	9	1	0	0	0	0	0	0
-1	9	2	0	0	0	0	0	0
-1	9	3	0	0	0	0	0	0
-1	9	4	0	0	0	0	0	0
-1	9	5	0	0	0	0	0	0
-1	9	6	0	0	0	0	0	0
-1	9	7	0	0	0	0	0	0
-1	9	8	0	0	0	0	0	0
-1	9	9	0	0	0	0	0	0
-1	9	10	0	0	0	0	0	0
-1	9	11	0	0	0	0	0	0
-1	9	12	0	0	0	0	0	0
-1	10	-12	0	0	0	0	0	0
-1	10	-11	0	0	0	0	0	0
-1	10	-10	0	0	0	0	0	0
-1	10	-9	0	0	0	0	0	0
-1	10	-8	0	0	0	0	0	0
-1	10	-7	0	0	0	0	0	0
-1	10	-6	0	0	0	0	0	0
-1	10	-5	0	0	0	0	0	0
-1	10	-4	0	0	0	0	0	0
-1	10	-3	0	0	0	0	0	0
-1	10	-2	0	0	0	0	0	0
-1	10	-1	0	0	0	0	0	0
-1	10	0	0	0	0	0	0	0
-1	10	1	0	0	0	0	0	0
-1	10	2	0	0	0	0	0	0
-1	10	3	0	0	0	0	0	0
-1	10	4	0	0	0	0	0	0
-1	10	5	0	0	0	0	0	0
-1	10	6	0	0	0	0	0	0
-1	10	7	0	0	0	0	0	0
-1	10	8	0	0	0	0	0	0
-1	10	9	0	0	0	0	0	0
-1	10	10	0	0	0	0	0	0
-1	10	11	0	0	0	0	0	0
-1	10	12	0	0	0	0	0	0
-1	11	-12	0	0	0	0	0	0
-1	11	-11	0	0	0	0	0	0
-1	11	-10	0	0	0	0	0	0
-1	11	-9	0	0	0	0	0	0
-1	11	-8	0	0	0	0	0	0
-1	11	-7	0	0	0	0	0	0
-1	11	-6	0	0	0	0	0	0
-1	11	-5	0	0	0	0	0	0
-1	11	-4	0	0	0	0	0	0
-1	11	-3	0	0	0	0	0	0
-1	11	-2	0	0	0	0	0	0
-1	11	-1	0	0	0	0	0	0
-1	11	0	0	0	0	0	0	0
-1	11	1	0	0	0	0	0	0
-1	11	2	0	0	0	0	0	0
-1	11	3	0	0	0	0	0	0
-1	11	4	0	0	0	0	0	0
-1	11	5	0	0	0	0	0	0
-1	11	6	0	0	0	0	0	0
-1	11	7	0	0	0	0	0	0
-1	11	8	0	0	0	0	0	0
-1	11	9	0	0	0	0	0	0
-1	11	10	0	0	0	0	0	0
-1	11	11	0	0	0	0	0	0
-1	11	12	0	0	0	0	0	0
-1	12	-12	0	0	0	0	0	0
-1	12	-11	0	0	0	0	0	0
-1	12	-10	0	0	0	0	0	0
-1	12	-9	0	0	0	0	0	0
-1	12	-8	0	0	0	0	0	0
-1	12	-7	0	0	0	0	0	0
-1	12	-6	0	0	0	0	0	0
-1	12	-5	0	0	0	0	0	0
-1	12	-4	0	0	0	0	0	0
-1	12	-3	0	0	0	0	0	0
-1	12	-2	0	0	0	0	0	0
-1	12	-1	0	0	0	0	0	0
-1	12	0	0	0	0	0	0	0
-1	12	1	0	0	0	0	0	0
-1	12	2	0	0	0	0	0	0
-1	12	3	0	0	0	0	0	0
-1	12	4	0	0	0	0	0	0
-1	12	5	0	0	0	0	0	0
-1	12	6	0	0	0	0	0	0
-1	12	7	0	0	0	0	0	0
-1	12	8	0	0	0	0	0	0
-1	12	9	0	0	0	0	0	0
-1	12	10	0	0	0	0	0	0
-1	12	11	0	0	0	0	0	0
-1	12	12	0	0	0	0	0	0
0	-12	-12	0	0	0	0	0	0
0	-12	-11	0	0	0	0	0	0
0	-12	-10	0	0	0	0	0	0
0	-12	-9	0	0	0	0	0	0
0	-12	-8	0	0	0	0	0	0
0	-12	-7	0	0	0	0	0	0
0	-12	-6	0	0	0	0	0	0
0	-12	-5	0	0	0	0	0	0
0	-12	-4	0	0	0	0	0	0
0	-12	-3	0	0	0	0	0	0
0	-12	-2	0	0	0	0	0	0
0	-12	-1	0	0	0	0	0	0
0	-12	0	0	0	0	0	0	0
0	-12	1	0	0	0	0	0	0
0	-12	2	0	0	0	0	0	0
0	-12	3	0	0	0	0	0	0
0	-12	4	0	0	0	0	0	0
0	-12	5	0	0	0	0	0	0
0	-12	6	0	0	0	0	0	0
0	-12	7	0	0	0	0	0	0
0	-12	8	0	0	0	0	0	0
0	-12	9	0	0	0	0	0	0
0	-12	10	0	0	0	0	0	0
0	-12	11	0	0	0	0	0	0
0	-12	12	0	0	0	0	0	0
0	-11	-12	0	0	0	0	0	0
0	-11	-11	0	0	0	0	0	0
0	-11	-10	0	0	0	0	0	0
0	-11	-9	0	0	0	0	0	0
0	-11	-8	0	0	0	0	0	0
0	-11	-7	0	0	0	0	0	0
0	-11	-6	0	0	0	0	0	0
0	-11	-5	0	0	0	0	0	0
0	-11	-4	0	0	0	0	0	0
0	-11	-3	0	0	0	0	0	0
0	-11	-2	0	0	0	0	0	0
0	-11	-1	0	0	0	0	0	0
0	-11	0	0	0	0	0	0	0
0	-11	1	0	0	0	0	0	0
0	-11	2	0	0	0	0	0	0
0	-11	3	0	0	0	0	0	0
0	-11	4	0	0	0	0	0	0
0	-11	5	0	0	0	0	0	0
0	-11	6	0	0	0	0	0	0
0	-11	7	0	0	0	0	0	0
0	-11	8	0	0	0	0	0	0
0	-11	9	0	0	0	0	0	0
0	-11	10	0	0	0	0	0	0
0	-11	11	0	0	0	0	0	0
0	-11	12	0	0	0	0	0	0
0	-10	-12	0	0	0	0	0	0
0	-10	-11	0	0	0	0	0	0
0	-10	-10	0	0	0	0	0	0
0	-10	-9	0	0	0	0	0	0
0	-10	-8	0	0	0	0	0	0
0	-10	-7	0	0	0	0	0	0
0	-10	-6	0	0	0	0	0	0
0	-10	-5	0	0	0	0	0	0
0	-10	-4	0	0	0	0	0	0
0	-10	-3	0	0	0	0	0	0
0	-10	-2	0	0	0	0	0	0
0	-10	-1	0	0	0	0	0	0
0	-10	0	0	0	0	0	0	0
0	-10	1	0	0	0	0	0	0
0	-10	2	0	0	0	0	0	0
0	-10	3	0	0	0	0	0	0
0	-10	4	0	0	0	0	0	0
0	-10	5	0	0	0	0	0	0
0	-10	6	0	0	0	0	0	0
0	-10	7	0	0	0	0	0	0
0	-10	8	0	0	0	0	0	0
0	-10	9	0	0	0	0	0	0
0	-10	10	0	0	0	0	0	0
0	-10	11	0	0	0	0	0	0
0	-10	12	0	0	0	0	0	0
0	-9	-12	0	0	0	0	0	0
0	-9	-11	0	0	0	0	0	0
0	-9	-10	0	0	0	0	0	0
0	-9	-9	0	0	0	0	0	0
0	-9	-8	0	0	0	0	0	0
0	-9	-7	0	0	0	0	0	0
0	-9	-6	0	0	0	0	0	0
0	-9	-5	0	0	0	0	0	0
0	-9	-4	0	0	0	0	0	0
0	-9	-3	0	0	0	0	0	0
0	-9	-2	0	0	0	0	0	0
0	-9	-1	0	0	0	0	0	0
0	-9	0	0	0	0	0	0	0
0	-9	1	0	0	0	0	0	0
0	-9	2	0	0	0	0	0	0
0	-9	3	0	0	0	0	0	0
0	-9	4	0	0	0	0	0	0
0	-9	5	0	0	0	0	0	0
0	-9	6	0	0	0	0	0	0
0	-9	7	0	0	0	0	0	0
0	-9	8	0	0	0	0	0	0
0	-9	9	0	0	0	0	0	0
0	-9	10	0	0	0	0	0	0
0	-9	11	0	0	0	0	0	0
0	-9	12	0	0	0	0	0	0
0	-8	-12	0	0	0	0	0	0
0	-8	-11	0	0	0	0	0	0
0	-8	-10	0	0	0	0	0	0
0	-8	-9	0	0	0	0	0	0
0	-8	-8	-1.4127820677287722281e-06	3.406834299963109652e-06	-9.600482945002864341e-07	-1.8475003241505051377e-05	9.600482945002864341e-07	1.8475003241505051377e-05
0	-8	-7	1.2551810139874089168e-05	1.3444148544032620479e-07	3.9735865480208703288e-06	5.9893034775825293301e-06	-4.5412417691667088262e-06	-6.8449182600943188714e-06
0	-8	-6	1.6676591322047307843e-05	3.5524294480712459736e-05	-7.2021740130015609918e-06	1.6418384843968200561e-05	9.6028986840020818871e-06	-2.1891179791957601878e-05
0	-8	-5	2.8084260545137664146e-05	-4.5519416321025995599e-05	1.5904322317066000686e-05	-7.0126431778266717812e-06	-2.5446915707305602452e-05	1.1220229084522674172e-05
0	-8	-4	5.8996681212200372923e-05	-1.3415663447100359225e-05	1.7911938693073166753e-05	1.1005143264443621772e-05	-3.5823877386146333506e-05	-2.2010286528887243544e-05
0	-8	-3	2.2157435893802753771e-05	-1.7023942387500717058e-05	-1.1746733988485476679e-05	1.9232969563794587358e-06	3.1324623969294602217e-05	-5.1287918836785566289e-06
0	-8	-2	-2.0976498248001579963e-05	-2.0602132020778373485e-05	3.6965946505837562302e-06	-5.5634774819212085955e-06	-1.4786378602335024921e-05	2.2253909927684834382e-05
0	-8	-1	-2.8133585836663522578e-05	-5.4250478482669905382e-05	-5.5397319427192526459e-06	-6.7964936478975724335e-06	4.4317855541754021167e-05	5.4371949183180579468e-05
0	-8	0	8.483312925368561414e-05	3.3437147694062145122e-05	0	0	2.6850262605940735126e-05	1.8991102086330117013e-05
0	-8	1	-6.5101665875768471937e-06	-3.6637160134197807701e-05	-2.7457673536291515977e-06	-2.8576410777474678244e-06	-2.1966138829033212781e-05	-2.2861128621979742595e-05
0	-8	2	-5.4189035579446174075e-05	4.3931133215778980761e-05	-8.4557139860741999912e-06	8.6377686108286609829e-07	-3.3822855944296799965e-05	3.4551074443314643932e-06
0	-8	3	3.3385416010013322968e-05	-6.6491617414136158348e-05	1.7384022352611245763e-05	1.0505484626823746708e-05	4.6357392940296657626e-05	2.8014625671529990093e-05
0	-8	4	-4.9738055882627310619e-07	3.4917750022897973343e-05	-1.1754901216891865619e-05	-1.0824257298985196899e-06	-2.3509802433783731239e-05	-2.1648514597970393797e-06
0	-8	5	1.3621307302087485742e-05	-2.8366930033726280177e-05	-1.6068163961239543229e-05	-1.3621849670684490436e-05	-2.5709062337983269844e-05	-2.179495947309518402e-05
0	-8	6	-9.585224424908412997e-06	7.9420903999758126135e-06	-4.4374608224885930051e-06	-6.6189975163016211859e-06	-5.9166144299847901088e-06	-8.8253300217354943498e-06
0	-8	7	2.2853145551048914834e-05	-2.5874466592776070354e-05	1.0527842895542038919e-05	7.4657864617220291665e-06	1.2031820452048043511e-05	8.5323273848251759483e-06
0	-8	8	-5.3750233977943265922e-06	-5.4932137229779704713e-06	-6.7708419226068744e-06	-2.8840424853689913718e-06	-6.7708419226068744e-06	-2.8840424853689913718e-06
0	-8	9	0	0	0	0	0	0
0	-8	10	0	0	0	0	0	0
0	-8	11	0	0	0	0	0	0
0	-8	12	0	0	0	0	0	0
0	-7	-12	0	0	0	0	0	0
0	-7	-11	0	0	0	0	0	0
0	-7	-10	0	0	0	0	0	0
0	-7	-9	0	0	0	0	0	0
0	-7	-8	-4.0586456532465864291e-05	-1.7332189935027876132e-05	-2.6899829780909382581e-06	8.0618512704746377685e-06	2.3537351058295711347e-06	-7.0541198616653086827e-06
0	-7	-7	1.0700235343830362962e-06	-8.6205515432537754936e-06	-2.0291076064546415019e-05	1.3625355098604222042e-05	2.0291076064546415019e-05	-1.3625355098604222042e-05
0	-7	-6	4.2044823398528775296e-05	1.2233533417610920231e-05	6.97913395632994533e-06	1.2944199330202485333e-05	-8.1423229490516030261e-06	-1.51015658852362343e-05
0	-7	-5	1.9452919824760066849e-05	5.9462731465460752901e-06	2.3708833756753867753e-05	-2.9911023231190936149e-05	-3.3192367259455414854e-05	4.1875432523667314674e-05
0	-7	-4	1.3870719078102584996e-05	-1.2931272202936150905e-05	1.430946180579845413e-05	1.4735623534341992969e-05	-2.5041558160147295574e-05	-2.5787341185098486425e-05
0	-7	-3	6.4749138625175228724e-06	1.3088403936253039872e-05	1.1299327145281807934e-05	1.2731265695873723111e-06	-2.6365096672324217947e-05	-2.9706286623705353925e-06
0	-7	-2	-2.5349456736161130131e-05	-3.2525502851886728287e-05	-2.0805743394070122667e-06	9.8179471405595050259e-06	7.2820101879245429334e-06	-3.4362814991958265897e-05
0	-7	-1	4.7960743601592547658e-05	3.4115726326452664732e-05	6.5005653094874195095e-06	-5.4858030822485618358e-06	-4.5503957166411934025e-05	3.8400621575739932851e-05
0	-7	0	-2.6911375964033885564e-05	5.0879708012644787667e-05	0	0	-2.5851611239582332361e-05	1.7919637714650321972e-05
0	-7	1	3.6773060731301811688e-05	-5.8171022303596269019e-05	-1.7425586527990639774e-06	-1.2631105986524920269e-05	-1.219791056959344763e-05	-8.8417741905674431717e-05
0	-7	2	6.4466671276011098006e-05	-3.1614228552103586071e-05	-7.9207142509993919956e-07	9.1509877159099147046e-06	-2.7722499878497871455e-06	3.2028457005684698078e-05
0	-7	3	-2.4554776765896510086e-05	-4.8216275341848673346e-05	-1.4632692924901517339e-05	-9.3933758264555240573e-06	-3.4142950158103542717e-05	-2.1917876928396221671e-05
0	-7	4	-2.8450511930572721796e-05	2.7157038001395461345e-05	-1.0841688918370477525e-06	-2.4951428625404946604e-05	-1.8972955607148333552e-06	-4.3665000094458657405e-05
0	-7	5	-2.5614299949302712895e-05	1.1577173704859548912e-05	4.2564461694936310031e-06	1.5414261631932337849e-05	5.9590246372910832349e-06	2.1579966284705273666e-05
0	-7	6	3.6172153064085412128e-05	-2.5534276905680215758e-05	-3.5864677626291417245e-05	3.2783856749772310427e-05	-4.1842123897339989044e-05	3.8247832874734357647e-05
0	-7	7	6.6701084721324676072e-06	-2.7654278550358099255e-05	7.5485104841376929769e-06	-1.1919311688934133774e-05	7.5485104841376929769e-06	-1.1919311688934133774e-05
0	-7	8	-1.2299985849859394326e-05	-2.3212445574212353942e-05	7.3413163538162092543e-06	-4.7642169928049657657e-06	6.4236518095891825681e-06	-4.1686898687043448332e-06
0	-7	9	0	0	0	0	0	0
0	-7	10	0	0	0	0	0	0
0	-7	11	0	0	0	0	0	0
0	-7	12	0	0	0	0	0	0
0	-6	-12	0	0	0	0	0	0
0	-6	-11	0	0	0	0	0	0
0	-6	-10	0	0	0	0	0	0
0	-6	-9	0	0	0	0	0	0
0	-6	-8	-5.0931927749289410785e-06	1.0388722895402216023e-05	2.3705663752238605479e-06	-3.2461406899831238651e-05	-1.7779247814178955168e-06	2.43460551748734256e-05
0	-6	-7	4.5010616001599234887e-05	1.3685986435757516755e-05	3.5986139981250309409e-05	-1.0140723500188973335e-05	-3.0845262841071695715e-05	8.6920487144476919143e-06
0	-6	-6	-6.5370231561866719815e-05	1.7516503412641281034e-05	-1.3330690980739590213e-06	4.1783250528223496773e-06	1.3330690980739590213e-06	-4.1783250528223496773e-06
0	-6	-5	1.5926955270859718841e-05	-4.7467210418735941014e-07	-7.0350612016229283193e-06	1.793833162198871963e-05	8.4420734419475136444e-06	-2.1525997946386464911e-05
0	-6	-4	-1.106883213835348815e-05	-2.2134326794771204427e-05	-7.4720847121507684997e-07	6.8752527078825792389e-06	1.1208127068226153808e-06	-1.0312879061823869282e-05
0	-6	-3	5.4446893306569991836e-05	-2.783468626149429508e-05	5.5471422882201090168e-05	-3.4131182405717086102e-05	-0.00011094284576440218034	6.8262364811434172204e-05
0	-6	-2	2.3075753904247937415e-05	0.00012498235404208958088	-1.187712431436645363e-05	-5.4702850242543782334e-06	3.563137294309936089e-05	1.64108550727631347e-05
0	-6	-1	4.179629948141816415e-05	-1.8450544866454544679e-05	-1.2054573063805117494e-05	8.8541564477674575414e-06	7.2327438382830701574e-05	-5.3124938686604745248e-05
0	-6	0	-9.6007939568532315124e-05	2.5173556191979023399e-06	0	0	2.698682534505839238e-07	-7.9692985221004058625e-05
0	-6	1	3.5459124121849388991e-05	-1.902239541095187387e-05	1.094925308953364591e-05	-2.6563594955877813802e-05	6.5695518537201878849e-05	-0.00015938156973526688281
0	-6	2	7.7573359437005073012e-05	-1.9723171465227305147e-05	-9.6292213621588367293e-06	2.4795586251617168982e-06	-2.88876640864765068e-05	7.438675875485150271e-06
0	-6	3	-4.6989832017308484169e-05	1.6357491671959794682e-05	-9.7085667799000169526e-06	3.0801698695768666553e-05	-1.9417133559800033905e-05	6.1603397391537333106e-05
0	-6	4	2.14595099513134906e-06	4.6845365324665344824e-05	-5.7460398828135787023e-06	2.6380737268980575087e-05	-8.6190598242203676299e-06	3.9571105903470859242e-05
0	-6	5	-3.2099437617286557243e-05	2.5782297338281767968e-05	9.446361727857363006e-06	-8.8487526460200647795e-06	1.1335634073428835607e-05	-1.0618503175224077735e-05
0	-6	6	-1.3829107626254997365e-05	6.2321488249489316114e-05	1.0903013578726019432e-05	4.020686400164268597e-05	1.0903013578726019432e-05	4.020686400164268597e-05
0	-6	7	1.2530637103188139946e-05	3.5255321731705882923e-06	1.3554952576404590949e-05	6.0636431619502295431e-06	1.1618530779775362703e-05	5.1974084245287684218e-06
0	-6	8	-9.0859331788379497691e-06	2.8457184100330299196e-05	2.1633099004828516609e-05	2.0721303913446583968e-05	1.6224824253621389998e-05	1.5540977935084938823e-05
0	-6	9	0	0	0	0	0	0
0	-6	10	0	0	0	0	0	0
0	-6	11	0	0	0	0	0	0
0	-6	12	0	0	0	0	0	0
0	-5	-12	0	0	0	0	0	0
0	-5	-11	0	0	0	0	0	0
0	-5	-10	0	0	0	0	0	0
0	-5	-9	0	0	0	0	0	0
0	-5	-8	-2.1635792176458767456e-05	1.5338449966616387313e-05	2.8316666832183924141e-05	1.3857373337143145004e-05	-1.7697916770114951741e-05	-8.660858335714465204e-06
0	-5	-7	-3.7235868447503870206e-05	1.0065602043328697622e-05	-1.8170691955083157545e-05	-3.2719396066740964518e-05	1.2979065682202255147e-05	2.3370997190529258918e-05
0	-5	-6	-6.183115884304356128e-05	1.1007626868819617795e-05	3.6130607461026719644e-05	-2.2208591106200030208e-05	-3.0108839550855600833e-05	1.8507159255166692405e-05
0	-5	-5	9.0604984351797435323e-05	1.6447037783613782712e-05	-3.1764127110204031575e-05	7.1509149847512991072e-07	3.1764127110204031575e-05	-7.1509149847512991072e-07
0	-5	-4	8.387727151536188044e-05	3.9108713406158474122e-05	-1.8387113188096771483e-06	3.7665869126349014518e-05	2.2983891485120961177e-06	-4.708233640793626476e-05
0	-5	-3	1.7684332376050551722e-06	-5.7461726598651801225e-05	2.8609350768915510661e-05	7.8709589052750826002e-05	-4.768225128152585562e-05	-0.00013118264842125137667
0	-5	-2	7.7910717513404252965e-08	-2.0758544305549305587e-05	4.0780979639443207342e-08	1.5425920408375785636e-05	-1.0195244909860801505e-07	-3.8564801020939464091e-05
0	-5	-1	0.00013971279224943628145	-0.00016445629427151161684	1.5096159720739954412e-05	1.1542354113795805776e-05	-7.5480798603699773754e-05	-5.7711770568979030576e-05
0	-5	0	9.4285197496600856417e-05	-2.2516357076782912385e-05	0	0	-0.00024374199742102699317	9.2537588343922285447e-05
0	-5	1	-1.2555441887319857539e-05	4.5933582217119597131e-05	-3.1176335195929343231e-05	1.4531462312557050576e-05	-0.00015588167597964670938	7.2657311562785247797e-05
0	-5	2	1.7117828865020485307e-05	-0.00016574872428643281719	1.3206106811882330402e-05	-2.8956804162083221786e-05	3.3015267029705823464e-05	-7.2392010405208061241e-05
0	-5	3	-5.8864630656350801978e-05	7.401838079149803296e-05	-2.150564618789480679e-05	-2.6509694382342217201e-05	-3.584274364649134352e-05	-4.4182823970570360872e-05
0	-5	4	6.6003205806867965141e-05	6.1019070120940422541e-06	5.4843086188064623103e-05	-3.8167360936007430616e-07	6.8553857735080775491e-05	-4.7709201170009293564e-07
0	-5	5	-2.0496543251535338011e-05	0.00010859166003523796284	4.0192804021040857531e-05	4.7201524909042810664e-05	4.0192804021040857531e-05	4.7201524909042810664e-05
0	-5	6	3.22744578973747375e-05	-3.1136794889565128705e-06	-1.0330947531103618596e-05	-4.5261201851943741719e-05	-8.6091229425863482653e-06	-3.7717668209953120358e-05
0	-5	7	2.8402407565662385244e-05	-1.6721286631026732142e-05	9.5430035621035556528e-06	-1.5212190706007424005e-05	6.8164311157882539167e-06	-1.086585050429101642e-05
0	-5	8	-4.0972289172333553088e-05	2.3213513976822080679e-05	-2.1450118019397256837e-05	2.0570489881899553075e-05	-1.34063237621232851e-05	1.2856556176187219825e-05
0	-5	9	0	0	0	0	0	0
0	-5	10	0	0	0	0	0	0
0	-5	11	0	0	0	0	0	0
0	-5	12	0	0	0	0	0	0
0	-4	-12	0	0	0	0	0	0
0	-4	-11	0	0	0	0	0	0
0	-4	-10	0	0	0	0	0	0
0	-4	-9	0	0	0	0	0	0
0	-4	-8	-5.4029372908714630008e-05	4.2298240671010709044e-05	-2.3091471996732113834e-05	-2.6588352808089001306e-05	1.1545735998366056917e-05	1.3294176404044500653e-05
0	-4	-7	-7.1068597746340419271e-06	1.6417836917999636671e-05	-3.0332854334222764884e-05	4.8801313555342053024e-05	1.7333059619555865648e-05	-2.7886464888766886958e-05
0	-4	-6	8.4738507382526412451e-06	-7.2352694179507199418e-05	2.2491391598371258503e-05	6.7907167294288487834e-05	-1.4994261065580839567e-05	-4.5271444862858987372e-05
0	-4	-5	3.9973678905302301666e-05	-8.9287870714577886205e-05	7.3638757572597483749e-05	4.6351732617360030971e-05	-5.8911006058077988355e-05	-3.7081386093888027487e-05
0	-4	-4	-2.462321538045222696e-05	-0.00010264777450989347044	-1.7970672609806425985e-05	7.2360853952818470327e-05	1.7970672609806425985e-05	-7.2360853952818470327e-05
0	-4	-3	0.00015157110304074859807	-6.5026850183356233422e-06	-3.402871154301265301e-06	0.00011493278579612428584	4.5371615390683537347e-06	-0.00015324371439483239015
0	-4	-2	-7.7200213030949346011e-05	2.3774435672269009597e-05	-6.1571128447349406467e-05	2.6625713781616037535e-05	0.00012314225689469881293	-5.325142756323207507e-05
0	-4	-1	0.00031720593007949365611	0.00022455542431408870101	4.935318910069699485e-05	-4.1625431165316424296e-05	-0.0001974127564027879794	0.00016650172466126569718
0	-4	0	-4.896942575307148838e-05	0.00019217436526179176685	0	0	0.00010604784572294041929	0.00014804166429986174275
0	-4	1	-7.6495807010396298922e-05	3.1048509812991056218e-05	1.959395056540410001e-05	3.3515158836316082114e-05	7.8375802261616400041e-05	0.00013406063534526432846
0	-4	2	4.6257515898656152774e-05	0.00018851954457353698293	-4.7773061313516511166e-05	-9.4347474306879609634e-06	-9.5546122627033022333e-05	-1.8869494861375921927e-05
0	-4	3	0.00017550878795295180197	4.6708189676033892875e-05	8.4868568988208055638e-06	7.1119286467313569443e-05	1.1315809198427741316e-05	9.4825715289751421407e-05
0	-4	4	-0.00016576402026208375269	0.00010619122187569667579	-6.8981956424592284272e-05	3.6858463335855615997e-05	-6.8981956424592284272e-05	3.6858463335855615997e-05
0	-4	5	-2.2444398598536417484e-05	-2.6198066061731001682e-05	2.0127982182642659336e-06	-1.9344833182072366406e-05	1.6102385746114125352e-06	-1.5475866545657891769e-05
0	-4	6	-0.0001051416582156162907	-7.0397311320662117801e-05	4.6279949115019103204e-05	1.8429884015231862214e-05	3.0853299410012737728e-05	1.2286589343487909837e-05
0	-4	7	5.2620731969946102184e-05	-1.2035686209813822555e-05	-9.0007769206118207899e-06	6.4642108419083375116e-06	-5.1433010974924687808e-06	3.6938347668047641108e-06
0	-4	8	7.609873550114279735e-06	1.930337605254657307e-05	1.3746504315729122676e-05	1.1489430584293753185e-05	6.873252157864561338e-06	5.7447152921468765927e-06
0	-4	9	0	0	0	0	0	0
0	-4	10	0	0	0	0	0	0
0	-4	11	0	0	0	0	0	0
0	-4	12	0	0	0	0	0	0
0	-3	-12	0	0	0	0	0	0
0	-3	-11	0	0	0	0	0	0
0	-3	-10	0	0	0	0	0	0
0	-3	-9	0	0	0	0	0	0
0	-3	-8	2.985780046890925115e-05	-1.9986767209321742674e-05	3.3756833555606212112e-05	1.9830580429096477448e-05	-1.2658812583352328695e-05	-7.4364676609111794665e-06
0	-3	-7	7.5893148991719674464e-06	9.021919340982485617e-05	5.9883020072015714051e-05	5.3925318148462333842e-06	-2.5664151459435305538e-05	-2.3110850635055286537e-06
0	-3	-6	1.582641279803595469e-05	-6.3215094732353414885e-05	-3.4391869458614741061e-05	-8.937302363673135222e-05	1.719593472930737053e-05	4.468651181836567611e-05
0	-3	-5	-7.476777110011484232e-05	-7.435485448970330564e-05	-9.2466964679345511825e-05	-7.2798632110375967644e-05	5.5480178807607301674e-05	4.3679179266225581942e-05
0	-3	-4	-9.5285287316860034826e-05	-0.00010470995828144076133	-8.1643103209691367207e-05	-0.00013751784085673615958	6.1232327407268518629e-05	0.00010313838064255211968
0	-3	-3	0	0	0	0	0	0
0	-3	-2	0	0	0	0	0	0
0	-3	-1	0	0	0	0	0	0
0	-3	0	0	0	0	0	0	0
0	-3	1	0	0	0	0	0	0
0	-3	2	0	0	0	0	0	0
0	-3	3	0	0	0	0	0	0
0	-3	4	3.6865967488778402655e-05	-0.00015985767952613957887	2.1336023941688797735e-05	-4.5112415748164218731e-05	1.6002017956266600843e-05	-3.383431181112316066e-05
0	-3	5	-6.6685167545522421235e-05	4.8515169746732355119e-05	-3.8130116419789392948e-05	-6.9931353474687933626e-05	-2.2878069851873634414e-05	-4.1958812084812766952e-05
0	-3	6	5.716509457710995017e-05	9.0793313597448610172e-05	4.1866686428515938407e-05	-1.9011484433104285606e-05	2.0933343214257969203e-05	-9.5057422165521428031e-06
0	-3	7	9.4921973165279136496e-06	4.6700135951518824602e-05	-1.6719049317277265645e-05	1.9018680357745611675e-06	-7.1653068502616847925e-06	8.1508630104624048523e-07
0	-3	8	-1.9314559644623078546e-05	4.291016412958709907e-05	-1.110586844808136995e-05	-1.0266488269169667043e-05	-4.164700668030513943e-06	-3.8499331009386255647e-06
0	-3	9	0	0	0	0	0	0
0	-3	10	0	0	0	0	0	0
0	-3	11	0	0	0	0	0	0
0	-3	12	0	0	0	0	0	0
0	-2	-12	0	0	0	0	0	0
0	-2	-11	0	0	0	0	0	0
0	-2	-10	0	0	0	0	0	0
0	-2	-9	0	0	0	0	0	0
0	-2	-8	-7.3949241160139988553e-06	2.486820949398859312e-05	-3.4182157503744983241e-05	-3.9705478114815947273e-05	8.5455393759362458103e-06	9.9263695287039868182e-06
0	-2	-7	2.0662364808620801434e-05	8.260145483796695306e-06	-1.1602501983079593543e-05	-1.3710700440482230872e-05	3.3150005665941696441e-06	3.9173429829949232272e-06
0	-2	-6	6.5838213568378709472e-06	4.355793454181570881e-05	1.4589732420815911812e-05	3.6155697810647937436e-05	-4.8632441402719703215e-06	-1.205189927021597971e-05
0	-2	-5	0.00012134387223894867766	0.00016900948105634069798	-0.00013005243237278470516	3.2526742217001638102e-05	5.2020972949113880709e-05	-1.3010696886800654225e-05
0	-2	-4	2.9554523566083308915e-05	-0.00046173516336814725367	-5.7762038183545830097e-05	-1.5514739925151590698e-06	2.8881019091772915048e-05	7.7573699625757953491e-07
0	-2	-3	0	0	0	0	0	0
0	-2	-2	0.012423250989702172911	0.014343549608991887009	-0.041291962457346564896	0.0027184527558926450258	0.041291962457346564896	-0.0027184527558926450258
0	-2	-1	-0.014328142979085658343	-0.017250096782770465986	0.031356178024990258302	-0.011183032692375166617	-0.062712356049980516604	0.022366065384750333234
0	-2	0	-0.041007445233968209397	0.039614394843588709993	0	0	0.026442147266440278741	-0.048253113743551227788
0	-2	1	0.030282739982482525382	-0.089104860830461651844	0.016045591907961408856	0.016464486798535512418	0.032091183815922817713	0.032928973597071024837
0	-2	2	0.017552727814043947441	0.053351580002291426608	-0.029129319262830775245	0.012750409591491275105	-0.029129319262830775245	0.012750409591491275105
0	-2	3	0	0	0	0	0	0
0	-2	4	-0.00014296842618218005903	-3.2866205130161663301e-05	-0.00010704624012488126025	-0.00016928686756260974281	-5.3523120062440630125e-05	-8.4643433781304871404e-05
0	-2	5	-6.7131638059414201194e-05	3.7798612750756662121e-05	3.9364596514909785236e-05	-6.2872043941072586139e-05	1.5745838605963916127e-05	-2.5148817576429036488e-05
0	-2	6	-3.2087138716606194435e-05	0.00010392722929667390233	2.5748803373026775686e-05	-0.00012964620166624714944	8.5829344576755913307e-06	-4.3215400555415718739e-05
0	-2	7	9.2080851766396996884e-05	-2.0540840214696591738e-05	2.8232341359527691029e-05	3.4551546047204307883e-05	8.066383245579340536e-06	9.8718702992012298558e-06
0	-2	8	1.020700168887543655e-05	6.9248100480954159216e-06	2.1278484738883149559e-05	1.1984876573204768365e-05	5.3196211847207873898e-06	2.9962191433011920914e-06
0	-2	9	0	0	0	0	0	0
0	-2	10	0	0	0	0	0	0
0	-2	11	0	0	0	0	0	0
0	-2	12	0	0	0	0	0	0
0	-1	-12	0	0	0	0	0	0
0	-1	-11	0	0	0	0	0	0
0	-1	-10	0	0	0	0	0	0
0	-1	-9	0	0	0	0	0	0
0	-1	-8	-4.1044742156777279201e-05	3.4575382200715060123e-05	4.4378889989986365216e-05	9.4937170495815598599e-06	-5.5473612487482956519e-06	-1.1867146311976949825e-06
0	-1	-7	2.0613729555951357177e-05	-4.4959036362789780875e-05	-4.0295500746187265235e-05	-2.0344448205552791316e-05	5.7565001065981806269e-06	2.9063497436503986384e-06
0	-1	-6	-8.8485921936383833903e-05	-9.2537291481450394424e-06	6.5367869052458684961e-05	-4.1472315121885222557e-05	-1.0894644842076448623e-05	6.9120525203142043242e-06
0	-1	-5	0.00014053851541384132853	-7.4903272602870802667e-05	0.00016365331006395737886	2.6562635628145184489e-05	-3.2730662012791475772e-05	-5.3125271256290367285e-06
0	-1	-4	-7.5621807605979175456e-05	1.1902752444209348915e-05	-8.6058405204581133103e-05	-6.3342497948030117294e-05	2.1514601301145283276e-05	1.5835624487007529324e-05
0	-1	-3	0	0	0	0	0	0
0	-1	-2	0.011964910348909608279	-0.012652280453349202052	0.00088270941744911831772	0.07324857221554030573	-0.00044135470872455915886	-0.036624286107770152865
0	-1	-1	0.051419913931751354275	-0.018586524778264904012	-0.023956961351908924451	0.01623466599877684477	0.023956961351908924451	-0.01623466599877684477
0	-1	0	0.016171452710427015181	0.10628872316226840866	0	0	-0.052782758392829282057	0.25265526208665639585
0	-1	1	-0.040538024766516987663	-0.048506267383427267847	0.0057526952262596390067	-0.020722219452719931043	0.0057526952262596390067	-0.020722219452719931043
0	-1	2	0.079334399566293331563	0.044098698496330565599	0.018718460858134510633	0.072194109373005993513	0.0093592304290672553163	0.036097054686502996756
0	-1	3	0	0	0	0	0	0
0	-1	4	0.0002692664120115629894	-0.00018716135063248824644	8.011736685021351534e-05	-1.5965928239521238183e-05	2.0029341712553378835e-05	-3.9914820598803095458e-06
0	-1	5	3.6565823772774746365e-06	-7.8378049315594848522e-05	5.9590196683786828273e-05	-2.0252640151489893712e-05	1.1918039336757365655e-05	-4.0505280302979792506e-06
0	-1	6	-1.3138786948898556242e-05	-8.3658923129291409772e-05	-8.3565324395229350946e-05	-9.5606743629796580664e-05	-1.3927554065871557926e-05	-1.5934457271632763444e-05
0	-1	7	4.0424693979476523475e-05	-7.7022899084990670672e-05	-7.5293031495638954422e-05	-1.5305370348398885221e-06	-1.0756147356519850874e-05	-2.1864814783426979265e-07
0	-1	8	1.5014681104866009517e-05	-3.4021755699330394958e-05	-3.9973022803159598582e-06	-5.7440005829539053097e-05	-4.9966278503949498228e-07	-7.1800007286923816371e-06
0	-1	9	0	0	0	0	0	0
0	-1	10	0	0	0	0	0	0
0	-1	11	0	0	0	0	0	0
0	-1	12	0	0	0	0	0	0
0	0	-12	0	0	0	0	0	0
0	0	-11	0	0	0	0	0	0
0	0	-10	0	0	0	0	0	0
0	0	-9	0	0	0	0	0	0
0	0	-8	2.7668838102351011769e-05	5.2329423156197846234e-05	2.7267920537073014787e-06	3.5705014010014846082e-05	0	0
0	0	-7	-2.6069752848759042207e-05	4.2682184084032260608e-05	6.8472245889522235325e-05	-1.6917131238501288725e-05	0	0
0	0	-6	9.2887101051091153572e-05	-0.0001054254657085947766	-4.2711398660993219497e-05	4.7962523460998375991e-05	0	0
0	0	-5	5.2982453719437063951e-05	2.7277556242892997006e-05	-7.6472414287659105686e-05	-0.00017780142011683544513	0	0
0	0	-4	-8.8542450757953580082e-05	0.00033093846830466053461	9.9135758976240422524e-05	-0.00016669467011572213552	0	0
0	0	-3	0	0	0	0	0	0
0	0	-2	0.041687590059546725252	0.011059303638319627552	0.10031118087213136691	0.002308837371928033292	0	0
0	0	-1	0.16960657596410796955	-0.017269614953897699516	0.036037645921844364827	-0.081689799329468112954	0	0
0	0	1	0.16960657596410796955	0.017269614953897699516	0.036037645921844364827	0.081689799329468112954	0	0
0	0	2	0.041687590059546725252	-0.011059303638319627552	0.10031118087213136691	-0.002308837371928033292	0	0
0	0	3	0	0	0	0	0	0
0	0	4	-8.8542450757953580082e-05	-0.00033093846830466053461	9.9135758976240422524e-05	0.00016669467011572213552	0	0
0	0	5	5.2982453719437063951e-05	-2.7277556242892997006e-05	-7.6472414287659105686e-05	0.00017780142011683544513	0	0
0	0	6	9.2887101051091153572e-05	0.0001054254657085947766	-4.2711398660993219497e-05	-4.7962523460998375991e-05	0	0
0	0	7	-2.6069752848759042207e-05	-4.2682184084032260608e-05	6.8472245889522235325e-05	1.6917131238501288725e-05	0	0
0	0	8	2.7668838102351011769e-05	-5.2329423156197846234e-05	2.7267920537073014787e-06	-3.5705014010014846082e-05	0	0
0	0	9	0	0	0	0	0	0
0	0	10	0	0	0	0	0	0
0	0	11	0	0	0	0	0	0
0	0	12	0	0	0	0	0	0
0	1	-12	0	0	0	0	0	0
0	1	-11	0	0	0	0	0	0
0	1	-10	0	0	0	0	0	0
0	1	-9	0	0	0	0	0	0
0	1	-8	1.5014681104866009517e-05	3.4021755699330394958e-05	-3.9973022803159598582e-06	5.7440005829539053097e-05	-4.9966278503949498228e-07	7.1800007286923816371e-06
0	1	-7	4.0424693979476523475e-05	7.7022899084990670672e-05	-7.5293031495638954422e-05	1.5305370348398885221e-06	-1.0756147356519850874e-05	2.1864814783426979265e-07
0	1	-6	-1.3138786948898556242e-05	8.3658923129291409772e-05	-8.3565324395229350946e-05	9.5606743629796580664e-05	-1.3927554065871557926e-05	1.5934457271632763444e-05
0	1	-5	3.6565823772774746365e-06	7.8378049315594848522e-05	5.9590196683786828273e-05	2.0252640151489893712e-05	1.1918039336757365655e-05	4.0505280302979792506e-06
0	1	-4	0.0002692664120115629894	0.00018716135063248824644	8.011736685021351534e-05	1.5965928239521238183e-05	2.0029341712553378835e-05	3.9914820598803095458e-06
0	1	-3	0	0	0	0	0	0
0	1	-2	0.079334399566293331563	-0.044098698496330565599	0.018718460858134510633	-0.072194109373005993513	0.0093592304290672553163	-0.036097054686502996756
0	1	-1	-0.040538024766516987663	0.048506267383427267847	0.0057526952262596390067	0.020722219452719931043	0.0057526952262596390067	0.020722219452719931043
0	1	0	0.016171452710427015181	-0.10628872316226840866	0	0	-0.052782758392829282057	-0.25265526208665639585
0	1	1	0.051419913931751354275	0.018586524778264904012	-0.023956961351908924451	-0.01623466599877684477	0.023956961351908924451	0.01623466599877684477
0	1	2	0.011964910348909608279	0.012652280453349202052	0.00088270941744911831772	-0.07324857221554030573	-0.00044135470872455915886	0.036624286107770152865
0	1	3	0	0	0	0	0	0
0	1	4	-7.5621807605979175456e-05	-1.1902752444209348915e-05	-8.6058405204581133103e-05	6.3342497948030117294e-05	2.1514601301145283276e-05	-1.5835624487007529324e-05
0	1	5	0.00014053851541384132853	7.4903272602870802667e-05	0.00016365331006395737886	-2.6562635628145184489e-05	-3.2730662012791475772e-05	5.3125271256290367285e-06
0	1	6	-8.8485921936383833903e-05	9.2537291481450394424e-06	6.5367869052458684961e-05	4.1472315121885222557e-05	-1.0894644842076448623e-05	-6.9120525203142043242e-06
0	1	7	2.0613729555951357177e-05	4.4959036362789780875e-05	-4.0295500746187265235e-05	2.0344448205552791316e-05	5.7565001065981806269e-06	-2.9063497436503986384e-06
0	1	8	-4.1044742156777279201e-05	-3.4575382200715060123e-05	4.4378889989986365216e-05	-9.4937170495815598599e-06	-5.5473612487482956519e-06	1.1867146311976949825e-06
0	1	9	0	0	0	0	0	0
0	1	10	0	0	0	0	0	0
0	1	11	0	0	0	0	0	0
0	1	12	0	0	0	0	0	0
0	2	-12	0	0	0	0	0	0
0	2	-11	0	0	0	0	0	0
0	2	-10	0	0	0	0	0	0
0	2	-9	0	0	0	0	0	0
0	2	-8	1.020700168887543655e-05	-6.9248100480954159216e-06	2.1278484738883149559e-05	-1.1984876573204768365e-05	5.3196211847207873898e-06	-2.9962191433011920914e-06
0	2	-7	9.2080851766396996884e-05	2.0540840214696591738e-05	2.8232341359527691029e-05	-3.4551546047204307883e-05	8.066383245579340536e-06	-9.8718702992012298558e-06
0	2	-6	-3.2087138716606194435e-05	-0.00010392722929667390233	2.5748803373026775686e-05	0.00012964620166624714944	8.5829344576755913307e-06	4.3215400555415718739e-05
0	2	-5	-6.7131638059414201194e-05	-3.7798612750756662121e-05	3.9364596514909785236e-05	6.2872043941072586139e-05	1.5745838605963916127e-05	2.5148817576429036488e-05
0	2	-4	-0.00014296842618218005903	3.2866205130161663301e-05	-0.00010704624012488126025	0.00016928686756260974281	-5.3523120062440630125e-05	8.4643433781304871404e-05
0	2	-3	0	0	0	0	0	0
0	2	-2	0.017552727814043947441	-0.053351580002291426608	-0.029129319262830775245	-0.012750409591491275105	-0.029129319262830775245	-0.012750409591491275105
0	2	-1	0.030282739982482525382	0.089104860830461651844	0.016045591907961408856	-0.016464486798535512418	0.032091183815922817713	-0.032928973597071024837
0	2	0	-0.041007445233968209397	-0.039614394843588709993	0	0	0.026442147266440278741	0.048253113743551227788
0	2	1	-0.014328142979085658343	0.017250096782770465986	0.031356178024990258302	0.011183032692375166617	-0.062712356049980516604	-0.022366065384750333234
0	2	2	0.012423250989702172911	-0.014343549608991887009	-0.041291962457346564896	-0.0027184527558926450258	0.041291962457346564896	0.0027184527558926450258
0	2	3	0	0	0	0	0	0
0	2	4	2.9554523566083308915e-05	0.00046173516336814725367	-5.7762038183545830097e-05	1.5514739925151590698e-06	2.8881019091772915048e-05	-7.7573699625757953491e-07
0	2	5	0.00012134387223894867766	-0.00016900948105634069798	-0.00013005243237278470516	-3.2526742217001638102e-05	5.2020972949113880709e-05	1.3010696886800654225e-05
0	2	6	6.5838213568378709472e-06	-4.355793454181570881e-05	1.4589732420815911812e-05	-3.6155697810647937436e-05	-4.8632441402719703215e-06	1.205189927021597971e-05
0	2	7	2.0662364808620801434e-05	-8.260145483796695306e-06	-1.1602501983079593543e-05	1.3710700440482230872e-05	3.3150005665941696441e-06	-3.9173429829949232272e-06
0	2	8	-7.3949241160139988553e-06	-2.486820949398859312e-05	-3.4182157503744983241e-05	3.9705478114815947273e-05	8.5455393759362458103e-06	-9.9263695287039868182e-06
0	2	9	0	0	0	0	0	0
0	2	10	0	0	0	0	0	0
0	2	11	0	0	0	0	0	0
0	2	12	0	0	0	0	0	0
0	3	-12	0	0	0	0	0	0
0	3	-11	0	0	0	0	0	0
0	3	-10	0	0	0	0	0	0
0	3	-9	0	0	0	0	0	0
0	3	-8	-1.9314559644623078546e-05	-4.291016412958709907e-05	-1.110586844808136995e-05	1.0266488269169667043e-05	-4.164700668030513943e-06	3.8499331009386255647e-06
0	3	-7	9.4921973165279136496e-06	-4.6700135951518824602e-05	-1.6719049317277265645e-05	-1.9018680357745611675e-06	-7.1653068502616847925e-06	-8.1508630104624048523e-07
0	3	-6	5.716509457710995017e-05	-9.0793313597448610172e-05	4.1866686428515938407e-05	1.9011484433104285606e-05	2.0933343214257969203e-05	9.5057422165521428031e-06
0	3	-5	-6.6685167545522421235e-05	-4.8515169746732355119e-05	-3.8130116419789392948e-05	6.9931353474687933626e-05	-2.2878069851873634414e-05	4.1958812084812766952e-05
0	3	-4	3.6865967488778402655e-05	0.00015985767952613957887	2.1336023941688797735e-05	4.5112415748164218731e-05	1.6002017956266600843e-05	3.383431181112316066e-05
0	3	-3	0	0	0	0	0	0
0	3	-2	0	0	0	0	0	0
0	3	-1	0	0	0	0	0	0
0	3	0	0	0	0	0	0	0
0	3	1	0	0	0	0	0	0
0	3	2	0	0	0	0	0	0
0	3	3	0	0	0	0	0	0
0	3	4	-9.5285287316860034826e-05	0.00010470995828144076133	-8.1643103209691367207e-05	0.00013751784085673615958	6.1232327407268518629e-05	-0.00010313838064255211968
0	3	5	-7.476777110011484232e-05	7.435485448970330564e-05	-9.2466964679345511825e-05	7.2798632110375967644e-05	5.5480178807607301674e-05	-4.3679179266225581942e-05
0	3	6	1.582641279803595469e-05	6.3215094732353414885e-05	-3.4391869458614741061e-05	8.937302363673135222e-05	1.719593472930737053e-05	-4.468651181836567611e-05
0	3	7	7.5893148991719674464e-06	-9.021919340982485617e-05	5.9883020072015714051e-05	-5.3925318148462333842e-06	-2.5664151459435305538e-05	2.3110850635055286537e-06
0	3	8	2.985780046890925115e-05	1.9986767209321742674e-05	3.3756833555606212112e-05	-1.9830580429096477448e-05	-1.2658812583352328695e-05	7.4364676609111794665e-06
0	3	9	0	0	0	0	0	0
0	3	10	0	0	0	0	0	0
0	3	11	0	0	0	0	0	0
0	3	12	0	0	0	0	0	0
0	4	-12	0	0	0	0	0	0
0	4	-11	0	0	0	0	0	0
0	4	-10	0	0	0	0	0	0
0	4	-9	0	0	0	0	0	0
0	4	-8	7.609873550114279735e-06	-1.930337605254657307e-05	1.3746504315729122676e-05	-1.1489430584293753185e-05	6.873252157864561338e-06	-5.7447152921468765927e-06
0	4	-7	5.2620731969946102184e-05	1.2035686209813822555e-05	-9.0007769206118207899e-06	-6.4642108419083375116e-06	-5.1433010974924687808e-06	-3.6938347668047641108e-06
0	4	-6	-0.0001051416582156162907	7.0397311320662117801e-05	4.6279949115019103204e-05	-1.8429884015231862214e-05	3.0853299410012737728e-05	-1.2286589343487909837e-05
0	4	-5	-2.2444398598536417484e-05	2.6198066061731001682e-05	2.0127982182642659336e-06	1.9344833182072366406e-05	1.6102385746114125352e-06	1.5475866545657891769e-05
0	4	-4	-0.00016576402026208375269	-0.00010619122187569667579	-6.8981956424592284272e-05	-3.6858463335855615997e-05	-6.8981956424592284272e-05	-3.6858463335855615997e-05
0	4	-3	0.00017550878795295180197	-4.6708189676033892875e-05	8.4868568988208055638e-06	-7.1119286467313569443e-05	1.1315809198427741316e-05	-9.4825715289751421407e-05
0	4	-2	4.6257515898656152774e-05	-0.00018851954457353698293	-4.7773061313516511166e-05	9.4347474306879609634e-06	-9.5546122627033022333e-05	1.8869494861375921927e-05
0	4	-1	-7.6495807010396298922e-05	-3.1048509812991056218e-05	1.959395056540410001e-05	-3.3515158836316082114e-05	7.8375802261616400041e-05	-0.00013406063534526432846
0	4	0	-4.896942575307148838e-05	-0.00019217436526179176685	0	0	0.00010604784572294041929	-0.00014804166429986174275
0	4	1	0.00031720593007949365611	-0.00022455542431408870101	4.935318910069699485e-05	4.1625431165316424296e-05	-0.0001974127564027879794	-0.00016650172466126569718
0	4	2	-7.7200213030949346011e-05	-2.3774435672269009597e-05	-6.1571128447349406467e-05	-2.6625713781616037535e-05	0.00012314225689469881293	5.325142756323207507e-05
0	4	3	0.00015157110304074859807	6.5026850183356233422e-06	-3.402871154301265301e-06	-0.00011493278579612428584	4.5371615390683537347e-06	0.00015324371439483239015
0	4	4	-2.462321538045222696e-05	0.00010264777450989347044	-1.7970672609806425985e-05	-7.2360853952818470327e-05	1.7970672609806425985e-05	7.2360853952818470327e-05
0	4	5	3.9973678905302301666e-05	8.9287870714577886205e-05	7.3638757572597483749e-05	-4.6351732617360030971e-05	-5.8911006058077988355e-05	3.7081386093888027487e-05
0	4	6	8.4738507382526412451e-06	7.2352694179507199418e-05	2.2491391598371258503e-05	-6.7907167294288487834e-05	-1.4994261065580839567e-05	4.5271444862858987372e-05
0	4	7	-7.1068597746340419271e-06	-1.6417836917999636671e-05	-3.0332854334222764884e-05	-4.8801313555342053024e-05	1.7333059619555865648e-05	2.7886464888766886958e-05
0	4	8	-5.4029372908714630008e-05	-4.2298240671010709044e-05	-2.3091471996732113834e-05	2.6588352808089001306e-05	1.1545735998366056917e-05	-1.3294176404044500653e-05
0	4	9	0	0	0	0	0	0
0	4	10	0	0	0	0	0	0
0	4	11	0	0	0	0	0	0
0	4	12	0	0	0	0	0	0
0	5	-12	0	0	0	0	0	0
0	5	-11	0	0	0	0	0	0
0	5	-10	0	0	0	0	0	0
0	5	-9	0	0	0	0	0	0
0	5	-8	-4.0972289172333553088e-05	-2.3213513976822080679e-05	-2.1450118019397256837e-05	-2.0570489881899553075e-05	-1.34063237621232851e-05	-1.2856556176187219825e-05
0	5	-7	2.8402407565662385244e-05	1.6721286631026732142e-05	9.5430035621035556528e-06	1.5212190706007424005e-05	6.8164311157882539167e-06	1.086585050429101642e-05
0	5	-6	3.22744578973747375e-05	3.1136794889565128705e-06	-1.0330947531103618596e-05	4.5261201851943741719e-05	-8.6091229425863482653e-06	3.7717668209953120358e-05
0	5	-5	-2.0496543251535338011e-05	-0.00010859166003523796284	4.0192804021040857531e-05	-4.7201524909042810664e-05	4.0192804021040857531e-05	-4.7201524909042810664e-05
0	5	-4	6.6003205806867965141e-05	-6.1019070120940422541e-06	5.4843086188064623103e-05	3.8167360936007430616e-07	6.8553857735080775491e-05	4.7709201170009293564e-07
0	5	-3	-5.8864630656350801978e-05	-7.401838079149803296e-05	-2.150564618789480679e-05	2.6509694382342217201e-05	-3.584274364649134352e-05	4.4182823970570360872e-05
0	5	-2	1.7117828865020485307e-05	0.00016574872428643281719	1.3206106811882330402e-05	2.8956804162083221786e-05	3.3015267029705823464e-05	7.2392010405208061241e-05
0	5	-1	-1.2555441887319857539e-05	-4.5933582217119597131e-05	-3.1176335195929343231e-05	-1.4531462312557050576e-05	-0.00015588167597964670938	-7.2657311562785247797e-05
0	5	0	9.4285197496600856417e-05	2.2516357076782912385e-05	0	0	-0.00024374199742102699317	-9.2537588343922285447e-05
0	5	1	0.00013971279224943628145	0.00016445629427151161684	1.5096159720739954412e-05	-1.1542354113795805776e-05	-7.5480798603699773754e-05	5.7711770568979030576e-05
0	5	2	7.7910717513404252965e-08	2.0758544305549305587e-05	4.0780979639443207342e-08	-1.5425920408375785636e-05	-1.0195244909860801505e-07	3.8564801020939464091e-05
0	5	3	1.7684332376050551722e-06	5.7461726598651801225e-05	2.8609350768915510661e-05	-7.8709589052750826002e-05	-4.768225128152585562e-05	0.00013118264842125137667
0	5	4	8.387727151536188044e-05	-3.9108713406158474122e-05	-1.8387113188096771483e-06	-3.7665869126349014518e-05	2.2983891485120961177e-06	4.708233640793626476e-05
0	5	5	9.0604984351797435323e-05	-1.6447037783613782712e-05	-3.1764127110204031575e-05	-7.1509149847512991072e-07	3.1764127110204031575e-05	7.1509149847512991072e-07
0	5	6	-6.183115884304356128e-05	-1.1007626868819617795e-05	3.6130607461026719644e-05	2.2208591106200030208e-05	-3.0108839550855600833e-05	-1.8507159255166692405e-05
0	5	7	-3.7235868447503870206e-05	-1.0065602043328697622e-05	-1.8170691955083157545e-05	3.2719396066740964518e-05	1.2979065682202255147e-05	-2.3370997190529258918e-05
0	5	8	-2.1635792176458767456e-05	-1.5338449966616387313e-05	2.8316666832183924141e-05	-1.3857373337143145004e-05	-1.7697916770114951741e-05	8.660858335714465204e-06
0	5	9	0	0	0	0	0	0
0	5	10	0	0	0	0	0	0
0	5	11	0	0	0	0	0	0
0	5	12	0	0	0	0	0	0
0	6	-12	0	0	0	0	0	0
0	6	-11	0	0	0	0	0	0
0	6	-10	0	0	0	0	0	0
0	6	-9	0	0	0	0	0	0
0	6	-8	-9.0859331788379497691e-06	-2.8457184100330299196e-05	2.1633099004828516609e-05	-2.0721303913446583968e-05	1.6224824253621389998e-05	-1.5540977935084938823e-05
0	6	-7	1.2530637103188139946e-05	-3.5255321731705882923e-06	1.3554952576404590949e-05	-6.0636431619502295431e-06	1.1618530779775362703e-05	-5.1974084245287684218e-06
0	6	-6	-1.3829107626254997365e-05	-6.2321488249489316114e-05	1.0903013578726019432e-05	-4.020686400164268597e-05	1.0903013578726019432e-05	-4.020686400164268597e-05
0	6	-5	-3.2099437617286557243e-05	-2.5782297338281767968e-05	9.446361727857363006e-06	8.8487526460200647795e-06	1.1335634073428835607e-05	1.0618503175224077735e-05
0	6	-4	2.14595099513134906e-06	-4.6845365324665344824e-05	-5.7460398828135787023e-06	-2.6380737268980575087e-05	-8.6190598242203676299e-06	-3.9571105903470859242e-05
0	6	-3	-4.6989832017308484169e-05	-1.6357491671959794682e-05	-9.7085667799000169526e-06	-3.0801698695768666553e-05	-1.9417133559800033905e-05	-6.1603397391537333106e-05
0	6	-2	7.7573359437005073012e-05	1.9723171465227305147e-05	-9.6292213621588367293e-06	-2.4795586251617168982e-06	-2.88876640864765068e-05	-7.438675875485150271e-06
0	6	-1	3.5459124121849388991e-05	1.902239541095187387e-05	1.094925308953364591e-05	2.6563594955877813802e-05	6.5695518537201878849e-05	0.00015938156973526688281
0	6	0	-9.6007939568532315124e-05	-2.5173556191979023399e-06	0	0	2.698682534505839238e-07	7.9692985221004058625e-05
0	6	1	4.179629948141816415e-05	1.8450544866454544679e-05	-1.2054573063805117494e-05	-8.8541564477674575414e-06	7.2327438382830701574e-05	5.3124938686604745248e-05
0	6	2	2.3075753904247937415e-05	-0.00012498235404208958088	-1.187712431436645363e-05	5.4702850242543782334e-06	3.563137294309936089e-05	-1.64108550727631347e-05
0	6	3	5.4446893306569991836e-05	2.783468626149429508e-05	5.5471422882201090168e-05	3.4131182405717086102e-05	-0.00011094284576440218034	-6.8262364811434172204e-05
0	6	4	-1.106883213835348815e-05	2.2134326794771204427e-05	-7.4720847121507684997e-07	-6.8752527078825792389e-06	1.1208127068226153808e-06	1.0312879061823869282e-05
0	6	5	1.5926955270859718841e-05	4.7467210418735941014e-07	-7.0350612016229283193e-06	-1.793833162198871963e-05	8.4420734419475136444e-06	2.1525997946386464911e-05
0	6	6	-6.5370231561866719815e-05	-1.7516503412641281034e-05	-1.3330690980739590213e-06	-4.1783250528223496773e-06	1.3330690980739590213e-06	4.1783250528223496773e-06
0	6	7	4.5010616001599234887e-05	-1.3685986435757516755e-05	3.5986139981250309409e-05	1.0140723500188973335e-05	-3.0845262841071695715e-05	-8.6920487144476919143e-06
0	6	8	-5.0931927749289410785e-06	-1.0388722895402216023e-05	2.3705663752238605479e-06	3.2461406899831238651e-05	-1.7779247814178955168e-06	-2.43460551748734256e-05
0	6	9	0	0	0	0	0	0
0	6	10	0	0	0	0	0	0
0	6	11	0	0	0	0	0	0
0	6	12	0	0	0	0	0	0
0	7	-12	0	0	0	0	0	0
0	7	-11	0	0	0	0	0	0
0	7	-10	0	0	0	0	0	0
0	7	-9	0	0	0	0	0	0
0	7	-8	-1.2299985849859394326e-05	2.3212445574212353942e-05	7.3413163538162092543e-06	4.7642169928049657657e-06	6.4236518095891825681e-06	4.1686898687043448332e-06
0	7	-7	6.6701084721324676072e-06	2.7654278550358099255e-05	7.5485104841376929769e-06	1.1919311688934133774e-05	7.5485104841376929769e-06	1.1919311688934133774e-05
0	7	-6	3.6172153064085412128e-05	2.5534276905680215758e-05	-3.5864677626291417245e-05	-3.2783856749772310427e-05	-4.1842123897339989044e-05	-3.8247832874734357647e-05
0	7	-5	-2.5614299949302712895e-05	-1.1577173704859548912e-05	4.2564461694936310031e-06	-1.5414261631932337849e-05	5.9590246372910832349e-06	-2.1579966284705273666e-05
0	7	-4	-2.8450511930572721796e-05	-2.7157038001395461345e-05	-1.0841688918370477525e-06	2.4951428625404946604e-05	-1.8972955607148333552e-06	4.3665000094458657405e-05
0	7	-3	-2.4554776765896510086e-05	4.8216275341848673346e-05	-1.4632692924901517339e-05	9.3933758264555240573e-06	-3.4142950158103542717e-05	2.1917876928396221671e-05
0	7	-2	6.4466671276011098006e-05	3.1614228552103586071e-05	-7.9207142509993919956e-07	-9.1509877159099147046e-06	-2.7722499878497871455e-06	-3.2028457005684698078e-05
0	7	-1	3.6773060731301811688e-05	5.8171022303596269019e-05	-1.7425586527990639774e-06	1.2631105986524920269e-05	-1.219791056959344763e-05	8.8417741905674431717e-05
0	7	0	-2.6911375964033885564e-05	-5.0879708012644787667e-05	0	0	-2.5851611239582332361e-05	-1.7919637714650321972e-05
0	7	1	4.7960743601592547658e-05	-3.4115726326452664732e-05	6.5005653094874195095e-06	5.4858030822485618358e-06	-4.5503957166411934025e-05	-3.8400621575739932851e-05
0	7	2	-2.5349456736161130131e-05	3.2525502851886728287e-05	-2.0805743394070122667e-06	-9.8179471405595050259e-06	7.2820101879245429334e-06	3.4362814991958265897e-05
0	7	3	6.4749138625175228724e-06	-1.3088403936253039872e-05	1.1299327145281807934e-05	-1.2731265695873723111e-06	-2.6365096672324217947e-05	2.9706286623705353925e-06
0	7	4	1.3870719078102584996e-05	1.2931272202936150905e-05	1.430946180579845413e-05	-1.4735623534341992969e-05	-2.5041558160147295574e-05	2.5787341185098486425e-05
0	7	5	1.9452919824760066849e-05	-5.9462731465460752901e-06	2.3708833756753867753e-05	2.9911023231190936149e-05	-3.3192367259455414854e-05	-4.1875432523667314674e-05
0	7	6	4.2044823398528775296e-05	-1.2233533417610920231e-05	6.97913395632994533e-06	-1.2944199330202485333e-05	-8.1423229490516030261e-06	1.51015658852362343e-05
0	7	7	1.0700235343830362962e-06	8.6205515432537754936e-06	-2.0291076064546415019e-05	-1.3625355098604222042e-05	2.0291076064546415019e-05	1.3625355098604222042e-05
0	7	8	-4.0586456532465864291e-05	1.7332189935027876132e-05	-2.6899829780909382581e-06	-8.0618512704746377685e-06	2.3537351058295711347e-06	7.0541198616653086827e-06
0	7	9	0	0	0	0	0	0
0	7	10	0	0	0	0	0	0
0	7	11	0	0	0	0	0	0
0	7	12	0	0	0	0	0	0
0	8	-12	0	0	0	0	0	0
0	8	-11	0	0	0	0	0	0
0	8	-10	0	0	0	0	0	0
0	8	-9	0	0	0	0	0	0
0	8	-8	-5.3750233977943265922e-06	5.4932137229779704713e-06	-6.7708419226068744e-06	2.8840424853689913718e-06	-6.7708419226068744e-06	2.8840424853689913718e-06
0	8	-7	2.2853145551048914834e-05	2.5874466592776070354e-05	1.0527842895542038919e-05	-7.4657864617220291665e-06	1.2031820452048043511e-05	-8.5323273848251759483e-06
0	8	-6	-9.585224424908412997e-06	-7.9420903999758126135e-06	-4.4374608224885930051e-06	6.6189975163016211859e-06	-5.9166144299847901088e-06	8.8253300217354943498e-06
0	8	-5	1.3621307302087485742e-05	2.8366930033726280177e-05	-1.6068163961239543229e-05	1.3621849670684490436e-05	-2.5709062337983269844e-05	2.179495947309518402e-05
0	8	-4	-4.9738055882627310619e-07	-3.4917750022897973343e-05	-1.1754901216891865619e-05	1.0824257298985196899e-06	-2.3509802433783731239e-05	2.1648514597970393797e-06
0	8	-3	3.3385416010013322968e-05	6.6491617414136158348e-05	1.7384022352611245763e-05	-1.0505484626823746708e-05	4.6357392940296657626e-05	-2.8014625671529990093e-05
0	8	-2	-5.4189035579446174075e-05	-4.3931133215778980761e-05	-8.4557139860741999912e-06	-8.6377686108286609829e-07	-3.3822855944296799965e-05	-3.4551074443314643932e-06
0	8	-1	-6.5101665875768471937e-06	3.6637160134197807701e-05	-2.7457673536291515977e-06	2.8576410777474678244e-06	-2.1966138829033212781e-05	2.2861128621979742595e-05
0	8	0	8.483312925368561414e-05	-3.3437147694062145122e-05	0	0	2.6850262605940735126e-05	-1.8991102086330117013e-05
0	8	1	-2.8133585836663522578e-05	5.4250478482669905382e-05	-5.5397319427192526459e-06	6.7964936478975724335e-06	4.4317855541754021167e-05	-5.4371949183180579468e-05
0	8	2	-2.0976498248001579963e-05	2.0602132020778373485e-05	3.6965946505837562302e-06	5.5634774819212085955e-06	-1.4786378602335024921e-05	-2.2253909927684834382e-05
0	8	3	2.2157435893802753771e-05	1.7023942387500717058e-05	-1.1746733988485476679e-05	-1.9232969563794587358e-06	3.1324623969294602217e-05	5.1287918836785566289e-06
0	8	4	5.8996681212200372923e-05	1.3415663447100359225e-05	1.7911938693073166753e-05	-1.1005143264443621772e-05	-3.5823877386146333506e-05	2.2010286528887243544e-05
0	8	5	2.8084260545137664146e-05	4.5519416321025995599e-05	1.5904322317066000686e-05	7.0126431778266717812e-06	-2.5446915707305602452e-05	-1.1220229084522674172e-05
0	8	6	1.6676591322047307843e-05	-3.5524294480712459736e-05	-7.2021740130015609918e-06	-1.6418384843968200561e-05	9.6028986840020818871e-06	2.1891179791957601878e-05
0	8	7	1.2551810139874089168e-05	-1.3444148544032620479e-07	3.9735865480208703288e-06	-5.9893034775825293301e-06	-4.5412417691667088262e-06	6.8449182600943188714e-06
0	8	8	-1.4127820677287722281e-06	-3.406834299963109652e-06	-9.600482945002864341e-07	1.8475003241505051377e-05	9.600482945002864341e-07	-1.8475003241505051377e-05
0	8	9	0	0	0	0	0	0
0	8	10	0	0	0	0	0	0
0	8	11	0	0	0	0	0	0
0	8	12	0	0	0	0	0	0
0	9	-12	0	0	0	0	0	0
0	9	-11	0	0	0	0	0	0
0	9	-10	0	0	0	0	0	0
0	9	-9	0	0	0	0	0	0
0	9	-8	0	0	0	0	0	0
0	9	-7	0	0	0	0	0	0
0	9	-6	0	0	0	0	0	0
0	9	-5	0	0	0	0	0	0
0	9	-4	0	0	0	0	0	0
0	9	-3	0	0	0	0	0	0
0	9	-2	0	0	0	0	0	0
0	9	-1	0	0	0	0	0	0
0	9	0	0	0	0	0	0	0
0	9	1	0	0	0	0	0	0
0	9	2	0	0	0	0	0	0
0	9	3	0	0	0	0	0	0
0	9	4	0	0	0	0	0	0
0	9	5	0	0	0	0	0	0
0	9	6	0	0	0	0	0	0
0	9	7	0	0	0	0	0	0
0	9	8	0	0	0	0	0	0
0	9	9	0	0	0	0	0	0
0	9	10	0	0	0	0	0	0
0	9	11	0	0	0	0	0	0
0	9	12	0	0	0	0	0	0
0	10	-12	0	0	0	0	0	0
0	10	-11	0	0	0	0	0	0
0	10	-10	0	0	0	0	0	0
0	10	-9	0	0	0	0	0	0
0	10	-8	0	0	0	0	0	0
0	10	-7	0	0	0	0	0	0
0	10	-6	0	0	0	0	0	0
0	10	-5	0	0	0	0	0	0
0	10	-4	0	0	0	0	0	0
0	10	-3	0	0	0	0	0	0
0	10	-2	0	0	0	0	0	0
0	10	-1	0	0	0	0	0	0
0	10	0	0	0	0	0	0	0
0	10	1	0	0	0	0	0	0
0	10	2	0	0	0	0	0	0
0	10	3	0	0	0	0	0	0
0	10	4	0	0	0	0	0	0
0	10	5	0	0	0	0	0	0
0	10	6	0	0	0	0	0	0
0	10	7	0	0	0	0	0	0
0	10	8	0	0	0	0	0	0
0	10	9	0	0	0	0	0	0
0	10	10	0	0	0	0	0	0
0	10	11	0	0	0	0	0	0
0	10	12	0	0	0	0	0	0
0	11	-12	0	0	0	0	0	0
0	11	-11	0	0	0	0	0	0
0	11	-10	0	0	0	0	0	0
0	11	-9	0	0	0	0	0	0
0	11	-8	0	0	0	0	0	0
0	11	-7	0	0	0	0	0	0
0	11	-6	0	0	0	0	0	0
0	11	-5	0	0	0	0	0	0
0	11	-4	0	0	0	0	0	0
0	11	-3	0	0	0	0	0	0
0	11	-2	0	0	0	0	0	0
0	11	-1	0	0	0	0	0	0
0	11	0	0	0	0	0	0	0
0	11	1	0	0	0	0	0	0
0	11	2	0	0	0	0	0	0
0	11	3	0	0	0	0	0	0
0	11	4	0	0	0	0	0	0
0	11	5	0	0	0	0	0	0
0	11	6	0	0	0	0	0	0
0	11	7	0	0	0	0	0	0
0	11	8	0	0	0	0	0	0
0	11	9	0	0	0	0	0	0
0	11	10	0	0	0	0	0	0
0	11	11	0	0	0	0	0	0
0	11	12	0	0	0	0	0	0
0	12	-12	0	0	0	0	0	0
0	12	-11	0	0	0	0	0	0
0	12	-10	0	0	0	0	0	0
0	12	-9	0	0	0	0	0	0
0	12	-8	0	0	0	0	0	0
0	12	-7	0	0	0	0	0	0
0	12	-6	0	0	0	0	0	0
0	12	-5	0	0	0	0	0	0
0	12	-4	0	0	0	0	0	0
0	12	-3	0	0	0	0	0	0
0	12	-2	0	0	0	0	0	0
0	12	-1	0	0	0	0	0	0
0	12	0	0	0	0	0	0	0
0	12	1	0	0	0	0	0	0
0	12	2	0	0	0	0	0	0
0	12	3	0	0	0	0	0	0
0	12	4	0	0	0	0	0	0
0	12	5	0	0	0	0	0	0
0	12	6	0	0	0	0	0	0
0	12	7	0	0	0	0	0	0
0	12	8	0	0	0	0	0	0
0	12	9	0	0	0	0	0	0
0	12	10	0	0	0	0	0	0
0	12	11	0	0	0	0	0	0
0	12	12	0	0	0	0	0	0
1	-12	-12	0	0	0	0	0	0
1	-12	-11	0	0	0	0	0	0
1	-12	-10	0	0	0	0	0	0
1	-12	-9	0	0	0	0	0	0
1	-12	-8	0	0	0	0	0	0
1	-12	-7	0	0	0	0	0	0
1	-12	-6	0	0	0	0	0	0
1	-12	-5	0	0	0	0	0	0
1	-12	-4	0	0	0	0	0	0
1	-12	-3	0	0	0	0	0	0
1	-12	-2	0	0	0	0	0	0
1	-12	-1	0	0	0	0	0	0
1	-12	0	0	0	0	0	0	0
1	-12	1	0	0	0	0	0	0
1	-12	2	0	0	0	0	0	0
1	-12	3	0	0	0	0	0	0
1	-12	4	0	0	0	0	0	0
1	-12	5	0	0	0	0	0	0
1	-12	6	0	0	0	0	0	0
1	-12	7	0	0	0	0	0	0
1	-12	8	0	0	0	0	0	0
1	-12	9	0	0	0	0	0	0
1	-12	10	0	0	0	0	0	0
1	-12	11	0	0	0	0	0	0
1	-12	12	0	0	0	0	0	0
1	-11	-12	0	0	0	0	0	0
1	-11	-11	0	0	0	0	0	0
1	-11	-10	0	0	0	0	0	0
1	-11	-9	0	0	0	0	0	0
1	-11	-8	0	0	0	0	0	0
1	-11	-7	0	0	0	0	0	0
1	-11	-6	0	0	0	0	0	0
1	-11	-5	0	0	0	0	0	0
1	-11	-4	0	0	0	0	0	0
1	-11	-3	0	0	0	0	0	0
1	-11	-2	0	0	0	0	0	0
1	-11	-1	0	0	0	0	0	0
1	-11	0	0	0	0	0	0	0
1	-11	1	0	0	0	0	0	0
1	-11	2	0	0	0	0	0	0
1	-11	3	0	0	0	0	0	0
1	-11	4	0	0	0	0	0	0
1	-11	5	0	0	0	0	0	0
1	-11	6	0	0	0	0	0	0
1	-11	7	0	0	0	0	0	0
1	-11	8	0	0	0	0	0	0
1	-11	9	0	0	0	0	0	0
1	-11	10	0	0	0	0	0	0
1	-11	11	0	0	0	0	0	0
1	-11	12	0	0	0	0	0	0
1	-10	-12	0	0	0	0	0	0
1	-10	-11	0	0	0	0	0	0
1	-10	-10	0	0	0	0	0	0
1	-10	-9	0	0	0	0	0	0
1	-10	-8	0	0	0	0	0	0
1	-10	-7	0	0	0	0	0	0
1	-10	-6	0	0	0	0	0	0
1	-10	-5	0	0	0	0	0	0
1	-10	-4	0	0	0	0	0	0
1	-10	-3	0	0	0	0	0	0
1	-10	-2	0	0	0	0	0	0
1	-10	-1	0	0	0	0	0	0
1	-10	0	0	0	0	0	0	0
1	-10	1	0	0	0	0	0	0
1	-10	2	0	0	0	0	0	0
1	-10	3	0	0	0	0	0	0
1	-10	4	0	0	0	0	0	0
1	-10	5	0	0	0	0	0	0
1	-10	6	0	0	0	0	0	0
1	-10	7	0	0	0	0	0	0
1	-10	8	0	0	0	0	0	0
1	-10	9	0	0	0	0	0	0
1	-10	10	0	0	0	0	0	0
1	-10	11	0	0	0	0	0	0
1	-10	12	0	0	0	0	0	0
1	-9	-12	0	0	0	0	0	0
1	-9	-11	0	0	0	0	0	0
1	-9	-10	0	0	0	0	0	0
1	-9	-9	0	0	0	0	0	0
1	-9	-8	0	0	0	0	0	0
1	-9	-7	0	0	0	0	0	0
1	-9	-6	0	0	0	0	0	0
1	-9	-5	0	0	0	0	0	0
1	-9	-4	0	0	0	0	0	0
1	-9	-3	0	0	0	0	0	0
1	-9	-2	0	0	0	0	0	0
1	-9	-1	0	0	0	0	0	0
1	-9	0	0	0	0	0	0	0
1	-9	1	0	0	0	0	0	0
1	-9	2	0	0	0	0	0	0
1	-9	3	0	0	0	0	0	0
1	-9	4	0	0	0	0	0	0
1	-9	5	0	0	0	0	0	0
1	-9	6	0	0	0	0	0	0
1	-9	7	0	0	0	0	0	0
1	-9	8	0	0	0	0	0	0
1	-9	9	0	0	0	0	0	0
1	-9	10	0	0	0	0	0	0
1	-9	11	0	0	0	0	0	0
1	-9	12	0	0	0	0	0	0
1	-8	-12	0	0	0	0	0	0
1	-8	-11	0	0	0	0	0	0
1	-8	-10	0	0	0	0	0	0
1	-8	-9	0	0	0	0	0	0
1	-8	-8	-2.6828540005721158808e-06	-6.7171684543095650839e-06	7.774612434367278636e-06	-1.5851442460395797154e-05	-8.1099691844387921682e-06	1.5011796403607101307e-05
1	-8	-7	3.5007801617454367846e-06	-1.9405307862893328679e-05	-6.0456704184826533878e-06	-1.9498600777194928253e-05	7.4094490728009516814e-06	1.9511928336380871533e-05
1	-8	-6	-1.5643664410363185811e-05	-1.6961824536699335415e-06	8.0412360583927706798e-08	-4.4726741783354188029e-06	-2.7144938825057680874e-06	5.6808684955022353352e-06
1	-8	-5	4.0079238389178474219e-05	-3.1962020869160904215e-06	1.4551615054108470529e-05	-1.2000192348573540075e-05	-1.526673640873785868e-05	1.8561067340334447306e-05
1	-8	-4	-3.8400121953152511118e-07	2.0012531467242492976e-05	1.2287420718498617445e-07	-3.8655115093780983721e-06	-3.4174871925285358698e-07	1.2734155885566819988e-05
1	-8	-3	2.3700077589482720914e-05	2.2928953266492318276e-05	-1.8614141917845399144e-06	2.104597322036752126e-05	1.2863797041253013974e-05	-4.8479610832149280548e-05
1	-8	-2	2.8021341765131557245e-05	1.4919459254086293862e-05	6.2781076229695427003e-06	2.155224982749840064e-06	-1.1101759609312393873e-05	-1.1611703039562139605e-06
1	-8	-1	-1.1478792463024242487e-05	-4.0024649130339278792e-05	-5.1419763575926415936e-06	-2.8139426567682118825e-06	2.965701839771689365e-05	-1.751310787619358712e-05
1	-8	0	5.0809833492531948624e-06	8.1617813150764375479e-06	6.351229186566493578e-07	1.0202226643845546935e-06	-3.0695619484612956694e-05	7.8241253504221322393e-07
1	-8	1	5.589107655716294337e-05	-1.3731903893981360743e-05	4.7971349988219568489e-06	-1.053233419756700153e-05	-1.7513996566587288579e-05	-7.0526769686554653194e-05
1	-8	2	-2.0799438741141292823e-05	1.5440181630929929158e-05	-3.2587384878059380719e-06	-1.5164964439935664709e-05	-2.6352345806531050294e-06	-6.8379948575207630192e-05
1	-8	3	4.211827234435733784e-05	-1.2072792931238190465e-05	2.7780146985230988292e-05	-9.8057383768060258212e-06	6.0040967845830194017e-05	-2.2124371361070004804e-05
1	-8	4	-1.8210715605167665667e-05	3.0056660848970806487e-05	-1.1813642923741347607e-06	3.0339245233330423379e-05	2.1899503165436464719e-06	5.3164325254418140054e-05
1	-8	5	7.1656175189773725447e-06	1.8526246357941649165e-06	1.4977405965343009689e-05	5.5727967812958257297e-06	2.2530726040753342349e-05	8.5459499229144883536e-06
1	-8	6	4.4637924446820957818e-06	8.555360514629375111e-06	-2.0523501656147290734e-06	2.5920669192347980523e-06	-3.4804322949333216772e-06	2.0301958065415016924e-06
1	-8	7	-7.494944523833384977e-07	1.837097325450633652e-05	1.5734462895810480567e-05	2.6993579801195289469e-05	1.8089313945552455899e-05	2.8225380736436567978e-05
1	-8	8	7.8370275502904855874e-06	3.3819156955114252402e-05	7.7233688442533955057e-06	6.5441903735076730888e-06	6.7437404004670848073e-06	2.316795754118391962e-06
1	-8	9	0	0	0	0	0	0
1	-8	10	0	0	0	0	0	0
1	-8	11	0	0	0	0	0	0
1	-8	12	0	0	0	0	0	0
1	-7	-12	0	0	0	0	0	0
1	-7	-11	0	0	0	0	0	0
1	-7	-10	0	0	0	0	0	0
1	-7	-9	0	0	0	0	0	0
1	-7	-8	-2.1488279561801178528e-07	-1.6386753828229329272e-05	-1.673094111231738349e-05	2.4910986697221107299e-05	1.4612713123825458317e-05	-2.3845457588597136739e-05
1	-7	-7	-2.7585170219922098954e-05	4.3883956691945351459e-06	-3.2220236250063339697e-06	1.1621978358272576386e-05	-7.1871497783967996991e-07	-1.0995064691244784804e-05
1	-7	-6	7.6138467557765658839e-06	-9.1810831472506311475e-06	-1.762100502557660016e-05	-1.3881220036345414548e-05	2.1826813655802128399e-05	1.466457618452787873e-05
1	-7	-5	1.1417307226701054121e-05	-1.3838865214875002813e-05	1.6301562872983091758e-05	-1.5066857615925732252e-05	-2.0538726576836120009e-05	1.8325827619321024929e-05
1	-7	-4	4.1942350687920013801e-05	-1.5469528219990605724e-05	6.5359570766606377525e-06	-1.5147181832325757605e-05	-9.5233721217611229895e-07	2.2640186151572421413e-05
1	-7	-3	2.1402687577541810781e-05	-8.7063666965011733017e-05	1.6853504449179642158e-05	-3.6607636823640550279e-05	-3.2190614522238564829e-05	5.6396596933490701793e-05
1	-7	-2	1.5571284403348677471e-05	5.6609170992772790351e-05	2.0797745935207588531e-06	1.0503418330233535763e-05	5.0643112435168253776e-07	-8.4573786594309816907e-06
1	-7	-1	3.4590702611538508933e-05	-2.8466202224865089893e-05	8.9622188107966046052e-06	3.4258736896263205654e-06	-2.8144829064037724998e-05	-5.2447318052249333427e-05
1	-7	0	3.6978500932385315802e-06	-2.8379174082024244532e-05	5.2826429903407600054e-07	-4.0541677260034636256e-06	-0.00015410745042069396793	-3.0732270210640737879e-05
1	-7	1	7.7255535779027607684e-05	-2.6625326871665151702e-05	1.8009589034274721734e-05	-2.9265542483856830206e-06	4.8811587460895444453e-05	6.1394471329653705572e-06
1	-7	2	5.6958202556349825406e-06	-3.0912470450691022423e-05	2.2781880281655613965e-05	-2.8063028198080266199e-05	7.6888670857977160994e-05	-8.2764363467935418792e-05
1	-7	3	-5.0068233545714962225e-05	-2.670181121881976666e-05	-2.0896205169537888311e-05	-2.7659879364993847654e-05	-3.2068400880350086447e-05	-5.5639114778712386714e-05
1	-7	4	3.0225476573933929587e-07	1.6953538221104374811e-05	-2.4937908373044093477e-05	5.3072174871611727898e-06	-4.3716903344262002631e-05	5.0492460472559586794e-06
1	-7	5	-2.6366180841240844854e-05	2.7199341027254573687e-05	-6.452571213752493411e-06	3.3915384764283232512e-06	-3.7603635310053214658e-06	-6.9171433845126210099e-07
1	-7	6	-4.8584246607901553896e-05	-5.5860841218718333009e-06	-4.3968309747808378984e-05	-8.2571276480534965101e-06	-4.3198986937792852091e-05	-8.7023015690837738528e-06
1	-7	7	1.4478942912258922093e-05	-7.1983123172335048237e-06	1.4942726295499752278e-05	8.2746884492433827154e-06	1.287430587946276244e-05	9.3030187802767405473e-06
1	-7	8	-1.6714868283337447845e-05	1.6086045951420587592e-05	8.885395770485186604e-06	-9.5138737497092766359e-06	9.8640798345917190474e-06	-1.0335395274923190294e-05
1	-7	9	0	0	0	0	0	0
1	-7	10	0	0	0	0	0	0
1	-7	11	0	0	0	0	0	0
1	-7	12	0	0	0	0	0	0
1	-6	-12	0	0	0	0	0	0
1	-6	-11	0	0	0	0	0	0
1	-6	-10	0	0	0	0	0	0
1	-6	-9	0	0	0	0	0	0
1	-6	-8	-5.1567889746424926345e-06	-2.4412342678653304704e-06	-1.6812398790869075515e-05	-9.3852146861057229079e-06	1.1964700471321494421e-05	6.733756731096126031e-06
1	-6	-7	-2.6720051525202583606e-05	3.335818814766074213e-05	-1.2619813378891826485e-05	2.5932652226873789062e-05	6.9998326783069109998e-06	-1.7462532173368855551e-05
1	-6	-6	2.2640886443224853778e-05	3.0373570459363644498e-05	-4.914032801298284095e-06	5.3316828468119504858e-06	8.687513875169093058e-06	-2.6942110358467657928e-07
1	-6	-5	-9.5384370759170558273e-07	-5.2299700944716313823e-05	-1.8447078619622861022e-05	-1.2829708734120193005e-05	2.1945725602029091475e-05	4.9357102920009695191e-06
1	-6	-4	-1.0543469497229582068e-05	3.7233995059928789832e-05	-2.0942751283372769921e-05	1.5974219044380927161e-05	2.8778259550751758941e-05	-1.465282980158919159e-05
1	-6	-3	-2.350750329600331012e-05	-5.3848169550572546412e-05	2.6751717240844067371e-05	-3.4102160959026089188e-05	-6.1339268913689239246e-05	5.0254932067861331831e-05
1	-6	-2	-2.1257578477145413684e-05	5.7352317470865306641e-05	-1.4154903580706890137e-05	9.2529877937745398924e-06	3.183592150354796357e-05	9.1719535410903459616e-07
1	-6	-1	-3.1017211890955178547e-05	2.4215685034527514126e-05	1.7849300694135849807e-06	-8.3998849248752939712e-06	-4.1726792307436686314e-05	7.4614994583779281341e-05
1	-6	0	-2.7544757177131201263e-05	0.00010044717211364955422	-4.5907928628552007751e-06	1.6741195352274925703e-05	2.7471939063745917821e-05	6.3852420695921971428e-05
1	-6	1	4.0852047859771212926e-06	0.00010836903866320723056	-1.8010672972207391771e-05	2.1518637897393134078e-05	-0.00011214924261922146599	2.0742788721151573909e-05
1	-6	2	-5.9036719128364463895e-05	2.9994952954685046557e-05	5.2839131563145306549e-06	-1.0128145528393681056e-05	4.5370099033125823912e-05	-4.5381913062523569834e-05
1	-6	3	-3.4142745462500928962e-07	5.0619793813502638399e-06	-1.4627654804889266536e-05	-1.5202597716159747565e-05	-2.9141500458236864474e-05	-3.2092521892769584489e-05
1	-6	4	-6.5796190784855326187e-05	-2.6480830760788876926e-05	7.592014264960834764e-06	-1.250436808596722463e-05	2.783706909365508454e-05	-1.2136344438753618561e-05
1	-6	5	4.5123541237337625237e-06	-3.6366900654363911545e-05	-4.8325665969360987407e-07	-2.5351791076273303143e-05	-1.4823788163790843113e-06	-2.3148769160655183495e-05
1	-6	6	3.2731605312931025522e-06	-1.0163960647910378818e-05	2.1416196976201777726e-05	1.0770414932565754265e-05	2.0870670220986262187e-05	1.246440837388415017e-05
1	-6	7	3.3058630333013399607e-05	-8.67872384660387765e-06	1.3578982156096519398e-05	-1.5449537585605846587e-05	6.9164660862236732207e-06	-1.2002643095290171696e-05
1	-6	8	2.3737885938475575753e-05	2.3128258804580012778e-06	1.3800140229229363335e-05	-8.9974071927945315912e-06	7.3828694296125751083e-06	-7.0371586296531495413e-06
1	-6	9	0	0	0	0	0	0
1	-6	10	0	0	0	0	0	0
1	-6	11	0	0	0	0	0	0
1	-6	12	0	0	0	0	0	0
1	-5	-12	0	0	0	0	0	0
1	-5	-11	0	0	0	0	0	0
1	-5	-10	0	0	0	0	0	0
1	-5	-9	0	0	0	0	0	0
1	-5	-8	-5.5622632184505106808e-05	-3.836183872679022004e-06	1.16682104732170807e-05	2.9605223153598205508e-05	-1.4245460568823813577e-05	-1.8982787455083756828e-05
1	-5	-7	1.5646262667198215253e-06	9.9066075487734884701e-06	1.7826091519952960913e-05	-1.5802120610851162958e-05	-1.2509404476149283382e-05	1.2702458657575614994e-05
1	-5	-6	2.6460519123923206812e-06	-3.8018185446260196244e-05	1.0612061941527686611e-06	-1.0692560378729817108e-05	-4.4332984306192054323e-07	2.5741027412314815493e-06
1	-5	-5	2.3187929091220648819e-05	-6.0174566950453927067e-05	5.6573781836464129258e-05	-1.0032010055485327424e-05	-5.1936196018219998817e-05	-2.0029033346054578196e-06
1	-5	-4	3.3478319176014164325e-05	9.9461125432926525739e-05	4.8091265734602499013e-05	4.0355953386466801179e-05	-5.1744502374249579297e-05	-2.5579660374851871733e-05
1	-5	-3	-5.3519936780263726076e-05	-9.6407180370428960923e-05	1.2795086016235970457e-05	-7.7360301738444086276e-07	-3.9165122287147857759e-05	-3.0846388427835586595e-05
1	-5	-2	-4.5256428145590515792e-05	5.2575359111290939954e-05	-9.1783881230457446524e-05	-2.7803861188632644796e-05	0.00020683148900334835164	9.5797332527227085355e-05
1	-5	-1	-0.00011488075205023012609	3.6385219989266548328e-06	-1.2498890802754656566e-05	1.8845758507475662774e-06	-5.2386298036456844954e-05	-5.7843572548111765543e-06
1	-5	0	-0.00013579813630973952706	3.3988908965879562585e-06	-2.7159627261947904056e-05	6.7977817931759127287e-07	6.6908855416922385765e-05	0.00010773924919649237287
1	-5	1	6.1037322965238488288e-05	-2.0767698758506846054e-05	5.7891825012911501405e-05	8.8142581414527976897e-06	0.00022842180209931901196	6.4838989465770824339e-05
1	-5	2	0.00018125315587175463874	4.8571139071517349759e-05	2.584046533116448352e-05	5.7508259330517826915e-05	-2.6025414607966112265e-05	0.00011948507879053588902
1	-5	3	-2.9496412958759720769e-05	-1.1955393729477228884e-05	-3.8804243220083826525e-05	7.4620268238964189921e-05	-5.4841601047219806211e-05	0.00012835224497476606571
1	-5	4	5.3591115081332967853e-05	5.0562103784107624972e-05	-5.1273903999110049333e-06	4.222644588449331397e-05	-1.9807016770221999612e-05	4.0142531409589736219e-05
1	-5	5	4.8715700901880727833e-05	-7.8647225047250319944e-06	7.6367647219427881988e-05	-2.4844105129117503101e-05	6.6624507039051740487e-05	-2.327116062817249738e-05
1	-5	6	-4.2827866557201671845e-06	2.9929731948043873115e-06	-4.3997333230651845403e-05	-2.5216926474075270761e-06	-3.5950646582923175226e-05	-2.6002394053070039232e-06
1	-5	7	-6.2027604765444748131e-05	7.2869157496532105438e-06	-1.8689607767639130058e-05	8.3059375172999114965e-06	-4.4886334389644131423e-06	4.8918245481209071896e-06
1	-5	8	1.5287871426158566358e-05	2.9813164629395801322e-06	-7.9184529160105256146e-06	2.1681744240761125853e-05	-6.8600170007763990921e-06	1.3178425592608255612e-05
1	-5	9	0	0	0	0	0	0
1	-5	10	0	0	0	0	0	0
1	-5	11	0	0	0	0	0	0
1	-5	12	0	0	0	0	0	0
1	-4	-12	0	0	0	0	0	0
1	-4	-11	0	0	0	0	0	0
1	-4	-10	0	0	0	0	0	0
1	-4	-9	0	0	0	0	0	0
1	-4	-8	-1.5104871768019232812e-05	-1.2956161539645154573e-05	-2.5308288041761348508e-06	1.4575419465452054728e-05	-6.2269456891433667612e-07	-8.9072299251816716855e-06
1	-4	-7	4.2001809718513037509e-05	8.1170654882569346614e-07	-4.3071870571708643157e-05	9.6150777483805217422e-06	3.0612756000763941401e-05	-5.3783720635280556096e-06
1	-4	-6	1.737858654134273931e-05	-2.2673146168344458226e-05	-4.0698247818231643035e-05	2.224794556373765585e-05	3.0028596302378220834e-05	-1.8610821403882513039e-05
1	-4	-5	-6.5364395885162291386e-05	-3.6504908597808774842e-05	-9.7252824258063075687e-06	-6.5329775118825363913e-05	-5.2926532363874128999e-06	4.4962838375498541583e-05
1	-4	-4	5.5961954481693371069e-05	-3.8595511634039949981e-05	8.2459391262892247731e-05	7.3765124646731503803e-05	-6.846890264246890327e-05	-8.3414002555241498075e-05
1	-4	-3	-7.5863006998513058451e-05	2.7470217260495763666e-05	-4.0134390548693115884e-05	-6.0515188851621690732e-05	2.822485173208647062e-05	8.9843657555660841069e-05
1	-4	-2	7.1699607227890005965e-05	1.6655556070636784471e-05	9.8673714731019738816e-05	4.0000088645513486084e-05	-0.0001614976258480944611	-7.1672399255708573156e-05
1	-4	-1	-4.2292078184473842924e-05	-0.00018767161855160098419	1.9055158337369948484e-05	-3.4087043489928921993e-06	-0.00011851271153395364364	-0.00017403680115562941201
1	-4	0	0.0001425655633355701825	-0.00021542251601857690638	3.5641390833892545626e-05	-5.3855629004644226595e-05	-0.00025129603174710405137	-0.00025060185696190896828
1	-4	1	-3.7862746828170829678e-05	5.4721718628478974392e-06	-1.8948057104139971496e-05	6.4141223595260329882e-05	-3.7929481588389056307e-05	0.00025109272251819345512
1	-4	2	0.00014447543710410931119	-4.4142557056447070669e-05	3.3737954134207764705e-05	-2.6272158434258881639e-05	-4.7618102836391185614e-06	-3.0473038340294227944e-05
1	-4	3	-0.00018268506214590772671	0.00015204440890902474678	-2.0865032194994843396e-05	4.9282029912911266205e-05	3.3074977788642786634e-05	1.5027903580873442168e-05
1	-4	4	0.00010435526488045044518	-8.9215670976492336274e-05	-3.711226503707182469e-05	-2.1845648380692606408e-05	-6.3201081257184432596e-05	4.5826936343047543711e-07
1	-4	5	-0.00013381372661555726101	0.00010862858411839790111	-4.3697964937057420429e-05	-3.0772660315406843988e-08	-8.1956266265344834647e-06	-2.1750334951931903305e-05
1	-4	6	3.0812450969981040004e-05	2.0890221928175650322e-05	-2.4317337215057507703e-05	3.5614608457424996228e-06	-2.1346966638368512932e-05	-1.1073964242009423952e-06
1	-4	7	9.1053166707688530765e-06	5.9045688055871733166e-05	4.5690023001982003773e-05	-1.3364502794569950133e-06	2.4807825048165595057e-05	-9.1987841676713885707e-06
1	-4	8	5.8627801389829704693e-06	1.6989054400220567243e-06	-1.5919917547680821842e-06	-4.9671365148613168359e-06	-1.5288433947569124008e-06	-2.6959314374334152173e-06
1	-4	9	0	0	0	0	0	0
1	-4	10	0	0	0	0	0	0
1	-4	11	0	0	0	0	0	0
1	-4	12	0	0	0	0	0	0
1	-3	-12	0	0	0	0	0	0
1	-3	-11	0	0	0	0	0	0
1	-3	-10	0	0	0	0	0	0
1	-3	-9	0	0	0	0	0	0
1	-3	-8	-1.9326888660826645216e-05	-2.4867249111829914058e-06	2.6043785051175157605e-05	-4.536578990368036454e-05	-1.2182280476794014754e-05	1.6701330599982263677e-05
1	-3	-7	-3.5768946421506845462e-05	4.2711633928757372538e-05	2.6730311804640598895e-05	1.2510345844175658711e-05	-1.656569740506123314e-05	7.4008519946148504968e-07
1	-3	-6	-1.7694451926551323632e-05	7.0087349634668082046e-05	-3.6185800841572134362e-05	2.0724773146232968758e-05	1.5143825099694181038e-05	1.3188383659948629814e-06
1	-3	-5	6.3104056160528685456e-05	6.9261234983373901243e-06	3.822992105701791658e-05	-2.3679524435400682846e-05	-1.0317141402105010824e-05	1.5592939360907885361e-05
1	-3	-4	-0.00010234640495314703676	0.00013689529403170368487	1.7989930292431776418e-05	0.00013293550122173226403	-3.9079048957610592349e-05	-6.5477802408373276806e-05
1	-3	-3	0	0	0	0	0	0
1	-3	-2	0	0	0	0	0	0
1	-3	-1	0	0	0	0	0	0
1	-3	0	0	0	0	0	0	0
1	-3	1	0	0	0	0	0	0
1	-3	2	0	0	0	0	0	0
1	-3	3	0	0	0	0	0	0
1	-3	4	0.00011491734503570941975	-0.00013114331933786665734	5.7262118337502725156e-06	-2.438357826630006516e-05	-2.4434677383614650974e-05	1.4498146134741618854e-05
1	-3	5	-2.6279584444141217156e-07	8.0405456223485164877e-05	-9.3185849561048974925e-05	-4.5509138074449566173e-05	-5.5858950567741103791e-05	-4.3386574089366771324e-05
1	-3	6	-2.4235607246342037746e-05	-5.212018797250017073e-05	1.2397970050210664841e-05	-5.6827420579440140471e-05	1.0238252899495672892e-05	-1.9727012294303375114e-05
1	-3	7	-1.6391586431883365912e-05	-1.9042640585970957846e-05	2.4257463069508160495e-06	3.7606056041320113994e-06	3.3812607646765452287e-06	4.3320653426238561273e-06
1	-3	8	-1.8771161596120545471e-05	2.9057361137953115974e-05	8.0679639467138890661e-07	2.2271490315435097789e-05	2.6489438475168388385e-06	4.7196387260440225976e-06
1	-3	9	0	0	0	0	0	0
1	-3	10	0	0	0	0	0	0
1	-3	11	0	0	0	0	0	0
1	-3	12	0	0	0	0	0	0
1	-2	-12	0	0	0	0	0	0
1	-2	-11	0	0	0	0	0	0
1	-2	-10	0	0	0	0	0	0
1	-2	-9	0	0	0	0	0	0
1	-2	-8	-4.3042487858215772091e-05	-2.9356720534606106095e-05	1.5882378454288623675e-05	-9.9110776032713114619e-06	-9.3509055958491274301e-06	-1.1918206660079351847e-06
1	-2	-7	-3.7117069048140601841e-05	-3.2661171162505214652e-05	-6.1022300349037422414e-05	-5.0205549985993362333e-06	1.2132504521419178054e-05	-3.2314373093295062081e-06
1	-2	-6	2.4772506395069807372e-05	6.5027790894923295979e-05	2.9031556719996441321e-05	-6.1433483926154417581e-05	-5.548434507487179494e-06	3.1315793124538688524e-05
1	-2	-5	-6.1571135164570608818e-06	-0.00014000519058281321507	6.4843363157397019571e-05	-7.5663451207630080288e-05	-2.716876796625021848e-05	2.2643423664893879151e-06
1	-2	-4	-8.886737352726417093e-06	-1.0997956978725940261e-05	-0.00017500713955708406934	-1.2755165479675935789e-05	8.5281885440360435057e-05	3.6280934951564824056e-06
1	-2	-3	0	0	0	0	0	0
1	-2	-2	-0.0024812933023099321625	0.013285925078108268629	-0.014010286034508314876	-0.029082478052343308655	0.012769639383353348361	0.035725440591397442103
1	-2	-1	0.0039839127043135996731	-0.014129281271364335995	0.019429339497132977477	0.014100917038798158401	-0.03487476628995235528	-0.042331115348960654532
1	-2	0	-0.017012559192710097894	-0.020861170562239229193	-0.008506279596355048947	-0.010430585281119614596	0.035333493631477613794	0.015554947808100617196
1	-2	1	0.059649738246647231177	0.018229552350760094143	0.019003010320678064698	0.01681454910379972037	-0.02164371760529110178	0.015399545856839343128
1	-2	2	-0.042438788014140069182	0.022933095389384455798	-0.027926282168939109418	-0.0074701024587042101979	-0.006706888161869074827	-0.018936650153396437229
1	-2	3	0	0	0	0	0	0
1	-2	4	1.2346137146875977027e-05	0.00016415086517308983259	-8.2205339175610967384e-05	-5.9707818300880685777e-05	-4.4189203874524480913e-05	-7.0891625443712807811e-05
1	-2	5	-0.00013918382610459372048	-0.00019091424420342271041	-3.1678153011390217185e-05	-6.0682961305105694071e-05	1.5165504016362655527e-05	1.3909664318642261404e-05
1	-2	6	-2.9009652739363546572e-05	7.4747209487256258023e-05	4.7868477335901887294e-05	-5.0630694881754989241e-05	2.0791101235194551833e-05	-2.9334766541794371622e-05
1	-2	7	6.1271634285135119784e-05	2.0741523663474494655e-05	3.6265408457233950254e-05	-3.4549736673909120564e-05	1.6084546613332537842e-06	-1.2834428144470390342e-05
1	-2	8	-8.7073882140226397863e-07	2.8247513477535287382e-05	-2.7580687491005002253e-05	-2.4717379695960346064e-05	-6.7863295200759670762e-06	-9.7102841086819965917e-06
1	-2	9	0	0	0	0	0	0
1	-2	10	0	0	0	0	0	0
1	-2	11	0	0	0	0	0	0
1	-2	12	0	0	0	0	0	0
1	-1	-12	0	0	0	0	0	0
1	-1	-11	0	0	0	0	0	0
1	-1	-10	0	0	0	0	0	0
1	-1	-9	0	0	0	0	0	0
1	-1	-8	8.4026463860134261363e-05	-3.5449801928484553696e-05	-6.0494032622513896217e-05	4.9140838244736047833e-06	1.8065062060331019697e-05	-5.0454857191197702334e-06
1	-1	-7	-5.5978736987331884783e-05	3.0138031343470857138e-05	5.905386331866987413e-05	-2.4085240093450360516e-05	-1.6433228615143109384e-05	7.7461816338458879943e-06
1	-1	-6	-6.0781241059848406028e-05	0.00010195893882161264265	0.00014304840783523233147	-7.7589437427475946817e-05	-3.3971608149180120657e-05	2.9924729374848095986e-05
1	-1	-5	2.6128769344457701239e-06	9.0325550604921058992e-05	-7.5944811218957937373e-05	0.00013030738998990950444	1.5711537630680740652e-05	-7.9963678769976863792e-06
1	-1	-4	-1.1360875555810571872e-05	8.3090453279734350148e-05	-8.6172150979938337057e-05	0.00019101742149319505984	1.8702818856031939602e-05	-2.6981742053365180811e-05
1	-1	-3	0	0	0	0	0	0
1	-1	-2	0.02152298555849693068	-0.0050072723033633467077	-0.06262332031873787952	0.0098672262487635459954	0.042073152938617401631	-0.0074372492760634463516
1	-1	-1	-0.055499611906379316129	0.046847988012187639917	0.034538888189887373414	-0.052368626779915217195	-0.090038500096266682604	0.099216614792102850173
1	-1	0	-0.036376632526657522171	-0.035871909797639919826	-0.036376632526657522171	-0.035871909797639919826	-0.029432002696572062694	-0.078875733479408779991
1	-1	1	0.13532296048820663392	-0.04703761505730049558	0.11421138846518172349	-0.0087428909616123033632	-0.021111572023024913897	0.038294724095688188747
1	-1	2	-0.032445317665866349466	0.0600319650110696032	-0.053854440286663952941	0.042048030231994645844	-0.010704561310398801738	-0.0089919673895374786776
1	-1	3	0	0	0	0	0	0
1	-1	4	6.4275689892737749177e-05	7.5945935442204402115e-05	9.7908590201298774836e-05	0.00013158324134928824187	8.4082250771402581088e-06	1.3909326476770958244e-05
1	-1	5	0.00011410670731026216701	8.508474831760828508e-06	2.7728751260720729507e-05	-1.2233745618293980954e-05	-1.7275591209908286146e-05	-4.1484440900109618923e-06
1	-1	6	-3.0548091871635237927e-05	-6.7588075317802075192e-05	-3.9645967086441429321e-05	-0.00010986342862928393687	-1.5163125358010325343e-06	-7.0458922185803099972e-06
1	-1	7	-1.2394757458859256426e-05	5.2062308886366704113e-05	-6.6155794111749576468e-05	3.066825718028155887e-05	-7.6801480932700462044e-06	-3.0562931008693063422e-06
1	-1	8	-2.2279299278517805221e-05	3.526824776050078384e-05	1.83649864715490011e-05	-1.659695702092722243e-05	5.0805357187583503667e-06	-6.4831505976785007837e-06
1	-1	9	0	0	0	0	0	0
1	-1	10	0	0	0	0	0	0
1	-1	11	0	0	0	0	0	0
1	-1	12	0	0	0	0	0	0
1	0	-12	0	0	0	0	0	0
1	0	-11	0	0	0	0	0	0
1	0	-10	0	0	0	0	0	0
1	0	-9	0	0	0	0	0	0
1	0	-8	6.865188254471964104e-05	-8.6590359851202261689e-06	3.7838865656020009755e-05	-8.855044134234089554e-06	8.58148531808995513e-06	-1.0823794981400282711e-06
1	0	-7	1.8060363804132249273e-05	8.0069231628099400006e-06	5.5913418637441862798e-05	6.9912278767001768964e-05	2.5800519720188925717e-06	1.1438461661157056841e-06
1	0	-6	-3.0054289489461343969e-05	3.7628677885638227003e-05	-2.580949575819624741e-05	-5.1446864699110893011e-05	-5.0090482482435570458e-06	6.2714463142730383986e-06
1	0	-5	-9.6705096416682258622e-05	0.00010863936331322809556	-8.2802110335913973451e-05	0.00013536777134329390439	-1.9341019283336449692e-05	2.1727872662645620467e-05
1	0	-4	-0.00024321877464882543369	-6.8538223918481426663e-05	0.0002779000195480908807	-0.0001287856934217608963	-6.0804693662206358423e-05	-1.7134555979620356666e-05
1	0	-3	0	0	0	0	0	0
1	0	-2	-0.01403834511972023788	-0.010952838174339566552	0.0056853102102078726526	0.077506894261463440965	-0.0070191725598601189401	-0.0054764190871697832758
1	0	-1	-0.017949384818421735416	0.022358513863262069465	-0.12509882697117610806	0.058030316685317974434	-0.017949384818421735416	0.022358513863262069465
1	0	0	0	0	-0.051415787364688339545	-0.035743717805661899545	0.073046953995090119216	0.012487927799875618226
1	0	1	-0.020537608852081862265	-0.018757333295301811815	0.041023502156436922328	0.050559133487897901793	0.020537608852081862265	0.018757333295301811815
1	0	2	0.015825698321852956635	0.049883159754057243562	0.027306543769099519275	0.066743434008531873913	-0.0079128491609264783174	-0.024941579877028621781
1	0	3	0	0	0	0	0	0
1	0	4	-0.00017458199462718797181	-0.00015631763644113045686	0.00044097095720270642174	-9.1212121227639804204e-05	4.3645498656796992952e-05	3.9079409110282614214e-05
1	0	5	-0.00015139871024604518025	0.00013372533749992398838	2.6356822552527934747e-05	0.00013882749596360721006	3.0279742049209035373e-05	-2.6745067499984797677e-05
1	0	6	0.00014979223649782223964	9.7269438698015109747e-05	7.0984239774911063675e-05	8.6113181879780991454e-05	-2.4965372749637036552e-05	-1.6211573116335850495e-05
1	0	7	4.4087020681292832681e-05	5.2493370533698464355e-05	8.1492751324334369791e-05	0.00012634348726747032994	-6.2981458116132621745e-06	-7.4990529333854950289e-06
1	0	8	0.00011563067442108549538	3.3290308898033150618e-05	7.7027147464475641237e-05	2.7255583051832504653e-05	-1.4453834302635686922e-05	-4.1612886122541438273e-06
1	0	9	0	0	0	0	0	0
1	0	10	0	0	0	0	0	0
1	0	11	0	0	0	0	0	0
1	0	12	0	0	0	0	0	0
1	1	-12	0	0	0	0	0	0
1	1	-11	0	0	0	0	0	0
1	1	-10	0	0	0	0	0	0
1	1	-9	0	0	0	0	0	0
1	1	-8	3.0796738522947482615e-05	3.114983818597933296e-05	1.1948226045301554469e-05	5.1561363219099962108e-05	5.343120571031129212e-06	1.033890017563491273e-05
1	1	-7	8.6900446332525732758e-05	7.8755921655515226843e-05	1.7717381763943906408e-05	-4.5398498722204600993e-05	1.4945404013781377024e-05	4.7653461333300898911e-06
1	1	-6	-5.6334505577635298585e-05	6.7452606208084561756e-05	6.7793112122257272222e-05	-2.2036809535707525815e-05	1.9097677574369950414e-06	7.569299445396172657e-06
1	1	-5	-5.0085017761661200107e-05	-6.3615077197268367385e-08	-9.9618478451481518672e-06	3.6964882150849432351e-05	-1.2009373121361871072e-05	7.3802534147304330164e-06
1	1	-4	-7.2804046918133335392e-05	0.00030468088914995059696	-0.00025659042883714603192	9.2966855255856021742e-05	-8.234861893881983844e-05	9.9411936101451658064e-05
1	1	-3	0	0	0	0	0	0
1	1	-2	0.0012701831223413330603	0.034159934344080995772	0.04546495513194891841	-0.0052131640739603085297	0.023367569127145125518	0.014473385135060343187
1	1	-1	-0.0068992795464453719398	-0.036692080913589511515	0.00091202605615973173035	0.061362767101576558282	-0.0059872534902856398842	0.024670686187987050236
1	1	0	0.07555818162046400166	0.050931349425127489527	-0.07555818162046400166	-0.050931349425127489527	-0.12145567188055959862	0.0068656087165471450101
1	1	1	-0.089209477315549498555	-0.013954458844213315019	0.036858546984361389987	0.03285357099680205617	0.052350930331188108569	-0.018899112152588739416
1	1	2	0.0069327759701319820879	0.010748160293503008014	0.041337703054717553353	-0.025422210331361737301	-0.024135239512424768588	0.0073370250189293655108
1	1	3	0	0	0	0	0	0
1	1	4	0.00015896277674661268148	-1.5541618866781896141e-05	-3.5178072796273730067e-05	0.00013205631239816866462	-3.094617598758473277e-05	-2.912867338284669212e-05
1	1	5	-0.00010307841886388407972	-0.0002066420371241026112	7.6746103885163885526e-05	0.00013839309974236302467	5.2664629957440379916e-06	1.3649787476347912901e-05
1	1	6	2.2988254061684038288e-05	-6.2183387932783482414e-05	3.2659795018699914104e-05	6.8501113043694454824e-05	-9.2746748467306581673e-06	-1.0529541851518288056e-06
1	1	7	-5.1119615613845243059e-05	-1.0341640640391082997e-05	-3.7719732414356081575e-05	2.6637441009180006483e-06	1.2691335432600189475e-05	1.0968423627818687557e-06
1	1	8	-1.6076655977296966821e-05	-1.276294091055731526e-05	2.0846899844227410669e-05	-4.2061549026540148819e-05	-5.9628048336630516336e-07	6.8530612421371823746e-06
1	1	9	0	0	0	0	0	0
1	1	10	0	0	0	0	0	0
1	1	11	0	0	0	0	0	0
1	1	12	0	0	0	0	0	0
1	2	-12	0	0	0	0	0	0
1	2	-11	0	0	0	0	0	0
1	2	-10	0	0	0	0	0	0
1	2	-9	0	0	0	0	0	0
1	2	-8	4.8030873750070755422e-07	-4.3095043044909186293e-06	9.0519030466619513078e-07	-1.8551522011212595608e-05	2.8633616835413725344e-07	-5.176568540864514366e-06
1	2	-7	5.6759716885616465351e-05	3.2812203676034510725e-05	-4.4799325052283730272e-05	-7.2452458041032732081e-05	-4.6912761741358569403e-06	-1.6013244629432993348e-05
1	2	-6	4.1456974680051428587e-05	6.2475245010147220125e-06	-5.0543534936578540784e-05	-4.0254856312510392936e-05	-9.9383491988509404695e-06	-1.2377031354001011632e-05
1	2	-5	8.4070218937219844617e-06	-3.8053028303331232663e-05	-5.8122197054655308203e-06	-0.00019806636743713117426	-6.434835034418154993e-07	-8.6837152635518708105e-05
1	2	-4	-0.00011292431207192105776	0.00011985999341683612992	-0.00014704809134634286251	0.00016193653059877666971	-0.00010175512369115169908	0.00011093326365359737072
1	2	-3	0	0	0	0	0	0
1	2	-2	0.026514888469351478167	0.015809797364955219257	-0.0011497084271450124394	-0.027497792050237404582	0.012107735807530725994	-0.019592893367759794954
1	2	-1	-0.050989568582610861336	-0.0036714033486002859569	0.039777625402788480136	0.012485522433054939764	0.028565682222966098935	0.021299641517509591837
1	2	0	0.068253810021950980791	-0.020581456133395067271	-0.034126905010975490395	0.010290728066697533635	-0.058292122632320246545	0.041750596885794334645
1	2	1	-0.033463925540962148608	0.0067610174484118426216	0.0092053566772266112034	0.019940244758279841025	0.015053212186508929671	-0.04664150696497152554
1	2	2	0.021039890763431670639	0.0067383009130643099424	-0.010552914394078566698	-0.031462989626227642892	3.2969012362732889692e-05	0.028093839169695485752
1	2	3	0	0	0	0	0	0
1	2	4	0.00013412165803668220387	-0.00015921068640828374332	9.974298591600275332e-06	0.00012897272953909375199	-3.8517563804970691174e-05	-2.4683693167475940166e-05
1	2	5	-8.2851455240324077521e-07	-1.1939592596149258889e-05	3.6371575209374165151e-05	-0.00016387674891276006852	-1.4382927173269016995e-05	6.7938618084333876135e-05
1	2	6	-3.8926627980650119372e-05	1.4431992610609381905e-05	2.1950763901660557152e-05	-7.253988670205175379e-05	-8.2914997044516613964e-07	2.177463013224901784e-05
1	2	7	-4.0874995175457573071e-05	1.4980810814998919768e-05	3.6416166066851816919e-05	4.3708481129845757826e-05	-4.5653338511780084389e-06	-1.4628253296384348159e-05
1	2	8	2.4799101824400783089e-05	-4.1185877724965891066e-06	4.9609372046309598351e-05	-5.7136002478013062629e-06	-1.5502230739627496627e-05	1.9432235335124003099e-06
1	2	9	0	0	0	0	0	0
1	2	10	0	0	0	0	0	0
1	2	11	0	0	0	0	0	0
1	2	12	0	0	0	0	0	0
1	3	-12	0	0	0	0	0	0
1	3	-11	0	0	0	0	0	0
1	3	-10	0	0	0	0	0	0
1	3	-9	0	0	0	0	0	0
1	3	-8	3.5910461434359126703e-05	4.3437450079578130769e-05	-4.5288229195758520176e-05	-3.7643425351829603155e-05	-1.2494278269114554228e-05	-8.6866032469888348371e-06
1	3	-7	-8.4535932132117579102e-06	4.3752485729085127832e-06	-3.8271407044429351437e-05	-9.972354934507490277e-06	-1.7609687763785688186e-05	-3.6488308900877082925e-06
1	3	-6	4.0645207541582673761e-07	-6.373734707114919447e-05	5.0058505264901602885e-06	-1.8135504284214035191e-05	2.5706672758143842652e-06	-1.9690643320631882776e-05
1	3	-5	-0.00010739515454632771847	-5.0666250875247156947e-05	-9.3896741927811908394e-05	-1.7351743121032781302e-05	-7.7817076065952694151e-05	-2.0544296047669098138e-05
1	3	-4	8.4763744344044139232e-05	3.8918653406736061816e-05	5.5129883967013235352e-05	-5.1972623844695597776e-05	6.2538349061270966404e-05	-2.924980453183767949e-05
1	3	-3	0	0	0	0	0	0
1	3	-2	0	0	0	0	0	0
1	3	-1	0	0	0	0	0	0
1	3	0	0	0	0	0	0	0
1	3	1	0	0	0	0	0	0
1	3	2	0	0	0	0	0	0
1	3	3	0	0	0	0	0	0
1	3	4	-8.1958989135753911905e-05	5.4932355140211518271e-05	9.3649492769341631721e-05	-0.00011801515338208928417	-4.9747372293067742427e-05	7.4778276251514090339e-05
1	3	5	-3.2696767835243723964e-05	4.3009214406484199366e-05	7.3274126299997102761e-05	1.6730554037998537903e-05	-3.7425122212949512798e-05	-1.864017530409596126e-05
1	3	6	-6.1121416397628593192e-06	-0.00010402282319835679913	4.1147949483011647947e-05	9.7588698335512346537e-06	-1.9555284468212015498e-05	1.2457702282950515579e-05
1	3	7	-1.6442542817186195109e-05	4.2549544488365068887e-05	3.728660729723145287e-05	1.6937823406226676446e-05	-1.3631039867786881226e-05	-1.3337573529577870449e-05
1	3	8	-4.5160322689829373883e-05	-7.5697381992869672003e-05	1.0551026646897827566e-05	1.4699858462134301259e-05	1.6884053436419863981e-06	3.9497258258083460284e-06
1	3	9	0	0	0	0	0	0
1	3	10	0	0	0	0	0	0
1	3	11	0	0	0	0	0	0
1	3	12	0	0	0	0	0	0
1	4	-12	0	0	0	0	0	0
1	4	-11	0	0	0	0	0	0
1	4	-10	0	0	0	0	0	0
1	4	-9	0	0	0	0	0	0
1	4	-8	3.5863477919280741261e-05	-7.3627509597642978672e-06	-3.7369002697268312871e-05	4.5212674773724648375e-06	-1.4201566608724062931e-05	1.3402898687156951854e-06
1	4	-7	1.2717578888520683514e-05	3.2221769098515121285e-05	-1.384003508159964611e-05	-1.0256848893375874264e-05	-6.0917944911254145391e-06	-1.2579466392840539236e-06
1	4	-6	-2.0239782592742326249e-05	-4.9719682961906256323e-05	-3.385088719183325975e-05	2.7175830155109303814e-05	-2.5940555226679230929e-05	9.8306062764218247947e-06
1	4	-5	2.7337541660942166102e-05	-0.00012468258338143968305	-3.9533393640438898372e-05	-5.8142167014909755312e-05	-2.6159206580162686155e-05	-7.1450250288215732728e-05
1	4	-4	-0.00011600622791633216982	4.7520412424019210795e-05	-1.9012656519532311524e-05	-6.2879597920426609243e-05	-4.8014213498615350591e-05	-5.0999494814421801462e-05
1	4	-3	-0.00011110045934196704077	6.2553889442894169146e-05	-7.7063657371306549778e-05	-5.4108266903249838174e-05	-0.00013978502960906440426	-5.1293059390035063443e-05
1	4	-2	-0.00025115247913598347631	-0.00019141269245167335578	3.3238774291979737761e-05	-1.9304816851485395246e-05	-5.909869098403226263e-05	-0.00013431597992880748194
1	4	-1	5.417963932076678838e-05	0.00026644681103103030157	-0.00010721953247842379861	-3.1954803013557178323e-05	-0.00037469849059292839252	0.00013862759897680161539
1	4	0	0.00034685389766384608183	-9.0284986329997689021e-05	-8.6713474415961520458e-05	2.2571246582499422255e-05	-4.1169549984294006326e-05	-0.00020195057398748186904
1	4	1	0.00028733133793975456673	9.2304468856369435085e-05	-5.1429748965531756663e-05	3.6783413019795051333e-05	-8.1612342077627567181e-05	-0.00023943812093554965397
1	4	2	7.4645118186979911366e-05	0.00029458112939192000702	-5.2702913425815702626e-05	-3.4911788851678435643e-05	6.8083267758141442793e-05	-7.7466986992603132224e-05
1	4	3	-0.00034505836406666014898	-1.3497311341053615371e-05	-7.5295045652547555061e-05	-2.5701857507844242453e-05	0.00021541284889228345641	3.8768247124143528394e-05
1	4	4	-4.788355945929906668e-05	-5.4072996998050571241e-05	0.00010849524565258006185	2.7815455668357925236e-05	-9.6524355787755295182e-05	-1.4297206418845282425e-05
1	4	5	-0.00012102088701613326351	-8.9715161553025396719e-05	7.4387095434642696266e-05	-1.538766518215063653e-05	-3.5305498944487507021e-05	3.0253164456325588568e-05
1	4	6	-4.5295290696997837798e-05	-0.00010835220117740281616	2.3636632626601802051e-05	9.498386053290050696e-05	-8.2085399682348961974e-06	-4.526387349236653528e-05
1	4	7	4.2447691206287561591e-06	1.970764725115560544e-05	-3.382317605299378898e-05	-4.5354475156601815335e-05	1.8721133584478056141e-05	2.3101464767893094184e-05
1	4	8	-1.6129252930294036504e-05	1.9011880882818027927e-05	1.8281054473583775635e-05	1.9669158902974119937e-05	-7.1243706205051336779e-06	-1.2211064561839312612e-05
1	4	9	0	0	0	0	0	0
1	4	10	0	0	0	0	0	0
1	4	11	0	0	0	0	0	0
1	4	12	0	0	0	0	0	0
1	5	-12	0	0	0	0	0	0
1	5	-11	0	0	0	0	0	0
1	5	-10	0	0	0	0	0	0
1	5	-9	0	0	0	0	0	0
1	5	-8	1.0562146394125859362e-05	-2.8801957162771037093e-05	3.245495216145513168e-06	1.2914850520888212178e-05	3.3487028093566780973e-06	4.4715369302087523394e-06
1	5	-7	-1.1942674035085999216e-05	1.0030077544656912773e-05	2.8580723800050440546e-06	1.4787847637234886482e-05	3.3538398070560318203e-07	1.1995616532975906696e-05
1	5	-6	1.1074097236135065458e-05	-5.3138524771306506209e-05	-5.0810052182732335705e-06	-5.3540896034217227452e-05	-2.3884881425385173481e-06	-5.347383415706543719e-05
1	5	-5	4.2843348959709960655e-06	8.4392897952685672189e-06	1.5794906223797139724e-05	-3.7094866785268917349e-06	1.6651773202991338937e-05	-2.0216287194731783759e-06
1	5	-4	-5.7792903954177285661e-06	-0.00013874282396891782936	-3.1830099745777858946e-05	6.8436202749245369524e-06	-4.1232447281076760695e-05	-2.613118064857378848e-05
1	5	-3	6.5971076588136002487e-05	2.0500597080497183207e-05	6.7122237803170301928e-06	-4.5221871390300939374e-05	3.3177398496573715558e-05	-6.8536253290335844663e-05
1	5	-2	-0.00010851727619630923641	-3.4043484471017000301e-05	9.4096004402799066822e-06	9.3465227758270916008e-06	-3.0734636997454852349e-05	6.3445647040592280047e-06
1	5	-1	1.506732340137705016e-05	-6.0771715730110627252e-05	-2.666773725653936105e-05	2.2266878051173804702e-06	-0.00011827136288131976695	-4.9638276704523722784e-05
1	5	0	-7.8424284094232032689e-05	-0.00013859318068826031274	1.5684856818846407215e-05	2.7718636137652063903e-05	-8.8800133675379200435e-05	-7.8730390482585461639e-05
1	5	1	5.7624919008572457718e-06	-0.00010234378419778818723	1.961311653052098871e-06	4.367239634420470748e-05	-1.5569050166117739703e-05	-0.00011601819752323534339
1	5	2	6.0832601662270043854e-05	1.8023573477689903609e-06	1.0682272038397839291e-05	4.2159167255526174977e-05	-5.7121980927129621002e-05	-0.00010629909681269992616
1	5	3	3.8567315844088003666e-05	-6.2299153387110258471e-05	1.8112443920981993755e-05	3.4329092777400741507e-05	-4.3043178482999323018e-05	-3.6448770166631140653e-05
1	5	4	6.9864013164560256029e-05	-6.4108963214914543556e-05	-6.8713569508728388683e-05	4.7619615216266574702e-05	6.8425958594770411683e-05	-4.3497278216604580794e-05
1	5	5	-1.5038238363138057692e-05	-7.4530080458855296494e-05	1.2066218495484396596e-05	-3.3856750106375297477e-05	-9.0585708228567850573e-06	4.8762766198146356776e-05
1	5	6	4.4928006328753714531e-06	2.5362071079102854829e-05	-3.8994612072643179126e-05	7.4845797397378467699e-06	3.1746709955056756571e-05	-1.0464161629632014639e-05
1	5	7	-2.3942169699247826974e-05	2.496034441813950092e-05	-1.4808735949697059039e-05	-1.6203417396983665872e-05	1.3997978492533302925e-05	8.0081060809684030948e-06
1	5	8	3.4892185149279484105e-05	-4.1768437294942683871e-07	1.1079456973886486532e-06	-2.3949381479699113074e-06	-5.053989204527840895e-06	1.5490468890998730808e-06
1	5	9	0	0	0	0	0	0
1	5	10	0	0	0	0	0	0
1	5	11	0	0	0	0	0	0
1	5	12	0	0	0	0	0	0
1	6	-12	0	0	0	0	0	0
1	6	-11	0	0	0	0	0	0
1	6	-10	0	0	0	0	0	0
1	6	-9	0	0	0	0	0	0
1	6	-8	1.5555757287204674034e-06	1.7174620837679465215e-05	1.6083145452111643532e-05	-5.8887557441960472886e-06	1.2256806055173792265e-05	-2.2697392034371021028e-06
1	6	-7	-1.9877669793614014475e-05	6.8008326807155803479e-05	-4.3076359041564248197e-06	-1.9635363804317249059e-05	-6.5319264597932231e-06	-7.1148365741068124977e-06
1	6	-6	-3.5913019596303265139e-05	3.2116659143142128776e-05	2.5905955856124723673e-05	-2.5958897676036183776e-06	1.9920452590074178354e-05	2.7568867562534035087e-06
1	6	-5	-3.8683861469420310235e-05	-5.064716159366672261e-05	2.1214585970563613036e-05	1.2194053838870484225e-05	1.7720730870792272241e-05	4.5034322879112379033e-06
1	6	-4	3.8021264719219364711e-05	5.1776919848675094309e-05	7.3581367339219878038e-06	1.6341351005966810162e-05	2.054252128068782246e-05	3.745625647111898882e-05
1	6	-3	3.7207325829215928095e-05	7.9533118018093963887e-06	1.1285380961070748694e-05	-3.0163189074417267345e-06	3.4973203865213473419e-05	-3.3815338809469881473e-06
1	6	-2	-3.4847169312784726392e-05	2.2082016188440812399e-05	1.6240676469845770314e-05	-1.7890799281340718282e-05	3.1298444753144947746e-05	-4.2631389749801753728e-05
1	6	-1	7.4470378654843926965e-05	-4.95906592190422193e-05	4.345526137322684922e-07	1.5970839377047134475e-05	7.7077694337237547765e-05	4.6234377043240587547e-05
1	6	0	5.2975347748278191846e-05	-0.00010491730344708748363	-8.8292246247130319744e-06	1.7486217241181246143e-05	2.9176426978106313759e-05	4.4989794424339199478e-06
1	6	1	1.6680861489005816776e-05	7.2655463091698792104e-05	-3.3537709094847585319e-05	-3.1857897374408319382e-05	0.0001845453930800797053	0.00011849192115475112419
1	6	2	4.2981595005147786755e-05	-7.1040271826818822831e-07	1.0417984405988009832e-05	2.0414067582585474533e-05	-5.274475072053792118e-05	-6.0887001388622332397e-05
1	6	3	-4.1550845835765786251e-06	-2.0930041422134630858e-05	3.5255666801373923124e-05	-2.3808855799784198644e-06	-6.9126305408222327663e-05	1.1738451634001716964e-05
1	6	4	-3.9882159755702633046e-05	3.435313480742961125e-05	-2.6799362769625241135e-05	4.645118232387108147e-05	5.0169584093363519964e-05	-7.8265057187664025017e-05
1	6	5	1.5244509248956599192e-05	4.4535683243904053321e-05	2.6040097289027282662e-05	1.1756950845516547517e-05	-3.4297018596624058017e-05	-2.3015477663400667007e-05
1	6	6	1.8678709931134661418e-05	3.6348412967370306826e-05	1.4546025033770706606e-05	-2.5499977328145361584e-05	-1.7659143355626484074e-05	1.9441908500250312705e-05
1	6	7	-2.5164157863551469819e-05	-4.9675678680546082996e-05	-4.2674901090102028325e-05	-6.2718402372941216926e-08	4.0173366343451949022e-05	7.1502841563976765509e-06
1	6	8	-5.2119425690620279756e-06	-4.9122139812590217818e-06	3.029096889387175603e-05	-1.391638566502166314e-06	-2.2066733849271062679e-05	1.6577556725340025641e-06
1	6	9	0	0	0	0	0	0
1	6	10	0	0	0	0	0	0
1	6	11	0	0	0	0	0	0
1	6	12	0	0	0	0	0	0
1	7	-12	0	0	0	0	0	0
1	7	-11	0	0	0	0	0	0
1	7	-10	0	0	0	0	0	0
1	7	-9	0	0	0	0	0	0
1	7	-8	-1.4179392041924015498e-07	6.4147989671117280265e-06	-9.9877742894557694969e-06	-9.5134173043863005242e-07	-8.7570267433262028659e-06	-3.0574143244835226379e-08
1	7	-7	-3.3895818178651761817e-05	2.1691778255305495975e-05	-1.2306039027502009968e-05	4.9719307619418886537e-06	-1.7148298767309404271e-05	8.0707562269855314199e-06
1	7	-6	-6.6737947476788783333e-06	-1.7326999687529070018e-05	2.5331164307436259286e-06	1.1033605453750104316e-05	1.8430033779210837905e-06	9.9847064147869428013e-06
1	7	-5	7.9841919681446599065e-06	5.1543526340228309926e-05	1.5225797304394500878e-05	-1.5430351134207048395e-06	2.2912954619781230838e-05	8.1484561092566737699e-06
1	7	-4	-9.3182607431802255335e-06	-1.943169365017418583e-05	1.4350055094372485695e-06	-5.9089631907769826584e-06	1.8169445572012861331e-07	-1.519860899640326611e-05
1	7	-3	-3.3947298339545158258e-05	-6.3159284055497196992e-06	3.7871802536878946997e-06	-1.4171252316612111311e-05	-2.4790121879099651199e-06	-3.5171564873944832677e-05
1	7	-2	-4.1053859517282281856e-06	1.7744574300949605099e-05	-1.8448869134056364679e-05	-5.8771049242282174559e-06	-6.6623734945061395128e-05	-1.1697580084323957699e-05
1	7	-1	6.7099080933558753271e-05	2.4972872094046207342e-06	-1.5657250433620837965e-05	1.6878035065554903197e-06	-4.2501672101787119258e-05	1.431191175529305276e-05
1	7	0	2.6076669572868845616e-05	4.9683050064579169463e-05	-3.7252385104098352694e-06	-7.0975785806541671872e-06	8.1002533775614879143e-06	-2.5930263986600500786e-05
1	7	1	5.7314967304357713974e-05	-1.1433202153523562653e-05	-4.4919789372257873012e-06	-5.117449800693199625e-06	-2.5871114743777203713e-05	4.7255350758375958334e-05
1	7	2	6.7192303740215274265e-05	-3.6332014038969521444e-05	-1.7257672965809317149e-05	2.2170429267009141944e-05	2.6805703510224981358e-05	-5.9430495415047241163e-05
1	7	3	5.8866780963176616433e-05	7.7162607680140684929e-06	9.0064158822998078224e-06	2.3668161932180034531e-05	-4.0637230713091755934e-05	-5.7797798097758097192e-05
1	7	4	6.8375262239836704918e-06	7.2859721241515057016e-06	-6.2846559117467899787e-06	1.63850323631363846e-06	9.2887662895609644163e-06	-4.6888736945867437304e-06
1	7	5	5.4016680431177445496e-05	1.7484326221118219301e-06	-6.1661591084551656879e-06	1.0247923260217537387e-06	-2.1707133343982576443e-06	-1.7843957808528196202e-06
1	7	6	2.6878076717124863167e-05	-2.5898480837600043363e-06	-1.6903791978134292165e-05	-2.7388584162831919929e-05	1.5241411188302532025e-05	3.2384989537263910483e-05
1	7	7	-2.5330085220658549606e-05	4.8433779159651166559e-06	3.0390725663464073114e-06	1.8927415719428116912e-05	5.7951103660481416671e-07	-1.9619326850280276555e-05
1	7	8	-1.900646369801935076e-05	1.8812066930646909507e-05	-1.1863125949157365144e-05	-3.7804597125092497862e-06	1.2756043167765112922e-05	9.5639388211472987454e-07
1	7	9	0	0	0	0	0	0
1	7	10	0	0	0	0	0	0
1	7	11	0	0	0	0	0	0
1	7	12	0	0	0	0	0	0
1	8	-12	0	0	0	0	0	0
1	8	-11	0	0	0	0	0	0
1	8	-10	0	0	0	0	0	0
1	8	-9	0	0	0	0	0	0
1	8	-8	-4.3922175453085296005e-07	-1.8585969158851214902e-06	4.9663333076152542473e-06	2.938498990242186887e-06	4.9114305882988972766e-06	2.706174375756546886e-06
1	8	-7	1.000526471561058514e-05	-2.1471304095199615039e-05	2.3171540656069910792e-05	4.3302575706726855067e-06	2.7911084280595693747e-05	1.8815366385974100406e-06
1	8	-6	6.9224149420453444126e-06	-1.5287924424175260716e-05	-1.9766033220134837433e-05	2.1565324927762672189e-05	-2.5200975136505559458e-05	2.6205779166321019466e-05
1	8	-5	3.219526491159137487e-06	1.5573867349561372903e-05	-8.5204250456170328926e-06	6.8956474043800155109e-06	-1.2988774774755424877e-05	1.4147809316920299398e-05
1	8	-4	9.7414829708104179196e-06	-6.94657134518765786e-06	1.5498917628629772336e-05	-9.3946668258117907251e-06	3.3433205999962147881e-05	-2.0525976487920499092e-05
1	8	-3	3.3196711843672838951e-05	-1.166162157659797794e-06	1.358647323048799934e-05	-5.7074800082203669445e-06	4.7296165895858942297e-05	-1.5608667407807578348e-05
1	8	-2	4.6484844154819997253e-05	3.7049695928951087551e-05	-9.2230131471548511556e-06	-4.7402384324735164287e-06	-1.3649630511209409384e-05	-4.3610576541852352755e-07
1	8	-1	1.8955513015475339983e-05	-2.3946118223518500083e-05	-1.5354634662517939551e-05	5.6552635414597352567e-06	-0.00010388156428466817642	2.1295990108159381971e-05
1	8	0	3.9951504696961236216e-05	-2.1143485201826376442e-05	-4.993938087120154527e-06	2.6429356502282970553e-06	-4.7760290891991684186e-05	6.4965352036761760276e-05
1	8	1	4.955763753138129734e-05	-2.8127499296487425574e-05	-4.2463402660376239965e-06	1.0064766422072449407e-05	-1.5586915403080312144e-05	-5.2390632080092176457e-05
1	8	2	7.0310485505858344945e-05	-2.8818672908351413087e-05	-1.5513234126866119874e-06	1.6931779295741165896e-05	-2.8949949102182727064e-05	-5.3317780728788962124e-05
1	8	3	-1.7506222960092969124e-05	2.802946481136321899e-05	5.2365474425540854456e-06	7.1840170562282789707e-06	-8.128718860113238147e-06	-2.8500533753729818048e-05
1	8	4	-9.9446063190075760648e-06	-4.1791909107554027882e-05	-1.0007192394713392139e-05	1.8412919417409542921e-06	2.2500536369178677446e-05	6.7653933934065975392e-06
1	8	5	-3.3724368586984668564e-05	-8.388149674726028132e-06	3.0548174275458997817e-06	-1.618711424657337926e-05	1.8571658333234946127e-06	2.7577012729462612443e-05
1	8	6	2.41007459102901683e-05	-1.7413090305808130492e-05	-1.2440182694214140126e-05	5.459533737499179255e-06	1.2570119273903826581e-05	-4.3771965990308839246e-06
1	8	7	-2.0396118800161683196e-05	-7.3854567171165494722e-06	-2.1328320372546484687e-05	-4.9190261211865708981e-06	2.728895454007622344e-05	6.6768093838013025006e-06
1	8	8	2.3737275662516854158e-05	2.3594414681668166686e-06	4.0573793484666291237e-06	-7.4723169596443758854e-06	-7.0245388062812358934e-06	7.1773867761235240665e-06
1	8	9	0	0	0	0	0	0
1	8	10	0	0	0	0	0	0
1	8	11	0	0	0	0	0	0
1	8	12	0	0	0	0	0	0
1	9	-12	0	0	0	0	0	0
1	9	-11	0	0	0	0	0	0
1	9	-10	0	0	0	0	0	0
1	9	-9	0	0	0	0	0	0
1	9	-8	0	0	0	0	0	0
1	9	-7	0	0	0	0	0	0
1	9	-6	0	0	0	0	0	0
1	9	-5	0	0	0	0	0	0
1	9	-4	0	0	0	0	0	0
1	9	-3	0	0	0	0	0	0
1	9	-2	0	0	0	0	0	0
1	9	-1	0	0	0	0	0	0
1	9	0	0	0	0	0	0	0
1	9	1	0	0	0	0	0	0
1	9	2	0	0	0	0	0	0
1	9	3	0	0	0	0	0	0
1	9	4	0	0	0	0	0	0
1	9	5	0	0	0	0	0	0
1	9	6	0	0	0	0	0	0
1	9	7	0	0	0	0	0	0
1	9	8	0	0	0	0	0	0
1	9	9	0	0	0	0	0	0
1	9	10	0	0	0	0	0	0
1	9	11	0	0	0	0	0	0
1	9	12	0	0	0	0	0	0
1	10	-12	0	0	0	0	0	0
1	10	-11	0	0	0	0	0	0
1	10	-10	0	0	0	0	0	0
1	10	-9	0	0	0	0	0	0
1	10	-8	0	0	0	0	0	0
1	10	-7	0	0	0	0	0	0
1	10	-6	0	0	0	0	0	0
1	10	-5	0	0	0	0	0	0
1	10	-4	0	0	0	0	0	0
1	10	-3	0	0	0	0	0	0
1	10	-2	0	0	0	0	0	0
1	10	-1	0	0	0	0	0	0
1	10	0	0	0	0	0	0	0
1	10	1	0	0	0	0	0	0
1	10	2	0	0	0	0	0	0
1	10	3	0	0	0	0	0	0
1	10	4	0	0	0	0	0	0
1	10	5	0	0	0	0	0	0
1	10	6	0	0	0	0	0	0
1	10	7	0	0	0	0	0	0
1	10	8	0	0	0	0	0	0
1	10	9	0	0	0	0	0	0
1	10	10	0	0	0	0	0	0
1	10	11	0	0	0	0	0	0
1	10	12	0	0	0	0	0	0
1	11	-12	0	0	0	0	0	0
1	11	-11	0	0	0	0	0	0
1	11	-10	0	0	0	0	0	0
1	11	-9	0	0	0	0	0	0
1	11	-8	0	0	0	0	0	0
1	11	-7	0	0	0	0	0	0
1	11	-6	0	0	0	0	0	0
1	11	-5	0	0	0	0	0	0
1	11	-4	0	0	0	0	0	0
1	11	-3	0	0	0	0	0	0
1	11	-2	0	0	0	0	0	0
1	11	-1	0	0	0	0	0	0
1	11	0	0	0	0	0	0	0
1	11	1	0	0	0	0	0	0
1	11	2	0	0	0	0	0	0
1	11	3	0	0	0	0	0	0
1	11	4	0	0	0	0	0	0
1	11	5	0	0	0	0	0	0
1	11	6	0	0	0	0	0	0
1	11	7	0	0	0	0	0	0
1	11	8	0	0	0	0	0	0
1	11	9	0	0	0	0	0	0
1	11	10	0	0	0	0	0	0
1	11	11	0	0	0	0	0	0
1	11	12	0	0	0	0	0	0
1	12	-12	0	0	0	0	0	0
1	12	-11	0	0	0	0	0	0
1	12	-10	0	0	0	0	0	0
1	12	-9	0	0	0	0	0	0
1	12	-8	0	0	0	0	0	0
1	12	-7	0	0	0	0	0	0
1	12	-6	0	0	0	0	0	0
1	12	-5	0	0	0	0	0	0
1	12	-4	0	0	0	0	0	0
1	12	-3	0	0	0	0	0	0
1	12	-2	0	0	0	0	0	0
1	12	-1	0	0	0	0	0	0
1	12	0	0	0	0	0	0	0
1	12	1	0	0	0	0	0	0
1	12	2	0	0	0	0	0	0
1	12	3	0	0	0	0	0	0
1	12	4	0	0	0	0	0	0
1	12	5	0	0	0	0	0	0
1	12	6	0	0	0	0	0	0
1	12	7	0	0	0	0	0	0
1	12	8	0	0	0	0	0	0
1	12	9	0	0	0	0	0	0
1	12	10	0	0	0	0	0	0
1	12	11	0	0	0	0	0	0
1	12	12	0	0	0	0	0	0
2	-12	-12	0	0	0	0	0	0
2	-12	-11	0	0	0	0	0	0
2	-12	-10	0	0	0	0	0	0
2	-12	-9	0	0	0	0	0	0
2	-12	-8	0	0	0	0	0	0
2	-12	-7	0	0	0	0	0	0
2	-12	-6	0	0	0	0	0	0
2	-12	-5	0	0	0	0	0	0
2	-12	-4	0	0	0	0	0	0
2	-12	-3	0	0	0	0	0	0
2	-12	-2	0	0	0	0	0	0
2	-12	-1	0	0	0	0	0	0
2	-12	0	0	0	0	0	0	0
2	-12	1	0	0	0	0	0	0
2	-12	2	0	0	0	0	0	0
2	-12	3	0	0	0	0	0	0
2	-12	4	0	0	0	0	0	0
2	-12	5	0	0	0	0	0	0
2	-12	6	0	0	0	0	0	0
2	-12	7	0	0	0	0	0	0
2	-12	8	0	0	0	0	0	0
2	-12	9	0	0	0	0	0	0
2	-12	10	0	0	0	0	0	0
2	-12	11	0	0	0	0	0	0
2	-12	12	0	0	0	0	0	0
2	-11	-12	0	0	0	0	0	0
2	-11	-11	0	0	0	0	0	0
2	-11	-10	0	0	0	0	0	0
2	-11	-9	0	0	0	0	0	0
2	-11	-8	0	0	0	0	0	0
2	-11	-7	0	0	0	0	0	0
2	-11	-6	0	0	0	0	0	0
2	-11	-5	0	0	0	0	0	0
2	-11	-4	0	0	0	0	0	0
2	-11	-3	0	0	0	0	0	0
2	-11	-2	0	0	0	0	0	0
2	-11	-1	0	0	0	0	0	0
2	-11	0	0	0	0	0	0	0
2	-11	1	0	0	0	0	0	0
2	-11	2	0	0	0	0	0	0
2	-11	3	0	0	0	0	0	0
2	-11	4	0	0	0	0	0	0
2	-11	5	0	0	0	0	0	0
2	-11	6	0	0	0	0	0	0
2	-11	7	0	0	0	0	0	0
2	-11	8	0	0	0	0	0	0
2	-11	9	0	0	0	0	0	0
2	-11	10	0	0	0	0	0	0
2	-11	11	0	0	0	0	0	0
2	-11	12	0	0	0	0	0	0
2	-10	-12	0	0	0	0	0	0
2	-10	-11	0	0	0	0	0	0
2	-10	-10	0	0	0	0	0	0
2	-10	-9	0	0	0	0	0	0
2	-10	-8	0	0	0	0	0	0
2	-10	-7	0	0	0	0	0	0
2	-10	-6	0	0	0	0	0	0
2	-10	-5	0	0	0	0	0	0
2	-10	-4	0	0	0	0	0	0
2	-10	-3	0	0	0	0	0	0
2	-10	-2	0	0	0	0	0	0
2	-10	-1	0	0	0	0	0	0
2	-10	0	0	0	0	0	0	0
2	-10	1	0	0	0	0	0	0
2	-10	2	0	0	0	0	0	0
2	-10	3	0	0	0	0	0	0
2	-10	4	0	0	0	0	0	0
2	-10	5	0	0	0	0	0	0
2	-10	6	0	0	0	0	0	0
2	-10	7	0	0	0	0	0	0
2	-10	8	0	0	0	0	0	0
2	-10	9	0	0	0	0	0	0
2	-10	10	0	0	0	0	0	0
2	-10	11	0	0	0	0	0	0
2	-10	12	0	0	0	0	0	0
2	-9	-12	0	0	0	0	0	0
2	-9	-11	0	0	0	0	0	0
2	-9	-10	0	0	0	0	0	0
2	-9	-9	0	0	0	0	0	0
2	-9	-8	0	0	0	0	0	0
2	-9	-7	0	0	0	0	0	0
2	-9	-6	0	0	0	0	0	0
2	-9	-5	0	0	0	0	0	0
2	-9	-4	0	0	0	0	0	0
2	-9	-3	0	0	0	0	0	0
2	-9	-2	0	0	0	0	0	0
2	-9	-1	0	0	0	0	0	0
2	-9	0	0	0	0	0	0	0
2	-9	1	0	0	0	0	0	0
2	-9	2	0	0	0	0	0	0
2	-9	3	0	0	0	0	0	0
2	-9	4	0	0	0	0	0	0
2	-9	5	0	0	0	0	0	0
2	-9	6	0	0	0	0	0	0
2	-9	7	0	0	0	0	0	0
2	-9	8	0	0	0	0	0	0
2	-9	9	0	0	0	0	0	0
2	-9	10	0	0	0	0	0	0
2	-9	11	0	0	0	0	0	0
2	-9	12	0	0	0	0	0	0
2	-8	-12	0	0	0	0	0	0
2	-8	-11	0	0	0	0	0	0
2	-8	-10	0	0	0	0	0	0
2	-8	-9	0	0	0	0	0	0
2	-8	-8	-5.5779500222575386433e-06	-3.8159967650301624087e-06	-2.4125435143572237221e-06	-9.846351966799023867e-06	1.0180560087928390613e-06	8.8923527755414828413e-06
2	-8	-7	1.0122588582060965358e-06	4.4504492661608731317e-06	-1.5183694641033907929e-05	2.6528382934015427131e-05	1.7642010692097636704e-05	-2.9046594991400237473e-05
2	-8	-6	-1.2142168146496763482e-05	1.1870470361135365662e-05	-1.1955288201878570939e-05	7.6561888274747927603e-07	1.1892994887005841221e-05	2.9359982767151499427e-06
2	-8	-5	7.6478425579651213365e-05	-6.0805167637341958628e-06	1.6720104715285656426e-05	-3.7719611504698965546e-06	3.8392026874034372664e-06	3.6029311352581563963e-06
2	-8	-4	-8.1869414960501156448e-06	-2.5764196244459498739e-07	-1.0317118675241806683e-05	-5.2415334501313685893e-06	1.6540766602458556391e-05	1.0354245919040439182e-05
2	-8	-3	1.1594786696837913319e-05	-1.8549362057499928713e-05	1.2768715617919184523e-05	4.7614152039222435887e-06	-2.6320050516559219904e-05	-2.5063348582125936508e-05
2	-8	-2	1.3774216828068058921e-05	-2.8718146868013358272e-05	1.5659609955716805199e-06	7.4304780161946228971e-06	7.5103728457813368415e-06	-5.844005893279184986e-05
2	-8	-1	1.2056754600192082481e-07	7.1554561225984154423e-06	4.7361987271200277518e-06	3.0446206854653228486e-07	-3.7648454724956374859e-05	1.1875215696824573453e-05
2	-8	0	3.8529649110812826378e-05	-9.0114524020567550585e-05	9.6324122777032065946e-06	-2.2528631005141887646e-05	-3.8092178411473042334e-06	-2.1951475723742171903e-05
2	-8	1	1.2976896902939656203e-05	3.3981745001457137249e-05	1.3516608856289077778e-06	8.8051255607163647279e-06	-1.5140506720848050183e-05	2.4775144828166462893e-06
2	-8	2	-3.0052201737867282829e-05	2.0868051941842859817e-05	-1.1378848064272839561e-06	7.2603380974351938753e-06	2.5500662512158147005e-05	8.1733004478979139903e-06
2	-8	3	2.2880035498266680828e-05	-1.6029071224091699991e-05	1.8600775402718556882e-05	-1.9752826671756862776e-05	3.4348710741738368985e-05	-4.1988156975290498484e-05
2	-8	4	3.3581790492240813899e-05	2.0976193459436913257e-05	2.0724516719561761287e-05	3.0110091029957404194e-06	2.4658138193003115623e-05	-4.4660785237269766366e-06
2	-8	5	1.0743720296696112089e-05	-8.0612362061701657904e-06	8.3021210126630515496e-06	2.1391626271350848242e-05	8.9859055015824369664e-06	3.7451096516629423503e-05
2	-8	6	-1.4836046666977570045e-06	2.1126640502101746496e-06	-3.3869728222101893396e-06	2.6867065629495873796e-06	-4.0214288740476664317e-06	2.8780540671960584307e-06
2	-8	7	1.3215890443090452236e-05	1.1185242363665443176e-05	6.58715395818424943e-06	6.0373331214998417286e-06	3.7522072541847269787e-06	3.7040257492382633203e-06
2	-8	8	-2.5085096225581320339e-05	5.6125534977593146728e-06	-4.1453816895619302455e-06	9.7851061298936869103e-06	2.1258923668334002626e-06	8.3819677554538593009e-06
2	-8	9	0	0	0	0	0	0
2	-8	10	0	0	0	0	0	0
2	-8	11	0	0	0	0	0	0
2	-8	12	0	0	0	0	0	0
2	-7	-12	0	0	0	0	0	0
2	-7	-11	0	0	0	0	0	0
2	-7	-10	0	0	0	0	0	0
2	-7	-9	0	0	0	0	0	0
2	-7	-8	-2.9409949303172321295e-05	1.0040092301344880201e-05	-2.667055012968692245e-05	3.7757669533238552113e-06	1.598424403768297682e-05	-7.9377300882215331252e-07
2	-7	-7	-2.5543178515331659738e-05	3.4636116475035086675e-05	1.0615252868550777621e-05	2.0466588374500955849e-05	-1.7913303872931252316e-05	-1.0570555095919500336e-05
2	-7	-6	-3.5847380251087747395e-07	-5.2741656920647574276e-05	-9.4448376739352280797e-06	-1.1821597715416160733e-05	1.0899486018754139157e-05	-3.788688305563669158e-06
2	-7	-5	-1.6409497275368579332e-05	2.1637121002760481071e-05	2.2481301646069783287e-05	1.0923675803793028366e-05	-3.8037621214645129012e-05	-6.6382977242060469455e-06
2	-7	-4	-8.4386049413668108028e-07	-3.6279027246082947613e-06	2.4014142971389854851e-05	1.7710249239551382729e-05	-4.2446680447000590818e-05	-3.2806887531519066733e-05
2	-7	-3	-2.3711138827211683061e-05	-1.2003493452502268411e-05	-4.4290757903164704526e-05	5.8255540834192314967e-06	8.7537675889243186261e-05	-2.1595288496313053562e-05
2	-7	-2	-7.987039557063984192e-06	-7.4917305722064407041e-06	1.8146805359523936579e-06	2.3605120277387671017e-05	-1.4338421432897360724e-05	-9.0109651543063290112e-05
2	-7	-1	-6.0904464965785015825e-05	4.47216250732180334e-05	-2.3276870185072743631e-05	4.3622692299031342827e-06	4.1129161363939163601e-05	5.890736553711412428e-05
2	-7	0	1.0160740533570668484e-05	7.0426576031074164573e-06	2.9030687238773337921e-06	2.0121878866021191693e-06	5.2839574671310843171e-05	-1.7253632384738377274e-06
2	-7	1	1.5042639568428930861e-05	-4.5093926349205856231e-05	3.269400923837440352e-06	-1.9111401497807491248e-05	-7.199472669995780529e-06	-4.3591957786240722889e-05
2	-7	2	4.5412030477567143856e-05	2.962213717740565358e-05	1.8149824621797876781e-05	2.9284097181722527957e-05	1.8112355698725433347e-05	7.2872202958623190881e-05
2	-7	3	-2.8903771414686859861e-05	-3.4628126941517032211e-05	-1.6265793706379857021e-05	-7.5456040806395816543e-06	-1.8684337705095092013e-05	5.4790084395189984611e-06
2	-7	4	-5.5487371221034884771e-06	-4.4518726567959520453e-05	1.3621534358349178593e-05	-2.3315433279431995817e-05	2.6612053688162807624e-05	-1.8542644955026227371e-05
2	-7	5	1.7219792367537555715e-05	-2.4201066921095236163e-05	1.7247612465489626176e-05	-2.7163201747085614609e-05	1.7258740504670453682e-05	-2.8348055677481766664e-05
2	-7	6	6.768766260207688561e-06	-7.3650250605084142234e-06	-7.8094775773610679298e-06	1.1382115510914376705e-05	-1.1367312593657142387e-05	1.573414311623624423e-05
2	-7	7	-1.8454310289035333998e-05	4.0402802956604645787e-05	1.2780906431401912931e-05	-1.6626268031383008953e-07	1.8053566513983437656e-05	-1.1709920667915158123e-05
2	-7	8	-4.1322602606713994635e-07	-1.3889276742924956445e-05	-8.1434387376197342489e-06	1.3382842429469944543e-06	-7.0222023889004824812e-06	4.6433178983098594706e-06
2	-7	9	0	0	0	0	0	0
2	-7	10	0	0	0	0	0	0
2	-7	11	0	0	0	0	0	0
2	-7	12	0	0	0	0	0	0
2	-6	-12	0	0	0	0	0	0
2	-6	-11	0	0	0	0	0	0
2	-6	-10	0	0	0	0	0	0
2	-6	-9	0	0	0	0	0	0
2	-6	-8	1.3416256121859184642e-05	1.784490559978047533e-06	-1.8671276361291765978e-05	-5.6661033210715051756e-07	1.7357521301433620221e-05	8.7108038907487477142e-07
2	-6	-7	2.1661691742083232382e-05	-2.846804948346855072e-05	1.3378714898855534148e-06	7.9182344106808374014e-06	5.0423077921218773301e-06	-1.492078649014601943e-05
2	-6	-6	2.3705849641195242865e-06	-3.3250401961606891458e-05	-2.5749547311080052983e-05	7.7549769569932131767e-06	2.6539742299119894553e-05	-1.8838444277528843663e-05
2	-6	-5	5.666698066368310114e-06	3.3488805421822459194e-05	3.9614195858038153037e-07	-3.7593853308068758524e-06	1.7913088762508660821e-06	1.7906784565697234362e-05
2	-6	-4	-1.7316855642763769594e-05	1.2028193948361462791e-05	-1.3186374118314370346e-05	8.3593369099830906911e-06	1.1121133356089672416e-05	-6.5249083907939037943e-06
2	-6	-3	7.4685142552095447311e-05	-3.707487341867866785e-05	-1.6562503322095680218e-05	3.2439573713663674099e-06	8.2915101678921658643e-05	-3.1204497021851845026e-05
2	-6	-2	3.2244420298633365198e-05	1.1112023277095384513e-05	-5.7099601541915086974e-06	5.5367020925446956291e-05	4.9374300761207888749e-05	-0.00015498903949924549791
2	-6	-1	3.8258978012351787417e-05	6.8868623177685837954e-05	6.1529993018544674668e-06	3.6356674732639513901e-05	3.9599960213576773421e-05	-8.0402802040465407496e-05
2	-6	0	-3.3872655080132763748e-06	-2.0037132356602421724e-05	-1.1290885026710920544e-06	-6.6790441188674744727e-06	2.2914233729178922779e-05	6.0340734125600765556e-05
2	-6	1	2.2903899246812115935e-05	4.8508500512965664977e-05	2.2327213656562909153e-05	1.1364578116407105448e-05	8.8155483445753236599e-05	-2.8829532327488707429e-05
2	-6	2	-3.3557451875288371698e-05	-3.2892687940076842043e-05	2.0800274704047585746e-05	-9.0912762931237133673e-06	9.5958275987431128936e-05	5.6188590607057061759e-06
2	-6	3	-1.3326095536840809044e-05	2.8456269725619507993e-05	1.3059626179557725948e-05	-1.2495412792926173423e-05	3.5003316050342659054e-05	-4.3961672069598684378e-05
2	-6	4	1.0932177126853794336e-05	2.3813625663676867174e-05	8.4967442514889912836e-06	1.2214201383380276632e-05	7.2790278138065889104e-06	6.4144892432319805143e-06
2	-6	5	-1.1538195366270428231e-05	4.5618229966640175016e-05	-2.9810896621203648556e-05	3.4328010112569863507e-06	-3.1157797798936207653e-05	-1.4127930773147687402e-05
2	-6	6	4.7795627276744421358e-05	9.1303443776976868507e-07	1.8184089803940539941e-05	1.2967326961844983333e-05	2.2522140450257314095e-06	1.2662982149255060332e-05
2	-6	7	1.0195177553208934672e-05	4.6515884706110987407e-05	2.4520522572007742983e-05	1.991065959702139826e-05	1.8104682903661226936e-05	3.7760268814152015015e-06
2	-6	8	-1.7392587424895661368e-05	-4.2194908793249431573e-05	3.3244587500789549183e-05	-1.1605362633492685359e-05	2.9281587481816076382e-05	1.8447052231928436621e-06
2	-6	9	0	0	0	0	0	0
2	-6	10	0	0	0	0	0	0
2	-6	11	0	0	0	0	0	0
2	-6	12	0	0	0	0	0	0
2	-5	-12	0	0	0	0	0	0
2	-5	-11	0	0	0	0	0	0
2	-5	-10	0	0	0	0	0	0
2	-5	-9	0	0	0	0	0	0
2	-5	-8	1.9565119827612401554e-05	-2.6173283414978905771e-05	-4.5886932089721345167e-05	3.5605775188021218051e-05	3.3570612512978941118e-05	-2.8796930346257989419e-05
2	-5	-7	-4.5921263736738153645e-05	-6.6154367003129964061e-06	2.0200922363486030806e-05	-3.3004865705748269054e-05	-2.7549591327272351617e-05	2.1684779304016481343e-05
2	-5	-6	-4.4887329665440419031e-05	1.911363000473649456e-05	-4.7692820139624151948e-05	4.4099435130092120053e-05	2.4781573561206655872e-05	-3.0378319273497935191e-05
2	-5	-5	-3.1431875391470118436e-05	6.3603793785118836773e-06	1.4110846435286734685e-05	-8.6164973417277275025e-06	-2.6683596591874784093e-05	1.1160649093132482329e-05
2	-5	-4	8.188145340484034927e-05	-2.967309655035889305e-05	2.5892534689238176144e-05	-2.9145158849712954596e-05	8.5750583408724553023e-06	2.1594900286961747567e-05
2	-5	-3	-2.5701954532534130048e-05	1.7962758317635151554e-05	-2.6767056194978849101e-05	1.3735058701309346609e-05	2.7477123969941992878e-05	-1.0916592290425474387e-05
2	-5	-2	-0.0001030678480701619149	1.6948549971245940805e-05	1.2196713881019977168e-06	-1.3761269657737123018e-05	-0.00010611702654041690528	5.1351724115588749198e-05
2	-5	-1	-0.00020354033347536669798	5.0819466373300834026e-05	-7.2947749037309761932e-05	2.5226104713431565216e-05	-4.2341921764184586299e-05	-2.4491590820556154639e-05
2	-5	0	-1.2015136038117918874e-06	-0.00010977352984700427814	-4.8060544152471683965e-07	-4.3909411938801709899e-05	-6.4311110322314341448e-05	-8.4772628359107280631e-05
2	-5	1	0.00014983484406839899915	3.776409962536675304e-05	7.759505659162527116e-05	3.7834331429936538915e-05	8.8305594821328316831e-05	0.00011364345789894918172
2	-5	2	-6.8097534736006366744e-06	-2.9563120704198495871e-05	-1.7949692355090861827e-05	-5.5562558900594913758e-05	-3.8064477414126515352e-05	-0.00010934327654728878514
2	-5	3	1.7769915679829583773e-05	-7.9816044677079482704e-05	4.2132335862062996867e-05	2.9503384269365031268e-05	5.8373949316885272263e-05	0.00010238300356699470725
2	-5	4	2.0688009077111298183e-05	-8.8423901175833897418e-05	2.8280059775110971443e-05	3.5643836571997629033e-07	2.5006070180333062671e-05	4.465749854506691972e-05
2	-5	5	4.9517272000879685519e-05	1.2912693837787885944e-05	5.3580045848770626942e-06	-3.1022555651954991781e-05	-1.4448904215474811513e-05	-3.6187633187070149547e-05
2	-5	6	3.0284656898887522868e-05	7.204846739835747021e-05	-3.5553876907953114919e-05	6.3201405497031508071e-05	-3.9723116389590103388e-05	2.8651682114740427675e-05
2	-5	7	-3.3578071706103737896e-05	7.8508764747485713775e-07	-3.5767144492364076115e-05	-1.6341936532456208703e-05	-1.5954225578516129254e-05	-1.1897122565318681318e-05
2	-5	8	1.5760790345389528392e-05	3.4010060720580908417e-05	-2.1807085253177591202e-05	9.3726165737868281051e-06	-1.7569625869583377023e-05	-2.6446298215284601738e-06
2	-5	9	0	0	0	0	0	0
2	-5	10	0	0	0	0	0	0
2	-5	11	0	0	0	0	0	0
2	-5	12	0	0	0	0	0	0
2	-4	-12	0	0	0	0	0	0
2	-4	-11	0	0	0	0	0	0
2	-4	-10	0	0	0	0	0	0
2	-4	-9	0	0	0	0	0	0
2	-4	-8	8.444999570297886623e-05	-1.4913368161323402506e-05	3.0742227260975146233e-05	-4.542269963081841446e-05	5.7413852952571434412e-06	1.8983007775078355756e-05
2	-4	-7	-4.7366727993334828119e-06	-2.7948874865702632425e-05	1.5465089992720844174e-05	-6.4931312971162430518e-08	-1.0190529367078620331e-05	-7.948289211360086968e-06
2	-4	-6	4.6006062795986272141e-05	-3.3183348389554229412e-05	6.2197725742681297793e-05	-1.913326753799964936e-05	-2.6129796229792111203e-05	1.6943955621483553062e-06
2	-4	-5	1.7531691056179303279e-05	-2.7227288730802052706e-05	1.5262950990704967426e-05	-5.3298629892020384202e-06	-5.1976843700922521212e-06	-6.6270251009591896684e-06
2	-4	-4	-0.00013655943511549462435	-5.0008798835714631317e-05	-6.7649711130316730998e-05	1.5599169501024199609e-05	-6.3000642743057651699e-07	-4.0603568918881518656e-05
2	-4	-3	-9.1668047585950158192e-05	8.8130483632386984812e-06	-1.5481205963839651726e-05	-3.988292809001933503e-05	-4.047042377218056531e-05	5.9052603028851581286e-05
2	-4	-2	-6.054909047392824801e-05	-3.9907188884048141564e-05	-3.7394272929084031545e-05	-4.6606267380649489085e-05	1.4239455384239811691e-05	5.3305345877250836606e-05
2	-4	-1	-0.00023330583169363768243	7.0787664240831688718e-05	-9.1597063184278688605e-05	7.4024692875037449952e-05	-0.00010022341065016061043	-0.00015452344301848642237
2	-4	0	3.2129463946160302571e-06	0.00017179923433448227878	1.6064731973080151286e-06	8.5899617167241139391e-05	-6.6374901375918957894e-05	0.00019982464455885949562
2	-4	1	9.9781058445963264421e-05	-2.9680079558452311764e-05	7.8938031824482402898e-05	1.1663675871213259239e-05	0.0001161900104060030963	0.00010601486260175766048
2	-4	2	3.9992895910055695989e-05	-9.8117497808811814206e-05	-1.326713442725804186e-05	-1.2954332662175912124e-06	-6.6527164764571786485e-05	9.5526631276376624581e-05
2	-4	3	-9.4198669102813745212e-05	6.8994833522817157175e-05	-7.3677214071450689969e-05	1.6366065989729107082e-07	-3.543717269339174519e-05	-4.57783414686817211e-05
2	-4	4	4.6229462190061465347e-05	-3.4704198775517725191e-05	5.4978488013251009908e-06	-5.9111956225094904906e-05	-1.7616882293705629989e-05	-4.1759856837336038922e-05
2	-4	5	-8.1840113583014090378e-05	-8.6696377062404911132e-05	-2.0832090459285393564e-05	-1.1984102105245181808e-05	1.6070373065777323332e-05	2.5091269140765816973e-05
2	-4	6	8.8895335045712780696e-05	-3.8411987672004131164e-06	2.4783278231635572732e-05	1.986003617988708539e-05	-1.3109592860813878976e-05	1.4520423708991529095e-05
2	-4	7	2.289092868087415445e-05	1.621308527031468965e-05	-1.0915036670321874143e-05	-5.9374823915999412383e-06	-1.2777429149005114825e-05	-8.0251571581470208496e-06
2	-4	8	6.9693987032752100953e-06	4.4142234506099477486e-06	2.6227053945459286797e-05	-1.8695557277988972923e-05	1.1371177296910841087e-05	-1.0451334501646972975e-05
2	-4	9	0	0	0	0	0	0
2	-4	10	0	0	0	0	0	0
2	-4	11	0	0	0	0	0	0
2	-4	12	0	0	0	0	0	0
2	-3	-12	0	0	0	0	0	0
2	-3	-11	0	0	0	0	0	0
2	-3	-10	0	0	0	0	0	0
2	-3	-9	0	0	0	0	0	0
2	-3	-8	7.9069052145646373671e-06	-3.4575642334582936787e-05	-1.1930922221361597957e-05	-9.358345742256521339e-06	6.4508221366517587875e-06	-5.1345309302995395417e-06
2	-3	-7	5.4857558931229278202e-07	6.9887292844639638618e-08	5.99088570602796086e-05	2.03154632670927827e-05	-2.5518488571744891644e-05	-8.6866593165127247111e-06
2	-3	-6	3.4827205848630245959e-05	1.5766032503651745446e-05	1.5926126639119248728e-06	2.6604184985000012937e-05	1.0812762284254120079e-05	-8.0467483246160901905e-06
2	-3	-5	-8.1948390659239910786e-05	-1.7383981293766309574e-05	-7.4535093306427949709e-05	5.0718790532798041016e-05	1.1941699720160806866e-05	-3.738486683718535115e-05
2	-3	-4	-6.9357535478392198032e-05	9.5713356108986438883e-05	-0.0001037547529812973189	-3.4469052050939870673e-05	4.3137296996776893551e-05	7.3708467092698117364e-05
2	-3	-3	0	0	0	0	0	0
2	-3	-2	0	0	0	0	0	0
2	-3	-1	0	0	0	0	0	0
2	-3	0	0	0	0	0	0	0
2	-3	1	0	0	0	0	0	0
2	-3	2	0	0	0	0	0	0
2	-3	3	0	0	0	0	0	0
2	-3	4	5.6530084209361146071e-05	-8.3902581911121553913e-05	-4.9696026518634523969e-05	-0.00011215689334188300012	-6.5537061993656471094e-05	-4.2166379050851473132e-05
2	-3	5	9.6785624613248292321e-05	-3.4137007156356442036e-05	1.5331242434394482134e-05	0.00012294514633060812199	-2.9515504384662628325e-05	8.7421890660907441875e-05
2	-3	6	-3.714622893392772302e-05	2.5150101330644980373e-05	4.8385322248520794091e-05	6.9603069276184478887e-06	3.6574737435569639181e-05	-4.9032136464057690897e-06
2	-3	7	-3.6181097373842433147e-05	-2.7103525476404611834e-05	-4.3134760794331075326e-05	5.1807410784112753487e-05	-8.1488696621869082844e-06	2.9947040472163926304e-05
2	-3	8	1.0674422854704681358e-05	5.1625767792499081636e-05	-1.6863618366516572909e-06	3.6436404858747683893e-05	-3.3009914024205418766e-06	7.5720987390561295649e-07
2	-3	9	0	0	0	0	0	0
2	-3	10	0	0	0	0	0	0
2	-3	11	0	0	0	0	0	0
2	-3	12	0	0	0	0	0	0
2	-2	-12	0	0	0	0	0	0
2	-2	-11	0	0	0	0	0	0
2	-2	-10	0	0	0	0	0	0
2	-2	-9	0	0	0	0	0	0
2	-2	-8	7.0167064848108541589e-07	3.0853455802473849558e-06	2.6200176645564132602e-05	1.3486272110554279512e-06	-6.3746264992707621407e-06	4.3417959229798925116e-07
2	-2	-7	1.1115910008040774093e-06	-5.2232567252715630699e-06	2.5330371497662615264e-05	-3.4134318045933158834e-05	-6.9196515705310111786e-06	8.2603032344747416468e-06
2	-2	-6	-4.4242337095576086909e-06	5.7023686005919292479e-05	1.0327049460950630825e-05	-2.6758924969198863837e-05	-4.9170943901694134543e-06	2.7927536991706050976e-05
2	-2	-5	-0.00010905782302710712874	-0.00012112289772138878647	-4.1984723813704871601e-05	1.2871061056645531086e-05	-2.6829239685360900823e-05	-5.3597583511213728379e-05
2	-2	-4	-0.0002447477652804654286	-3.105117854054658251e-05	-2.5523121767605702593e-05	1.6784204481723708987e-05	-0.00010961232175642985623	-2.3917691511135149137e-05
2	-2	-3	0	0	0	0	0	0
2	-2	-2	-0.0059094529307019165107	-0.00071178440472032108652	0.012253510471173649152	-0.010128603507138633083	-0.018162963401875564795	0.0094168191024183132976
2	-2	-1	0.0070734811680943834172	0.0044446487085873422757	-0.0051704511836924930274	0.017407135833007059827	0.024487864703573752889	-0.025924974248839431634
2	-2	0	-0.005399751232141794012	-0.018440328962326509032	-0.005399751232141794012	-0.018440328962326509032	-0.0091136826922966016756	0.021348235151065490106
2	-2	1	0.0076688823404344377138	0.025276224367652901093	0.0042718415539262878308	0.022479492119904617708	-0.0067940815730163006333	-0.0055934644954965693706
2	-2	2	-0.016046399650870242504	-0.012962377899598446704	-0.0072372367519207003728	-0.018516074679212457532	0.0088091628989495403962	-0.005553696779614009961
2	-2	3	0	0	0	0	0	0
2	-2	4	2.6106339456365671123e-06	-0.00011170721875757903363	-1.5246525857161218891e-05	-0.00013444882331409738316	-8.9285799013988934253e-06	-1.137080227825917646e-05
2	-2	5	5.4847969836782372273e-06	4.639024358372232634e-05	-4.0021436212829487373e-06	4.0690883385471589501e-05	-3.7947762419844743858e-06	-2.2797440793002954981e-06
2	-2	6	0.00010036549896295751834	3.6257172596808036422e-05	0.00011675806180499997001	4.7672457883804731607e-05	5.4641876140141525328e-06	3.8050950956655661911e-06
2	-2	7	-5.3928316989335119808e-05	2.4213385154680077939e-06	-1.5842673426631639997e-05	-7.2391992093866956801e-05	1.0881612446486708275e-05	-2.1375237316952847027e-05
2	-2	8	-1.9060228444853356377e-05	4.1226235745181251142e-05	-7.3240645510856779621e-06	2.73806064858460061e-05	2.9340409734419196038e-06	-3.4614073148338112603e-06
2	-2	9	0	0	0	0	0	0
2	-2	10	0	0	0	0	0	0
2	-2	11	0	0	0	0	0	0
2	-2	12	0	0	0	0	0	0
2	-1	-12	0	0	0	0	0	0
2	-1	-11	0	0	0	0	0	0
2	-1	-10	0	0	0	0	0	0
2	-1	-9	0	0	0	0	0	0
2	-1	-8	1.0235020310514894844e-05	-4.552781285095634377e-05	3.154785097962173161e-05	5.8611080284650284489e-05	-1.3847262948239929519e-06	-1.8708338248320372351e-05
2	-1	-7	2.200716363071757197e-05	3.9017518450544833811e-05	-1.4369075729128213406e-05	9.2115390505766708417e-06	8.3404861415090520175e-06	9.8319282643589995402e-06
2	-1	-6	-3.7218857310549316846e-06	9.4103347962838525384e-06	-6.0553150564501765079e-05	1.7124607841151924124e-05	8.8515631837319839006e-06	2.8267695856929668424e-07
2	-1	-5	6.6724921090576905323e-05	-4.9757263274025201788e-06	5.3818589561220801749e-06	7.6611722437737971025e-05	2.5613596645006347111e-05	-1.7312635018508601599e-05
2	-1	-4	-0.00016288568090455022826	0.00027071295900571272497	0.00014587529439263389563	-4.6176402112473669069e-05	-0.00011791166405043358126	0.000146900580030974795
2	-1	-3	0	0	0	0	0	0
2	-1	-2	0.002001626940048702348	0.0099711291107876815626	-0.0027721403431944465802	-0.028417333111768083853	0.003387697111645925855	0.024179795666671721754
2	-1	-1	-0.0044289546843522525216	-0.013046446094737726082	0.015669544994281595085	0.023648462369870913713	-0.024527454362986103598	-0.049741354559346369346
2	-1	0	-0.0066092335613044984888	-0.013518704764041300156	-0.013218467122608996978	-0.027037409528082600313	0.021987981796734418216	0.036169353381442108375
2	-1	1	0.021130412213044205	0.021175785563263528621	0.032888807423309851519	0.021319997044365265187	-0.0093720170027785619504	-0.021031574082161792055
2	-1	2	-0.022203331266814743672	0.0017397811865698901024	-0.036727126721117060726	-0.0075925654706953445844	0.0038397679062562124416	-0.0055360639219175621778
2	-1	3	0	0	0	0	0	0
2	-1	4	-5.9801644899688317274e-05	-0.00014701749943742305074	-4.7134894172318599157e-06	-5.9357317182965765683e-05	2.8722450095536193658e-05	5.8669420422970089033e-05
2	-1	5	8.9203213748952056897e-05	3.3713186542995311876e-05	6.3737134522884330862e-05	-7.3402742165361338977e-05	-2.2933858595003957942e-05	-2.8165823050270392546e-05
2	-1	6	6.3005573067937583449e-05	6.4595910638935840958e-05	-4.2681053122115132452e-05	-3.8836396872966862071e-05	-2.8115366542998384354e-05	-2.8004703025139756202e-05
2	-1	7	2.6962389326273158817e-05	-5.7415618172621427323e-05	-4.8169212137723869949e-05	-0.00010370672637158744381	-1.4584855827181454643e-05	1.5892157105222010941e-06
2	-1	8	1.712046515736719254e-05	-2.5780326271841213414e-05	1.5353590953387008034e-05	9.8979821803851895905e-07	-2.3609174201684225544e-06	6.5688063452151185674e-06
2	-1	9	0	0	0	0	0	0
2	-1	10	0	0	0	0	0	0
2	-1	11	0	0	0	0	0	0
2	-1	12	0	0	0	0	0	0
2	0	-12	0	0	0	0	0	0
2	0	-11	0	0	0	0	0	0
2	0	-10	0	0	0	0	0	0
2	0	-9	0	0	0	0	0	0
2	0	-8	4.0927211919626395071e-05	2.195427776265545403e-06	2.8702959138678447228e-05	5.3328216771456262324e-05	1.0231802979906598768e-05	5.4885694406638635074e-07
2	0	-7	2.6210320591756404082e-05	5.7058375780717430689e-05	-5.859437683614137439e-05	-3.6352091992219022613e-06	7.4886630262161148471e-06	1.6302393080204979713e-05
2	0	-6	-8.5241058047708047801e-06	-0.00010195197582385897347	9.4863959328973549118e-05	5.0817678854701271534e-05	-2.8413686015902684012e-06	-3.398399194128632223e-05
2	0	-5	-7.4473886480595747435e-05	-2.3785860242985816721e-05	-3.8469841485134894383e-06	-4.5559926423772103177e-05	-2.9789554592238298974e-05	-9.5143440971943270273e-06
2	0	-4	-4.7052171193422945468e-05	-5.7733137295218486069e-05	2.4749063958715612234e-05	-0.00010801918704728220096	-2.3526085596711472734e-05	-2.8866568647609243035e-05
2	0	-3	0	0	0	0	0	0
2	0	-2	0.0076636998033450393075	0.00231442804464741499	-0.030442444691798582757	-0.0032526612226312571867	0.0076636998033450393075	0.00231442804464741499
2	0	-1	-0.028858486483243749737	-0.0020996055853348453112	0.030070054672034180615	-0.024851015868123216279	-0.057716972966487499475	-0.0041992111706696906223
2	0	0	0	0	0.0057676240473680945309	0.027292207194939462761	0.054860671829182409975	-0.0075702007724239156472
2	0	1	0.02012541605635528516	0.0046573919952798224081	0.01246621809277738066	-0.031899559637139487944	-0.040250832112710570321	-0.0093147839905596448162
2	0	2	-0.0093101405703246275375	-0.00096550139750581646849	-0.017671359919499470686	0.036873484497627631584	0.0093101405703246275375	0.00096550139750581646849
2	0	3	0	0	0	0	0	0
2	0	4	-0.00017633994194036787455	0.00014799971446827699822	8.8167486495193439196e-05	-5.1669749955156674191e-05	8.8169970970183937273e-05	-7.399985723413849911e-05
2	0	5	7.3333493469003260302e-05	-0.00011600233429805690655	-8.4513655468181222795e-06	0.00013720790535149695352	-2.9333397387601305476e-05	4.6400933719222758553e-05
2	0	6	-1.9787930453586291779e-05	-6.4616759664318874486e-06	1.4302081963560372161e-05	-5.5301276672443715145e-05	6.595976817862096695e-06	2.1538919888106291495e-06
2	0	7	6.2129293311875859922e-05	2.0376197052481739548e-05	2.454624746995739696e-05	6.4705016468585065679e-05	-1.7751226660535961914e-05	-5.8217705864233543987e-06
2	0	8	-1.0684836371941933326e-05	-4.2230179735834275795e-05	-1.0153221532523871469e-05	-3.9556885216290635214e-05	2.6712090929854833316e-06	1.0557544933958568949e-05
2	0	9	0	0	0	0	0	0
2	0	10	0	0	0	0	0	0
2	0	11	0	0	0	0	0	0
2	0	12	0	0	0	0	0	0
2	1	-12	0	0	0	0	0	0
2	1	-11	0	0	0	0	0	0
2	1	-10	0	0	0	0	0	0
2	1	-9	0	0	0	0	0	0
2	1	-8	-3.7273811657513952365e-05	-4.3527315009809129599e-05	7.1709763257097695877e-06	-5.8626842952769815681e-06	-8.4220808736647681633e-06	-1.1614664289361905308e-05
2	1	-7	-4.2603611864396522891e-05	-5.2519680796675134238e-06	4.4386699028691144187e-05	1.5152810346147366842e-05	-5.8315035285859867891e-06	6.6412488383033440594e-07
2	1	-6	-1.5338141573791123353e-05	1.1394181529644079108e-05	2.821485965525956237e-07	1.2764768858044578138e-05	-5.0656890918382754452e-06	5.9255219862221227256e-06
2	1	-5	-2.3771349874183644386e-05	7.370771479518350999e-05	-6.5992528373539312606e-05	0.00014369128558819736796	-2.270704562438131892e-05	5.8221343035712883008e-05
2	1	-4	0.00012879511475081438987	-0.00015136734324059075143	-1.9001845621932736711e-05	2.1609054163357273607e-05	5.9647095969924010756e-05	-7.028140807945606409e-05
2	1	-3	0	0	0	0	0	0
2	1	-2	-0.0019654875954920555427	-0.00083942165519120361724	0.00052010704296285561674	0.023103205172422151131	-0.0017054340740106277343	0.010712180931019872274
2	1	-1	0.0048044905111308188958	0.016173666801932030934	-0.041142405378848591335	-0.012697159685237827814	-0.031533424356586951809	0.019650173918626234054
2	1	0	-0.031234656075376177053	0.01074276310992360213	0.062469312150752354107	-0.02148552621984720426	0.032812866261120482436	-0.068832732143937230829
2	1	1	0.023380959791197451075	-0.017474583466266600112	-0.036317804618576900177	-0.0015147395945462505291	-0.010444114963817998504	0.03646390652707945379
2	1	2	-0.012954592117147733371	0.0042599598825558684587	0.029294033670667476987	0.01898724354581666704	-0.001692424718186004472	-0.013753581655464201111
2	1	3	0	0	0	0	0	0
2	1	4	-0.00016954911996376620126	-0.0002319984854128558766	-6.7760433906943715889e-05	-0.0001311544152554958403	0.00010171466845861903299	0.00014878784652030190515
2	1	5	-0.00016007661805419933507	-2.3591474056963590718e-05	-1.1254810129081576909e-05	0.00011457416841387746637	6.6281609247496051443e-05	-1.3478244059990057664e-05
2	1	6	0.0001027905691888029798	4.0473469552038070078e-05	9.6376975086935755721e-05	-4.518018181049831514e-05	-5.0326352244090285886e-05	-5.9611262155963047339e-06
2	1	7	2.4665093095741801397e-06	9.8810777986015600359e-05	-1.5185259582889825298e-05	-4.4976283746082061513e-05	1.4646058519630663707e-06	-2.1806467460849876061e-05
2	1	8	-3.2182127109715695122e-05	-8.3211764118631216308e-06	-4.8122191255484395229e-05	-1.918703601570800535e-05	1.4060805684364474031e-05	4.4786736049292810764e-06
2	1	9	0	0	0	0	0	0
2	1	10	0	0	0	0	0	0
2	1	11	0	0	0	0	0	0
2	1	12	0	0	0	0	0	0
2	2	-12	0	0	0	0	0	0
2	2	-11	0	0	0	0	0	0
2	2	-10	0	0	0	0	0	0
2	2	-9	0	0	0	0	0	0
2	2	-8	-6.4043529581828202344e-05	-1.2449003813055261182e-05	-1.1764608916816923182e-05	-3.1908338193022055761e-05	-1.8952034624661283076e-05	-1.1089335501519329236e-05
2	2	-7	3.515647653107834388e-05	1.7165850566453369177e-05	4.2694246378229268692e-05	5.2651395361068381823e-05	2.2243063688373602624e-05	1.9947784550720498833e-05
2	2	-6	-8.9920447903484273643e-05	-9.5420514371792830794e-05	4.9905217073453393792e-05	9.3341093778552658411e-05	-1.3338410276676957692e-05	-6.9314019774672095104e-07
2	2	-5	-5.6009401894285182189e-06	0.00013171064409053478386	-1.9954947068173236241e-05	-5.0379437240273586106e-06	-1.0222354903040701784e-05	5.0669080146602969424e-05
2	2	-4	-6.5291136340311567497e-05	-3.7652769331341428356e-05	0.0002487071998459944918	0.00016155766419227057156	9.1708031752841455376e-05	6.1952447430464564824e-05
2	2	-3	0	0	0	0	0	0
2	2	-2	-0.0054443135546681769438	0.0037437219247141574445	0.018155982408314303572	0.0012173371153666790768	0.012711668853646126628	0.0049610590400808365213
2	2	-1	0.010860151445878731685	-0.008474299739599181619	-0.017273176386352079997	0.019638621593339955496	-0.012826049880946694889	0.022328643707481551223
2	2	0	-0.0075918710395753707942	0.028852973418779993831	0.0075918710395753707942	-0.028852973418779993831	-0.01930235432578396651	-0.038830795627702203998
2	2	1	0.0054486916463404163821	-0.026973169681109680773	-0.018461159108049240984	0.017613938126314929861	0.026024934923417650939	0.018718463109589498355
2	2	2	-0.0029028148239402247303	0.015315080421100104452	0.018454288512833504077	-0.013696032881966635486	-0.015551473688893278913	-0.0016190475391334700501
2	2	3	0	0	0	0	0	0
2	2	4	-8.0478811099204318621e-05	7.487138138098897288e-05	1.0059878877865037431e-06	5.0720030511661477659e-05	3.9736411605708901404e-05	-6.2795705946325225269e-05
2	2	5	9.8075701022453504706e-05	-7.6706215094678281935e-05	5.7105746061001893513e-05	-9.2041725245782572912e-06	-6.2072578833382156577e-05	3.4364155047702614335e-05
2	2	6	3.7790280590872126082e-06	-2.5822359467949866895e-05	5.8909984770257548534e-05	-0.0001169423852007962745	-2.0896337609781586624e-05	4.7588248222915379337e-05
2	2	7	-6.9319228927886513054e-05	-1.1789593447835489801e-05	-5.3197121795287843492e-06	-3.2933806818953638451e-05	2.132541174497579829e-05	1.2778114361939750445e-05
2	2	8	1.3585276903742747038e-06	1.3896020710718996692e-05	2.510545420471672277e-05	7.5063964886686814794e-06	-6.615995473772748839e-06	-5.3506042998469191194e-06
2	2	9	0	0	0	0	0	0
2	2	10	0	0	0	0	0	0
2	2	11	0	0	0	0	0	0
2	2	12	0	0	0	0	0	0
2	3	-12	0	0	0	0	0	0
2	3	-11	0	0	0	0	0	0
2	3	-10	0	0	0	0	0	0
2	3	-9	0	0	0	0	0	0
2	3	-8	6.3892374637888712298e-06	3.7114017495230454315e-05	-2.8679078964310568145e-08	1.1294748946948376134e-05	1.5865547113356013543e-06	1.3514035228913253147e-05
2	3	-7	-9.5797658391103976351e-06	5.3321703354797337368e-05	3.1613657656925551152e-05	-5.3914118192759540504e-05	1.0811634470365123566e-05	-7.8712782669548509915e-06
2	3	-6	1.6219265164758170855e-05	9.8538949934977979506e-05	8.0243736852520118814e-05	6.6547504671351826074e-05	4.552829014784611297e-05	6.6120068980668572872e-05
2	3	-5	-4.3135224581805144703e-05	-2.6391481607341221667e-05	3.1988482450602680977e-05	-1.601254572020610709e-05	1.9389996376395507895e-06	-2.0164120075060153599e-05
2	3	-4	0.00014624752658387013397	-0.00014706574655345643998	-4.1079070290254263061e-06	-2.195292379627713631e-06	7.004283302016599429e-05	-7.5179342561449007966e-05
2	3	-3	0	0	0	0	0	0
2	3	-2	0	0	0	0	0	0
2	3	-1	0	0	0	0	0	0
2	3	0	0	0	0	0	0	0
2	3	1	0	0	0	0	0	0
2	3	2	0	0	0	0	0	0
2	3	3	0	0	0	0	0	0
2	3	4	-1.7309644981262436059e-05	0.00015815535087185931032	9.3672538779916650483e-06	-6.3307207533993458065e-05	1.6293820821374690316e-06	-3.1597269785434561613e-05
2	3	5	-3.7523895494567943167e-05	3.053495469558315885e-06	-3.2396180464509600659e-05	0.00010985808611345571236	3.4447266476532941728e-05	-6.7136249855896757495e-05
2	3	6	-3.1139465907688610542e-05	-9.0982858794450437216e-06	-2.1736753284461991602e-05	5.7568977835651529166e-05	2.124819861146053039e-05	-2.5751726958010747186e-05
2	3	7	-2.2289996601487556285e-05	3.5971290972992491051e-05	-9.7621897337223507811e-06	4.0190361790418105935e-05	1.055236605773459523e-05	-2.7501952473891329526e-05
2	3	8	-3.3517164652904284734e-05	2.2585366108362340453e-05	-2.8231128100592760088e-05	-3.3628322615796013562e-05	1.8965964200948354099e-05	6.9642794538329208195e-06
2	3	9	0	0	0	0	0	0
2	3	10	0	0	0	0	0	0
2	3	11	0	0	0	0	0	0
2	3	12	0	0	0	0	0	0
2	4	-12	0	0	0	0	0	0
2	4	-11	0	0	0	0	0	0
2	4	-10	0	0	0	0	0	0
2	4	-9	0	0	0	0	0	0
2	4	-8	2.6753282455980872338e-05	-6.7784804032787921522e-06	2.6184186872251087439e-05	-5.4182037230195967382e-05	1.9780414050120761804e-05	-2.8785638715917679823e-05
2	4	-7	3.7240603861388216396e-05	-5.5504856727613504396e-07	-2.0464102489016902864e-05	3.7196925358812532733e-05	-1.0536003190415962565e-06	2.1096800614385411929e-05
2	4	-6	0.00014802252181856203391	-5.1129807113150569742e-05	-3.3609027100063129418e-05	7.4494965016984060965e-06	2.6934822539478592822e-05	-1.2076938036584586414e-05
2	4	-5	4.2532973235147439241e-05	1.180130602077617802e-05	-2.0957218518688064672e-05	-3.7785471821254165272e-06	2.4741447910852197863e-07	1.6976846626101382825e-06
2	4	-4	1.1813525210170835772e-05	0.00012468579286673768091	2.1313109510249292068e-05	-0.00010700042800758003303	2.7219872115334709954e-05	-4.4657531574211192576e-05
2	4	-3	-3.1050856694598049431e-05	-8.9765049939669131754e-05	-3.052895242148934824e-05	9.9070882489862708886e-06	-6.1405841025051154905e-05	-4.663391562779772891e-05
2	4	-2	-6.1587057995210513564e-05	-3.3653662839741520338e-05	3.0350627178291705134e-05	1.0255393860920458273e-05	-8.8580363862709546171e-07	-1.3142875117900603793e-05
2	4	-1	0.00013150507219106757234	0.0001689552401896368542	-3.5122394538950426528e-05	-0.00011247398677690753264	0.00012252056622633346566	-0.00011198546672835639503
2	4	0	0.00010760421618921643964	0.00010423925904244355834	-5.3802108094608219822e-05	-5.2119629521221779171e-05	0.00010962666419528560092	1.0537031080133755988e-05
2	4	1	0.00013948816270894866709	-0.00012664952382405975746	-0.00011511401822204142542	1.1528491097086582891e-05	0.0001814797474702683675	0.00020718508325977318335
2	4	2	-0.00013845281510687553199	5.9442757127987974478e-05	0.00011214360069947335832	-7.1635719333762370108e-05	-8.5834386292071171106e-05	8.3828681539536758962e-05
2	4	3	-4.8091223652083133164e-06	-9.0607044420096895286e-05	-4.4142266426010451529e-06	8.5508711506665117464e-05	9.0917171002736029794e-06	-5.3606919062155550726e-05
2	4	4	0.00010693079566864987107	0.00017109688905216197097	6.4328908459472026351e-06	-7.2350864752230446811e-06	-5.9898288680272139019e-05	-7.831335805085794504e-05
2	4	5	9.9316737161255129137e-05	-2.5490471556839435787e-05	-1.057594934775761867e-05	3.866863128384351638e-06	-3.1265935386295959429e-05	7.1026981200282923268e-06
2	4	6	-4.7103389594295693777e-05	-3.6845208870775266624e-05	3.8322926426088556686e-05	-9.184290915215405208e-06	-9.8474877526271421238e-06	1.840459690040202568e-05
2	4	7	6.2516390186686965499e-05	8.830054991661211977e-06	-2.5834380627032290235e-05	1.8694366724567916213e-05	-3.0993225521778237492e-06	-1.3205368125942011718e-05
2	4	8	1.0334489799573378475e-05	-1.8936381132890489371e-05	1.3395896443802579652e-05	-2.0826249375097735566e-06	-9.2815706717946348683e-06	5.7754077519775095446e-06
2	4	9	0	0	0	0	0	0
2	4	10	0	0	0	0	0	0
2	4	11	0	0	0	0	0	0
2	4	12	0	0	0	0	0	0
2	5	-12	0	0	0	0	0	0
2	5	-11	0	0	0	0	0	0
2	5	-10	0	0	0	0	0	0
2	5	-9	0	0	0	0	0	0
2	5	-8	-7.3027929164328676288e-06	3.0038709669940833683e-05	-7.4491509256004984391e-06	2.1291207307541419965e-05	-6.4814175576085283258e-06	2.0816681984698594629e-05
2	5	-7	-2.5792903188026057397e-05	2.5222514528245100517e-05	-6.0740329836212322769e-06	-1.5263360778768258959e-05	-1.1707995899165468752e-05	-3.6959678339072992902e-06
2	5	-6	-6.3575082995814593655e-07	-2.8297294898164942746e-05	-1.8280635526191203559e-05	2.1073276542372466788e-05	-1.5445779881812051929e-05	8.1286321525887431018e-06
2	5	-5	2.883737160141089571e-06	3.2576662387646883497e-05	-1.1341964083078176316e-05	5.8821084687469518855e-05	-1.0188469219021741843e-05	7.1851749642528269543e-05
2	5	-4	-4.4680231223393194237e-05	7.7577316075626751067e-05	-1.4084236781140207766e-05	3.1530495347021387663e-05	-3.9945411588121858943e-05	7.8201777221590111806e-05
2	5	-3	3.810922573936431862e-05	-8.2998848943692044499e-05	-3.1920454154219981148e-05	3.4588918079233887156e-05	-2.7794606430790426221e-05	2.3156308362617818374e-06
2	5	-2	7.3705207829031517928e-05	6.1933645817466553276e-05	-4.3293427913028714748e-05	-1.8819302668897622315e-05	-3.4528361953540265554e-05	1.4885389145222490713e-05
2	5	-1	3.9269369422632153274e-05	-3.8309869407135582289e-06	-2.3012405727412210509e-05	-6.4981050908835232601e-06	-3.6523289791796742607e-05	-4.0152499335844731064e-05
2	5	0	-1.7262629237207720192e-05	5.3215960266185596491e-05	6.9050516948830882464e-06	-2.1286384106474239952e-05	4.2867801401342932387e-05	3.6694017760490240385e-05
2	5	1	3.8931390994748571943e-05	-6.0769222992884554377e-05	-3.2665522129337764732e-05	3.4288683429257970617e-05	8.5464828657191672999e-05	-4.9904971160520751106e-05
2	5	2	7.9600826056637952102e-05	-0.00018250390311683230564	-6.8220221948454048532e-05	6.7512553431162497194e-05	9.0949728814497169229e-05	1.3722519538926054186e-05
2	5	3	-4.6080002452362646263e-05	0.00012892153607020829164	4.640104046106493038e-05	-5.4900408743157829805e-05	-4.6615065800199788717e-05	5.5529905251241914028e-06
2	5	4	1.8508153034254155817e-06	6.8972222880547815241e-05	-3.236084566044152976e-05	1.7103809163601488188e-05	3.9525649423839200492e-05	-5.586587289477576955e-05
2	5	5	-6.5171538284446912958e-05	-0.00010701848265705911996	-9.0320154451011011132e-06	9.322761681594058232e-06	3.5100630758879866296e-05	3.3484631381229586363e-05
2	5	6	-2.2898387124643326705e-07	1.1713123995583485886e-05	8.2378467027336823377e-05	5.9509328315147633529e-05	-6.8572394565698534296e-05	-5.3495481594484189903e-05
2	5	7	-1.4315091580878683088e-05	-8.0397629822189023836e-06	1.0822337040041199918e-05	-1.4232185107344295339e-05	-3.6402145769212332844e-06	1.2462921643022755946e-05
2	5	8	-2.4667071154273536459e-06	-2.5451582294908231833e-05	6.6862642791440840724e-06	8.7929898041920352811e-06	-3.5622383956082141338e-06	8.6727694610703580182e-07
2	5	9	0	0	0	0	0	0
2	5	10	0	0	0	0	0	0
2	5	11	0	0	0	0	0	0
2	5	12	0	0	0	0	0	0
2	6	-12	0	0	0	0	0	0
2	6	-11	0	0	0	0	0	0
2	6	-10	0	0	0	0	0	0
2	6	-9	0	0	0	0	0	0
2	6	-8	-1.9191778776699361099e-05	-1.0814462450469664013e-05	-2.2238799469552089389e-05	-7.0058298780293463845e-06	-2.1477044296338906469e-05	-7.9579880211394262151e-06
2	6	-7	3.6760992543885821775e-06	1.481438437224143705e-05	6.2877394484227591305e-06	-1.9436402688791285858e-06	6.4398050284733886903e-06	2.5667038758868715559e-06
2	6	-6	5.1834424756431245695e-05	-1.3309173539883100698e-05	-1.6000674865661029755e-06	-1.8395203379904120585e-05	1.567807409891097857e-05	-2.2831594559865153022e-05
2	6	-5	-4.5001529722925346451e-05	3.7955751934502332426e-05	3.5927324703116367331e-05	5.7360266610485024865e-08	2.5112177754569499507e-05	1.5251133093733515344e-05
2	6	-4	2.6004580567514775312e-05	7.378277595805201e-05	-1.642657335869179437e-05	-1.467075851303265181e-06	-1.1637569754280303899e-05	3.4690774202071106064e-05
2	6	-3	6.2046327769309130893e-06	7.5615333818945603566e-05	-2.9638565453268225067e-06	-7.2313252090061021747e-05	-1.7912912393663699029e-06	-9.4216281634158316818e-05
2	6	-2	-1.3891409172241608863e-05	6.4593001663364822532e-05	-1.3626377647233269919e-05	-2.8480681168447261552e-05	-5.4770542113941416925e-05	-2.0849041841976965512e-05
2	6	-1	-3.9903778013678039324e-05	8.8449508937434519064e-07	1.8738740349362916756e-05	-1.8627496241025672063e-06	3.2624886068821435444e-05	-9.4075075658667132799e-06
2	6	0	5.5818486507021273656e-06	5.923148291551169289e-05	-1.8606162169007091924e-06	-1.974382763850389763e-05	1.0187877396034718253e-05	3.780418940280858694e-06
2	6	1	-4.5501695543747994156e-05	5.5797489915748195834e-05	1.558104111671070559e-05	-1.265225371701931119e-05	-2.4828556127682570868e-06	-3.5681457529380531302e-05
2	6	2	-8.416929504724756587e-05	-6.2217048625110276533e-05	-6.7625782510877268233e-07	1.9097946249048016696e-05	8.6198068522573889952e-05	4.923209877966217975e-06
2	6	3	-2.008858217450562124e-06	0.00013526866625800156182	1.2543128429698692834e-05	-4.5442484646241259835e-05	-2.374701804776367702e-05	7.0585845381481874453e-07
2	6	4	2.0614181138181707101e-05	-1.8411425832597568747e-06	-4.9681006059247790263e-06	8.3289127103823791976e-06	-2.8549396602036845875e-06	-1.1572797773943689406e-05
2	6	5	1.6029931888367262568e-05	1.1179047064287184483e-05	9.8842365939057461223e-07	-1.1506159438925862577e-05	-7.5980811466155949007e-06	9.33577250099616096e-06
2	6	6	-2.3471249347418140587e-06	1.2182126057397745265e-05	-3.4698179903933871332e-05	-7.6213437971901620076e-06	3.5480554882181143108e-05	3.560635111390913586e-06
2	6	7	-1.0906534737033891701e-06	3.0098460829771205716e-05	-2.7449592796821427424e-05	5.0564843468882976011e-07	2.3839837675476475921e-05	-9.0329731810964852828e-06
2	6	8	-1.5431698947735726554e-05	3.177248089639060039e-05	7.3105056414366549706e-06	8.7199612603950290841e-06	-1.6249544941435602248e-06	-1.4483091169393921911e-05
2	6	9	0	0	0	0	0	0
2	6	10	0	0	0	0	0	0
2	6	11	0	0	0	0	0	0
2	6	12	0	0	0	0	0	0
2	7	-12	0	0	0	0	0	0
2	7	-11	0	0	0	0	0	0
2	7	-10	0	0	0	0	0	0
2	7	-9	0	0	0	0	0	0
2	7	-8	2.861307209526892174e-05	8.3130682664130081319e-06	6.3682041977707594824e-06	1.4205964331854558321e-05	1.2725446696866644453e-05	1.4508485856975991622e-05
2	7	-7	-3.7829271216140752574e-05	6.8777983195631498239e-06	7.2749384852639525757e-06	-1.1169148274160154363e-05	-3.5334247193476908353e-06	-9.204063039999254897e-06
2	7	-6	-2.3867191542856036032e-05	-1.7161837547643805701e-05	1.2952872918605744937e-05	-1.1190141215792553402e-05	7.1559545574213573646e-06	-1.8775777267639247818e-05
2	7	-5	-5.7626378843765928511e-05	-2.6987327416402320611e-05	1.4312855056956150509e-05	2.42162446465080587e-05	-3.0125544577677600149e-06	2.3107811538550350548e-05
2	7	-4	1.760043145365961477e-05	-3.2311080608268150799e-05	2.5426407986981831622e-05	-1.1329232673048166665e-06	5.3296429704048011876e-05	-1.8138156021917504248e-05
2	7	-3	-9.4911483465075671922e-05	-4.1790811503309721484e-06	-5.2495247258377673595e-06	1.8411671408013859032e-05	-7.552321333700523563e-05	4.0174512518478352921e-05
2	7	-2	-3.7246780566688140523e-07	9.598844106157967764e-05	-1.7407849350301432859e-05	-3.468948280876336639e-05	-6.1299940531721891913e-05	-2.5424748769092101337e-05
2	7	-1	-6.7274455888771347465e-05	-1.5165604730849275165e-05	1.9453541540814549748e-05	5.5717315742826319477e-06	1.6258790081591535196e-06	8.6709115582798733038e-06
2	7	0	1.1713283189587314062e-05	5.2514468355731800644e-05	-3.3466523398820896109e-06	-1.5004133815923373065e-05	-5.981269585482200179e-05	1.123796092860912379e-05
2	7	1	-5.7058566153125243837e-05	-4.8636127159906180446e-05	2.9087964538178610354e-05	1.4666084373637842096e-05	-8.9498619460999778025e-05	-5.3903362956525354739e-06
2	7	2	-1.3766029080533467732e-05	2.312787722516345445e-05	1.0863970263046955164e-05	2.6327221642053893374e-07	-2.4257866840130879577e-05	-2.4049329982635339077e-05
2	7	3	2.3743467242249624149e-05	-2.8479682773274346688e-05	1.9748549225506662125e-05	-1.5527147577249908667e-05	-6.1908926354348620949e-05	5.5216466195766020274e-05
2	7	4	4.280235354762494058e-05	3.7648240363582894828e-05	-1.7926784308422414775e-05	2.4594227872375206191e-06	9.9706957659267530245e-06	-2.3128110059457108815e-05
2	7	5	-2.16619132950578241e-05	-1.0983399182198153564e-05	7.970539691723941536e-06	2.3514860700000219496e-05	-2.4939902503903887644e-06	-2.8527445307121045192e-05
2	7	6	1.804540153470245449e-05	-2.2735988301785005892e-05	-2.0965050453075148736e-05	-4.5936563448140636592e-06	1.8444091683686855362e-05	1.2937928502878077221e-05
2	7	7	3.7405010437665480556e-05	1.7847645601521021559e-05	-1.7706024553542994271e-06	-8.0871579537641826319e-06	-8.9165433839786945031e-06	2.987830639043890153e-06
2	7	8	2.5947940104107125094e-06	-5.8816839439325204218e-06	-1.4766747758546277199e-05	1.5290511432613219602e-06	1.2272205786125314739e-05	1.3250123562947341676e-07
2	7	9	0	0	0	0	0	0
2	7	10	0	0	0	0	0	0
2	7	11	0	0	0	0	0	0
2	7	12	0	0	0	0	0	0
2	8	-12	0	0	0	0	0	0
2	8	-11	0	0	0	0	0	0
2	8	-10	0	0	0	0	0	0
2	8	-9	0	0	0	0	0	0
2	8	-8	-1.1120133115846456548e-06	9.3202985829458830525e-06	-2.2521161344534063595e-05	3.4613953211594072394e-06	-2.279916467243022575e-05	5.7914699668958780025e-06
2	8	-7	1.9832962744960199147e-06	9.2367969318079383569e-06	2.1557180023259537774e-06	6.6472087779784437962e-06	3.030333795371381496e-06	1.0235894869634774572e-05
2	8	-6	-6.9314796463608899344e-06	-1.9584884486680121017e-06	7.6764642780270205282e-08	1.8937636626225381326e-05	-2.2081403584132696515e-06	2.4597352685411171349e-05
2	8	-5	-1.2428515698951575103e-05	2.2106585839610118051e-05	-1.8050953231841647422e-05	3.4456482811405687222e-06	-3.3852931450527270661e-05	1.4355671585668957176e-05
2	8	-4	-1.6690890422494361384e-05	4.3415262768283684539e-05	1.5459079723915456443e-06	-4.6699585921755491704e-06	-5.2536292664640894031e-06	1.2367714199790745623e-05
2	8	-3	-2.1671097884183164387e-06	4.3403116194955422297e-05	-8.4669138747105711975e-06	-1.2829988367881224942e-05	-2.4023176858173736129e-05	-5.2778915177129844162e-06
2	8	-2	1.7186877396662456307e-05	2.0815228085991469334e-05	-1.5442198009288554918e-06	3.3951905782016688395e-06	1.1009998192947035187e-05	3.4395990398798148081e-05
2	8	-1	-1.625026070909562384e-05	2.1469006979872758812e-05	8.1129674290189908871e-06	-8.0999689382496368442e-06	3.2403218013960686193e-05	-2.186173754625157713e-05
2	8	0	7.7968189505263030362e-06	-2.1065912775059338519e-05	-1.9492047376315757591e-06	5.2664781937648346297e-06	-4.9682871621629582897e-06	4.0370467923582281557e-05
2	8	1	-4.2062745589254051169e-05	-1.4701371962409969993e-05	8.4035829097247485386e-06	4.2871604162577781619e-06	1.6896827900710110641e-05	-4.8945394052422844621e-06
2	8	2	-3.9822355701392635576e-05	-2.7225059132646473335e-05	9.4654412214090520784e-06	8.415336494884975108e-06	1.9605908157564230275e-06	-6.4362868468934254031e-06
2	8	3	-4.2099130116828381511e-06	9.030644128953097113e-06	1.1125020486737861609e-05	-6.7637705906647482594e-07	-2.6860112623512407781e-05	-4.2167572617914649238e-06
2	8	4	1.3440088837563390759e-05	-1.3146191813009529406e-05	-2.6307901312011230631e-07	-5.7882685373523485827e-06	-6.1938863925414707669e-06	1.8149632981209461868e-05
2	8	5	1.1717169430083650947e-05	-1.3928738678593330545e-05	8.801476576376153862e-06	-2.3316405335406845643e-05	-1.8769230294235307235e-05	4.2877744008088281859e-05
2	8	6	1.4895569602948755045e-06	3.4741060865107140302e-06	1.2815157473852875284e-06	1.4526441657551805726e-06	-2.2052066499453420845e-06	-3.0948942498438121069e-06
2	8	7	-4.8993552317206793127e-06	6.5053729320961001955e-06	1.2523853172121379425e-05	1.3677877002425955919e-08	-1.2913159273361382638e-05	-1.8743098400302298729e-06
2	8	8	7.0914192536242173819e-06	-1.2080517449037766532e-05	-1.0428622221760354388e-06	-9.1989534892493822607e-06	-7.2999259123001890665e-07	1.2219082851508823894e-05
2	8	9	0	0	0	0	0	0
2	8	10	0	0	0	0	0	0
2	8	11	0	0	0	0	0	0
2	8	12	0	0	0	0	0	0
2	9	-12	0	0	0	0	0	0
2	9	-11	0	0	0	0	0	0
2	9	-10	0	0	0	0	0	0
2	9	-9	0	0	0	0	0	0
2	9	-8	0	0	0	0	0	0
2	9	-7	0	0	0	0	0	0
2	9	-6	0	0	0	0	0	0
2	9	-5	0	0	0	0	0	0
2	9	-4	0	0	0	0	0	0
2	9	-3	0	0	0	0	0	0
2	9	-2	0	0	0	0	0	0
2	9	-1	0	0	0	0	0	0
2	9	0	0	0	0	0	0	0
2	9	1	0	0	0	0	0	0
2	9	2	0	0	0	0	0	0
2	9	3	0	0	0	0	0	0
2	9	4	0	0	0	0	0	0
2	9	5	0	0	0	0	0	0
2	9	6	0	0	0	0	0	0
2	9	7	0	0	0	0	0	0
2	9	8	0	0	0	0	0	0
2	9	9	0	0	0	0	0	0
2	9	10	0	0	0	0	0	0
2	9	11	0	0	0	0	0	0
2	9	12	0	0	0	0	0	0
2	10	-12	0	0	0	0	0	0
2	10	-11	0	0	0	0	0	0
2	10	-10	0	0	0	0	0	0
2	10	-9	0	0	0	0	0	0
2	10	-8	0	0	0	0	0	0
2	10	-7	0	0	0	0	0	0
2	10	-6	0	0	0	0	0	0
2	10	-5	0	0	0	0	0	0
2	10	-4	0	0	0	0	0	0
2	10	-3	0	0	0	0	0	0
2	10	-2	0	0	0	0	0	0
2	10	-1	0	0	0	0	0	0
2	10	0	0	0	0	0	0	0
2	10	1	0	0	0	0	0	0
2	10	2	0	0	0	0	0	0
2	10	3	0	0	0	0	0	0
2	10	4	0	0	0	0	0	0
2	10	5	0	0	0	0	0	0
2	10	6	0	0	0	0	0	0
2	10	7	0	0	0	0	0	0
2	10	8	0	0	0	0	0	0
2	10	9	0	0	0	0	0	0
2	10	10	0	0	0	0	0	0
2	10	11	0	0	0	0	0	0
2	10	12	0	0	0	0	0	0
2	11	-12	0	0	0	0	0	0
2	11	-11	0	0	0	0	0	0
2	11	-10	0	0	0	0	0	0
2	11	-9	0	0	0	0	0	0
2	11	-8	0	0	0	0	0	0
2	11	-7	0	0	0	0	0	0
2	11	-6	0	0	0	0	0	0
2	11	-5	0	0	0	0	0	0
2	11	-4	0	0	0	0	0	0
2	11	-3	0	0	0	0	0	0
2	11	-2	0	0	0	0	0	0
2	11	-1	0	0	0	0	0	0
2	11	0	0	0	0	0	0	0
2	11	1	0	0	0	0	0	0
2	11	2	0	0	0	0	0	0
2	11	3	0	0	0	0	0	0
2	11	4	0	0	0	0	0	0
2	11	5	0	0	0	0	0	0
2	11	6	0	0	0	0	0	0
2	11	7	0	0	0	0	0	0
2	11	8	0	0	0	0	0	0
2	11	9	0	0	0	0	0	0
2	11	10	0	0	0	0	0	0
2	11	11	0	0	0	0	0	0
2	11	12	0	0	0	0	0	0
2	12	-12	0	0	0	0	0	0
2	12	-11	0	0	0	0	0	0
2	12	-10	0	0	0	0	0	0
2	12	-9	0	0	0	0	0	0
2	12	-8	0	0	0	0	0	0
2	12	-7	0	0	0	0	0	0
2	12	-6	0	0	0	0	0	0
2	12	-5	0	0	0	0	0	0
2	12	-4	0	0	0	0	0	0
2	12	-3	0	0	0	0	0	0
2	12	-2	0	0	0	0	0	0
2	12	-1	0	0	0	0	0	0
2	12	0	0	0	0	0	0	0
2	12	1	0	0	0	0	0	0
2	12	2	0	0	0	0	0	0
2	12	3	0	0	0	0	0	0
2	12	4	0	0	0	0	0	0
2	12	5	0	0	0	0	0	0
2	12	6	0	0	0	0	0	0
2	12	7	0	0	0	0	0	0
2	12	8	0	0	0	0	0	0
2	12	9	0	0	0	0	0	0
2	12	10	0	0	0	0	0	0
2	12	11	0	0	0	0	0	0
2	12	12	0	0	0	0	0	0
3	-12	-12	0	0	0	0	0	0
3	-12	-11	0	0	0	0	0	0
3	-12	-10	0	0	0	0	0	0
3	-12	-9	0	0	0	0	0	0
3	-12	-8	0	0	0	0	0	0
3	-12	-7	0	0	0	0	0	0
3	-12	-6	0	0	0	0	0	0
3	-12	-5	0	0	0	0	0	0
3	-12	-4	0	0	0	0	0	0
3	-12	-3	0	0	0	0	0	0
3	-12	-2	0	0	0	0	0	0
3	-12	-1	0	0	0	0	0	0
3	-12	0	0	0	0	0	0	0
3	-12	1	0	0	0	0	0	0
3	-12	2	0	0	0	0	0	0
3	-12	3	0	0	0	0	0	0
3	-12	4	0	0	0	0	0	0
3	-12	5	0	0	0	0	0	0
3	-12	6	0	0	0	0	0	0
3	-12	7	0	0	0	0	0	0
3	-12	8	0	0	0	0	0	0
3	-12	9	0	0	0	0	0	0
3	-12	10	0	0	0	0	0	0
3	-12	11	0	0	0	0	0	0
3	-12	12	0	0	0	0	0	0
3	-11	-12	0	0	0	0	0	0
3	-11	-11	0	0	0	0	0	0
3	-11	-10	0	0	0	0	0	0
3	-11	-9	0	0	0	0	0	0
3	-11	-8	0	0	0	0	0	0
3	-11	-7	0	0	0	0	0	0
3	-11	-6	0	0	0	0	0	0
3	-11	-5	0	0	0	0	0	0
3	-11	-4	0	0	0	0	0	0
3	-11	-3	0	0	0	0	0	0
3	-11	-2	0	0	0	0	0	0
3	-11	-1	0	0	0	0	0	0
3	-11	0	0	0	0	0	0	0
3	-11	1	0	0	0	0	0	0
3	-11	2	0	0	0	0	0	0
3	-11	3	0	0	0	0	0	0
3	-11	4	0	0	0	0	0	0
3	-11	5	0	0	0	0	0	0
3	-11	6	0	0	0	0	0	0
3	-11	7	0	0	0	0	0	0
3	-11	8	0	0	0	0	0	0
3	-11	9	0	0	0	0	0	0
3	-11	10	0	0	0	0	0	0
3	-11	11	0	0	0	0	0	0
3	-11	12	0	0	0	0	0	0
3	-10	-12	0	0	0	0	0	0
3	-10	-11	0	0	0	0	0	0
3	-10	-10	0	0	0	0	0	0
3	-10	-9	0	0	0	0	0	0
3	-10	-8	0	0	0	0	0	0
3	-10	-7	0	0	0	0	0	0
3	-10	-6	0	0	0	0	0	0
3	-10	-5	0	0	0	0	0	0
3	-10	-4	0	0	0	0	0	0
3	-10	-3	0	0	0	0	0	0
3	-10	-2	0	0	0	0	0	0
3	-10	-1	0	0	0	0	0	0
3	-10	0	0	0	0	0	0	0
3	-10	1	0	0	0	0	0	0
3	-10	2	0	0	0	0	0	0
3	-10	3	0	0	0	0	0	0
3	-10	4	0	0	0	0	0	0
3	-10	5	0	0	0	0	0	0
3	-10	6	0	0	0	0	0	0
3	-10	7	0	0	0	0	0	0
3	-10	8	0	0	0	0	0	0
3	-10	9	0	0	0	0	0	0
3	-10	10	0	0	0	0	0	0
3	-10	11	0	0	0	0	0	0
3	-10	12	0	0	0	0	0	0
3	-9	-12	0	0	0	0	0	0
3	-9	-11	0	0	0	0	0	0
3	-9	-10	0	0	0	0	0	0
3	-9	-9	0	0	0	0	0	0
3	-9	-8	0	0	0	0	0	0
3	-9	-7	0	0	0	0	0	0
3	-9	-6	0	0	0	0	0	0
3	-9	-5	0	0	0	0	0	0
3	-9	-4	0	0	0	0	0	0
3	-9	-3	0	0	0	0	0	0
3	-9	-2	0	0	0	0	0	0
3	-9	-1	0	0	0	0	0	0
3	-9	0	0	0	0	0	0	0
3	-9	1	0	0	0	0	0	0
3	-9	2	0	0	0	0	0	0
3	-9	3	0	0	0	0	0	0
3	-9	4	0	0	0	0	0	0
3	-9	5	0	0	0	0	0	0
3	-9	6	0	0	0	0	0	0
3	-9	7	0	0	0	0	0	0
3	-9	8	0	0	0	0	0	0
3	-9	9	0	0	0	0	0	0
3	-9	10	0	0	0	0	0	0
3	-9	11	0	0	0	0	0	0
3	-9	12	0	0	0	0	0	0
3	-8	-12	0	0	0	0	0	0
3	-8	-11	0	0	0	0	0	0
3	-8	-10	0	0	0	0	0	0
3	-8	-9	0	0	0	0	0	0
3	-8	-8	6.9822817618063815669e-06	1.0062123156621517533e-05	-3.0670926189150602192e-06	5.1028996179114361187e-07	5.685448279592453095e-06	3.2630062219419251453e-06
3	-8	-7	9.0135108691065716856e-06	6.6553788819036543403e-06	-2.2566150880559142274e-05	-3.9232737632951274513e-06	2.9652819950256123103e-05	7.3360466788674259691e-06
3	-8	-6	-5.0702397163657113849e-06	-3.2295563279558280155e-06	5.1445001491683571687e-06	1.7811842375408227059e-05	-9.3944533904073323409e-06	-2.5363901331188885185e-05
3	-8	-5	7.1905106013418335268e-06	-2.7012817661009413461e-06	-2.9306576535747617324e-08	-1.6851348737526081998e-05	4.3611968832622961185e-06	2.5341388920381167151e-05
3	-8	-4	2.5040097664773001604e-05	-1.0038326384009648641e-05	2.1830297850859135833e-05	-1.9944888875161523911e-06	-2.4880522453138520462e-05	-3.5397670129749316986e-06
3	-8	-3	-2.0086945138824694102e-05	1.7026792128505895092e-05	-2.3671829896714873903e-05	-1.2796970537743327525e-06	4.3037934585748304102e-05	2.0439317605237450792e-05
3	-8	-2	3.7603922808395682771e-05	7.801273492880271516e-06	1.8655350117856703875e-05	2.174702481010529838e-05	-1.8215516258833287956e-05	-7.5286189001100791329e-05
3	-8	-1	-4.0073538050951477052e-05	7.3234679259187087315e-06	-2.01110612062873065e-05	5.4416830938639646102e-06	4.0667875497444014071e-05	-2.1563060973155591534e-05
3	-8	0	5.0062380337591983305e-05	-5.1783454400178272045e-06	1.877339262659699374e-05	-1.9418795400066850958e-06	-2.0607462283486438454e-05	3.6861460512250476221e-05
3	-8	1	1.672256144412982484e-05	-4.0438882585536184422e-05	4.6426618802180434663e-06	-1.5319813932785936866e-05	-1.302638929064513187e-05	-1.2418637056789406063e-06
3	-8	2	-4.1827846447273076664e-05	2.9762932192171521616e-05	-1.0872447358048412515e-05	2.112284711714525529e-05	1.9251980238715968324e-05	3.9846990180323738735e-05
3	-8	3	3.8121101626739240953e-06	-1.7396446780362652786e-05	-3.0815216054043053165e-06	-7.5844317979845942817e-06	-1.2029501110418737284e-05	-2.8287046809295976435e-06
3	-8	4	3.1108198211624137205e-05	3.2483305100287408231e-05	2.0546028749967680386e-05	3.197298840067282683e-06	1.7760908841217259562e-05	-1.7967881145080991654e-05
3	-8	5	-5.1281062616033166513e-05	-4.0729626452226765424e-05	4.8032343524337699285e-06	8.9472185699486603706e-06	3.8453812533513934504e-05	3.8753325583253913137e-05
3	-8	6	1.3110774733388651369e-05	-3.1221069430791095134e-06	1.3329052322413128089e-05	-1.0784925168212765035e-05	1.1216682396523178152e-05	-1.2818846752744132169e-05
3	-8	7	1.5784376724157518347e-05	-1.6096351361358010986e-05	-1.7521551584014733935e-05	3.8832543273050612129e-06	-2.6789363263512919042e-05	1.133644124321636038e-05
3	-8	8	2.2269777411897647202e-07	-5.1703290825666494852e-06	2.7746160681842314534e-05	-1.0394604068427166666e-05	2.7662649016547699121e-05	-8.4557306624646727918e-06
3	-8	9	0	0	0	0	0	0
3	-8	10	0	0	0	0	0	0
3	-8	11	0	0	0	0	0	0
3	-8	12	0	0	0	0	0	0
3	-7	-12	0	0	0	0	0	0
3	-7	-11	0	0	0	0	0	0
3	-7	-10	0	0	0	0	0	0
3	-7	-9	0	0	0	0	0	0
3	-7	-8	-3.256445490857827871e-06	3.4046455406037578896e-06	-1.3485835304567961711e-05	9.2360187940812706417e-06	1.0578938832425281575e-05	-6.8047743670947020205e-06
3	-7	-7	-1.7434321848482089377e-05	-7.4314282378358990737e-06	-6.0593976194576670431e-06	-1.3956142954127827277e-05	-1.4124546013203711402e-06	1.0771245137912441718e-05
3	-7	-6	1.7049446204455266738e-06	1.0434811354824395912e-05	1.2682621870713757661e-05	-4.0833376013372409412e-06	-1.3943919872276620318e-05	9.9812995456389779246e-06
3	-7	-5	7.0660575875836035631e-06	-1.2678055037148152899e-05	-2.3152203882508069332e-05	-2.0967695782225472716e-06	3.6652719988061460558e-05	-4.6713556127773248815e-06
3	-7	-4	-2.3013181043770484998e-05	3.420660408943752758e-05	-1.3861974751995350115e-05	2.3680195920612836282e-05	6.9985700331640010713e-06	-1.5785389793994315268e-05
3	-7	-3	9.753428187572443866e-07	8.3762272242032196614e-05	1.9087294390381618372e-05	2.4067628131007634572e-05	-4.3561677425466530263e-05	2.7604473269681049279e-05
3	-7	-2	-6.6481466252998352336e-06	-3.5235058897813876122e-05	-6.4641120465613087709e-06	-1.5122537668064623854e-05	1.2652172225014828271e-05	7.629349150537031113e-08
3	-7	-1	1.7801506074224516624e-05	1.080220616993136305e-05	3.4061562419863830736e-06	8.5071689584246081885e-06	2.9561424528768869203e-05	-2.714356419917816817e-05
3	-7	0	5.8215106017105661747e-05	-2.8712118132356264655e-06	2.4949331150188140265e-05	-1.2305193485295541995e-06	8.2806892122320047969e-05	-4.626146343953595674e-05
3	-7	1	5.2250644671159523309e-05	-2.6003407034809203428e-05	2.3678077375065460525e-05	-2.9632498394818371405e-06	8.9946076119796520572e-06	5.7267472228054747759e-05
3	-7	2	-2.6228354411335237222e-05	4.0356459733194009645e-05	7.8747996844054353818e-06	2.0778470439932089674e-05	6.6904330512421883058e-05	1.2189956939971307863e-05
3	-7	3	1.9945373346340950404e-05	-6.7538252319092705717e-05	-3.529684878747149815e-06	-4.7495627976432571685e-05	-2.8181304730084299126e-05	-4.3284879625916641767e-05
3	-7	4	-1.3268757782071923554e-05	1.094802088797396687e-05	-1.4568174129076909092e-05	1.6604145744790766988e-05	-1.5542736389330648669e-05	2.0846239387403366652e-05
3	-7	5	2.7777070428209927239e-05	-1.2605964547398407371e-05	9.3408965194283669851e-06	-2.0622489102365816567e-05	-3.5889871297262427335e-06	-2.1307906014873098432e-05
3	-7	6	-2.5771903861948016249e-05	-4.2802811763565927245e-05	-6.3520132787035002623e-06	-1.0269455478025277327e-05	5.4752697724865907281e-06	9.4203744907534739725e-06
3	-7	7	1.0727172538444675024e-05	1.8563681389956954919e-05	-2.5015877653156962614e-06	2.8849747505985825173e-05	-7.0989474246491279306e-06	2.0893884053147132628e-05
3	-7	8	1.7585179924369411626e-05	-1.3078741714004684245e-05	3.9342473717107389472e-06	-1.3310527557229466931e-05	-3.1519760213916330984e-06	-6.7421834698240271848e-06
3	-7	9	0	0	0	0	0	0
3	-7	10	0	0	0	0	0	0
3	-7	11	0	0	0	0	0	0
3	-7	12	0	0	0	0	0	0
3	-6	-12	0	0	0	0	0	0
3	-6	-11	0	0	0	0	0	0
3	-6	-10	0	0	0	0	0	0
3	-6	-9	0	0	0	0	0	0
3	-6	-8	-1.8294486054723374128e-05	-1.9227479791104864578e-06	-3.3685169860963517922e-05	6.2631349290127539674e-06	1.8403445125201373567e-05	-5.4183816889259977384e-06
3	-6	-7	-8.6703006945903328347e-06	1.0630358825989830776e-05	-2.6651020526470052893e-05	-8.8607218729867792657e-06	1.9127888725007043857e-05	1.215077253084145256e-05
3	-6	-6	3.5915891860141230044e-06	-1.7857913175388884458e-05	2.9940554000372545529e-05	-7.6270875885477387615e-05	-2.8144759407365486356e-05	6.7341919297782948774e-05
3	-6	-5	9.6841359097143544306e-06	2.4126126553763070165e-05	1.5816220442577582142e-05	9.0608643994822032203e-06	-1.3168982985264486929e-05	3.6026386528791969642e-06
3	-6	-4	6.1878463084203612376e-05	1.4058181917389970451e-05	4.9319308717919514327e-05	2.8430309029655784735e-05	-2.7570115763726562208e-05	-3.2101827106441201381e-05
3	-6	-3	7.5516286946485726497e-07	-3.2168840214392508065e-05	-3.2645509771451077455e-06	-2.4851427903019288512e-05	7.2842648237550729678e-06	1.753401559164606896e-05
3	-6	-2	4.2335049662266946162e-06	-4.8466480865169934706e-05	1.2686953785593966818e-05	-2.5682244815822459651e-05	-3.1710603907441855566e-05	4.3470131497124718116e-06
3	-6	-1	1.77246004287954469e-05	8.5560169623930096327e-05	7.829083520327519339e-06	4.6536654649107922629e-05	6.1993001644212204291e-06	-2.2539419022857223076e-05
3	-6	0	1.6584777611433969925e-05	-1.941223519382816477e-05	8.2923888057169849625e-06	-9.7061175969140823849e-06	4.8307866227757461741e-05	0.00011490390829038297713
3	-6	1	4.7173978303476745615e-05	0.00012971606169919324271	1.6633064625890747409e-05	6.3676925316399394746e-05	-4.1723547155085772718e-05	-7.0866331991833571034e-06
3	-6	2	6.0303091490726624447e-05	-6.5885860827542830354e-05	3.4602709772372648961e-05	-3.1800216748089820469e-05	1.3353492081028000047e-05	3.4281409970447820043e-06
3	-6	3	-4.1435503935405691863e-05	-7.1429022777499365671e-05	-8.4002465626736382936e-06	-9.4307265461797472154e-05	2.4635010810058418664e-05	-0.00011718550814609559219
3	-6	4	-2.3945810302181935714e-05	6.5460478666419381053e-05	3.7188408896248915524e-05	5.982996560232642884e-05	7.3741971071009828459e-05	4.064958940367510747e-05
3	-6	5	-5.4667553385889978848e-05	-3.1639388073143471375e-05	9.4900619503077484886e-06	-1.5695432081112579482e-05	4.4188606371903288883e-05	1.4911434655098474677e-07
3	-6	6	3.8597043748080639888e-06	6.1944222210639268136e-06	4.5849405014506928812e-06	1.30329453191575252e-05	2.6550883140466608868e-06	9.9357342086255617933e-06
3	-6	7	1.6548761927166512613e-05	1.2391506275781401304e-05	-1.9849508248787402383e-05	9.8673080539941285266e-06	-2.4106190753460566043e-05	3.1470470709457944136e-06
3	-6	8	4.4498858910668699841e-06	1.4428427844815695688e-05	-1.1056594203251891913e-05	2.6078329984956189418e-05	-9.9611528615889958138e-06	1.4148087046911256604e-05
3	-6	9	0	0	0	0	0	0
3	-6	10	0	0	0	0	0	0
3	-6	11	0	0	0	0	0	0
3	-6	12	0	0	0	0	0	0
3	-5	-12	0	0	0	0	0	0
3	-5	-11	0	0	0	0	0	0
3	-5	-10	0	0	0	0	0	0
3	-5	-9	0	0	0	0	0	0
3	-5	-8	4.743653912811868903e-06	-2.7060209367893209276e-05	1.8857053595015787594e-05	-8.2915671002798190615e-06	-1.000678827958041662e-05	-4.9653490752850672004e-06
3	-5	-7	4.8209251834782198271e-06	-1.0337282483122590435e-06	-1.9390157854880871999e-05	-4.8998764656450731356e-06	1.5916223546405573606e-05	3.0568853690412272984e-06
3	-5	-6	7.0022487919461738745e-05	-5.2128958182499826794e-06	-9.8547707971699464862e-07	-1.5060450120804612224e-05	3.5832474859495026321e-05	9.9439271915455187056e-06
3	-5	-5	1.7755412239855731453e-05	2.3097274182888831976e-05	-1.6104681803197497909e-05	2.3363012705425754761e-05	2.6757929147110936781e-05	-9.5046481956924545588e-06
3	-5	-4	8.560088738815099823e-06	2.5509073931532778474e-06	-3.7557794683699909341e-06	1.8983429106966042484e-05	1.1114790889573813323e-05	-2.1816105838842595778e-05
3	-5	-3	-5.2009197808171043608e-05	8.3393601295338911348e-05	-2.9299209436433069014e-05	2.7773505906004297174e-05	-3.177182080782594969e-06	3.7104424785331742616e-05
3	-5	-2	-1.0934931885812890426e-07	3.5760291661791516484e-05	-3.2628094183295372217e-05	2.5871463302470691593e-05	8.1406211479951239799e-05	-1.1038220763489450869e-05
3	-5	-1	-3.0378863605554547189e-05	-9.9322136026832750968e-05	-3.1806867220542075277e-05	-5.428863923874087177e-05	6.7897745286046748371e-05	-2.6523211886793866951e-05
3	-5	0	-4.821990285130431863e-05	-0.00019755698962642008129	-2.89319417107825905e-05	-0.0001185341937758520542	0.00016459623499408683293	1.4126080478938376838e-05
3	-5	1	9.7981670782983827932e-05	1.9210887355602155013e-05	8.5679599833125095879e-05	-6.1871668194061877109e-06	0.0001344529868166739956	-8.8568496163837401899e-05
3	-5	2	5.0116399733474898242e-06	-6.6001017041808374293e-05	-1.7566472256651052836e-05	-7.8946195196542549746e-05	-5.1433640601648868943e-05	-9.8363962428643826478e-05
3	-5	3	-5.6909134245924970926e-05	-6.0008479730499017383e-05	-7.5467289994987090556e-05	-5.7469988064076976046e-05	-6.8869682412386846668e-05	-3.5774833709629280545e-05
3	-5	4	6.3305679307101026258e-05	-6.4141804427718540372e-06	4.7052180493749750539e-05	4.6572749218101439073e-05	1.1335966136861420174e-05	6.3026571854705694875e-05
3	-5	5	-7.0782550850906774973e-06	2.050391759433929046e-05	4.0515603239494202297e-06	2.9023618071128412998e-05	8.2985133750038262199e-06	1.67212675145248394e-05
3	-5	6	-8.0715946179084218677e-06	-1.5407574006098420595e-05	1.1037616988119343766e-05	-2.3000264167245346452e-05	1.3233811465720331021e-05	-1.1463099802988578412e-05
3	-5	7	-1.2952683846427559937e-05	-4.6910365540859256237e-05	-2.2808093873571612888e-06	-4.3318053564523253799e-05	3.9220006574995538222e-06	-1.0837024457148359362e-05
3	-5	8	-1.4856072523535265859e-05	-1.9108674260937153774e-05	-9.4070089085743446812e-06	-2.5280742288641877471e-05	-3.0835337153324014642e-07	-8.6347110825497394836e-06
3	-5	9	0	0	0	0	0	0
3	-5	10	0	0	0	0	0	0
3	-5	11	0	0	0	0	0	0
3	-5	12	0	0	0	0	0	0
3	-4	-12	0	0	0	0	0	0
3	-4	-11	0	0	0	0	0	0
3	-4	-10	0	0	0	0	0	0
3	-4	-9	0	0	0	0	0	0
3	-4	-8	-3.7443885732385392615e-05	1.762851939171254572e-05	-7.8938734920084016258e-06	-8.1879761651222929627e-06	-1.0094520403640321418e-05	1.0704682854453352397e-05
3	-4	-7	-1.5715501531188247434e-05	3.0751953691787809589e-06	2.7668386390772293349e-05	2.645028150176390467e-05	-2.2545721450950556965e-05	-1.3796505699931324994e-05
3	-4	-6	2.4340985070649685091e-05	2.6628124741928517434e-05	-1.2144297763158342181e-05	2.2352323172279134675e-05	2.0266691044097069537e-05	-1.5874864105551645412e-06
3	-4	-5	3.630124820069264782e-05	-8.3319406978867957439e-05	4.7422701411181829301e-05	-2.0888340021094776837e-05	-1.6157412208529877459e-05	-3.3280972170444955704e-05
3	-4	-4	9.015901508799955015e-05	1.5949920434726547349e-05	-2.8084150111585373834e-05	1.3131089273741876661e-06	9.5703411427585036446e-05	1.0649331398670721787e-05
3	-4	-3	8.9540985082449666365e-05	-4.7091991215156740822e-05	6.6058405689548940786e-05	-2.3138066995246994213e-05	1.4631108297177452459e-06	-1.6241235221494079613e-05
3	-4	-2	0.00016079461444603568342	-0.00011104172056122728579	3.2935541097767445217e-05	-7.792481336433377875e-05	0.0001753208394735186618	-1.0712954113173366101e-05
3	-4	-1	2.1448224251328120967e-05	3.7665802998185820747e-05	1.6938667064214456124e-05	1.9154626941158161126e-05	-3.4099955028734548206e-06	3.6378901229924810962e-05
3	-4	0	5.4955107790757695273e-05	-1.5152559206412511e-05	4.1216330843068273149e-05	-1.1364419404809382826e-05	1.8822592076837187515e-05	-7.2811764480039810159e-05
3	-4	1	4.1978244320983803888e-05	-3.5183663114215168143e-05	-3.3499998336624079653e-06	-2.3110944006038070588e-05	-0.00013933473229760104861	1.3107213318493208523e-05
3	-4	2	0.00014119307877303902371	2.4601203175192775605e-05	0.00011798529151447715191	-4.772807014140386918e-06	2.4180964869395758099e-05	-4.644741879106993555e-05
3	-4	3	-1.5054431885071398693e-05	-4.8207075113080734394e-05	3.6231890528660415352e-05	-5.1040321331409220528e-05	6.3363619256618622551e-05	-1.9846686662131559644e-05
3	-4	4	5.7663305058051248203e-05	-8.0977338619981803659e-06	9.4208933178245671822e-06	1.2720485235190126207e-05	-3.3826585475713867276e-05	1.8793785631688761058e-05
3	-4	5	2.2873495970055074118e-05	7.0896907785873971371e-05	-3.6665767873341004808e-05	5.5629687680815626365e-06	-4.3056711880705848317e-05	-3.808776965705913068e-05
3	-4	6	2.2638775589736978225e-05	1.6837208865473241324e-05	-3.3907701492113116707e-06	3.4336810066917364986e-05	-1.3579901227676030226e-05	1.4472602278541622662e-05
3	-4	7	-1.7673431977576097083e-05	1.6774400505567772427e-05	1.0387238456877223743e-05	1.7432130825510349043e-05	1.3509892822891026603e-05	2.7721888264768691994e-06
3	-4	8	-2.2829586105028826882e-05	-4.8243489740527783133e-06	-8.7191995519705549702e-06	-1.2331991343136731749e-05	4.2014950134005321723e-06	-4.3568648062985733716e-06
3	-4	9	0	0	0	0	0	0
3	-4	10	0	0	0	0	0	0
3	-4	11	0	0	0	0	0	0
3	-4	12	0	0	0	0	0	0
3	-3	-12	0	0	0	0	0	0
3	-3	-11	0	0	0	0	0	0
3	-3	-10	0	0	0	0	0	0
3	-3	-9	0	0	0	0	0	0
3	-3	-8	5.7593616623503323215e-06	6.0440265848506785181e-06	-2.3320511528133975259e-05	-1.0145848389425318539e-05	1.0904952446431615237e-05	6.0712031153534981552e-06
3	-3	-7	-2.6877280750725361734e-05	-4.4581355249512511212e-05	2.9416300905805729186e-05	-7.3156465444547458986e-06	-2.4125820709941894656e-05	-1.5971018016453326297e-05
3	-3	-6	9.9238102143622604904e-06	-2.3165656048859357903e-05	2.1502157355619066028e-05	-1.1754282113570112541e-05	-5.7891735706284027689e-06	-5.7056869676446226813e-06
3	-3	-5	3.4512714691192590685e-05	7.1946551336615866229e-05	6.0401277580864320147e-05	-5.9754561977092944135e-05	-1.553313773380303971e-05	7.9020667988225279442e-05
3	-3	-4	-1.660360705378534249e-05	-6.0028392423908291632e-05	-6.1824770840606754914e-05	-5.8640621576498985518e-05	3.3915872840116057625e-05	-1.0408281355569797968e-06
3	-3	-3	0	0	0	0	0	0
3	-3	-2	0	0	0	0	0	0
3	-3	-1	0	0	0	0	0	0
3	-3	0	0	0	0	0	0	0
3	-3	1	0	0	0	0	0	0
3	-3	2	0	0	0	0	0	0
3	-3	3	0	0	0	0	0	0
3	-3	4	0.00017235389416546964829	2.5273310531697534283e-05	8.620160096182600813e-05	1.5762641119429435802e-05	-6.4614219902732743673e-05	-7.1330020592010747081e-06
3	-3	5	4.6060492240151271128e-05	-5.0988200488303354744e-06	4.7915816862709097808e-05	-6.7740975420924585699e-05	1.1131947735346963047e-06	-3.7585293223256554878e-05
3	-3	6	4.2936208868357088992e-05	-2.9687928438153955864e-05	-3.9022577916085700756e-05	-3.7183269759988570795e-05	-4.0979393392221394874e-05	-3.7476706609173074652e-06
3	-3	7	-2.5266261026281457719e-06	-3.3126329836786476203e-06	-3.2889471653858516522e-05	2.0272814370363589247e-05	-1.3012648093384443276e-05	1.0108048866018101575e-05
3	-3	8	2.1702979677275518067e-05	-2.6783884372345660561e-05	-1.2446696617392555401e-05	2.842093537890989579e-05	-1.2806128610500527339e-05	2.0701807406720834902e-05
3	-3	9	0	0	0	0	0	0
3	-3	10	0	0	0	0	0	0
3	-3	11	0	0	0	0	0	0
3	-3	12	0	0	0	0	0	0
3	-2	-12	0	0	0	0	0	0
3	-2	-11	0	0	0	0	0	0
3	-2	-10	0	0	0	0	0	0
3	-2	-9	0	0	0	0	0	0
3	-2	-8	-3.2565760751091944167e-06	3.6838726546908629736e-05	-1.0236683152666236778e-05	-1.8136699463147484308e-05	1.3379547600006114999e-06	1.8348697320877606381e-05
3	-2	-7	1.2883575986524043732e-05	2.579666785770893316e-05	-2.0948387798673652965e-05	-3.0377911056204772344e-05	1.1506786222417061963e-05	1.973511795507662108e-05
3	-2	-6	-1.0552899429254946487e-05	2.9798205979499937674e-05	-6.7671299999450367489e-05	4.6766652803493030601e-05	1.7280650285189313943e-05	-6.8978127808104284546e-07
3	-2	-5	-4.0208567477337112724e-05	0.00012758896688251818098	-5.1069553823815097744e-05	2.652279115247751617e-05	-3.6973189568762283676e-06	6.5944263668519896701e-05
3	-2	-4	-6.4019937643610783117e-05	-6.4188294923269538094e-05	-7.2524923379821212171e-05	-7.5156156006504410186e-05	-1.1752491542797482947e-05	-1.0563143189199941701e-05
3	-2	-3	0	0	0	0	0	0
3	-2	-2	0	0	0	0	0	0
3	-2	-1	0	0	0	0	0	0
3	-2	0	0	0	0	0	0	0
3	-2	1	0	0	0	0	0	0
3	-2	2	0	0	0	0	0	0
3	-2	3	0	0	0	0	0	0
3	-2	4	-7.9688650784858863535e-05	-4.5541917323252009643e-05	0.00012958599108185800712	-4.0578181151073569512e-05	0.0001245594836295731546	1.3867347416902219088e-05
3	-2	5	-5.3505752505718175735e-05	-3.7387530776039893299e-05	-1.8566377399510912156e-05	-1.3061237295303812785e-05	2.4676900543626539223e-05	1.7208023547502410188e-05
3	-2	6	-3.1566080921971823535e-05	8.514539305663774624e-05	6.0747986813268247322e-06	1.1976356337056280808e-05	1.7807973354761520859e-05	-3.8580577749300115674e-05
3	-2	7	-2.3273593680127399873e-05	-8.6671415699381287065e-06	-6.8540254329464665186e-05	-4.1766425824849000715e-05	-9.6085325169353041512e-06	-8.2187752771262307587e-06
3	-2	8	-8.2101351887962869099e-06	3.0988651350107119381e-05	-1.4835083622076092089e-05	7.0645626932801109245e-05	-6.2997020972041532509e-07	6.0406624769101092373e-06
3	-2	9	0	0	0	0	0	0
3	-2	10	0	0	0	0	0	0
3	-2	11	0	0	0	0	0	0
3	-2	12	0	0	0	0	0	0
3	-1	-12	0	0	0	0	0	0
3	-1	-11	0	0	0	0	0	0
3	-1	-10	0	0	0	0	0	0
3	-1	-9	0	0	0	0	0	0
3	-1	-8	1.8222625224530960745e-05	4.6333991902334125052e-05	-5.9014276401524636475e-06	9.4693648306890318552e-05	7.5711629142181681294e-06	5.5385409250140070755e-06
3	-1	-7	2.3321505522114426262e-05	-1.8706632371571035281e-05	-5.2602246513699597508e-08	3.7132599522946142356e-05	1.0002445544693853158e-05	-1.3321785233951320687e-05
3	-1	-6	1.7707771809917126419e-05	4.6617659349333274315e-05	-8.2441399814720578741e-06	-4.0265876177786406181e-05	1.0227909235203905906e-05	3.0019809037631039317e-05
3	-1	-5	-7.5044099278669685054e-05	-7.5828117925565816809e-05	7.5092150083596841668e-05	1.190221512349340099e-05	-6.004488958392117801e-05	-4.7877313780038176043e-05
3	-1	-4	1.9466578128634049437e-05	-2.6158698675396094957e-05	6.4802934761500023274e-05	5.5995921992581916359e-06	-1.6008000938994706469e-06	-2.1018922056361619551e-05
3	-1	-3	0	0	0	0	0	0
3	-1	-2	0	0	0	0	0	0
3	-1	-1	0	0	0	0	0	0
3	-1	0	0	0	0	0	0	0
3	-1	1	0	0	0	0	0	0
3	-1	2	0	0	0	0	0	0
3	-1	3	0	0	0	0	0	0
3	-1	4	-0.00015484482455549588653	3.758177937110961509e-06	6.5717182104828688119e-05	-1.1758321189777975444e-05	0.00013256291394282910048	-5.7582137502777153102e-06
3	-1	5	-2.9784472232139786791e-05	3.4376475019782424213e-05	3.6780098227481050383e-05	-1.0298648100537782441e-05	2.5226702984780080118e-05	-2.2685614631977011355e-05
3	-1	6	-5.173023065551930294e-05	1.9348734702910080809e-05	-4.8067560800821808775e-05	9.6517296181236574205e-06	1.7853855194289350007e-05	-8.0657457484344305523e-06
3	-1	7	1.2044127111856197209e-05	8.486822069277976001e-06	4.5537389430032127532e-05	4.0420042537436845942e-05	1.3435725849233618485e-06	2.13708233280041703e-06
3	-1	8	4.2923280535946288619e-07	4.5040257211078549217e-05	-1.1014497563034602047e-05	-3.9738763762435828312e-05	-1.5377744973891238051e-06	-2.1857441924458935342e-05
3	-1	9	0	0	0	0	0	0
3	-1	10	0	0	0	0	0	0
3	-1	11	0	0	0	0	0	0
3	-1	12	0	0	0	0	0	0
3	0	-12	0	0	0	0	0	0
3	0	-11	0	0	0	0	0	0
3	0	-10	0	0	0	0	0	0
3	0	-9	0	0	0	0	0	0
3	0	-8	4.2208186423858731068e-05	-3.0786175557558666786e-06	-1.5945316313720822311e-05	-4.5641224822507777423e-05	1.582806990894702415e-05	-1.1544815834084500045e-06
3	0	-7	-5.9274115010255952766e-05	-3.6018132725560095416e-05	-2.51834786626237477e-05	-1.7405626392866196088e-05	-2.5403192147252550218e-05	-1.5436342596668610385e-05
3	0	-6	3.2313883605734838812e-06	-5.4599217824005804797e-05	1.7578818993402745442e-05	-3.7280986861048014743e-05	1.6156941802867419406e-06	-2.7299608912002902399e-05
3	0	-5	7.4450693963193205287e-05	-9.1776247529632679111e-05	-2.3367070976988282496e-05	-6.0437173114362084715e-06	4.4670416377915928593e-05	-5.5065748517779607467e-05
3	0	-4	-1.9270598371177466857e-05	0.00016334620593005816651	8.6671037528141372033e-05	-6.2196038556862603269e-05	-1.4452948778383100143e-05	0.00012250965444754363166
3	0	-3	0	0	0	0	0	0
3	0	-2	0	0	0	0	0	0
3	0	-1	0	0	0	0	0	0
3	0	0	0	0	0	0	0	0
3	0	1	0	0	0	0	0	0
3	0	2	0	0	0	0	0	0
3	0	3	0	0	0	0	0	0
3	0	4	0.00012869507158667648763	0.00011159069056810986447	0.00034338944002125184512	-0.0001289374663718212367	-9.6521303690007379276e-05	-8.3693017926082398351e-05
3	0	5	-0.00015371680074717476109	6.5978225238945195489e-05	4.9332557879055947687e-05	-7.6018285146690591425e-05	9.2230080448304853943e-05	-3.9586935143367117293e-05
3	0	6	-3.4476287224154115074e-05	-8.4858463593493705323e-05	6.2285262287013903079e-05	1.1450907496130708625e-06	1.7238143612077057537e-05	4.2429231796746852661e-05
3	0	7	-2.6626516721472832353e-05	7.8142425898766078302e-06	-9.0461728406565600994e-05	1.2290195418134373075e-05	1.1411364309202642195e-05	-3.348961109947117823e-06
3	0	8	2.2981129703922094403e-05	1.9970844470923954583e-05	-6.34082326626919198e-06	3.5630389222495958447e-05	-8.6179236389707849776e-06	-7.4890666765964829685e-06
3	0	9	0	0	0	0	0	0
3	0	10	0	0	0	0	0	0
3	0	11	0	0	0	0	0	0
3	0	12	0	0	0	0	0	0
3	1	-12	0	0	0	0	0	0
3	1	-11	0	0	0	0	0	0
3	1	-10	0	0	0	0	0	0
3	1	-9	0	0	0	0	0	0
3	1	-8	5.1356960271203929257e-06	-6.9466066414061440441e-05	1.6661926782137634849e-05	-2.8587287119405435968e-05	4.0086268579373515974e-06	-2.9623185795198718814e-05
3	1	-7	3.7831472755509961878e-05	4.0682446232650502145e-05	-5.3584678468602433394e-05	4.7125981093596968339e-05	8.5585342568467788916e-06	2.4167617113078351603e-05
3	1	-6	3.2208959543308390036e-05	-7.0613660764934272184e-06	-1.322376229258195434e-05	1.980831518635150636e-05	1.3900519389557202063e-05	-2.292971738547960148e-07
3	1	-5	-7.8190657392850153014e-05	5.4613303436071943995e-05	6.559658807714791864e-05	-3.7322532248367442666e-05	-3.379507682028050808e-05	2.5303475611969677186e-05
3	1	-4	-3.8212148216765391695e-05	-0.00010118753200845462953	0.00017983815662356772078	8.4098534420207584402e-05	1.6300427993317889811e-05	-5.4866015401289082822e-05
3	1	-3	0	0	0	0	0	0
3	1	-2	0	0	0	0	0	0
3	1	-1	0	0	0	0	0	0
3	1	0	0	0	0	0	0	0
3	1	1	0	0	0	0	0	0
3	1	2	0	0	0	0	0	0
3	1	3	0	0	0	0	0	0
3	1	4	5.2058467471513479824e-05	5.1467284928900311892e-05	1.6238605999923384603e-05	-1.7394392017962721563e-05	-4.3103502103615951783e-05	-3.4251865692184557764e-05
3	1	5	6.370871238784647447e-05	2.539436291373584119e-05	2.4808106218315200461e-05	-5.1853378213730807566e-05	-4.3186848676370922064e-05	-4.8659421054953440477e-06
3	1	6	2.2682793031910129843e-05	-2.9800232136392508546e-05	1.0047990331156255505e-05	-3.826158150953757654e-05	-1.3016061571147774455e-05	2.1277046319785849799e-05
3	1	7	-3.097676665048761693e-05	-1.0325424921320128843e-05	0.00011447374674338507683	-4.9432379836653053619e-05	-3.077635255988888164e-06	1.1486950657230490723e-05
3	1	8	-4.9794747750084525514e-05	2.5338966022385565771e-05	1.7795377105180873481e-06	-4.9293426446388432507e-05	1.8450588192466935752e-05	-3.3404339525960339478e-06
3	1	9	0	0	0	0	0	0
3	1	10	0	0	0	0	0	0
3	1	11	0	0	0	0	0	0
3	1	12	0	0	0	0	0	0
3	2	-12	0	0	0	0	0	0
3	2	-11	0	0	0	0	0	0
3	2	-10	0	0	0	0	0	0
3	2	-9	0	0	0	0	0	0
3	2	-8	-1.3931471145480904842e-05	4.3974823823417622025e-06	-7.284963604460192395e-06	-2.7993399075792659855e-05	-7.0455425806703880499e-06	-5.3492938755700045612e-06
3	2	-7	-4.1425515942179005652e-05	-3.6633359358391900083e-05	6.4904039734253377351e-05	-9.6660556762339109254e-06	7.9021880599567759205e-07	-1.8461741346806217443e-05
3	2	-6	-1.4632658331765212355e-05	6.2930589964743598153e-05	6.0866752662740973578e-05	-5.5789339345429080162e-05	1.2972588388364386709e-05	1.2868848533895438458e-05
3	2	-5	-9.6565664609234922984e-05	-0.00011043143339849664309	6.9437239641530936331e-05	-3.1129044401270826979e-05	-3.0164502908928576548e-05	-7.8710477799606313933e-05
3	2	-4	-9.7704466605775690041e-05	-6.9927354108047310843e-05	-2.7864025537456816033e-05	3.458453522305502347e-05	-8.7210362723060165383e-05	-3.5153247969507964621e-05
3	2	-3	0	0	0	0	0	0
3	2	-2	0	0	0	0	0	0
3	2	-1	0	0	0	0	0	0
3	2	0	0	0	0	0	0	0
3	2	1	0	0	0	0	0	0
3	2	2	0	0	0	0	0	0
3	2	3	0	0	0	0	0	0
3	2	4	4.9265854872442688388e-05	0.00010521789936383929413	-2.960506675773209238e-05	-4.8478197752500856276e-05	-2.2146857775465966713e-05	-5.4674325646629039069e-05
3	2	5	-4.0113973649881160327e-06	7.2685372337489941095e-05	1.3608745312898860223e-05	2.5957109460765601799e-05	-3.0366597061666747238e-06	-5.3994067186800209443e-05
3	2	6	-2.334550570366199137e-05	9.0842633507724952248e-05	-4.3850588049195284371e-05	4.2887140129229764395e-05	2.6289615534896089346e-05	-5.9717030130272393072e-05
3	2	7	8.8742108703543203726e-07	-2.8982279044926991278e-05	5.1124598351595783188e-05	1.3371370602115173059e-05	-1.4987351423471122623e-05	8.6005851329358046854e-06
3	2	8	-1.7482251928716887603e-05	-3.3118908482484495949e-05	-2.0721581271247379658e-05	5.7493472075824689709e-06	1.1736239791080677766e-05	1.0982253879036067468e-05
3	2	9	0	0	0	0	0	0
3	2	10	0	0	0	0	0	0
3	2	11	0	0	0	0	0	0
3	2	12	0	0	0	0	0	0
3	3	-12	0	0	0	0	0	0
3	3	-11	0	0	0	0	0	0
3	3	-10	0	0	0	0	0	0
3	3	-9	0	0	0	0	0	0
3	3	-8	-4.8061443712649385925e-05	-3.6161816614419675458e-05	-1.3978748199004030313e-06	1.7027999054625531734e-05	-1.8547244449706171203e-05	-7.1751815849228030493e-06
3	3	-7	3.0096029605976335977e-05	5.8629032032395945442e-05	-3.0417151056535300508e-06	-5.2156125652219891171e-05	1.1594706214424058594e-05	2.7741027343611657531e-06
3	3	-6	-1.4203773860699536035e-06	2.6014942563521460661e-05	-4.2368201826136137663e-05	2.7390558344531349322e-06	-2.1894289606103046163e-05	1.4376999198987297797e-05
3	3	-5	6.5542468512036949945e-05	-9.86826300115865076e-05	-3.9658546371212025506e-05	0.00013218620131583532417	1.5530353284494949242e-05	2.0102142782549284523e-05
3	3	-4	-5.1096789739557522416e-05	-8.3705380852246914661e-05	-2.8616805717456846009e-05	-6.332499331663668594e-05	-5.978519659276077886e-05	-0.00011027278062666270723
3	3	-3	0	0	0	0	0	0
3	3	-2	0	0	0	0	0	0
3	3	-1	0	0	0	0	0	0
3	3	0	0	0	0	0	0	0
3	3	1	0	0	0	0	0	0
3	3	2	0	0	0	0	0	0
3	3	3	0	0	0	0	0	0
3	3	4	7.5722737872256951921e-05	7.1493304325906083729e-05	-5.9201592043241476411e-05	-1.0243031458905162693e-05	-1.2390859371761606632e-05	-4.5937704650250683154e-05
3	3	5	3.1589934896660526551e-05	-3.0778413064488113651e-05	2.1878271082347159152e-06	-6.8512936810925217901e-05	-2.0266657202937143531e-05	5.9574809925247998931e-05
3	3	6	5.8885741487763641289e-05	-2.3339266966758455447e-06	-2.4257180725574271278e-05	-3.8340497485964399548e-05	-1.7314280381094685005e-05	2.0337212091320124876e-05
3	3	7	2.6603002240700446008e-05	-6.4883148570037288435e-06	-7.0186269725902648922e-07	-9.538324238501859242e-06	-1.1100488375760609046e-05	6.868559612359537751e-06
3	3	8	1.7455020642936759867e-05	-2.1994361905647001083e-05	3.1454795382644818575e-05	-6.2960191760704083911e-06	-1.8341181009593093186e-05	1.0608892905644029824e-05
3	3	9	0	0	0	0	0	0
3	3	10	0	0	0	0	0	0
3	3	11	0	0	0	0	0	0
3	3	12	0	0	0	0	0	0
3	4	-12	0	0	0	0	0	0
3	4	-11	0	0	0	0	0	0
3	4	-10	0	0	0	0	0	0
3	4	-9	0	0	0	0	0	0
3	4	-8	9.2262636365111554653e-06	-8.2173651574413490684e-06	-1.2368355734936322681e-05	2.8201481927581188567e-05	-2.7243290037764774058e-06	1.1019229029750087959e-05
3	4	-7	-2.3585002705986905504e-05	4.3313862263855975546e-05	2.6479052642582199872e-05	-2.7535208302641896036e-05	5.0230289217668699648e-06	2.8286790830000488671e-06
3	4	-6	-6.7715540664831805014e-05	-2.3689021637942309052e-05	1.1728027273002622759e-05	-2.3298469831592542043e-05	-2.6039085483747487334e-05	-2.7376824040032848092e-05
3	4	-5	-3.9577331470344186454e-06	-0.00010039562963233124803	2.3423275073992906793e-05	5.370125586145773933e-05	1.6363980170973674755e-05	-1.7276373090232562097e-05
3	4	-4	-9.8663013141646286751e-05	5.8785832650356324887e-05	-1.2547612951938947896e-05	3.1752531707618638561e-05	-8.6544872808173652795e-05	7.5841906195385882226e-05
3	4	-3	3.1719850371440871993e-05	-1.92167488925346964e-05	3.798054958858857512e-06	3.8357181872405020254e-05	3.6783923649919349241e-05	3.1926160270671997271e-05
3	4	-2	-9.8469708420085751697e-06	-0.00022507506308977429945	8.1197672360868629608e-05	0.00017154832830956203652	0.00014762488845872440493	5.484061984462660292e-06
3	4	-1	-3.3591992527456507659e-05	0.00016213247099999651755	5.5047263814200509671e-05	-0.00013367793581537884356	0.00011941307767443252248	-4.8314330261525828341e-05
3	4	0	-6.6471893970847483997e-05	-0.00012048112870483940282	4.9853920478135612998e-05	9.0360846528629552117e-05	0.00019784815584258119724	-0.00022277584281653943997
3	4	1	5.2604902063677389684e-05	6.31340084741460766e-05	-5.6822977201941827997e-05	-6.5576260030028864527e-05	6.9477202616735129386e-05	7.2903014697677228305e-05
3	4	2	-6.0331551776519144531e-05	9.7057989910578193796e-05	-3.3822951101073504626e-05	-7.43842135071502849e-05	0.00015814322986692572605	3.1814421484332854586e-06
3	4	3	0.00015581868567086807004	7.6401276845977622977e-05	-7.9281240413651242059e-05	6.2098683491071936065e-06	-5.0110365119333069334e-05	-8.468110131145387999e-05
3	4	4	3.083193359575079343e-05	6.5005181984920966712e-05	-1.3584697074540204483e-05	1.5566525132124707878e-05	-9.5392531222728905901e-06	-6.4320411620815429524e-05
3	4	5	-5.6188574013931545507e-05	-5.4927838510199951936e-05	9.4536918653883965369e-05	1.2899911042775604323e-05	-4.1916390514748240925e-05	2.263677427189948567e-05
3	4	6	-3.8342169631768545086e-05	1.0093278242565179397e-05	-3.2713885600241194912e-05	-2.2530044070019954671e-05	4.0980341882711740335e-05	9.9733902587307142625e-06
3	4	7	-2.7375293018494418378e-05	1.2936977672379805631e-05	-4.813679982363924597e-05	-2.9982268399184122405e-05	3.9239011192862888384e-05	1.158830579708529562e-05
3	4	8	-1.4121803789409491435e-05	-5.6066835943355855895e-06	3.374956717857064835e-05	-2.7381451509722279905e-06	-1.157910716825676404e-05	3.4715789233619585913e-06
3	4	9	0	0	0	0	0	0
3	4	10	0	0	0	0	0	0
3	4	11	0	0	0	0	0	0
3	4	12	0	0	0	0	0	0
3	5	-12	0	0	0	0	0	0
3	5	-11	0	0	0	0	0	0
3	5	-10	0	0	0	0	0	0
3	5	-9	0	0	0	0	0	0
3	5	-8	-2.9966757540446822258e-05	9.001325536131487461e-06	5.9788048045806227663e-06	8.1747455672762128596e-06	-7.5007810748046685885e-06	8.4847130555969412587e-06
3	5	-7	1.7993619259195959865e-05	-5.8910217584037508261e-05	2.479621286388042684e-05	6.5521059141134308204e-06	2.5423131728141429574e-05	-2.0567160454506480921e-05
3	5	-6	-3.084267598226406149e-05	-4.0959825558250239112e-05	2.0376430096705997901e-05	1.9817263462710791721e-05	1.5590204227896337486e-06	-3.9655265601994586593e-06
3	5	-5	5.2233685723902376541e-05	2.2075951887074064258e-05	-1.6917892237866832291e-05	4.5977664748464238298e-05	1.4422319196474597361e-05	5.922323588070867482e-05
3	5	-4	2.8146970746811061584e-05	1.2723424115276150886e-05	-4.5038923791631628706e-05	-3.3745096354707380898e-06	-3.5188426679431237154e-05	5.3244310421186904461e-06
3	5	-3	-2.8304458915510104363e-05	-5.7961278430976621444e-05	1.6326600805104799944e-05	2.3129963767709151235e-05	-1.0934575736687701348e-06	-1.9411338818128038311e-05
3	5	-2	-6.182305728827853944e-05	7.3298877652747964316e-05	3.7711864605180485746e-05	-2.2012469127313791904e-06	1.5450755805334032982e-06	0.00010444519919729348706
3	5	-1	-3.4437329560763846954e-05	5.6723734893768267993e-05	1.5522428677478369879e-05	-2.5930342286149230284e-05	-2.5699845294899698246e-05	4.0519493250558659338e-05
3	5	0	4.4329842778869832831e-05	2.520331821921854284e-05	-2.6597905667321899021e-05	-1.5121990931531125704e-05	-2.9611813473922535804e-05	-0.00017192623956876937038
3	5	1	0.00011208329748088130887	-1.1669505083462477184e-05	-5.6965285441780110485e-05	1.8328781003957918429e-05	-5.1423465233743394503e-05	-5.6635389769402153816e-05
3	5	2	2.3899789866033709947e-06	-4.0421292404963406338e-05	-1.0788912349907586443e-05	1.2179048893726871159e-05	2.3387312394863912156e-05	3.0184316373127932458e-05
3	5	3	1.5152949557557007483e-05	5.0188971361788368986e-05	3.3071708366134991365e-05	-5.5332234044441357167e-05	-7.0272463501115330943e-05	4.2031418712280557367e-05
3	5	4	-5.4863663386086221533e-06	-5.4497242171860862828e-05	-6.283315205140231174e-05	3.2221169328522349595e-05	8.2656214818209366242e-05	5.9646996824271457443e-07
3	5	5	9.2679275817051921761e-05	-2.4949993443792969395e-05	1.7422535364977972819e-05	-3.3345838529681812003e-06	-7.3030100855209123165e-05	1.8304579919243963007e-05
3	5	6	2.2446974543440556299e-05	3.8038156114701133354e-05	-3.6505151659078182824e-05	-2.2631970260866067062e-05	1.9197472444178206408e-05	-1.5910283996217624068e-07
3	5	7	-1.0381159778342254058e-05	2.7441055771239914791e-05	1.3690354123277520134e-05	-2.0920944701150973288e-07	-5.3297558973372628841e-06	-1.1611017154094599663e-05
3	5	8	1.7346480758547924158e-05	1.9370198212010818655e-06	-2.0089549843263588354e-05	9.6743569956554485267e-06	6.0510383675842698914e-06	-6.7728555552350616111e-06
3	5	9	0	0	0	0	0	0
3	5	10	0	0	0	0	0	0
3	5	11	0	0	0	0	0	0
3	5	12	0	0	0	0	0	0
3	6	-12	0	0	0	0	0	0
3	6	-11	0	0	0	0	0	0
3	6	-10	0	0	0	0	0	0
3	6	-9	0	0	0	0	0	0
3	6	-8	3.563994011142998297e-05	1.8677522321544527282e-05	5.6020823205210467448e-06	-1.6482664155353122381e-05	1.7566539282177027613e-05	-5.3579272459356440552e-06
3	6	-7	-1.7074531451216408038e-05	3.7905208998399591051e-05	1.5313238591388576469e-05	-2.4976668720059164522e-05	5.8079767420974628256e-06	-5.1634836178794573245e-06
3	6	-6	-2.2222392176611509968e-05	1.4523208397468881012e-05	3.3674110637449752859e-05	-1.417227389853319517e-05	2.2562914549144001263e-05	-6.9106696997987538173e-06
3	6	-5	-1.4584374254036891315e-05	5.3595142267103165724e-06	-2.363309280462216739e-05	-3.1930001802818258009e-05	-3.7110335917968736335e-05	-3.510029362735571899e-05
3	6	-4	3.0271569289855282912e-05	-3.0132328149514738371e-05	-2.7900973244295661202e-05	5.1975762078148066798e-05	-1.9147782899052029619e-05	5.5364397005086046419e-05
3	6	-3	7.2851327147460052643e-05	-3.9285852752377874045e-05	-2.6646691266902658928e-05	1.856710499713595206e-05	1.9557944613654738175e-05	-2.1516427581059724652e-06
3	6	-2	2.833525483445912643e-05	-5.7766784033407481049e-05	-1.1977562463580000086e-05	2.9358660214109540528e-05	6.5701948609486902347e-06	1.4258045922174027621e-06
3	6	-1	-4.8068707554073485512e-05	-5.4437774169930053779e-05	3.1186114581662445554e-05	1.9032221568201845375e-05	4.2910564827754216785e-05	-4.9119993100579082313e-05
3	6	0	-8.2766181821206718052e-05	-1.046235245646079894e-05	4.1383090910603359026e-05	5.2311762282303994701e-06	-1.3643230494950709736e-05	-7.4247388821853236608e-05
3	6	1	1.2250274254456021617e-05	-1.2141339501688009443e-05	-1.3705716726362440129e-05	-3.8583502467937896428e-06	4.5483477594806575922e-05	5.9574119985826764492e-05
3	6	2	1.3814003852540711318e-05	7.1317214286493817686e-05	-3.2154828172217373362e-06	-2.7454432701279969826e-05	-1.1074557327145855392e-05	-2.4612523325900810274e-05
3	6	3	1.1418151314203877868e-05	3.437093146652956359e-05	-1.5560274851755125059e-05	-2.1788837923025570337e-05	1.970239838930637225e-05	9.2067443795215787779e-06
3	6	4	1.2581378034843480581e-05	6.0325026914198293066e-06	2.5008486023317418978e-05	2.3619681538156035261e-05	-4.6948762561108738902e-05	-3.9953899325798925295e-05
3	6	5	9.7600881522594971809e-06	-1.1629655097617142139e-05	-1.341639091639550559e-06	-2.1834657705201906952e-05	-4.2460859813882372989e-06	3.3179382304812571932e-05
3	6	6	6.8849015404030418342e-05	1.4057348297111119115e-05	5.7346480465806505303e-06	-1.2678011889430147713e-05	-4.015915574859585716e-05	5.649337740874589003e-06
3	6	7	-4.648979489932784348e-07	2.2827209769371467067e-06	-3.4574848807236970436e-06	1.1686716422171867982e-05	3.1628004473317167952e-06	-1.0995494494834664304e-05
3	6	8	-3.0924094895050643146e-05	-1.8830453917919579601e-05	8.4794588977807925994e-06	-2.7211427622623591248e-05	5.2369414123083958833e-06	2.7469990936187534515e-05
3	6	9	0	0	0	0	0	0
3	6	10	0	0	0	0	0	0
3	6	11	0	0	0	0	0	0
3	6	12	0	0	0	0	0	0
3	7	-12	0	0	0	0	0	0
3	7	-11	0	0	0	0	0	0
3	7	-10	0	0	0	0	0	0
3	7	-9	0	0	0	0	0	0
3	7	-8	4.4059263710806465146e-06	-1.2499122992734152968e-05	3.9915126763154812909e-06	-2.2536111058311926008e-05	5.1447959809312886784e-06	-2.4406268298298240715e-05
3	7	-7	-5.5156507734802977759e-06	4.4026015834047236923e-06	1.1174631474225752228e-05	5.4819870227565663601e-06	8.8107811427341945864e-06	7.3688162727871623492e-06
3	7	-6	7.4791866885114309716e-07	4.194662076641394909e-08	1.7285349974179026059e-05	2.1563008752844667646e-05	2.0540200970967769235e-05	2.5177816855368654567e-05
3	7	-5	6.6522283193999981219e-06	-2.2247364042819617476e-05	7.5007577833310951182e-06	2.8945023685568109343e-05	1.4492397888303532039e-05	2.717461473410358124e-05
3	7	-4	7.4366223106550308184e-06	-4.5219655575471404713e-06	-4.857275951311399558e-06	2.1061842354082649023e-05	-2.9227661818036756892e-06	3.346674995148428319e-05
3	7	-3	8.1628975853717926641e-06	3.9439038912184424694e-06	-9.7599421115449618458e-06	8.7321811757577548458e-06	-1.4610300674899783847e-05	2.4318993301319871572e-05
3	7	-2	-1.8916289302332906815e-05	-8.2481236342250242914e-06	2.2009167136429972896e-05	-2.7845476713902645062e-06	4.8657651024005543219e-05	-2.2118102301203462209e-05
3	7	-1	9.4151106207207933322e-07	1.2205304174002306423e-05	-5.9142537198801991581e-06	-8.4065703255164571009e-07	-3.8575242852945160448e-05	3.0731313294145395064e-05
3	7	0	-1.2902522292174247912e-05	-3.5354055676656685769e-05	5.5296524109318206548e-06	1.5151738147138579373e-05	1.7143272649291546237e-05	5.0999160721021212766e-05
3	7	1	-4.6332247354408233081e-05	3.5171772527485577805e-06	1.8625456576580998365e-05	-8.9060948326581082269e-06	8.618546027157717468e-06	5.1791132070361082552e-05
3	7	2	-8.3030197668453094447e-05	3.8495585747869434862e-05	1.9555088261985520989e-05	-1.7398465193908725532e-05	5.6102487585730328372e-05	3.1512495568763857971e-06
3	7	3	-3.6340421629335843288e-05	-8.1456443298443215141e-05	1.5830382606603493069e-05	4.0208651226900928802e-05	-5.9713778607230847748e-07	-1.236374289765895263e-05
3	7	4	3.3087601138009050869e-05	-1.9985498116652552342e-05	-4.9762188880819332949e-06	-4.1021899604646774924e-06	-1.6107317799363404039e-05	2.2167956018302597962e-05
3	7	5	-3.2483985399883815619e-05	-1.010176558156234684e-05	4.216887658372724286e-05	-1.1302693230115268917e-05	-3.9546035977287857409e-05	2.1884829871098783233e-05
3	7	6	-6.7220057007846041873e-06	-2.9189060465195568715e-05	-2.2306126976587071126e-05	2.0114561239368555236e-05	2.9384817656410550893e-05	-8.8724578799988622888e-06
3	7	7	3.7529466414461617628e-05	-1.69027160211314294e-05	-8.4667373760108316738e-06	7.1873944077363652723e-06	-7.6173196587584339918e-06	5.6626744177104596159e-08
3	7	8	1.364128351049129166e-05	-8.7460668793631711194e-06	1.3409494187280383455e-05	1.3006450271530492109e-05	-1.6848788730304570954e-05	-8.1008689078279914252e-06
3	7	9	0	0	0	0	0	0
3	7	10	0	0	0	0	0	0
3	7	11	0	0	0	0	0	0
3	7	12	0	0	0	0	0	0
3	8	-12	0	0	0	0	0	0
3	8	-11	0	0	0	0	0	0
3	8	-10	0	0	0	0	0	0
3	8	-9	0	0	0	0	0	0
3	8	-8	5.9746534510474198353e-06	-2.3425986458003458064e-05	-1.2393033536860317251e-05	1.0336678756871713031e-05	-1.0152538492717536083e-05	1.5519338351204164693e-06
3	8	-7	-1.9943800428882349799e-05	-2.2248389551269355828e-05	1.1369777912352842474e-06	1.3176340089120241835e-05	-7.2479398509663968514e-06	5.5236502941648381705e-06
3	8	-6	1.0269008432947668877e-06	-3.9523947885680336297e-06	-1.4938594023069542701e-06	5.9083716097964674883e-06	-1.478362114761888881e-06	5.9016314187779402598e-06
3	8	-5	4.0016352359085944127e-06	2.2656874500060901782e-05	8.0901860947853535067e-07	1.2250434623956287043e-05	3.695410916710813124e-06	3.3194820098366604403e-05
3	8	-4	7.8217794991135689871e-06	-2.1156437321003353154e-05	-1.0866844583917069361e-05	1.2231171865960792648e-05	-1.5867354543498962406e-05	8.5950157411690712782e-06
3	8	-3	3.6723438459388408287e-06	6.3914293663822004153e-05	1.1637563823474610271e-05	-1.9811896700811023345e-05	3.4705847375204462995e-05	1.1082569128325940206e-05
3	8	-2	3.4920233167292674843e-05	4.1125748303861366816e-06	-1.9830029003612406672e-05	2.4208249943934963602e-06	-2.6939766263510607649e-05	1.585216222315319131e-05
3	8	-1	-6.8335126043259339039e-07	-2.2331297636054884631e-05	4.6061696523550546851e-06	2.4459210559266214232e-06	3.479930343754265371e-05	-4.7426524460751685896e-05
3	8	0	-3.2817920258917620516e-05	4.6845351753110223787e-05	1.2306720097094107693e-05	-1.7567006907416333073e-05	1.2115497514926889906e-05	1.8406605800533028467e-05
3	8	1	-1.4323368455865041264e-05	4.3752348846577396836e-06	6.0492561540243240569e-06	-5.3598958782986822418e-06	-5.423943864599467818e-06	2.9753462372416238037e-05
3	8	2	1.5982269668229052046e-05	-2.5212396223705157218e-05	4.0619873841298325803e-06	3.8644731085414449326e-06	-4.0221354038862910084e-05	2.2360701901391957791e-05
3	8	3	8.7577786790110458202e-06	-1.1946946906091070889e-05	-4.7227239104089472181e-07	1.4972731973173557542e-05	-7.4983856362353261385e-06	-2.7980338355705080297e-05
3	8	4	-3.3446007672070733521e-05	3.8447678037448843814e-06	1.5927399217237577688e-05	-3.8479480751475150704e-06	-6.7702926804221001531e-06	4.8123202974863662194e-06
3	8	5	2.5533256865797757324e-05	1.0013177722935864239e-05	-7.1266668197735002284e-06	-2.1476607840647673559e-05	-3.9172872078410533511e-06	2.8354665911274757456e-05
3	8	6	-5.4276944555554999163e-06	4.1913198660781665991e-06	4.1402999810672245785e-06	7.1636973375883284312e-06	-2.8065527469785499034e-06	-1.1647256383156855388e-05
3	8	7	2.0525532386659631768e-06	1.0992412669930515769e-05	2.0525524506227513889e-05	-9.9002311623349293786e-07	-2.4337407966545427816e-05	-3.5795790114176577466e-06
3	8	8	8.4006373439650467902e-06	4.7629328721574401147e-06	3.1816168251114789604e-06	-1.1240401813490811229e-05	-6.3318558290983710833e-06	9.4543019864317712919e-06
3	8	9	0	0	0	0	0	0
3	8	10	0	0	0	0	0	0
3	8	11	0	0	0	0	0	0
3	8	12	0	0	0	0	0	0
3	9	-12	0	0	0	0	0	0
3	9	-11	0	0	0	0	0	0
3	9	-10	0	0	0	0	0	0
3	9	-9	0	0	0	0	0	0
3	9	-8	0	0	0	0	0	0
3	9	-7	0	0	0	0	0	0
3	9	-6	0	0	0	0	0	0
3	9	-5	0	0	0	0	0	0
3	9	-4	0	0	0	0	0	0
3	9	-3	0	0	0	0	0	0
3	9	-2	0	0	0	0	0	0
3	9	-1	0	0	0	0	0	0
3	9	0	0	0	0	0	0	0
3	9	1	0	0	0	0	0	0
3	9	2	0	0	0	0	0	0
3	9	3	0	0	0	0	0	0
3	9	4	0	0	0	0	0	0
3	9	5	0	0	0	0	0	0
3	9	6	0	0	0	0	0	0
3	9	7	0	0	0	0	0	0
3	9	8	0	0	0	0	0	0
3	9	9	0	0	0	0	0	0
3	9	10	0	0	0	0	0	0
3	9	11	0	0	0	0	0	0
3	9	12	0	0	0	0	0	0
3	10	-12	0	0	0	0	0	0
3	10	-11	0	0	0	0	0	0
3	10	-10	0	0	0	0	0	0
3	10	-9	0	0	0	0	0	0
3	10	-8	0	0	0	0	0	0
3	10	-7	0	0	0	0	0	0
3	10	-6	0	0	0	0	0	0
3	10	-5	0	0	0	0	0	0
3	10	-4	0	0	0	0	0	0
3	10	-3	0	0	0	0	0	0
3	10	-2	0	0	0	0	0	0
3	10	-1	0	0	0	0	0	0
3	10	0	0	0	0	0	0	0
3	10	1	0	0	0	0	0	0
3	10	2	0	0	0	0	0	0
3	10	3	0	0	0	0	0	0
3	10	4	0	0	0	0	0	0
3	10	5	0	0	0	0	0	0
3	10	6	0	0	0	0	0	0
3	10	7	0	0	0	0	0	0
3	10	8	0	0	0	0	0	0
3	10	9	0	0	0	0	0	0
3	10	10	0	0	0	0	0	0
3	10	11	0	0	0	0	0	0
3	10	12	0	0	0	0	0	0
3	11	-12	0	0	0	0	0	0
3	11	-11	0	0	0	0	0	0
3	11	-10	0	0	0	0	0	0
3	11	-9	0	0	0	0	0	0
3	11	-8	0	0	0	0	0	0
3	11	-7	0	0	0	0	0	0
3	11	-6	0	0	0	0	0	0
3	11	-5	0	0	0	0	0	0
3	11	-4	0	0	0	0	0	0
3	11	-3	0	0	0	0	0	0
3	11	-2	0	0	0	0	0	0
3	11	-1	0	0	0	0	0	0
3	11	0	0	0	0	0	0	0
3	11	1	0	0	0	0	0	0
3	11	2	0	0	0	0	0	0
3	11	3	0	0	0	0	0	0
3	11	4	0	0	0	0	0	0
3	11	5	0	0	0	0	0	0
3	11	6	0	0	0	0	0	0
3	11	7	0	0	0	0	0	0
3	11	8	0	0	0	0	0	0
3	11	9	0	0	0	0	0	0
3	11	10	0	0	0	0	0	0
3	11	11	0	0	0	0	0	0
3	11	12	0	0	0	0	0	0
3	12	-12	0	0	0	0	0	0
3	12	-11	0	0	0	0	0	0
3	12	-10	0	0	0	0	0	0
3	12	-9	0	0	0	0	0	0
3	12	-8	0	0	0	0	0	0
3	12	-7	0	0	0	0	0	0
3	12	-6	0	0	0	0	0	0
3	12	-5	0	0	0	0	0	0
3	12	-4	0	0	0	0	0	0
3	12	-3	0	0	0	0	0	0
3	12	-2	0	0	0	0	0	0
3	12	-1	0	0	0	0	0	0
3	12	0	0	0	0	0	0	0
3	12	1	0	0	0	0	0	0
3	12	2	0	0	0	0	0	0
3	12	3	0	0	0	0	0	0
3	12	4	0	0	0	0	0	0
3	12	5	0	0	0	0	0	0
3	12	6	0	0	0	0	0	0
3	12	7	0	0	0	0	0	0
3	12	8	0	0	0	0	0	0
3	12	9	0	0	0	0	0	0
3	12	10	0	0	0	0	0	0
3	12	11	0	0	0	0	0	0
3	12	12	0	0	0	0	0	0
4	-12	-12	0	0	0	0	0	0
4	-12	-11	0	0	0	0	0	0
4	-12	-10	0	0	0	0	0	0
4	-12	-9	0	0	0	0	0	0
4	-12	-8	0	0	0	0	0	0
4	-12	-7	0	0	0	0	0	0
4	-12	-6	0	0	0	0	0	0
4	-12	-5	0	0	0	0	0	0
4	-12	-4	0	0	0	0	0	0
4	-12	-3	0	0	0	0	0	0
4	-12	-2	0	0	0	0	0	0
4	-12	-1	0	0	0	0	0	0
4	-12	0	0	0	0	0	0	0
4	-12	1	0	0	0	0	0	0
4	-12	2	0	0	0	0	0	0
4	-12	3	0	0	0	0	0	0
4	-12	4	0	0	0	0	0	0
4	-12	5	0	0	0	0	0	0
4	-12	6	0	0	0	0	0	0
4	-12	7	0	0	0	0	0	0
4	-12	8	0	0	0	0	0	0
4	-12	9	0	0	0	0	0	0
4	-12	10	0	0	0	0	0	0
4	-12	11	0	0	0	0	0	0
4	-12	12	0	0	0	0	0	0
4	-11	-12	0	0	0	0	0	0
4	-11	-11	0	0	0	0	0	0
4	-11	-10	0	0	0	0	0	0
4	-11	-9	0	0	0	0	0	0
4	-11	-8	0	0	0	0	0	0
4	-11	-7	0	0	0	0	0	0
4	-11	-6	0	0	0	0	0	0
4	-11	-5	0	0	0	0	0	0
4	-11	-4	0	0	0	0	0	0
4	-11	-3	0	0	0	0	0	0
4	-11	-2	0	0	0	0	0	0
4	-11	-1	0	0	0	0	0	0
4	-11	0	0	0	0	0	0	0
4	-11	1	0	0	0	0	0	0
4	-11	2	0	0	0	0	0	0
4	-11	3	0	0	0	0	0	0
4	-11	4	0	0	0	0	0	0
4	-11	5	0	0	0	0	0	0
4	-11	6	0	0	0	0	0	0
4	-11	7	0	0	0	0	0	0
4	-11	8	0	0	0	0	0	0
4	-11	9	0	0	0	0	0	0
4	-11	10	0	0	0	0	0	0
4	-11	11	0	0	0	0	0	0
4	-11	12	0	0	0	0	0	0
4	-10	-12	0	0	0	0	0	0
4	-10	-11	0	0	0	0	0	0
4	-10	-10	0	0	0	0	0	0
4	-10	-9	0	0	0	0	0	0
4	-10	-8	0	0	0	0	0	0
4	-10	-7	0	0	0	0	0	0
4	-10	-6	0	0	0	0	0	0
4	-10	-5	0	0	0	0	0	0
4	-10	-4	0	0	0	0	0	0
4	-10	-3	0	0	0	0	0	0
4	-10	-2	0	0	0	0	0	0
4	-10	-1	0	0	0	0	0	0
4	-10	0	0	0	0	0	0	0
4	-10	1	0	0	0	0	0	0
4	-10	2	0	0	0	0	0	0
4	-10	3	0	0	0	0	0	0
4	-10	4	0	0	0	0	0	0
4	-10	5	0	0	0	0	0	0
4	-10	6	0	0	0	0	0	0
4	-10	7	0	0	0	0	0	0
4	-10	8	0	0	0	0	0	0
4	-10	9	0	0	0	0	0	0
4	-10	10	0	0	0	0	0	0
4	-10	11	0	0	0	0	0	0
4	-10	12	0	0	0	0	0	0
4	-9	-12	0	0	0	0	0	0
4	-9	-11	0	0	0	0	0	0
4	-9	-10	0	0	0	0	0	0
4	-9	-9	0	0	0	0	0	0
4	-9	-8	0	0	0	0	0	0
4	-9	-7	0	0	0	0	0	0
4	-9	-6	0	0	0	0	0	0
4	-9	-5	0	0	0	0	0	0
4	-9	-4	0	0	0	0	0	0
4	-9	-3	0	0	0	0	0	0
4	-9	-2	0	0	0	0	0	0
4	-9	-1	0	0	0	0	0	0
4	-9	0	0	0	0	0	0	0
4	-9	1	0	0	0	0	0	0
4	-9	2	0	0	0	0	0	0
4	-9	3	0	0	0	0	0	0
4	-9	4	0	0	0	0	0	0
4	-9	5	0	0	0	0	0	0
4	-9	6	0	0	0	0	0	0
4	-9	7	0	0	0	0	0	0
4	-9	8	0	0	0	0	0	0
4	-9	9	0	0	0	0	0	0
4	-9	10	0	0	0	0	0	0
4	-9	11	0	0	0	0	0	0
4	-9	12	0	0	0	0	0	0
4	-8	-12	0	0	0	0	0	0
4	-8	-11	0	0	0	0	0	0
4	-8	-10	0	0	0	0	0	0
4	-8	-9	0	0	0	0	0	0
4	-8	-8	-1.1679746938982837711e-05	3.3455205002513571774e-05	-4.7668151169190121422e-06	7.6787958297113601612e-07	-1.0730583525724065013e-06	1.5959722918285649342e-05
4	-8	-7	-1.2848450380488127186e-05	9.3887420574973019231e-07	-7.5535280238377345207e-06	-1.1376778197638206787e-05	1.2906318098213374165e-06	1.3538531772014939658e-05
4	-8	-6	-1.8904915300383531499e-05	-1.4692436849604468418e-05	-1.5271464805558303496e-05	-1.1951252447046097451e-05	7.7586762071553819681e-06	6.1400453629918168088e-06
4	-8	-5	-1.5325734480957793729e-05	-1.3334499839097393466e-05	-4.1341735737459191417e-06	-1.6781529090500928121e-05	-5.6459098667727638482e-06	1.6182846673523566832e-05
4	-8	-4	3.8582407095089701752e-06	-6.1138646106177023523e-06	-1.3050415021310475463e-05	-2.6793077108128311659e-06	2.9959070752129919406e-05	-7.5524918899204012639e-07
4	-8	-3	-4.7788656551428021838e-05	2.743021871915211124e-06	-1.3025385286554052759e-05	-3.1454353148963103354e-06	-2.8983847971093218372e-05	1.2045190002277109624e-05
4	-8	-2	2.8400470665021072505e-05	-3.0331240689301702042e-05	2.300592349338795615e-05	-1.1157155451838920019e-05	-3.5222752643509679593e-05	-1.6033859571247720618e-05
4	-8	-1	9.1525855872001661287e-07	2.4394715556293284816e-06	1.9193807273520250556e-06	4.5652828578427792622e-06	-1.1694011583936133569e-05	-2.6764376640224921865e-05
4	-8	0	2.0598649683677744453e-05	-2.0535180752003004401e-05	1.0299324841838872226e-05	-1.0267590376001502201e-05	1.0095321865312586229e-05	-3.3500916955903853951e-05
4	-8	1	1.782441159435764049e-05	1.2167866564754539752e-05	1.2251743664136408667e-05	7.0339403658498022152e-06	2.6716302935660697209e-05	7.6000566677802612557e-06
4	-8	2	6.8759269930730503183e-06	3.6741827041766816854e-05	1.4043597214447109677e-05	2.238429754993229574e-05	4.2422534871642339765e-05	1.6053536116195545866e-05
4	-8	3	2.1661807547425734237e-05	-1.1575160462417240472e-05	-2.3608046262530358092e-06	1.1621093001675135152e-05	-3.51778890665757434e-05	4.642312862102334996e-05
4	-8	4	9.1316639803979610167e-06	3.7412686408809781429e-07	-8.6043794538315653307e-06	2.2219874403126655213e-06	-2.6340422888061091678e-05	4.0698480165372332812e-06
4	-8	5	-1.2088642995036887414e-05	1.8020856365233588517e-05	2.5586493716099941649e-06	1.221046173211485673e-05	1.3764753390605500257e-05	5.12005367919689843e-06
4	-8	6	2.5116542152220142607e-05	-1.4712323122517636617e-05	2.8126712911521870898e-05	-4.9858855034062687844e-06	2.0757922447215730534e-05	3.1603680771367326989e-06
4	-8	7	2.1732948585558427924e-05	3.9306790560489772196e-05	-3.1972520350986399938e-06	1.6101172751699102074e-05	-1.6072830089003259244e-05	-4.0596828897666134599e-06
4	-8	8	1.7183691057811617196e-06	6.6384224122095384046e-06	-1.3838593873704096198e-05	1.9843179588563610732e-05	-1.4697778426594675999e-05	1.6523968382458844071e-05
4	-8	9	0	0	0	0	0	0
4	-8	10	0	0	0	0	0	0
4	-8	11	0	0	0	0	0	0
4	-8	12	0	0	0	0	0	0
4	-7	-12	0	0	0	0	0	0
4	-7	-11	0	0	0	0	0	0
4	-7	-10	0	0	0	0	0	0
4	-7	-9	0	0	0	0	0	0
4	-7	-8	-8.8553209574748094516e-07	-4.0555026849665098696e-07	-1.4553891363853382109e-05	-3.0777654457463379928e-06	1.2291888895497969032e-05	2.4902696307797203561e-06
4	-7	-7	-2.4759156661143707888e-05	-5.7331047702285722087e-06	-7.6197189946446269577e-06	-3.2450570435090428617e-06	-6.5283705260089210117e-06	-3.1002825192998478874e-08
4	-7	-6	4.3141668215640493513e-05	1.6131317446302743132e-05	8.9446618778108915118e-06	-1.3461847654634879017e-05	1.8325673286314286088e-05	2.6459700561275855687e-05
4	-7	-5	-6.8913815499891071392e-06	-4.8145268482115348392e-06	-5.5448699947941800482e-06	-1.6024884550285534542e-05	2.2497127527205661868e-06	1.858321689183051981e-05
4	-7	-4	5.5539851422386254782e-06	1.7222359999395225476e-05	-2.5898832031849900099e-06	2.6041201547505799597e-07	1.0086280747812357149e-05	1.6766638972313874023e-05
4	-7	-3	2.5020175865404634179e-05	-7.4549429640979322309e-05	1.0676123829320453832e-05	-2.6303812167825090803e-05	8.4492788854584566861e-06	-3.8023677796380550076e-05
4	-7	-2	-4.5304484958991781082e-06	1.1321576794781879643e-05	-3.7978644788484066099e-06	6.1155687282481446611e-06	4.2316286841710673417e-06	1.2386630406952540316e-06
4	-7	-1	3.568398013528155426e-05	-5.0468293551351621267e-05	1.8454639022607635792e-05	-2.7088368822617651661e-05	1.3553447382872759716e-05	-1.2254592447082942076e-05
4	-7	0	-5.5594549081441145652e-05	5.0176437519962820469e-05	-3.1768313760823513737e-05	2.867225001140732453e-05	-3.3938246042830463823e-05	-3.4014852503198666047e-05
4	-7	1	6.3304585299706625859e-05	1.6828666646751360412e-05	3.7083917519711192255e-05	8.8907673468090405464e-06	6.3690814391518626764e-06	-5.0792951593421662939e-06
4	-7	2	-2.0409859006787014503e-05	1.9119085445496250423e-05	-8.6361673409630570911e-06	1.0627593651375763777e-05	1.0593132320203327493e-05	-1.0415931111773278371e-06
4	-7	3	2.1817851529420480468e-05	3.0007285681280937829e-05	9.5841796649287796692e-06	1.745989440371225945e-05	-6.7273828210601533168e-06	7.300393669540213289e-07
4	-7	4	-2.1681808624490183501e-05	3.2728444010353071389e-06	-5.6262251734671769608e-06	-1.1489880524916107601e-05	1.1835914570922623608e-05	-2.3380135319638496711e-05
4	-7	5	1.8589573672162878576e-05	2.224745770313290075e-05	-2.1485259912472270201e-05	4.6279897491455757088e-06	-4.4951022815191478432e-05	-1.1318780513702515454e-05
4	-7	6	-7.7964558066656516482e-06	2.9440341153603992615e-05	-1.0340243584602728564e-05	2.8587370022745031521e-05	-6.8659803109260822263e-06	1.3725037590799874467e-05
4	-7	7	2.7967617784207095144e-06	2.6287201400434382704e-05	1.4268066607901307768e-05	1.8001947267330394524e-05	1.2669917020232330902e-05	2.9806893242250311643e-06
4	-7	8	4.9141792010969121516e-06	-1.5241220352557151169e-05	-3.5916720211065723081e-06	1.7872520282347517312e-08	-5.5998026190167064748e-06	7.6362486315256302734e-06
4	-7	9	0	0	0	0	0	0
4	-7	10	0	0	0	0	0	0
4	-7	11	0	0	0	0	0	0
4	-7	12	0	0	0	0	0	0
4	-6	-12	0	0	0	0	0	0
4	-6	-11	0	0	0	0	0	0
4	-6	-10	0	0	0	0	0	0
4	-6	-9	0	0	0	0	0	0
4	-6	-8	-1.4849274479149000432e-05	-1.3895908709510656632e-06	-1.7255772777526075918e-05	-3.8890616360592058265e-06	5.5171923435700558755e-06	2.2220007915688712206e-06
4	-6	-7	-2.6582185290184495637e-05	8.6686873212706521921e-06	5.9073015552020012573e-06	-4.802145511418766914e-06	-2.0253221498850000279e-05	9.0696603362278881469e-06
4	-6	-6	-8.7149487699881769817e-06	-4.772773197675970764e-06	-3.4605452846599105089e-05	-2.1196202061109524945e-05	2.8795486999940318176e-05	1.801435326265887551e-05
4	-6	-5	2.7373935469652408065e-05	-2.8732094934194565368e-06	2.7963073956440424052e-06	1.0164328930372109141e-05	1.8543579500949073703e-05	-1.4495762311182095521e-05
4	-6	-4	-4.3498946625173107703e-05	3.140161212990529656e-05	-2.1443030358805172309e-05	2.1324033468914825395e-05	-1.1334401086965350934e-05	-5.8443807346694333214e-07
4	-6	-3	1.393559583877317461e-06	1.0812642837936376177e-05	5.7895217285004993264e-06	9.6960058063659776244e-06	-9.7209640118312414734e-06	-4.9751544954834542436e-06
4	-6	-2	-7.7337010859142989882e-06	1.7535186852737357855e-05	-2.8099169776181641867e-05	1.2691244502223396893e-05	6.8830107156716324236e-05	-3.0033598011954779337e-06
4	-6	-1	-4.1116946040610816929e-05	-1.2966088851044556201e-05	-1.7944887607614371167e-05	-7.7692608412634662384e-06	-5.6798458516757040714e-05	-5.2487903565974231368e-06
4	-6	0	5.3114318204286908073e-05	-1.5900150486471018924e-05	3.5409545469524609899e-05	-1.0600100324314011487e-05	1.0349818193951042478e-05	2.8195388205261434769e-05
4	-6	1	3.9839749115053689488e-05	4.617472671287556075e-05	2.6925076295835423531e-05	3.1345916359244370452e-05	2.1914613147977895877e-06	3.3765913039639966541e-06
4	-6	2	-2.8414022332849029712e-05	5.677108216814330424e-05	-3.3969415684704390174e-05	3.2999949677112767486e-05	-4.5080202388415104324e-05	-1.4542315304948304328e-05
4	-6	3	3.9946389074731522274e-06	1.8796028147104680404e-05	9.855277714028893725e-06	2.8366780861080866192e-05	1.4384370218093582786e-05	3.1672190859355491845e-05
4	-6	4	-2.0023086855293442758e-05	1.3496518407612277595e-05	2.1000343684734143772e-05	2.4668922221833843234e-05	5.1523602382394658415e-05	2.3506864925138487257e-05
4	-6	5	7.4174282383528654383e-05	3.1219636029838680562e-05	5.1045327709073124638e-05	-4.1737355670805133503e-06	1.9149673440648242799e-06	-2.9984191504367559454e-05
4	-6	6	1.2254581519446233829e-05	-1.536946283740629434e-05	1.8685007710651593702e-05	-2.4953442613753607881e-05	1.0515286697687437816e-05	-1.4707134055482743294e-05
4	-6	7	-3.7339795628746902801e-05	3.7332824183477190819e-05	-3.3069653124765828888e-06	3.5064769407483453148e-05	1.850248437716115973e-05	8.7224742444274205362e-06
4	-6	8	7.4939272560307118557e-06	-4.9311760320730385799e-06	6.1951773634603858468e-06	7.7495027461815196808e-06	8.9941939457993324551e-07	8.2777150756726594741e-06
4	-6	9	0	0	0	0	0	0
4	-6	10	0	0	0	0	0	0
4	-6	11	0	0	0	0	0	0
4	-6	12	0	0	0	0	0	0
4	-5	-12	0	0	0	0	0	0
4	-5	-11	0	0	0	0	0	0
4	-5	-10	0	0	0	0	0	0
4	-5	-9	0	0	0	0	0	0
4	-5	-8	-1.6102684406017806726e-05	2.7654253941804470571e-06	2.4621957871134149767e-05	-3.5502471570771830987e-06	-2.3440065872467747815e-05	3.6016171702634630182e-06
4	-5	-7	-7.6114845730285659079e-06	-4.8756054407625078228e-05	-1.4766723893600356798e-06	8.5227175906955464113e-06	-3.2946537636162978601e-06	-3.394825794056829238e-05
4	-5	-6	3.9792321223181898382e-05	-2.5326931079971204066e-05	-4.1646819620878954615e-06	3.7104247031056962589e-05	2.9998782450527848386e-05	-4.780482657919494046e-05
4	-5	-5	5.6093497655330774526e-06	2.3486986433556435416e-05	-1.7996631575353427957e-06	3.5176991943355312279e-05	6.2871429699618048848e-06	-1.6387402796510166657e-05
4	-5	-4	-2.7617362507379257839e-05	5.013977584454349088e-06	6.3143992534871824698e-05	2.5567001081119041341e-05	-0.00010654735317596902855	-2.6944773766944453435e-05
4	-5	-3	8.1993369876272255469e-05	1.3506345982305267188e-05	3.0739775923948002687e-05	4.2454471564102230557e-05	5.8091533295116329371e-05	-5.2748991297096692419e-05
4	-5	-2	-5.9209977383408161875e-06	-1.0322877420592076585e-05	-1.2268590375604682496e-05	-2.1522837653069925218e-05	1.8829480462330073018e-05	3.316133929149065818e-05
4	-5	-1	4.0188417042957272005e-05	-4.672943568737642796e-05	3.6416419995191699451e-05	-4.9714168454890599351e-05	-2.1328431804129399071e-05	6.1653099524947284913e-05
4	-5	0	0.0001063404544869937904	9.3085717589441041445e-05	8.5072363589595037742e-05	7.4468574071552833156e-05	0.00014520592614891935897	8.7258098158413225113e-05
4	-5	1	-3.0430773796536463563e-06	0.00011305962097777209527	-3.6726402919216103204e-06	8.5593434130514366056e-05	-6.1908919409934674475e-06	-2.4271313258516537259e-05
4	-5	2	7.0302730450349775067e-05	0.00010829206760004594869	4.73139782654028403e-05	7.9692798095331801394e-05	-2.2320515237192435832e-05	-1.7352139961762380333e-05
4	-5	3	2.129256038783983957e-05	-9.6795470019924074751e-06	1.4581003814281825114e-05	-2.8457829561814703887e-06	-4.0884074933167425424e-06	8.1630910756874271151e-06
4	-5	4	1.7946905665471116095e-05	-3.6696996868720968598e-05	4.4483836463465916268e-05	-3.0295604324385950676e-05	3.7657889913861272463e-05	-1.172508536761467206e-06
4	-5	5	7.7784768281311981531e-05	-3.7562175208662489849e-05	8.0874185487607988591e-06	-6.637012179272302002e-06	-5.4140396076288784671e-05	2.3412727987657686659e-05
4	-5	6	-2.1372404982151398029e-06	-1.9705556832499558813e-05	-2.71752322789836787e-05	3.6894285886257436143e-06	-2.1221199900342974922e-05	1.6211561712187825271e-05
4	-5	7	-2.9464436139708729649e-06	-1.7087729914546438513e-05	-1.0545185569977759689e-05	-4.0586541253981305185e-05	-5.8485933420007580837e-06	-1.9225969515960108331e-05
4	-5	8	-2.7989376690728183202e-05	-2.6487727488775467632e-07	1.5141998883084776466e-05	-1.9483387805303318483e-05	2.3458437647292075198e-05	-1.2044678740870696105e-05
4	-5	9	0	0	0	0	0	0
4	-5	10	0	0	0	0	0	0
4	-5	11	0	0	0	0	0	0
4	-5	12	0	0	0	0	0	0
4	-4	-12	0	0	0	0	0	0
4	-4	-11	0	0	0	0	0	0
4	-4	-10	0	0	0	0	0	0
4	-4	-9	0	0	0	0	0	0
4	-4	-8	-1.3427347148555878603e-05	3.9470290103092549251e-05	3.3123535086494575931e-06	3.3300968737286524711e-05	-8.3698503286026685216e-06	3.0846606829030105761e-06
4	-4	-7	-1.3787540119070214027e-05	1.2404577271050004617e-05	1.1999694043401402303e-05	9.2536366113359431581e-08	-1.47355623785552103e-05	7.035451945678082358e-06
4	-4	-6	2.5466410419206049682e-05	2.3361854599776653879e-06	2.1689531723247079101e-05	1.4735029071248238733e-05	2.5179191306393152736e-06	-8.2658957408470500261e-06
4	-4	-5	-4.1488972437007762435e-05	-4.6882165869145901846e-05	-2.8198136464502580634e-05	-1.1241710962908370877e-05	-1.0632668778004144425e-05	-2.8512363924990024775e-05
4	-4	-4	1.6251958026128321671e-05	-6.0929553539128601962e-05	-5.9567273813586923861e-05	-2.7210327371491218592e-05	7.5819231839715245532e-05	-3.3719226167637379981e-05
4	-4	-3	1.589462461268853377e-05	5.0522217157075174172e-05	2.9768685848077309141e-05	9.2096610504560961238e-05	-1.8498748313851698236e-05	-5.543252446331439179e-05
4	-4	-2	-3.6323001472333456144e-05	-3.7331331047818558236e-05	-5.8754359897201599724e-05	-2.93089554531561219e-05	4.4862716849736293935e-05	-1.6044751189324876062e-05
4	-4	-1	4.4923909068899269199e-05	1.0559194709333293726e-05	6.2469767114521577707e-05	2.8339771007550783685e-05	-7.0183432182489261138e-05	-7.1122305192869959833e-05
4	-4	0	6.5907412829736180117e-05	4.9530063326477086726e-05	6.5907412829736180117e-05	4.9530063326477086726e-05	-4.2925592262036355048e-06	-3.6360658665221720339e-05
4	-4	1	8.3027932840774504634e-05	-1.520839616763441594e-05	8.8012482358168825825e-05	-7.9307296777065594323e-06	1.99381980695772746e-05	2.9110665959711429419e-05
4	-4	2	4.9783049366248108441e-06	4.1317569511845680052e-05	-2.999034710587734139e-05	-4.7649242506753038638e-05	-6.9937304085004306162e-05	-0.00017793362403719742383
4	-4	3	6.1859910237977295796e-05	-1.315030699958675898e-05	2.6260998366208683518e-05	-2.2521298921553261225e-05	-4.7465215829024811852e-05	-1.2494655895955335197e-05
4	-4	4	-5.3552174393776205837e-05	-1.2213335940758729715e-05	-4.6596255593824302717e-05	-5.4844048022312768935e-05	6.9559187999519039676e-06	-4.2630712081554044302e-05
4	-4	5	-3.4249389440806280566e-05	1.3132251980237630342e-05	-2.9780688854590435931e-06	-3.2903368145998474707e-05	2.5017056444277787546e-05	-3.682849610098888946e-05
4	-4	6	-1.6249377944044024799e-05	5.6227468866921920276e-05	1.6341970602306709216e-05	2.6315679946799688235e-05	2.172756569756715601e-05	-1.994119261341482249e-05
4	-4	7	-9.1978833929404026147e-06	4.5073493644383106984e-06	1.0280263948888187467e-05	3.846660552736667942e-05	1.1130369909616338642e-05	1.9405289235959067841e-05
4	-4	8	-7.281430795185330252e-06	-1.1950529281901077031e-05	-5.5009928489748085372e-06	-1.3166639423650174689e-05	8.9021897310526053977e-07	-6.0805507087454861746e-07
4	-4	9	0	0	0	0	0	0
4	-4	10	0	0	0	0	0	0
4	-4	11	0	0	0	0	0	0
4	-4	12	0	0	0	0	0	0
4	-3	-12	0	0	0	0	0	0
4	-3	-11	0	0	0	0	0	0
4	-3	-10	0	0	0	0	0	0
4	-3	-9	0	0	0	0	0	0
4	-3	-8	-1.1705750844245289518e-05	2.1171914489500514352e-05	-5.6032737509507201778e-05	-2.8418809750571491144e-05	1.5159401143942556755e-05	2.1243010901214568896e-05
4	-3	-7	-1.5613257822004862575e-05	9.997533756687404131e-06	-1.1047633352474366163e-05	-1.267983349573500456e-05	-4.1871616043709076435e-06	1.1147090787707804557e-05
4	-3	-6	1.2210065729493328802e-05	-2.4671862122773698188e-05	-1.77082114035000172e-06	-1.9889852843908607234e-06	9.0254543898372199205e-06	-1.5453415439653702681e-05
4	-3	-5	1.2636115515183336553e-05	-3.4405183833210908461e-05	-6.1284065789205360007e-05	-2.5225524150705152252e-05	4.6879331885669882536e-05	-1.2388832576145635756e-05
4	-3	-4	-5.729999244139743575e-05	-4.6726955778729814929e-05	-0.00011106716271939875876	-5.5476217964866745506e-05	2.6000379598151633317e-05	-5.1197923050797574941e-06
4	-3	-3	6.6362202503563775765e-05	-7.6506941516565478726e-05	3.1055217110093215989e-05	-3.0069728315356245723e-05	5.7427719561325160733e-05	-7.1939527040064385802e-05
4	-3	-2	2.0038000855644030142e-06	-7.4189225223953599833e-05	2.9938562329351300136e-05	-2.3211460659304605054e-05	-4.0900243322898144176e-05	-0.00011356125945895030225
4	-3	-1	-4.7826387228846975214e-05	6.7253941102738234287e-05	-0.00010403950323261556979	0.00010427210551414353159	0.00012081296078245879497	-4.3800552131477644069e-05
4	-3	0	-9.5539465362777590803e-05	6.3710233316494093423e-05	-0.00012738595381703678774	8.4946977755325457898e-05	8.0395474996162091591e-06	-7.5619732469385501114e-06
4	-3	1	5.4940350574002369663e-05	2.2520847299866993452e-06	0.00012880791671544217854	-4.802434082890134952e-05	0.00016666234785031702986	-0.00015308136140665084255
4	-3	2	-1.9365008750074475229e-05	-3.7214470831692494967e-05	1.2636240204480960524e-05	-0.00012788098058730664125	5.7684377806870388704e-05	-0.0001173925292175749855
4	-3	3	-9.7931243573143335459e-06	2.4325028427015974965e-05	7.0751645998854792332e-05	-2.5984750948069326422e-05	8.380914514194057717e-05	-5.8418122184090626376e-05
4	-3	4	-3.6229360121961671668e-05	-8.8941617269438851706e-05	8.4674971855107589256e-05	-0.00016899408538635998529	9.9735589013292370386e-05	-3.7803946770331130483e-05
4	-3	5	4.5113503716526992201e-05	-3.7187187313385954306e-05	2.0955290499861133801e-05	-5.0137714764090862089e-05	-2.3517628673304914158e-05	-3.3287900774575538633e-07
4	-3	6	-3.2165341046230035713e-05	9.1122230089241258667e-06	1.5349442366396695705e-05	-9.2362183714927013792e-05	2.9118281880685037763e-05	-5.2255907196746259732e-05
4	-3	7	-4.1738089844739328712e-06	-3.7799422067053205363e-06	3.9414861441690372899e-05	3.4531558041491277006e-05	1.9277117180423833804e-05	1.6959206135899302606e-05
4	-3	8	-4.2379052001573527233e-05	-2.5578520869511331957e-05	1.7357117880877537855e-05	-1.9819041956061632284e-05	2.7698445206115840736e-05	5.3571197012325547191e-06
4	-3	9	0	0	0	0	0	0
4	-3	10	0	0	0	0	0	0
4	-3	11	0	0	0	0	0	0
4	-3	12	0	0	0	0	0	0
4	-2	-12	0	0	0	0	0	0
4	-2	-11	0	0	0	0	0	0
4	-2	-10	0	0	0	0	0	0
4	-2	-9	0	0	0	0	0	0
4	-2	-8	-5.1594768840023514343e-05	1.6375410156792760951e-05	1.1028786964293727215e-05	-1.22611552199630916e-05	-2.8554581161085189399e-05	1.1252993883387153799e-05
4	-2	-7	1.661260366249945968e-05	1.1791703346816587375e-05	1.3399247034670639302e-06	-8.7302308299820794265e-06	9.1100807490091019751e-06	9.232467863890071654e-06
4	-2	-6	-2.1375928609252933029e-05	5.4625951848414335419e-06	-2.1199775831036765439e-05	6.5477925321458254337e-07	-7.1840271291563688496e-06	3.4234703721560946351e-06
4	-2	-5	2.0198061599534174486e-05	-7.0754985007796784109e-05	-5.7314238483165192605e-06	-1.5779003375048595231e-05	1.8451018818953946615e-05	-5.029238665621798784e-05
4	-2	-4	-5.8757862882546963194e-05	-8.2118776595944969901e-05	-6.1036955453965433221e-05	-5.1314490331877033488e-05	-2.8239385155564243195e-05	-5.6461531430006446381e-05
4	-2	-3	-2.7942297470450406849e-05	0.00016598178798857079227	-9.5671211343257401378e-05	2.9907795713736447913e-05	2.6524410934904389529e-05	0.00020137052017560344249
4	-2	-2	-4.2584328540159137634e-06	7.6616841938699557736e-06	-6.6190880401783419584e-05	-7.5535576792007820112e-05	5.767401469375159714e-05	9.0858945179747731659e-05
4	-2	-1	-1.8402991124244973169e-05	3.8956086949752085217e-06	6.0245883400966388584e-05	-3.9588908143632879427e-05	-0.00019410373129891266984	9.4760251067166589552e-05
4	-2	0	-3.6557381872935402524e-05	-1.9763134200937021841e-05	-7.3114763745870805047e-05	-3.9526268401874043682e-05	-4.893153425861350111e-05	-7.910815633752834401e-06
4	-2	1	2.2098294968783099954e-05	7.9208582089238983317e-05	2.9549181403031919924e-05	0.00015837031807794621453	-2.9294817069068559967e-05	-9.3692201063517165054e-08
4	-2	2	5.0894916334258896175e-06	-8.6740920791542202336e-05	-5.4321407903889468529e-05	-9.5431300528334885437e-05	-6.4500391170741247764e-05	7.8050541054749519236e-05
4	-2	3	5.1482688927730102838e-05	5.819208953261418813e-06	-5.4873607520241139527e-05	6.3863111326176204828e-05	-0.00010522599025046755895	3.4816462279768914856e-05
4	-2	4	2.4310508629499449028e-05	-9.1220049207497377967e-06	3.2160298011615083872e-05	-9.5797311654217133764e-06	-8.2303596236919087861e-06	4.3321393380388819555e-06
4	-2	5	1.1256475630855183561e-05	-1.2869042866677159019e-05	7.2081845139243476525e-05	4.1815811040665662609e-05	1.9827557551013240373e-05	2.7021558709607991581e-05
4	-2	6	-2.1404415101833050164e-06	3.0463152341949760894e-05	8.842054355493054118e-05	-4.9990150857917670731e-05	3.0900475525099052945e-05	-3.6972151847272397506e-05
4	-2	7	-2.1446446529715968034e-05	6.383868311012001859e-05	2.7501874370428874009e-05	4.9727900827008802461e-06	2.0112790694245944768e-05	-3.5058450325011190115e-05
4	-2	8	-2.9412559092983869938e-05	-1.08186567164160706e-05	-2.5076150942421175129e-05	2.4011909355363539521e-05	8.4372418108866411869e-06	1.1412305697048921027e-05
4	-2	9	0	0	0	0	0	0
4	-2	10	0	0	0	0	0	0
4	-2	11	0	0	0	0	0	0
4	-2	12	0	0	0	0	0	0
4	-1	-12	0	0	0	0	0	0
4	-1	-11	0	0	0	0	0	0
4	-1	-10	0	0	0	0	0	0
4	-1	-9	0	0	0	0	0	0
4	-1	-8	2.1045363291402765073e-05	-8.8057795045179773917e-06	-5.7103082308670320133e-06	3.6054745650389520746e-05	1.1236470174559761221e-05	-8.9097329585576787891e-06
4	-1	-7	-1.9762044206520620659e-05	-6.9991824691314947517e-06	1.3550060048191971547e-05	-1.3700109720212878039e-05	-1.3228319553467779169e-05	-2.0423743080447289517e-06
4	-1	-6	3.8956169058047569387e-06	-2.1132816447761377984e-05	2.8656245948116122697e-05	-5.1971991866669344623e-05	-2.1789630541495159649e-06	-5.4265456540626951166e-06
4	-1	-5	8.4527997671793390346e-05	5.1165284357017901465e-05	3.1086047216249180515e-05	6.5049553706421213534e-06	6.1405188694184869398e-05	3.9631236411485894699e-05
4	-1	-4	-3.9893115351873993581e-05	-1.0310913401846169446e-05	2.2735427194761124547e-05	-2.6720926551673516244e-06	-4.5576972150564278106e-05	-9.6428902380543303751e-06
4	-1	-3	6.6345642035341967336e-05	4.7044928657513401977e-05	-3.4099133832924594155e-05	0.00028957693350806635972	9.9827233991430823425e-05	-3.3799072959337586196e-05
4	-1	-2	-7.4955034640002688568e-05	-0.0001285263282868406192	-6.9780241353840328036e-05	0.00013215205422367098161	-0.00011501994860308521989	-0.0003231286836855167292
4	-1	-1	2.4058597706049607621e-05	-3.0750682310798012375e-05	3.3765525929155558492e-05	-0.00016161798445540043992	6.246886489504287199e-05	3.8615255212208397198e-05
4	-1	0	-2.0535356804611551375e-05	-4.7932110633328935568e-05	-8.21414272184462055e-05	-0.00019172844253331574227	0.00016999953125712067539	0.00013551323647580253737
4	-1	1	3.7345884394164078853e-05	3.0678162324461774157e-05	0.00014579911771624295361	0.00015693397903176673196	-3.5844198604133503641e-06	3.4221329733919628559e-05
4	-1	2	-2.812395062968263312e-05	-2.2017108099938830483e-05	7.6005479007309282983e-05	-0.00012203272443285216619	9.4250640763019900956e-05	-1.6982146016548418742e-05
4	-1	3	4.4022723048014554667e-05	-6.9870853075791112445e-05	0.00012515588040374280542	-0.00012796090637309253421	-1.69783372627717999e-05	5.0507501976690638524e-05
4	-1	4	-5.5674980251295068357e-05	-8.850718799478842218e-05	4.7504698168149701561e-05	-8.9100841108702256792e-05	6.7551154793332493747e-05	6.6231977717612854593e-05
4	-1	5	-7.7895942719554152182e-05	-3.345233025404377523e-05	7.6443859957443606782e-05	-5.4098799385501243706e-05	7.7605526167132040391e-05	1.5942104326134771443e-05
4	-1	6	2.0670589118775159286e-05	2.9283630004382315393e-05	-1.1082640281443241644e-05	-2.4221735658933838654e-06	-1.5627499459423978669e-05	-1.9926115597237106797e-05
4	-1	7	7.2254584196976699337e-05	-2.1268134356248640838e-05	2.8978740481862512305e-05	-8.1802230951033322488e-05	-3.7148513758006322563e-05	4.6718663913732026725e-07
4	-1	8	1.5558192288260674755e-06	1.2625077113923802857e-05	-5.0534594123813195423e-06	-5.8863459600855402246e-05	-1.4095920409606987864e-06	-1.3670471007068826709e-05
4	-1	9	0	0	0	0	0	0
4	-1	10	0	0	0	0	0	0
4	-1	11	0	0	0	0	0	0
4	-1	12	0	0	0	0	0	0
4	0	-12	0	0	0	0	0	0
4	0	-11	0	0	0	0	0	0
4	0	-10	0	0	0	0	0	0
4	0	-9	0	0	0	0	0	0
4	0	-8	-2.0965016691915671948e-05	1.3451560807001816791e-05	-5.6653459819431546996e-06	-5.8707524183207931422e-06	-1.0482508345957835974e-05	6.7257804035009083956e-06
4	0	-7	-3.8776177817325523393e-05	5.1684949834499296863e-05	-3.7140883174165771727e-05	9.865294400988524961e-06	-2.2157815895614583828e-05	2.9534257048285311525e-05
4	0	-6	3.152136446706652198e-06	-3.0329343280288909983e-05	6.7634093516155875149e-05	7.0215183762665245326e-05	2.101424297804435081e-06	-2.0219562186859274452e-05
4	0	-5	9.8464221426471679145e-05	1.7505501332212945466e-05	8.2906251975099634968e-05	-6.6354792476886273207e-05	7.8771377141177346026e-05	1.400440106577035705e-05
4	0	-4	-0.00012737628472566135066	-5.3989866016474963501e-05	5.4206204513154203285e-05	-3.1693087661618242446e-05	-0.00012737628472566135066	-5.3989866016474963501e-05
4	0	-3	-0.00011981541886979883542	-8.0287365167640224912e-05	-0.00012627410842722586095	-0.00023967859941690064138	-0.00015975389182639845626	-0.00010704982022352029988
4	0	-2	-8.8560781702216200863e-05	-1.1954137767042920348e-06	0.00017780586346306811812	0.00054967355850640852756	-0.00017712156340443240173	-2.3908275534085840696e-06
4	0	-1	1.3043554286404808394e-05	-3.9421426829177648064e-05	-0.00012740356836552977054	0.00031753319041133719379	5.2174217145619233578e-05	-0.00015768570731671059226
4	0	0	0	0	0.00032853576250872784138	-0.00011445934250316300729	-0.00010985718069179707104	0.00032596968659979140819
4	0	1	-3.7498892133943180045e-06	-4.0229039477716313413e-05	0.00062500867521379723131	-0.00020312304297846414409	1.4999556853577272018e-05	0.00016091615791086525365
4	0	2	-5.5721204487743250338e-05	-2.5489056957689408658e-05	-0.00018625274108403206373	3.5885062446727618291e-05	0.00011144240897548650068	5.0978113915378817317e-05
4	0	3	-2.0442128954542467125e-05	-1.551919583033321674e-05	-5.1860071840627395157e-05	1.8564830064252664326e-05	2.7256171939389956167e-05	2.0692261107110956783e-05
4	0	4	2.18568345248191918e-06	6.4140186212322145237e-06	-1.511090543055581543e-05	-3.1529570682299928235e-05	-2.18568345248191918e-06	-6.4140186212322145237e-06
4	0	5	3.4955135192451505712e-05	-3.8986055251908160492e-05	-5.6039667331131750043e-05	-4.252956998855264597e-05	-2.7964108153961205247e-05	3.1188844201526528394e-05
4	0	6	6.3857849996945138913e-05	-3.9487482279642000058e-05	4.7564347847908863874e-05	-1.2230632562164323978e-05	-4.2571899997963425942e-05	2.6324988186428001168e-05
4	0	7	-2.5593417983725526228e-05	2.1150258070863303087e-05	-5.6826791962175968273e-05	3.9484939192119979903e-05	1.4624810276414585932e-05	-1.2085861754779030335e-05
4	0	8	-2.0604666005327897978e-05	-1.5011207421749156679e-05	2.2830485224589915213e-05	5.4485237978146540973e-07	1.0302333002663948989e-05	7.5056037108745783396e-06
4	0	9	0	0	0	0	0	0
4	0	10	0	0	0	0	0	0
4	0	11	0	0	0	0	0	0
4	0	12	0	0	0	0	0	0
4	1	-12	0	0	0	0	0	0
4	1	-11	0	0	0	0	0	0
4	1	-10	0	0	0	0	0	0
4	1	-9	0	0	0	0	0	0
4	1	-8	-2.6347407120369995779e-05	4.9859940844279056335e-05	-2.4934462977396829579e-05	-7.6384267683545189792e-06	-1.629051143235960201e-05	2.3975167076095210754e-05
4	1	-7	5.01245030727694348e-06	3.9353268350367860869e-05	4.4436900343652509921e-05	-3.7090963909642844353e-05	9.2123859389657553184e-06	1.7188872784546944668e-05
4	1	-6	-3.8222866855635620443e-06	-2.5611856198188004131e-05	1.0612152130540343923e-05	-1.3408022359157444471e-05	-7.7949910195231726975e-07	-1.9309241191984910166e-05
4	1	-5	-5.9544152172812827672e-05	-4.4032115157035696114e-05	0.00012536009993815319078	4.6649744136791669125e-05	-2.2563301750619622627e-05	-2.5895743298270222388e-05
4	1	-4	1.4940044469433588919e-05	-9.9460523613954847583e-05	-7.5020952978685015856e-05	5.5449768724375140953e-05	-3.8151937752376641983e-06	-8.5598081432861053875e-05
4	1	-3	1.7177710154143652628e-05	7.4273196458235745667e-05	9.2245529322765152757e-05	2.0608370781426410477e-06	5.3652123313113254423e-05	9.97178743036952048e-05
4	1	-2	-6.4851278234082450927e-06	0.00015649276749018934058	0.00011591801146350703413	-0.00026409405768948701317	4.4988750084937030268e-05	0.00018093850613563517457
4	1	-1	1.220247753479394906e-05	4.4551043087315085389e-06	7.8089355685154866299e-06	1.3334253528127919285e-06	5.6618845707691287951e-05	1.9153842587738826084e-05
4	1	0	-1.2378348176202141008e-05	2.8502812326777600079e-05	4.9513392704808564034e-05	-0.00011401124930711040032	-1.4778259462957144839e-05	-2.8785731156521235591e-05
4	1	1	-6.0864784078805976889e-05	9.107394410169761755e-05	0.00011890459381562015523	-0.00024095866915802981482	0.00012455454249960375233	-0.00012333710724876065538
4	1	2	3.3832023406587402332e-05	-9.7591618368642187942e-05	-0.00010310473957585718793	-0.00016267503782071496754	-1.6111677025246214085e-05	0.00027652075564764188676
4	1	3	3.1021319764637369316e-05	5.0159642688880754006e-06	-0.00013376279569921880556	6.8140893082011021794e-05	3.2258388802231051956e-06	-2.9401583385854441132e-05
4	1	4	-8.0002247358987036894e-05	0.00011275483953412501065	-2.4296161446977476554e-05	-3.8735805728058370534e-05	8.6076287720731402644e-05	-0.0001030708881021104214
4	1	5	-7.9589889735358400617e-05	-9.5894140679634445944e-05	-9.1110260832934989849e-05	-6.4183573184183823957e-05	8.1893963954873710332e-05	8.9552027180544326967e-05
4	1	6	6.8299911828958502374e-06	-3.5535204795019597387e-05	3.8476972989934935042e-05	-2.7294157292444890504e-05	-1.0966156286919722101e-05	2.8239162745420545546e-05
4	1	7	3.8496761539224528907e-05	5.8990974845107919575e-05	-2.0546291604876499258e-05	2.0731805109227524988e-05	-1.9062964936003090957e-05	-3.6670814927094168994e-05
4	1	8	4.0371588913402896911e-06	1.1549482466601574073e-06	2.0849964209022056247e-05	3.6617201772063560428e-05	-4.6248249717979018764e-06	-5.1546243448380238631e-06
4	1	9	0	0	0	0	0	0
4	1	10	0	0	0	0	0	0
4	1	11	0	0	0	0	0	0
4	1	12	0	0	0	0	0	0
4	2	-12	0	0	0	0	0	0
4	2	-11	0	0	0	0	0	0
4	2	-10	0	0	0	0	0	0
4	2	-9	0	0	0	0	0	0
4	2	-8	3.4234190870912307937e-05	-2.5566223608468176487e-05	-2.739048773713917645e-05	-5.7718857215411540371e-06	1.026947350117136155e-05	-1.4226083234619375906e-05
4	2	-7	3.5882229537846628911e-06	2.2261954104871883208e-05	-4.6552457634173907393e-06	3.4640662485494427933e-05	7.2034289832912426771e-07	2.2618448770068055528e-05
4	2	-6	5.6660744735921513034e-06	1.4074852082322678203e-05	-6.2052733867369808465e-05	2.4988883358813030215e-05	-1.6906861640061834721e-05	1.7712862507819461077e-05
4	2	-5	3.3579100636341604428e-05	7.2700133177671559873e-05	2.649412933357011982e-05	-9.5890269743278730538e-05	3.746093224250133147e-05	1.9803998644825759071e-05
4	2	-4	7.2257258385712426181e-05	5.2818911049909885163e-05	-0.00017316056222327683416	4.4741957462543588086e-06	-1.43230227259259909e-05	5.5056008923037062449e-05
4	2	-3	9.0660345657126635587e-05	3.4857283851899100011e-05	-0.00013203367748375132405	-0.00010150693992451789716	3.285800922033462238e-05	-2.1194914813813125776e-05
4	2	-2	4.4096555912025169505e-06	-0.00012491647184865013959	-8.5328657909905611823e-05	0.00017199917734452393114	-7.6509346727500574534e-05	-7.783376635277634804e-05
4	2	-1	-0.00015882264074448880324	2.260576366994281191e-05	0.00026273179427024391129	-7.8562281348972874581e-06	-0.00010982697443746733618	7.4710598409976676114e-05
4	2	0	8.8505914173244923382e-05	-3.4493678509707108662e-05	-0.00017701182834648984676	6.8987357019414217323e-05	-0.00023243852115498829102	0.00018879120834343728541
4	2	1	-4.5189985587118358115e-05	3.4474486690140420926e-05	3.3593847297170368043e-05	3.7569790952333792869e-05	0.00011357224775413270993	-0.00021303752866522928299
4	2	2	-9.0744164929555310887e-06	0.00011044061115208886304	-0.00019725046301016284042	2.3205798045726736716e-05	0.00021539929599607388565	-0.00024408702034990444247
4	2	3	-6.5582262811165446317e-07	-3.2606842893164918737e-05	-8.7328209197476888421e-05	-0.00015648677448856605906	5.9093236302466795691e-05	0.00014780030684993059769
4	2	4	-1.9876280187690761284e-05	-9.6485413932185655722e-05	2.2210382436356762033e-05	9.6599745464459423061e-05	8.7710889695123802674e-06	4.8185541199955950968e-05
4	2	5	-3.2466388291035795306e-06	-3.7121406425025652335e-05	-1.0043565269773097956e-05	3.1729338944168942679e-05	6.6147371711921026377e-06	1.7005389562352944119e-05
4	2	6	-2.8041437042405189274e-06	-5.7104668751361688608e-05	2.6501110588119632732e-07	-1.2582010261180891339e-05	1.781092100866613719e-06	4.2263782587968087259e-05
4	2	7	-4.4186690380682499559e-06	3.5208389905163710299e-05	-8.5181366398384807191e-06	6.4531183526572380308e-05	4.9587070617071375651e-06	-3.8556560953399943116e-05
4	2	8	-8.6699342110987482674e-06	-1.010963100064444168e-05	-1.5073557802924097707e-05	2.6701620572206155065e-05	8.103356556280398137e-06	-1.620589642729318138e-06
4	2	9	0	0	0	0	0	0
4	2	10	0	0	0	0	0	0
4	2	11	0	0	0	0	0	0
4	2	12	0	0	0	0	0	0
4	3	-12	0	0	0	0	0	0
4	3	-11	0	0	0	0	0	0
4	3	-10	0	0	0	0	0	0
4	3	-9	0	0	0	0	0	0
4	3	-8	1.7831039177049675266e-05	5.1289863377985964581e-06	4.9701098786963734282e-06	4.7277771837573253385e-05	1.0779310793035978516e-05	2.0293657607989269519e-05
4	3	-7	-2.305250042735617556e-05	-8.4854501711981710768e-06	-4.965395274002722554e-05	-6.0417971013753301218e-07	-3.4453122847072341773e-05	-5.1077628307436124356e-06
4	3	-6	-1.6805124296631800482e-05	2.8548601750615643373e-05	-8.4327690846987971501e-06	3.8360670661976344759e-05	-1.5419800740103932512e-05	3.8212736498065265703e-05
4	3	-5	-8.5734162894099165679e-06	-1.6142128154937199029e-05	2.9078265494575920885e-05	8.0014994513308372029e-05	1.0588226265217620971e-05	3.5095294184035268059e-05
4	3	-4	4.2708929583252839928e-05	-9.8431646501880736867e-05	3.0260331590891953029e-05	5.2863301563804938681e-05	6.5404178276421795382e-05	-5.8784170329027031162e-05
4	3	-3	5.8184846425298024296e-06	-0.00010899808972332030138	3.403248043416548887e-05	1.0115813265729664606e-05	4.1790459957538559905e-05	-0.0001352149730320307457
4	3	-2	0.00010772136740732885212	-4.1308057651988907492e-05	-9.4215062780042495142e-05	0.00010471164109401818478	7.4120140644593981863e-05	7.4451346337049462186e-05
4	3	-1	-0.00011451534005244579377	-2.9955659234932996952e-05	0.00022415321459702696361	-1.9151667869462984153e-05	0.00021439828358129771574	-0.00017727764054812093688
4	3	0	3.2857985759750649093e-05	0.0001082886049368418207	-4.3810647679667529865e-05	-0.00014438480658245577901	7.3102747132670908587e-05	-0.00012017384589542586502
4	3	1	5.7676928835169227533e-05	3.6450408133923140324e-05	-0.00013027951347788975533	-8.1447397388925539281e-05	0.00016013082509299238296	9.8540559631084070099e-05
4	3	2	-1.9949919269739992237e-05	-3.0155769459029534808e-05	6.3836150376028486593e-05	6.318843577928817581e-05	-5.5854387024562745416e-05	-3.4471114750873194099e-05
4	3	3	6.7199163914109897059e-05	3.5937046146178856397e-05	1.6804997847365645023e-06	2.4844541187193984423e-05	-9.1279385003549757052e-05	-7.2760602715432455101e-05
4	3	4	-3.0755255638641663376e-05	-2.1798670079708785063e-05	1.7910780853146946243e-05	0.00010815550537209311541	1.7322169998781454541e-05	-5.9317958949361048111e-05
4	3	5	-2.6412911708197025475e-06	4.2504441012324313781e-05	-1.7434253390559808946e-05	-2.7909799829662817805e-05	1.2573584970991647406e-05	-1.7257672912061759664e-05
4	3	6	9.7226313443842709764e-06	-3.1934805806144557711e-05	8.4207676017389096316e-06	9.1361890968738736869e-05	-1.06921380304589688e-05	-2.4391074946939659906e-05
4	3	7	-4.418084167921657176e-05	2.0535346548866764162e-05	-8.3233943087056562709e-06	2.332505338197905136e-05	2.8813364234711893693e-05	-2.1730935191629174413e-05
4	3	8	2.317641627311206308e-05	-3.6487415951952892367e-05	1.4590648196389323905e-05	2.6029539256060508302e-05	-1.7059701210202028639e-05	8.4826307549537568407e-06
4	3	9	0	0	0	0	0	0
4	3	10	0	0	0	0	0	0
4	3	11	0	0	0	0	0	0
4	3	12	0	0	0	0	0	0
4	4	-12	0	0	0	0	0	0
4	4	-11	0	0	0	0	0	0
4	4	-10	0	0	0	0	0	0
4	4	-9	0	0	0	0	0	0
4	4	-8	5.2304799060890577836e-06	4.3050408278520916898e-06	-2.4639825719992061704e-05	1.29847337245375918e-05	-9.7046729069515011131e-06	8.6448872761948421684e-06
4	4	-7	1.4453176424803719903e-05	-2.1577191236121956474e-05	-6.6097425884623481863e-06	3.1400011776348617165e-06	4.4819621921950696735e-06	-1.0535537176278339619e-05
4	4	-6	-3.2393277806083177472e-05	-4.3552288502897575995e-05	-6.4443272491812145748e-06	4.0389407569857938235e-05	-2.5891736703509594134e-05	-2.1085872886930894401e-06
4	4	-5	6.856308337417240772e-05	4.0024511262895329721e-05	-6.3992655518043769949e-05	-2.1370876124064797194e-05	3.6563422849029122497e-06	1.492290811106442636e-05
4	4	-4	7.7998145760620147876e-05	2.9606498489122048257e-05	-4.2871599469761072795e-05	2.456173463164358387e-05	3.512654629085907508e-05	5.4168233120765632127e-05
4	4	-3	-2.4970513387624546618e-05	-4.2940833327634814816e-05	-2.8141855480640608629e-05	6.110048474868980486e-05	-7.0816491824353535811e-05	2.4212868561406660167e-05
4	4	-2	2.2843898966490329372e-06	-1.9897817667744310003e-05	-3.1482293604793310925e-05	1.6124407313913090398e-05	-5.8395807416288558517e-05	-7.5468207076624383624e-06
4	4	-1	-1.2772663048174198589e-05	-0.00013066979923265293804	-2.1929555573949401701e-06	0.00011534792566314843257	-5.9862474422276553342e-05	-6.1287494278018008332e-05
4	4	0	5.9180900433121713233e-05	-3.4575575473881370878e-05	-5.9180900433121713233e-05	3.4575575473881370878e-05	-9.2666066573760837296e-05	-1.6475206178864123109e-05
4	4	1	3.603497444772425372e-05	-3.2817443708306645387e-06	-4.244510169335308366e-05	-1.606936137189869814e-05	2.564050898251531976e-05	7.7404422970917452409e-05
4	4	2	-0.00010595433003301759332	-1.6265934429343866408e-05	0.00011147798914480930375	3.167599931394058603e-07	-1.1047318223583424244e-05	3.1898348872408919825e-05
4	4	3	4.1834541328161075019e-05	5.2701849670219405196e-05	-2.5027819072460547956e-05	-5.4587020364559909861e-05	-2.240896300760070501e-05	2.5135609257873340487e-06
4	4	4	5.4121697720225839224e-05	1.7134571157434819817e-05	-5.6002072611663830117e-05	-1.0499573936417753818e-05	1.8803748914379940696e-06	-6.634997221017065999e-06
4	4	5	-1.5754795831734915573e-05	-2.4060987954198180121e-06	-1.9976926451231580956e-05	1.0631518026185851459e-05	2.8585377826373196546e-05	-6.5803353846128265884e-06
4	4	6	-7.1829467667455472856e-06	-1.4469609431954963934e-05	3.3848094915977582585e-05	-4.5741898849730561975e-05	-1.7776765432821357431e-05	4.0141005521123686198e-05
4	4	7	-4.7060709540497557511e-05	1.7008137038234635478e-05	1.8073218466327932078e-05	1.675436510147208151e-05	1.6564280613811212597e-05	-1.9292858365546695421e-05
4	4	8	2.0278556739109791562e-05	-1.7029253316607757373e-05	-4.1043282059115780884e-06	3.3564267170701813334e-06	-8.0871142665991080074e-06	6.8364132997687886552e-06
4	4	9	0	0	0	0	0	0
4	4	10	0	0	0	0	0	0
4	4	11	0	0	0	0	0	0
4	4	12	0	0	0	0	0	0
4	5	-12	0	0	0	0	0	0
4	5	-11	0	0	0	0	0	0
4	5	-10	0	0	0	0	0	0
4	5	-9	0	0	0	0	0	0
4	5	-8	-1.040138210917400117e-05	-1.4592496149158519622e-05	1.418203405274862485e-05	1.6406159010707123332e-05	3.6630802283808890993e-06	2.9576013071126914244e-06
4	5	-7	1.0735424539991253782e-05	1.459078091413874922e-05	-2.8723193142644641649e-05	3.9453823765494549984e-06	-1.4382038221894029041e-05	1.1155719362757468015e-05
4	5	-6	-1.4470253598417148264e-05	-1.7850141499018756986e-05	2.0925435828255619676e-05	2.9207711897612511715e-05	7.7910274579349181188e-06	1.2439665581997921771e-05
4	5	-5	9.2149758191343084297e-06	1.779355757680801145e-05	2.3017130297901506833e-05	-3.0414258924278550158e-05	3.0389110953208954932e-05	-1.6179412862832140321e-05
4	5	-4	-4.1629504474624072746e-05	1.0274651695181026895e-05	2.6994439103982957508e-05	-4.5353769579562595109e-06	-7.8864555946453792485e-06	4.6054304977357022946e-06
4	5	-3	6.4646752303822221919e-06	1.5754456414961077641e-05	3.6143919837228733979e-05	9.9438278251186972841e-06	6.8859433369224186221e-05	3.7578988261812599559e-05
4	5	-2	9.710752285652370246e-06	-3.4640580025724641627e-05	-9.9305908430594161591e-06	2.6763653877999527209e-05	-5.4049725363437990588e-06	-2.3720253564504639608e-06
4	5	-1	-1.2865799722026361539e-05	7.7246833234098822999e-06	1.4482256583335054867e-05	-6.3306382988096667386e-06	2.0948084028569824791e-05	-7.5445820040880417571e-07
4	5	0	-4.9315910494031485987e-05	3.4411892604722246608e-07	3.9452728395225186079e-05	-2.7529514083777798345e-07	0.00014292864070689014172	7.1309308682346994731e-05
4	5	1	-6.0097676284230606113e-05	-3.8994267035096379949e-06	5.3783728206655582939e-05	-3.4215610089029206025e-05	-2.8527935896355493633e-05	0.00018667575725918458211
4	5	2	-6.3175523615959257155e-05	-2.0831689835210920981e-05	-3.0104621149677866172e-06	3.1465101814418086667e-05	0.0001338772025193379889	-3.6999374865623374704e-05
4	5	3	3.5638695431285935316e-05	-2.7997708647521813975e-06	7.0622953071623473564e-07	-2.2823536276667121431e-05	-4.8695309792908306711e-05	4.1772254947448114303e-05
4	5	4	8.7839527645507172056e-05	-2.1227571286201191581e-05	1.7038183674906273214e-05	2.1242763067194908312e-05	-0.00010913725723914001866	-5.3258825477924438084e-06
4	5	5	1.1606478582887907142e-06	-1.6051620331331335925e-06	-1.5683514071568356319e-05	-1.1026259365907586991e-05	1.4754995784937324256e-05	1.2310388992414093018e-05
4	5	6	5.4651078697927364924e-06	-1.7081566679148153689e-05	-4.7573219539984990374e-06	-2.3872504424797876955e-09	3.2102971513692524018e-07	1.1389700494800833943e-05
4	5	7	9.6419873029143162319e-06	5.6947696533684754431e-06	1.3111719908764397235e-05	-9.4379472515900002412e-06	-1.4875221250782750884e-05	3.487236806353728309e-06
4	5	8	1.8557740476147644701e-05	-2.3966880565146821028e-05	-6.8859477226718264093e-06	6.9884244097689917834e-07	-4.9751529114039315857e-06	1.1546663756962847919e-05
4	5	9	0	0	0	0	0	0
4	5	10	0	0	0	0	0	0
4	5	11	0	0	0	0	0	0
4	5	12	0	0	0	0	0	0
4	6	-12	0	0	0	0	0	0
4	6	-11	0	0	0	0	0	0
4	6	-10	0	0	0	0	0	0
4	6	-9	0	0	0	0	0	0
4	6	-8	1.7019829578327274912e-06	-1.866995775595481973e-05	-2.126322076347865071e-05	2.5002739195500503624e-05	-1.5096424093692625663e-05	9.4170755186479687004e-06
4	6	-7	-5.6223015960928151292e-06	1.12259093698349864e-05	-4.582033177403908924e-07	-1.014815457695410306e-05	-3.6054894701162291833e-06	-2.283612854626382428e-06
4	6	-6	1.2742528290727737141e-05	-1.7131764580218455593e-05	-9.8707774772533627371e-06	-1.5573049065287350229e-05	-1.3757586167682055608e-06	-2.6994225452099652828e-05
4	6	-5	3.7886451869000112996e-05	-5.0625720959654664955e-05	-1.7938297390181301378e-05	3.1401295388377372818e-05	8.7832046269825290817e-06	-2.8190223016708851755e-06
4	6	-4	1.6811221841297128152e-05	2.9272818292276034683e-05	2.1657000371266690115e-05	-2.8912334637398043129e-05	4.9296722398197159937e-05	-1.4095683663821031704e-05
4	6	-3	1.334822029584852032e-05	7.7038269176475817181e-05	5.9544574570496154416e-06	-4.2592941381198919917e-05	2.9706541975230590745e-05	1.7531809472903249741e-05
4	6	-2	4.9983985068598264421e-05	-6.6793878812878380706e-05	-3.7298496021387274758e-05	5.2271292851800787527e-05	-1.1927517926965286961e-05	2.3226120929645601169e-05
4	6	-1	2.679322646091563862e-05	2.2008124342099438949e-05	-2.1242758172712614351e-05	-1.2986846131282417361e-05	-2.0283643192613121461e-05	1.0111420580703256713e-05
4	6	0	-4.2006719983868406811e-05	2.3905526418538265699e-05	2.8004479989245603411e-05	-1.5937017612358843799e-05	-7.6510931149559216046e-05	-1.672997891744090816e-05
4	6	1	-1.2502531363188243432e-05	2.3043204091420107588e-05	1.8966129832692059999e-05	-3.1166673235311336812e-05	-6.3786653543399372715e-05	9.4827223046187604071e-05
4	6	2	1.6694127743683035846e-05	1.0364118329614019588e-06	-3.4392532810932512132e-05	-1.237537369743542566e-05	6.9789342945431471479e-05	3.5053297426383473909e-05
4	6	3	2.8833454761210164813e-05	-3.9999391558390970424e-05	-7.7377937143793340882e-06	2.6247267012856247413e-05	-2.2969018919521554963e-05	8.3798805214212580491e-07
4	6	4	3.4569961725249243002e-05	1.515412555660021247e-06	-2.0320348557444783705e-05	-1.1324255064193460406e-05	-4.0894388890820657496e-06	1.5470970040630170844e-05
4	6	5	-3.4902162307945328501e-06	7.0408729318026204292e-06	1.0031317353943187859e-05	1.0088404126280139822e-05	-9.2454078400961984727e-06	-1.7738783296978266163e-05
4	6	6	-2.3592289906243519285e-05	1.2798980047528769552e-05	2.8313411560645343652e-05	-5.8694036787197417652e-06	-1.258521828981633136e-05	-2.6632496862994382183e-06
4	6	7	5.8794099358030517399e-06	-1.2848841033526528171e-05	2.8924077248553595562e-05	-1.0708710705210387564e-05	-2.8151729033504824793e-05	1.6521089766481204954e-05
4	6	8	8.8607663482372643512e-06	-1.1882738436702545059e-05	-1.4675476508429337547e-05	1.5743355513487797585e-05	6.5762242072033709844e-06	-5.8661474167645748118e-06
4	6	9	0	0	0	0	0	0
4	6	10	0	0	0	0	0	0
4	6	11	0	0	0	0	0	0
4	6	12	0	0	0	0	0	0
4	7	-12	0	0	0	0	0	0
4	7	-11	0	0	0	0	0	0
4	7	-10	0	0	0	0	0	0
4	7	-9	0	0	0	0	0	0
4	7	-8	9.4246572149965645047e-06	-1.1768598143467564734e-05	-5.7791232469553330039e-06	-5.479185367984292895e-06	-3.4440423358763407314e-07	-1.0678586268720038438e-05
4	7	-7	-1.143381409430116108e-05	-1.6416589067040470302e-05	1.014444564406365516e-05	1.2786633446457545695e-06	3.6108375901772776415e-06	-8.102244693663085694e-06
4	7	-6	-1.5678994678929193137e-05	8.9633027129546585446e-06	1.9396790620359713513e-05	-6.4257894933365408642e-06	1.2176925937800200285e-05	-1.5212192669228580099e-06
4	7	-5	1.4606669106750536208e-05	-2.7265756533141116203e-05	1.9677448239861490979e-06	8.1475201815092698413e-06	1.4440178038981038211e-05	-1.0406076972399913152e-05
4	7	-4	3.7447303063927505685e-05	-3.3677056995231874207e-05	-1.6420288173958957678e-05	2.4247601849976573908e-05	8.7117987594993305956e-06	8.7562462422271318259e-06
4	7	-3	3.0512125159090057339e-05	-4.6950828676012713696e-06	-5.2108863484953325628e-06	3.9329440955358208032e-06	2.852409873229763324e-05	2.9167590661152194834e-06
4	7	-2	2.6804587639133706407e-05	-5.1105831762614788527e-06	-1.1668540436568674947e-05	-1.0434506898283215669e-05	1.2769283750277049655e-05	-4.6741940496514216782e-05
4	7	-1	1.405170184376316534e-05	5.7065087465069688722e-05	-8.0620654089696783945e-06	-2.6273162755987642926e-05	-2.2765048773508062582e-07	4.4348210568365244242e-05
4	7	0	9.1286438462026468728e-06	-4.3944434217732080946e-05	-5.216367912115798092e-06	2.5111105267275474342e-05	-6.7938002842085495092e-06	5.8385593286507179696e-05
4	7	1	4.0698556466776983863e-05	3.2414485924612855886e-05	-2.2314917015891220961e-05	-2.2031420399408037451e-05	-6.5898067558694107501e-06	2.4561999097404835224e-05
4	7	2	4.0272825479323036174e-05	-1.0410513882477894995e-05	-1.7197210502713978944e-05	-1.4563799074315909445e-05	-2.0355414199147152821e-05	7.1794324525061470506e-05
4	7	3	-3.6572600832766787526e-05	2.5530498601788174408e-05	1.987118405892615767e-05	-1.9805475381945198028e-05	2.397371639528016883e-06	1.2172111088821230087e-05
4	7	4	5.3806139964725911739e-06	1.1276604739216402617e-05	6.558675654323586466e-06	1.2860144767272185771e-05	-1.6858296391538868972e-05	-3.3781858081942727292e-05
4	7	5	1.5645977625175752813e-05	2.4864237718733906319e-05	-2.3114486811379384421e-05	-1.2198779470289416183e-05	1.9843499435790537972e-05	-2.8130989165819426531e-06
4	7	6	-1.9151111647912625393e-05	2.5437980885654300152e-05	1.5946060154378612479e-05	-1.9354666258262351254e-05	-5.836329081499964862e-06	5.6217900442032091307e-06
4	7	7	1.8582275316150051654e-05	1.9890761644837433932e-05	-1.7239333051026602752e-05	-1.1201796874171780335e-05	6.6208900132265750504e-06	-1.6435263716389573632e-07
4	7	8	-1.9207517512346104766e-05	1.8272109579503417151e-05	-5.0869819332282679262e-06	-6.2925196827263361844e-06	1.4054867947747786712e-05	-3.6301000673661635673e-06
4	7	9	0	0	0	0	0	0
4	7	10	0	0	0	0	0	0
4	7	11	0	0	0	0	0	0
4	7	12	0	0	0	0	0	0
4	8	-12	0	0	0	0	0	0
4	8	-11	0	0	0	0	0	0
4	8	-10	0	0	0	0	0	0
4	8	-9	0	0	0	0	0	0
4	8	-8	-5.853590896702282814e-06	9.4517736307126021782e-06	2.5262146293820907097e-06	1.5324032686796009306e-06	-4.0058081896905069726e-07	6.2582900840359022315e-06
4	8	-7	-1.3875794346704566895e-05	1.5414410891416375961e-05	-1.1995227963389443567e-05	1.8262170756925082844e-06	-2.1637857299133402786e-05	1.0895340024457937379e-05
4	8	-6	-1.600128325227137774e-05	-2.6190463170347041494e-05	6.1517475567155031704e-06	3.1554626747971673808e-05	-2.4651920925602485876e-06	2.4612526883730866231e-05
4	8	-5	-9.7041171590589781252e-07	-1.2377829850759385327e-05	1.5556764045839523771e-05	1.1369178644348367245e-05	2.4114493100618520461e-05	8.2884219503498800078e-06
4	8	-4	2.5300002176749100982e-06	5.0049380303094832099e-06	1.3260773396682112036e-05	9.0136753644453510589e-06	2.9051547011039136287e-05	2.3032288759200184481e-05
4	8	-3	-3.1593111832104659917e-05	-9.715878776071880591e-06	2.858380579542161296e-05	1.9373296275736443282e-05	3.4099333011651423596e-05	3.870761836720133678e-05
4	8	-2	-3.1017565742251322885e-05	-3.0413726581412038797e-05	5.6156468340527001921e-06	7.1161652353965019869e-06	-3.9572544148291848389e-05	-3.2362792221238066259e-05
4	8	-1	-9.152455410019382515e-06	1.5531444658792714489e-05	8.1435608098845030129e-06	-1.039326740396051641e-05	2.8538664838998494043e-05	-2.1020360596513273325e-05
4	8	0	-1.9701826596296300072e-05	5.894421049771513677e-07	9.8509132981481500359e-06	-2.9472105248857568385e-07	5.7266321828936057851e-06	7.2568033696757844477e-06
4	8	1	-6.3136765074396956226e-05	1.4668257848415937442e-05	2.9283189097697750168e-05	-1.0048516549549791523e-05	1.8281547516005803233e-05	2.1715101002734579029e-05
4	8	2	-1.5332475289151902432e-05	-2.2541593355846264714e-05	5.4523996494849953794e-06	2.6180605144884404599e-05	8.855351980363823346e-06	-5.963923386784508897e-05
4	8	3	-2.6737762903221841152e-06	-6.1987437488365893767e-06	2.9913729599497277693e-06	1.0973238998957998962e-05	-4.4119595061030285647e-06	-2.099697899877254586e-05
4	8	4	1.9576134252028893793e-05	-1.1827025935925662345e-05	3.8555535256418077233e-06	4.7204678950638909114e-06	-2.7287241303312510934e-05	2.3860901457978813694e-06
4	8	5	-5.056357301274802474e-06	1.9186362382834323993e-05	-6.1039243101689547014e-06	-5.6640671297835217717e-06	1.3811364737290168824e-05	-6.286582498613825207e-06
4	8	6	-1.711278010701010915e-05	1.0071022000405438656e-06	7.5751278314007896896e-07	3.8504716369143329377e-06	1.0398503027153301655e-05	-5.8053636492461394039e-06
4	8	7	1.4412146289923598937e-05	1.4317589626382610919e-05	-7.3861284147112733078e-06	-8.699244437182876124e-07	2.0577745114225523794e-07	-7.1872804222548774183e-06
4	8	8	-1.8156753339395985142e-05	-4.8620678692511848869e-06	1.1483693256009298671e-05	7.3406265975024577125e-06	-2.4053165863113048292e-06	-4.9095926628768648455e-06
4	8	9	0	0	0	0	0	0
4	8	10	0	0	0	0	0	0
4	8	11	0	0	0	0	0	0
4	8	12	0	0	0	0	0	0
4	9	-12	0	0	0	0	0	0
4	9	-11	0	0	0	0	0	0
4	9	-10	0	0	0	0	0	0
4	9	-9	0	0	0	0	0	0
4	9	-8	0	0	0	0	0	0
4	9	-7	0	0	0	0	0	0
4	9	-6	0	0	0	0	0	0
4	9	-5	0	0	0	0	0	0
4	9	-4	0	0	0	0	0	0
4	9	-3	0	0	0	0	0	0
4	9	-2	0	0	0	0	0	0
4	9	-1	0	0	0	0	0	0
4	9	0	0	0	0	0	0	0
4	9	1	0	0	0	0	0	0
4	9	2	0	0	0	0	0	0
4	9	3	0	0	0	0	0	0
4	9	4	0	0	0	0	0	0
4	9	5	0	0	0	0	0	0
4	9	6	0	0	0	0	0	0
4	9	7	0	0	0	0	0	0
4	9	8	0	0	0	0	0	0
4	9	9	0	0	0	0	0	0
4	9	10	0	0	0	0	0	0
4	9	11	0	0	0	0	0	0
4	9	12	0	0	0	0	0	0
4	10	-12	0	0	0	0	0	0
4	10	-11	0	0	0	0	0	0
4	10	-10	0	0	0	0	0	0
4	10	-9	0	0	0	0	0	0
4	10	-8	0	0	0	0	0	0
4	10	-7	0	0	0	0	0	0
4	10	-6	0	0	0	0	0	0
4	10	-5	0	0	0	0	0	0
4	10	-4	0	0	0	0	0	0
4	10	-3	0	0	0	0	0	0
4	10	-2	0	0	0	0	0	0
4	10	-1	0	0	0	0	0	0
4	10	0	0	0	0	0	0	0
4	10	1	0	0	0	0	0	0
4	10	2	0	0	0	0	0	0
4	10	3	0	0	0	0	0	0
4	10	4	0	0	0	0	0	0
4	10	5	0	0	0	0	0	0
4	10	6	0	0	0	0	0	0
4	10	7	0	0	0	0	0	0
4	10	8	0	0	0	0	0	0
4	10	9	0	0	0	0	0	0
4	10	10	0	0	0	0	0	0
4	10	11	0	0	0	0	0	0
4	10	12	0	0	0	0	0	0
4	11	-12	0	0	0	0	0	0
4	11	-11	0	0	0	0	0	0
4	11	-10	0	0	0	0	0	0
4	11	-9	0	0	0	0	0	0
4	11	-8	0	0	0	0	0	0
4	11	-7	0	0	0	0	0	0
4	11	-6	0	0	0	0	0	0
4	11	-5	0	0	0	0	0	0
4	11	-4	0	0	0	0	0	0
4	11	-3	0	0	0	0	0	0
4	11	-2	0	0	0	0	0	0
4	11	-1	0	0	0	0	0	0
4	11	0	0	0	0	0	0	0
4	11	1	0	0	0	0	0	0
4	11	2	0	0	0	0	0	0
4	11	3	0	0	0	0	0	0
4	11	4	0	0	0	0	0	0
4	11	5	0	0	0	0	0	0
4	11	6	0	0	0	0	0	0
4	11	7	0	0	0	0	0	0
4	11	8	0	0	0	0	0	0
4	11	9	0	0	0	0	0	0
4	11	10	0	0	0	0	0	0
4	11	11	0	0	0	0	0	0
4	11	12	0	0	0	0	0	0
4	12	-12	0	0	0	0	0	0
4	12	-11	0	0	0	0	0	0
4	12	-10	0	0	0	0	0	0
4	12	-9	0	0	0	0	0	0
4	12	-8	0	0	0	0	0	0
4	12	-7	0	0	0	0	0	0
4	12	-6	0	0	0	0	0	0
4	12	-5	0	0	0	0	0	0
4	12	-4	0	0	0	0	0	0
4	12	-3	0	0	0	0	0	0
4	12	-2	0	0	0	0	0	0
4	12	-1	0	0	0	0	0	0
4	12	0	0	0	0	0	0	0
4	12	1	0	0	0	0	0	0
4	12	2	0	0	0	0	0	0
4	12	3	0	0	0	0	0	0
4	12	4	0	0	0	0	0	0
4	12	5	0	0	0	0	0	0
4	12	6	0	0	0	0	0	0
4	12	7	0	0	0	0	0	0
4	12	8	0	0	0	0	0	0
4	12	9	0	0	0	0	0	0
4	12	10	0	0	0	0	0	0
4	12	11	0	0	0	0	0	0
4	12	12	0	0	0	0	0	0
5	-12	-12	0	0	0	0	0	0
5	-12	-11	0	0	0	0	0	0
5	-12	-10	0	0	0	0	0	0
5	-12	-9	0	0	0	0	0	0
5	-12	-8	0	0	0	0	0	0
5	-12	-7	0	0	0	0	0	0
5	-12	-6	0	0	0	0	0	0
5	-12	-5	0	0	0	0	0	0
5	-12	-4	0	0	0	0	0	0
5	-12	-3	0	0	0	0	0	0
5	-12	-2	0	0	0	0	0	0
5	-12	-1	0	0	0	0	0	0
5	-12	0	0	0	0	0	0	0
5	-12	1	0	0	0	0	0	0
5	-12	2	0	0	0	0	0	0
5	-12	3	0	0	0	0	0	0
5	-12	4	0	0	0	0	0	0
5	-12	5	0	0	0	0	0	0
5	-12	6	0	0	0	0	0	0
5	-12	7	0	0	0	0	0	0
5	-12	8	0	0	0	0	0	0
5	-12	9	0	0	0	0	0	0
5	-12	10	0	0	0	0	0	0
5	-12	11	0	0	0	0	0	0
5	-12	12	0	0	0	0	0	0
5	-11	-12	0	0	0	0	0	0
5	-11	-11	0	0	0	0	0	0
5	-11	-10	0	0	0	0	0	0
5	-11	-9	0	0	0	0	0	0
5	-11	-8	0	0	0	0	0	0
5	-11	-7	0	0	0	0	0	0
5	-11	-6	0	0	0	0	0	0
5	-11	-5	0	0	0	0	0	0
5	-11	-4	0	0	0	0	0	0
5	-11	-3	0	0	0	0	0	0
5	-11	-2	0	0	0	0	0	0
5	-11	-1	0	0	0	0	0	0
5	-11	0	0	0	0	0	0	0
5	-11	1	0	0	0	0	0	0
5	-11	2	0	0	0	0	0	0
5	-11	3	0	0	0	0	0	0
5	-11	4	0	0	0	0	0	0
5	-11	5	0	0	0	0	0	0
5	-11	6	0	0	0	0	0	0
5	-11	7	0	0	0	0	0	0
5	-11	8	0	0	0	0	0	0
5	-11	9	0	0	0	0	0	0
5	-11	10	0	0	0	0	0	0
5	-11	11	0	0	0	0	0	0
5	-11	12	0	0	0	0	0	0
5	-10	-12	0	0	0	0	0	0
5	-10	-11	0	0	0	0	0	0
5	-10	-10	0	0	0	0	0	0
5	-10	-9	0	0	0	0	0	0
5	-10	-8	0	0	0	0	0	0
5	-10	-7	0	0	0	0	0	0
5	-10	-6	0	0	0	0	0	0
5	-10	-5	0	0	0	0	0	0
5	-10	-4	0	0	0	0	0	0
5	-10	-3	0	0	0	0	0	0
5	-10	-2	0	0	0	0	0	0
5	-10	-1	0	0	0	0	0	0
5	-10	0	0	0	0	0	0	0
5	-10	1	0	0	0	0	0	0
5	-10	2	0	0	0	0	0	0
5	-10	3	0	0	0	0	0	0
5	-10	4	0	0	0	0	0	0
5	-10	5	0	0	0	0	0	0
5	-10	6	0	0	0	0	0	0
5	-10	7	0	0	0	0	0	0
5	-10	8	0	0	0	0	0	0
5	-10	9	0	0	0	0	0	0
5	-10	10	0	0	0	0	0	0
5	-10	11	0	0	0	0	0	0
5	-10	12	0	0	0	0	0	0
5	-9	-12	0	0	0	0	0	0
5	-9	-11	0	0	0	0	0	0
5	-9	-10	0	0	0	0	0	0
5	-9	-9	0	0	0	0	0	0
5	-9	-8	0	0	0	0	0	0
5	-9	-7	0	0	0	0	0	0
5	-9	-6	0	0	0	0	0	0
5	-9	-5	0	0	0	0	0	0
5	-9	-4	0	0	0	0	0	0
5	-9	-3	0	0	0	0	0	0
5	-9	-2	0	0	0	0	0	0
5	-9	-1	0	0	0	0	0	0
5	-9	0	0	0	0	0	0	0
5	-9	1	0	0	0	0	0	0
5	-9	2	0	0	0	0	0	0
5	-9	3	0	0	0	0	0	0
5	-9	4	0	0	0	0	0	0
5	-9	5	0	0	0	0	0	0
5	-9	6	0	0	0	0	0	0
5	-9	7	0	0	0	0	0	0
5	-9	8	0	0	0	0	0	0
5	-9	9	0	0	0	0	0	0
5	-9	10	0	0	0	0	0	0
5	-9	11	0	0	0	0	0	0
5	-9	12	0	0	0	0	0	0
5	-8	-12	0	0	0	0	0	0
5	-8	-11	0	0	0	0	0	0
5	-8	-10	0	0	0	0	0	0
5	-8	-9	0	0	0	0	0	0
5	-8	-8	6.0103320990931019947e-06	-4.2519512450477940164e-06	-8.5160508598935581574e-06	8.640400878150280699e-07	1.2272508421826746269e-05	-3.5215096159698992242e-06
5	-8	-7	-6.2520763948399292589e-06	-2.3510881598561954715e-05	-1.4002859205712714212e-05	-1.8814439596536906103e-05	1.1537498810214582025e-05	4.7087298256407825411e-06
5	-8	-6	-5.2593548258427768607e-05	1.8848006453348124835e-06	-2.3134212643423833852e-05	-4.5764172937357274985e-07	-1.2982340024124698193e-05	2.1808561769437738577e-06
5	-8	-5	1.1215088420039770229e-05	-7.8039219086854624732e-06	-1.0727771621206768669e-05	6.3605423798160925459e-06	2.83795230139706001e-05	-1.7980789716391212579e-05
5	-8	-4	5.7256480319950410815e-06	-5.06539070152409472e-06	8.0084747184989248981e-06	-1.2395635057929273881e-05	-8.8598893970040471738e-06	1.8459531738953430209e-05
5	-8	-3	-6.7331963560958249271e-06	-1.7351197574963056854e-05	-1.8926739459825361266e-06	-2.1868000841160950315e-05	-6.1748634042062776938e-06	2.9396006284824106083e-05
5	-8	-2	-1.6669804949982180547e-05	-3.2813227844796346634e-05	-9.5629749018603365244e-06	-2.017292636597977089e-05	-3.4226127675141044228e-06	-1.3413641480717908604e-06
5	-8	-1	1.0353141954382971934e-05	-3.3648777991764795283e-06	4.8808663849818070748e-06	-2.5209578031953321645e-06	1.2718778692060408154e-05	3.343273429680260945e-06
5	-8	0	1.8726255913108013029e-05	-1.7701120762280087912e-05	1.1703909945692508567e-05	-1.1063200476425056216e-05	7.1995821739625607104e-06	9.1773834736124650454e-06
5	-8	1	-1.2011599555697646919e-06	-1.0042949005937423868e-05	2.1666882842381896916e-06	-7.8079178408091813194e-06	2.333930605175433824e-05	-1.2248597696786322743e-05
5	-8	2	1.7295653236956324379e-05	-2.3161100970234615391e-05	8.312247608008846962e-06	-2.0030694136115021392e-05	-9.9901426603554214053e-06	-2.2220024118873545396e-05
5	-8	3	-1.9990982572241193899e-06	-3.2402576359299658132e-06	-3.2006086108454845756e-06	-8.6244732115817673108e-06	-5.2031258668810936418e-06	-1.7598165837668101446e-05
5	-8	4	6.3742421794796464926e-06	-2.3875632525155490558e-06	1.4400071643389648855e-05	-2.5178555000007339574e-06	2.0832340562429741288e-05	-2.0512569343570315949e-06
5	-8	5	-8.0154036853346467042e-06	1.7926827394605416048e-05	1.5113111407989727257e-05	3.991251273874462383e-06	3.219638193811821201e-05	-1.1540825356406276574e-05
5	-8	6	4.4925300520290074223e-06	-1.4058138811623433606e-05	3.1914708128850273088e-06	-8.3980167946626605948e-06	5.1151937382253057946e-07	5.1775995013598047504e-07
5	-8	7	1.4611721906365669055e-05	-1.4735460281401009972e-05	8.6080400053547091922e-06	-5.9409967517436018872e-06	-5.9918421271295316578e-07	3.7356181990080331747e-06
5	-8	8	1.3963292513110226564e-06	1.0286617954388729276e-05	2.8974235305224363768e-06	3.3998849287869125496e-05	2.0247177484530472959e-06	2.7569713066376171816e-05
5	-8	9	0	0	0	0	0	0
5	-8	10	0	0	0	0	0	0
5	-8	11	0	0	0	0	0	0
5	-8	12	0	0	0	0	0	0
5	-7	-12	0	0	0	0	0	0
5	-7	-11	0	0	0	0	0	0
5	-7	-10	0	0	0	0	0	0
5	-7	-9	0	0	0	0	0	0
5	-7	-8	-1.4032813722967659906e-05	4.0250298806599500232e-06	-1.8356575832877667728e-06	2.194875731829922476e-05	-7.164308191477991621e-06	-1.6689518978099351947e-05
5	-7	-7	1.7451140637301147749e-05	-1.2445165613154932877e-05	1.2545522893334325098e-05	-2.9192020820829673764e-06	-8.0422438119218621164e-08	-5.970201927313413976e-06
5	-7	-6	7.3072763937986535241e-06	2.2942414683186645335e-05	1.0504264512481309502e-06	6.1177341698498396551e-06	4.863899468376058389e-06	1.198132237116405917e-05
5	-7	-5	1.6860104689636382747e-05	7.8663143289919990997e-07	6.6578710405944166017e-06	-1.2335059346304247862e-05	7.539085232804197811e-06	1.8055714517725147256e-05
5	-7	-4	2.0954191521517784573e-05	8.2584549084697493447e-06	2.9525090219223448784e-07	-1.5516126954162784196e-05	2.5676050323060822057e-05	3.7476290805372063683e-05
5	-7	-3	-3.0046268392585821869e-05	-3.857170858874845331e-06	-1.8453134053332044697e-05	3.6925048092174622474e-07	-7.0198011965349341323e-06	-7.2902025536088171486e-06
5	-7	-2	7.3786683874306171127e-06	-1.7642944049253550109e-05	4.407003423535857327e-06	-1.328768522794691565e-05	3.0221589862010412903e-06	2.3995381746803337385e-06
5	-7	-1	-2.67483782385336219e-05	4.5010464013146099025e-06	-1.8077621159803511261e-05	-1.8750823416672237884e-06	-7.19854307404354931e-06	3.5630808398243618996e-05
5	-7	0	1.8820350028132247928e-05	-1.7688211328093436116e-05	1.3443107162951604695e-05	-1.263443666292388415e-05	1.1659515798285977647e-05	4.2390766724991418108e-05
5	-7	1	4.6498454187459439509e-05	1.1205132599700139509e-05	3.7635984924769070442e-05	7.7740813347738959698e-06	3.0959623536086295552e-05	-1.6070936550834327421e-06
5	-7	2	1.2468663333777856212e-05	4.8387821644470495059e-05	1.885431576941347826e-05	2.9957367589931161692e-05	3.4818446858502536767e-05	-1.6118767546417178503e-05
5	-7	3	7.4924884540897035842e-08	8.4921339157074273818e-06	4.39587496770330168e-06	9.8047256120585753598e-06	1.0132166783739543248e-05	8.7241365686242934818e-06
5	-7	4	-8.9728202830472499079e-06	5.9917039301801548225e-06	1.374847308757664399e-05	1.5144971415192925321e-05	3.5275853257068187673e-05	1.9014070063862424512e-05
5	-7	5	1.3427540347316607903e-05	-1.9080655854928716005e-05	3.2470883110269603154e-05	1.1335583137078579743e-05	3.2031696007060842272e-05	3.4950472246838730018e-05
5	-7	6	1.1015938212556387118e-05	-1.9773608160416495245e-05	2.0498451764434266441e-06	1.0479757715507083946e-05	-6.788462471279658321e-06	2.8704390801772011206e-05
5	-7	7	-1.7667020036628354289e-05	-2.581577522909836599e-05	9.3114289656079463016e-06	-2.5506304314901839618e-05	2.1930728991771057234e-05	-7.0664648655458635478e-06
5	-7	8	7.4153195746070473706e-06	5.0404276855471557593e-06	-4.4902455147457518905e-06	-1.2497510500102020631e-05	-8.5635395595319369815e-06	-1.4085588991056241143e-05
5	-7	9	0	0	0	0	0	0
5	-7	10	0	0	0	0	0	0
5	-7	11	0	0	0	0	0	0
5	-7	12	0	0	0	0	0	0
5	-6	-12	0	0	0	0	0	0
5	-6	-11	0	0	0	0	0	0
5	-6	-10	0	0	0	0	0	0
5	-6	-9	0	0	0	0	0	0
5	-6	-8	-1.0638272795502338775e-05	-1.0134075203022052536e-05	-1.7005283156802035953e-05	1.9002408555478966817e-05	6.1050418704125656544e-06	-2.0585603418498009854e-05
5	-6	-7	-9.6477312402040297015e-06	-1.5699691041894544522e-05	6.1318970441513965253e-06	-1.953716735329006935e-06	-1.2147148352275504435e-05	-9.5394506853569553965e-06
5	-6	-6	-3.038611890512858869e-05	-1.2607293109744820497e-05	-3.5875689088924286223e-05	5.6143859975155270233e-06	1.0553923334650459491e-05	-1.6120463588969544951e-05
5	-6	-5	1.7586863294613622178e-05	1.4432847788287424788e-05	9.619940986428880122e-06	-1.1250923502273011321e-07	6.0429341108989658617e-06	1.4567858870314699828e-05
5	-6	-4	-1.6780954765644815748e-05	2.8188505797665244578e-05	-2.2441243912567871653e-05	5.9003937944603179525e-06	1.2685672411795785252e-05	2.638504155539107837e-05
5	-6	-3	-2.1875596504381340432e-05	-1.5690616552104557821e-05	-7.5205018240997178889e-06	-1.7262361381789832475e-06	-2.1418323859102801664e-05	-2.2698555310482962643e-05
5	-6	-2	3.7749735152816972646e-05	7.928097611438659169e-06	1.7713248598744445802e-05	-6.0491056129454571748e-06	4.1234592085809090823e-05	3.7967560867433020294e-05
5	-6	-1	2.5979882648954928653e-05	-3.9433745523538418158e-05	2.2215068592601494736e-05	-2.4064418847693126865e-05	-3.3909983108343213396e-06	-5.2782214531533329599e-05
5	-6	0	-3.1271095410610191085e-05	2.7672961326091290353e-05	-2.6059246175508491442e-05	2.3060801105076074165e-05	-4.2504047774596024733e-05	-7.4630793635399004494e-07
5	-6	1	-2.3038450539772101863e-06	3.2436754606722437687e-05	-2.7872594580887132328e-06	2.8198545281287624992e-05	-5.2043314786462288886e-06	7.0074986541135564361e-06
5	-6	2	1.3628661179045780809e-05	-2.9954968710150616564e-05	-2.4994631940129592417e-06	-4.2963822025725742861e-05	-4.1570042529653332289e-05	-5.4004044301800699032e-05
5	-6	3	6.9658441977235732324e-06	-2.9893674157389628311e-05	3.3696630497637041836e-06	-2.4288389968030661182e-05	-4.8704142300118797887e-06	1.2460103262547252434e-06
5	-6	4	-1.5665791135689721703e-05	-2.1339634520454953749e-05	-1.090866310966732576e-05	1.6625207494490123707e-05	3.2192442551111643355e-06	5.1612354392303873513e-05
5	-6	5	-3.5847985566072259559e-05	2.7662478772345838816e-06	-2.1023635739758866052e-05	-9.5008722230395256192e-06	1.0619622678361615554e-05	-1.4167294544882014963e-05
5	-6	6	4.3419996408215580746e-06	-1.0581180605276635735e-06	8.1703963375922120843e-07	-4.9918441136509097091e-06	-2.8012934002587439596e-06	-4.1100790632111905233e-06
5	-6	7	-1.0809630219655104019e-05	2.1629457897345868352e-06	-1.2622905088380379328e-05	3.8905106566661405566e-06	-3.0984684902866798951e-06	1.7897621416177013091e-06
5	-6	8	-6.5553467585383446458e-06	1.132450292276168079e-05	-6.9763729019861086454e-06	2.3549388802681282296e-07	-1.1351879524031161863e-06	-6.9011939107059412139e-06
5	-6	9	0	0	0	0	0	0
5	-6	10	0	0	0	0	0	0
5	-6	11	0	0	0	0	0	0
5	-6	12	0	0	0	0	0	0
5	-5	-12	0	0	0	0	0	0
5	-5	-11	0	0	0	0	0	0
5	-5	-10	0	0	0	0	0	0
5	-5	-9	0	0	0	0	0	0
5	-5	-8	5.5326893661269746353e-06	-2.0682024024472454063e-05	2.6518387382799586654e-06	-5.0969210040950563913e-06	1.8005316424043849283e-06	-9.7406893877358737563e-06
5	-5	-7	-3.7273912690985626311e-07	-1.3488237810681388482e-05	-2.3454434999270697192e-05	-1.5366167268491119657e-05	1.6486925623114886415e-05	1.341378184149807347e-06
5	-5	-6	2.586794384304311485e-05	-2.7938859900255912457e-05	3.5183612202624564547e-05	-1.5789724583512877303e-05	-7.7630569663178730535e-06	-1.0124279430619195398e-05
5	-5	-5	-6.3344389409373911217e-06	2.19596127121186322e-05	4.9262610024623600778e-06	7.5873134824744356097e-06	-1.1260699943399751199e-05	1.4372299229644198285e-05
5	-5	-4	3.4791842541940891376e-05	4.0851723003285183536e-05	1.0604232221238626055e-05	2.2691078539598442829e-05	3.0234512900877828263e-05	2.2700805579608421649e-05
5	-5	-3	-3.5953049188870566538e-05	-3.1270669809800191545e-05	-1.7435018580040319611e-05	-1.216207470260984754e-05	-3.0863384348050408156e-05	-3.1847658511983910064e-05
5	-5	-2	4.9055926227983468173e-05	9.6729963833661491317e-06	8.8591485307107979518e-06	2.721190569576948485e-05	0.00010049194424318167471	-4.3847273281008339297e-05
5	-5	-1	-6.0033491486267694009e-06	-3.9120978191592225637e-05	-1.394398820231116222e-06	-3.2307968561595544921e-05	-2.3044751641978263989e-05	-3.4065048149983410356e-05
5	-5	0	-1.8080138770049207684e-06	2.0550613453928796831e-05	-1.8080138770049207684e-06	2.0550613453928796831e-05	-5.4950586019171605216e-05	-1.4727271264632406188e-05
5	-5	1	-1.7367450721749282398e-05	8.4285240354813492457e-06	-2.3352358173212615455e-05	7.9811535634519328701e-06	-2.9924537257316651733e-05	-2.2368523601470844192e-06
5	-5	2	4.9004477513587956785e-05	-2.6604565376568575064e-05	4.9052984884758638366e-05	-3.0152611111356894064e-05	1.2126842792670620117e-07	-8.870114336970797499e-06
5	-5	3	2.6549605885881416502e-05	6.9209072632874083075e-07	2.9851462565720416795e-05	-1.4064850828307276173e-05	5.5030944663983332577e-06	-2.4594902591060027069e-05
5	-5	4	-1.0005193078653415643e-05	-9.8964193978960217086e-06	2.9370256175527793629e-05	3.1067916113646340981e-05	4.9219311567726511166e-05	5.1205419389427952515e-05
5	-5	5	-6.9810334618051504422e-06	-3.4617471169350126242e-06	1.107090157451947361e-05	1.8565620671896751118e-05	1.8051935036324626594e-05	2.2027367788831766707e-05
5	-5	6	-2.5704976214615797044e-05	-1.831286969058935069e-05	-4.7534708752765628335e-06	-1.9135645824098066516e-05	1.7459587782782695316e-05	-6.8564677792392862009e-07
5	-5	7	-1.2967686265949422285e-05	3.4570288273405400277e-05	-1.6333259513361074851e-05	2.8939706609347028366e-05	-2.4039808910083242295e-06	-4.0218440457559809047e-06
5	-5	8	-2.0008277377773292722e-05	2.2983843509248323201e-05	-4.051897757674565527e-06	1.7400205813519692497e-05	9.9727372625617040732e-06	-3.4897735598303946133e-06
5	-5	9	0	0	0	0	0	0
5	-5	10	0	0	0	0	0	0
5	-5	11	0	0	0	0	0	0
5	-5	12	0	0	0	0	0	0
5	-4	-12	0	0	0	0	0	0
5	-4	-11	0	0	0	0	0	0
5	-4	-10	0	0	0	0	0	0
5	-4	-9	0	0	0	0	0	0
5	-4	-8	5.7952226462022310202e-06	-7.9900457093875280033e-06	1.3011373302630267458e-05	-1.0121924245337261613e-05	-2.8836724974387394474e-06	6.7183554301425883821e-08
5	-4	-7	-1.0395939591861313929e-05	1.0231674994035001457e-05	9.2198143415003089518e-06	-1.3403461844344172939e-05	-1.269413647504397245e-05	1.496746033536452916e-05
5	-4	-6	-1.452514452955052411e-05	2.3047355903864608458e-05	-1.8782908311163810197e-06	3.2034373777748280268e-05	-1.0852093220547850118e-05	-2.1501192652783471692e-06
5	-4	-5	2.0752595127797371355e-05	2.1900924364291490825e-05	8.2085204329445667732e-05	1.8511696464567285096e-05	-4.491556833575915741e-05	7.0915671926376620707e-06
5	-4	-4	5.220180020722948929e-05	-2.5215159305086803595e-05	1.2353930624589319487e-05	1.8982940352955092141e-05	5.2898319634447538737e-05	-5.0501889484313593247e-05
5	-4	-3	-2.2050761602339815335e-05	-4.0599763500803828125e-05	-7.4713249214918654511e-05	-4.5412410646962565503e-05	6.2866396282658507013e-05	-7.1163916387229609497e-06
5	-4	-2	-1.0146413005824202463e-05	5.6733710274968866003e-05	2.867633968172413571e-05	5.0790069192572962918e-05	-8.2718711878008787742e-05	4.0254137302276229006e-05
5	-4	-1	-1.3492382629932199748e-05	3.406448626941322225e-05	-5.7224282684743282162e-05	3.5042114463624025205e-05	0.00016143521758931212991	3.0153973492570020591e-05
5	-4	0	-1.9640333037576989642e-05	-3.6340015050939011778e-05	-2.4550416296971237052e-05	-4.5425018813673763028e-05	-3.3950954486727271103e-05	-8.7998156855844441443e-05
5	-4	1	-7.0968044949474727232e-05	1.8710200854985599862e-05	-9.0760831224608585458e-05	2.8557362174613739491e-05	-8.203100151060739554e-06	2.0678444423526958656e-05
5	-4	2	1.9988674118933870839e-05	-3.3811076371565998097e-05	2.1999988905768763024e-05	-1.3408222426853085466e-05	-5.9717074857971527436e-06	5.7711246075208831087e-05
5	-4	3	-2.3807691883440765685e-05	-4.1963925559697544243e-07	-4.4314783100656101298e-05	-2.5051555789562269388e-05	-1.9406890995140189997e-05	-3.2702675626754737471e-05
5	-4	4	-5.7727386801202138121e-06	-2.7592805338663001485e-05	4.0910064786483313424e-05	-3.8634449321688272999e-06	4.8125988136633583866e-05	3.0627561741159925403e-05
5	-4	5	3.2231013735744419756e-06	3.6310662800220757176e-05	-5.908706739615419256e-06	2.2849374734274770042e-05	-7.9500667652667772109e-06	-1.8031163012800941142e-05
5	-4	6	-3.6638890887581368342e-05	-4.1970592817764949324e-05	-4.7781790557269863864e-05	-8.5785879851087762355e-06	-1.3221179651954366128e-06	2.925643535806493915e-05
5	-4	7	-1.5874670850064085407e-05	-2.1407795110978573443e-05	8.7767062098599901617e-06	-2.5166963603763417224e-06	1.6354311298537199692e-05	1.38531700161982153e-05
5	-4	8	-1.6621287129375003302e-05	-3.1320526423413851874e-06	7.6970238838864603011e-06	4.7266009031440372966e-06	1.4236816397802607638e-05	4.3208333530353843375e-06
5	-4	9	0	0	0	0	0	0
5	-4	10	0	0	0	0	0	0
5	-4	11	0	0	0	0	0	0
5	-4	12	0	0	0	0	0	0
5	-3	-12	0	0	0	0	0	0
5	-3	-11	0	0	0	0	0	0
5	-3	-10	0	0	0	0	0	0
5	-3	-9	0	0	0	0	0	0
5	-3	-8	-1.3345904309241740505e-05	1.4586594142243947559e-05	3.0536251406811689953e-05	-3.7543268936616773967e-05	-1.9792284470830470066e-05	2.3195347190133756615e-05
5	-3	-7	-8.5049810926181488809e-06	-3.6517833811004883507e-05	-2.4206162000740332011e-05	-3.7631594332529770845e-05	4.2990829341614641553e-06	-9.9563408653478706908e-06
5	-3	-6	-8.419932688611803898e-06	-1.3331903276395881832e-05	-6.9939528224233852258e-07	1.3852561379535160418e-05	-6.6669129327220002655e-06	-1.803620008676414812e-05
5	-3	-5	-2.2827396017816555456e-05	4.5629071940949284415e-05	-2.0609075685435077161e-05	7.9021623724733260367e-06	-1.0461950606555508482e-05	4.0887774517465282694e-05
5	-3	-4	-4.8438178766330161683e-05	1.536121302511784739e-05	-5.9779430188463422323e-05	1.3803093924681817067e-05	-1.5713150816565131973e-05	8.8491958378859481314e-06
5	-3	-3	5.6627227162180537206e-05	1.0489406401681456354e-05	6.4178974880839054218e-05	2.0566428472606417232e-05	3.0199737056128512309e-05	-3.0840844698039898341e-06
5	-3	-2	-1.1322453090201829631e-05	-7.0319588681682802583e-05	-2.458753909774609236e-05	-0.00016100147137906799352	8.5751759211145627693e-06	6.5703235364394970276e-05
5	-3	-1	1.9012291450352421788e-05	-3.0757761460982138142e-06	3.7917232526342408555e-05	-2.050527497193350564e-05	-1.8690240327265116726e-05	4.613694418530944573e-05
5	-3	0	2.2613081586124888524e-05	1.9720989057248080022e-05	3.7688469310208143022e-05	3.2868315095413470092e-05	-0.00013924070037553542829	-5.9055929937894561989e-05
5	-3	1	-7.3684671472924476455e-06	-6.4418587140803023347e-05	-6.098761053885895686e-06	-0.00010361307350319287027	1.854605257480455117e-05	1.1253715194436517781e-05
5	-3	2	6.4665941248739528408e-06	-6.1717408148974972206e-06	-1.3984209730819896782e-05	-2.8509485946955619189e-05	-3.7142799908414724733e-05	-2.7334876883189689544e-05
5	-3	3	-2.9048918442128879042e-05	-2.3912408347640187349e-05	-1.7132315214599499623e-06	-8.6983991651387091137e-06	4.6701632548754849642e-05	3.1155614747594940421e-05
5	-3	4	-4.3899873768668625938e-05	2.9806287145243609885e-05	-1.3105912434164930188e-05	-3.8280906874017314051e-05	4.5045407885212083087e-05	-6.59685390870674962e-05
5	-3	5	3.85943557413668826e-05	-1.7400788314278410493e-05	4.6146885593581420354e-05	-3.4046332697672795681e-05	-1.0906224385218029371e-05	-3.0270113043252652214e-06
5	-3	6	-2.6244128165048359234e-05	1.4299796065244778432e-05	8.7518216059943354962e-06	-3.1915763615570014316e-06	2.6246017607204132364e-05	-1.3512284901815815088e-05
5	-3	7	2.9898195564444542263e-05	1.8181758236322762587e-05	1.4727153387612092056e-05	1.1873310975266451999e-05	-1.5044216808483775965e-05	-7.8984083222592098278e-06
5	-3	8	3.5242324070541979921e-05	1.50063868112244897e-05	4.195803731929647083e-05	-6.1075709326473184491e-06	-6.2921885493525600422e-06	-1.1669330856758049951e-05
5	-3	9	0	0	0	0	0	0
5	-3	10	0	0	0	0	0	0
5	-3	11	0	0	0	0	0	0
5	-3	12	0	0	0	0	0	0
5	-2	-12	0	0	0	0	0	0
5	-2	-11	0	0	0	0	0	0
5	-2	-10	0	0	0	0	0	0
5	-2	-9	0	0	0	0	0	0
5	-2	-8	-4.5687621895477841547e-05	-1.3709627712588081993e-05	-4.730652339759758365e-06	-3.2277681325196418529e-05	-2.7372100599733711164e-05	-4.9909698906844640193e-07
5	-2	-7	1.5746054556597403662e-05	3.1179350325203614137e-06	4.1468166065516213754e-05	-4.1266586484876010218e-06	-6.0086562114934562347e-07	3.4061417799395729118e-06
5	-2	-6	4.8798677172256450037e-05	4.0542641048119324311e-05	-3.3286625956307369254e-05	6.812961731796394289e-05	5.1761106295649502633e-05	1.1075661767444787602e-05
5	-2	-5	-8.7697835710755491704e-05	4.2559180551748819636e-06	4.7965576966388537392e-05	5.5126828323531347985e-05	-0.00010688406649731091479	-1.7794813274237657061e-05
5	-2	-4	7.1444925714642733717e-05	-3.4150199933342834124e-05	4.7038678994117440874e-05	2.9877578006573775121e-05	6.5786817646244706874e-05	-5.7626538919965430215e-05
5	-2	-3	1.2448245677340384513e-05	1.6089976142215653914e-05	0.00011016748952638697346	8.4876836249968203463e-05	-5.2697916888690670833e-05	-2.9767930596286046915e-05
5	-2	-2	-2.5246555150343553991e-05	5.7870347806512431751e-05	-9.2115216914866570176e-05	0.00012703122543131543064	2.8998829039007680117e-05	1.7644644084965635186e-05
5	-2	-1	-9.6555468980751798955e-06	-1.9407609436504061936e-05	-3.9558080047799162112e-05	-2.8624496348706810882e-05	3.0838425605222416276e-05	-3.9789054485106694692e-05
5	-2	0	7.388041934704080659e-05	-9.9713987169807370389e-06	0.00018470104836760203003	-2.4928496792451840903e-05	6.8450936803863618994e-05	-0.00021104225555497902345
5	-2	1	-2.2959841997489233259e-05	4.4156065058035532907e-05	-1.0455744322556643962e-05	4.8832335281273586117e-05	9.3887721342332874984e-05	-0.00012311565472763051263
5	-2	2	-7.7974581374846497675e-06	-2.2111965439750058579e-05	3.5778824529474809299e-05	-0.00010193534262599340573	5.5272469873186429483e-05	-4.6655429026618260979e-05
5	-2	3	1.6730860829431131592e-05	-4.2486963453634241593e-05	2.8831787309813151042e-05	-0.00011746660587511226377	-8.6635765091764519591e-06	-7.4994648273510963624e-06
5	-2	4	1.3496599179200027856e-05	3.1809362175634602608e-05	1.2551318262285987093e-05	-2.2894982710951348792e-05	-1.0595089842857040427e-05	-5.1209194075018924267e-05
5	-2	5	6.3043850609478711158e-06	1.7121032781042150339e-05	-3.2924597337766556152e-05	-9.7704163637072240624e-06	-1.9474223996054493068e-05	-2.1029199326525040641e-05
5	-2	6	-4.1766475765010429417e-05	8.2811185864169558658e-06	-2.1876988628090334127e-05	2.6777899206460584929e-05	2.7513066928145245342e-05	2.0250342468060645234e-06
5	-2	7	-2.541389545441610041e-05	-1.2388783426570277311e-05	-2.175393279898465713e-05	2.0173969010049539905e-05	1.1937373096301598014e-05	1.4613122164707209239e-05
5	-2	8	-2.7119110623874995402e-05	2.5215153128394247054e-05	-1.2574013949929731216e-05	5.4469386807291649431e-06	1.3805940652439438899e-05	-1.4397736035064112538e-05
5	-2	9	0	0	0	0	0	0
5	-2	10	0	0	0	0	0	0
5	-2	11	0	0	0	0	0	0
5	-2	12	0	0	0	0	0	0
5	-1	-12	0	0	0	0	0	0
5	-1	-11	0	0	0	0	0	0
5	-1	-10	0	0	0	0	0	0
5	-1	-9	0	0	0	0	0	0
5	-1	-8	-5.2568176806714860265e-05	4.850109899236736142e-07	2.4042074019876868464e-05	9.4017305656102897126e-06	-3.586036975668139453e-05	-8.7208445199899013903e-07
5	-1	-7	7.7316015506027475055e-06	-9.5862211442177631195e-06	-3.0887878152333846885e-05	3.9411944607324725419e-05	9.9351265579067975312e-06	-1.2477578618344790606e-05
5	-1	-6	4.9166580851122599995e-06	1.7157291328110386947e-05	1.8111317151292434513e-05	5.7395626135471923004e-05	1.0786622123781441768e-06	4.7318050841800008262e-06
5	-1	-5	6.6331744273479020106e-07	2.5491015703408968123e-05	8.2365749103822387438e-06	1.3684340942699102953e-05	-9.8399753934165739948e-07	2.2754147514869147871e-05
5	-1	-4	4.2770633070887432168e-05	-1.0386773404131504299e-05	-6.6893193427621343706e-05	4.5665992262455121415e-05	7.0186589695514622748e-05	-2.4399964820778159881e-05
5	-1	-3	3.7425402261294656134e-05	1.637858369399136928e-05	-1.98168921441929137e-05	-3.4315551727666346901e-05	6.898130115022206479e-05	3.8736156732541065562e-05
5	-1	-2	4.3453921575946454273e-05	-4.7698870225719063921e-05	1.2468055743163796028e-05	-0.00011050289504562265319	0.00010240077606828423004	-6.3995728041486323046e-05
5	-1	-1	2.5914611028748780314e-05	1.3910769748594053669e-05	0.00013332950441610904408	-8.3366123863784379917e-06	-3.7564492723651509836e-06	7.7890461129348709723e-05
5	-1	0	-1.138125513868304513e-05	-1.5771872709394373596e-06	-5.6906275693415220567e-05	-7.885936354697186586e-06	-0.00022180212417584259745	-1.4748507179742492362e-05
5	-1	1	1.049370501349721033e-05	1.4805107987611460584e-05	-6.5575483217559642777e-05	-2.9449161076742044779e-05	-0.0001180440082850457012	-0.00010347470101479934262
5	-1	2	1.5687420543301711036e-05	3.0360701239954989474e-05	0.00010641368818670395209	-5.2991183396234716667e-05	1.398829273509769676e-05	-0.00010239734479800483371
5	-1	3	-2.2399738589683886069e-05	1.4945738612014758907e-06	-9.4481326892669514395e-05	5.4020897381307813787e-05	5.8391220185833072928e-06	1.5516009358433477194e-05
5	-1	4	-4.886819096693431673e-05	-9.8088176613187900966e-05	-2.4019778018570746541e-05	-0.00011021174274133263625	5.5080294204025210972e-05	9.5057285081151713757e-05
5	-1	5	-2.2183694018094418762e-05	7.0417912651193862871e-05	6.7052472226199467689e-07	0.00011162452068071738738	2.2317798962546817634e-05	-4.8093008515050388106e-05
5	-1	6	-1.7285256316319482037e-05	-1.4283095197322896513e-05	-3.2184805814667422008e-06	-2.0170463040191443862e-05	1.3867966833355112107e-05	8.5408354910705075799e-06
5	-1	7	-2.3990858070166280904e-05	-1.7489974142698453893e-05	2.6924657852267884229e-05	-1.5465822891832093337e-05	2.098270688615704125e-05	1.0283435403094310634e-05
5	-1	8	-1.4610114286449618257e-05	-1.3362816103549769972e-05	2.9039166839205005934e-05	-2.473368680271421333e-05	1.2761217283931637999e-05	5.2600492143793297779e-06
5	-1	9	0	0	0	0	0	0
5	-1	10	0	0	0	0	0	0
5	-1	11	0	0	0	0	0	0
5	-1	12	0	0	0	0	0	0
5	0	-12	0	0	0	0	0	0
5	0	-11	0	0	0	0	0	0
5	0	-10	0	0	0	0	0	0
5	0	-9	0	0	0	0	0	0
5	0	-8	-8.7659378232824176073e-06	-2.2198655007807243267e-05	4.3518509564516974405e-06	-2.7010470089782124192e-05	-5.4787111395515112163e-06	-1.3874159379879527889e-05
5	0	-7	-1.8776881365588027014e-05	2.7082633244504998929e-05	-1.3647840812957214395e-05	1.865523347797837887e-05	-1.3412058118277161669e-05	1.9344738031789283981e-05
5	0	-6	-5.6308894713210187321e-05	-4.0639060530616775524e-05	1.2399062212606261441e-05	-6.3673860711984422346e-06	-4.6924078927675152712e-05	-3.3865883775513975086e-05
5	0	-5	2.7212458925333237901e-05	-5.9001020395501969644e-06	-5.584773006461708002e-05	1.3484011354052350328e-05	2.7212458925333237901e-05	-5.9001020395501969644e-06
5	0	-4	-5.701217817351215397e-05	-8.8005428172361998526e-06	4.9223543718100531107e-05	4.1769703877466010048e-05	-7.1265222716890194157e-05	-1.1000678521545249392e-05
5	0	-3	7.552532213027115355e-05	-2.1667897420152700617e-05	4.6779969365158815208e-05	-5.2414707614384520442e-06	0.00012587553688378524236	-3.6113162366921168825e-05
5	0	-2	8.2153996608866095637e-05	-8.1372884430776726094e-06	0.00013664415376578987029	-7.8764720094196246703e-05	0.00020538499152216523232	-2.0343221107694180676e-05
5	0	-1	1.081380764429745839e-05	9.7404885074356104983e-06	1.3978221050413649571e-05	2.2102125222604115668e-05	5.4069038221487288564e-05	4.8702442537178054186e-05
5	0	0	0	0	-3.4066286202242679999e-05	6.8623385135830288059e-05	-7.7704916353369134262e-05	0.00018758864476881985817
5	0	1	-3.7456862233043945072e-06	1.983458896596655978e-05	9.0222613925315713274e-05	0.00017266668584202729802	1.8728431116521972112e-05	-9.9172944829832798902e-05
5	0	2	7.1183509016006630654e-05	2.259942642429584248e-05	9.1435644253217066946e-05	0.00011658525601485576827	-0.00017795877254001658341	-5.6498566060739609587e-05
5	0	3	1.6447144690446875262e-06	9.8693176065735567325e-06	8.7496830421070494166e-05	-7.5544124942671789301e-05	-2.74119078174114623e-06	-1.6448862677622593989e-05
5	0	4	4.2735191385392454883e-05	-2.3395213938587818432e-05	-1.3567172599417196458e-05	7.15457096232362781e-05	-5.3418989231740571992e-05	2.9244017423234773887e-05
5	0	5	2.1183801892549097606e-05	-5.0946951602540218814e-05	-4.26332189141527727e-05	-7.9826170323872486153e-06	-2.1183801892549097606e-05	5.0946951602540218814e-05
5	0	6	-1.4462915940668630719e-05	-8.9444102755735511792e-07	-2.4395606557251582136e-05	6.6877382510051036822e-06	1.2052429950557193113e-05	7.4536752296446254533e-07
5	0	7	2.0556918755692556179e-06	-1.4297883076675967398e-06	-2.2860767367056526359e-05	1.7761192820343681169e-05	-1.4683513396923253203e-06	1.021277362619712078e-06
5	0	8	-2.7561545815426817524e-05	2.8656985890451116704e-05	1.4767703976744185463e-05	2.9297633510315652212e-05	1.7225966134641759682e-05	-1.7910616181531948787e-05
5	0	9	0	0	0	0	0	0
5	0	10	0	0	0	0	0	0
5	0	11	0	0	0	0	0	0
5	0	12	0	0	0	0	0	0
5	1	-12	0	0	0	0	0	0
5	1	-11	0	0	0	0	0	0
5	1	-10	0	0	0	0	0	0
5	1	-9	0	0	0	0	0	0
5	1	-8	8.919334418066056296e-06	-6.8889637623070308834e-06	1.6794211326068073364e-05	6.1313033914203174187e-06	7.6738604270497937201e-06	-3.5391894275143546248e-06
5	1	-7	1.8581689235567945252e-05	2.2928609500892642599e-05	-1.3559319328214339728e-05	-3.7828784989002251307e-05	1.1335589549946483549e-05	1.0973466073637281451e-05
5	1	-6	2.2436298594513030493e-05	1.0869643573204953662e-05	-4.364000636017581605e-05	-2.9360734862807880114e-05	1.1423581102064889967e-05	4.164580500536148033e-06
5	1	-5	9.984551882872688542e-06	-5.0334598384412389922e-05	2.6954485861900187945e-05	-4.9024469868502189751e-05	1.5375449055252727486e-05	-6.0139492358112825161e-05
5	1	-4	2.113278971163584389e-05	-2.5770902122653118203e-05	4.9273595888910149429e-05	6.9578755642793959713e-05	3.8734386111772341373e-05	-1.4818938742617908673e-05
5	1	-3	-1.622971189430460741e-05	-6.5771094208069640183e-05	1.596695265342017224e-05	0.0001160735706506675868	-2.1727202272700956066e-05	-7.092730012989353352e-05
5	1	-2	-1.6355642566872081599e-05	-7.07868300819441764e-05	2.8121290236615527152e-05	0.0001562232753067295467	-2.682846129887244381e-05	-9.8855437551495660875e-05
5	1	-1	5.3658737759072332738e-06	-2.9063883463691203807e-05	-0.0001371730317424540524	0.00017626478151276100481	-0.00011034366286291787248	3.0945364194304985782e-05
5	1	0	5.1871304834689636022e-06	2.9914197380497459965e-05	-2.5935652417344817164e-05	-0.00014957098690248729644	-3.382427575642040407e-05	-0.00010100611917576765824
5	1	1	-1.7012748883775957726e-05	-1.1011325254685477775e-05	9.3091592107552760343e-05	-5.0175895085989864731e-05	-8.0278476886729767961e-06	0.00010523252135941725191
5	1	2	4.4445459578122539031e-06	-8.88672270179385712e-06	-6.9023267491603743301e-05	1.0308430966642330651e-05	2.3400268851271235199e-05	1.7062591271163480016e-05
5	1	3	-5.0914125939128917879e-05	-5.1378674963555965124e-06	6.5589148339656149346e-05	8.1454669589582907017e-06	6.2993827118662811091e-05	5.8479568409398964397e-06
5	1	4	-4.1762061509836630061e-05	-5.5232711420261269946e-07	1.3369340793181416785e-05	7.3122746919570409811e-07	4.8860241689000433803e-05	5.0760202545433984979e-07
5	1	5	-3.9053393445197971256e-05	9.1233811547832003366e-06	1.5073512015747904934e-06	5.9551752450163876018e-05	3.875192320488301303e-05	-2.1033731644815973846e-05
5	1	6	-3.781874355248031821e-05	-2.6507258336612287021e-05	1.223007006321497426e-07	-5.5487478376615425929e-05	3.1495236176961575894e-05	3.1337295009946140683e-05
5	1	7	-1.2073339870612574318e-05	-2.6445451488128487799e-05	7.7357996363141932812e-08	1.6077450718110940957e-05	8.6127630509571043995e-06	1.6592829531790215941e-05
5	1	8	-1.310135531690411762e-05	-7.0979679423560244878e-06	-3.8788636497023485337e-05	2.4636970058032106986e-05	1.3036926635193008968e-05	1.3566087067185017199e-06
5	1	9	0	0	0	0	0	0
5	1	10	0	0	0	0	0	0
5	1	11	0	0	0	0	0	0
5	1	12	0	0	0	0	0	0
5	2	-12	0	0	0	0	0	0
5	2	-11	0	0	0	0	0	0
5	2	-10	0	0	0	0	0	0
5	2	-9	0	0	0	0	0	0
5	2	-8	-1.0504431376462684188e-05	6.4944912691643500345e-07	1.6138375862146972327e-05	2.2130145178496662294e-05	-2.530675644752434959e-06	5.9384419989469377948e-06
5	2	-7	3.423204762098725222e-05	-5.9434469692513453238e-06	-2.1740685861087940146e-05	-3.2614372839251086901e-05	1.8239838054680057789e-05	-1.3563711503536986016e-05
5	2	-6	-3.8113083532112798722e-05	-1.6227534335462061336e-06	2.5989656553286623038e-05	-3.4802492305237730413e-05	-2.3097684092331792385e-05	-1.29531252963677495e-05
5	2	-5	2.7288507060219580909e-05	4.3495259957145947607e-05	-2.0884170726230873855e-05	3.188360068650324358e-05	1.8934838769727232723e-05	5.6248700231747240973e-05
5	2	-4	4.3816675740845883308e-06	4.5170605505587568907e-06	5.0199018812705264233e-05	3.5888712278650522817e-05	3.0576593873958364989e-05	2.359068182752370731e-05
5	2	-3	-1.3058386680735661829e-05	-7.6770506656538296244e-05	1.9591703285426209115e-05	-2.1380545036823821702e-06	-8.7028422776086319994e-06	-0.00012937621409668542422
5	2	-2	-8.527251525917549176e-06	2.2441649965903266912e-05	5.8899245760185815421e-05	1.0627208290821453271e-05	3.7581116945391946716e-05	6.6731333205579618857e-05
5	2	-1	6.5588962655870554808e-05	5.804768021680171004e-05	-0.00018209770709131680149	-0.00015851906229732978869	-3.6250600903280822166e-05	-2.6799723510651057666e-05
5	2	0	2.948104885268589177e-05	5.6514786832896737922e-05	-7.3702622131714736202e-05	-0.00014128696708224185836	0.00019468793128950723659	0.0001166306895205871519
5	2	1	4.164030867311872998e-05	3.8629072357221091278e-06	-8.7385961702037345746e-05	-3.9208572220156906669e-05	-3.3429619961518951634e-05	5.910260826170326431e-05
5	2	2	5.1252391078550304561e-05	4.589110938785093477e-05	-0.00012897852340258689403	-1.457581415022133409e-05	8.4754570621112923891e-07	-0.00010015195931940600114
5	2	3	4.6714021454186734766e-05	2.3020960894282568632e-05	4.5324603337175855308e-05	0.00013949843243882601145	-0.000108073104648428466	-0.00013136722311635494519
5	2	4	-1.1604037234905713224e-05	1.3615426214316548624e-05	-7.3292317763743746362e-05	1.5625926229773779773e-06	5.1151205425504018946e-05	-1.7800579079384374557e-05
5	2	5	3.8871594269923168596e-05	2.0870549393224171756e-06	-6.9848157662422857253e-05	-3.3572674367425918136e-05	-1.0932331204954022985e-05	1.1342014807647950587e-05
5	2	6	2.4615908838119905303e-05	1.0465847692707522831e-05	1.2710116162438101159e-05	4.2850401223878026346e-05	-2.4749962752579288139e-05	-2.3005006818548944192e-05
5	2	7	-9.0165162574301106079e-06	-1.834575834757972752e-05	-2.6500964996688489251e-06	1.7870223726714373514e-05	7.1975391837840353574e-06	7.9983348977814107606e-06
5	2	8	3.7162434510912738326e-05	3.446052132426066071e-07	-3.2921099928471718942e-05	3.3409767736098380896e-06	-1.4996246587202532565e-05	-1.0506224516790887246e-06
5	2	9	0	0	0	0	0	0
5	2	10	0	0	0	0	0	0
5	2	11	0	0	0	0	0	0
5	2	12	0	0	0	0	0	0
5	3	-12	0	0	0	0	0	0
5	3	-11	0	0	0	0	0	0
5	3	-10	0	0	0	0	0	0
5	3	-9	0	0	0	0	0	0
5	3	-8	-2.6837077911228915851e-06	1.0019612713389160414e-05	7.8915384292839221825e-06	3.4477642033954886864e-06	1.2820095415296632072e-06	7.555169522141533569e-06
5	3	-7	-3.2402925732194795535e-06	3.5599385278720544032e-06	-4.5262681138420285355e-05	4.7136338982112788173e-06	-2.1712786611622607872e-05	4.5629420477134445509e-06
5	3	-6	-4.7252840663873563653e-05	1.3312084009388511465e-06	-1.9405444032633823966e-05	-1.5102257281124649961e-05	-4.908008923621155062e-05	-6.4417883064466155153e-06
5	3	-5	-6.5525130267883184608e-05	-2.3150655789080012151e-05	2.345779011820340061e-05	-4.3605158809996810059e-05	-5.1450456196961138144e-05	-4.9313751075078101575e-05
5	3	-4	-4.7506172197261221525e-06	-4.6345669710049629766e-06	-3.3460019241944824226e-05	4.5356142215849483071e-06	-3.1033285956116274883e-05	-2.3914980475674927021e-06
5	3	-3	-3.8288206279576944674e-06	-9.3538895554777001567e-06	2.4891854711337780008e-05	4.4369435652511070116e-05	1.8510486998074957872e-05	2.8779619726714902059e-05
5	3	-2	-5.3755360409380165533e-05	8.5586096591350281556e-06	9.8160424435244744462e-05	-3.4686088393603166618e-05	1.2852235629416699472e-05	-3.0632608442567176997e-05
5	3	-1	-2.1920565252255141969e-05	3.4410230874580735561e-05	2.6526643377325492281e-05	-0.00010796567552432622891	-3.0022896129299233003e-05	-0.00015184587220007500215
5	3	0	-2.971324355191236002e-05	3.4064174516134024533e-05	4.9522072586520600034e-05	-5.6773624193556705296e-05	-0.00010203349689338523341	-9.7981459171119449979e-07
5	3	1	-2.3316214972611430044e-05	1.488701896978723457e-05	8.0765800371408407832e-05	-4.9363512130725232846e-05	-0.00012571632625116806311	7.3655441543239523992e-05
5	3	2	1.9613048037069253163e-05	1.994938456429159646e-05	-4.2044165546870637955e-05	2.035907801067396642e-05	1.4033628227632829108e-05	-8.0412078426739944169e-05
5	3	3	2.1687709003357930336e-05	-8.4297937859066892686e-05	-3.7063264889236488759e-05	6.3208310616353922192e-05	9.1708321697327354311e-07	7.7288252482090894434e-05
5	3	4	-2.7985708577702128982e-05	5.5276586266638782509e-06	1.7131255745293905683e-05	1.6838272279278086979e-05	2.2133693913157233659e-05	-1.9538277492788413048e-05
5	3	5	6.7818994135016625834e-06	1.9012509295603225546e-05	-4.4123708395418494372e-05	-4.1078851610823251077e-05	1.9692325623749434209e-05	5.6348016708907264552e-06
5	3	6	2.4333727190952726785e-06	1.3719208035476451274e-05	6.447945034964730944e-06	5.8771487748008702087e-07	-5.2517831167284258963e-06	-1.1726530801637086203e-05
5	3	7	9.9724746662169192352e-06	1.0964908492840866265e-05	2.6198023049023534605e-05	1.3064643585286372791e-05	-1.8350920354022169249e-05	-1.3431210460009063758e-05
5	3	8	3.6491742065592926842e-05	1.601388714180643799e-05	2.9335051165233802615e-05	1.9054579397703891341e-05	-3.3807982977958256951e-05	-1.7154146737767982149e-05
5	3	9	0	0	0	0	0	0
5	3	10	0	0	0	0	0	0
5	3	11	0	0	0	0	0	0
5	3	12	0	0	0	0	0	0
5	4	-12	0	0	0	0	0	0
5	4	-11	0	0	0	0	0	0
5	4	-10	0	0	0	0	0	0
5	4	-9	0	0	0	0	0	0
5	4	-8	-3.4690724642402388912e-06	-1.3300978308805694652e-06	1.6770160641666358089e-05	-1.4868562234276373559e-05	6.2169100306830294726e-06	-8.2655922614385427216e-06
5	4	-7	1.6986249474557483835e-05	-1.9483416164065895212e-05	7.6728363099765340549e-06	5.9243859325860644057e-06	1.6517513230384794112e-05	-1.0531362441426460018e-05
5	4	-6	-4.3754144365169898682e-05	-4.3770508764645154991e-05	2.4811060608069588593e-05	2.9367926824829589539e-05	-1.9921079898928522044e-05	-1.68968060873179028e-05
5	4	-5	1.0933831424998774552e-05	-3.8213252602148936685e-05	-1.380166013254484901e-06	-1.8926943008882798225e-05	9.8296986143951852757e-06	-5.3354807009255175265e-05
5	4	-4	-1.2404688563880848323e-05	-5.247049083212742674e-06	1.4258346912955450892e-05	-1.3169315915423185796e-05	-1.2475137918956103589e-06	-1.9728127269439112656e-05
5	4	-3	1.2352577857712973618e-05	-3.1461677983056858044e-05	4.3625897285414314702e-05	-9.6174263409497414806e-06	7.875549281007404004e-05	-6.5259365093027756565e-05
5	4	-2	-8.4442631726783015374e-05	0.00010392645936377697762	6.9450317950764533527e-05	-7.2123368132928072504e-05	-7.220594341542845105e-05	0.00011556941214358629904
5	4	-1	-7.8972415089625840946e-05	-5.3317845902669529939e-05	9.6361491363730270151e-05	5.2362439724663884931e-05	-9.4161099932081224298e-06	-5.7139470614692096416e-05
5	4	0	4.9971992088926531615e-06	3.9029044429881752307e-05	-6.2464990111158166637e-06	-4.8786305537352190383e-05	9.3451129259320922125e-05	2.9405628487201738514e-05
5	4	1	-6.3705239586090744091e-06	5.9128219810011027147e-05	5.6738389645219587388e-06	-7.0353004379107667585e-05	9.1572639349575387843e-06	-1.4229081533624473864e-05
5	4	2	-1.584167039445394894e-05	-2.0693645692548385759e-05	1.0274819324294230105e-05	2.6521380393333015462e-06	1.9054537337546413833e-05	4.6429838152704357916e-05
5	4	3	2.6402252973735955606e-05	1.2320946597724798048e-05	3.1835345822687830919e-05	-5.7125472134361940141e-05	-8.645088271981037401e-05	5.5632385182941252821e-05
5	4	4	-5.3368447811282800986e-05	-5.0683705242151280864e-05	-7.2109375708767870793e-06	2.5539507737274059649e-05	7.3921497334980285771e-05	3.7815123815415043124e-05
5	4	5	-2.976846839719629408e-05	1.3501939729259297826e-05	4.5167345362037040286e-05	-1.1251531171010023226e-05	-6.3654078924333373017e-06	-4.5007147924512799222e-06
5	4	6	4.1033959273828746805e-06	-1.5310447469052212928e-05	1.0639533760892321273e-05	1.3070330243257623109e-05	-1.0512519113413942376e-05	4.0451527287050959318e-06
5	4	7	1.9262429051564485666e-05	-3.1305458880452122759e-05	-4.428250003213752943e-05	-1.780305643127543975e-05	1.1545407838675383715e-05	3.2534217161051765606e-05
5	4	8	-8.3264915537973840958e-06	9.5779779017380306234e-06	4.0721083673770600104e-06	-3.8715684483861461198e-05	3.1680030374348348429e-06	1.3371606053344460189e-05
5	4	9	0	0	0	0	0	0
5	4	10	0	0	0	0	0	0
5	4	11	0	0	0	0	0	0
5	4	12	0	0	0	0	0	0
5	5	-12	0	0	0	0	0	0
5	5	-11	0	0	0	0	0	0
5	5	-10	0	0	0	0	0	0
5	5	-9	0	0	0	0	0	0
5	5	-8	2.3468058485024158967e-05	1.5895293490928032149e-05	1.6191777573016033899e-05	3.5304780897218888543e-06	2.4787397536275120117e-05	1.214110723790620031e-05
5	5	-7	3.5777014393634028565e-06	3.7842518975464160195e-05	1.5379703140519724868e-06	-6.9585107366075177991e-06	3.6540512524395538469e-06	2.2060005884897602801e-05
5	5	-6	-1.3060106947603535973e-05	1.5351448412661114251e-05	1.0671137925396488103e-05	5.6873503819169176802e-06	-1.9908075185058726601e-06	1.7532332328815028021e-05
5	5	-5	-3.3652630543280073814e-05	1.329661742882733689e-05	2.40659757977439387e-05	-1.0098933073046530062e-05	-9.5866547455361368087e-06	3.1976843557808059813e-06
5	5	-4	-3.6684746055583349403e-05	5.1232409206835930729e-05	1.9396725107478406596e-05	-2.6339844545564737951e-05	-2.1610026185131175967e-05	3.1115705826588985043e-05
5	5	-3	-2.5291302539257862664e-06	1.9809525798549444453e-05	1.089945986944613099e-05	-4.6554230566401903454e-05	1.395054935920057454e-05	-4.4574507946420761613e-05
5	5	-2	9.1033828662059239692e-05	-1.0491928961631680537e-05	-7.179792044909913244e-05	1.6500557242599900651e-05	4.8089770532400254578e-05	1.5021570702420546897e-05
5	5	-1	3.7107267282623865323e-05	2.7108171452754495568e-05	-5.6470119415046623849e-05	-2.1638961819995541046e-05	-9.6814260662113772304e-05	2.7346048163794775998e-05
5	5	0	1.4597447537155589954e-05	5.8828209050139734066e-05	-1.4597447537155589954e-05	-5.8828209050139734066e-05	-2.4723453746866354025e-05	-1.5620633021440221051e-05
5	5	1	-4.5151997639986872447e-05	1.018365083510654919e-05	4.2095984116741964648e-05	-1.7925316780222261043e-05	1.5280067616224518666e-05	3.8708329725578555875e-05
5	5	2	-2.3440131309352828411e-05	2.677327274116525366e-05	2.087079805439149023e-05	-2.7261382500017758933e-05	6.4233331374033471469e-06	1.2202743971312638186e-06
5	5	3	-1.8842629821426393303e-05	-5.2853301166191998144e-05	3.9707052773183736062e-05	6.7860555247161078959e-05	-3.4774038252928903469e-05	-2.5012090134948472542e-05
5	5	4	-2.6123703473442128821e-06	7.4357427407804638308e-07	-1.6915033954607066788e-06	3.5208681613153769321e-05	5.3798421785061496629e-06	-4.4940319859039767328e-05
5	5	5	-2.697898701954945416e-05	1.7495552565483973899e-05	7.5065148085229161859e-06	2.9343280224032465255e-05	1.947247221102653628e-05	-4.6838832789516439154e-05
5	5	6	-1.551451267922417511e-05	8.3051890776551687523e-06	1.1299397782795717548e-05	-1.7624535946513537589e-05	3.5125957470237139297e-06	7.7661223907153076465e-06
5	5	7	1.1926931196358109627e-05	6.5500631913215279543e-06	-1.460011613826434212e-05	5.4226434298313598982e-05	1.9094178156473091653e-06	-4.3411783921167950958e-05
5	5	8	2.8500159214923663129e-05	-1.6371830384789602203e-05	2.0112986115718970134e-06	2.5457295767713168472e-06	-1.9069661141559725407e-05	8.6413130050114284004e-06
5	5	9	0	0	0	0	0	0
5	5	10	0	0	0	0	0	0
5	5	11	0	0	0	0	0	0
5	5	12	0	0	0	0	0	0
5	6	-12	0	0	0	0	0	0
5	6	-11	0	0	0	0	0	0
5	6	-10	0	0	0	0	0	0
5	6	-9	0	0	0	0	0	0
5	6	-8	-2.3130517355137555013e-05	5.4242009196379592701e-05	-6.6882937093002138134e-06	-5.7228426492569200141e-06	-1.9472793628936130973e-05	2.9609123760794554792e-05
5	6	-7	8.8597636538546490861e-06	-1.9566012548273535463e-05	-1.2757647296780293616e-05	-1.5933541658866873128e-05	-4.606723644486929685e-06	-2.7633044670652699877e-05
5	6	-6	-4.0549628034543384696e-05	-7.0617550449213582498e-06	3.7810199220523770696e-05	2.1026062689140721633e-05	4.0188425250709537866e-06	1.5141266818372922244e-05
5	6	-5	5.2235710613404947567e-06	-1.7905264048549974614e-05	-1.2722401422778949941e-05	3.5585157981430643587e-05	-1.0043310645994244325e-05	2.4796925529166792947e-05
5	6	-4	1.5331443488089641991e-05	-3.6682037044496920952e-06	-1.0949903795168017325e-06	2.5989749158821208794e-05	1.7521818790836849361e-05	3.4399369107669695107e-05
5	6	-3	-2.2267504872600498643e-05	1.1128356141943456718e-05	2.9292292029833173468e-05	-2.3256218191608018694e-06	2.1472075938665512477e-05	1.3896016598250824972e-05
5	6	-2	-8.1444248731922826422e-06	3.9232618879450580678e-06	1.9729466708726478655e-05	6.733931744137724144e-07	3.8827337943198733596e-05	1.1828334243103961142e-05
5	6	-1	1.9629555231600603091e-05	8.7842681582529789013e-06	-6.5228608096019349388e-06	-1.4020301596002781349e-05	5.9010611300391402432e-05	-4.0200468784751795283e-05
5	6	0	1.4854679475451539319e-05	1.5077994344117996047e-05	-1.2378899562876281918e-05	-1.2564995286764996988e-05	-3.9788191197811251525e-05	4.3962036374864028074e-05
5	6	1	-5.2700315856833418579e-05	2.0038532381863315585e-05	4.6546243648473153379e-05	-2.2077261273581307661e-05	-1.5775882606671830769e-05	3.2270905732171257878e-05
5	6	2	-1.5807402879807954673e-05	-1.2301961693485559068e-05	1.2490105984193161803e-06	-1.1106294616935794193e-05	3.5771475404261937083e-05	6.4073788084521274321e-05
5	6	3	-1.4044902626587334323e-05	4.7194197591926384495e-05	4.5188953568030843655e-06	-3.0215030312720779536e-05	1.4370380330706054576e-05	-1.8226935361102416215e-05
5	6	4	-5.3584007500608465556e-05	-4.8936393796976012706e-05	3.2836262428061380083e-05	9.5023527084746313529e-06	1.7725615733668510126e-05	4.6916963183508065465e-05
5	6	5	2.4825095029258712862e-06	-1.1383335072782612796e-05	-7.4009759543472722549e-06	9.5938632001602265284e-06	6.3986616422908548267e-06	-1.2930076740966031435e-07
5	6	6	-5.956882219554390334e-06	-1.6477735104451260277e-05	2.0586694224560256377e-05	2.8172242965098954755e-05	-1.5622625708264932228e-05	-1.4440797044722905089e-05
5	6	7	1.3502665866011648364e-05	5.6504213703961339388e-08	1.2074252845993994543e-05	-1.4520722097464032341e-05	-1.9994120915146027933e-05	1.2405973073752055505e-05
5	6	8	-1.4668628354731689704e-06	1.392285038843653003e-06	-7.3568762496566804537e-06	7.0197759537767609965e-06	6.4344464594132409467e-06	-6.1350101146098533184e-06
5	6	9	0	0	0	0	0	0
5	6	10	0	0	0	0	0	0
5	6	11	0	0	0	0	0	0
5	6	12	0	0	0	0	0	0
5	7	-12	0	0	0	0	0	0
5	7	-11	0	0	0	0	0	0
5	7	-10	0	0	0	0	0	0
5	7	-9	0	0	0	0	0	0
5	7	-8	-1.0806930442605208349e-05	6.2797122468437176031e-06	-1.1134454242369689757e-05	-1.0577925096175965546e-05	-1.649697898870173312e-05	-5.3308643048766462451e-06
5	7	-7	-1.0970966014325633594e-05	-2.3043044780848282837e-05	2.3069879256020543203e-05	7.1398378161196643477e-06	1.5233474960073661096e-05	-9.3194798844862525696e-06
5	7	-6	6.7826033261275280839e-06	-9.4633963340315565692e-06	-1.0999475025054047296e-05	3.9442567122274336074e-06	-7.1805514241234485838e-06	-3.2845307807609577912e-06
5	7	-5	2.0825434543480965806e-05	-1.3799465910030004427e-06	-2.0372259435254835033e-05	-5.4553303540085184919e-06	-7.695728665875804935e-06	-9.0174090866149251455e-06
5	7	-4	1.4962285624150821237e-05	-4.691907331747793234e-05	-2.9654015701909114808e-06	6.0730380738559027208e-06	1.3513404282354430925e-05	-4.802102501759959117e-05
5	7	-3	2.1085661872966097991e-05	8.3553883132438920578e-06	-3.6661736919171097903e-06	-5.2914929059924524767e-06	2.6588364507136910529e-05	1.5788304080907661525e-06
5	7	-2	1.5347056725978864758e-05	6.1286397035278270924e-07	-9.2369812667183875401e-06	8.2587657862735550102e-06	6.0382073814328055049e-06	3.043784017783940005e-05
5	7	-1	-1.9109435487137727591e-05	-3.0641935884482492632e-06	1.3919176706950392631e-05	-2.4185153745454001552e-06	1.8870595129641072881e-06	-3.225057556405905079e-05
5	7	0	1.2618859837863657982e-05	1.1253589497853897769e-05	-9.0134713127597566694e-06	-8.0382782127527843626e-06	-7.1436991154382499397e-06	-9.9990140971943979778e-07
5	7	1	-6.3047882138077074185e-06	-3.3195136892517057316e-06	-1.1080597019640404486e-06	-1.815411680798203332e-07	3.928035898278681875e-05	1.7868356622817271043e-05
5	7	2	1.4620731354631059521e-06	2.2725447015665623169e-05	-1.1631922138560561337e-05	-1.7026613606432086092e-05	3.7056544646304197894e-05	2.7795300833482450943e-06
5	7	3	-2.6962319845731250385e-05	-1.226335693101438677e-05	1.2374085530996107842e-05	1.8098649046345919851e-05	1.6064333503894501269e-05	-2.1791252889783165546e-05
5	7	4	1.1560375505770796459e-05	-2.7969038199235613624e-05	-8.0387767200192990658e-06	1.4481957459788316999e-05	-3.8261012217972120287e-07	9.6178721944149643997e-06
5	7	5	-1.7380882667984750146e-05	-1.6477564270262952688e-05	1.3221916015997166317e-06	-5.2560502600671162921e-06	1.5529814425745145973e-05	2.3836034634356912786e-05
5	7	6	3.7166269687074337797e-07	-6.8821872115205528074e-06	-1.0638944698188840962e-05	-1.6573874876520265172e-06	1.2102383233828028925e-05	7.6687747451944918213e-06
5	7	7	-4.5319868726117710294e-06	-2.510211829561066391e-05	1.7034462670992776429e-06	8.3473479694672423756e-06	1.5336872133377015731e-06	9.5827365273975182862e-06
5	7	8	2.1240581393428941853e-06	-5.9260135255321979268e-06	-1.5212548791848673331e-06	1.2026616043914751579e-05	3.561682197450113116e-09	-6.8195305849677839271e-06
5	7	9	0	0	0	0	0	0
5	7	10	0	0	0	0	0	0
5	7	11	0	0	0	0	0	0
5	7	12	0	0	0	0	0	0
5	8	-12	0	0	0	0	0	0
5	8	-11	0	0	0	0	0	0
5	8	-10	0	0	0	0	0	0
5	8	-9	0	0	0	0	0	0
5	8	-8	2.0020766814427173034e-05	1.4641561608053682613e-05	3.013209988541781361e-06	-3.8184334997592043266e-06	1.5526189247558765778e-05	5.3325425052743477298e-06
5	8	-7	-5.9417977886750772496e-06	4.0341905638150930542e-06	1.0048014603593051716e-05	-9.4948395693513551864e-06	7.2393039836241472671e-06	-7.9696805336764825592e-06
5	8	-6	1.2358127073859449234e-07	-1.4311656270171057136e-05	-1.9097314253781895292e-05	3.8532701599847595328e-06	-2.5360101279427032259e-05	-6.7886866784962004401e-06
5	8	-5	1.3569182208828974498e-05	-9.3211940389461971914e-06	2.0450914878664781223e-06	2.2728799513770432587e-06	1.6841328589415337799e-05	-5.6845861167429272999e-06
5	8	-4	9.3076729767583122417e-06	1.7842870683611434482e-05	-3.1272363773719741246e-06	-1.8808606714612903098e-05	5.3801184662039428999e-06	-1.5313625074711511399e-05
5	8	-3	-1.1383018947986945342e-06	-6.7221352551725135782e-06	-8.4398478878588734401e-06	5.1895580295240850599e-06	-2.4403430858954820346e-05	2.6352626534433708626e-06
5	8	-2	1.5268420760028591734e-05	2.1637960618346534993e-06	5.1459768383695863003e-07	4.9421465756409374932e-07	4.0229442635419315549e-05	7.3863487848430093809e-06
5	8	-1	2.2540221514636255256e-05	-3.3975488404646633507e-05	-1.7469385191571755862e-05	2.0215999596522016122e-05	-2.7053973959392774005e-05	-8.1494452510570487196e-06
5	8	0	-2.5426539798070587645e-06	-9.1975689734141631502e-07	1.589158737379411569e-06	5.7484806083838521012e-07	3.1460421935191093168e-06	-2.267333707248687374e-05
5	8	1	6.5104795698199656592e-06	-2.7859544991799297639e-05	-8.52101824681037732e-06	1.5324556601400285964e-05	3.5615748125383186876e-05	1.6701272147794207263e-05
5	8	2	-3.4438355988383031334e-06	-6.0714546270358202461e-06	-3.8179372098390827896e-06	9.7576376769992725646e-07	2.3881337836452088568e-05	1.1275581496789840319e-05
5	8	3	1.5256204026585737398e-05	2.4706191450923467497e-05	-1.2286816680730101938e-06	-1.5536550209143022092e-05	-2.2150522262781534018e-05	2.5381480617561537839e-07
5	8	4	5.6987960919732455984e-08	6.5529946522859323406e-06	1.1841302871612296784e-05	7.1781693105225693528e-06	-2.3753840694374261428e-05	-2.2547581936402555402e-05
5	8	5	3.0483301803646471521e-06	-3.7283614678172883691e-06	-5.3236445384517240879e-06	-2.7825293031019757076e-06	5.4695010811581113038e-06	8.1804083527804496707e-06
5	8	6	-2.1837463068627443888e-05	1.9120854242943349907e-05	5.2211396696370429804e-06	3.4423916343249941548e-07	1.123636633100681147e-05	-1.6393030753696122661e-05
5	8	7	-6.3584660838294206756e-06	-4.1443723389367522687e-06	6.8504365700346554817e-06	3.1553593946577890362e-06	-3.2873088773043056612e-06	-6.4585906608265018057e-07
5	8	8	-1.0604602003988707504e-05	-1.5874374576813411774e-05	-4.9478373045210524112e-06	1.9153619029007169479e-05	1.1575713557013994601e-05	-9.2321349184987879676e-06
5	8	9	0	0	0	0	0	0
5	8	10	0	0	0	0	0	0
5	8	11	0	0	0	0	0	0
5	8	12	0	0	0	0	0	0
5	9	-12	0	0	0	0	0	0
5	9	-11	0	0	0	0	0	0
5	9	-10	0	0	0	0	0	0
5	9	-9	0	0	0	0	0	0
5	9	-8	0	0	0	0	0	0
5	9	-7	0	0	0	0	0	0
5	9	-6	0	0	0	0	0	0
5	9	-5	0	0	0	0	0	0
5	9	-4	0	0	0	0	0	0
5	9	-3	0	0	0	0	0	0
5	9	-2	0	0	0	0	0	0
5	9	-1	0	0	0	0	0	0
5	9	0	0	0	0	0	0	0
5	9	1	0	0	0	0	0	0
5	9	2	0	0	0	0	0	0
5	9	3	0	0	0	0	0	0
5	9	4	0	0	0	0	0	0
5	9	5	0	0	0	0	0	0
5	9	6	0	0	0	0	0	0
5	9	7	0	0	0	0	0	0
5	9	8	0	0	0	0	0	0
5	9	9	0	0	0	0	0	0
5	9	10	0	0	0	0	0	0
5	9	11	0	0	0	0	0	0
5	9	12	0	0	0	0	0	0
5	10	-12	0	0	0	0	0	0
5	10	-11	0	0	0	0	0	0
5	10	-10	0	0	0	0	0	0
5	10	-9	0	0	0	0	0	0
5	10	-8	0	0	0	0	0	0
5	10	-7	0	0	0	0	0	0
5	10	-6	0	0	0	0	0	0
5	10	-5	0	0	0	0	0	0
5	10	-4	0	0	0	0	0	0
5	10	-3	0	0	0	0	0	0
5	10	-2	0	0	0	0	0	0
5	10	-1	0	0	0	0	0	0
5	10	0	0	0	0	0	0	0
5	10	1	0	0	0	0	0	0
5	10	2	0	0	0	0	0	0
5	10	3	0	0	0	0	0	0
5	10	4	0	0	0	0	0	0
5	10	5	0	0	0	0	0	0
5	10	6	0	0	0	0	0	0
5	10	7	0	0	0	0	0	0
5	10	8	0	0	0	0	0	0
5	10	9	0	0	0	0	0	0
5	10	10	0	0	0	0	0	0
5	10	11	0	0	0	0	0	0
5	10	12	0	0	0	0	0	0
5	11	-12	0	0	0	0	0	0
5	11	-11	0	0	0	0	0	0
5	11	-10	0	0	0	0	0	0
5	11	-9	0	0	0	0	0	0
5	11	-8	0	0	0	0	0	0
5	11	-7	0	0	0	0	0	0
5	11	-6	0	0	0	0	0	0
5	11	-5	0	0	0	0	0	0
5	11	-4	0	0	0	0	0	0
5	11	-3	0	0	0	0	0	0
5	11	-2	0	0	0	0	0	0
5	11	-1	0	0	0	0	0	0
5	11	0	0	0	0	0	0	0
5	11	1	0	0	0	0	0	0
5	11	2	0	0	0	0	0	0
5	11	3	0	0	0	0	0	0
5	11	4	0	0	0	0	0	0
5	11	5	0	0	0	0	0	0
5	11	6	0	0	0	0	0	0
5	11	7	0	0	0	0	0	0
5	11	8	0	0	0	0	0	0
5	11	9	0	0	0	0	0	0
5	11	10	0	0	0	0	0	0
5	11	11	0	0	0	0	0	0
5	11	12	0	0	0	0	0	0
5	12	-12	0	0	0	0	0	0
5	12	-11	0	0	0	0	0	0
5	12	-10	0	0	0	0	0	0
5	12	-9	0	0	0	0	0	0
5	12	-8	0	0	0	0	0	0
5	12	-7	0	0	0	0	0	0
5	12	-6	0	0	0	0	0	0
5	12	-5	0	0	0	0	0	0
5	12	-4	0	0	0	0	0	0
5	12	-3	0	0	0	0	0	0
5	12	-2	0	0	0	0	0	0
5	12	-1	0	0	0	0	0	0
5	12	0	0	0	0	0	0	0
5	12	1	0	0	0	0	0	0
5	12	2	0	0	0	0	0	0
5	12	3	0	0	0	0	0	0
5	12	4	0	0	0	0	0	0
5	12	5	0	0	0	0	0	0
5	12	6	0	0	0	0	0	0
5	12	7	0	0	0	0	0	0
5	12	8	0	0	0	0	0	0
5	12	9	0	0	0	0	0	0
5	12	10	0	0	0	0	0	0
5	12	11	0	0	0	0	0	0
5	12	12	0	0	0	0	0	0
6	-12	-12	0	0	0	0	0	0
6	-12	-11	0	0	0	0	0	0
6	-12	-10	0	0	0	0	0	0
6	-12	-9	0	0	0	0	0	0
6	-12	-8	0	0	0	0	0	0
6	-12	-7	0	0	0	0	0	0
6	-12	-6	0	0	0	0	0	0
6	-12	-5	0	0	0	0	0	0
6	-12	-4	0	0	0	0	0	0
6	-12	-3	0	0	0	0	0	0
6	-12	-2	0	0	0	0	0	0
6	-12	-1	0	0	0	0	0	0
6	-12	0	0	0	0	0	0	0
6	-12	1	0	0	0	0	0	0
6	-12	2	0	0	0	0	0	0
6	-12	3	0	0	0	0	0	0
6	-12	4	0	0	0	0	0	0
6	-12	5	0	0	0	0	0	0
6	-12	6	0	0	0	0	0	0
6	-12	7	0	0	0	0	0	0
6	-12	8	0	0	0	0	0	0
6	-12	9	0	0	0	0	0	0
6	-12	10	0	0	0	0	0	0
6	-12	11	0	0	0	0	0	0
6	-12	12	0	0	0	0	0	0
6	-11	-12	0	0	0	0	0	0
6	-11	-11	0	0	0	0	0	0
6	-11	-10	0	0	0	0	0	0
6	-11	-9	0	0	0	0	0	0
6	-11	-8	0	0	0	0	0	0
6	-11	-7	0	0	0	0	0	0
6	-11	-6	0	0	0	0	0	0
6	-11	-5	0	0	0	0	0	0
6	-11	-4	0	0	0	0	0	0
6	-11	-3	0	0	0	0	0	0
6	-11	-2	0	0	0	0	0	0
6	-11	-1	0	0	0	0	0	0
6	-11	0	0	0	0	0	0	0
6	-11	1	0	0	0	0	0	0
6	-11	2	0	0	0	0	0	0
6	-11	3	0	0	0	0	0	0
6	-11	4	0	0	0	0	0	0
6	-11	5	0	0	0	0	0	0
6	-11	6	0	0	0	0	0	0
6	-11	7	0	0	0	0	0	0
6	-11	8	0	0	0	0	0	0
6	-11	9	0	0	0	0	0	0
6	-11	10	0	0	0	0	0	0
6	-11	11	0	0	0	0	0	0
6	-11	12	0	0	0	0	0	0
6	-10	-12	0	0	0	0	0	0
6	-10	-11	0	0	0	0	0	0
6	-10	-10	0	0	0	0	0	0
6	-10	-9	0	0	0	0	0	0
6	-10	-8	0	0	0	0	0	0
6	-10	-7	0	0	0	0	0	0
6	-10	-6	0	0	0	0	0	0
6	-10	-5	0	0	0	0	0	0
6	-10	-4	0	0	0	0	0	0
6	-10	-3	0	0	0	0	0	0
6	-10	-2	0	0	0	0	0	0
6	-10	-1	0	0	0	0	0	0
6	-10	0	0	0	0	0	0	0
6	-10	1	0	0	0	0	0	0
6	-10	2	0	0	0	0	0	0
6	-10	3	0	0	0	0	0	0
6	-10	4	0	0	0	0	0	0
6	-10	5	0	0	0	0	0	0
6	-10	6	0	0	0	0	0	0
6	-10	7	0	0	0	0	0	0
6	-10	8	0	0	0	0	0	0
6	-10	9	0	0	0	0	0	0
6	-10	10	0	0	0	0	0	0
6	-10	11	0	0	0	0	0	0
6	-10	12	0	0	0	0	0	0
6	-9	-12	0	0	0	0	0	0
6	-9	-11	0	0	0	0	0	0
6	-9	-10	0	0	0	0	0	0
6	-9	-9	0	0	0	0	0	0
6	-9	-8	0	0	0	0	0	0
6	-9	-7	0	0	0	0	0	0
6	-9	-6	0	0	0	0	0	0
6	-9	-5	0	0	0	0	0	0
6	-9	-4	0	0	0	0	0	0
6	-9	-3	0	0	0	0	0	0
6	-9	-2	0	0	0	0	0	0
6	-9	-1	0	0	0	0	0	0
6	-9	0	0	0	0	0	0	0
6	-9	1	0	0	0	0	0	0
6	-9	2	0	0	0	0	0	0
6	-9	3	0	0	0	0	0	0
6	-9	4	0	0	0	0	0	0
6	-9	5	0	0	0	0	0	0
6	-9	6	0	0	0	0	0	0
6	-9	7	0	0	0	0	0	0
6	-9	8	0	0	0	0	0	0
6	-9	9	0	0	0	0	0	0
6	-9	10	0	0	0	0	0	0
6	-9	11	0	0	0	0	0	0
6	-9	12	0	0	0	0	0	0
6	-8	-12	0	0	0	0	0	0
6	-8	-11	0	0	0	0	0	0
6	-8	-10	0	0	0	0	0	0
6	-8	-9	0	0	0	0	0	0
6	-8	-8	2.5238521319635094923e-06	1.4235390244708850407e-05	3.4162733248533963007e-06	-1.6510278590031730885e-06	-1.5233842258807640756e-06	1.2327570542534811105e-05
6	-8	-7	1.5176145070472256938e-05	-6.5042032503774718208e-06	7.5840808258840543773e-06	-1.2244396665339866997e-05	4.340603402251587264e-06	8.4185648314934443049e-06
6	-8	-6	-2.7921883249255437155e-06	-1.6480911621068741545e-05	5.5296178295722348643e-06	-1.7553000823161332282e-05	-1.0165012097688522829e-05	6.9230894764797003683e-06
6	-8	-5	-6.2621738599384194247e-06	5.9785462655202620624e-06	-9.9367583893443553429e-06	2.1387781617515499316e-06	8.3842047910248649001e-06	3.7522104598218347537e-06
6	-8	-4	3.2112631836174620601e-06	-1.0316171039212482542e-05	-1.1584623579934092788e-05	1.9649810396732850697e-06	2.7986141935294378454e-05	-1.9404218638165293952e-05
6	-8	-3	1.0680494393380143251e-05	1.6330556823943647799e-05	6.6446164085010412674e-06	1.3856494838450056063e-05	3.6420116974241750429e-06	-4.2895392546461849799e-06
6	-8	-2	2.4815875652622729359e-06	-8.2557827855729266578e-06	2.2416621406230735755e-06	-2.5462970831397377619e-06	-1.5218858667054752826e-06	-1.4582160024159832314e-05
6	-8	-1	1.3007030432747367243e-05	-7.9235308865736429494e-06	9.1557191724822064845e-06	-4.1134604425421205195e-06	4.7964292166265566614e-06	-1.4633501779104891847e-05
6	-8	0	3.8460053504366592815e-06	1.1427216798531322374e-05	2.8845040128274942494e-06	8.5704125988984905098e-06	2.656586622712130659e-05	-6.1979477729723561901e-06
6	-8	1	-3.3913734111344208768e-05	1.5110505165874613606e-05	-2.5915348098184603701e-05	9.9820437610413014574e-06	-3.8403801174115956323e-06	-1.0806680906917266586e-05
6	-8	2	2.168596433095370274e-05	1.9789379642881682793e-05	1.9127456153738193356e-05	1.0243760716617839683e-05	1.1451931622091665201e-05	-1.8393096062173689646e-05
6	-8	3	-3.4316711695154780222e-07	3.0826153573376955687e-06	-6.9741180568180484583e-06	2.4942587112195342424e-06	-1.7911313917611701273e-05	4.8612584857670021099e-07
6	-8	4	1.916165674695791154e-05	-8.354723047941495001e-06	1.2722698208402369056e-05	2.0709454571484569069e-06	-3.2970887036321317405e-06	1.6673975486209154621e-05
6	-8	5	1.9334255697099401247e-06	1.8222702302017420206e-05	-5.9412636389862485292e-06	1.3411324225134888224e-05	-1.1826132506029924949e-05	-4.0912400220508156437e-07
6	-8	6	7.6295432332809773328e-07	2.1261868312269699442e-06	1.7931756500215218533e-05	5.0463452646049875114e-06	2.3146054343625524789e-05	4.6022735215796804946e-06
6	-8	7	7.8967251577390038664e-06	9.2551121660352035343e-06	9.1953948580253295288e-06	5.5907835950631621914e-06	3.7404011311098010752e-06	-1.5434863193865605854e-06
6	-8	8	-4.0528407783287003296e-06	1.4335759405970154319e-05	1.32214497287578295e-05	6.1100276187472016124e-06	1.6261080312504353688e-05	-4.6417919357304137032e-06
6	-8	9	0	0	0	0	0	0
6	-8	10	0	0	0	0	0	0
6	-8	11	0	0	0	0	0	0
6	-8	12	0	0	0	0	0	0
6	-7	-12	0	0	0	0	0	0
6	-7	-11	0	0	0	0	0	0
6	-7	-10	0	0	0	0	0	0
6	-7	-9	0	0	0	0	0	0
6	-7	-8	2.5945630403245179289e-05	-1.9805103684944281369e-05	1.9320407117915884874e-05	-5.7256596007744668583e-06	2.5538665742574860494e-06	-9.8438756130305535844e-06
6	-7	-7	4.2196678924733114379e-06	-1.0055524161261159303e-06	2.8663900632720176928e-06	7.9112745407583582712e-06	7.5046813027653525567e-07	-8.7731766117236000132e-06
6	-7	-6	1.8549527040636151244e-05	5.7675910969282146468e-06	2.1086868275526653616e-05	-1.5387583677175937889e-05	-6.0518192808116107428e-06	2.3719772053633475235e-05
6	-7	-5	-6.8272270392314305526e-06	-5.544695957212095446e-06	-1.5771294597569715924e-05	1.8534354502188389732e-05	1.3887139989519889019e-05	-3.2601731451718260837e-05
6	-7	-4	3.6833873104350955063e-06	-3.0731960502006910874e-05	-3.1842390982018251816e-06	-1.5350942699835267498e-05	1.1097499387505837539e-05	-1.9233791028298646494e-05
6	-7	-3	-2.2502356279673415987e-05	2.912329832870188642e-05	-2.2662222300016259273e-05	2.2152372305198847431e-05	7.8738061406911057642e-06	6.5577279452731274234e-06
6	-7	-2	-8.1308146570522952374e-06	4.4706851087895219593e-06	-7.82835059891958643e-06	8.2577240594125387907e-06	3.0067831250616680636e-06	-1.5489978881575319043e-05
6	-7	-1	-8.478156541515440085e-06	6.0337156669958070928e-07	-8.7705328239927508676e-06	-1.0863190934944550077e-08	1.0524790518856615563e-05	3.696271736742095777e-06
6	-7	0	-2.2376896015156473721e-05	-3.5474046843872157771e-05	-1.9180196584419837038e-05	-3.0406325866176134748e-05	2.1489143232867570027e-05	3.3300886020357745683e-05
6	-7	1	2.1440803118395191123e-06	-1.0963019217421058853e-05	5.6563351273460311735e-06	-9.5897385409178282782e-06	2.6729864020385102694e-05	-1.3500544818984418629e-06
6	-7	2	-3.1739778962094875622e-05	3.1260204192900424081e-05	-2.4081216982486921885e-05	2.3003503869712311108e-05	1.0935077447580386718e-05	-1.3268349034708186752e-05
6	-7	3	-1.2075336469529261206e-05	6.8030548859363685192e-06	-7.5294564852734706086e-06	3.6857583676155284631e-06	6.5819411400870895794e-06	-5.0060069141031697775e-06
6	-7	4	2.1564074744292629343e-05	-3.2725198937894453609e-06	-2.5453668864404471415e-06	-4.9898875105838607402e-06	-3.680050416770973043e-05	-3.8235233028375876187e-06
6	-7	5	1.4816632995860202709e-05	-9.0088920201521852522e-06	2.119140554536133513e-05	-1.5262999089492974975e-07	1.1888008168473623898e-05	1.0596988436929720637e-05
6	-7	6	-7.5219604291302885618e-06	6.6893749817679705157e-06	-1.6314917205968261897e-07	3.2629408240892010316e-06	7.3316197283939921024e-06	-2.8826106869972357671e-06
6	-7	7	6.3559450121305555297e-06	3.1584933614405721944e-06	-6.8623454552970660611e-06	-1.0144622629069798968e-06	-1.2310298322837542108e-05	-3.7217422869988989206e-06
6	-7	8	-7.1895400706712425139e-06	2.5192126155002618043e-05	-7.3505736580834568104e-06	6.4601364917869661476e-06	-1.0395968978195922943e-06	-1.3241475185938368788e-05
6	-7	9	0	0	0	0	0	0
6	-7	10	0	0	0	0	0	0
6	-7	11	0	0	0	0	0	0
6	-7	12	0	0	0	0	0	0
6	-6	-12	0	0	0	0	0	0
6	-6	-11	0	0	0	0	0	0
6	-6	-10	0	0	0	0	0	0
6	-6	-9	0	0	0	0	0	0
6	-6	-8	8.953757929484431588e-06	-2.4667405844473522708e-06	9.3801838102049717297e-06	1.0803624595203828058e-05	-3.1981941054040494741e-07	-9.9527738847383852468e-06
6	-6	-7	-2.67935157140413075e-06	-1.2195266121242183844e-05	-2.4817724880164400664e-05	5.6932933322744231487e-07	1.8975748550365945761e-05	-1.0941081818116821998e-05
6	-6	-6	-6.4871529828461327915e-06	-8.2807279821213830444e-07	-3.2236558474706561585e-06	-2.0125284866946405355e-05	-3.2634971353754762095e-06	1.9297212068734268957e-05
6	-6	-5	1.962739816776113547e-05	-1.0418560479999985894e-05	2.6120788675087775865e-05	-4.0434852260711269436e-05	-7.7920686087919698287e-06	3.6019550136853540929e-05
6	-6	-4	2.8617389276439190258e-06	1.0081051122023984868e-05	1.5400070495585699103e-05	1.2058478343379321407e-05	-1.8807497351912669692e-05	-2.9661408320330069254e-06
6	-6	-3	1.4518477146175987923e-05	-1.7199190268970893162e-05	1.3291736886399862567e-05	7.6939867860443401346e-06	2.4534805195522511354e-06	-4.9786354110030463206e-05
6	-6	-2	2.8893370770608947076e-05	1.8964378691702911091e-05	3.2654656413923463542e-05	2.1246174362184758145e-05	-1.1283856929943556174e-05	-6.8453870114455394675e-06
6	-6	-1	-3.8869653999076326546e-05	-1.7412606090092717725e-05	-3.7303719366267873447e-05	-1.5925394136742930832e-05	-9.3956077968507473939e-06	-8.9232717200987247432e-06
6	-6	0	1.9358718708749035825e-05	1.5481352677685828904e-05	1.9358718708749035825e-05	1.5481352677685828904e-05	2.7553136041968003939e-06	2.266732922505363353e-05
6	-6	1	2.1597598008455454785e-05	9.9555959302732361825e-06	2.1176747965828412063e-05	9.5237876772997347456e-06	-2.5251002557622753872e-06	-2.5908495178410132798e-06
6	-6	2	-1.2786056239303352609e-05	2.597590451348831062e-05	-1.1093175094965856861e-05	3.7576235810959870856e-05	5.0786434330124855495e-06	3.4800993892414690874e-05
6	-6	3	1.7135441137385969959e-05	1.8184380896060308813e-05	1.9995626472861038561e-05	1.4041779177770171618e-05	5.7203706709501397451e-06	-8.2852034365802777792e-06
6	-6	4	-1.4985187685182323648e-06	-2.7843027661041067896e-05	2.1900189621425566631e-05	-3.4060429763873626926e-06	3.5098062584915699447e-05	3.66554770269805595e-05
6	-6	5	6.9003954991930039879e-06	-3.5630349034422677723e-06	2.9031508155888130388e-07	1.4331192739280836448e-05	-7.9320965011609470091e-06	2.1473073171267723032e-05
6	-6	6	2.0665929375523177668e-05	1.1144472508324588524e-05	3.6068603454872605468e-06	3.4938401471737128594e-06	-1.7059069030035916274e-05	-7.6506323611508743945e-06
6	-6	7	-9.8520197328412594375e-06	-2.3277486549495162463e-05	-1.6231705351929332775e-06	-3.4646284550891475785e-05	7.0532993122699942144e-06	-9.7446840011968368446e-06
6	-6	8	-1.8820562283129080555e-05	1.4067491269189715875e-05	1.5980543565796675239e-05	1.8655829458486246982e-05	2.6100829386694316845e-05	3.4412536419723979061e-06
6	-6	9	0	0	0	0	0	0
6	-6	10	0	0	0	0	0	0
6	-6	11	0	0	0	0	0	0
6	-6	12	0	0	0	0	0	0
6	-5	-12	0	0	0	0	0	0
6	-5	-11	0	0	0	0	0	0
6	-5	-10	0	0	0	0	0	0
6	-5	-9	0	0	0	0	0	0
6	-5	-8	-3.0823737497782592515e-06	1.6489556944788679306e-05	1.0057396228515996296e-05	-2.4197014571173503872e-05	-8.5976529551561924411e-06	2.7490301815574949399e-05
6	-5	-7	1.2295900403833498382e-05	-1.8834704296576259148e-05	-5.2744216246902085477e-06	1.0499908828131381046e-05	1.4306787220921718157e-05	-2.3643967131444923116e-05
6	-5	-6	4.4787338393186118996e-06	-4.9242173788152560256e-06	7.677218790973100809e-06	2.673159795323235436e-05	-1.9189484864923055824e-06	-2.7200549006508884659e-05
6	-5	-5	-1.725147142404029888e-05	2.3493936118597471212e-05	1.0595719310657372952e-06	2.2682045631639753702e-05	-2.1761337639914095273e-05	5.5106777106772107368e-06
6	-5	-4	-9.8861389229037609038e-06	3.1335799983132264559e-06	-1.497771555128742449e-05	2.8446229680965430948e-05	3.8929360547536375625e-06	-3.085741710373694519e-05
6	-5	-3	2.1481127918955284487e-05	1.3779577985704500424e-05	2.7656159977592090839e-05	3.4814527477794672949e-07	-3.1313441247429194271e-06	2.6978913846779090514e-05
6	-5	-2	-2.814635236318531438e-06	5.6249476642791828088e-05	-3.1300079049830003445e-06	5.8647169310565658447e-05	-6.1888594649809377052e-07	2.2130506651961341533e-05
6	-5	-1	-9.4534401251938661041e-06	1.5008024311896482644e-06	-1.9531254806977292479e-05	5.4739683532177479193e-06	4.0935633283723258996e-05	-1.836502717895085001e-05
6	-5	0	8.3324767245214200422e-06	9.2283023868693101144e-06	9.9989720694257040506e-06	1.107396286424317146e-05	-1.5953692585587030177e-05	-2.7762294422697394017e-06
6	-5	1	3.5897292300167464336e-07	7.968563060372658573e-06	-1.7275101803022315793e-06	1.1468090022085569767e-05	-1.0791388439521205439e-05	9.5290717481918957012e-06
6	-5	2	-3.3776113173426559324e-05	-1.234014923661697637e-05	-3.4989476957375829696e-05	3.8111051491357147592e-06	1.3854647126840100344e-05	4.6548210582690217278e-05
6	-5	3	1.8263723039028508985e-05	6.5653326883780914171e-06	1.4524595316297307906e-05	-1.7413699144593765115e-05	-1.2319787217561508182e-05	-4.2153497284412454638e-05
6	-5	4	-2.9713690707515696596e-05	-8.2228863211084510379e-06	1.5997514189447848608e-05	-4.2645804943095926338e-06	6.4567428798083351419e-05	7.0036038637756859763e-06
6	-5	5	2.724558232385449193e-05	-9.8888294435028735674e-06	1.6073258313445811858e-05	-2.0551213364449857126e-05	-1.6621440475179577104e-05	-8.6846180322464078288e-06
6	-5	6	-6.6229344025494455041e-06	-3.4221727593482482793e-05	-2.1703065983111653922e-06	-5.5460969646936170423e-05	4.8143455706234744145e-06	-1.1995747112297660921e-05
6	-5	7	-4.3739887798638728338e-06	-2.5482022852266731126e-05	-4.225668822520247452e-06	-9.66388841641670912e-07	7.3079836665457124051e-07	2.1151456129341719611e-05
6	-5	8	-3.6199314990932509964e-06	1.0008512691686225813e-05	-6.6990171965318823298e-06	5.0479390998664139516e-06	-1.4719371235124883147e-06	-4.3514225813481610637e-06
6	-5	9	0	0	0	0	0	0
6	-5	10	0	0	0	0	0	0
6	-5	11	0	0	0	0	0	0
6	-5	12	0	0	0	0	0	0
6	-4	-12	0	0	0	0	0	0
6	-4	-11	0	0	0	0	0	0
6	-4	-10	0	0	0	0	0	0
6	-4	-9	0	0	0	0	0	0
6	-4	-8	-8.7882793491628350346e-06	-9.8968241276931819174e-06	-1.3379077883701644686e-05	-1.2420866666808364992e-05	9.8329429978695630458e-08	-1.2121847623657039423e-06
6	-4	-7	-4.8881332702904937943e-06	-1.2105266016138592724e-05	-1.9801670873686284076e-05	-4.042981513711111521e-06	7.1254119818574528783e-06	-8.0656671488553012241e-06
6	-4	-6	1.9759367426093678744e-05	5.3917743468921938799e-06	3.2201390719964904809e-06	-6.3386912875821736066e-06	1.7612608044762682549e-05	9.6175685386136432333e-06
6	-4	-5	1.6468741700522765485e-05	2.5671769808905435192e-05	1.6832302819089777797e-05	3.6780693533748364833e-05	6.2966477853554954973e-06	1.3815689436878328201e-06
6	-4	-4	-5.4275807043619010716e-05	-3.4132115924098633045e-05	-6.6266810399570724699e-05	-4.6461249940582432833e-05	-1.5146900165857793069e-05	-4.7369239455655150407e-06
6	-4	-3	-3.5225662315037506098e-05	2.7141292425208286693e-06	-2.0282037885936697369e-05	-1.9727825884555645684e-05	-4.3408607448826084629e-05	3.173202633111584989e-05
6	-4	-2	-1.2744102146190206795e-05	-1.6169226290378620756e-05	-1.3386936624867811909e-05	-3.8947429150521927377e-05	-1.1458433188834998262e-05	2.9387179429907985711e-05
6	-4	-1	2.537946488650968149e-05	-3.0591638613023016942e-05	3.9408666860652431991e-05	-5.1642992666446083463e-05	-5.3578781235516347912e-06	2.3022138987646218649e-05
6	-4	0	-1.6904693342863475445e-05	3.9479348501914906979e-05	-2.5357040014295213168e-05	5.9219022752872363857e-05	-3.3523676079987028747e-05	6.535388049550514293e-05
6	-4	1	-1.3362611391161734271e-05	1.2520789018518883295e-05	-4.5582457838330566423e-05	2.3363677013079220418e-05	-0.00010215416300635187701	1.8329973941203575122e-05
6	-4	2	3.7442125951209475482e-05	2.5229280892738402387e-05	3.249361220815767887e-05	3.9659293438047719331e-05	-4.7339153437313075481e-05	3.6307441978802293825e-06
6	-4	3	1.0933534528008186898e-05	1.8678581377248882715e-06	3.7412154440198274082e-05	-3.5516246340471008442e-05	2.8015803530914659442e-05	-5.1090711396077788647e-05
6	-4	4	-7.6619384424977849286e-06	2.7556886058008308118e-05	-3.1328481560535685667e-05	-4.6816625084647576929e-05	-1.9835573896789004039e-05	-8.8151954171660035719e-05
6	-4	5	8.1913596171849551331e-06	2.660534518306119489e-05	1.1358547544374670897e-06	4.5007330329062156552e-05	-8.9209477370719718103e-06	4.0794500435762896801e-06
6	-4	6	2.3471234773909195517e-05	1.0595459095852955385e-05	-4.5102993463071379984e-05	1.5648197855938708069e-05	-5.3539897082623453357e-05	-1.6332719189381772219e-07
6	-4	7	-2.0766539843497728354e-05	2.8384708733632976414e-06	1.6532497272887471523e-06	1.4825844254328269541e-05	1.8744605424305908753e-05	6.0389359681618992652e-06
6	-4	8	1.9752712444853078678e-05	-1.5682986291693071956e-05	-3.0435530479498077971e-07	-5.7614240202926480912e-06	-1.4966711986037298525e-05	8.8815277086234811917e-06
6	-4	9	0	0	0	0	0	0
6	-4	10	0	0	0	0	0	0
6	-4	11	0	0	0	0	0	0
6	-4	12	0	0	0	0	0	0
6	-3	-12	0	0	0	0	0	0
6	-3	-11	0	0	0	0	0	0
6	-3	-10	0	0	0	0	0	0
6	-3	-9	0	0	0	0	0	0
6	-3	-8	-1.4464709582603715114e-05	1.3012428812061846149e-05	7.4822645861044531306e-06	1.8923194507135681993e-06	-1.365438140674195573e-05	9.0497018150287968546e-06
6	-3	-7	-5.3172178832584266419e-06	1.0933469022864293868e-05	2.4602801907531228975e-05	1.6008220178905245741e-05	-1.5101673288877748329e-05	2.5108790857814325857e-06
6	-3	-6	2.2632600187883258734e-05	-2.165768431827141079e-05	-1.2121203265205180574e-05	-1.8281413841370562217e-05	2.8693201820485848174e-05	-1.2516977397586127987e-05
6	-3	-5	1.5783944293171696366e-05	2.9647995558938018603e-05	1.6423190661311295248e-05	4.8917118519148474257e-05	9.0868187550192584909e-06	6.2273235592365382778e-06
6	-3	-4	3.1573793171393369611e-05	-2.8301435722219697028e-05	-1.7646341505052505065e-05	-3.9942276087901853522e-05	6.0595445885879432369e-05	-1.24954465174031554e-05
6	-3	-3	2.0687686233800304337e-06	3.5718412448132084124e-05	-1.9694373068263298487e-05	1.819221850776582406e-05	2.3831910315023359354e-05	5.3244606388498347575e-05
6	-3	-2	3.7821186918586927625e-05	7.2523821121872278714e-06	3.2948051629016780024e-05	-4.2565971163232194674e-06	6.4041483312235616228e-05	2.8142042011046509851e-05
6	-3	-1	3.0129510930701832605e-05	-1.7588150975520132596e-05	5.5253698673656562136e-05	-3.0083603494275125217e-05	1.5015969563241299056e-05	-1.5278095370295430088e-05
6	-3	0	7.0911489672837391279e-06	4.1961114570168109531e-07	1.4182297934567478256e-05	8.3922229140336219061e-07	2.0397212672759375566e-05	-9.1539516278004633018e-08
6	-3	1	5.6105413890475822954e-07	1.7101065078714465729e-05	-6.4979627789334402129e-06	4.8430072920690823014e-05	-2.2860213170228869381e-05	4.2683828289785667894e-05
6	-3	2	-4.1141106130681924903e-05	2.8718459464139659541e-06	-7.9286309551453927245e-05	3.3486971055633300571e-05	4.4938540648648745262e-06	4.1614918744208049606e-05
6	-3	3	-2.50753202435911529e-05	2.871895137663582574e-05	-6.6544028209855531574e-05	8.8773662569458051063e-05	-1.6393387722673222385e-05	3.133575981618640636e-05
6	-3	4	1.099250271312755066e-05	-2.6858797035680337465e-05	7.8840090733237669216e-06	-1.390253607435625155e-05	-1.0575747264698500376e-05	2.9861293497753316689e-05
6	-3	5	8.8408660911424934425e-07	7.6801136049583324064e-06	2.2493626647806832635e-05	3.0156175580181437143e-05	1.2435272057747000834e-05	8.8775690221588627205e-06
6	-3	6	1.1449026008437626661e-05	-8.3004052163416113989e-06	3.4478439046477721148e-06	2.1717925387281335133e-05	-9.7251040561137410269e-06	1.9159367909982278965e-05
6	-3	7	-2.4528341439757289313e-05	-9.6688204334713310351e-06	4.5796912453556200783e-08	9.4642279626740412416e-06	2.1043919910843488782e-05	1.2343658069835730475e-05
6	-3	8	3.8578869498192551078e-05	-1.4299626673828677684e-05	-1.4355179935758052942e-05	5.7675868399828536878e-07	-3.4317344599553682315e-05	1.0941004511870864959e-05
6	-3	9	0	0	0	0	0	0
6	-3	10	0	0	0	0	0	0
6	-3	11	0	0	0	0	0	0
6	-3	12	0	0	0	0	0	0
6	-2	-12	0	0	0	0	0	0
6	-2	-11	0	0	0	0	0	0
6	-2	-10	0	0	0	0	0	0
6	-2	-9	0	0	0	0	0	0
6	-2	-8	-7.1870888868349751152e-07	-7.0016539204267021096e-06	-5.8047420000012828108e-06	-1.9980924598878388481e-05	9.1215383348769759554e-07	-2.5600929060042972662e-07
6	-2	-7	-1.3791053842897563585e-05	-9.8004063760066683242e-06	-3.2185121034642775431e-05	2.0826966064226035358e-05	-2.6251544268714045598e-06	-1.435091005492743961e-05
6	-2	-6	-5.4732287915699044168e-05	-2.7665896790211379718e-06	-3.20731752009076649e-05	8.9639959143765818083e-06	-4.4041229515396489202e-05	-5.7545883171466652412e-06
6	-2	-5	-4.7764928488857039655e-05	2.3320665077242282365e-05	-4.6914374927112803947e-06	1.8018973737316065791e-05	-5.54413391895439378e-05	2.0777208597764310489e-05
6	-2	-4	1.1744264168119746721e-05	2.4060186515900644993e-05	-2.9673806961168698174e-06	-3.9371176546684897625e-05	1.9100086600238055202e-05	5.5775868047193417996e-05
6	-2	-3	-3.5014387275032993023e-05	-1.0274121194783465702e-05	8.4863866486852202907e-05	4.5344711415306261008e-06	-0.00012660468554130077895	-2.3571223150587348804e-05
6	-2	-2	-1.2022516675238295052e-05	1.4802811957217957704e-05	-6.9558616736822500995e-05	7.0633530430679196985e-05	3.3491066711107614145e-05	-2.6225094559025323871e-05
6	-2	-1	-8.065669325002452293e-06	-3.2059694456987052654e-05	-3.9259271645285595672e-05	-4.9640466521557312265e-05	3.0124527340556477587e-05	-9.3077233698807691395e-05
6	-2	0	2.7544181174577897717e-06	1.4314041288293166931e-05	8.2632543523733701621e-06	4.2942123864879497405e-05	-2.9680604087982107763e-05	-0.00011522620838170697473
6	-2	1	-8.6305166831414945814e-06	7.7467311894641656275e-07	2.9553455860153354054e-06	-1.8337932822360090708e-05	5.769379127087964084e-05	-4.1323904358398678039e-05
6	-2	2	-3.0407006876429596852e-05	2.4164311768902982386e-05	-5.0002968335153821701e-05	-1.8330020783313223838e-05	4.1218052294134968855e-05	-9.0822956090022167607e-05
6	-2	3	-5.6884904745381701372e-05	1.5353237344420034072e-05	-3.5310842294178427766e-05	9.2714513907810844643e-05	9.0229247961311117568e-05	3.1103201249700501729e-05
6	-2	4	2.3746885635133047382e-07	-1.1565674546307794688e-05	-4.9212521801977868172e-06	-7.2208025987872875092e-05	-2.8168293746258890664e-06	-1.8755501174474742973e-05
6	-2	5	3.6527718114484724308e-05	-3.273077184325701237e-05	5.8360968850024177936e-05	-1.7675892747231428549e-05	-2.0488874197371997318e-05	3.2206569113015844779e-05
6	-2	6	-2.0149455143791951634e-06	-1.528724896802689722e-05	-4.1503802864338629381e-05	2.2148332527801029024e-05	-1.1819655440400347399e-05	2.2670026477293906894e-05
6	-2	7	1.0703256415248062547e-05	-4.6597703618241580192e-05	-4.5885311518074377705e-06	1.2147140189367683572e-05	-1.0485228685014750844e-05	4.3411500298312118281e-05
6	-2	8	1.066926839208518544e-05	1.6290515950774903618e-05	-3.2897011164073484057e-05	2.8548693026285698119e-06	-1.6226204085082258824e-05	-1.1504169637424033779e-05
6	-2	9	0	0	0	0	0	0
6	-2	10	0	0	0	0	0	0
6	-2	11	0	0	0	0	0	0
6	-2	12	0	0	0	0	0	0
6	-1	-12	0	0	0	0	0	0
6	-1	-11	0	0	0	0	0	0
6	-1	-10	0	0	0	0	0	0
6	-1	-9	0	0	0	0	0	0
6	-1	-8	2.3828090639326017269e-06	7.9411046534567454917e-06	-1.5475041620216733557e-05	3.5283148472575623115e-06	3.7214870004765429898e-06	5.5147891341853637239e-06
6	-1	-7	1.3668116680667921899e-05	-3.4332803126593884309e-05	-3.146985829715485863e-05	-6.6453966678709250153e-06	1.6211222625880340948e-05	-2.8478774584527480557e-05
6	-1	-6	-4.8650779105228184789e-05	-2.2710747972845171216e-05	-4.7820728143863109152e-05	-1.9982945457100941521e-05	-4.0680657747917672244e-05	-1.9380257063328347629e-05
6	-1	-5	4.2909243367326716911e-06	1.8821766502849623785e-05	2.2776895039240093913e-05	1.2028760046452204681e-05	5.9373019623118703489e-07	2.0180367794129109638e-05
6	-1	-4	-1.2149781094123032746e-05	-3.351974967361759242e-05	-4.2313479769570601667e-05	3.991264685383345682e-05	-7.6463016987918978553e-06	-6.025778622388474606e-05
6	-1	-3	2.3966876903408400952e-05	2.8453368396218841442e-05	-2.2208924912815049653e-05	-2.7444428842256051701e-05	5.5336728777755150659e-05	6.6054879739856363395e-05
6	-1	-2	2.691648017219003543e-05	1.4996981910396039962e-05	4.7749877800860631154e-05	4.5884860311782177953e-05	5.6874501616139790713e-05	2.2048515575297034298e-05
6	-1	-1	1.1496621671508957231e-05	1.9676480370415641753e-05	4.5484294187895785014e-05	3.3199944239925396666e-05	2.3495435841157954983e-05	8.4858937982568453853e-05
6	-1	0	-9.7524573585069008493e-06	-5.1180264687929937704e-06	-5.8514744151041408484e-05	-3.0708158812757966011e-05	0.00010954494440372867516	-3.8475791087334271071e-05
6	-1	1	2.1756957986819493444e-05	-1.7669431832438412428e-05	9.7904609209129543623e-05	-5.0490527888689805012e-05	-3.2637138711787423814e-05	5.5526063105940669554e-05
6	-1	2	1.6604661728754137681e-05	-3.7796008765653630582e-05	8.5053852993576746261e-05	-1.4318070879581227341e-05	-7.287058689474044147e-06	0.00010622899085717027977
6	-1	3	-1.3547372721280708123e-05	5.9350746997940137198e-06	-6.7553637829233408106e-05	-4.1823059618393341032e-05	4.5768661661502793643e-06	-2.5811169272385808913e-05
6	-1	4	2.7499026231609090829e-05	-2.0666204255865773016e-05	2.4436850161871041803e-05	7.9348921628576430781e-06	-3.5139326806945874945e-05	3.2983029424513070718e-05
6	-1	5	-2.6664463184357070662e-05	-4.5770329889509319044e-06	6.3108907128460394018e-05	1.9176892713652702704e-06	4.4619137246920562243e-05	5.8759774410141725088e-06
6	-1	6	-1.3028914665560890012e-05	-1.3733041798068794173e-05	-1.9126494023178356113e-05	2.0787366501723443796e-06	9.8411656616978312242e-06	1.407949790643085291e-05
6	-1	7	-1.2412132292360516665e-06	9.9784543102625733419e-06	2.2627374235800513268e-05	-7.2676319202791459008e-06	4.2963790873166887962e-06	-9.5911939688363695428e-06
6	-1	8	7.3206141040070000614e-06	2.0878512947177533594e-05	-8.9876807531126675591e-06	2.6814295896884949963e-06	-6.6139206721443334909e-06	-1.5323706011672090385e-05
6	-1	9	0	0	0	0	0	0
6	-1	10	0	0	0	0	0	0
6	-1	11	0	0	0	0	0	0
6	-1	12	0	0	0	0	0	0
6	0	-12	0	0	0	0	0	0
6	0	-11	0	0	0	0	0	0
6	0	-10	0	0	0	0	0	0
6	0	-9	0	0	0	0	0	0
6	0	-8	-1.0163073839298791525e-05	-2.8411303883492574214e-05	-6.5510890587977097529e-07	3.835842964213538886e-06	-7.6223053794740936435e-06	-2.1308477912619431507e-05
6	0	-7	1.4864269219654269818e-06	-1.5527552264768881293e-05	3.6026431826975031243e-07	-2.3980082061499028828e-05	1.2740802188275088718e-06	-1.3309330512659039414e-05
6	0	-6	2.8297022225402257558e-05	5.1919378358220556486e-05	3.0534025142426155137e-05	3.2616718056192922821e-05	2.8297022225402257558e-05	5.1919378358220556486e-05
6	0	-5	3.6090889744701290313e-06	-3.8088400282949837563e-05	-3.9226170474506168282e-05	1.3933272292427993825e-05	4.3309067693641553458e-06	-4.5706080339539802366e-05
6	0	-4	-2.7299185045852417683e-05	-1.8043559981303402878e-05	-1.3461392005903334478e-05	8.6696868213528321311e-06	-4.0948777568778626525e-05	-2.7065339971955104317e-05
6	0	-3	1.3824497103513878503e-05	2.0426998444557419797e-05	2.4644144523926541301e-05	-6.4097407465380385611e-05	2.7648994207027757005e-05	4.0853996889114839593e-05
6	0	-2	5.1607895693932049326e-06	2.0228514035244488166e-05	-0.00011175415525794982164	-1.588406182476115831e-06	1.5482368708179613951e-05	6.0685542105733464497e-05
6	0	-1	7.7101064336901785682e-06	-1.5051140073832033029e-06	-9.6808058561124088384e-05	2.2564513619414116181e-05	4.6260638602141064633e-05	-9.0306840442992193939e-06
6	0	0	0	0	7.5013311705945229626e-05	-1.999045986768725847e-05	1.3729223800596231285e-05	1.0301956557653102703e-06
6	0	1	-9.5430446023303637656e-06	2.4346704618417456585e-05	-7.6230245067835015232e-06	7.6498762761703989477e-05	5.7258267613982182594e-05	-0.00014608022771050473273
6	0	2	1.0222855894456968429e-07	-2.9107450967890835666e-05	-5.9453385416881150889e-05	3.9059887740521548869e-05	-3.0668567683370905287e-07	8.7322352903672513773e-05
6	0	3	3.1938705753518687076e-05	-2.9967060305070981451e-05	0.00010396965437752613112	-0.00013961587770497513035	-6.3877411507037374153e-05	5.9934120610141962903e-05
6	0	4	2.4206296411945496733e-05	-7.1476332963625127887e-05	6.5022885629656214965e-05	3.0915174830147122448e-05	-3.6309444617918248488e-05	0.00010721449944543769183
6	0	5	1.4912970902244464608e-05	-2.2549539346158213105e-06	-1.1428097260321266594e-05	5.3092593059515511055e-05	-1.7895565082693356174e-05	2.7059447215389854032e-06
6	0	6	5.3904750856547899626e-06	-2.6205003874493009712e-06	3.5218733589265207922e-05	-5.5096543224218241623e-06	-5.3904750856547899626e-06	2.6205003874493009712e-06
6	0	7	-3.616616717027911046e-05	1.1548083905557493347e-05	-1.8964489448668023669e-05	1.2993016986840278223e-05	3.0999571860239235601e-05	-9.8983576333349955072e-06
6	0	8	1.3772410144566549851e-05	1.1934470733466715438e-05	3.2269518096041802297e-05	1.2288799701261139046e-05	-1.0329307608424913236e-05	-8.9508530501000378493e-06
6	0	9	0	0	0	0	0	0
6	0	10	0	0	0	0	0	0
6	0	11	0	0	0	0	0	0
6	0	12	0	0	0	0	0	0
6	1	-12	0	0	0	0	0	0
6	1	-11	0	0	0	0	0	0
6	1	-10	0	0	0	0	0	0
6	1	-9	0	0	0	0	0	0
6	1	-8	1.2019302457464031938e-05	-1.9007207665254136205e-05	-1.4891022857996588085e-05	3.7266270123830894697e-05	7.1530989858484502313e-06	-9.5971219834617411639e-06
6	1	-7	-6.9922933796747733078e-06	-1.6703885450523272194e-05	-3.6764428381130138392e-05	-5.0479624657940698137e-05	-1.1245455522739825221e-05	-2.1528991051582902535e-05
6	1	-6	2.7138066595712105149e-06	2.45347463722008459e-05	9.8421940590752717113e-06	1.6254660257906180122e-05	4.3541723360837556589e-06	2.7243856415185208124e-05
6	1	-5	-2.1282532622933341278e-05	-1.8357889984217165812e-05	-2.5228520023670605562e-05	9.3937742911809468389e-05	-3.0584743152254127935e-05	-3.2419193986987057206e-06
6	1	-4	-3.9788913718876709922e-05	1.5685521995697395531e-05	-2.6050742987300894545e-05	1.8399884164681296923e-05	-6.6196056325140285978e-05	2.8128254034716421763e-05
6	1	-3	-5.4598728419426726982e-05	-2.0731765145508840173e-05	3.9600719769489405671e-05	-5.0584310713010171729e-06	-9.5997216915690321e-05	-4.314967398145135415e-05
6	1	-2	-2.4606615844890858749e-05	-7.2432078353833655247e-06	0.00018167639227723565124	0.00013835930995142851777	1.7018348603945239206e-05	4.7450031469564158922e-05
6	1	-1	2.346101604602057221e-05	3.0109572405094199648e-06	-6.8601941119552205532e-06	-5.6495453377425968139e-05	0.00013390590216416821271	-3.8429709934369450891e-05
6	1	0	-7.2682775626331766781e-06	-1.6782240516011420153e-06	4.3609665375799063457e-05	1.0069344309606851668e-05	-5.5043260406851668833e-05	-3.7893612907143086254e-05
6	1	1	-7.9528066428241188689e-07	3.3145293735894336281e-06	-1.3206094743780343669e-06	-1.273074378001599953e-05	6.0922934600725056883e-06	-7.1564324615206005443e-06
6	1	2	-5.7110983463373410116e-06	-5.0276982238886917256e-05	2.3021872523301956375e-05	8.5875634505565059929e-05	5.6223587773610440003e-06	0.00010789312946387820825
6	1	3	1.2688781762933238961e-05	-1.1400049150975731879e-05	1.0134878852940215984e-05	-5.0973227411925792327e-05	-2.8755856476846552175e-05	3.9791174105926723349e-05
6	1	4	-1.1603486182096200085e-05	-1.7769117171676002993e-05	9.2631629064991874374e-06	-3.3746160067854958449e-05	1.5089438546519503691e-05	3.5090215774477744102e-05
6	1	5	1.4751886133747480048e-05	-4.6304989622446606084e-06	4.8107038161413745296e-05	-6.5223811900207234734e-07	-2.7323670992779723084e-05	5.6870463784940076442e-06
6	1	6	-2.8588955150943181709e-06	-3.933133570464192113e-05	-1.7584095707054182698e-05	9.0294900984836820536e-06	5.7895781329366815304e-06	3.7826420688227973556e-05
6	1	7	-6.0880524100542822633e-06	-2.4009207651032660256e-05	3.1029153751460297815e-05	9.3845889180443308857e-06	7.8559438698077014292e-07	1.92386652840216637e-05
6	1	8	4.7654031484924913459e-06	1.1063830453250761659e-05	2.1293061627209517974e-05	1.8535439482199766674e-06	-6.2356850647705580444e-06	-8.5295658334655679309e-06
6	1	9	0	0	0	0	0	0
6	1	10	0	0	0	0	0	0
6	1	11	0	0	0	0	0	0
6	1	12	0	0	0	0	0	0
6	2	-12	0	0	0	0	0	0
6	2	-11	0	0	0	0	0	0
6	2	-10	0	0	0	0	0	0
6	2	-9	0	0	0	0	0	0
6	2	-8	2.7499939490231130529e-05	4.9321653459301598553e-06	3.2178323816284056606e-06	-8.8918000900111539904e-06	2.142941271308044783e-05	1.4761739869448316057e-06
6	2	-7	-4.0160978746941300405e-06	-1.3027079853432227193e-05	-1.6439677348870690481e-05	1.6832660864606525692e-05	-8.1394202779865944578e-06	-6.3567367701971873967e-06
6	2	-6	-1.0476231266704007074e-06	-1.675948730829500752e-05	-2.7950375583405656074e-05	-2.5895446206659683205e-05	-1.0364414987805620316e-05	-2.5391302710514903051e-05
6	2	-5	-1.144290885015695084e-05	1.6774042210612171306e-05	-2.60793096597997574e-05	2.1953427491620564754e-05	-2.4163214484108241258e-05	2.8910221649382830791e-05
6	2	-4	3.0595444844782294859e-05	-2.6463072466070159544e-05	-1.476487379027427507e-05	1.363720977423014197e-05	3.8510730372036303907e-05	-3.2876003811990167484e-05
6	2	-3	-2.9177408173591269072e-06	5.4751114110436538472e-06	7.8817001238342969442e-06	3.4209002776718115896e-05	-5.8101488549538967902e-07	3.3756224673232716033e-05
6	2	-2	1.9508469729088054431e-05	-1.9105000868836073624e-07	-2.9927672330215607989e-06	-8.2928072714697926844e-05	5.5532641954242608425e-05	-8.3501222740763007412e-05
6	2	-1	-7.0683183172049853641e-06	1.2387937067699154024e-06	-2.9476074212594494936e-05	-9.8066736363904950336e-06	-0.00010136205832841890036	-1.2180585032161495959e-05
6	2	0	-2.8951073669757466602e-05	-2.9275436991795312412e-05	8.6853221009272396419e-05	8.7826310975385940625e-05	6.5743722314711458381e-05	5.3370868205111352456e-05
6	2	1	6.4018479551598784973e-05	1.6707166125881492512e-06	-0.00020829835018175478587	2.4634249952893962294e-05	3.2485823053916848351e-05	-5.9292799581316820942e-05
6	2	2	5.1066785505724452668e-06	-5.2891052014314739448e-06	8.1971112998634156814e-06	3.1441742237668272386e-05	-2.3517146951580751482e-05	-1.5574426633373848858e-05
6	2	3	-1.2735240664477310448e-05	2.8044180538843262233e-05	-2.9329527524591544559e-05	-0.00012578226121674206703	4.5023499678682320658e-05	2.7766479733474850163e-05
6	2	4	1.847071764115718726e-05	2.6268736543117806882e-05	2.13713330706588821e-05	2.6333414473540554861e-05	-3.8391742997065218552e-05	-5.2569812051446991141e-05
6	2	5	-5.3476963290270847478e-05	-1.51938150997311952e-05	-1.9149513975522460695e-05	3.6263698105941843865e-05	7.1832161538533999896e-05	3.7270988773006970323e-06
6	2	6	1.5508531876331993558e-05	3.1668414544735793944e-05	-6.0348478506291565389e-06	-3.436048725308536245e-05	-1.3496915926122274147e-05	-2.0214918793707342052e-05
6	2	7	-1.4259836672018086988e-05	-1.4277807973055452631e-05	1.1012336738059118315e-06	-2.3862708805752210042e-05	1.1908078954928099147e-05	1.9056037921405306093e-05
6	2	8	6.6707832087949419151e-06	7.2085236509530676254e-06	-4.4543201603081939273e-06	2.2689944627197825824e-06	-3.8895073665191579545e-06	-5.9736413538947465764e-06
6	2	9	0	0	0	0	0	0
6	2	10	0	0	0	0	0	0
6	2	11	0	0	0	0	0	0
6	2	12	0	0	0	0	0	0
6	3	-12	0	0	0	0	0	0
6	3	-11	0	0	0	0	0	0
6	3	-10	0	0	0	0	0	0
6	3	-9	0	0	0	0	0	0
6	3	-8	-6.6527653236328265296e-06	-3.2306137372753518172e-05	6.3864348898418442284e-06	2.8466831370748948228e-05	-2.5946609090339282057e-06	-1.355454126553428262e-05
6	3	-7	-1.0545199361592579135e-05	-1.7482555866942742494e-05	-2.504357266619531815e-05	-2.6971805141585966973e-05	-1.9771702024020202244e-05	-2.6544392946630622753e-05
6	3	-6	-2.5448297880555353635e-05	2.9968743294162644329e-05	-1.9157061988035787993e-07	-5.4425395763153617748e-06	-2.5544083190495529676e-05	2.7247473506004965982e-05
6	3	-5	-2.3200523545299781277e-06	3.6950035857333673615e-05	-8.8331406997765230768e-06	4.7257663158468275657e-06	-8.0839472453018875993e-06	4.7175502818308502845e-05
6	3	-4	3.2383432076556470716e-05	1.6082377830063347696e-05	-1.6656338145321088033e-05	-4.0284606944966165035e-05	3.6082894505843884968e-05	-6.0898884636296005384e-06
6	3	-3	3.700671906671506396e-05	-2.64813983330792315e-05	-4.3591565663103891979e-06	8.6125969059671651979e-05	6.9654281567119738722e-05	3.3163172393513188979e-05
6	3	-2	1.451695294605132456e-05	-1.4206157433030656341e-05	-1.7916640242157544512e-05	-2.6999294499454164296e-05	1.6675898474917653523e-05	-8.3117414048273217161e-05
6	3	-1	-2.1555878303272565369e-05	3.3433476851718305263e-05	2.4360256513223453698e-05	-6.635048288718181956e-05	-5.6254500279965024342e-05	1.5494124487643637904e-06
6	3	0	-4.6747519873882368262e-06	-1.197514668192478311e-05	9.3495039747764736523e-06	2.395029336384956622e-05	5.676561507846597293e-05	7.6959255905651456267e-06
6	3	1	3.1155041875664681408e-05	-2.2146219662689141979e-05	-5.0601364025780817824e-05	3.9197878068300731462e-05	-3.5126159176645628199e-05	1.5283683771232654103e-05
6	3	2	-1.9970484930588665686e-05	2.7964337603537368926e-05	3.60735414532419683e-05	-4.6627427585735860467e-05	5.8011426119030437616e-06	-1.3951871432008310995e-05
6	3	3	-1.6227050444764758359e-05	-3.057410523620388167e-05	1.2997661071603682084e-05	9.4337312370763087214e-05	1.9456439817925834634e-05	-3.3189101898355323874e-05
6	3	4	3.9661368312552716631e-05	-9.7190476132575728292e-06	-2.9435300951941398989e-05	1.0243021057635349734e-05	-3.74155767548730274e-05	6.8963056266598473667e-06
6	3	5	2.2802004829109557795e-05	-2.0713701785703075042e-06	-6.0964768106857048714e-06	3.4947366644939821057e-05	-2.3704519708520046601e-05	-1.8482775772679524645e-05
6	3	6	-1.5870989345352728192e-05	-2.3482352285323400008e-05	1.1769403468119332337e-05	6.9847139309382691322e-06	9.9862876112930620229e-06	1.9989995319854263748e-05
6	3	7	9.7460411946746969823e-06	1.2608724954218670632e-05	1.4962222493983682908e-05	-4.5289350327052285998e-05	-1.4766130664285605342e-05	8.6022430365492613024e-06
6	3	8	9.3881167343403070123e-07	1.4774977450635611126e-05	2.2205713473038793172e-07	-1.4595432256148433377e-05	-7.8738018059941850032e-07	-5.6079459919210456164e-06
6	3	9	0	0	0	0	0	0
6	3	10	0	0	0	0	0	0
6	3	11	0	0	0	0	0	0
6	3	12	0	0	0	0	0	0
6	4	-12	0	0	0	0	0	0
6	4	-11	0	0	0	0	0	0
6	4	-10	0	0	0	0	0	0
6	4	-9	0	0	0	0	0	0
6	4	-8	2.3143024742287993247e-05	1.4133278684780701829e-05	-3.4040842631879642444e-05	-1.3754967294332030736e-05	3.3684724077617355478e-07	3.7224753664195101566e-06
6	4	-7	-5.9947447028640489071e-07	1.3159312340690355384e-05	4.9472698050208417715e-06	4.218779629874418901e-05	2.3131760569092768505e-06	3.5386722748445554026e-05
6	4	-6	-8.7939502999193952038e-06	8.4459796667046855022e-06	1.3548584598337836977e-05	-2.4282434179007485455e-06	2.3843943230583015326e-07	6.8271507214375195228e-06
6	4	-5	2.0445857717112481762e-05	8.3378441016969681652e-06	-8.5786125591785094852e-06	1.0600670245860424489e-06	1.7672139213192168493e-05	1.0853466541705193894e-05
6	4	-4	1.3853546605639920663e-05	-2.237383534352559069e-05	-1.9330640998180322206e-05	2.9818974060622265769e-05	1.4496789102795585771e-06	-3.7417789546661223828e-06
6	4	-3	-3.7714012323380351676e-05	2.0001049606140112135e-05	1.7751016801660838402e-05	8.5189280200220851944e-07	-5.1760002244546243115e-05	4.1137956281616497637e-05
6	4	-2	-1.6604456562993519448e-05	-7.1697965286035017148e-07	5.0313179894936511604e-06	1.4695398632478332273e-05	-3.9750733709993257717e-05	2.7239858306375613396e-05
6	4	-1	6.2770826417912154588e-05	-2.7904975209222389164e-05	-8.8946766243343933353e-05	3.5688922992437106438e-05	2.0837893534097163623e-05	-2.467415928558592617e-05
6	4	0	7.0600621941274837941e-06	-2.5531088215086980718e-08	-1.0590093291191226115e-05	3.8296632322630472732e-08	-8.2430069454917181634e-05	4.264330568036614938e-05
6	4	1	-7.6344195994099814839e-05	-5.2602743150539934777e-05	0.00011027028362406324051	6.1902698328507438081e-05	1.6984041468345943937e-05	6.8005665589209883439e-05
6	4	2	2.9495328260246860898e-06	-3.9764230202270136206e-05	1.1175485996810832881e-05	2.2639836595372233219e-05	-3.1199570471695724455e-05	7.4013017416065928628e-05
6	4	3	4.0907862429126248664e-05	-3.3261252594950773429e-05	4.7951579294134067289e-06	6.4986353188965228852e-06	-8.8209268764137039633e-05	5.7857658098039521991e-05
6	4	4	-3.5977052862317501129e-05	-7.2875334380975710614e-06	1.2026263430495092517e-05	-1.7654274343828268095e-05	4.1939315862981162565e-05	2.8585574500974626381e-05
6	4	5	3.868932552557718523e-05	1.0730300827478308627e-05	1.4911905228092546205e-05	8.7367445769803640359e-06	-5.8356714813166660595e-05	-1.9865756654558260904e-05
6	4	6	-7.0485276667784212964e-07	-2.2934780799119642246e-05	-1.774872987691245222e-05	-2.0067217688778389941e-05	1.2537339351286143327e-05	3.6312925924971902207e-05
6	4	7	1.3468977018574463235e-05	-9.5513183575442575543e-06	-4.6713014546312148224e-07	1.9027912825450243547e-05	-1.1277905932799184874e-05	-2.6862487366479191954e-06
6	4	8	1.6847618018210927499e-05	1.3397244144805674307e-05	-4.5085055622484861853e-06	1.5741481541025794516e-05	-1.0381460732533951685e-05	-1.7918673879117150448e-05
6	4	9	0	0	0	0	0	0
6	4	10	0	0	0	0	0	0
6	4	11	0	0	0	0	0	0
6	4	12	0	0	0	0	0	0
6	5	-12	0	0	0	0	0	0
6	5	-11	0	0	0	0	0	0
6	5	-10	0	0	0	0	0	0
6	5	-9	0	0	0	0	0	0
6	5	-8	1.2806244833938392009e-05	-8.2876488883010003143e-06	1.89778549287424896e-05	8.4787974812716346805e-06	2.1465842955917848736e-05	-9.164882404309787722e-07
6	5	-7	1.9848602127454840376e-05	-4.0548435416227852012e-06	-1.0262402576360396656e-05	1.723289500511483076e-05	9.68279998327529535e-06	8.8336305394053496676e-06
6	5	-6	-1.4301551385740465767e-05	-2.6024980368645643031e-05	-1.3788738494588193963e-05	-2.4176052000866351247e-05	-2.5792166797897294917e-05	-4.6171690369367605227e-05
6	5	-5	-1.2588914362127813967e-05	9.6538630910087787145e-06	1.7735099780588399357e-05	5.3978404292279927093e-06	2.628402546035023782e-06	1.6982476138438529369e-05
6	5	-4	6.1523181212593669245e-06	-2.1358092471890388347e-06	4.8172351408570018977e-06	-4.6507231831269305633e-06	1.5250021107960304241e-05	-9.0171178496922227267e-06
6	5	-3	6.3268649811903285806e-06	2.5357894430997892315e-05	-1.2821055180742553544e-05	1.4919659651696663765e-06	-8.7146953388569309496e-06	5.3202398803945226825e-05
6	5	-2	-8.6078822905847323787e-06	1.1237160735106903326e-05	2.6176743085953831032e-05	1.4795599677841997176e-05	3.9618210843130382138e-05	7.0700481399925697835e-05
6	5	-1	2.7036587303278258626e-05	-4.6161524010512201409e-05	-3.369915263518531072e-05	4.6447915379277725592e-05	-6.2762393562570026906e-06	-4.4729567166684594049e-05
6	5	0	3.5218416026169794644e-06	2.1305416714912776718e-05	-4.2262099231403753573e-06	-2.5566500057895332062e-05	-2.3942726422876213054e-05	-2.4322480751582149582e-08
6	5	1	-2.8863084835202290092e-05	1.5532600448179841279e-05	1.8980645753548552369e-05	-1.739055180297722388e-05	7.8275280243470985483e-05	-6.2428436741929265792e-06
6	5	2	2.2618212297715522353e-05	2.2847969638969831347e-05	-2.8162596791360638938e-05	-2.6922446553453720539e-05	2.5518550852550281673e-06	-1.2377925332751869739e-06
6	5	3	2.187230501334532694e-05	1.2245441595216252496e-05	-2.2139846816026046024e-05	-1.0764895446669413363e-05	-6.8448653333139102236e-06	-6.549390779316815771e-06
6	5	4	-4.2739977960308375476e-05	1.9727991606164868278e-05	1.1397262745403480738e-05	4.2116034821164595903e-06	4.9863388508708209751e-05	-3.4856491761892877753e-05
6	5	5	-2.5993480173334208071e-06	-1.5845197526508274038e-05	8.8898663826240451979e-06	-3.4275888551083432321e-05	-5.7706487618239398906e-06	5.3290125582893361166e-05
6	5	6	1.5937389635874017578e-05	2.3144191357037675324e-05	-3.2068563047904177386e-05	-5.0595458000855725647e-05	1.0786412904046130244e-05	1.9018690310342094919e-05
6	5	7	1.4598564886101113048e-05	2.1328537798354755303e-05	1.480355763214641861e-05	-4.6934890425983829263e-06	-2.3087025353905540214e-05	-1.4929111653876659356e-05
6	5	8	-8.3638343034983042915e-06	-5.1460638380940130969e-06	-1.0224931807011777997e-05	3.9002263086194495945e-05	1.2663458107006089043e-05	-2.0516866550301049931e-05
6	5	9	0	0	0	0	0	0
6	5	10	0	0	0	0	0	0
6	5	11	0	0	0	0	0	0
6	5	12	0	0	0	0	0	0
6	6	-12	0	0	0	0	0	0
6	6	-11	0	0	0	0	0	0
6	6	-10	0	0	0	0	0	0
6	6	-9	0	0	0	0	0	0
6	6	-8	-1.2272694689250559907e-06	-1.088696074069202804e-06	-9.2622843553289413557e-06	-7.46405892140284865e-06	-7.8671653681904981156e-06	-6.4145662466040379552e-06
6	6	-7	2.1494158793532310117e-05	9.8383771587253185983e-06	-2.0488201862971983823e-05	-2.6159919978050826509e-05	8.6224879762313721676e-07	-1.3989893845136149638e-05
6	6	-6	5.2511148395563258856e-06	4.8922151498473566607e-06	-1.1050919797540898371e-05	-1.9495401138597676018e-05	-5.7998049579845724854e-06	-1.4603185988750319357e-05
6	6	-5	2.7090947799653410913e-05	1.4589038343090140676e-05	-2.2348223745559484552e-05	1.5121405792471646174e-05	5.6912688649127124801e-06	3.5652532962674146253e-05
6	6	-4	-1.7318006338274322581e-05	5.2336611304446861538e-06	-2.9241174402002676386e-06	-4.7613516725334764705e-06	-3.036318566771188787e-05	7.0846418686681473673e-07
6	6	-3	-7.4884200769203628534e-06	2.6347790043537942106e-05	-1.0144447032585773421e-05	-7.3402500534366647814e-06	-3.5265734219012270854e-05	3.8015079980202556343e-05
6	6	-2	-4.8255902454241975834e-05	1.8213193989284779745e-05	4.9609417504128253194e-05	-9.0659239577133214589e-06	4.0605451496588363143e-06	2.7441810094714373165e-05
6	6	-1	-3.2991665481598718501e-06	-2.7636750197984179337e-06	2.3718394583066387196e-06	8.7163903584773886772e-06	-5.563962539119398783e-06	3.5716292032073817685e-05
6	6	0	1.2656051000400140021e-05	-9.6190476409056609213e-06	-1.2656051000400140021e-05	9.6190476409056609213e-06	0.00010394688935883715541	2.0889298927051176959e-06
6	6	1	4.9959394113237590108e-05	1.7969494961996831044e-05	-4.1063269951972806635e-05	-1.4448247470593706188e-05	-5.3376744967588694065e-05	-2.1127484948418759304e-05
6	6	2	-1.1583539749781851026e-06	1.2982948075646751837e-06	-1.7861788613157043203e-05	-7.6387413724448684427e-06	5.7060427764405690211e-05	1.9021339694640580201e-05
6	6	3	1.2992514868898689094e-05	-1.2075244760820303736e-05	-2.3672541069510989292e-05	-7.3340112702384397877e-06	2.1360052401224597008e-05	3.8818512062117487048e-05
6	6	4	-2.3889377946181568043e-05	3.7680405608959903594e-05	1.3517485331714740809e-05	-2.6727796954885419523e-05	1.5557838921700242545e-05	-1.6428912981111724412e-05
6	6	5	1.735234761924465098e-05	3.2075628779670048267e-05	-1.8317297065106587863e-05	-1.5030700908651900536e-05	1.1579393350343268847e-06	-2.0453913445221780665e-05
6	6	6	-2.0300036927588223986e-05	-4.6966560495259180832e-06	2.513122645517508084e-05	1.6805091268438912068e-07	-4.831189527586858548e-06	4.5286051368415290684e-06
6	6	7	-1.4227134938775459527e-05	-6.4894535330957335461e-06	-3.6778053838068517256e-06	-1.8251179588274021429e-06	1.5347091705070553471e-05	7.1267755645055448158e-06
6	6	8	1.73604620540769441e-07	-5.8226989960032792066e-07	1.4396382053000522557e-05	-1.1105683808142099894e-05	-1.0927490005155968456e-05	8.7659652808068207549e-06
6	6	9	0	0	0	0	0	0
6	6	10	0	0	0	0	0	0
6	6	11	0	0	0	0	0	0
6	6	12	0	0	0	0	0	0
6	7	-12	0	0	0	0	0	0
6	7	-11	0	0	0	0	0	0
6	7	-10	0	0	0	0	0	0
6	7	-9	0	0	0	0	0	0
6	7	-8	8.6680115733836451584e-06	-9.1848517122617841056e-06	-6.0229055869887408251e-06	-2.8103215845919146275e-06	1.2309662914225857527e-06	-9.3476701707142642253e-06
6	7	-7	-5.7484053498559722331e-06	-9.8952320087927345333e-06	-1.3106935623653679865e-05	-1.2962990044969755431e-05	-1.8034140209244514175e-05	-2.1444617481077811667e-05
6	7	-6	-8.4824379894960436071e-06	-2.6401841495445878635e-05	3.990568144838300907e-06	1.9889350524601971269e-05	-3.8267751538513599215e-06	-3.1975992167435774092e-06
6	7	-5	-2.4870412191312133126e-05	-5.606427580771846815e-06	1.8414070522360954642e-05	7.2687987623548815344e-06	-4.0647958982692257942e-06	3.4486051703706178007e-06
6	7	-4	-1.8148608341086120224e-05	-1.3567201294517566062e-05	-1.4201933297706994161e-06	1.875388069158721456e-05	-2.9708250838727902408e-05	1.2468489268501274693e-05
6	7	-3	-1.2684044899909923819e-05	-2.1017312247441711153e-05	3.4255538329936241287e-05	2.7880986193539901083e-05	5.456149963669804418e-05	2.302100995670968022e-05
6	7	-2	-2.1049875829654912462e-05	-2.632134615082527246e-05	1.3963302873347565084e-05	2.3649756118279665273e-05	-1.4278067432248261285e-05	3.8101079615030127701e-06
6	7	-1	-1.0786384478080200038e-05	9.4509707691141554451e-06	7.3590956003435630293e-06	-4.5572290593023592363e-06	-1.3204637666076255633e-05	2.4805221199568414629e-05
6	7	0	-6.7718320051417561092e-06	5.7953043034269091169e-06	5.8044274329786485776e-06	-4.9674036886516367489e-06	-1.9748809304001335344e-05	3.3602728738261671362e-05
6	7	1	-1.6053978366240290995e-05	2.4719857098631554829e-05	1.3794175950846180199e-05	-2.3703860998142214651e-05	-2.3536145848152852215e-07	1.7607884395206170196e-05
6	7	2	2.5295648712114876511e-05	-1.8884531328807415866e-05	-3.223145425208678882e-05	1.3436821139179438384e-05	3.6923143745959138113e-05	9.6247199992942157934e-06
6	7	3	3.5735054765428724441e-07	-2.2891691038428683828e-06	2.7772316092040939197e-06	-2.064539396591814789e-06	-7.1949081834514601604e-06	9.3955967997333037596e-06
6	7	4	-5.732076423738103936e-06	1.9518021157546043738e-05	1.7693458303279703964e-05	-1.4115756109250069902e-05	-2.2365437395132323916e-05	-4.5744585451314449722e-06
6	7	5	2.1635821963622242859e-05	-5.0968778694734259468e-08	3.1884147601264700753e-06	-4.3431210264525398575e-06	-3.0426767020523751823e-05	6.1415319714672365228e-06
6	7	6	-8.3694216306431281623e-06	-5.9446377373212141659e-06	2.3299350175159849789e-05	6.3411227526193857457e-06	-1.8813153573710031055e-05	-1.4533388074014027491e-06
6	7	7	1.0337544293616467373e-05	4.019051350050024184e-06	-8.5253840335221044753e-07	-1.2379108310663334855e-05	-8.0082138483190477542e-06	8.9342071534775986306e-06
6	7	8	-5.7143700326350633817e-06	1.7683657244609563133e-05	-1.7749437390190349637e-05	-1.2980420528039536305e-05	1.981653524089285474e-05	-1.904874971422578295e-06
6	7	9	0	0	0	0	0	0
6	7	10	0	0	0	0	0	0
6	7	11	0	0	0	0	0	0
6	7	12	0	0	0	0	0	0
6	8	-12	0	0	0	0	0	0
6	8	-11	0	0	0	0	0	0
6	8	-10	0	0	0	0	0	0
6	8	-9	0	0	0	0	0	0
6	8	-8	-2.2688967977514953825e-07	-3.0399639094203049056e-06	1.8246692780365794037e-07	2.3269071729381879672e-06	1.2299667972295796608e-08	4.6934240872959261586e-08
6	8	-7	6.3965858796692915596e-06	1.3591855572667353998e-05	-4.2340068106931553988e-06	6.2809104290320626386e-06	6.4392297035292949778e-07	1.8828345266894373078e-05
6	8	-6	-9.0337669466348113499e-06	-1.3045679531868191681e-05	-3.8990828761921852127e-07	8.5252376738422758993e-06	-9.5536446634604363273e-06	-1.6786959667451574309e-06
6	8	-5	-3.9695386367779789192e-05	-1.1776961743822156323e-05	2.4889761938726289998e-05	7.2316966684889302086e-06	-7.810844539373684389e-06	-2.56163942300429883e-06
6	8	-4	8.3092475227622553379e-06	1.4234983861962413111e-05	-5.3170951469642710493e-06	3.3574634087470177026e-06	1.8296809902148404848e-06	2.8067402610437655071e-05
6	8	-3	-4.1080711167965289687e-06	-9.6242893972780121876e-06	7.8364654960587498277e-06	-1.6036014906612937541e-06	1.268109908923027776e-05	-2.3524849436319474386e-05
6	8	-2	2.418682913127282776e-06	1.9743014930491444557e-05	1.631516807518369604e-06	-1.8722592417833974266e-05	1.3782115969455326321e-05	-1.5661324879861563395e-05
6	8	-1	-6.5135249428866864063e-06	-4.4691942918384127594e-06	8.3172854330910610872e-06	-1.505099729833485258e-06	2.7457133807408375342e-05	-3.8855963589698362009e-05
6	8	0	-1.0656688627591401268e-05	3.6500018712156036649e-06	7.9925164706935513748e-06	-2.7375014034117026428e-06	-1.6248721336568487287e-05	-4.8589203170893261483e-05
6	8	1	8.2508175100467325491e-06	-2.5152022435431703133e-06	-7.493252098985411437e-06	3.826452508765488034e-06	1.0441111731602902978e-05	-1.5520406608864881546e-05
6	8	2	2.3560224831865823674e-05	-1.6403418054071427742e-05	-2.384288222182018096e-05	1.5752948165804945256e-05	2.4690854391683256204e-05	-1.3801538501005492716e-05
6	8	3	1.0029361234929421982e-05	-1.2863383880011395477e-05	-1.5842689457046576366e-06	3.7681535325348917543e-06	-1.5834005281313090832e-05	1.5678358339929745146e-05
6	8	4	-2.3912614132605457869e-05	-4.3914816443640945288e-05	1.5012197745698392852e-05	4.0374994732247469623e-05	5.8445257075113994069e-06	-1.4877764799033514539e-05
6	8	5	4.5070194238565146859e-06	-7.0658355168926167137e-06	1.6349665821522321946e-05	3.3532870809811565023e-05	-3.1567888623063531381e-05	-4.5173590675427368723e-05
6	8	6	8.1237620319831181691e-06	-1.3189221233402115461e-05	4.0536737493945346078e-06	1.0872761041617751216e-05	-1.3528660364509165442e-05	-1.3077934887548851724e-06
6	8	7	-4.0746283256482446546e-07	-7.7975908497323284278e-06	3.4941002778692660595e-06	2.7952889919438141369e-05	-3.644003603937883385e-06	-2.5262510608158737682e-05
6	8	8	-1.1723654645591539638e-05	3.0964031324310289386e-05	6.3862453472453882075e-06	-2.403097193111391821e-05	2.4064956369482665212e-06	8.0794843788120000638e-07
6	8	9	0	0	0	0	0	0
6	8	10	0	0	0	0	0	0
6	8	11	0	0	0	0	0	0
6	8	12	0	0	0	0	0	0
6	9	-12	0	0	0	0	0	0
6	9	-11	0	0	0	0	0	0
6	9	-10	0	0	0	0	0	0
6	9	-9	0	0	0	0	0	0
6	9	-8	0	0	0	0	0	0
6	9	-7	0	0	0	0	0	0
6	9	-6	0	0	0	0	0	0
6	9	-5	0	0	0	0	0	0
6	9	-4	0	0	0	0	0	0
6	9	-3	0	0	0	0	0	0
6	9	-2	0	0	0	0	0	0
6	9	-1	0	0	0	0	0	0
6	9	0	0	0	0	0	0	0
6	9	1	0	0	0	0	0	0
6	9	2	0	0	0	0	0	0
6	9	3	0	0	0	0	0	0
6	9	4	0	0	0	0	0	0
6	9	5	0	0	0	0	0	0
6	9	6	0	0	0	0	0	0
6	9	7	0	0	0	0	0	0
6	9	8	0	0	0	0	0	0
6	9	9	0	0	0	0	0	0
6	9	10	0	0	0	0	0	0
6	9	11	0	0	0	0	0	0
6	9	12	0	0	0	0	0	0
6	10	-12	0	0	0	0	0	0
6	10	-11	0	0	0	0	0	0
6	10	-10	0	0	0	0	0	0
6	10	-9	0	0	0	0	0	0
6	10	-8	0	0	0	0	0	0
6	10	-7	0	0	0	0	0	0
6	10	-6	0	0	0	0	0	0
6	10	-5	0	0	0	0	0	0
6	10	-4	0	0	0	0	0	0
6	10	-3	0	0	0	0	0	0
6	10	-2	0	0	0	0	0	0
6	10	-1	0	0	0	0	0	0
6	10	0	0	0	0	0	0	0
6	10	1	0	0	0	0	0	0
6	10	2	0	0	0	0	0	0
6	10	3	0	0	0	0	0	0
6	10	4	0	0	0	0	0	0
6	10	5	0	0	0	0	0	0
6	10	6	0	0	0	0	0	0
6	10	7	0	0	0	0	0	0
6	10	8	0	0	0	0	0	0
6	10	9	0	0	0	0	0	0
6	10	10	0	0	0	0	0	0
6	10	11	0	0	0	0	0	0
6	10	12	0	0	0	0	0	0
6	11	-12	0	0	0	0	0	0
6	11	-11	0	0	0	0	0	0
6	11	-10	0	0	0	0	0	0
6	11	-9	0	0	0	0	0	0
6	11	-8	0	0	0	0	0	0
6	11	-7	0	0	0	0	0	0
6	11	-6	0	0	0	0	0	0
6	11	-5	0	0	0	0	0	0
6	11	-4	0	0	0	0	0	0
6	11	-3	0	0	0	0	0	0
6	11	-2	0	0	0	0	0	0
6	11	-1	0	0	0	0	0	0
6	11	0	0	0	0	0	0	0
6	11	1	0	0	0	0	0	0
6	11	2	0	0	0	0	0	0
6	11	3	0	0	0	0	0	0
6	11	4	0	0	0	0	0	0
6	11	5	0	0	0	0	0	0
6	11	6	0	0	0	0	0	0
6	11	7	0	0	0	0	0	0
6	11	8	0	0	0	0	0	0
6	11	9	0	0	0	0	0	0
6	11	10	0	0	0	0	0	0
6	11	11	0	0	0	0	0	0
6	11	12	0	0	0	0	0	0
6	12	-12	0	0	0	0	0	0
6	12	-11	0	0	0	0	0	0
6	12	-10	0	0	0	0	0	0
6	12	-9	0	0	0	0	0	0
6	12	-8	0	0	0	0	0	0
6	12	-7	0	0	0	0	0	0
6	12	-6	0	0	0	0	0	0
6	12	-5	0	0	0	0	0	0
6	12	-4	0	0	0	0	0	0
6	12	-3	0	0	0	0	0	0
6	12	-2	0	0	0	0	0	0
6	12	-1	0	0	0	0	0	0
6	12	0	0	0	0	0	0	0
6	12	1	0	0	0	0	0	0
6	12	2	0	0	0	0	0	0
6	12	3	0	0	0	0	0	0
6	12	4	0	0	0	0	0	0
6	12	5	0	0	0	0	0	0
6	12	6	0	0	0	0	0	0
6	12	7	0	0	0	0	0	0
6	12	8	0	0	0	0	0	0
6	12	9	0	0	0	0	0	0
6	12	10	0	0	0	0	0	0
6	12	11	0	0	0	0	0	0
6	12	12	0	0	0	0	0	0
7	-12	-12	0	0	0	0	0	0
7	-12	-11	0	0	0	0	0	0
7	-12	-10	0	0	0	0	0	0
7	-12	-9	0	0	0	0	0	0
7	-12	-8	0	0	0	0	0	0
7	-12	-7	0	0	0	0	0	0
7	-12	-6	0	0	0	0	0	0
7	-12	-5	0	0	0	0	0	0
7	-12	-4	0	0	0	0	0	0
7	-12	-3	0	0	0	0	0	0
7	-12	-2	0	0	0	0	0	0
7	-12	-1	0	0	0	0	0	0
7	-12	0	0	0	0	0	0	0
7	-12	1	0	0	0	0	0	0
7	-12	2	0	0	0	0	0	0
7	-12	3	0	0	0	0	0	0
7	-12	4	0	0	0	0	0	0
7	-12	5	0	0	0	0	0	0
7	-12	6	0	0	0	0	0	0
7	-12	7	0	0	0	0	0	0
7	-12	8	0	0	0	0	0	0
7	-12	9	0	0	0	0	0	0
7	-12	10	0	0	0	0	0	0
7	-12	11	0	0	0	0	0	0
7	-12	12	0	0	0	0	0	0
7	-11	-12	0	0	0	0	0	0
7	-11	-11	0	0	0	0	0	0
7	-11	-10	0	0	0	0	0	0
7	-11	-9	0	0	0	0	0	0
7	-11	-8	0	0	0	0	0	0
7	-11	-7	0	0	0	0	0	0
7	-11	-6	0	0	0	0	0	0
7	-11	-5	0	0	0	0	0	0
7	-11	-4	0	0	0	0	0	0
7	-11	-3	0	0	0	0	0	0
7	-11	-2	0	0	0	0	0	0
7	-11	-1	0	0	0	0	0	0
7	-11	0	0	0	0	0	0	0
7	-11	1	0	0	0	0	0	0
7	-11	2	0	0	0	0	0	0
7	-11	3	0	0	0	0	0	0
7	-11	4	0	0	0	0	0	0
7	-11	5	0	0	0	0	0	0
7	-11	6	0	0	0	0	0	0
7	-11	7	0	0	0	0	0	0
7	-11	8	0	0	0	0	0	0
7	-11	9	0	0	0	0	0	0
7	-11	10	0	0	0	0	0	0
7	-11	11	0	0	0	0	0	0
7	-11	12	0	0	0	0	0	0
7	-10	-12	0	0	0	0	0	0
7	-10	-11	0	0	0	0	0	0
7	-10	-10	0	0	0	0	0	0
7	-10	-9	0	0	0	0	0	0
7	-10	-8	0	0	0	0	0	0
7	-10	-7	0	0	0	0	0	0
7	-10	-6	0	0	0	0	0	0
7	-10	-5	0	0	0	0	0	0
7	-10	-4	0	0	0	0	0	0
7	-10	-3	0	0	0	0	0	0
7	-10	-2	0	0	0	0	0	0
7	-10	-1	0	0	0	0	0	0
7	-10	0	0	0	0	0	0	0
7	-10	1	0	0	0	0	0	0
7	-10	2	0	0	0	0	0	0
7	-10	3	0	0	0	0	0	0
7	-10	4	0	0	0	0	0	0
7	-10	5	0	0	0	0	0	0
7	-10	6	0	0	0	0	0	0
7	-10	7	0	0	0	0	0	0
7	-10	8	0	0	0	0	0	0
7	-10	9	0	0	0	0	0	0
7	-10	10	0	0	0	0	0	0
7	-10	11	0	0	0	0	0	0
7	-10	12	0	0	0	0	0	0
7	-9	-12	0	0	0	0	0	0
7	-9	-11	0	0	0	0	0	0
7	-9	-10	0	0	0	0	0	0
7	-9	-9	0	0	0	0	0	0
7	-9	-8	0	0	0	0	0	0
7	-9	-7	0	0	0	0	0	0
7	-9	-6	0	0	0	0	0	0
7	-9	-5	0	0	0	0	0	0
7	-9	-4	0	0	0	0	0	0
7	-9	-3	0	0	0	0	0	0
7	-9	-2	0	0	0	0	0	0
7	-9	-1	0	0	0	0	0	0
7	-9	0	0	0	0	0	0	0
7	-9	1	0	0	0	0	0	0
7	-9	2	0	0	0	0	0	0
7	-9	3	0	0	0	0	0	0
7	-9	4	0	0	0	0	0	0
7	-9	5	0	0	0	0	0	0
7	-9	6	0	0	0	0	0	0
7	-9	7	0	0	0	0	0	0
7	-9	8	0	0	0	0	0	0
7	-9	9	0	0	0	0	0	0
7	-9	10	0	0	0	0	0	0
7	-9	11	0	0	0	0	0	0
7	-9	12	0	0	0	0	0	0
7	-8	-12	0	0	0	0	0	0
7	-8	-11	0	0	0	0	0	0
7	-8	-10	0	0	0	0	0	0
7	-8	-9	0	0	0	0	0	0
7	-8	-8	-1.2471665669152821936e-05	1.6426356311819914754e-05	-7.9244156483917111328e-06	3.8142680240480306859e-06	-2.9882918121170076373e-06	1.0558793748794395147e-05
7	-8	-7	1.0769533777965792045e-06	-2.3428459280041788278e-06	-2.3310013768329058307e-06	-3.8516732647948755241e-06	3.7409549513199002144e-06	2.0590663746185353309e-06
7	-8	-6	1.8812196242708575022e-05	-3.378248263472579968e-06	-5.2460720626127776544e-06	-8.2279097690541802492e-06	2.8942325033310374398e-05	7.0292567180208976715e-06
7	-8	-5	-1.0319095245854323809e-05	-2.546048042859384649e-06	5.8541357655537448504e-06	-5.4812899127571400678e-07	-2.3813350569082044754e-05	-2.6874608739619964366e-06
7	-8	-4	3.3025886140450688594e-06	-1.0238080743727338289e-05	-5.5193234469387339645e-06	-2.7281469724989383073e-06	1.6818176968456338645e-05	-1.2460347356524964968e-05
7	-8	-3	-2.0479707443849335801e-05	-1.1831964517844711547e-05	-7.0362930963855374464e-06	-6.9587527500826103775e-06	-2.9022535778620350345e-05	-9.0512432080840331668e-06
7	-8	-2	2.8551778043902769442e-06	-2.0022931215988406574e-06	6.2526523901199336812e-06	2.0762240499730053972e-06	-1.5017487245113764996e-05	-1.5312922125487965583e-05
7	-8	-1	-2.7875041260496087814e-05	-1.2603992730409090272e-05	-2.3364301260748615325e-05	-8.5014666109199366989e-06	-8.2108787374836954905e-06	-2.0216216225504143395e-05
7	-8	0	1.6232709231672197463e-05	2.3375948631105718185e-05	1.4203620577713172357e-05	2.0453955052217502142e-05	-5.8046450444363674483e-06	-1.1785767959831526541e-06
7	-8	1	-6.935304387003850866e-06	1.6134439170380910348e-05	-1.1147683205701834527e-05	1.7530666830828229544e-05	-4.0634334936587712531e-05	2.7304260453959460528e-05
7	-8	2	-2.3336646204676552108e-05	-5.0541137508090025799e-06	-2.2460874417826596811e-05	-8.8319210076273233569e-06	-8.1652359549384616425e-06	-1.7638285902677783127e-05
7	-8	3	-9.801863353502457044e-06	-9.4713078630993574906e-06	-1.1503183113598284231e-05	1.23588144126803173e-06	-7.8041404780896949002e-06	2.5395402190613251527e-05
7	-8	4	3.391095905614524408e-06	-1.2903916969928184064e-05	4.8541668936542204169e-06	-6.1275156452133253446e-06	3.7739159524830224845e-06	1.0326823406947670999e-05
7	-8	5	-5.6579178734340464995e-08	-1.1420836802514732896e-05	1.2262578344288762347e-05	-1.3123816855498938696e-06	1.9699336201090095438e-05	1.3889360826640795185e-05
7	-8	6	-1.9934776464878203212e-06	2.4292422291857447421e-06	3.4641466464113895194e-06	5.3309056264639563053e-06	6.9445861161176431378e-06	4.2737582345685729452e-06
7	-8	7	1.6831663909948900074e-05	-2.7158978912965231397e-06	2.8128414725571935983e-06	-2.9194145942460594212e-06	-1.3616987941312108358e-05	-6.2057593069897293332e-07
7	-8	8	8.1784345184478902469e-06	-9.7088426499707939141e-06	-1.098042035527671484e-05	-1.0406507589388113585e-05	-1.8136550558918618806e-05	-1.9112702706636678515e-06
7	-8	9	0	0	0	0	0	0
7	-8	10	0	0	0	0	0	0
7	-8	11	0	0	0	0	0	0
7	-8	12	0	0	0	0	0	0
7	-7	-12	0	0	0	0	0	0
7	-7	-11	0	0	0	0	0	0
7	-7	-10	0	0	0	0	0	0
7	-7	-9	0	0	0	0	0	0
7	-7	-8	9.6889653716052945759e-06	-1.2983113029318586862e-05	2.9652612419957470708e-06	-1.1821771567875182318e-05	5.8832411134083539611e-06	-1.0161737787629787639e-06
7	-7	-7	-5.5901132506990372899e-06	-1.1514975120954458994e-05	-2.0307918946467834829e-06	-5.8010563854613211445e-06	-3.5593213560522533835e-06	-5.7139187354931386963e-06
7	-7	-6	-7.3059110885443493181e-06	-6.3540426910450122041e-07	1.4353049097270643289e-05	1.0378876036096841865e-05	-2.5268786883450823297e-05	-1.2849993689401567392e-05
7	-7	-5	1.2133425498844666878e-05	-5.8652270066907283725e-06	1.3536047355646414484e-05	-2.5581767931067112373e-06	-1.963670599522447496e-06	-4.6298702990176236505e-06
7	-7	-4	1.394035315433341427e-06	-1.9891378524218832085e-05	5.0812406286032815798e-06	1.7087451268247733974e-06	-6.4526092980473952144e-06	-3.7800216389326308695e-05
7	-7	-3	-6.2748387405379455094e-06	2.3086880086353443086e-06	-5.5832082319347864802e-06	-1.288064130279936286e-05	-1.6138045200740372406e-06	3.5441768393347649496e-05
7	-7	-2	3.6535505021766693314e-06	-3.0572597236003170315e-05	6.1785822675443149784e-06	-1.8817204099364236619e-05	-8.8376111787867610352e-06	-4.1143875978236266243e-05
7	-7	-1	-1.7612104146688805828e-06	-1.0414035791285586975e-05	-5.1146995735683349271e-06	-9.8246252492712804401e-06	2.3474424112296178081e-05	-4.1258737941001432008e-06
7	-7	0	-2.7743682056933879383e-05	-2.1446795322376676376e-05	-2.7743682056933879383e-05	-2.1446795322376676376e-05	4.4228987700767634014e-05	-3.8567034908493220727e-06
7	-7	1	2.604857211018938448e-05	1.6003928929192118513e-05	2.2891424080360876705e-05	7.9806041426323849223e-06	-2.210003620879955104e-05	-5.616327350591814022e-05
7	-7	2	1.5877239629412768551e-07	-2.6560429034722350466e-05	4.8834711031981894219e-07	-2.3735475676199745902e-05	1.153511499089919266e-06	9.8873367548291142803e-06
7	-7	3	-2.6122714441529660683e-05	-7.6326698086113015134e-06	-2.2576579022663446499e-05	-8.7846729790748220862e-06	8.2743159773545031513e-06	-2.6880073977482172109e-06
7	-7	4	6.0123225999164950934e-06	5.8651443076639542617e-06	5.7280854812127793426e-06	4.0999639911059274579e-06	-4.9741495773150214028e-07	-3.0890655539765469067e-06
7	-7	5	-8.2512139588481949744e-06	4.9045062833634544641e-06	-7.2116700990497919631e-06	5.0539447168974686888e-06	1.4553614037177650629e-06	2.0921380694762019513e-07
7	-7	6	1.4155886444971239974e-05	-2.0104583456574983632e-06	-1.6630168111886666974e-05	2.2793120417715003578e-06	-3.5917063649667556129e-05	5.0047321186671650333e-06
7	-7	7	-8.7986194160577583774e-06	-6.1076691437432031905e-06	-1.6524759530560298849e-05	-9.5818099701619423829e-06	-7.7261401145025404721e-06	-3.4741408264187400394e-06
7	-7	8	-1.4467162811849057399e-05	-3.5890409801420680357e-06	-4.0442591670376541887e-06	2.0553708389100337062e-05	9.1200406892099773856e-06	2.1124905698087104725e-05
7	-7	9	0	0	0	0	0	0
7	-7	10	0	0	0	0	0	0
7	-7	11	0	0	0	0	0	0
7	-7	12	0	0	0	0	0	0
7	-6	-12	0	0	0	0	0	0
7	-6	-11	0	0	0	0	0	0
7	-6	-10	0	0	0	0	0	0
7	-6	-9	0	0	0	0	0	0
7	-6	-8	8.5442975073106298929e-06	2.2410086548327522941e-05	1.7701925181146468567e-05	-8.5078022165639702936e-06	-5.8001835669630509042e-06	2.598967739220955987e-05
7	-6	-7	2.7678042478734678355e-06	-1.8376844353204716242e-05	9.8940050371224716556e-07	-2.629612748544605196e-05	1.9197466732629700835e-06	4.1626934914633297469e-06
7	-6	-6	-4.3647362180606032937e-06	8.9608966708457759843e-06	2.8946645841998712541e-06	2.5071713875274531484e-05	-7.9868568386039082889e-06	-1.4617334425954457526e-05
7	-6	-5	6.6058910376389818864e-07	-9.3774310472235598027e-06	-3.7544741722992670322e-06	-1.2299326252343136081e-06	5.4301937520285775216e-06	-1.1652484315831806462e-05
7	-6	-4	-6.5072676502364887473e-06	2.5861449534733522656e-05	-3.2664673657497915236e-06	3.0940651198470294999e-05	-6.4880173392891684459e-06	-1.1534401119217770035e-06
7	-6	-3	2.6361679297945266878e-05	-2.7221379645847039425e-05	3.0596048513452135935e-05	-2.6987450992125390156e-05	3.1848800163467870678e-07	-9.5416505227256467073e-06
7	-6	-2	-3.7604024106166722623e-06	1.3141653537887130866e-05	4.1945364461208865272e-06	1.5872979076207331873e-05	-2.5745017775521013135e-05	-1.6231498460170426699e-06
7	-6	-1	-4.9817415757715299409e-06	-7.0216530835121883291e-06	-7.2339448488806529027e-06	-8.0742668278205309562e-06	8.5314780628832052889e-06	-7.0597061766213002512e-07
7	-6	0	-8.9462980847810478531e-06	-1.1806274464745427591e-05	-1.0437347765577889444e-05	-1.3773986875536331625e-05	1.919711557371178045e-05	-1.3062422192097621927e-05
7	-6	1	-1.19106454607123997e-05	-1.6568257275365018221e-05	-1.6833865276445176504e-05	-1.9144357042080805098e-05	-1.7628673433684252658e-05	1.1116586750703105117e-06
7	-6	2	4.8158736192133574773e-06	-1.198589425944465367e-05	-1.4474522748774871677e-06	-2.2365900599222967633e-05	-2.1197914491879212673e-05	-2.5147071889612615053e-05
7	-6	3	1.2123800476258268289e-05	7.595502823481520578e-06	8.6562855906477456376e-06	2.049340944104421258e-06	-1.0976296596640464678e-05	-1.362415803324803968e-05
7	-6	4	-8.6310039736440295836e-06	-9.0105201873393790207e-06	3.6479252653112370733e-06	2.0259525687573961663e-06	2.0576144851843906111e-05	1.8807339180980005842e-05
7	-6	5	1.0423687039935182323e-06	2.4740101422835733487e-05	-1.0329254627260418784e-05	9.3775698440671393172e-06	-1.3854421738303428956e-05	-2.3383058179089461734e-05
7	-6	6	1.7260694461196558966e-06	5.2088598552970069886e-06	-2.0363880882698999399e-06	1.9496749924780820674e-05	-4.0501357754094983448e-06	1.3419746760267646136e-05
7	-6	7	2.5178740335503873962e-06	5.569464627416660913e-06	3.0677591128175345987e-06	1.7832814890949912913e-05	1.1163377743607088228e-07	9.7158052791118350229e-06
7	-6	8	-9.573502553830952192e-06	7.027816001528136683e-06	-3.6785373030950238819e-06	-6.0654795898594828088e-06	5.6179117572808153625e-06	-1.0698448693731730857e-05
7	-6	9	0	0	0	0	0	0
7	-6	10	0	0	0	0	0	0
7	-6	11	0	0	0	0	0	0
7	-6	12	0	0	0	0	0	0
7	-5	-12	0	0	0	0	0	0
7	-5	-11	0	0	0	0	0	0
7	-5	-10	0	0	0	0	0	0
7	-5	-9	0	0	0	0	0	0
7	-5	-8	-5.9786100570286807273e-06	-7.4324233183236251072e-07	-5.1019345406156131205e-06	-6.4661968550604181707e-06	-2.0425747120153371184e-06	3.3910359940594440672e-06
7	-5	-7	3.298480053355624467e-06	-4.5913646697644788363e-06	2.1641307075055218233e-05	1.1803656463334674044e-05	-1.2159596428826674271e-05	-1.3022547857860674098e-05
7	-5	-6	-3.2642074757264801356e-05	-3.0359995360383132447e-06	-1.2113481164248776972e-05	-2.0705068470442797859e-06	-2.7987852913268286591e-05	-1.8165770861744657012e-06
7	-5	-5	1.9343943833814531091e-05	-6.8854723883382522054e-06	1.559956460756852401e-05	-1.5057132469217727439e-05	1.1481956759771820534e-05	5.4174711255441750286e-06
7	-5	-4	2.320449164788678019e-05	-2.2285292799235377468e-06	1.9947939276127996642e-05	1.5135779097222591661e-05	1.5672936288641867836e-05	-2.2819650111394428727e-05
7	-5	-3	-1.5446663876693331717e-05	-1.3495278374366794804e-05	-1.5656038662235658506e-05	-1.3623246439085206293e-05	-9.9488179418916776258e-06	-8.783572141713843489e-06
7	-5	-2	-1.021470851207976612e-05	1.0446824068367481999e-05	-1.2712257225493624099e-05	1.0301525798684301138e-05	-3.9708367285451211714e-06	1.0810069742575436692e-05
7	-5	-1	-1.5261630050145267077e-05	-2.3995491609944121141e-06	-3.2615341817289871256e-05	-2.9239959692561999047e-06	5.6245298735432503682e-05	-2.1768642806798848522e-06
7	-5	0	4.5456026838722846887e-05	6.2167703337926620991e-06	6.3638437574211988352e-05	8.703478467309727447e-06	5.7545345216602549561e-05	2.9253756604121733766e-05
7	-5	1	2.7460503018166980329e-06	-8.7782043381917762418e-06	4.2885091705220709988e-06	-1.1941251869959375903e-05	2.2201937398934657991e-06	1.7411710175455501546e-06
7	-5	2	-1.3368136459500771146e-05	1.1845920886147276276e-05	-1.884672557239355133e-05	5.3256781007579084223e-06	-3.2833632273117952569e-07	-2.8146527849620696756e-05
7	-5	3	-3.8958238587805147453e-05	-7.3905763652784296205e-06	-2.2357708580573454473e-05	-1.3019800596691468879e-06	5.3639709070589583213e-05	1.5074711419534424301e-05
7	-5	4	4.9951142904881016741e-06	1.7626624056834220677e-05	4.235458326060424452e-05	2.3957411725726081325e-05	4.4201779067401125603e-05	-8.9982744230228219963e-07
7	-5	5	2.5763340040640126381e-05	-6.8221716558919424993e-06	3.4387464666602072063e-05	1.1115049310928146336e-05	-1.6812113902941094442e-06	2.066608962917686448e-05
7	-5	6	-1.3225691093019020171e-05	1.0419443519583967099e-05	-2.2956115545919130973e-05	-1.2328926742654601085e-05	-3.7001233464104197921e-06	-2.2430123058393462238e-05
7	-5	7	-8.5874773186265041452e-06	8.3015384787479047662e-06	-4.0072406838439851351e-06	-1.456479371299058294e-06	5.7251625444522278387e-06	-9.3418808868186622031e-06
7	-5	8	7.1488732084616241419e-06	-4.0420329797697351532e-06	1.1298851036169445749e-05	-1.5702533062917893478e-06	8.0651784020198257466e-07	2.555370540866150049e-06
7	-5	9	0	0	0	0	0	0
7	-5	10	0	0	0	0	0	0
7	-5	11	0	0	0	0	0	0
7	-5	12	0	0	0	0	0	0
7	-4	-12	0	0	0	0	0	0
7	-4	-11	0	0	0	0	0	0
7	-4	-10	0	0	0	0	0	0
7	-4	-9	0	0	0	0	0	0
7	-4	-8	-4.5471607916208116483e-06	-8.4648849411031613633e-06	2.4824586400632901421e-06	-3.1246725488690925097e-06	-5.2199950126998551574e-06	-5.8444380490307199381e-06
7	-4	-7	-8.0408452659627049675e-06	-1.3118316824861603056e-06	-1.5945354315759471998e-05	-3.5187894610908038346e-05	1.0707857716141352366e-06	1.8795536666604150165e-05
7	-4	-6	-2.1545867553139422653e-05	-6.7279768307322276034e-06	-4.7011181234532807539e-05	-1.7280139229054199785e-05	6.2039420110258802917e-06	3.6707865168485350255e-06
7	-4	-5	-7.6475229701975409397e-06	-2.0166863221351396997e-05	-1.3420435653578945245e-05	-1.5652859212830558521e-05	2.9816364586598834516e-08	-1.5711321139627510335e-05
7	-4	-4	-1.7823654609828380973e-06	-2.4351575051388099639e-06	6.3399981088726546213e-06	1.6932770626361463547e-05	-9.4591376655926218738e-06	-2.1194296260354380878e-05
7	-4	-3	1.967098939649540614e-05	-3.020662927662876577e-05	3.1232392226685173984e-05	-2.7606797691580256418e-05	4.255785622909050709e-06	-3.3673071390026778238e-05
7	-4	-2	-3.1527131472536828202e-05	-1.3725750086713357952e-05	-2.039911696661771232e-05	4.1362552828770584584e-06	-6.9546726220643463904e-05	-5.6312635869250868054e-05
7	-4	-1	-5.7962047654742138389e-06	3.6981758136980405377e-06	-1.5845257085912726927e-05	8.5162522085835040086e-07	2.2807594985331409987e-05	2.2480729812452880466e-05
7	-4	0	-2.2849953165849621494e-05	1.597503571642965313e-05	-3.998741804023684185e-05	2.7956312503751894671e-05	3.1024165499481482844e-05	-3.2352731762382274522e-05
7	-4	1	2.8272842982881947243e-07	2.2204936995036924968e-05	2.2968181137161427787e-06	2.4081590516165292414e-05	7.2081734460628357609e-06	-5.9108196900597311896e-05
7	-4	2	1.5754515765101378841e-05	1.0774349688513316524e-05	-6.8856952664335618306e-06	9.6992539743863009666e-06	-6.8912195710721954687e-05	-1.8311715961024009288e-05
7	-4	3	-5.1568007066776798598e-06	-3.8139262441691637638e-05	9.1676793680539873688e-06	-4.3185478993711469192e-05	2.4256107472986567804e-05	3.1410973705665202343e-05
7	-4	4	2.8786095035901476278e-05	-2.1541367046894708425e-05	2.8476023472779631355e-05	-3.2337529763521873569e-06	-2.1899642840047952132e-05	3.4463639355713552811e-05
7	-4	5	-1.7334141587831313668e-05	-8.81931695831555227e-06	-6.6192888352492112124e-06	-2.5348205152836266195e-05	1.8972367154764470843e-05	-7.9315203806272380839e-06
7	-4	6	1.4999129557223349522e-05	-5.4487656663168546981e-06	1.7899845693382961138e-06	4.9259647735014510701e-06	-1.6305661437201709237e-05	9.6408697930372968729e-06
7	-4	7	-3.6302092377246950635e-06	-1.5991803938289413822e-05	-1.0485964337932709243e-05	-8.6899674619982009588e-09	-2.3617703839511390319e-06	1.5986838242596844401e-05
7	-4	8	-1.5702671686416989677e-05	-1.3751388893650558582e-06	-1.8398492479192638628e-05	-1.4636616705060678164e-06	4.5405914860185475005e-06	4.7141569294138988829e-07
7	-4	9	0	0	0	0	0	0
7	-4	10	0	0	0	0	0	0
7	-4	11	0	0	0	0	0	0
7	-4	12	0	0	0	0	0	0
7	-3	-12	0	0	0	0	0	0
7	-3	-11	0	0	0	0	0	0
7	-3	-10	0	0	0	0	0	0
7	-3	-9	0	0	0	0	0	0
7	-3	-8	1.8753348670804778105e-05	-1.1932333121166622666e-05	1.3578513750258815789e-05	2.0168141583500116034e-05	1.1317237430607123862e-05	-1.8003844574833338557e-05
7	-3	-7	4.1306887466711874528e-05	5.289646708109169376e-07	-2.7881380084537147377e-06	-2.7328162236851403798e-06	4.2501803756049182841e-05	1.7001716238188342886e-06
7	-3	-6	6.6092638846950644812e-06	-3.7286093444779632691e-05	-2.0206794906427949174e-05	-1.4235182110643119293e-05	1.7814205318691548685e-05	-3.6382851296921341208e-05
7	-3	-5	3.8450849059144944853e-06	1.257382326169763179e-05	2.8096410199779285014e-05	4.6161728660188214849e-06	-1.1474727251587280423e-05	1.4833648846765390937e-05
7	-3	-4	-1.5821190919621939042e-05	-1.6482456302655144664e-05	-1.9775170968435331449e-05	4.7608078457720338876e-06	-1.2855705883011891348e-05	-3.2414904413975533025e-05
7	-3	-3	7.0100945334456382078e-07	1.4438399993944201163e-05	-1.2727888538793279672e-05	1.2168121742309050034e-05	1.4363577263263928058e-05	2.1521478243560753245e-05
7	-3	-2	-1.8302586240631885689e-06	-4.4809311956855278291e-06	-3.3789498614301632733e-05	-1.2383635653882894582e-05	4.4278342737231287838e-05	2.8921942959249919294e-06
7	-3	-1	-3.4368399500102365387e-05	-5.3592890602649419533e-06	-6.4773098607508509082e-05	-3.416518326980459707e-06	-4.6259500678191003357e-05	-2.7265468440913213281e-05
7	-3	0	-9.9509683820417366699e-06	-1.3463741466469063778e-05	-2.3218926224764051665e-05	-3.141539675509447989e-05	3.0761140940824433247e-05	5.3227845512163874222e-05
7	-3	1	-6.7794123732001527615e-06	1.3525794941999240873e-05	-9.0330448800522703174e-06	2.0060359588278859103e-05	2.035675197224425499e-05	-3.44994858291581088e-05
7	-3	2	-2.1044652443715872268e-05	-1.0254894975790036888e-05	-5.4004988630250310192e-05	-2.5726076678809268355e-05	-7.3511993923699131984e-06	-2.6969826029487742726e-06
7	-3	3	-1.0784279399855909581e-05	-3.5181701870149809639e-05	-2.7715050530150045851e-05	-1.8812746261072304735e-05	-2.5517319304862588045e-06	6.327789143594391211e-05
7	-3	4	2.9631113488035651566e-07	-1.2946564226242150087e-05	-1.4500896659757526338e-05	3.504191565179836688e-07	-1.1394216980858769728e-05	2.2919301763312250047e-05
7	-3	5	-6.0580486576366893205e-06	4.1448492467810734582e-06	-4.0462158908470834172e-05	-1.8880496986081739296e-05	-1.5796027224391133252e-05	-1.7131087137142545911e-05
7	-3	6	-1.1976373576809437477e-05	1.7561229201160343379e-05	-1.8627330023921862912e-05	-2.0325515349971087835e-05	4.6587708276500778044e-06	-3.0650858409672614581e-05
7	-3	7	1.1477528958661145663e-05	2.3224401879477872777e-06	1.0571739791080299534e-05	2.8411485455188000731e-05	-6.946783333912445621e-06	9.8539107214184978422e-06
7	-3	8	6.726973395203554171e-06	-2.8226984290295083078e-05	-2.4508120912426700972e-05	1.2340753434106393194e-05	-1.5076647062963122658e-05	2.9326393791798093235e-05
7	-3	9	0	0	0	0	0	0
7	-3	10	0	0	0	0	0	0
7	-3	11	0	0	0	0	0	0
7	-3	12	0	0	0	0	0	0
7	-2	-12	0	0	0	0	0	0
7	-2	-11	0	0	0	0	0	0
7	-2	-10	0	0	0	0	0	0
7	-2	-9	0	0	0	0	0	0
7	-2	-8	5.0968425075865427736e-07	2.77983600582129308e-05	-5.318230630345882204e-06	-8.5955197125350364586e-06	1.7755313770002930569e-06	2.6472444979070073988e-05
7	-2	-7	-7.4982160335690389383e-06	-3.161970401692053932e-06	1.7368591990725963972e-06	6.6667538094769929503e-06	-7.9944615190183519526e-06	-5.0667572043997662035e-06
7	-2	-6	3.5257128550290863874e-06	-2.0965189432689051378e-05	2.1428620610296242283e-05	4.0027875785837501929e-06	-3.0295418725648128151e-06	-2.5793650197665143339e-05
7	-2	-5	2.9239479438044982011e-05	4.6861504840526927281e-06	8.2558561384707622157e-06	-1.4132964971662720407e-05	3.7632928757874672639e-05	1.2213796666338858321e-05
7	-2	-4	3.9664913027154760801e-06	1.1999829350785854964e-05	2.6734958633814075759e-05	2.2068850541011650725e-05	-6.4261195371549555865e-06	9.9652760933694195533e-06
7	-2	-3	-1.749246153228636535e-05	-2.1166320440331697818e-06	2.2901484171052791642e-05	-3.1820502540400742296e-05	-5.6083399689370052558e-05	1.627486025752309786e-05
7	-2	-2	4.7729234473505027661e-06	4.1537413893043023428e-06	2.8855887344363159421e-05	4.0755271360810970056e-05	-1.2150655278636399739e-05	-2.6217176498245912703e-05
7	-2	-1	-1.6025901175141816905e-05	-2.5576318571059677653e-06	-2.1941729250555482868e-05	-1.5311141680836923008e-05	-6.829784972488176615e-05	1.2718860361932069118e-05
7	-2	0	-1.9633728180983934542e-06	-9.6434056074533773276e-07	-6.8718048633443768779e-06	-3.3751919626086818529e-06	3.9790288172739831491e-05	-2.7410334874930791843e-06
7	-2	1	1.2363634734036733371e-06	-1.8322492922732682509e-05	2.2942301318276561804e-05	-8.2648861622832800098e-05	3.7230058322727413e-05	-3.7040272786536812468e-05
7	-2	2	-1.9829548137484965398e-05	-2.7700022152065876093e-05	-6.1857817801503424448e-05	-7.5130915700718126256e-05	7.545600679693954444e-06	2.1819161831512429904e-05
7	-2	3	-1.8989195437958918046e-05	-1.0823459783847530282e-05	-4.8119096253920383102e-06	1.0776243122581845342e-05	4.1100182938309448772e-05	3.2438901577365468118e-05
7	-2	4	-1.7933026453367039923e-05	-5.4302171687810987707e-06	-1.7290420574517736149e-05	6.6505736158325597074e-06	2.2737586006133452638e-05	1.2828166853283202279e-05
7	-2	5	6.4917778274254853743e-06	-4.8429991250039464834e-06	-2.2608250004182784981e-06	-4.5135227998477682953e-05	-9.992818958562991262e-06	-1.1273892424385548443e-05
7	-2	6	-4.6167295305453633916e-06	9.6608676798806706129e-06	1.0498110403194211164e-05	3.0174953629818943815e-05	8.88555458670099378e-06	-1.212694416587800757e-06
7	-2	7	1.0483765687780197858e-05	2.5754185045205600001e-05	-2.5239150011252945784e-06	2.4968806413796509114e-06	-1.1204884259530283112e-05	-2.5040790576239985334e-05
7	-2	8	-1.2470371388695846077e-05	2.8195954365576970322e-05	-2.8846388041597318094e-06	1.5815799232358660023e-05	1.0190415264068932577e-05	-2.0717510261790182755e-05
7	-2	9	0	0	0	0	0	0
7	-2	10	0	0	0	0	0	0
7	-2	11	0	0	0	0	0	0
7	-2	12	0	0	0	0	0	0
7	-1	-12	0	0	0	0	0	0
7	-1	-11	0	0	0	0	0	0
7	-1	-10	0	0	0	0	0	0
7	-1	-9	0	0	0	0	0	0
7	-1	-8	2.5795507014595383385e-08	1.6341887814983729058e-05	1.9724486361889059089e-06	-3.3194250370992879464e-06	-2.2398501088584228973e-07	1.4714079967748174184e-05
7	-1	-7	-1.2645429369647968561e-05	9.0452361340020720758e-06	-3.1613155809015819277e-05	-6.0107744231006310942e-06	-8.1292642540742800932e-06	9.90391819444501998e-06
7	-1	-6	7.4958528975496204204e-06	-2.5998528194940057258e-05	1.9551586867683159212e-05	-6.7652364303540642737e-06	5.4865639025273642374e-06	-2.9204076822371055947e-05
7	-1	-5	-1.9287013126971244107e-05	1.6250916607129514213e-05	-4.1956888922295265513e-05	-3.7097056975664048845e-05	-1.861044059330069068e-05	3.017069464511412899e-05
7	-1	-4	1.2232562390127493427e-05	-2.7308138512561470456e-05	5.3164669605495706536e-05	3.0056888918521312343e-05	8.1158167813491860162e-06	-5.5303464626612902231e-05
7	-1	-3	-8.1264255583065196143e-06	3.3094003176300258718e-05	-6.494492123381862003e-05	4.2328140554337712065e-05	2.6866474418909950901e-06	6.3109960559921366319e-05
7	-1	-2	-1.0707553239966589187e-05	3.9293243594256973379e-06	-4.1367937986449822242e-05	3.2787193643029863852e-05	-1.6792467346658149338e-05	-2.6409615635249899728e-06
7	-1	-1	9.304300142393025293e-07	8.4459559138656246426e-07	4.4506302663784643326e-05	9.9851228872997505899e-06	-3.7993292564109528797e-05	-4.0729537475938139754e-06
7	-1	0	1.0213068863569401716e-05	3.9257548600179527693e-06	7.1491482044985806932e-05	2.7480284020125670232e-05	3.2848102165172305908e-05	-7.2895389772814975097e-05
7	-1	1	4.3077869736187225625e-06	-1.7400847598284862672e-05	-1.4194602914316287813e-05	-7.9125714987923358016e-06	-4.4349111729647349139e-05	0.0001138933616892017029
7	-1	2	1.8888836139353561941e-05	-2.5512135645725651952e-05	0.00010957617424154509754	-7.4030073953103821076e-05	-1.1322839366964921411e-05	5.2277437783487867905e-05
7	-1	3	8.9523056834462341101e-06	-1.8469421359745565828e-05	2.137337123990984601e-07	3.9864114555132764382e-05	-2.0817468690574849797e-05	5.6383354691117241726e-05
7	-1	4	-3.8565799660414258572e-06	-4.0726768124972203509e-06	3.5242942499171731106e-05	3.5265963375366983588e-05	1.555975056536542845e-05	1.594367526571188024e-05
7	-1	5	-7.9133327676620401767e-06	1.1250878110295692994e-05	1.153709634708005184e-05	2.4662361663803999365e-05	1.3386085144142865599e-05	-1.0818757021653170318e-05
7	-1	6	1.7979530232599700971e-05	5.0746981870253120712e-06	9.6095877419204628377e-06	1.4916863166648223162e-05	-1.9374520647712905068e-05	-3.4343373570881602228e-06
7	-1	7	-8.9173432507014264216e-06	1.14108656991839481e-05	-3.2751529279435856652e-05	-2.5997954140134099744e-06	4.2385533536391609437e-06	-1.1782265044043007757e-05
7	-1	8	-1.0583790090299964484e-05	1.5769146385586802774e-05	1.4069933353930909465e-06	-8.069591111823717775e-06	9.4366904959366064036e-06	-1.4806701976366415879e-05
7	-1	9	0	0	0	0	0	0
7	-1	10	0	0	0	0	0	0
7	-1	11	0	0	0	0	0	0
7	-1	12	0	0	0	0	0	0
7	0	-12	0	0	0	0	0	0
7	0	-11	0	0	0	0	0	0
7	0	-10	0	0	0	0	0	0
7	0	-9	0	0	0	0	0	0
7	0	-8	-7.0330907386151582256e-07	-9.5249916238576378714e-06	3.1005794818998310631e-06	9.5680969599981381273e-06	-6.1539543962882639768e-07	-8.3343676708754331375e-06
7	0	-7	6.5400950072059031864e-06	-8.5355827754734989865e-06	-2.1451757217400535923e-05	-7.1984394338923811632e-06	6.5400950072059031864e-06	-8.5355827754734989865e-06
7	0	-6	6.964817612184820623e-06	3.3030624584790748018e-05	2.6489003461246548151e-05	-4.7999077621058824016e-05	8.1256205475489568288e-06	3.853572868225586817e-05
7	0	-5	-1.59115624537778887e-06	-2.4532956322510496752e-06	4.7386707701884565522e-05	2.8091666235946676557e-05	-2.2276187435289042909e-06	-3.4346138851514693759e-06
7	0	-4	2.1504690083827769553e-06	-4.8207485288250686672e-06	4.2136973369876532761e-05	-2.7565248565247809482e-05	3.7633207646698598835e-06	-8.4363099254438701677e-06
7	0	-3	-3.9518170554944826309e-07	-2.2667342432080135653e-06	1.5049833485926115029e-05	3.079229095693633198e-05	-9.2209064628204596487e-07	-5.2890465674853656916e-06
7	0	-2	2.1478552906373304059e-05	-4.8547578960357408009e-06	-2.559224738579063982e-05	5.122987096573339348e-05	7.5174935172306559124e-05	-1.6991652636125091532e-05
7	0	-1	-4.777071659946524772e-06	-2.4580770532774705256e-06	-4.1763463206008881738e-05	-6.1066287688041860702e-05	-3.3439501619625675098e-05	-1.7206539372942293256e-05
7	0	0	0	0	6.2350491626184787364e-05	-0.00012806207136090632802	-3.2499621580918600897e-05	5.8923760786179170043e-05
7	0	1	-1.4364207212026136846e-06	2.8707994633810406981e-06	2.3611631898406753373e-05	-1.1849077407471974037e-05	1.0054945048418296216e-05	-2.0095596243667286158e-05
7	0	2	-4.8033014946884668417e-07	1.4022360216305919807e-05	1.3224941041197230682e-06	-9.1139671170853634987e-06	1.6811555231409632358e-06	-4.9078260757070721017e-05
7	0	3	1.6582311397588195964e-06	-1.706548544439076727e-05	1.0391912732840833091e-05	5.3514345520125209451e-05	-3.869205992770578776e-06	3.9819466036911785778e-05
7	0	4	3.7614159853142162044e-08	-1.9754541084727253046e-05	-3.4056290103285314296e-05	-9.9589277499650375819e-06	-6.5824779742998786885e-08	3.457044689827269029e-05
7	0	5	-1.1386306799902271708e-05	-3.9538609540659008399e-06	-9.7507035899768177486e-06	-1.5638563490470191363e-05	1.5940829519863179036e-05	5.5354053356922604983e-06
7	0	6	-3.3903453381041643612e-05	2.2395063451318914443e-05	4.7992761409312900665e-06	-1.6253774554313023509e-05	3.9554028944548588731e-05	-2.6127574026538734082e-05
7	0	7	-2.9550364430985525322e-06	-5.4763733313629507808e-06	-1.5878055819194572361e-05	2.8059665850238657927e-05	2.9550364430985525322e-06	5.4763733313629507808e-06
7	0	8	1.5827108023350003792e-06	1.9461970061147310779e-05	3.0777174410243449967e-05	-3.406440620994560163e-05	-1.384871952043125173e-06	-1.7029223803503896085e-05
7	0	9	0	0	0	0	0	0
7	0	10	0	0	0	0	0	0
7	0	11	0	0	0	0	0	0
7	0	12	0	0	0	0	0	0
7	1	-12	0	0	0	0	0	0
7	1	-11	0	0	0	0	0	0
7	1	-10	0	0	0	0	0	0
7	1	-9	0	0	0	0	0	0
7	1	-8	6.8499839639256113609e-06	1.8290111507753855871e-05	-1.1888859791823778658e-05	-8.3707229550360477184e-06	4.5076284944569379261e-06	1.495750719990511644e-05
7	1	-7	-1.1329945555417427909e-05	-6.5235951028732646215e-06	-4.2127458488896091856e-05	-1.6595756095136698487e-05	-1.7348153910974013428e-05	-8.8944174021785064155e-06
7	1	-6	-2.7583303549427581273e-05	1.6787274339967718587e-05	2.8819979726288225542e-05	-2.1932554965726283196e-06	-2.7377190853284140562e-05	1.9219610813866900016e-05
7	1	-5	-6.3368996779892316128e-07	-2.0268682671993446024e-07	1.4596314691533947066e-05	5.2485371106172227026e-06	2.0320969833882970086e-06	7.6594586471553624855e-07
7	1	-4	-5.9601232401780949603e-06	7.437387980466244369e-06	1.441830061144730484e-05	-3.0369281224896331529e-06	-6.8256405174498395471e-06	1.2256196935193519146e-05
7	1	-3	3.6427081942404483325e-05	9.9558782804761297442e-06	-3.852790758508509454e-05	-1.3618218134913643024e-06	7.2153888670582107538e-05	2.2776442049947180738e-05
7	1	-2	1.8159582986173530437e-05	-7.6443899734593849017e-06	3.1788524245345710134e-05	-6.1415259926313146561e-05	7.9452802574280211598e-05	-5.7462994870264417048e-05
7	1	-1	2.707829047521651927e-05	2.6211742018249629786e-06	-8.6996312114423517874e-05	2.2115589653281687702e-05	0.00010255172121209212379	4.0463809066056428553e-05
7	1	0	7.0363759128059185572e-07	-9.1085887297927555059e-06	-4.9254631389641424606e-06	6.3760121108549295318e-05	1.9333950875250075977e-05	-6.123414311521273171e-05
7	1	1	-6.9564282584344574087e-06	5.5023743447503137871e-06	3.7399868084295363616e-05	4.0041729466334074667e-06	1.1295129724745839092e-05	-4.252079335988560567e-05
7	1	2	-1.0394230642827496477e-05	-1.1291879051744963539e-05	9.6954775621702342803e-05	0.00012371743441279801912	-1.2097580560954936273e-05	-2.2337140525291628701e-05
7	1	3	-3.0655809125787608096e-06	-8.4752307965096072996e-06	1.3529277494757131512e-05	2.0060374336005729653e-05	2.6432629644313981929e-06	1.3088747079853840481e-05
7	1	4	2.6994433599280587987e-05	-2.5324092424610591295e-05	7.7391117057798307799e-06	2.4900503991137244372e-05	-4.9175036725185984978e-05	3.8092035745284228755e-05
7	1	5	-1.5287298008141592272e-05	-2.0646952530488650151e-05	1.120497789456729517e-06	2.2519468916734769346e-05	2.1178117653506880737e-05	2.440183975933715702e-05
7	1	6	-9.5412888496560610264e-06	1.031550516972333074e-05	-7.4195453445672385033e-06	-6.597438638779946572e-06	1.2368094548693277332e-05	-1.0935182924880561294e-05
7	1	7	2.0994987545871063882e-06	1.2676802731393264022e-05	1.226202340551394038e-05	-1.0428106145115203154e-05	-3.8512163839462411517e-06	-1.1187073282091091901e-05
7	1	8	2.4716800075419305654e-05	-4.9317212422547310945e-06	-6.9981567185119273225e-06	-2.0249200464291514031e-05	-2.0752430476177901214e-05	6.8464061450093291732e-06
7	1	9	0	0	0	0	0	0
7	1	10	0	0	0	0	0	0
7	1	11	0	0	0	0	0	0
7	1	12	0	0	0	0	0	0
7	2	-12	0	0	0	0	0	0
7	2	-11	0	0	0	0	0	0
7	2	-10	0	0	0	0	0	0
7	2	-9	0	0	0	0	0	0
7	2	-8	2.6822258885362415407e-06	-2.1594542212267445473e-05	-5.8567938105757678667e-06	2.90078371292552642e-05	8.8274919982526938143e-07	-1.1643265153420197892e-05
7	2	-7	-6.7854602254338406496e-06	7.876632254372101157e-06	-2.9847206440154336115e-05	-6.6340504033013568682e-07	-1.5313233494049365859e-05	7.6870879571349203793e-06
7	2	-6	-4.5163701460589471292e-05	7.0738090908655555254e-06	-1.4665242386925251379e-05	3.8371777388997944241e-05	-5.7579399166329464708e-05	2.1043369735675796758e-05
7	2	-5	1.4934200371853621869e-05	5.885514607949362112e-06	-1.6289936818296805456e-05	-4.4638726099262938463e-05	1.4391905793276349112e-05	-9.615769988576068259e-06
7	2	-4	2.6077656212211601728e-05	2.1687827635351381969e-06	-5.4860274340015053706e-05	9.3439559810845009729e-06	1.8205761201362775323e-05	8.4673478267287421192e-06
7	2	-3	-1.0341584080562810267e-05	1.8727191547843726946e-05	4.8375951077845707462e-05	-7.7981362194617516686e-05	8.1202711972505815823e-06	-8.2907945181096459912e-06
7	2	-2	1.4901290587033372893e-06	1.4157929474927692068e-05	-3.1209870920309480787e-07	-3.5364981837361198858e-05	4.903352996258586128e-06	1.4187771324885726769e-05
7	2	-1	-1.7178472437999075156e-05	-1.5345694689573958835e-05	5.5967297411935331385e-05	6.4875486319567588324e-05	-8.3147122421228548554e-06	2.2331109812117461415e-05
7	2	0	1.4562366567872868367e-05	-1.6820548534484271836e-05	-5.0968282987555037591e-05	5.8871919870694948038e-05	4.6553065820742092317e-05	-1.3296406397286375585e-05
7	2	1	1.0406309632321984331e-05	7.7458704613638329706e-06	-6.5780589943568318085e-05	-4.9483984919413002339e-05	5.8717012460882749242e-05	4.474687660927917219e-05
7	2	2	2.8244664452220301598e-06	-3.8106885196131878627e-07	-1.5745639733836623434e-05	-6.3207079651434554992e-06	5.8600071755595161806e-06	7.6544489470080702453e-06
7	2	3	1.562700112454393396e-05	1.1485991044625775163e-05	-3.1411459280722666874e-05	-3.0691406026999682073e-05	-1.5522029770120730139e-05	-6.3397084194603571042e-06
7	2	4	2.3508455939880441454e-06	1.2158710857583720098e-05	4.4396169251505131258e-05	7.7923930551193164843e-06	-2.631206441523164426e-05	-2.5173940528331165448e-05
7	2	5	2.9789835030953184829e-06	1.7811661263289435238e-05	-4.3041502122524952245e-05	3.311909874686269601e-05	1.3046023944676535106e-05	-3.8183965267350286382e-05
7	2	6	-6.259916128886682603e-06	2.2427025944333240384e-05	1.345988837714192943e-06	-5.6598454479808156693e-06	6.8545725377963992166e-06	-2.4278248452395176355e-05
7	2	7	9.6842295522271115682e-06	1.5019499834406522847e-06	2.5865619933606124436e-06	1.2408021792666865544e-05	-1.0423247264615858102e-05	-5.0470990670597569376e-06
7	2	8	-1.4526393052652500977e-05	-3.8765006110360080685e-06	-1.7382174900611535129e-05	1.13639343826732338e-05	1.7056137646223822984e-05	5.5095443898819860995e-07
7	2	9	0	0	0	0	0	0
7	2	10	0	0	0	0	0	0
7	2	11	0	0	0	0	0	0
7	2	12	0	0	0	0	0	0
7	3	-12	0	0	0	0	0	0
7	3	-11	0	0	0	0	0	0
7	3	-10	0	0	0	0	0	0
7	3	-9	0	0	0	0	0	0
7	3	-8	-1.2412810728188805267e-05	-2.3238331465909102704e-05	-1.4110177003209581925e-05	8.2101173015223816729e-06	-1.6152525763368795925e-05	-1.7254746044599573009e-05
7	3	-7	-5.4547654047691687335e-06	-1.6494221378038112063e-05	1.1149662869628700082e-05	-1.6759324987642631934e-05	-6.7633846064258286315e-07	-2.3676789229884955289e-05
7	3	-6	4.3947063663672904755e-06	5.3500780190076874804e-06	-2.6819772050819222633e-05	-2.3924879836231448748e-05	-8.2827285979811061852e-06	-5.7206822292734230194e-06
7	3	-5	-2.000853885608190075e-06	-2.7264461494472531613e-06	-3.0778930283683855478e-06	1.1858319641861990727e-05	-4.6479312568724971797e-06	3.2979671758910406036e-06
7	3	-4	3.8892342948816182137e-05	-3.6468081909293601308e-05	-2.4043004047514280279e-05	5.3196886051302055354e-05	5.002934712479260599e-05	-2.3921478802787257386e-05
7	3	-3	-1.0616016802269122958e-05	-1.276682063536825085e-05	-4.4221913533374417288e-05	-1.8289958910834791236e-06	-6.8992619405335703624e-05	-3.1618244040276066275e-05
7	3	-2	-1.763533769537809306e-05	1.7325755113483115729e-05	1.3262929238235589583e-05	-1.7520410429714630295e-05	-4.1829288076469941333e-05	3.4359527252618952834e-05
7	3	-1	5.2632670126160210693e-06	-5.0171061533581089921e-06	-6.8333088891157112933e-06	9.1399151764114279755e-06	1.6342942420965014453e-05	-7.6999975442724781711e-06
7	3	0	-1.7237931002006601954e-05	-2.5106864669950860309e-05	4.0221839004682074614e-05	5.8582684229885338462e-05	2.6674983234807885142e-05	-4.2343893157804508571e-05
7	3	1	-8.3899172916548386987e-06	2.0232507523872363592e-05	1.2981786639800395607e-05	-5.632007039193690439e-05	1.9784061122182692541e-05	2.733265850870416464e-05
7	3	2	1.27633873599670762e-05	-3.1011424078082632698e-05	-4.0605247457480906476e-05	2.3755391024063072684e-05	1.6236015426336587931e-05	7.29068977371946105e-05
7	3	3	2.7637551168108152752e-05	-7.6684057897448662283e-06	-1.8579536749516685815e-05	8.0411523305615134516e-07	-4.5908082642735673995e-05	1.7088831609681866996e-05
7	3	4	-3.2082019349284557587e-06	4.8976519755059011113e-06	1.2262636944386303239e-05	-5.5014252971956661075e-05	-3.5826243221649297454e-06	3.2689798771832163991e-05
7	3	5	3.7303259985258314498e-06	-1.0444628736396810342e-05	-2.682412865813114521e-05	6.9390729139835336594e-06	1.0872020796942523943e-05	1.0459036482565414961e-05
7	3	6	2.311797688033217623e-05	-2.863930782271429713e-05	-2.7487490617891781688e-05	2.0865292164371547506e-05	-1.3227227718108315323e-05	2.2979879710980905102e-05
7	3	7	1.9725093272838917089e-05	-3.8493619145087886119e-06	1.5017406092705029637e-05	-3.4415241282613478905e-05	-2.6161124455426788143e-05	1.8598751035628850032e-05
7	3	8	-2.0386518399738311934e-05	-2.166046691828184262e-05	2.9443688285956291312e-05	-1.9066594309307872035e-05	6.7968204925374120065e-06	2.6102881419487061765e-05
7	3	9	0	0	0	0	0	0
7	3	10	0	0	0	0	0	0
7	3	11	0	0	0	0	0	0
7	3	12	0	0	0	0	0	0
7	4	-12	0	0	0	0	0	0
7	4	-11	0	0	0	0	0	0
7	4	-10	0	0	0	0	0	0
7	4	-9	0	0	0	0	0	0
7	4	-8	-3.672760108541749503e-06	1.2406369154209890575e-05	1.5108068684697808335e-05	-1.3784204411068398018e-05	4.3403692473748729818e-06	3.9634708043994554562e-06
7	4	-7	7.6099748915413362785e-07	3.9645781377751229343e-07	-3.2925184789933601481e-06	-1.4922020705600469768e-05	-1.1204416416992151794e-06	-8.130411160851327347e-06
7	4	-6	-8.8424645669003206795e-06	-5.49778895045649152e-06	2.6555906209880146966e-06	-4.0473363594949895942e-06	-8.545814914058363199e-06	-9.1123113485292338753e-06
7	4	-5	-1.6682384096218363028e-05	-2.0901536562553396246e-05	-1.4159722452297819173e-05	2.633455458873335461e-05	-3.4683115696543965611e-05	-8.1945075165880710568e-06
7	4	-4	-1.0295386575676378507e-06	-3.8119761062751054026e-05	2.0354096884698430118e-05	4.6045935946150955294e-05	1.8552404233955063561e-05	-2.0663645913663397722e-05
7	4	-3	2.2155308522482725428e-05	4.9662100413830455455e-06	-8.3794468338465981361e-06	1.7252723074791636206e-06	4.0523124107330889504e-05	1.388818650653265692e-05
7	4	-2	1.2876489429071441685e-06	2.5257143650831575149e-05	-1.0328774675042811415e-05	-3.8944118473187821887e-05	-1.6150778049910617922e-05	1.0511765831534867555e-05
7	4	-1	2.018532935812073658e-05	-1.151317288128251464e-05	-3.4104247066168702485e-05	3.4025201982715636671e-06	4.8803172421703385004e-06	-6.6982129375891351201e-05
7	4	0	4.8915208103022099037e-06	-7.0442477940628013338e-06	-8.5601614180288671197e-06	1.2327433639609903181e-05	3.657630322854246723e-06	-3.7710072586736835955e-05
7	4	1	-1.4173676449621552289e-06	1.5141934245576357061e-05	5.3977093229240906514e-06	-1.4394603078761700039e-05	-1.1669263776961276638e-05	-4.8415127403987699272e-05
7	4	2	4.27869874961420288e-06	-1.7610705475647669624e-05	-1.3252059529788768702e-05	1.9724344047182293762e-05	1.1528673435927825206e-05	2.2188781070402259548e-05
7	4	3	1.5522574321686404756e-05	1.7924441488806521487e-05	-7.2409345648335033039e-06	-2.529978477540074732e-05	-2.6564760664156935509e-05	-8.0906504400142226338e-06
7	4	4	-2.9465212481344061004e-07	1.7595581807230937927e-06	-1.2006195691010522335e-06	-1.6675156398557535343e-05	1.7162607875245731555e-06	1.3595929582292120994e-05
7	4	5	8.7743552163110681639e-06	-5.9276599519305970913e-06	-2.198889219792978726e-05	2.1333247907087731838e-05	5.3070164555083318374e-06	-8.7678743929673495425e-06
7	4	6	3.4632543058097195492e-07	-2.3586309821115520647e-05	-1.7835024242707773931e-05	3.0754757301380829281e-05	1.1485969826127381301e-05	7.0141899237142186935e-06
7	4	7	2.9327466545301753031e-05	-2.0348559694224210457e-05	-2.9755030083580729706e-05	-2.1890297522975436774e-06	-1.23245922118270501e-05	2.1599433838394233238e-05
7	4	8	-2.0881832950464683974e-05	9.2516676223938850863e-06	4.2348815892518248429e-05	-2.727612784751736724e-05	-2.9028041146025236199e-06	5.5428547541640345932e-06
7	4	9	0	0	0	0	0	0
7	4	10	0	0	0	0	0	0
7	4	11	0	0	0	0	0	0
7	4	12	0	0	0	0	0	0
7	5	-12	0	0	0	0	0	0
7	5	-11	0	0	0	0	0	0
7	5	-10	0	0	0	0	0	0
7	5	-9	0	0	0	0	0	0
7	5	-8	1.2737471331638708472e-05	-4.0070179886360712961e-06	-2.8001698242209859296e-06	1.9357493731262384525e-05	9.3951812750457543952e-06	8.5922928419824274145e-06
7	5	-7	2.1868150622639525053e-05	8.5313006113526475044e-06	-5.0668735079064085449e-06	-1.032301677698789788e-05	1.8248955259849231541e-05	1.1577171992184345211e-06
7	5	-6	-1.9010329149286984594e-05	-4.8776147168383628442e-06	2.6264640787955033781e-05	1.8958331449622201049e-05	-2.9151668420562285383e-07	1.0108059038373745352e-05
7	5	-5	-1.1304541611687658826e-05	1.8248472627187521005e-05	-6.8155707571903047215e-06	1.6779475561794465868e-05	-2.2641929013553028772e-05	4.2327337239856994598e-05
7	5	-4	-4.187184547611353938e-06	-1.9762260351052973799e-05	-7.3339150808293221857e-06	1.3094219076074664349e-05	-1.6494966809356522759e-05	-1.8216181769249374558e-05
7	5	-3	-2.9186228362532613833e-05	3.3402549998024285543e-06	4.0550830284636890774e-05	-9.6753931942647361476e-06	-5.1648237151460570985e-07	-8.3317269909022282232e-06
7	5	-2	-1.3847013222886262902e-05	-4.492771158072659526e-06	1.3590869475320970528e-05	-1.0026513363691512548e-05	-1.4487372591799497226e-05	-4.0790982462483093098e-05
7	5	-1	2.912064023732076256e-05	1.4299477253243223415e-05	-3.5487700775590335235e-05	-1.765230200343293222e-05	2.6405977783293665137e-05	1.1834830755537902803e-05
7	5	0	1.8302957371680242399e-05	-2.3602206201856471957e-07	-2.5624140320352340036e-05	3.3043088682599059681e-07	-2.9548501510536233534e-05	-1.7729669370606918917e-05
7	5	1	-2.3378901172067777372e-05	2.2761217441797472125e-05	3.2335300888943726064e-05	-2.6763282316078989913e-05	1.9758037597558019677e-06	-2.5512110512187358694e-05
7	5	2	-1.8308553694576192765e-05	-3.1595286069959379043e-05	2.8796648082537837398e-05	5.0038201239697389032e-05	-7.9116822753279171222e-06	-1.4512001854385639155e-05
7	5	3	-6.4897618598887492401e-06	-2.6247255389115747154e-05	8.1946892463148885528e-06	3.0730616642246595194e-05	1.4849622625489337606e-06	1.0025901504192420859e-05
7	5	4	8.8826946468793014603e-06	1.3080943475435041027e-05	-7.594744894560919521e-06	-2.4013725229352414075e-05	-6.0512845138376275189e-06	7.1255054546791970658e-06
7	5	5	2.4674930352175793061e-05	3.4562165719675624702e-05	-2.2176172906501121777e-06	-1.3135224456342351051e-05	-3.2327285202395998869e-05	-3.525180755120351845e-05
7	5	6	2.5822839457390638676e-05	1.4689446319218551771e-05	-3.1423584939232589988e-05	5.9359467298837270414e-06	-3.9403252509285853866e-06	-2.208430964732474946e-05
7	5	7	4.1483327254618266835e-06	-8.8110590548995245612e-06	1.7745968228550490476e-05	-6.6680196393002267281e-06	-1.6824024317283606321e-05	1.3573930225828258059e-05
7	5	8	-2.320184386154368621e-07	2.9584607512011514332e-06	-1.4899089793773861931e-06	-6.0626648818376541457e-06	1.1342092458993737111e-06	1.2005123938475262841e-06
7	5	9	0	0	0	0	0	0
7	5	10	0	0	0	0	0	0
7	5	11	0	0	0	0	0	0
7	5	12	0	0	0	0	0	0
7	6	-12	0	0	0	0	0	0
7	6	-11	0	0	0	0	0	0
7	6	-10	0	0	0	0	0	0
7	6	-9	0	0	0	0	0	0
7	6	-8	-4.7183065102193801584e-06	1.7855223812296465912e-06	-2.072221668893648213e-06	-1.046251934619895308e-06	-5.6826844481121939042e-06	7.776431326110193393e-07
7	6	-7	-2.7929930093824945536e-05	2.391011954884282083e-06	9.022502008031884111e-06	1.2339887445719971537e-05	-2.0196356944083331068e-05	1.2968058336929971065e-05
7	6	-6	-4.3692557874611785831e-06	1.1879357716944926728e-05	6.5356859126098659337e-06	-9.8240299182570344616e-06	1.4382208272384909201e-06	4.0352207515120470032e-06
7	6	-5	-1.855792956916420562e-05	-1.9324743887163629282e-05	1.196464917802753626e-05	6.4518494559367338829e-06	-1.1623522383196848083e-05	-1.931242209490500203e-05
7	6	-4	3.3988988399618689086e-05	-2.7174397684929178082e-05	-4.244281302646214462e-05	1.5397147553894690362e-06	-4.1834898403605076417e-06	-4.5245623815541856924e-05
7	6	-3	-2.7471467374739325004e-05	1.3216857312739393465e-05	2.6807827048851420659e-05	2.4302118730293541577e-06	-1.0484436443355581997e-05	3.5699757475783958603e-05
7	6	-2	-2.2558734178183210473e-05	-1.838005528463800597e-05	3.4407833707722620606e-05	2.4554904734893088423e-05	2.4267931499526628549e-05	9.334520708446249459e-06
7	6	-1	6.9298676287354967266e-06	2.3065233740108682627e-05	-4.7411257095926581496e-06	-3.0337192478825989974e-05	2.0062319143592523106e-05	-2.0566518692195164843e-05
7	6	0	1.463414633673016246e-05	8.5640060955752195026e-06	-1.7073170726185186996e-05	-9.9913404448377546747e-06	2.6029304943331258283e-05	-3.4445072171617301397e-05
7	6	1	1.7613352380196107026e-05	-5.1828050712956899172e-06	-2.5405671929469605914e-05	3.3556416105122517119e-06	2.9140564915444899856e-05	1.6145785835996317455e-05
7	6	2	5.6612218028632004752e-06	-2.6293961860939591075e-05	-1.778910817001763931e-06	3.0515825722396340314e-05	-1.4477543859015911353e-05	4.8138934609955269017e-07
7	6	3	6.6779810753348951372e-06	1.6732811891315480971e-05	6.8873146950454083246e-06	-1.3157753512211981399e-05	-2.9356585232538907844e-05	-1.2727720721978825572e-05
7	6	4	-6.3404512787949846567e-06	1.1282953831804453588e-05	7.4732000228710651282e-06	-1.2840982266749294879e-05	-1.1401029641537450331e-07	-4.8369580553385294374e-07
7	6	5	-1.3170362721531010794e-05	-1.1510471661949460155e-05	-1.3481109331821675799e-06	-1.7872651963725713604e-05	2.0056240929962015191e-05	3.7561842683200103929e-05
7	6	6	-8.9421906671281804779e-06	5.8486271605366754725e-06	9.4312977157975222734e-06	1.1727375903815727548e-05	1.0012580625186896959e-06	-1.8550774257775182972e-05
7	6	7	4.4692753717445303654e-06	-1.1398456831172400011e-05	8.1028795104997369022e-07	6.1749017964476815901e-06	-5.1638079012159359923e-06	6.1056838627886723283e-06
7	6	8	-2.0046872018757987978e-05	1.0713162142657274141e-05	-1.036508183591443003e-05	-1.8019504797036685367e-05	2.5314824393349062427e-05	4.140611722952398516e-06
7	6	9	0	0	0	0	0	0
7	6	10	0	0	0	0	0	0
7	6	11	0	0	0	0	0	0
7	6	12	0	0	0	0	0	0
7	7	-12	0	0	0	0	0	0
7	7	-11	0	0	0	0	0	0
7	7	-10	0	0	0	0	0	0
7	7	-9	0	0	0	0	0	0
7	7	-8	2.1604920612266373484e-05	6.1890782964756968818e-06	-1.2514482655119634583e-05	6.7299704910924838667e-06	7.9541332125033963263e-06	1.1304167689122159214e-05
7	7	-7	1.1750566405836071273e-05	-7.1954124242709759316e-06	-1.6992037588820086802e-05	1.0884831870470141555e-05	-5.2414711829840146813e-06	3.6894194461991656236e-06
7	7	-6	-4.527811859971749242e-06	-1.1235665118398471135e-05	7.1754239140298579938e-06	8.3385116512243204705e-06	3.0888807297344597868e-06	-3.3800123783698425829e-06
7	7	-5	-9.8988552311519417411e-06	1.4178066162731974223e-05	-2.4881552703152884351e-06	1.9689582765396068023e-07	-1.7341814702054122755e-05	2.0124946786540310776e-05
7	7	-4	-9.7274428250066628153e-06	8.4125786544216807437e-07	5.3733802220311679759e-06	5.8404188910293014538e-06	-7.6196095552071155455e-06	1.1692934323825072336e-05
7	7	-3	1.3346115377370137501e-05	-8.8815150746844998729e-06	-2.5766503514912215901e-05	-4.9825693603926264281e-07	-2.8980905654264849602e-05	-2.1886134691688778533e-05
7	7	-2	2.2491055353204902186e-06	-1.4347818419466940555e-05	-7.6178028916047295832e-06	1.0239385441439758097e-05	-1.8790440746994837564e-05	-1.4379515423095136909e-05
7	7	-1	3.049075774688463547e-05	-5.450358800933490438e-06	-3.3961357604777321878e-05	9.5574205449732164535e-06	-2.4294199005248818407e-05	2.8749432208278080414e-05
7	7	0	1.7203119826061146684e-05	-9.9169443650066532042e-06	-1.7203119826061146684e-05	9.9169443650066532042e-06	5.0776351516387005589e-05	-2.5269205461757414789e-05
7	7	1	2.8692131920634798543e-05	-1.0646672419928133034e-05	-2.9414046965184609923e-05	5.9009520401990989106e-06	5.0534053118486957484e-06	3.3220042658103236322e-05
7	7	2	5.8805192011843477722e-06	-2.0690441088309496632e-05	-9.881702720831761258e-06	2.1734584069388118911e-05	1.4004142318765950588e-05	-3.6545004337751783978e-06
7	7	3	-1.2990747979141956437e-05	-1.1353679611557340981e-06	8.3402805424141012157e-06	1.1300269159454190581e-05	1.0851090685698327155e-05	-2.3718102796029730381e-05
7	7	4	1.7178878052768240643e-05	1.5240380151844087298e-05	-8.0989895584887696767e-06	-4.8879010797087654369e-06	-1.5889804864989072496e-05	-1.8116838376236811986e-05
7	7	5	1.4268509631308438313e-05	1.3721002542754065696e-05	-5.4097656132507979348e-07	5.0891384896121069561e-06	-1.9218546297976702266e-05	-2.6334197445312641713e-05
7	7	6	-1.4539296225276988282e-05	-2.9844604568077912781e-06	-1.7009236304707887993e-06	-3.8114531772473790795e-06	1.8946923165039073508e-05	7.9285659063976984682e-06
7	7	7	1.0014785109785877915e-06	-1.3330571457794224691e-05	-1.0753972757242690226e-05	-1.2057374211562160208e-05	9.7524942462641030699e-06	2.5387945669356386594e-05
7	7	8	1.6150000974606483104e-05	4.5240893466503456674e-06	2.8713961618866127788e-06	-7.1585251528882045931e-06	-1.6643722494431459162e-05	2.3051313304581267718e-06
7	7	9	0	0	0	0	0	0
7	7	10	0	0	0	0	0	0
7	7	11	0	0	0	0	0	0
7	7	12	0	0	0	0	0	0
7	8	-12	0	0	0	0	0	0
7	8	-11	0	0	0	0	0	0
7	8	-10	0	0	0	0	0	0
7	8	-9	0	0	0	0	0	0
7	8	-8	-3.630763504857808682e-06	9.0481426430095160195e-06	6.8811213072036609865e-06	8.1639370222740216467e-06	3.7042032404530778603e-06	1.6081061834907346258e-05
7	8	-7	-2.0534932752139827258e-06	1.506655959286891249e-06	1.2315248907969638332e-06	2.2455014787306982641e-07	-6.4603625716030972818e-07	1.7632846997132567952e-06
7	8	-6	-3.7644488577012204596e-06	-5.580015822113560806e-06	5.8306827784372002133e-06	7.1848438558201148374e-06	3.3823867039315102423e-06	3.0697733486276659331e-06
7	8	-5	2.8176163286904456404e-06	-4.4781519134254376622e-06	1.470481149714415728e-05	-4.9078916280320523282e-06	2.747236125559727546e-05	-1.4122039283646896791e-05
7	8	-4	-1.181970028713623379e-05	9.1611164815442171986e-06	-3.6973881616940038416e-06	-8.7464895033912451157e-06	-2.8079251825876415545e-05	-1.4610251640801114044e-06
7	8	-3	3.8916101517467199103e-06	1.2964796435611052779e-05	-1.555797979596060612e-05	-1.2808938134414121115e-05	-3.2407522435152603479e-05	-3.9059766753452012324e-06
7	8	-2	-2.4904151543955567955e-06	-7.7513360258385231622e-06	7.3493549675884322077e-07	3.0685704004271734619e-06	-5.776711053349076113e-06	-1.485539448872613722e-05
7	8	-1	-9.6215933863982688168e-06	-8.1565804490780961062e-06	6.8543604086502412791e-06	8.4930644775520984497e-06	-1.2516270435585956567e-05	1.0848452676870109772e-05
7	8	0	3.7069726570117555039e-07	-9.6867985478209588069e-06	-3.243601074885285735e-07	8.4759487293433393796e-06	-6.9489641739066846456e-06	-9.443560293058726862e-06
7	8	1	1.9118543923603838967e-05	-9.2796589668454344655e-06	-1.7479174682930833024e-05	1.4189512011023603313e-05	6.003589998219773637e-06	-4.8558483320270773385e-05
7	8	2	8.1095338988736551556e-06	2.5646887254947868583e-05	1.2646556480642383292e-06	-2.1341293862614737646e-05	-3.3441991238314750597e-05	-4.3989299418585886089e-06
7	8	3	8.3822540938757333928e-06	2.7682923799228604176e-06	-1.2013866259303423268e-05	-2.1103659723034545994e-06	1.2478383805765755316e-05	-8.3170629367746211326e-07
7	8	4	1.1498616947251704386e-05	-5.7435278094408176707e-06	-6.4014156726040237678e-06	3.6713501911627120257e-06	-7.3197483124824338685e-06	2.7084732841960064488e-06
7	8	5	1.0848263755339780372e-05	-1.1449051043196536808e-05	-1.3524225841944969515e-05	4.1455964746675283276e-06	6.4511920896362587042e-06	9.395717101007105529e-06
7	8	6	1.8166158703521614363e-06	-2.6421088717457507496e-07	-6.7033857941516425977e-06	1.7047511046701269894e-06	6.818462543458001929e-06	-1.9647554378564983719e-06
7	8	7	-7.0573745016280182982e-06	8.8847461390314414495e-06	7.3788922346463727263e-06	3.4161787472581854784e-06	-1.3756451951106927538e-06	-1.2788950421612225579e-05
7	8	8	1.9474583747031914804e-06	-1.8796173692289940642e-06	-9.205032675206795268e-07	2.8230363936599774706e-07	-7.8352281034461317739e-07	1.3623615587093720591e-06
7	8	9	0	0	0	0	0	0
7	8	10	0	0	0	0	0	0
7	8	11	0	0	0	0	0	0
7	8	12	0	0	0	0	0	0
7	9	-12	0	0	0	0	0	0
7	9	-11	0	0	0	0	0	0
7	9	-10	0	0	0	0	0	0
7	9	-9	0	0	0	0	0	0
7	9	-8	0	0	0	0	0	0
7	9	-7	0	0	0	0	0	0
7	9	-6	0	0	0	0	0	0
7	9	-5	0	0	0	0	0	0
7	9	-4	0	0	0	0	0	0
7	9	-3	0	0	0	0	0	0
7	9	-2	0	0	0	0	0	0
7	9	-1	0	0	0	0	0	0
7	9	0	0	0	0	0	0	0
7	9	1	0	0	0	0	0	0
7	9	2	0	0	0	0	0	0
7	9	3	0	0	0	0	0	0
7	9	4	0	0	0	0	0	0
7	9	5	0	0	0	0	0	0
7	9	6	0	0	0	0	0	0
7	9	7	0	0	0	0	0	0
7	9	8	0	0	0	0	0	0
7	9	9	0	0	0	0	0	0
7	9	10	0	0	0	0	0	0
7	9	11	0	0	0	0	0	0
7	9	12	0	0	0	0	0	0
7	10	-12	0	0	0	0	0	0
7	10	-11	0	0	0	0	0	0
7	10	-10	0	0	0	0	0	0
7	10	-9	0	0	0	0	0	0
7	10	-8	0	0	0	0	0	0
7	10	-7	0	0	0	0	0	0
7	10	-6	0	0	0	0	0	0
7	10	-5	0	0	0	0	0	0
7	10	-4	0	0	0	0	0	0
7	10	-3	0	0	0	0	0	0
7	10	-2	0	0	0	0	0	0
7	10	-1	0	0	0	0	0	0
7	10	0	0	0	0	0	0	0
7	10	1	0	0	0	0	0	0
7	10	2	0	0	0	0	0	0
7	10	3	0	0	0	0	0	0
7	10	4	0	0	0	0	0	0
7	10	5	0	0	0	0	0	0
7	10	6	0	0	0	0	0	0
7	10	7	0	0	0	0	0	0
7	10	8	0	0	0	0	0	0
7	10	9	0	0	0	0	0	0
7	10	10	0	0	0	0	0	0
7	10	11	0	0	0	0	0	0
7	10	12	0	0	0	0	0	0
7	11	-12	0	0	0	0	0	0
7	11	-11	0	0	0	0	0	0
7	11	-10	0	0	0	0	0	0
7	11	-9	0	0	0	0	0	0
7	11	-8	0	0	0	0	0	0
7	11	-7	0	0	0	0	0	0
7	11	-6	0	0	0	0	0	0
7	11	-5	0	0	0	0	0	0
7	11	-4	0	0	0	0	0	0
7	11	-3	0	0	0	0	0	0
7	11	-2	0	0	0	0	0	0
7	11	-1	0	0	0	0	0	0
7	11	0	0	0	0	0	0	0
7	11	1	0	0	0	0	0	0
7	11	2	0	0	0	0	0	0
7	11	3	0	0	0	0	0	0
7	11	4	0	0	0	0	0	0
7	11	5	0	0	0	0	0	0
7	11	6	0	0	0	0	0	0
7	11	7	0	0	0	0	0	0
7	11	8	0	0	0	0	0	0
7	11	9	0	0	0	0	0	0
7	11	10	0	0	0	0	0	0
7	11	11	0	0	0	0	0	0
7	11	12	0	0	0	0	0	0
7	12	-12	0	0	0	0	0	0
7	12	-11	0	0	0	0	0	0
7	12	-10	0	0	0	0	0	0
7	12	-9	0	0	0	0	0	0
7	12	-8	0	0	0	0	0	0
7	12	-7	0	0	0	0	0	0
7	12	-6	0	0	0	0	0	0
7	12	-5	0	0	0	0	0	0
7	12	-4	0	0	0	0	0	0
7	12	-3	0	0	0	0	0	0
7	12	-2	0	0	0	0	0	0
7	12	-1	0	0	0	0	0	0
7	12	0	0	0	0	0	0	0
7	12	1	0	0	0	0	0	0
7	12	2	0	0	0	0	0	0
7	12	3	0	0	0	0	0	0
7	12	4	0	0	0	0	0	0
7	12	5	0	0	0	0	0	0
7	12	6	0	0	0	0	0	0
7	12	7	0	0	0	0	0	0
7	12	8	0	0	0	0	0	0
7	12	9	0	0	0	0	0	0
7	12	10	0	0	0	0	0	0
7	12	11	0	0	0	0	0	0
7	12	12	0	0	0	0	0	0
8	-12	-12	0	0	0	0	0	0
8	-12	-11	0	0	0	0	0	0
8	-12	-10	0	0	0	0	0	0
8	-12	-9	0	0	0	0	0	0
8	-12	-8	0	0	0	0	0	0
8	-12	-7	0	0	0	0	0	0
8	-12	-6	0	0	0	0	0	0
8	-12	-5	0	0	0	0	0	0
8	-12	-4	0	0	0	0	0	0
8	-12	-3	0	0	0	0	0	0
8	-12	-2	0	0	0	0	0	0
8	-12	-1	0	0	0	0	0	0
8	-12	0	0	0	0	0	0	0
8	-12	1	0	0	0	0	0	0
8	-12	2	0	0	0	0	0	0
8	-12	3	0	0	0	0	0	0
8	-12	4	0	0	0	0	0	0
8	-12	5	0	0	0	0	0	0
8	-12	6	0	0	0	0	0	0
8	-12	7	0	0	0	0	0	0
8	-12	8	0	0	0	0	0	0
8	-12	9	0	0	0	0	0	0
8	-12	10	0	0	0	0	0	0
8	-12	11	0	0	0	0	0	0
8	-12	12	0	0	0	0	0	0
8	-11	-12	0	0	0	0	0	0
8	-11	-11	0	0	0	0	0	0
8	-11	-10	0	0	0	0	0	0
8	-11	-9	0	0	0	0	0	0
8	-11	-8	0	0	0	0	0	0
8	-11	-7	0	0	0	0	0	0
8	-11	-6	0	0	0	0	0	0
8	-11	-5	0	0	0	0	0	0
8	-11	-4	0	0	0	0	0	0
8	-11	-3	0	0	0	0	0	0
8	-11	-2	0	0	0	0	0	0
8	-11	-1	0	0	0	0	0	0
8	-11	0	0	0	0	0	0	0
8	-11	1	0	0	0	0	0	0
8	-11	2	0	0	0	0	0	0
8	-11	3	0	0	0	0	0	0
8	-11	4	0	0	0	0	0	0
8	-11	5	0	0	0	0	0	0
8	-11	6	0	0	0	0	0	0
8	-11	7	0	0	0	0	0	0
8	-11	8	0	0	0	0	0	0
8	-11	9	0	0	0	0	0	0
8	-11	10	0	0	0	0	0	0
8	-11	11	0	0	0	0	0	0
8	-11	12	0	0	0	0	0	0
8	-10	-12	0	0	0	0	0	0
8	-10	-11	0	0	0	0	0	0
8	-10	-10	0	0	0	0	0	0
8	-10	-9	0	0	0	0	0	0
8	-10	-8	0	0	0	0	0	0
8	-10	-7	0	0	0	0	0	0
8	-10	-6	0	0	0	0	0	0
8	-10	-5	0	0	0	0	0	0
8	-10	-4	0	0	0	0	0	0
8	-10	-3	0	0	0	0	0	0
8	-10	-2	0	0	0	0	0	0
8	-10	-1	0	0	0	0	0	0
8	-10	0	0	0	0	0	0	0
8	-10	1	0	0	0	0	0	0
8	-10	2	0	0	0	0	0	0
8	-10	3	0	0	0	0	0	0
8	-10	4	0	0	0	0	0	0
8	-10	5	0	0	0	0	0	0
8	-10	6	0	0	0	0	0	0
8	-10	7	0	0	0	0	0	0
8	-10	8	0	0	0	0	0	0
8	-10	9	0	0	0	0	0	0
8	-10	10	0	0	0	0	0	0
8	-10	11	0	0	0	0	0	0
8	-10	12	0	0	0	0	0	0
8	-9	-12	0	0	0	0	0	0
8	-9	-11	0	0	0	0	0	0
8	-9	-10	0	0	0	0	0	0
8	-9	-9	0	0	0	0	0	0
8	-9	-8	0	0	0	0	0	0
8	-9	-7	0	0	0	0	0	0
8	-9	-6	0	0	0	0	0	0
8	-9	-5	0	0	0	0	0	0
8	-9	-4	0	0	0	0	0	0
8	-9	-3	0	0	0	0	0	0
8	-9	-2	0	0	0	0	0	0
8	-9	-1	0	0	0	0	0	0
8	-9	0	0	0	0	0	0	0
8	-9	1	0	0	0	0	0	0
8	-9	2	0	0	0	0	0	0
8	-9	3	0	0	0	0	0	0
8	-9	4	0	0	0	0	0	0
8	-9	5	0	0	0	0	0	0
8	-9	6	0	0	0	0	0	0
8	-9	7	0	0	0	0	0	0
8	-9	8	0	0	0	0	0	0
8	-9	9	0	0	0	0	0	0
8	-9	10	0	0	0	0	0	0
8	-9	11	0	0	0	0	0	0
8	-9	12	0	0	0	0	0	0
8	-8	-12	0	0	0	0	0	0
8	-8	-11	0	0	0	0	0	0
8	-8	-10	0	0	0	0	0	0
8	-8	-9	0	0	0	0	0	0
8	-8	-8	-2.8061987582149975715e-06	8.1229332703104904767e-06	-2.3898807948604641154e-06	5.2769115503339393571e-06	-4.1631796335453361491e-07	2.8460217199765506961e-06
8	-8	-7	-1.0467289905583060047e-05	6.9761217361574406334e-06	-8.3535245862283429035e-06	5.0923536648419441769e-06	-2.4157317935482488901e-06	2.1528777957891392914e-06
8	-8	-6	1.2238220847614706964e-05	9.2374336155646494506e-06	3.2809279507598569117e-06	3.5139774211955476002e-06	1.1943057195806466736e-05	7.6312749258254696986e-06
8	-8	-5	-3.2244062769041546222e-06	9.2898685843337912819e-06	-9.1631590540925134803e-06	6.152777971808715308e-06	9.5020044435013748506e-06	5.0193449800401218971e-06
8	-8	-4	-5.6461423560102388776e-06	-1.1403772581041450344e-06	-3.507719893571768364e-06	-5.1276188224867793802e-06	-4.2768449248769401801e-06	7.9744831287652691152e-06
8	-8	-3	-4.5186994606834215291e-06	1.0469499597427295518e-05	-7.0170507538690114305e-06	5.897714115845526863e-06	6.6622701151615722234e-06	1.2191427950884716413e-05
8	-8	-2	9.0816201556800827088e-06	-5.9661540097860263276e-06	1.5223523520518700741e-05	-1.3448237131350907497e-05	-2.4567613459354475518e-05	2.9928332486259524679e-05
8	-8	-1	-5.5129107074647070116e-06	8.1586396671025124948e-07	-2.8304737236116055581e-06	2.4085703755749764575e-06	-2.1459495870824811628e-05	-1.2741651270917802512e-05
8	-8	0	8.4291401506887619427e-06	1.4620499319343317486e-05	8.4291401506887619427e-06	1.4620499319343317486e-05	-5.8777687975288874452e-06	-1.5246807671523087582e-05
8	-8	1	-9.2917218224411926508e-07	5.6242139480420361961e-06	3.485114063062760561e-07	3.9493555074711225866e-06	1.0221468708403162146e-05	-1.3398867524567308876e-05
8	-8	2	-5.2354659726446038407e-06	-6.8527721662806269861e-06	-2.8278379843804041788e-06	-8.1104249595376066268e-06	9.6305119530567986474e-06	-5.0306111730279151747e-06
8	-8	3	1.6442187928469646877e-05	4.2730974797369673371e-07	1.2105489546297302166e-05	4.1883029388705326652e-06	-1.1564529019126248044e-05	1.0029315175724896241e-05
8	-8	4	-2.8447759687571679649e-07	1.0054518832536933084e-05	5.8903702810474978461e-06	7.6848349498497444375e-06	1.2349695755846429497e-05	-4.7393677653743755983e-06
8	-8	5	-1.9376917636731150321e-05	7.358814286142598108e-07	-1.7062401443719846445e-05	1.057155602917853187e-05	3.7032259088180855238e-06	1.573707936090283394e-05
8	-8	6	3.0629181085699803014e-06	-2.9987428354950063035e-06	3.9320662963268129865e-06	1.4767097640616852112e-06	1.1588642503424441448e-06	5.9672701327422550705e-06
8	-8	7	-1.3385793934504363267e-05	-8.3432444938663448186e-06	-1.7049712576259112764e-05	-1.5845283376735847574e-06	-4.1873355905768576573e-06	7.7242470356488688834e-06
8	-8	8	-8.6666906607169203918e-07	-2.3578137998500821382e-06	3.2083694311348728738e-06	4.5871281731149213124e-06	4.0750384972065652306e-06	6.9449419729650038741e-06
8	-8	9	0	0	0	0	0	0
8	-8	10	0	0	0	0	0	0
8	-8	11	0	0	0	0	0	0
8	-8	12	0	0	0	0	0	0
8	-7	-12	0	0	0	0	0	0
8	-7	-11	0	0	0	0	0	0
8	-7	-10	0	0	0	0	0	0
8	-7	-9	0	0	0	0	0	0
8	-7	-8	-6.3862235438002507959e-06	2.2763694058822591486e-06	-3.9054634512353978719e-06	-1.3233284610353783503e-06	-2.9689430239692783991e-06	3.4342818092882155227e-06
8	-7	-7	-1.073744580325632585e-05	-2.3708174171253780258e-06	-1.26460243393217963e-06	3.7275199131049969511e-06	-1.1006764198360763352e-05	-6.4370255326768574915e-06
8	-7	-6	1.3126167573779258243e-06	-9.6909059939886109809e-06	1.1483316615661706424e-06	-1.3648838594349547317e-05	4.104354046767020516e-07	3.0024370347563226253e-06
8	-7	-5	3.6859603647418189114e-06	2.0170638646395375767e-05	-8.5455222217364983198e-06	1.102052335810851679e-05	1.7861267694018008245e-05	1.6844289132880676027e-05
8	-7	-4	2.1972470876255338005e-05	5.4287176823642374927e-06	2.399617905545248399e-05	7.1340792786855821372e-06	1.9516284054688298752e-06	-1.6272033729712939664e-06
8	-7	-3	-1.4670004243367249748e-06	-3.4232546257855624428e-06	-1.4195265258452578419e-05	2.1349222363847819415e-06	2.9210284471491416942e-05	-1.4110164220325991044e-05
8	-7	-2	-2.4297054159823884491e-05	6.1092920119708200662e-06	-2.1635485684223472648e-05	1.3667916212915043743e-05	-2.1464016744513385391e-05	-2.3400538697319370294e-05
8	-7	-1	-4.8914603279177435382e-06	-1.3341303934723198996e-05	-9.2157869234802278972e-06	-1.1914146557470738772e-05	2.5378825841019650363e-05	-2.3331405575490418876e-05
8	-7	0	-8.5699727147393606812e-07	3.3728255842523071622e-06	-9.7942545311306979214e-07	3.8546578105740653282e-06	-1.5079424500100219595e-05	-2.729319925141570999e-06
8	-7	1	-1.0276739679826399912e-05	-1.4295007487232313275e-05	-1.7028397758669907354e-05	-1.6813583010832522678e-05	-3.6984866872078138629e-05	-3.3350211779691432248e-06
8	-7	2	1.4206699806538505224e-06	-1.6820975690832813047e-05	-1.8460149466569248653e-06	-1.7531572277038256363e-05	-1.2143732235914638483e-05	5.9233997936973498366e-06
8	-7	3	-2.481188183800607996e-06	2.6046235420993396766e-06	-3.7285508957328991053e-06	2.8060603801570140445e-06	-2.0834502665751436798e-06	-3.9818855856520698469e-07
8	-7	4	2.2302588912488969402e-06	6.7755632868079974267e-06	-3.7193877805952751167e-07	3.7216540173700211979e-07	-5.1114106441019666288e-06	-1.2899837120576240442e-05
8	-7	5	1.4991202181143225973e-06	1.1832719204854331841e-05	1.0148400379291105638e-05	7.9906614707685144665e-06	1.1809168182024630382e-05	-7.7454246686910117089e-06
8	-7	6	8.0497742175158256556e-06	1.5235831022968440693e-05	1.3236771870635288974e-05	1.6145863971507423272e-05	4.7098682257200684664e-06	-1.4776000638659291536e-06
8	-7	7	-1.1621890332697762591e-05	-1.5527834468960289617e-05	-8.1115310260740779727e-06	-1.38166237940825007e-05	5.1706293541519361755e-06	3.9294727418721147949e-06
8	-7	8	1.185597734346590385e-05	4.8495445898079753817e-07	2.1627912153637359675e-05	2.6687924815836293224e-06	7.0684457909667841721e-06	1.8502389624048781189e-06
8	-7	9	0	0	0	0	0	0
8	-7	10	0	0	0	0	0	0
8	-7	11	0	0	0	0	0	0
8	-7	12	0	0	0	0	0	0
8	-6	-12	0	0	0	0	0	0
8	-6	-11	0	0	0	0	0	0
8	-6	-10	0	0	0	0	0	0
8	-6	-9	0	0	0	0	0	0
8	-6	-8	-7.1584660143490579462e-06	-7.9533102546359098531e-06	-6.5310230494276998522e-06	-8.3392477285412642667e-06	-2.2601987272782826335e-06	-1.6988744582299605943e-06
8	-6	-7	-3.3932963524495729869e-06	1.3483916621921688129e-06	-2.1656639494626877863e-06	6.4302473176105052232e-06	-2.0217695889743509648e-06	-3.9706215154465252288e-06
8	-6	-6	2.0407220985804209751e-06	-1.8674154419722361351e-05	-9.7797183256669071807e-06	-1.8697336323959998613e-05	1.2500681123774134583e-05	-6.2015362356698193453e-06
8	-6	-5	-1.0698643144323726842e-05	3.6796036603914681708e-06	-2.661508850418944924e-05	2.0073131088021930786e-06	1.4820277174109375463e-05	3.4785901260637180565e-06
8	-6	-4	-5.3279411020898571425e-06	-3.3498453349962517877e-06	1.6581024620049158502e-06	2.8353670834107858609e-05	-1.3143035897187087848e-05	-4.9230196921154290642e-05
8	-6	-3	-6.9486782783003244672e-07	1.4241302510999666932e-05	5.7503745092356994099e-06	1.7014576750779300226e-05	-1.3353729892684819525e-05	3.9476531944405102387e-06
8	-6	-2	-7.7946624304663970646e-06	-1.1596894017167331026e-05	-1.6135791922840021925e-05	-1.0701453366328604291e-05	1.7228726046654470739e-05	-1.4283215969683507845e-05
8	-6	-1	2.7761380206862367057e-06	-5.4620188499929636444e-06	2.5016110149198801539e-06	-2.447068800515071149e-06	7.1994380759706110281e-06	-2.9013737996853283108e-05
8	-6	0	2.1319707687484721194e-06	-1.8058747466254370366e-05	2.8426276916646293513e-06	-2.4078329955005828284e-05	1.2676910794854738087e-05	4.7783747477682976811e-06
8	-6	1	1.9679237266328946789e-06	-2.4589447980200103465e-05	-4.8177517917406352228e-07	-3.5273911541793773823e-05	-1.8634040888107537506e-05	-1.4927885409161806748e-05
8	-6	2	-2.0278278247966999775e-05	-1.7819086534571180425e-06	-3.684053610251041336e-05	-3.0594376180975025646e-06	-2.9408495315663240981e-05	-2.0506782404640355237e-06
8	-6	3	-2.0768058160863351144e-05	3.1850357609184612401e-06	-1.8130328949561916319e-05	-5.3143179664447653973e-06	1.9120830529845106005e-05	-1.9122064628672094666e-05
8	-6	4	1.9645210777426199019e-05	-1.1230597420924626304e-05	7.5562935481579604949e-06	-1.3872673241686299118e-05	-2.795598123261546026e-05	1.6521849793198030835e-06
8	-6	5	1.0672435291682285774e-05	-6.6061962302972059058e-07	1.0652422928512965713e-06	1.0182321240229334888e-05	-1.5797605715270100844e-05	1.3275776885122755319e-05
8	-6	6	9.0613312267893978053e-06	-5.8414949660416692035e-07	-6.1218790822843522709e-06	9.0944611566085491677e-06	-1.8203654051336885501e-05	9.873327152080772434e-06
8	-6	7	8.0034556998551289179e-06	-1.2481085784942276635e-05	2.515032947636630298e-05	-1.863839294687984167e-05	1.2410618751336683065e-05	-1.7116673431058332435e-06
8	-6	8	-5.3777308411447288672e-06	-6.5706440235509012903e-06	-6.9410556643786332811e-07	-1.294098078844182047e-05	4.8571516663163317152e-06	-3.1350915677804644861e-06
8	-6	9	0	0	0	0	0	0
8	-6	10	0	0	0	0	0	0
8	-6	11	0	0	0	0	0	0
8	-6	12	0	0	0	0	0	0
8	-5	-12	0	0	0	0	0	0
8	-5	-11	0	0	0	0	0	0
8	-5	-10	0	0	0	0	0	0
8	-5	-9	0	0	0	0	0	0
8	-5	-8	4.5242456979833407566e-06	-7.5474723647481929554e-06	3.8991196750925637365e-06	-8.5829372161321218124e-06	2.0872959010504879977e-06	-2.1831366046656163991e-06
8	-5	-7	7.6429952376082923785e-07	1.2763637805560478199e-05	-5.922240361942587584e-06	4.2768338845587282996e-06	5.1036568571142245461e-06	1.1532133288812884532e-05
8	-5	-6	-4.7755813266981286686e-06	1.5325923739328477593e-05	-1.2127328635154307937e-05	1.3692088494384389199e-05	3.7386654270310847734e-06	9.0244912404509816667e-06
8	-5	-5	1.5769531200715678523e-05	-5.0204890364416388256e-06	1.988490485648563598e-05	-5.3296413597908411761e-06	5.3463450646594532143e-06	-2.703141098515780606e-06
8	-5	-4	6.0705099734657065646e-06	1.6391155745048283159e-05	1.4606497248652689717e-05	2.8874311433617459185e-05	-6.1171016138844490172e-06	-3.3105778019252610518e-06
8	-5	-3	-4.283885529339927128e-06	-1.0266324843792757493e-05	-4.0059662221344401471e-06	-2.7375560326616166041e-06	-4.7470843746824054293e-06	-2.2814272862344659679e-05
8	-5	-2	7.5836956146036544325e-06	1.7314467984504576574e-05	6.8178029987248461616e-06	2.3976473419518192881e-05	1.3290274961602504443e-05	9.3166883892228190126e-06
8	-5	-1	7.8080647736704298083e-06	-6.7914166417651820491e-06	1.1781108485102091107e-05	-1.4233522050613253034e-05	3.5589757638529880116e-06	1.6836277118944808779e-05
8	-5	0	-1.6592132886303611336e-05	2.1124986015432401805e-05	-2.6547412618085778138e-05	3.3799977624691838823e-05	1.7717027957345182478e-05	2.610960103797368398e-05
8	-5	1	1.0469695442911910256e-06	-1.1373053712044233138e-05	-1.9818206515069229476e-08	-2.5310086669184714129e-05	-8.4748473869048745999e-06	-3.5566003649569698762e-05
8	-5	2	-7.6168422813281778597e-06	6.4715219850378439732e-06	-5.0821921015213753086e-06	-2.1946136316794484565e-06	1.7761888871509272744e-05	-3.1372622019349998728e-05
8	-5	3	4.9035790839831557825e-06	-4.6958105640451898368e-06	1.4656162310590227206e-05	-9.9448506834939144399e-06	1.1350726293695295461e-05	-4.0525896350360181175e-06
8	-5	4	5.2898744452227911624e-06	1.1895489842739503036e-05	2.4478111950999690985e-05	1.2725847133981745034e-05	2.0017891048304031407e-05	-7.8836707680018239318e-06
8	-5	5	2.1094442218982897501e-06	1.4169781013272515804e-05	6.7166898996572995702e-06	1.0570879189849151887e-05	3.3415791446200353771e-06	-1.2100770431386872382e-05
8	-5	6	-9.501064011790364295e-06	-1.668545876049460336e-06	9.6372828935428495739e-06	1.6470634329102745332e-06	2.0699154427006195964e-05	3.5972806954911759982e-06
8	-5	7	-9.3507251243591531681e-06	6.0995105553079388978e-06	1.0849350150086406312e-05	1.5524256296825890612e-05	1.8436078820757894811e-05	4.1178852916665633672e-06
8	-5	8	-4.2496983837333423927e-07	1.4402897854735984639e-06	2.2039773508812177881e-05	-2.0700156803107334886e-05	1.4199828281380945838e-05	-1.4377887787415682979e-05
8	-5	9	0	0	0	0	0	0
8	-5	10	0	0	0	0	0	0
8	-5	11	0	0	0	0	0	0
8	-5	12	0	0	0	0	0	0
8	-4	-12	0	0	0	0	0	0
8	-4	-11	0	0	0	0	0	0
8	-4	-10	0	0	0	0	0	0
8	-4	-9	0	0	0	0	0	0
8	-4	-8	1.3785341579449791562e-05	-1.380038830025201724e-05	1.5037175520284428506e-05	-8.4037481290408448783e-06	6.2667538193075773096e-06	-9.5985142357315948009e-06
8	-4	-7	1.3582608782296199027e-05	-1.2994865361770389919e-05	-1.1433121805633683206e-05	-1.3118869687322712487e-05	2.2056193925843475974e-05	-7.3547777349817537403e-06
8	-4	-6	-7.2946662200514619941e-06	-1.0647956721866773448e-05	-1.8830464250268139374e-05	-1.0343835526674954268e-05	2.8274212067768099749e-06	-7.3013852780390628818e-06
8	-4	-5	-1.1758507931116657849e-05	8.6957136310214913687e-06	-2.5408156233600480341e-05	2.1914574703741528673e-06	1.5129122970937328583e-06	1.215997583333506288e-05
8	-4	-4	-1.8186373941109683437e-05	7.5645156945805899722e-06	-1.1722528106086180615e-05	-8.7747278530361201901e-06	-2.4650219776133187953e-05	2.3903759242197301828e-05
8	-4	-3	2.7602351492088378569e-06	1.9693682310321821278e-05	-4.1571382920604128965e-06	1.316076010727282643e-05	1.2903478120637450351e-05	3.4968806017827752577e-05
8	-4	-2	2.1473936723929435536e-06	-7.7677676080645343862e-06	4.3532873519105780597e-06	-9.4683281190070893294e-06	-1.1700001424938175946e-07	-1.2134414194243958886e-05
8	-4	-1	6.3733989725408999056e-06	-6.4014812361396542884e-06	2.1829820629026904264e-05	-1.0026745745106607453e-06	-3.6332090735780411036e-05	-4.7201151591074590479e-05
8	-4	0	-1.3188435939859672206e-05	7.6685005752007209801e-06	-2.6376871879719344412e-05	1.533700115040144196e-05	3.249294993607900286e-05	3.6326658402988810514e-05
8	-4	1	-2.5849254415322931648e-06	9.8904477934165778316e-06	-1.324751476725938404e-05	2.0270018922847725536e-05	-3.2310655536779190841e-05	1.9564933440582727158e-06
8	-4	2	-3.7091851805264547151e-06	-1.5580600434284984281e-05	-1.5021737838985316089e-05	-2.0734629606118215838e-05	-1.5206734955864813317e-05	2.0853142524903505448e-05
8	-4	3	-5.4081560971076414089e-06	1.2396246271590571518e-05	-1.0624041204627621151e-05	2.4419680398191158816e-05	2.5636131945021428465e-07	-4.9708285998664774319e-07
8	-4	4	-6.6015578870083630203e-07	-4.7516223719085930839e-06	-1.2071092438989954748e-05	1.6120078935055718217e-05	-1.0750780861588282567e-05	2.5623323678872904385e-05
8	-4	5	-4.0551374406296180242e-06	-1.3033466356818067125e-05	-5.306136099442589627e-07	-7.0203649204057689753e-06	6.0637290170519821768e-06	1.5237254234584290526e-05
8	-4	6	-3.6333166525688325354e-05	4.5435642269398995613e-06	-3.2060195931647433724e-05	-7.2670105550110786707e-06	2.7070758079819475731e-05	-1.0902759339260586325e-05
8	-4	7	-3.7036537004853693365e-06	-7.2040162075646920928e-07	-4.6438014915635165351e-06	-3.804193404075613506e-06	1.5791462339469840486e-06	-1.3505086643215285306e-06
8	-4	8	-1.9198862587658024344e-06	8.7702623690785664245e-06	1.8651097767920368298e-05	4.6904118203449570414e-07	1.1245435142725986583e-05	-8.5357417780613201077e-06
8	-4	9	0	0	0	0	0	0
8	-4	10	0	0	0	0	0	0
8	-4	11	0	0	0	0	0	0
8	-4	12	0	0	0	0	0	0
8	-3	-12	0	0	0	0	0	0
8	-3	-11	0	0	0	0	0	0
8	-3	-10	0	0	0	0	0	0
8	-3	-9	0	0	0	0	0	0
8	-3	-8	-1.3265692298242201988e-05	-3.9452578510987995559e-07	-2.0667918578867336525e-06	-1.219542164744798092e-05	-1.2490645351534677027e-05	4.1787573326831129424e-06
8	-3	-7	-2.501463839635633333e-06	5.3987450353024073535e-06	9.6041685438749200394e-06	-3.0077683243423420251e-06	-6.9748880498156894193e-06	7.4590378936351834366e-06
8	-3	-6	1.4056094985707967396e-06	7.3382580022364700181e-06	-3.3967091746041259752e-06	9.5257023133617359467e-06	3.5725005853964584287e-06	5.0214928463010912037e-06
8	-3	-5	1.7287133197841251186e-05	1.6470941388474663635e-05	5.9392170351896717389e-06	1.8962774754866812918e-06	2.4095882895432198007e-05	2.5215739736267451474e-05
8	-3	-4	-1.0201545607974801539e-05	-1.2699863781730715801e-05	-2.9321866717561523416e-05	2.3733774836589808811e-05	1.5883088222215382129e-06	-4.3200058690903787363e-05
8	-3	-3	1.2914866632574094246e-05	1.2401884956076945175e-05	2.5738204858870711707e-05	2.2119050245058638764e-05	8.7014394946602085406e-06	1.0952642971146547805e-05
8	-3	-2	3.5560975679106625869e-07	-1.8670475146819292254e-05	1.8056559238855139681e-05	-2.0479617467590883746e-05	-2.5662399831118445757e-05	-4.3962474385890850173e-05
8	-3	-1	-1.0931345928657851111e-05	-4.5603146090907173746e-06	-2.8950608000595202073e-05	-3.1209833257585199396e-06	-5.9894342747719695403e-07	-2.7119566895450177908e-05
8	-3	0	-2.6824108198477498573e-06	-1.4224056951855505092e-05	-7.1530955195939993372e-06	-3.793081853828134917e-05	-8.6082830601401341724e-06	-2.4888385606270909192e-05
8	-3	1	-2.9221331456331311679e-05	-6.4321552455036747775e-06	-5.7140554847360309121e-05	-1.2404186380460375012e-05	6.2348987108569572848e-05	1.4244682822648273185e-05
8	-3	2	9.0822415717239609375e-06	-5.3907173659279382553e-06	3.0002850824900372987e-05	-7.9413551068087592235e-06	8.6753099504547140364e-06	9.6508368034986141861e-06
8	-3	3	-8.9137472046834205036e-06	2.5869474685867597846e-05	-6.5825937548915397472e-06	4.3491800646912241008e-05	1.7187398790930911259e-05	-2.5493465182068017656e-05
8	-3	4	1.1552140783738539177e-05	8.2526097515321923778e-06	3.3228560767543905579e-05	2.6265967243123970509e-05	1.8171390081808518899e-06	3.1942559292785918558e-06
8	-3	5	7.3001813647495950987e-06	-2.7880501436833987627e-05	9.1067662582497840775e-06	-6.8042048837089462871e-06	-6.2162304286494817114e-06	4.0526279368709011415e-05
8	-3	6	-9.1301788686578755127e-06	2.2749841030023207258e-06	-6.0373395560405632558e-06	1.2374233013525873464e-06	9.1549020468568850166e-06	-2.4146004866601338553e-06
8	-3	7	1.0070751971798087726e-05	-1.243082920166535878e-05	4.5934131955072190435e-06	1.005824715511637953e-05	-9.5408251696947215154e-06	1.8517339296953142424e-05
8	-3	8	6.3098109905664054035e-06	-5.961096145668066189e-06	-3.1329688318487171896e-07	-1.8395192392574286652e-05	-6.4272973217607323444e-06	-9.3710100154729225847e-07
8	-3	9	0	0	0	0	0	0
8	-3	10	0	0	0	0	0	0
8	-3	11	0	0	0	0	0	0
8	-3	12	0	0	0	0	0	0
8	-2	-12	0	0	0	0	0	0
8	-2	-11	0	0	0	0	0	0
8	-2	-10	0	0	0	0	0	0
8	-2	-9	0	0	0	0	0	0
8	-2	-8	-4.9823764922574825548e-06	4.4779684014700619783e-06	-1.5003390040376748054e-05	-2.4546338388247617227e-05	-1.2315289821632955414e-06	1.0614552998531966285e-05
8	-2	-7	-5.3104932327827374618e-06	-1.1711853712231518095e-05	5.0920394068551235118e-06	-1.9687963889744621569e-05	-7.5240035251388781025e-06	-7.7598431311947011998e-06
8	-2	-6	2.1505340990891378078e-05	2.7507781322238505087e-05	3.3262103799722460133e-05	1.5420108607724343567e-06	1.7586420054614349597e-05	3.6163038142727196107e-05
8	-2	-5	-1.1337048102020269756e-05	-2.2186055221007038154e-05	-2.7175446081931148897e-05	-1.8257164638144576801e-05	-7.2690985304599727284e-06	-2.8194822498353426938e-05
8	-2	-4	9.0169851519839357569e-06	-1.9049055504346544711e-05	-1.0057421511435881719e-05	1.6366068225061720888e-05	2.3062681059685810679e-05	-4.6281145121223949866e-05
8	-2	-3	1.2540284722528355734e-05	-9.5049156627357917935e-06	-3.3610659208805243907e-05	-7.4777650356278167035e-06	5.5847865399279108969e-05	-2.0361265076876902008e-05
8	-2	-2	1.0785891928355821476e-05	7.4298696805141946613e-06	4.1557691077219662695e-05	4.186789147086916762e-05	1.5858766362036246923e-06	-1.2148412748812390668e-05
8	-2	-1	1.5790461319157326022e-05	7.7070698236343918757e-06	2.526060067577807095e-05	4.4595561291565650997e-05	7.5802489201702466276e-05	-2.7534563994056173765e-05
8	-2	0	-2.5496679358516312379e-06	-8.8075921652791215176e-06	-1.0198671743406524952e-05	-3.5230368661116486071e-05	1.5107862829259607514e-06	-2.761620065479261448e-05
8	-2	1	-4.226492197951102451e-06	5.2261032030585737084e-06	-3.4254057899488000495e-05	1.5426539066122260381e-05	-3.4696178215367181382e-05	-1.0955747492224068905e-05
8	-2	2	1.0761402290843389483e-05	-3.9866474864306621162e-07	3.1703207906976152594e-06	-9.2485048998093549445e-06	-3.987528837267594479e-05	-7.6538459052370898863e-06
8	-2	3	6.3875656590261431339e-07	-5.0458758445288648021e-06	3.5245112816891053889e-06	-1.1793353400517366848e-05	6.4632334538576531769e-07	5.5934333183987285226e-06
8	-2	4	-4.8150082421117428066e-06	-3.5048061475539962357e-06	-4.5627227156772804718e-05	-1.9822311098926897311e-05	-1.318359709416291844e-05	-2.9015432543554561839e-06
8	-2	5	2.3361457213842699079e-05	3.5572943186499388088e-07	-5.2593837044142695858e-06	-3.2316952276835974742e-07	-3.9482085023914028732e-05	-6.9843490009133410838e-07
8	-2	6	2.8788587492493668491e-05	-1.7422566500348347262e-05	6.6693137634773580046e-06	3.484018245655225919e-05	-3.6161678735499107578e-05	3.484348281931521382e-05
8	-2	7	-1.7982614418599384223e-05	1.2694660797088092876e-05	-3.0078224725321602397e-05	-3.8795390884799785432e-05	1.1957780842593125352e-05	-2.5592581163757758156e-05
8	-2	8	-3.5816630841776442716e-06	-2.5615013103687950167e-06	-2.8476807615935890965e-07	3.6681766999324292786e-06	3.510471065137804703e-06	3.4785454853519023363e-06
8	-2	9	0	0	0	0	0	0
8	-2	10	0	0	0	0	0	0
8	-2	11	0	0	0	0	0	0
8	-2	12	0	0	0	0	0	0
8	-1	-12	0	0	0	0	0	0
8	-1	-11	0	0	0	0	0	0
8	-1	-10	0	0	0	0	0	0
8	-1	-9	0	0	0	0	0	0
8	-1	-8	1.4784107827726617214e-05	1.4037909699966221092e-05	9.4301674290145844786e-06	1.6410100626084498483e-05	1.3605336899099793307e-05	1.1986647121705657935e-05
8	-1	-7	1.0284373045558882189e-06	-7.5070603339244192339e-06	-1.5138942825690554448e-05	-7.704462328833595853e-06	3.3380630374482370503e-06	-7.4788600489373940026e-06
8	-1	-6	-6.9032089572437392569e-06	4.0740979047091000967e-06	2.356057515196267535e-05	2.5086543307738337383e-05	-1.3131041134985431003e-05	1.2510399883224107768e-06
8	-1	-5	-8.1583035924281546112e-06	2.739664957726419735e-06	9.4354746558798086579e-06	-1.6929204639097002259e-05	-1.4940380679061010126e-05	7.7693048601816713501e-06
8	-1	-4	-1.714435953259687095e-05	5.4538506112043874446e-06	-5.5704453624226561357e-05	3.8391328151154855081e-05	-2.0362605659137106642e-05	1.3098691846200617542e-06
8	-1	-3	1.4001549811878103878e-05	-4.3162724061789294991e-06	1.2702026343149998579e-05	1.2854372180002597426e-05	3.3103457383958274658e-05	-1.5794850476478011704e-05
8	-1	-2	6.9249105278631656831e-06	-5.0816534874082041579e-06	3.3250692396895605127e-05	-3.8738615804366389745e-05	1.1074295913004860169e-05	-9.5730604744962091186e-07
8	-1	-1	-7.2770947143478910987e-06	-4.9580271475226380835e-06	-3.9040959743564839282e-05	-9.0368591429807769628e-06	-1.9175797971218289507e-05	-3.0627358037200327705e-05
8	-1	0	3.4013433718352420782e-06	-3.4012676126028377778e-06	2.7210746974681936626e-05	-2.7210140900822702223e-05	-8.8835492037750220408e-06	-5.8943955872844226853e-06
8	-1	1	-6.6228736966252983812e-06	-2.4918452606551806997e-07	-2.869665210005118401e-05	-3.4629653225136833804e-05	2.4286337472951199652e-05	-3.2636177016612689245e-05
8	-1	2	-1.7448532091172754428e-05	1.6292222210752686546e-05	-9.1978473044110521271e-05	7.1501850413823228982e-05	2.3804891842635760463e-05	-2.9417963636099128303e-05
8	-1	3	2.6240676111791697368e-07	-2.8370138156175593731e-06	4.344208278429668573e-05	-3.962183337812808198e-05	1.378094289845111707e-05	-5.6419076177292023318e-06
8	-1	4	-1.5010441164896604839e-05	-9.5300364223727309267e-07	1.6601618660504153517e-06	5.1084224520042749332e-05	3.0435922796305812298e-05	1.4677063414485233095e-05
8	-1	5	5.9403765660328020158e-06	-1.6476278290659826737e-05	-3.4972193627894476318e-05	-1.7320614969101223198e-05	-1.6499041231231379844e-05	2.2897922271235477461e-05
8	-1	6	-9.0438508603985069505e-06	7.5725039561762866965e-07	-1.3616607606847534449e-05	1.7193974628254512133e-05	9.7890332127234199101e-06	1.8559952438855802508e-06
8	-1	7	2.0509334414342313954e-05	6.4434949776852302826e-06	1.4136620472146431703e-05	-2.0630688653188999226e-05	-2.1419722120370298101e-05	-1.0311235496381549026e-05
8	-1	8	-5.8328219928480439082e-06	-8.1491049682745994614e-06	5.0323488125560412491e-06	1.3441143792109855491e-05	6.461865594417549382e-06	9.829247942288330339e-06
8	-1	9	0	0	0	0	0	0
8	-1	10	0	0	0	0	0	0
8	-1	11	0	0	0	0	0	0
8	-1	12	0	0	0	0	0	0
8	0	-12	0	0	0	0	0	0
8	0	-11	0	0	0	0	0	0
8	0	-10	0	0	0	0	0	0
8	0	-9	0	0	0	0	0	0
8	0	-8	-1.2497629684686982784e-06	5.3793516837800274213e-06	4.0690130767529037898e-06	5.5353929331937817252e-06	-1.2497629684686982784e-06	5.3793516837800274213e-06
8	0	-7	4.6831425664139582723e-06	-1.0618129193279491596e-05	-6.1863127922333721769e-06	-6.0676826582637905522e-06	5.3521629330445237398e-06	-1.2135004792319418966e-05
8	0	-6	4.8815664459711022286e-06	3.4535513442830148402e-06	2.2297958718073442172e-05	4.3762274336338411184e-06	6.5087552612948026891e-06	4.6047351257106864536e-06
8	0	-5	5.0134991745586310552e-06	-1.466819607366065527e-05	4.1460229171456957275e-05	-1.5876125960409022539e-05	8.0215986792938090107e-06	-2.346911371785704911e-05
8	0	-4	2.679356324278801409e-05	1.0482416936177385032e-05	8.8804749973473442554e-06	-2.6931622860578621878e-05	5.3587126485576028179e-05	2.0964833872354770065e-05
8	0	-3	-2.4737269013280831685e-06	-7.9787664495558191085e-06	9.4071335591048111979e-07	5.5902799913938843178e-06	-6.5966050702082223474e-06	-2.1276710532148852085e-05
8	0	-2	7.6809900780139375346e-06	-1.4083378398190586129e-05	2.105859502930340628e-06	-2.1333336618368152715e-05	3.0723960312055750138e-05	-5.6333513592762344516e-05
8	0	-1	-4.6004330359158091766e-06	1.8907626494606087863e-06	3.9910229225057056082e-05	-3.1360195616742332278e-05	-3.6803464287326473413e-05	1.512610119568487029e-05
8	0	0	0	0	-5.3955464881865439306e-05	-3.9113357033933555745e-05	2.9046069282999536772e-05	6.1316330024621021582e-06
8	0	1	-3.0607529334662800237e-06	4.7186250169648359872e-07	-2.3875313854711890948e-05	-4.6211665097555922944e-05	2.448602346773024019e-05	-3.7749000135718687898e-06
8	0	2	4.8055668217947566345e-06	1.606248670604101567e-05	-3.3024781972822771789e-05	-2.9042572746080330497e-05	-1.9222267287179026538e-05	-6.4249946824164062679e-05
8	0	3	-2.2907927282009946022e-06	9.5810976350927209337e-06	4.4689681589439421297e-05	-6.4196427768601302692e-06	6.1087806085359861705e-06	-2.5549593693580590286e-05
8	0	4	-2.9175773363153696113e-06	7.1768851036059823153e-06	-4.3377715876886891941e-05	-1.6903578234303890711e-05	5.8351546726307392226e-06	-1.4353770207211964631e-05
8	0	5	-2.8115819645257682908e-06	2.4487765351048540681e-06	6.3091739815418105969e-06	1.3613192187724407233e-06	4.4985311432412292652e-06	-3.9180424561677661702e-06
8	0	6	-7.121726088531761901e-06	-8.7543261171272416703e-07	4.8203754720717127821e-06	1.7720204177730047943e-05	9.495634784709015868e-06	1.1672434822836321521e-06
8	0	7	-1.9871323702985845149e-06	9.6924271053210112037e-06	-6.6810611293468805301e-06	4.4060598841963742175e-06	2.2710084231983824237e-06	-1.1077059548938299487e-05
8	0	8	1.3673423801664095505e-05	-1.1635682557527833215e-05	-4.4250042561761313611e-06	1.3256001724543641962e-06	-1.3673423801664095505e-05	1.1635682557527833215e-05
8	0	9	0	0	0	0	0	0
8	0	10	0	0	0	0	0	0
8	0	11	0	0	0	0	0	0
8	0	12	0	0	0	0	0	0
8	1	-12	0	0	0	0	0	0
8	1	-11	0	0	0	0	0	0
8	1	-10	0	0	0	0	0	0
8	1	-9	0	0	0	0	0	0
8	1	-8	3.6652000097015139611e-06	1.5578770052864456441e-05	8.0195961602100250938e-06	1.1260970902496550151e-05	4.667649529727766886e-06	1.6986391415676525634e-05
8	1	-7	-1.2238830246895151467e-05	3.7796033790411372846e-06	-4.5374400211937640555e-06	3.6532007698726356147e-05	-1.4635440285193569059e-05	9.5384049615793499059e-06
8	1	-6	1.5503901368231471871e-05	2.966679946417833944e-06	1.1313711307685315964e-05	-2.3121101311850501337e-05	2.2557487042256183234e-05	1.0205637658202833824e-07
8	1	-5	-6.2861179878855602082e-06	7.0447833331160167024e-06	-7.5462032792630016038e-06	1.8542426064006541016e-05	-1.1567029436469496823e-05	1.4980138545786934588e-05
8	1	-4	-1.2494483817400169314e-05	5.0720122008123106244e-06	3.1865665912684816519e-06	9.4420746101634153111e-06	-2.4192325986983217686e-05	1.2504543054165476347e-05
8	1	-3	-1.7445790106134533617e-05	1.932315264073092089e-05	3.6734182879904434676e-05	-3.7123471470543863376e-05	-3.4277379323057282604e-05	3.9153916551767834581e-05
8	1	-2	9.0964379184785200037e-07	1.7103760403883809505e-05	8.5822348443103650982e-06	-3.9022165765042683596e-05	7.9296925895465909741e-06	4.890395873301389961e-05
8	1	-1	-2.8418508082479927373e-06	2.5884494357613770937e-06	-2.1680369478528219499e-05	-1.3498147051226068105e-05	-4.4415175944512161397e-05	7.2094484348649486445e-06
8	1	0	5.7795861843044033071e-08	5.0027485315772999094e-06	-4.6236689474435226457e-07	-4.0021988252618399275e-05	3.4532041895429554052e-06	2.6565243832048031814e-05
8	1	1	1.0037551962975963495e-05	-8.1725293256025407704e-06	-4.762952482052225351e-05	3.9875104707543586628e-05	-3.267089088328544767e-05	2.5505129897276736147e-05
8	1	2	-2.634966748744416016e-06	1.2448899817922433293e-05	-3.7649168072568346081e-05	-3.4926930096513029251e-05	2.9364451031261837104e-05	-3.2332134223433218545e-05
8	1	3	-1.3933116028895774365e-05	-1.1966241692037181283e-05	2.8540678137368634632e-05	3.1988074085028767252e-05	2.7641416697932522355e-05	2.124728648375622767e-05
8	1	4	2.0558888008479370163e-05	1.0791369276120472295e-05	-3.1234994356130264576e-05	-7.0734539297111148363e-06	-3.3309027427926177569e-05	-1.9814375069813166516e-05
8	1	5	1.0131776214262504438e-05	2.1203838907935439429e-06	-3.3161061486280845917e-05	-3.2049436188910482195e-05	-9.5786296455638392732e-06	3.0172730125124259609e-06
8	1	6	2.4635328411683264306e-06	1.3757254630031050046e-05	1.3027066279796925376e-05	-6.5759576919611309971e-06	-5.4558881681905891878e-06	-1.7247013224714545884e-05
8	1	7	1.1570154701429339499e-05	1.2001241712521233668e-05	-5.4855947585282481628e-06	7.3211006723021967784e-06	-1.2439377550415209569e-05	-1.4761576338924579422e-05
8	1	8	1.2414941133896426352e-05	-5.6364185696609710031e-06	-1.5739268531610775662e-05	3.582250221028108263e-05	-1.0447532567445079818e-05	1.1586057933758356743e-06
8	1	9	0	0	0	0	0	0
8	1	10	0	0	0	0	0	0
8	1	11	0	0	0	0	0	0
8	1	12	0	0	0	0	0	0
8	2	-12	0	0	0	0	0	0
8	2	-11	0	0	0	0	0	0
8	2	-10	0	0	0	0	0	0
8	2	-9	0	0	0	0	0	0
8	2	-8	1.3822334117868928092e-06	-1.3094745575768745088e-05	2.4865217831814278561e-06	1.4577397353639981253e-05	2.0038638575822496674e-06	-9.4503962373587497745e-06
8	2	-7	1.6400135490448029287e-05	4.4321338440622609891e-06	-3.854641291054577168e-06	-7.0924355348182435672e-06	1.7641685905925009971e-05	3.0388856689802283801e-06
8	2	-6	-2.3092819874276203989e-06	-1.5568311110113735717e-05	9.2408104358277692506e-06	4.2858240718819425182e-05	1.2274953724287443499e-09	-6.4716679072118395109e-06
8	2	-5	-4.2266946996148485675e-06	-3.3081939006777509582e-05	-1.180035452764402671e-05	2.6293802111968496909e-05	-1.1482853330441367376e-05	-4.2413581566056619279e-05
8	2	-4	2.1548071263394356559e-05	-2.3240081253166119387e-05	2.0211684869274454797e-05	1.0729168930392051176e-05	5.3201984961425938822e-05	-4.1115578041136212339e-05
8	2	-3	-1.7532756569597228089e-05	-1.1290575700858785843e-05	3.0600216243977949784e-05	-3.7134666826260693151e-05	-2.6353873356273978436e-05	-5.4864646419797222091e-05
8	2	-2	9.5994198655471615851e-06	8.3763016426179617645e-06	2.2214501924868100639e-05	-3.447334395415795462e-05	6.0612181387056750367e-05	-9.6813738368610184416e-07
8	2	-1	-9.4019650173043241e-06	2.1748499776933712631e-06	3.5329410137761419841e-05	-1.7006725447155847955e-05	-4.5568998629117607406e-06	-1.6614651072764725806e-05
8	2	0	-7.1663718456750716504e-06	-5.0196819068620387636e-06	2.8665487382700286602e-05	2.0078727627448155054e-05	2.7123818549506023074e-07	4.2181205723372969751e-05
8	2	1	-1.1935039638222239505e-05	-8.7809730182796509276e-06	2.1647672867100271974e-05	4.465540428090100471e-05	5.2184971371577372088e-05	-1.9063024415564795223e-05
8	2	2	1.6217203085882265704e-05	3.9335768040769174169e-06	-1.4259365725726265827e-05	-1.4417955575314379834e-05	-5.060944661780280207e-05	-1.3163516409932896216e-06
8	2	3	-1.3253942742254761779e-06	-5.1395043779634836517e-07	1.9279425400795840219e-05	1.1960084742174609046e-05	-9.3185655359292909032e-06	-6.6028553273261434409e-06
8	2	4	7.7046839379398717514e-06	2.4545234234095085746e-06	-3.0600151816836456285e-06	-2.4161238311433844102e-05	-1.3879360285037921959e-05	7.1715723088979057485e-06
8	2	5	7.3052929331445970495e-07	5.5961327471469915327e-06	1.8603724067708661246e-05	-2.9656998193409152159e-06	-8.6103364963866008732e-06	-7.7675324676988207048e-06
8	2	6	2.6864883115648355345e-06	9.8682627916840615285e-06	1.8168381351476857725e-06	1.4752108008789721009e-05	-4.187597127135675829e-06	-1.8075053058508655708e-05
8	2	7	-9.0925253197496739465e-06	2.316237892336644533e-06	3.1084415704719910525e-05	2.0330208312537358816e-05	1.5101958783653672779e-06	-8.4557599662525541399e-06
8	2	8	7.6470730149592755715e-06	1.4290554654674596588e-05	-2.2920207971826769128e-05	-1.8639182064250359579e-05	-1.9170210220025832895e-06	-9.6307591386120058462e-06
8	2	9	0	0	0	0	0	0
8	2	10	0	0	0	0	0	0
8	2	11	0	0	0	0	0	0
8	2	12	0	0	0	0	0	0
8	3	-12	0	0	0	0	0	0
8	3	-11	0	0	0	0	0	0
8	3	-10	0	0	0	0	0	0
8	3	-9	0	0	0	0	0	0
8	3	-8	6.5992466002268200878e-06	-1.3605861532211086797e-05	-1.2852367229705347624e-05	1.4555915905360893039e-05	1.7796088890873147289e-06	-8.1473930677007516958e-06
8	3	-7	-2.2631025420369504703e-05	5.4716132285420743727e-06	9.3254958847977371229e-06	-1.1672657191615944038e-05	-2.1867387958366115374e-05	1.2507048933555376433e-06
8	3	-6	2.1270922916834333739e-07	-1.6724297864953735374e-05	-5.0611259812334565046e-06	2.9470674212283242533e-05	-2.2469506850589373829e-06	-7.5637267137966945416e-06
8	3	-5	9.9103446839792245035e-06	-2.2184805836252177979e-05	1.5458978033227399513e-06	9.108439455569134548e-06	1.6784090176360404786e-05	-3.0030625664662002005e-05
8	3	-4	5.0313057591360256965e-06	5.5077285273516741532e-06	1.0684727265635863048e-05	7.8323778174234657206e-06	1.8076156967498946561e-05	1.6889740417770948867e-05
8	3	-3	-8.649871521099574125e-06	7.1748719623562536943e-08	7.2039575188971682236e-06	9.3180105203891350061e-06	-1.5862366537368363624e-05	9.5093404393853021595e-06
8	3	-2	-5.2252341661491481247e-06	9.0571127792113880292e-06	2.5096287393372929201e-05	-1.8156330542750146947e-05	1.6743494425462802997e-05	8.9939553027203300014e-06
8	3	-1	-1.4537677845853232118e-05	-1.5740120904674711604e-05	3.5599094371121474932e-05	4.115168654274161536e-05	-9.5041396534614338388e-06	-2.4659076091728636935e-06
8	3	0	-1.1317897916949905255e-05	-2.8223615245520580096e-06	3.0181061111866416271e-05	7.5262973988054888727e-06	4.6002053334873902423e-05	-3.260296873584204308e-05
8	3	1	7.855898030880051439e-06	1.0356656691193104881e-06	-9.7886802837338910798e-06	1.6101722601966961447e-05	-3.3481143395838741661e-05	-5.6590493158855371633e-05
8	3	2	3.2537156085523185776e-06	-1.1692310577473611263e-05	4.1952756672576880906e-07	1.8512531834621896102e-05	-1.3644153784297928398e-05	1.9000444557961604288e-05
8	3	3	2.8038597529974446795e-07	3.0732767492083943655e-06	-1.3871849918306662273e-05	-3.5457695011110704653e-05	1.312415398417401064e-05	2.7262290346554982957e-05
8	3	4	2.7901950053731034991e-05	-1.6540601574452877673e-05	-2.9093012303651743795e-05	3.6547947449358105204e-05	-3.3984140879723263829e-05	5.6702425618871772891e-06
8	3	5	-9.9536751642179019758e-06	7.2074188406610104984e-06	-2.2823629791662270144e-05	-6.0469526470190215477e-06	2.9620058137746005248e-05	-7.9036985568462050548e-06
8	3	6	-1.4740731973553663088e-05	6.8955290886900404127e-06	8.5181850236654312178e-06	-1.7491070965429750366e-06	1.5395216786238836304e-05	-8.3194852366485671418e-06
8	3	7	-1.3800893176922234326e-05	2.5980457988878191233e-06	-1.4715466522865273244e-05	-1.2267448276476161962e-05	2.2079077854853386116e-05	2.2882826340465619033e-06
8	3	8	1.7498604400742706363e-06	-2.4857026521474803628e-06	8.0580012741735239514e-06	-7.2055487483135310418e-06	-4.7716109178893421181e-06	5.1877834327650542917e-06
8	3	9	0	0	0	0	0	0
8	3	10	0	0	0	0	0	0
8	3	11	0	0	0	0	0	0
8	3	12	0	0	0	0	0	0
8	4	-12	0	0	0	0	0	0
8	4	-11	0	0	0	0	0	0
8	4	-10	0	0	0	0	0	0
8	4	-9	0	0	0	0	0	0
8	4	-8	7.7184364471945162952e-06	-1.2763975483667935667e-05	-8.3688502916907187636e-06	-1.7340299651311393372e-05	3.5340113013491569134e-06	-2.1434125309323632353e-05
8	4	-7	-6.7404946908159503268e-06	-6.2185394358545679987e-06	-8.2168012196665566092e-06	3.434148373308889944e-05	-1.2398737486456261293e-05	1.2516802777931293638e-05
8	4	-6	-1.5155518464985821045e-05	-3.0152625799578850495e-06	-8.7224458565192583266e-06	5.7488998652521997864e-06	-2.6022321857660599148e-05	-1.8775019644237973191e-07
8	4	-5	-6.6400931142522425697e-06	9.0126098625779097189e-06	3.5617306925027271847e-05	2.9957112186794375264e-06	1.7869696557218230722e-05	1.68167447550682032e-05
8	4	-4	7.5509030922094303622e-06	9.4815857429145361151e-07	-9.0587384494324977858e-06	5.3132787700073745671e-06	6.0430677349863629386e-06	7.2095959185902813666e-06
8	4	-3	-3.8078560373290257956e-06	2.8580656732486390002e-07	-1.6633938801938031953e-05	8.2288693546781215596e-06	-3.2332867835461440208e-05	1.1733976652437133609e-05
8	4	-2	-3.7933617095581488471e-06	-2.4391145375608761821e-06	-1.2391268373178537389e-05	-7.6122918476158705781e-06	-3.9955983584589670166e-05	-2.4981041845475245885e-05
8	4	-1	-2.7570000957483435024e-07	1.0336428815100128469e-05	6.118091921390480224e-06	-1.9398822199834680921e-05	2.2266767608963246094e-05	5.0961417214623040651e-06
8	4	0	1.4609470277832406506e-05	6.2597815617883116523e-06	-2.9218940555664813012e-05	-1.2519563123576623305e-05	-8.7014274947625221661e-06	-3.2555578725407781425e-05
8	4	1	7.9095612092411797598e-06	1.2103895178328876147e-05	-2.127164549079423847e-05	-1.8549716577770226466e-05	2.1810092289247515803e-05	-2.2632295115550093149e-05
8	4	2	1.3956540203762850952e-05	-1.5637254420107792587e-06	-1.1957253313715978532e-05	1.1148798002912575555e-05	-3.1911654187619446744e-05	-1.6042694237782034923e-05
8	4	3	2.4714617346568535829e-06	-2.0299898211100491773e-05	-5.4893839702603614033e-06	4.9187237764728175559e-05	7.2861400126220557932e-07	-1.1449921790036255453e-05
8	4	4	8.1831791435205975666e-06	-1.0350065510520101787e-05	-1.3325343076789776176e-05	-1.074841417991695907e-05	-3.041015210251420228e-06	3.1448545200957162644e-05
8	4	5	-2.3388370163535945542e-05	-8.4873604087764503246e-06	1.1729453493033771899e-05	2.6781301988803690842e-05	2.8037829467230492638e-05	-7.8452649370006338482e-06
8	4	6	1.5569474478705931371e-05	2.3221857933587636876e-05	-8.7089103392909423515e-06	-2.6582247600307709368e-05	-1.4953359078747278566e-05	-1.3240978844578376821e-05
8	4	7	8.2931549731570810923e-06	-4.8182324128429986692e-06	-1.9274448376049520721e-05	2.1417834969129775035e-05	1.5360791027059189517e-06	-6.7322115105393009357e-06
8	4	8	-6.9641245902914924133e-06	1.5654977871889693677e-05	-2.6484548255276655882e-06	-7.1147159019067595883e-06	8.2883520030553245721e-06	-1.2097619920936312189e-05
8	4	9	0	0	0	0	0	0
8	4	10	0	0	0	0	0	0
8	4	11	0	0	0	0	0	0
8	4	12	0	0	0	0	0	0
8	5	-12	0	0	0	0	0	0
8	5	-11	0	0	0	0	0	0
8	5	-10	0	0	0	0	0	0
8	5	-9	0	0	0	0	0	0
8	5	-8	-2.1980785829691049126e-05	3.6710991815124627525e-06	2.3457837224953250491e-06	-1.8383775309175662109e-05	-2.0514671003131469912e-05	-7.818760386722325642e-06
8	5	-7	1.0934333467346411941e-05	1.3340353079284543718e-05	3.911870715159046895e-06	-1.5114451322369926509e-05	1.5290574473509504529e-05	4.4500811460609592373e-06
8	5	-6	1.2180459308798985725e-05	5.9347225691727533575e-06	-3.5864474004793587267e-05	1.3089376653146647978e-05	-1.3646449258929343451e-05	1.8820777303185876945e-05
8	5	-5	1.0335197982013174161e-05	7.5633326807405914361e-06	-3.1649645681524443176e-05	-3.0949791571386743951e-05	-1.5113328910303367228e-05	-1.8848459282201798331e-05
8	5	-4	1.791782305025105905e-05	2.1065767042358363181e-05	8.3531914671955913271e-06	-1.9550324196252740161e-05	4.6277135434496609377e-05	1.7693628839400803702e-05
8	5	-3	-2.3005442532894000625e-05	-1.1190513883807509026e-05	2.9738407203277277647e-05	1.8154777692739277001e-05	-1.1783834748921873385e-05	4.1659246441210015501e-07
8	5	-2	1.6404344105399791092e-05	-2.5208959018287746149e-05	-2.0737805949997635595e-05	2.6195310318865539873e-05	1.3772861546605066912e-05	-3.534756027598713661e-05
8	5	-1	-2.3443939452041677918e-05	-1.2318423094976284883e-05	4.0995126921555476195e-05	1.095137127315965741e-05	1.7424118991443964411e-05	-4.3790528394011988622e-05
8	5	0	-2.2245860872981669102e-06	4.6208783650963163953e-06	3.5593377396770670563e-06	-7.393405384154106063e-06	3.5490124835219674254e-06	5.6353269616615402871e-06
8	5	1	-4.0968998061794177144e-06	2.2015781672647777539e-05	-5.1968515244884450172e-06	-3.4416204791251546967e-05	5.8759456071877567648e-05	-4.045229424924489711e-06
8	5	2	-3.1015042001527947735e-05	1.6783245773065901293e-06	3.7764051795201367242e-05	-1.038482616123726537e-05	2.9650038518108372834e-05	1.9248767093866802908e-05
8	5	3	-4.1863579931028092979e-06	-1.501703765056240315e-05	7.3353468780413537368e-06	3.4346452786714303917e-05	-1.0619568151280975356e-06	-1.7198654243024102646e-05
8	5	4	-1.4407262733283801272e-05	8.4392340003430880578e-07	7.7553919323736095681e-06	5.1998929949441263939e-06	1.9120285551100590584e-05	-8.1877130437487758157e-06
8	5	5	-7.2454142528418327389e-06	-8.6072946686781238654e-06	1.2645638815220245062e-05	5.6576838307112214371e-06	-1.0529760106733131883e-06	8.1139876391737775945e-06
8	5	6	1.656280329936683245e-05	1.0239430586924939173e-05	-1.9771775832170277923e-05	-2.6773774442235135957e-05	-5.6072578723472099702e-06	8.6589045859626955295e-06
8	5	7	-1.1972671372646938003e-05	-7.6424074888386658904e-06	-1.0929362044455092465e-06	7.3363497938874246219e-06	1.4463721714771865442e-05	3.4939301344674579582e-06
8	5	8	5.0206408941963915279e-06	6.7004875338812370231e-06	-1.8902781326990939517e-05	-1.520883296991719907e-05	6.7935974351729452468e-06	2.8050330723170117601e-06
8	5	9	0	0	0	0	0	0
8	5	10	0	0	0	0	0	0
8	5	11	0	0	0	0	0	0
8	5	12	0	0	0	0	0	0
8	6	-12	0	0	0	0	0	0
8	6	-11	0	0	0	0	0	0
8	6	-10	0	0	0	0	0	0
8	6	-9	0	0	0	0	0	0
8	6	-8	-6.1225720889723531811e-06	-6.0616326704024455171e-06	1.7016647120095666112e-05	1.2135107556110386986e-05	6.6399132510993972496e-06	3.0396979966803447226e-06
8	6	-7	1.0416891904732886382e-05	-5.6334670026690000517e-06	-1.6182862200727787425e-05	1.5367165688049899621e-05	-1.9660054237862348086e-06	6.7336083009924856929e-06
8	6	-6	-5.9391318906642223575e-07	2.5097770247967394461e-05	4.4385799843181451246e-06	-2.118313358055342162e-05	3.6466957322295822848e-06	1.2280560083403103762e-05
8	6	-5	2.0200505636438595864e-05	1.7457172597803042218e-06	-2.5813500135667409889e-05	-3.4028075327366807098e-06	1.3446088555008574077e-06	-1.2902214236355301393e-06
8	6	-4	2.2512694299149054301e-05	1.1656325406738845391e-05	-2.8448846247480625123e-05	-1.7776067037827231551e-05	2.3521192270771709183e-06	-3.3514497432631548506e-06
8	6	-3	4.1572450758318777424e-06	4.443642244494011253e-06	-3.1469553440260474361e-06	1.8361370546001861951e-06	4.7920761808329135701e-06	1.5521986761184402822e-05
8	6	-2	2.2334836251101829787e-05	-5.7071979176133714239e-06	-3.1461822452537561588e-05	1.0664720517920434631e-05	-5.0461223532053715453e-06	9.1653698833078181985e-06
8	6	-1	1.9693946840536560752e-05	-2.0735592394684109e-05	-2.6021105793192386523e-05	2.5958517602697639046e-05	1.4249399651381507877e-06	-1.0133633541287047889e-05
8	6	0	7.1993474728523905207e-06	4.8543888114625661966e-06	-9.5991299638031884903e-06	-6.4725184152834221602e-06	7.5102737193596010295e-06	-7.826921944954154194e-06
8	6	1	-4.9696618823040378615e-06	-2.412425835471510832e-06	7.9175695832585717365e-06	1.4167770544399389576e-05	-7.7481224411191292214e-06	-6.5707216582624244027e-05
8	6	2	2.1869203197214284334e-06	9.773334058065934497e-06	-2.1467998133774958929e-06	-1.9373714950346083183e-05	-2.3072818387532264787e-06	1.902780861877451156e-05
8	6	3	9.422011457529436368e-06	-1.8278245003529200409e-05	-1.671357186577484145e-05	1.733926525662385365e-05	8.3017798448045203817e-06	1.4063456162830159326e-05
8	6	4	-3.7560002235353610116e-06	6.6883588671623611451e-06	1.9145694214706320343e-06	-1.3108203210274024179e-05	4.6401463148647739717e-06	6.2855870810863148253e-06
8	6	5	-7.7890229233256025586e-06	-2.0321328272959878706e-05	1.1340392042516368669e-05	3.63071158819472026e-05	-1.1460337736986773772e-06	-1.1054413821600838207e-05
8	6	6	-4.9968156818867602573e-06	8.7233587026935494112e-06	-1.7379590152158143877e-05	1.067247625446613868e-05	2.4042011061340490887e-05	-2.2303621191390870664e-05
8	6	7	-4.1578596329159040628e-06	-7.8140031250977165441e-06	4.5920728319776063159e-06	9.5405355934953001992e-06	8.1577715306594226826e-07	7.526873485442774981e-07
8	6	8	1.3176926190701378353e-06	-1.0937760933493309627e-05	-3.9904925077018677879e-06	9.539020142032205113e-06	1.6751767617062627938e-06	3.7834958269691553691e-06
8	6	9	0	0	0	0	0	0
8	6	10	0	0	0	0	0	0
8	6	11	0	0	0	0	0	0
8	6	12	0	0	0	0	0	0
8	7	-12	0	0	0	0	0	0
8	7	-11	0	0	0	0	0	0
8	7	-10	0	0	0	0	0	0
8	7	-9	0	0	0	0	0	0
8	7	-8	-6.1638021069098785374e-06	-2.9491193273155445229e-06	7.3743573885142075242e-06	-1.0760740964496311433e-05	2.8876060804005294041e-07	-1.2364767671249817874e-05
8	7	-7	-4.8782211641928722111e-06	5.3788684665599074492e-06	2.5427743799515643841e-06	5.0738474951929732104e-06	-3.0323355219831462303e-06	1.1221125742690011263e-05
8	7	-6	6.5856579463130193562e-06	-4.2401791784243992252e-06	-1.3121414171829310593e-06	1.351444822677704089e-05	7.2500456083706060274e-06	1.0113284026674014275e-05
8	7	-5	6.8907322632460236635e-07	2.9402240428775833061e-06	6.9252234564034855792e-06	9.5221507027287991871e-06	1.0797830001084243428e-05	1.8035369452424453168e-05
8	7	-4	-4.0838776976150516619e-06	-4.0532587616508834348e-06	8.9690332970810906924e-06	3.657634419849557058e-06	7.5280528746618036938e-06	-1.7056572885650426533e-06
8	7	-3	-1.8558246201014646287e-06	1.644816853353631798e-05	2.3924348588568256901e-06	-1.1970672216207884351e-05	6.3348235039535356121e-07	1.5930214251611784463e-05
8	7	-2	1.1063929186841678701e-05	-3.3956214560563535808e-06	-1.2314311865212185289e-05	4.0634442839155754298e-06	1.1556252191240612103e-06	6.3956916947909788102e-07
8	7	-1	2.5658426434838386239e-06	-3.039811889999690655e-05	-2.4861046850354950829e-06	3.8473792957373309195e-05	3.1240083526222451044e-06	2.613159950163792213e-05
8	7	0	-1.382987753662231952e-05	1.4268013347969523913e-05	1.5805574327568364682e-05	-1.6306300969108026845e-05	8.5171019962418696107e-06	6.3179155365612844008e-06
8	7	1	-8.7604179200729301818e-06	-2.8854956979706833514e-06	8.5437411571658144756e-06	1.9188273659568607292e-06	1.0277155260422741819e-05	9.6521740220674421304e-06
8	7	2	2.3782100456693375744e-06	4.36351735923368855e-06	2.7790665585558368083e-06	-4.1676182206778975613e-06	-1.9239573137622779974e-05	-2.8674056645621118882e-06
8	7	3	-1.5852576691287443065e-05	8.5818902736529111251e-07	1.8478781045847370663e-05	-3.1432536098959031496e-06	-8.436179302106876814e-07	5.0457543501163304843e-06
8	7	4	-4.1121633858034402324e-06	8.2836856360234746463e-06	-8.8243886671962382931e-06	-5.0591692697184609696e-06	2.3667006939200298325e-05	-7.7138250500396409018e-06
8	7	5	-4.8707543476732460415e-06	6.0181325979876654119e-06	-6.7791643359531104224e-06	-3.442015168145899521e-06	1.7284037026611546225e-05	-4.810190921376004398e-06
8	7	6	1.6131014123903911949e-05	1.4525909141909664401e-05	-3.9988531962404684156e-06	5.872926126976489476e-06	-1.6842690102924667329e-05	-2.6219626004018788422e-05
8	7	7	-1.0225649128306102775e-05	-5.9345856711400620973e-06	9.8259128965648638278e-06	1.1708760966617645934e-05	1.8605432500706823515e-06	-4.9263773424575732713e-06
8	7	8	1.909832008978715713e-05	1.9330593736823710939e-06	-1.2005811395917234444e-05	-2.40847962518336611e-06	-8.5932351183595763564e-06	1.7436029835307433179e-07
8	7	9	0	0	0	0	0	0
8	7	10	0	0	0	0	0	0
8	7	11	0	0	0	0	0	0
8	7	12	0	0	0	0	0	0
8	8	-12	0	0	0	0	0	0
8	8	-11	0	0	0	0	0	0
8	8	-10	0	0	0	0	0	0
8	8	-9	0	0	0	0	0	0
8	8	-8	-8.057273092326470358e-06	-5.5295086834138522584e-06	1.1156728411847409969e-05	2.8726021163106551371e-06	3.0994553195209400346e-06	-2.6569065671031971213e-06
8	8	-7	5.9130114195416978907e-06	-4.0627568618376058812e-06	-2.6129022774130154942e-06	7.8770967067631337536e-07	3.7715533052899227993e-06	-3.742911075612905237e-06
8	8	-6	-6.9959586120141842219e-06	5.3630967972863310992e-07	3.2861564867881420262e-06	-8.0485927111395374908e-06	-4.9464028336347234922e-06	-1.0016377375214538328e-05
8	8	-5	1.0622371526122362785e-05	-1.1590978631958182891e-05	-2.9660276473355484808e-07	-5.8940757010809389523e-06	1.6521230018222093461e-05	-2.7976086932862595627e-05
8	8	-4	8.8636469697868001759e-06	1.5698070415537148097e-05	-9.7592375293865991388e-06	-1.6673858902912911707e-05	-1.7911811191995983493e-06	-1.9515769747515310322e-06
8	8	-3	-1.2830915701516215588e-07	1.0899406002296027591e-05	2.6312069210491591607e-06	-1.9163339019477619175e-06	6.6743940374239919423e-06	2.3954858934262041796e-05
8	8	-2	-1.295457735984674173e-05	1.5728376518031033374e-05	1.2892296187399780957e-05	-2.1852649325342785649e-05	-2.4912468978784293258e-07	-2.449709122924700571e-05
8	8	-1	-4.4064326582176005986e-06	-1.4857172481094575722e-05	5.1884020885416759904e-06	1.4629887593672520962e-05	6.2557554425926048281e-06	-1.8182790993764452786e-06
8	8	0	-1.5731764481976321616e-05	-6.4059316399452227456e-06	1.5731764481976321616e-05	6.4059316399452227456e-06	1.3456939417018155315e-05	-1.3130653094416356308e-05
8	8	1	-2.6587703821077017086e-06	-1.0770784554096360106e-05	2.9841699088162104277e-07	1.0535614520422719123e-05	1.8882827129808648292e-05	1.8813602693891397238e-06
8	8	2	8.2317810801060284977e-07	-1.2000661101524640737e-05	1.8074853744552966686e-06	1.3255472559184306385e-05	-1.052265392986359765e-05	-5.0192458306386600529e-06
8	8	3	1.307816125057770721e-05	-3.3990845229888107641e-06	-7.6185599298238428886e-06	5.9028786390610320795e-06	-1.4558936855343638755e-05	-6.6767843095259235076e-06
8	8	4	1.3988728987797614304e-05	1.656062984694825206e-05	-8.7050283121240622496e-06	-1.3731568630297597277e-05	-1.0567401351347104109e-05	-5.6581224333013087203e-06
8	8	5	-1.9711356385098460316e-06	8.9793941944156465443e-06	5.6248501763978884615e-06	-2.0091823641303873234e-06	-5.8459432606208675491e-06	-1.115233892845641577e-05
8	8	6	-1.291879640300952283e-05	-2.1441355117174117734e-05	3.0780882828723154692e-06	1.5741365957640822599e-05	1.3120944160182943148e-05	7.5999855460443946429e-06
8	8	7	-6.0311801430736194726e-06	-1.3390041990382103951e-05	4.7024778765067697307e-06	1.1491591992635876926e-05	1.5185168760764000075e-06	2.1696571402814031011e-06
8	8	8	-3.0162580518140162469e-06	-9.7355993997702126202e-06	2.8538956790097895842e-06	5.373860277621569848e-06	1.6236237280422676852e-07	4.3617391221486419251e-06
8	8	9	0	0	0	0	0	0
8	8	10	0	0	0	0	0	0
8	8	11	0	0	0	0	0	0
8	8	12	0	0	0	0	0	0
8	9	-12	0	0	0	0	0	0
8	9	-11	0	0	0	0	0	0
8	9	-10	0	0	0	0	0	0
8	9	-9	0	0	0	0	0	0
8	9	-8	0	0	0	0	0	0
8	9	-7	0	0	0	0	0	0
8	9	-6	0	0	0	0	0	0
8	9	-5	0	0	0	0	0	0
8	9	-4	0	0	0	0	0	0
8	9	-3	0	0	0	0	0	0
8	9	-2	0	0	0	0	0	0
8	9	-1	0	0	0	0	0	0
8	9	0	0	0	0	0	0	0
8	9	1	0	0	0	0	0	0
8	9	2	0	0	0	0	0	0
8	9	3	0	0	0	0	0	0
8	9	4	0	0	0	0	0	0
8	9	5	0	0	0	0	0	0
8	9	6	0	0	0	0	0	0
8	9	7	0	0	0	0	0	0
8	9	8	0	0	0	0	0	0
8	9	9	0	0	0	0	0	0
8	9	10	0	0	0	0	0	0
8	9	11	0	0	0	0	0	0
8	9	12	0	0	0	0	0	0
8	10	-12	0	0	0	0	0	0
8	10	-11	0	0	0	0	0	0
8	10	-10	0	0	0	0	0	0
8	10	-9	0	0	0	0	0	0
8	10	-8	0	0	0	0	0	0
8	10	-7	0	0	0	0	0	0
8	10	-6	0	0	0	0	0	0
8	10	-5	0	0	0	0	0	0
8	10	-4	0	0	0	0	0	0
8	10	-3	0	0	0	0	0	0
8	10	-2	0	0	0	0	0	0
8	10	-1	0	0	0	0	0	0
8	10	0	0	0	0	0	0	0
8	10	1	0	0	0	0	0	0
8	10	2	0	0	0	0	0	0
8	10	3	0	0	0	0	0	0
8	10	4	0	0	0	0	0	0
8	10	5	0	0	0	0	0	0
8	10	6	0	0	0	0	0	0
8	10	7	0	0	0	0	0	0
8	10	8	0	0	0	0	0	0
8	10	9	0	0	0	0	0	0
8	10	10	0	0	0	0	0	0
8	10	11	0	0	0	0	0	0
8	10	12	0	0	0	0	0	0
8	11	-12	0	0	0	0	0	0
8	11	-11	0	0	0	0	0	0
8	11	-10	0	0	0	0	0	0
8	11	-9	0	0	0	0	0	0
8	11	-8	0	0	0	0	0	0
8	11	-7	0	0	0	0	0	0
8	11	-6	0	0	0	0	0	0
8	11	-5	0	0	0	0	0	0
8	11	-4	0	0	0	0	0	0
8	11	-3	0	0	0	0	0	0
8	11	-2	0	0	0	0	0	0
8	11	-1	0	0	0	0	0	0
8	11	0	0	0	0	0	0	0
8	11	1	0	0	0	0	0	0
8	11	2	0	0	0	0	0	0
8	11	3	0	0	0	0	0	0
8	11	4	0	0	0	0	0	0
8	11	5	0	0	0	0	0	0
8	11	6	0	0	0	0	0	0
8	11	7	0	0	0	0	0	0
8	11	8	0	0	0	0	0	0
8	11	9	0	0	0	0	0	0
8	11	10	0	0	0	0	0	0
8	11	11	0	0	0	0	0	0
8	11	12	0	0	0	0	0	0
8	12	-12	0	0	0	0	0	0
8	12	-11	0	0	0	0	0	0
8	12	-10	0	0	0	0	0	0
8	12	-9	0	0	0	0	0	0
8	12	-8	0	0	0	0	0	0
8	12	-7	0	0	0	0	0	0
8	12	-6	0	0	0	0	0	0
8	12	-5	0	0	0	0	0	0
8	12	-4	0	0	0	0	0	0
8	12	-3	0	0	0	0	0	0
8	12	-2	0	0	0	0	0	0
8	12	-1	0	0	0	0	0	0
8	12	0	0	0	0	0	0	0
8	12	1	0	0	0	0	0	0
8	12	2	0	0	0	0	0	0
8	12	3	0	0	0	0	0	0
8	12	4	0	0	0	0	0	0
8	12	5	0	0	0	0	0	0
8	12	6	0	0	0	0	0	0
8	12	7	0	0	0	0	0	0
8	12	8	0	0	0	0	0	0
8	12	9	0	0	0	0	0	0
8	12	10	0	0	0	0	0	0
8	12	11	0	0	0	0	0	0
8	12	12	0	0	0	0	0	0
9	-12	-12	0	0	0	0	0	0
9	-12	-11	0	0	0	0	0	0
9	-12	-10	0	0	0	0	0	0
9	-12	-9	0	0	0	0	0	0
9	-12	-8	0	0	0	0	0	0
9	-12	-7	0	0	0	0	0	0
9	-12	-6	0	0	0	0	0	0
9	-12	-5	0	0	0	0	0	0
9	-12	-4	0	0	0	0	0	0
9	-12	-3	0	0	0	0	0	0
9	-12	-2	0	0	0	0	0	0
9	-12	-1	0	0	0	0	0	0
9	-12	0	0	0	0	0	0	0
9	-12	1	0	0	0	0	0	0
9	-12	2	0	0	0	0	0	0
9	-12	3	0	0	0	0	0	0
9	-12	4	0	0	0	0	0	0
9	-12	5	0	0	0	0	0	0
9	-12	6	0	0	0	0	0	0
9	-12	7	0	0	0	0	0	0
9	-12	8	0	0	0	0	0	0
9	-12	9	0	0	0	0	0	0
9	-12	10	0	0	0	0	0	0
9	-12	11	0	0	0	0	0	0
9	-12	12	0	0	0	0	0	0
9	-11	-12	0	0	0	0	0	0
9	-11	-11	0	0	0	0	0	0
9	-11	-10	0	0	0	0	0	0
9	-11	-9	0	0	0	0	0	0
9	-11	-8	0	0	0	0	0	0
9	-11	-7	0	0	0	0	0	0
9	-11	-6	0	0	0	0	0	0
9	-11	-5	0	0	0	0	0	0
9	-11	-4	0	0	0	0	0	0
9	-11	-3	0	0	0	0	0	0
9	-11	-2	0	0	0	0	0	0
9	-11	-1	0	0	0	0	0	0
9	-11	0	0	0	0	0	0	0
9	-11	1	0	0	0	0	0	0
9	-11	2	0	0	0	0	0	0
9	-11	3	0	0	0	0	0	0
9	-11	4	0	0	0	0	0	0
9	-11	5	0	0	0	0	0	0
9	-11	6	0	0	0	0	0	0
9	-11	7	0	0	0	0	0	0
9	-11	8	0	0	0	0	0	0
9	-11	9	0	0	0	0	0	0
9	-11	10	0	0	0	0	0	0
9	-11	11	0	0	0	0	0	0
9	-11	12	0	0	0	0	0	0
9	-10	-12	0	0	0	0	0	0
9	-10	-11	0	0	0	0	0	0
9	-10	-10	0	0	0	0	0	0
9	-10	-9	0	0	0	0	0	0
9	-10	-8	0	0	0	0	0	0
9	-10	-7	0	0	0	0	0	0
9	-10	-6	0	0	0	0	0	0
9	-10	-5	0	0	0	0	0	0
9	-10	-4	0	0	0	0	0	0
9	-10	-3	0	0	0	0	0	0
9	-10	-2	0	0	0	0	0	0
9	-10	-1	0	0	0	0	0	0
9	-10	0	0	0	0	0	0	0
9	-10	1	0	0	0	0	0	0
9	-10	2	0	0	0	0	0	0
9	-10	3	0	0	0	0	0	0
9	-10	4	0	0	0	0	0	0
9	-10	5	0	0	0	0	0	0
9	-10	6	0	0	0	0	0	0
9	-10	7	0	0	0	0	0	0
9	-10	8	0	0	0	0	0	0
9	-10	9	0	0	0	0	0	0
9	-10	10	0	0	0	0	0	0
9	-10	11	0	0	0	0	0	0
9	-10	12	0	0	0	0	0	0
9	-9	-12	0	0	0	0	0	0
9	-9	-11	0	0	0	0	0	0
9	-9	-10	0	0	0	0	0	0
9	-9	-9	0	0	0	0	0	0
9	-9	-8	0	0	0	0	0	0
9	-9	-7	0	0	0	0	0	0
9	-9	-6	0	0	0	0	0	0
9	-9	-5	0	0	0	0	0	0
9	-9	-4	0	0	0	0	0	0
9	-9	-3	0	0	0	0	0	0
9	-9	-2	0	0	0	0	0	0
9	-9	-1	0	0	0	0	0	0
9	-9	0	0	0	0	0	0	0
9	-9	1	0	0	0	0	0	0
9	-9	2	0	0	0	0	0	0
9	-9	3	0	0	0	0	0	0
9	-9	4	0	0	0	0	0	0
9	-9	5	0	0	0	0	0	0
9	-9	6	0	0	0	0	0	0
9	-9	7	0	0	0	0	0	0
9	-9	8	0	0	0	0	0	0
9	-9	9	0	0	0	0	0	0
9	-9	10	0	0	0	0	0	0
9	-9	11	0	0	0	0	0	0
9	-9	12	0	0	0	0	0	0
9	-8	-12	0	0	0	0	0	0
9	-8	-11	0	0	0	0	0	0
9	-8	-10	0	0	0	0	0	0
9	-8	-9	0	0	0	0	0	0
9	-8	-8	0	0	0	0	0	0
9	-8	-7	0	0	0	0	0	0
9	-8	-6	0	0	0	0	0	0
9	-8	-5	0	0	0	0	0	0
9	-8	-4	0	0	0	0	0	0
9	-8	-3	0	0	0	0	0	0
9	-8	-2	0	0	0	0	0	0
9	-8	-1	0	0	0	0	0	0
9	-8	0	0	0	0	0	0	0
9	-8	1	0	0	0	0	0	0
9	-8	2	0	0	0	0	0	0
9	-8	3	0	0	0	0	0	0
9	-8	4	0	0	0	0	0	0
9	-8	5	0	0	0	0	0	0
9	-8	6	0	0	0	0	0	0
9	-8	7	0	0	0	0	0	0
9	-8	8	0	0	0	0	0	0
9	-8	9	0	0	0	0	0	0
9	-8	10	0	0	0	0	0	0
9	-8	11	0	0	0	0	0	0
9	-8	12	0	0	0	0	0	0
9	-7	-12	0	0	0	0	0	0
9	-7	-11	0	0	0	0	0	0
9	-7	-10	0	0	0	0	0	0
9	-7	-9	0	0	0	0	0	0
9	-7	-8	0	0	0	0	0	0
9	-7	-7	0	0	0	0	0	0
9	-7	-6	0	0	0	0	0	0
9	-7	-5	0	0	0	0	0	0
9	-7	-4	0	0	0	0	0	0
9	-7	-3	0	0	0	0	0	0
9	-7	-2	0	0	0	0	0	0
9	-7	-1	0	0	0	0	0	0
9	-7	0	0	0	0	0	0	0
9	-7	1	0	0	0	0	0	0
9	-7	2	0	0	0	0	0	0
9	-7	3	0	0	0	0	0	0
9	-7	4	0	0	0	0	0	0
9	-7	5	0	0	0	0	0	0
9	-7	6	0	0	0	0	0	0
9	-7	7	0	0	0	0	0	0
9	-7	8	0	0	0	0	0	0
9	-7	9	0	0	0	0	0	0
9	-7	10	0	0	0	0	0	0
9	-7	11	0	0	0	0	0	0
9	-7	12	0	0	0	0	0	0
9	-6	-12	0	0	0	0	0	0
9	-6	-11	0	0	0	0	0	0
9	-6	-10	0	0	0	0	0	0
9	-6	-9	0	0	0	0	0	0
9	-6	-8	0	0	0	0	0	0
9	-6	-7	0	0	0	0	0	0
9	-6	-6	0	0	0	0	0	0
9	-6	-5	0	0	0	0	0	0
9	-6	-4	0	0	0	0	0	0
9	-6	-3	0	0	0	0	0	0
9	-6	-2	0	0	0	0	0	0
9	-6	-1	0	0	0	0	0	0
9	-6	0	0	0	0	0	0	0
9	-6	1	0	0	0	0	0	0
9	-6	2	0	0	0	0	0	0
9	-6	3	0	0	0	0	0	0
9	-6	4	0	0	0	0	0	0
9	-6	5	0	0	0	0	0	0
9	-6	6	0	0	0	0	0	0
9	-6	7	0	0	0	0	0	0
9	-6	8	0	0	0	0	0	0
9	-6	9	0	0	0	0	0	0
9	-6	10	0	0	0	0	0	0
9	-6	11	0	0	0	0	0	0
9	-6	12	0	0	0	0	0	0
9	-5	-12	0	0	0	0	0	0
9	-5	-11	0	0	0	0	0	0
9	-5	-10	0	0	0	0	0	0
9	-5	-9	0	0	0	0	0	0
9	-5	-8	0	0	0	0	0	0
9	-5	-7	0	0	0	0	0	0
9	-5	-6	0	0	0	0	0	0
9	-5	-5	0	0	0	0	0	0
9	-5	-4	0	0	0	0	0	0
9	-5	-3	0	0	0	0	0	0
9	-5	-2	0	0	0	0	0	0
9	-5	-1	0	0	0	0	0	0
9	-5	0	0	0	0	0	0	0
9	-5	1	0	0	0	0	0	0
9	-5	2	0	0	0	0	0	0
9	-5	3	0	0	0	0	0	0
9	-5	4	0	0	0	0	0	0
9	-5	5	0	0	0	0	0	0
9	-5	6	0	0	0	0	0	0
9	-5	7	0	0	0	0	0	0
9	-5	8	0	0	0	0	0	0
9	-5	9	0	0	0	0	0	0
9	-5	10	0	0	0	0	0	0
9	-5	11	0	0	0	0	0	0
9	-5	12	0	0	0	0	0	0
9	-4	-12	0	0	0	0	0	0
9	-4	-11	0	0	0	0	0	0
9	-4	-10	0	0	0	0	0	0
9	-4	-9	0	0	0	0	0	0
9	-4	-8	0	0	0	0	0	0
9	-4	-7	0	0	0	0	0	0
9	-4	-6	0	0	0	0	0	0
9	-4	-5	0	0	0	0	0	0
9	-4	-4	0	0	0	0	0	0
9	-4	-3	0	0	0	0	0	0
9	-4	-2	0	0	0	0	0	0
9	-4	-1	0	0	0	0	0	0
9	-4	0	0	0	0	0	0	0
9	-4	1	0	0	0	0	0	0
9	-4	2	0	0	0	0	0	0
9	-4	3	0	0	0	0	0	0
9	-4	4	0	0	0	0	0	0
9	-4	5	0	0	0	0	0	0
9	-4	6	0	0	0	0	0	0
9	-4	7	0	0	0	0	0	0
9	-4	8	0	0	0	0	0	0
9	-4	9	0	0	0	0	0	0
9	-4	10	0	0	0	0	0	0
9	-4	11	0	0	0	0	0	0
9	-4	12	0	0	0	0	0	0
9	-3	-12	0	0	0	0	0	0
9	-3	-11	0	0	0	0	0	0
9	-3	-10	0	0	0	0	0	0
9	-3	-9	0	0	0	0	0	0
9	-3	-8	0	0	0	0	0	0
9	-3	-7	0	0	0	0	0	0
9	-3	-6	0	0	0	0	0	0
9	-3	-5	0	0	0	0	0	0
9	-3	-4	0	0	0	0	0	0
9	-3	-3	0	0	0	0	0	0
9	-3	-2	0	0	0	0	0	0
9	-3	-1	0	0	0	0	0	0
9	-3	0	0	0	0	0	0	0
9	-3	1	0	0	0	0	0	0
9	-3	2	0	0	0	0	0	0
9	-3	3	0	0	0	0	0	0
9	-3	4	0	0	0	0	0	0
9	-3	5	0	0	0	0	0	0
9	-3	6	0	0	0	0	0	0
9	-3	7	0	0	0	0	0	0
9	-3	8	0	0	0	0	0	0
9	-3	9	0	0	0	0	0	0
9	-3	10	0	0	0	0	0	0
9	-3	11	0	0	0	0	0	0
9	-3	12	0	0	0	0	0	0
9	-2	-12	0	0	0	0	0	0
9	-2	-11	0	0	0	0	0	0
9	-2	-10	0	0	0	0	0	0
9	-2	-9	0	0	0	0	0	0
9	-2	-8	0	0	0	0	0	0
9	-2	-7	0	0	0	0	0	0
9	-2	-6	0	0	0	0	0	0
9	-2	-5	0	0	0	0	0	0
9	-2	-4	0	0	0	0	0	0
9	-2	-3	0	0	0	0	0	0
9	-2	-2	0	0	0	0	0	0
9	-2	-1	0	0	0	0	0	0
9	-2	0	0	0	0	0	0	0
9	-2	1	0	0	0	0	0	0
9	-2	2	0	0	0	0	0	0
9	-2	3	0	0	0	0	0	0
9	-2	4	0	0	0	0	0	0
9	-2	5	0	0	0	0	0	0
9	-2	6	0	0	0	0	0	0
9	-2	7	0	0	0	0	0	0
9	-2	8	0	0	0	0	0	0
9	-2	9	0	0	0	0	0	0
9	-2	10	0	0	0	0	0	0
9	-2	11	0	0	0	0	0	0
9	-2	12	0	0	0	0	0	0
9	-1	-12	0	0	0	0	0	0
9	-1	-11	0	0	0	0	0	0
9	-1	-10	0	0	0	0	0	0
9	-1	-9	0	0	0	0	0	0
9	-1	-8	0	0	0	0	0	0
9	-1	-7	0	0	0	0	0	0
9	-1	-6	0	0	0	0	0	0
9	-1	-5	0	0	0	0	0	0
9	-1	-4	0	0	0	0	0	0
9	-1	-3	0	0	0	0	0	0
9	-1	-2	0	0	0	0	0	0
9	-1	-1	0	0	0	0	0	0
9	-1	0	0	0	0	0	0	0
9	-1	1	0	0	0	0	0	0
9	-1	2	0	0	0	0	0	0
9	-1	3	0	0	0	0	0	0
9	-1	4	0	0	0	0	0	0
9	-1	5	0	0	0	0	0	0
9	-1	6	0	0	0	0	0	0
9	-1	7	0	0	0	0	0	0
9	-1	8	0	0	0	0	0	0
9	-1	9	0	0	0	0	0	0
9	-1	10	0	0	0	0	0	0
9	-1	11	0	0	0	0	0	0
9	-1	12	0	0	0	0	0	0
9	0	-12	0	0	0	0	0	0
9	0	-11	0	0	0	0	0	0
9	0	-10	0	0	0	0	0	0
9	0	-9	0	0	0	0	0	0
9	0	-8	0	0	0	0	0	0
9	0	-7	0	0	0	0	0	0
9	0	-6	0	0	0	0	0	0
9	0	-5	0	0	0	0	0	0
9	0	-4	0	0	0	0	0	0
9	0	-3	0	0	0	0	0	0
9	0	-2	0	0	0	0	0	0
9	0	-1	0	0	0	0	0	0
9	0	0	0	0	0	0	0	0
9	0	1	0	0	0	0	0	0
9	0	2	0	0	0	0	0	0
9	0	3	0	0	0	0	0	0
9	0	4	0	0	0	0	0	0
9	0	5	0	0	0	0	0	0
9	0	6	0	0	0	0	0	0
9	0	7	0	0	0	0	0	0
9	0	8	0	0	0	0	0	0
9	0	9	0	0	0	0	0	0
9	0	10	0	0	0	0	0	0
9	0	11	0	0	0	0	0	0
9	0	12	0	0	0	0	0	0
9	1	-12	0	0	0	0	0	0
9	1	-11	0	0	0	0	0	0
9	1	-10	0	0	0	0	0	0
9	1	-9	0	0	0	0	0	0
9	1	-8	0	0	0	0	0	0
9	1	-7	0	0	0	0	0	0
9	1	-6	0	0	0	0	0	0
9	1	-5	0	0	0	0	0	0
9	1	-4	0	0	0	0	0	0
9	1	-3	0	0	0	0	0	0
9	1	-2	0	0	0	0	0	0
9	1	-1	0	0	0	0	0	0
9	1	0	0	0	0	0	0	0
9	1	1	0	0	0	0	0	0
9	1	2	0	0	0	0	0	0
9	1	3	0	0	0	0	0	0
9	1	4	0	0	0	0	0	0
9	1	5	0	0	0	0	0	0
9	1	6	0	0	0	0	0	0
9	1	7	0	0	0	0	0	0
9	1	8	0	0	0	0	0	0
9	1	9	0	0	0	0	0	0
9	1	10	0	0	0	0	0	0
9	1	11	0	0	0	0	0	0
9	1	12	0	0	0	0	0	0
9	2	-12	0	0	0	0	0	0
9	2	-11	0	0	0	0	0	0
9	2	-10	0	0	0	0	0	0
9	2	-9	0	0	0	0	0	0
9	2	-8	0	0	0	0	0	0
9	2	-7	0	0	0	0	0	0
9	2	-6	0	0	0	0	0	0
9	2	-5	0	0	0	0	0	0
9	2	-4	0	0	0	0	0	0
9	2	-3	0	0	0	0	0	0
9	2	-2	0	0	0	0	0	0
9	2	-1	0	0	0	0	0	0
9	2	0	0	0	0	0	0	0
9	2	1	0	0	0	0	0	0
9	2	2	0	0	0	0	0	0
9	2	3	0	0	0	0	0	0
9	2	4	0	0	0	0	0	0
9	2	5	0	0	0	0	0	0
9	2	6	0	0	0	0	0	0
9	2	7	0	0	0	0	0	0
9	2	8	0	0	0	0	0	0
9	2	9	0	0	0	0	0	0
9	2	10	0	0	0	0	0	0
9	2	11	0	0	0	0	0	0
9	2	12	0	0	0	0	0	0
9	3	-12	0	0	0	0	0	0
9	3	-11	0	0	0	0	0	0
9	3	-10	0	0	0	0	0	0
9	3	-9	0	0	0	0	0	0
9	3	-8	0	0	0	0	0	0
9	3	-7	0	0	0	0	0	0
9	3	-6	0	0	0	0	0	0
9	3	-5	0	0	0	0	0	0
9	3	-4	0	0	0	0	0	0
9	3	-3	0	0	0	0	0	0
9	3	-2	0	0	0	0	0	0
9	3	-1	0	0	0	0	0	0
9	3	0	0	0	0	0	0	0
9	3	1	0	0	0	0	0	0
9	3	2	0	0	0	0	0	0
9	3	3	0	0	0	0	0	0
9	3	4	0	0	0	0	0	0
9	3	5	0	0	0	0	0	0
9	3	6	0	0	0	0	0	0
9	3	7	0	0	0	0	0	0
9	3	8	0	0	0	0	0	0
9	3	9	0	0	0	0	0	0
9	3	10	0	0	0	0	0	0
9	3	11	0	0	0	0	0	0
9	3	12	0	0	0	0	0	0
9	4	-12	0	0	0	0	0	0
9	4	-11	0	0	0	0	0	0
9	4	-10	0	0	0	0	0	0
9	4	-9	0	0	0	0	0	0
9	4	-8	0	0	0	0	0	0
9	4	-7	0	0	0	0	0	0
9	4	-6	0	0	0	0	0	0
9	4	-5	0	0	0	0	0	0
9	4	-4	0	0	0	0	0	0
9	4	-3	0	0	0	0	0	0
9	4	-2	0	0	0	0	0	0
9	4	-1	0	0	0	0	0	0
9	4	0	0	0	0	0	0	0
9	4	1	0	0	0	0	0	0
9	4	2	0	0	0	0	0	0
9	4	3	0	0	0	0	0	0
9	4	4	0	0	0	0	0	0
9	4	5	0	0	0	0	0	0
9	4	6	0	0	0	0	0	0
9	4	7	0	0	0	0	0	0
9	4	8	0	0	0	0	0	0
9	4	9	0	0	0	0	0	0
9	4	10	0	0	0	0	0	0
9	4	11	0	0	0	0	0	0
9	4	12	0	0	0	0	0	0
9	5	-12	0	0	0	0	0	0
9	5	-11	0	0	0	0	0	0
9	5	-10	0	0	0	0	0	0
9	5	-9	0	0	0	0	0	0
9	5	-8	0	0	0	0	0	0
9	5	-7	0	0	0	0	0	0
9	5	-6	0	0	0	0	0	0
9	5	-5	0	0	0	0	0	0
9	5	-4	0	0	0	0	0	0
9	5	-3	0	0	0	0	0	0
9	5	-2	0	0	0	0	0	0
9	5	-1	0	0	0	0	0	0
9	5	0	0	0	0	0	0	0
9	5	1	0	0	0	0	0	0
9	5	2	0	0	0	0	0	0
9	5	3	0	0	0	0	0	0
9	5	4	0	0	0	0	0	0
9	5	5	0	0	0	0	0	0
9	5	6	0	0	0	0	0	0
9	5	7	0	0	0	0	0	0
9	5	8	0	0	0	0	0	0
9	5	9	0	0	0	0	0	0
9	5	10	0	0	0	0	0	0
9	5	11	0	0	0	0	0	0
9	5	12	0	0	0	0	0	0
9	6	-12	0	0	0	0	0	0
9	6	-11	0	0	0	0	0	0
9	6	-10	0	0	0	0	0	0
9	6	-9	0	0	0	0	0	0
9	6	-8	0	0	0	0	0	0
9	6	-7	0	0	0	0	0	0
9	6	-6	0	0	0	0	0	0
9	6	-5	0	0	0	0	0	0
9	6	-4	0	0	0	0	0	0
9	6	-3	0	0	0	0	0	0
9	6	-2	0	0	0	0	0	0
9	6	-1	0	0	0	0	0	0
9	6	0	0	0	0	0	0	0
9	6	1	0	0	0	0	0	0
9	6	2	0	0	0	0	0	0
9	6	3	0	0	0	0	0	0
9	6	4	0	0	0	0	0	0
9	6	5	0	0	0	0	0	0
9	6	6	0	0	0	0	0	0
9	6	7	0	0	0	0	0	0
9	6	8	0	0	0	0	0	0
9	6	9	0	0	0	0	0	0
9	6	10	0	0	0	0	0	0
9	6	11	0	0	0	0	0	0
9	6	12	0	0	0	0	0	0
9	7	-12	0	0	0	0	0	0
9	7	-11	0	0	0	0	0	0
9	7	-10	0	0	0	0	0	0
9	7	-9	0	0	0	0	0	0
9	7	-8	0	0	0	0	0	0
9	7	-7	0	0	0	0	0	0
9	7	-6	0	0	0	0	0	0
9	7	-5	0	0	0	0	0	0
9	7	-4	0	0	0	0	0	0
9	7	-3	0	0	0	0	0	0
9	7	-2	0	0	0	0	0	0
9	7	-1	0	0	0	0	0	0
9	7	0	0	0	0	0	0	0
9	7	1	0	0	0	0	0	0
9	7	2	0	0	0	0	0	0
9	7	3	0	0	0	0	0	0
9	7	4	0	0	0	0	0	0
9	7	5	0	0	0	0	0	0
9	7	6	0	0	0	0	0	0
9	7	7	0	0	0	0	0	0
9	7	8	0	0	0	0	0	0
9	7	9	0	0	0	0	0	0
9	7	10	0	0	0	0	0	0
9	7	11	0	0	0	0	0	0
9	7	12	0	0	0	0	0	0
9	8	-12	0	0	0	0	0	0
9	8	-11	0	0	0	0	0	0
9	8	-10	0	0	0	0	0	0
9	8	-9	0	0	0	0	0	0
9	8	-8	0	0	0	0	0	0
9	8	-7	0	0	0	0	0	0
9	8	-6	0	0	0	0	0	0
9	8	-5	0	0	0	0	0	0
9	8	-4	0	0	0	0	0	0
9	8	-3	0	0	0	0	0	0
9	8	-2	0	0	0	0	0	0
9	8	-1	0	0	0	0	0	0
9	8	0	0	0	0	0	0	0
9	8	1	0	0	0	0	0	0
9	8	2	0	0	0	0	0	0
9	8	3	0	0	0	0	0	0
9	8	4	0	0	0	0	0	0
9	8	5	0	0	0	0	0	0
9	8	6	0	0	0	0	0	0
9	8	7	0	0	0	0	0	0
9	8	8	0	0	0	0	0	0
9	8	9	0	0	0	0	0	0
9	8	10	0	0	0	0	0	0
9	8	11	0	0	0	0	0	0
9	8	12	0	0	0	0	0	0
9	9	-12	0	0	0	0	0	0
9	9	-11	0	0	0	0	0	0
9	9	-10	0	0	0	0	0	0
9	9	-9	0	0	0	0	0	0
9	9	-8	0	0	0	0	0	0
9	9	-7	0	0	0	0	0	0
9	9	-6	0	0	0	0	0	0
9	9	-5	0	0	0	0	0	0
9	9	-4	0	0	0	0	0	0
9	9	-3	0	0	0	0	0	0
9	9	-2	0	0	0	0	0	0
9	9	-1	0	0	0	0	0	0
9	9	0	0	0	0	0	0	0
9	9	1	0	0	0	0	0	0
9	9	2	0	0	0	0	0	0
9	9	3	0	0	0	0	0	0
9	9	4	0	0	0	0	0	0
9	9	5	0	0	0	0	0	0
9	9	6	0	0	0	0	0	0
9	9	7	0	0	0	0	0	0
9	9	8	0	0	0	0	0	0
9	9	9	0	0	0	0	0	0
9	9	10	0	0	0	0	0	0
9	9	11	0	0	0	0	0	0
9	9	12	0	0	0	0	0	0
9	10	-12	0	0	0	0	0	0
9	10	-11	0	0	0	0	0	0
9	10	-10	0	0	0	0	0	0
9	10	-9	0	0	0	0	0	0
9	10	-8	0	0	0	0	0	0
9	10	-7	0	0	0	0	0	0
9	10	-6	0	0	0	0	0	0
9	10	-5	0	0	0	0	0	0
9	10	-4	0	0	0	0	0	0
9	10	-3	0	0	0	0	0	0
9	10	-2	0	0	0	0	0	0
9	10	-1	0	0	0	0	0	0
9	10	0	0	0	0	0	0	0
9	10	1	0	0	0	0	0	0
9	10	2	0	0	0	0	0	0
9	10	3	0	0	0	0	0	0
9	10	4	0	0	0	0	0	0
9	10	5	0	0	0	0	0	0
9	10	6	0	0	0	0	0	0
9	10	7	0	0	0	0	0	0
9	10	8	0	0	0	0	0	0
9	10	9	0	0	0	0	0	0
9	10	10	0	0	0	0	0	0
9	10	11	0	0	0	0	0	0
9	10	12	0	0	0	0	0	0
9	11	-12	0	0	0	0	0	0
9	11	-11	0	0	0	0	0	0
9	11	-10	0	0	0	0	0	0
9	11	-9	0	0	0	0	0	0
9	11	-8	0	0	0	0	0	0
9	11	-7	0	0	0	0	0	0
9	11	-6	0	0	0	0	0	0
9	11	-5	0	0	0	0	0	0
9	11	-4	0	0	0	0	0	0
9	11	-3	0	0	0	0	0	0
9	11	-2	0	0	0	0	0	0
9	11	-1	0	0	0	0	0	0
9	11	0	0	0	0	0	0	0
9	11	1	0	0	0	0	0	0
9	11	2	0	0	0	0	0	0
9	11	3	0	0	0	0	0	0
9	11	4	0	0	0	0	0	0
9	11	5	0	0	0	0	0	0
9	11	6	0	0	0	0	0	0
9	11	7	0	0	0	0	0	0
9	11	8	0	0	0	0	0	0
9	11	9	0	0	0	0	0	0
9	11	10	0	0	0	0	0	0
9	11	11	0	0	0	0	0	0
9	11	12	0	0	0	0	0	0
9	12	-12	0	0	0	0	0	0
9	12	-11	0	0	0	0	0	0
9	12	-10	0	0	0	0	0	0
9	12	-9	0	0	0	0	0	0
9	12	-8	0	0	0	0	0	0
9	12	-7	0	0	0	0	0	0
9	12	-6	0	0	0	0	0	0
9	12	-5	0	0	0	0	0	0
9	12	-4	0	0	0	0	0	0
9	12	-3	0	0	0	0	0	0
9	12	-2	0	0	0	0	0	0
9	12	-1	0	0	0	0	0	0
9	12	0	0	0	0	0	0	0
9	12	1	0	0	0	0	0	0
9	12	2	0	0	0	0	0	0
9	12	3	0	0	0	0	0	0
9	12	4	0	0	0	0	0	0
9	12	5	0	0	0	0	0	0
9	12	6	0	0	0	0	0	0
9	12	7	0	0	0	0	0	0
9	12	8	0	0	0	0	0	0
9	12	9	0	0	0	0	0	0
9	12	10	0	0	0	0	0	0
9	12	11	0	0	0	0	0	0
9	12	12	0	0	0	0	0	0
10	-12	-12	0	0	0	0	0	0
10	-12	-11	0	0	0	0	0	0
10	-12	-10	0	0	0	0	0	0
10	-12	-9	0	0	0	0	0	0
10	-12	-8	0	0	0	0	0	0
10	-12	-7	0	0	0	0	0	0
10	-12	-6	0	0	0	0	0	0
10	-12	-5	0	0	0	0	0	0
10	-12	-4	0	0	0	0	0	0
10	-12	-3	0	0	0	0	0	0
10	-12	-2	0	0	0	0	0	0
10	-12	-1	0	0	0	0	0	0
10	-12	0	0	0	0	0	0	0
10	-12	1	0	0	0	0	0	0
10	-12	2	0	0	0	0	0	0
10	-12	3	0	0	0	0	0	0
10	-12	4	0	0	0	0	0	0
10	-12	5	0	0	0	0	0	0
10	-12	6	0	0	0	0	0	0
10	-12	7	0	0	0	0	0	0
10	-12	8	0	0	0	0	0	0
10	-12	9	0	0	0	0	0	0
10	-12	10	0	0	0	0	0	0
10	-12	11	0	0	0	0	0	0
10	-12	12	0	0	0	0	0	0
10	-11	-12	0	0	0	0	0	0
10	-11	-11	0	0	0	0	0	0
10	-11	-10	0	0	0	0	0	0
10	-11	-9	0	0	0	0	0	0
10	-11	-8	0	0	0	0	0	0
10	-11	-7	0	0	0	0	0	0
10	-11	-6	0	0	0	0	0	0
10	-11	-5	0	0	0	0	0	0
10	-11	-4	0	0	0	0	0	0
10	-11	-3	0	0	0	0	0	0
10	-11	-2	0	0	0	0	0	0
10	-11	-1	0	0	0	0	0	0
10	-11	0	0	0	0	0	0	0
10	-11	1	0	0	0	0	0	0
10	-11	2	0	0	0	0	0	0
10	-11	3	0	0	0	0	0	0
10	-11	4	0	0	0	0	0	0
10	-11	5	0	0	0	0	0	0
10	-11	6	0	0	0	0	0	0
10	-11	7	0	0	0	0	0	0
10	-11	8	0	0	0	0	0	0
10	-11	9	0	0	0	0	0	0
10	-11	10	0	0	0	0	0	0
10	-11	11	0	0	0	0	0	0
10	-11	12	0	0	0	0	0	0
10	-10	-12	0	0	0	0	0	0
10	-10	-11	0	0	0	0	0	0
10	-10	-10	0	0	0	0	0	0
10	-10	-9	0	0	0	0	0	0
10	-10	-8	0	0	0	0	0	0
10	-10	-7	0	0	0	0	0	0
10	-10	-6	0	0	0	0	0	0
10	-10	-5	0	0	0	0	0	0
10	-10	-4	0	0	0	0	0	0
10	-10	-3	0	0	0	0	0	0
10	-10	-2	0	0	0	0	0	0
10	-10	-1	0	0	0	0	0	0
10	-10	0	0	0	0	0	0	0
10	-10	1	0	0	0	0	0	0
10	-10	2	0	0	0	0	0	0
10	-10	3	0	0	0	0	0	0
10	-10	4	0	0	0	0	0	0
10	-10	5	0	0	0	0	0	0
10	-10	6	0	0	0	0	0	0
10	-10	7	0	0	0	0	0	0
10	-10	8	0	0	0	0	0	0
10	-10	9	0	0	0	0	0	0
10	-10	10	0	0	0	0	0	0
10	-10	11	0	0	0	0	0	0
10	-10	12	0	0	0	0	0	0
10	-9	-12	0	0	0	0	0	0
10	-9	-11	0	0	0	0	0	0
10	-9	-10	0	0	0	0	0	0
10	-9	-9	0	0	0	0	0	0
10	-9	-8	0	0	0	0	0	0
10	-9	-7	0	0	0	0	0	0
10	-9	-6	0	0	0	0	0	0
10	-9	-5	0	0	0	0	0	0
10	-9	-4	0	0	0	0	0	0
10	-9	-3	0	0	0	0	0	0
10	-9	-2	0	0	0	0	0	0
10	-9	-1	0	0	0	0	0	0
10	-9	0	0	0	0	0	0	0
10	-9	1	0	0	0	0	0	0
10	-9	2	0	0	0	0	0	0
10	-9	3	0	0	0	0	0	0
10	-9	4	0	0	0	0	0	0
10	-9	5	0	0	0	0	0	0
10	-9	6	0	0	0	0	0	0
10	-9	7	0	0	0	0	0	0
10	-9	8	0	0	0	0	0	0
10	-9	9	0	0	0	0	0	0
10	-9	10	0	0	0	0	0	0
10	-9	11	0	0	0	0	0	0
10	-9	12	0	0	0	0	0	0
10	-8	-12	0	0	0	0	0	0
10	-8	-11	0	0	0	0	0	0
10	-8	-10	0	0	0	0	0	0
10	-8	-9	0	0	0	0	0	0
10	-8	-8	0	0	0	0	0	0
10	-8	-7	0	0	0	0	0	0
10	-8	-6	0	0	0	0	0	0
10	-8	-5	0	0	0	0	0	0
10	-8	-4	0	0	0	0	0	0
10	-8	-3	0	0	0	0	0	0
10	-8	-2	0	0	0	0	0	0
10	-8	-1	0	0	0	0	0	0
10	-8	0	0	0	0	0	0	0
10	-8	1	0	0	0	0	0	0
10	-8	2	0	0	0	0	0	0
10	-8	3	0	0	0	0	0	0
10	-8	4	0	0	0	0	0	0
10	-8	5	0	0	0	0	0	0
10	-8	6	0	0	0	0	0	0
10	-8	7	0	0	0	0	0	0
10	-8	8	0	0	0	0	0	0
10	-8	9	0	0	0	0	0	0
10	-8	10	0	0	0	0	0	0
10	-8	11	0	0	0	0	0	0
10	-8	12	0	0	0	0	0	0
10	-7	-12	0	0	0	0	0	0
10	-7	-11	0	0	0	0	0	0
10	-7	-10	0	0	0	0	0	0
10	-7	-9	0	0	0	0	0	0
10	-7	-8	0	0	0	0	0	0
10	-7	-7	0	0	0	0	0	0
10	-7	-6	0	0	0	0	0	0
10	-7	-5	0	0	0	0	0	0
10	-7	-4	0	0	0	0	0	0
10	-7	-3	0	0	0	0	0	0
10	-7	-2	0	0	0	0	0	0
10	-7	-1	0	0	0	0	0	0
10	-7	0	0	0	0	0	0	0
10	-7	1	0	0	0	0	0	0
10	-7	2	0	0	0	0	0	0
10	-7	3	0	0	0	0	0	0
10	-7	4	0	0	0	0	0	0
10	-7	5	0	0	0	0	0	0
10	-7	6	0	0	0	0	0	0
10	-7	7	0	0	0	0	0	0
10	-7	8	0	0	0	0	0	0
10	-7	9	0	0	0	0	0	0
10	-7	10	0	0	0	0	0	0
10	-7	11	0	0	0	0	0	0
10	-7	12	0	0	0	0	0	0
10	-6	-12	0	0	0	0	0	0
10	-6	-11	0	0	0	0	0	0
10	-6	-10	0	0	0	0	0	0
10	-6	-9	0	0	0	0	0	0
10	-6	-8	0	0	0	0	0	0
10	-6	-7	0	0	0	0	0	0
10	-6	-6	0	0	0	0	0	0
10	-6	-5	0	0	0	0	0	0
10	-6	-4	0	0	0	0	0	0
10	-6	-3	0	0	0	0	0	0
10	-6	-2	0	0	0	0	0	0
10	-6	-1	0	0	0	0	0	0
10	-6	0	0	0	0	0	0	0
10	-6	1	0	0	0	0	0	0
10	-6	2	0	0	0	0	0	0
10	-6	3	0	0	0	0	0	0
10	-6	4	0	0	0	0	0	0
10	-6	5	0	0	0	0	0	0
10	-6	6	0	0	0	0	0	0
10	-6	7	0	0	0	0	0	0
10	-6	8	0	0	0	0	0	0
10	-6	9	0	0	0	0	0	0
10	-6	10	0	0	0	0	0	0
10	-6	11	0	0	0	0	0	0
10	-6	12	0	0	0	0	0	0
10	-5	-12	0	0	0	0	0	0
10	-5	-11	0	0	0	0	0	0
10	-5	-10	0	0	0	0	0	0
10	-5	-9	0	0	0	0	0	0
10	-5	-8	0	0	0	0	0	0
10	-5	-7	0	0	0	0	0	0
10	-5	-6	0	0	0	0	0	0
10	-5	-5	0	0	0	0	0	0
10	-5	-4	0	0	0	0	0	0
10	-5	-3	0	0	0	0	0	0
10	-5	-2	0	0	0	0	0	0
10	-5	-1	0	0	0	0	0	0
10	-5	0	0	0	0	0	0	0
10	-5	1	0	0	0	0	0	0
10	-5	2	0	0	0	0	0	0
10	-5	3	0	0	0	0	0	0
10	-5	4	0	0	0	0	0	0
10	-5	5	0	0	0	0	0	0
10	-5	6	0	0	0	0	0	0
10	-5	7	0	0	0	0	0	0
10	-5	8	0	0	0	0	0	0
10	-5	9	0	0	0	0	0	0
10	-5	10	0	0	0	0	0	0
10	-5	11	0	0	0	0	0	0
10	-5	12	0	0	0	0	0	0
10	-4	-12	0	0	0	0	0	0
10	-4	-11	0	0	0	0	0	0
10	-4	-10	0	0	0	0	0	0
10	-4	-9	0	0	0	0	0	0
10	-4	-8	0	0	0	0	0	0
10	-4	-7	0	0	0	0	0	0
10	-4	-6	0	0	0	0	0	0
10	-4	-5	0	0	0	0	0	0
10	-4	-4	0	0	0	0	0	0
10	-4	-3	0	0	0	0	0	0
10	-4	-2	0	0	0	0	0	0
10	-4	-1	0	0	0	0	0	0
10	-4	0	0	0	0	0	0	0
10	-4	1	0	0	0	0	0	0
10	-4	2	0	0	0	0	0	0
10	-4	3	0	0	0	0	0	0
10	-4	4	0	0	0	0	0	0
10	-4	5	0	0	0	0	0	0
10	-4	6	0	0	0	0	0	0
10	-4	7	0	0	0	0	0	0
10	-4	8	0	0	0	0	0	0
10	-4	9	0	0	0	0	0	0
10	-4	10	0	0	0	0	0	0
10	-4	11	0	0	0	0	0	0
10	-4	12	0	0	0	0	0	0
10	-3	-12	0	0	0	0	0	0
10	-3	-11	0	0	0	0	0	0
10	-3	-10	0	0	0	0	0	0
10	-3	-9	0	0	0	0	0	0
10	-3	-8	0	0	0	0	0	0
10	-3	-7	0	0	0	0	0	0
10	-3	-6	0	0	0	0	0	0
10	-3	-5	0	0	0	0	0	0
10	-3	-4	0	0	0	0	0	0
10	-3	-3	0	0	0	0	0	0
10	-3	-2	0	0	0	0	0	0
10	-3	-1	0	0	0	0	0	0
10	-3	0	0	0	0	0	0	0
10	-3	1	0	0	0	0	0	0
10	-3	2	0	0	0	0	0	0
10	-3	3	0	0	0	0	0	0
10	-3	4	0	0	0	0	0	0
10	-3	5	0	0	0	0	0	0
10	-3	6	0	0	0	0	0	0
10	-3	7	0	0	0	0	0	0
10	-3	8	0	0	0	0	0	0
10	-3	9	0	0	0	0	0	0
10	-3	10	0	0	0	0	0	0
10	-3	11	0	0	0	0	0	0
10	-3	12	0	0	0	0	0	0
10	-2	-12	0	0	0	0	0	0
10	-2	-11	0	0	0	0	0	0
10	-2	-10	0	0	0	0	0	0
10	-2	-9	0	0	0	0	0	0
10	-2	-8	0	0	0	0	0	0
10	-2	-7	0	0	0	0	0	0
10	-2	-6	0	0	0	0	0	0
10	-2	-5	0	0	0	0	0	0
10	-2	-4	0	0	0	0	0	0
10	-2	-3	0	0	0	0	0	0
10	-2	-2	0	0	0	0	0	0
10	-2	-1	0	0	0	0	0	0
10	-2	0	0	0	0	0	0	0
10	-2	1	0	0	0	0	0	0
10	-2	2	0	0	0	0	0	0
10	-2	3	0	0	0	0	0	0
10	-2	4	0	0	0	0	0	0
10	-2	5	0	0	0	0	0	0
10	-2	6	0	0	0	0	0	0
10	-2	7	0	0	0	0	0	0
10	-2	8	0	0	0	0	0	0
10	-2	9	0	0	0	0	0	0
10	-2	10	0	0	0	0	0	0
10	-2	11	0	0	0	0	0	0
10	-2	12	0	0	0	0	0	0
10	-1	-12	0	0	0	0	0	0
10	-1	-11	0	0	0	0	0	0
10	-1	-10	0	0	0	0	0	0
10	-1	-9	0	0	0	0	0	0
10	-1	-8	0	0	0	0	0	0
10	-1	-7	0	0	0	0	0	0
10	-1	-6	0	0	0	0	0	0
10	-1	-5	0	0	0	0	0	0
10	-1	-4	0	0	0	0	0	0
10	-1	-3	0	0	0	0	0	0
10	-1	-2	0	0	0	0	0	0
10	-1	-1	0	0	0	0	0	0
10	-1	0	0	0	0	0	0	0
10	-1	1	0	0	0	0	0	0
10	-1	2	0	0	0	0	0	0
10	-1	3	0	0	0	0	0	0
10	-1	4	0	0	0	0	0	0
10	-1	5	0	0	0	0	0	0
10	-1	6	0	0	0	0	0	0
10	-1	7	0	0	0	0	0	0
10	-1	8	0	0	0	0	0	0
10	-1	9	0	0	0	0	0	0
10	-1	10	0	0	0	0	0	0
10	-1	11	0	0	0	0	0	0
10	-1	12	0	0	0	0	0	0
10	0	-12	0	0	0	0	0	0
10	0	-11	0	0	0	0	0	0
10	0	-10	0	0	0	0	0	0
10	0	-9	0	0	0	0	0	0
10	0	-8	0	0	0	0	0	0
10	0	-7	0	0	0	0	0	0
10	0	-6	0	0	0	0	0	0
10	0	-5	0	0	0	0	0	0
10	0	-4	0	0	0	0	0	0
10	0	-3	0	0	0	0	0	0
10	0	-2	0	0	0	0	0	0
10	0	-1	0	0	0	0	0	0
10	0	0	0	0	0	0	0	0
10	0	1	0	0	0	0	0	0
10	0	2	0	0	0	0	0	0
10	0	3	0	0	0	0	0	0
10	0	4	0	0	0	0	0	0
10	0	5	0	0	0	0	0	0
10	0	6	0	0	0	0	0	0
10	0	7	0	0	0	0	0	0
10	0	8	0	0	0	0	0	0
10	0	9	0	0	0	0	0	0
10	0	10	0	0	0	0	0	0
10	0	11	0	0	0	0	0	0
10	0	12	0	0	0	0	0	0
10	1	-12	0	0	0	0	0	0
10	1	-11	0	0	0	0	0	0
10	1	-10	0	0	0	0	0	0
10	1	-9	0	0	0	0	0	0
10	1	-8	0	0	0	0	0	0
10	1	-7	0	0	0	0	0	0
10	1	-6	0	0	0	0	0	0
10	1	-5	0	0	0	0	0	0
10	1	-4	0	0	0	0	0	0
10	1	-3	0	0	0	0	0	0
10	1	-2	0	0	0	0	0	0
10	1	-1	0	0	0	0	0	0
10	1	0	0	0	0	0	0	0
10	1	1	0	0	0	0	0	0
10	1	2	0	0	0	0	0	0
10	1	3	0	0	0	0	0	0
10	1	4	0	0	0	0	0	0
10	1	5	0	0	0	0	0	0
10	1	6	0	0	0	0	0	0
10	1	7	0	0	0	0	0	0
10	1	8	0	0	0	0	0	0
10	1	9	0	0	0	0	0	0
10	1	10	0	0	0	0	0	0
10	1	11	0	0	0	0	0	0
10	1	12	0	0	0	0	0	0
10	2	-12	0	0	0	0	0	0
10	2	-11	0	0	0	0	0	0
10	2	-10	0	0	0	0	0	0
10	2	-9	0	0	0	0	0	0
10	2	-8	0	0	0	0	0	0
10	2	-7	0	0	0	0	0	0
10	2	-6	0	0	0	0	0	0
10	2	-5	0	0	0	0	0	0
10	2	-4	0	0	0	0	0	0
10	2	-3	0	0	0	0	0	0
10	2	-2	0	0	0	0	0	0
10	2	-1	0	0	0	0	0	0
10	2	0	0	0	0	0	0	0
10	2	1	0	0	0	0	0	0
10	2	2	0	0	0	0	0	0
10	2	3	0	0	0	0	0	0
10	2	4	0	0	0	0	0	0
10	2	5	0	0	0	0	0	0
10	2	6	0	0	0	0	0	0
10	2	7	0	0	0	0	0	0
10	2	8	0	0	0	0	0	0
10	2	9	0	0	0	0	0	0
10	2	10	0	0	0	0	0	0
10	2	11	0	0	0	0	0	0
10	2	12	0	0	0	0	0	0
10	3	-12	0	0	0	0	0	0
10	3	-11	0	0	0	0	0	0
10	3	-10	0	0	0	0	0	0
10	3	-9	0	0	0	0	0	0
10	3	-8	0	0	0	0	0	0
10	3	-7	0	0	0	0	0	0
10	3	-6	0	0	0	0	0	0
10	3	-5	0	0	0	0	0	0
10	3	-4	0	0	0	0	0	0
10	3	-3	0	0	0	0	0	0
10	3	-2	0	0	0	0	0	0
10	3	-1	0	0	0	0	0	0
10	3	0	0	0	0	0	0	0
10	3	1	0	0	0	0	0	0
10	3	2	0	0	0	0	0	0
10	3	3	0	0	0	0	0	0
10	3	4	0	0	0	0	0	0
10	3	5	0	0	0	0	0	0
10	3	6	0	0	0	0	0	0
10	3	7	0	0	0	0	0	0
10	3	8	0	0	0	0	0	0
10	3	9	0	0	0	0	0	0
10	3	10	0	0	0	0	0	0
10	3	11	0	0	0	0	0	0
10	3	12	0	0	0	0	0	0
10	4	-12	0	0	0	0	0	0
10	4	-11	0	0	0	0	0	0
10	4	-10	0	0	0	0	0	0
10	4	-9	0	0	0	0	0	0
10	4	-8	0	0	0	0	0	0
10	4	-7	0	0	0	0	0	0
10	4	-6	0	0	0	0	0	0
10	4	-5	0	0	0	0	0	0
10	4	-4	0	0	0	0	0	0
10	4	-3	0	0	0	0	0	0
10	4	-2	0	0	0	0	0	0
10	4	-1	0	0	0	0	0	0
10	4	0	0	0	0	0	0	0
10	4	1	0	0	0	0	0	0
10	4	2	0	0	0	0	0	0
10	4	3	0	0	0	0	0	0
10	4	4	0	0	0	0	0	0
10	4	5	0	0	0	0	0	0
10	4	6	0	0	0	0	0	0
10	4	7	0	0	0	0	0	0
10	4	8	0	0	0	0	0	0
10	4	9	0	0	0	0	0	0
10	4	10	0	0	0	0	0	0
10	4	11	0	0	0	0	0	0
10	4	12	0	0	0	0	0	0
10	5	-12	0	0	0	0	0	0
10	5	-11	0	0	0	0	0	0
10	5	-10	0	0	0	0	0	0
10	5	-9	0	0	0	0	0	0
10	5	-8	0	0	0	0	0	0
10	5	-7	0	0	0	0	0	0
10	5	-6	0	0	0	0	0	0
10	5	-5	0	0	0	0	0	0
10	5	-4	0	0	0	0	0	0
10	5	-3	0	0	0	0	0	0
10	5	-2	0	0	0	0	0	0
10	5	-1	0	0	0	0	0	0
10	5	0	0	0	0	0	0	0
10	5	1	0	0	0	0	0	0
10	5	2	0	0	0	0	0	0
10	5	3	0	0	0	0	0	0
10	5	4	0	0	0	0	0	0
10	5	5	0	0	0	0	0	0
10	5	6	0	0	0	0	0	0
10	5	7	0	0	0	0	0	0
10	5	8	0	0	0	0	0	0
10	5	9	0	0	0	0	0	0
10	5	10	0	0	0	0	0	0
10	5	11	0	0	0	0	0	0
10	5	12	0	0	0	0	0	0
10	6	-12	0	0	0	0	0	0
10	6	-11	0	0	0	0	0	0
10	6	-10	0	0	0	0	0	0
10	6	-9	0	0	0	0	0	0
10	6	-8	0	0	0	0	0	0
10	6	-7	0	0	0	0	0	0
10	6	-6	0	0	0	0	0	0
10	6	-5	0	0	0	0	0	0
10	6	-4	0	0	0	0	0	0
10	6	-3	0	0	0	0	0	0
10	6	-2	0	0	0	0	0	0
10	6	-1	0	0	0	0	0	0
10	6	0	0	0	0	0	0	0
10	6	1	0	0	0	0	0	0
10	6	2	0	0	0	0	0	0
10	6	3	0	0	0	0	0	0
10	6	4	0	0	0	0	0	0
10	6	5	0	0	0	0	0	0
10	6	6	0	0	0	0	0	0
10	6	7	0	0	0	0	0	0
10	6	8	0	0	0	0	0	0
10	6	9	0	0	0	0	0	0
10	6	10	0	0	0	0	0	0
10	6	11	0	0	0	0	0	0
10	6	12	0	0	0	0	0	0
10	7	-12	0	0	0	0	0	0
10	7	-11	0	0	0	0	0	0
10	7	-10	0	0	0	0	0	0
10	7	-9	0	0	0	0	0	0
10	7	-8	0	0	0	0	0	0
10	7	-7	0	0	0	0	0	0
10	7	-6	0	0	0	0	0	0
10	7	-5	0	0	0	0	0	0
10	7	-4	0	0	0	0	0	0
10	7	-3	0	0	0	0	0	0
10	7	-2	0	0	0	0	0	0
10	7	-1	0	0	0	0	0	0
10	7	0	0	0	0	0	0	0
10	7	1	0	0	0	0	0	0
10	7	2	0	0	0	0	0	0
10	7	3	0	0	0	0	0	0
10	7	4	0	0	0	0	0	0
10	7	5	0	0	0	0	0	0
10	7	6	0	0	0	0	0	0
10	7	7	0	0	0	0	0	0
10	7	8	0	0	0	0	0	0
10	7	9	0	0	0	0	0	0
10	7	10	0	0	0	0	0	0
10	7	11	0	0	0	0	0	0
10	7	12	0	0	0	0	0	0
10	8	-12	0	0	0	0	0	0
10	8	-11	0	0	0	0	0	0
10	8	-10	0	0	0	0	0	0
10	8	-9	0	0	0	0	0	0
10	8	-8	0	0	0	0	0	0
10	8	-7	0	0	0	0	0	0
10	8	-6	0	0	0	0	0	0
10	8	-5	0	0	0	0	0	0
10	8	-4	0	0	0	0	0	0
10	8	-3	0	0	0	0	0	0
10	8	-2	0	0	0	0	0	0
10	8	-1	0	0	0	0	0	0
10	8	0	0	0	0	0	0	0
10	8	1	0	0	0	0	0	0
10	8	2	0	0	0	0	0	0
10	8	3	0	0	0	0	0	0
10	8	4	0	0	0	0	0	0
10	8	5	0	0	0	0	0	0
10	8	6	0	0	0	0	0	0
10	8	7	0	0	0	0	0	0
10	8	8	0	0	0	0	0	0
10	8	9	0	0	0	0	0	0
10	8	10	0	0	0	0	0	0
10	8	11	0	0	0	0	0	0
10	8	12	0	0	0	0	0	0
10	9	-12	0	0	0	0	0	0
10	9	-11	0	0	0	0	0	0
10	9	-10	0	0	0	0	0	0
10	9	-9	0	0	0	0	0	0
10	9	-8	0	0	0	0	0	0
10	9	-7	0	0	0	0	0	0
10	9	-6	0	0	0	0	0	0
10	9	-5	0	0	0	0	0	0
10	9	-4	0	0	0	0	0	0
10	9	-3	0	0	0	0	0	0
10	9	-2	0	0	0	0	0	0
10	9	-1	0	0	0	0	0	0
10	9	0	0	0	0	0	0	0
10	9	1	0	0	0	0	0	0
10	9	2	0	0	0	0	0	0
10	9	3	0	0	0	0	0	0
10	9	4	0	0	0	0	0	0
10	9	5	0	0	0	0	0	0
10	9	6	0	0	0	0	0	0
10	9	7	0	0	0	0	0	0
10	9	8	0	0	0	0	0	0
10	9	9	0	0	0	0	0	0
10	9	10	0	0	0	0	0	0
10	9	11	0	0	0	0	0	0
10	9	12	0	0	0	0	0	0
10	10	-12	0	0	0	0	0	0
10	10	-11	0	0	0	0	0	0
10	10	-10	0	0	0	0	0	0
10	10	-9	0	0	0	0	0	0
10	10	-8	0	0	0	0	0	0
10	10	-7	0	0	0	0	0	0
10	10	-6	0	0	0	0	0	0
10	10	-5	0	0	0	0	0	0
10	10	-4	0	0	0	0	0	0
10	10	-3	0	0	0	0	0	0
10	10	-2	0	0	0	0	0	0
10	10	-1	0	0	0	0	0	0
10	10	0	0	0	0	0	0	0
10	10	1	0	0	0	0	0	0
10	10	2	0	0	0	0	0	0
10	10	3	0	0	0	0	0	0
10	10	4	0	0	0	0	0	0
10	10	5	0	0	0	0	0	0
10	10	6	0	0	0	0	0	0
10	10	7	0	0	0	0	0	0
10	10	8	0	0	0	0	0	0
10	10	9	0	0	0	0	0	0
10	10	10	0	0	0	0	0	0
10	10	11	0	0	0	0	0	0
10	10	12	0	0	0	0	0	0
10	11	-12	0	0	0	0	0	0
10	11	-11	0	0	0	0	0	0
10	11	-10	0	0	0	0	0	0
10	11	-9	0	0	0	0	0	0
10	11	-8	0	0	0	0	0	0
10	11	-7	0	0	0	0	0	0
10	11	-6	0	0	0	0	0	0
10	11	-5	0	0	0	0	0	0
10	11	-4	0	0	0	0	0	0
10	11	-3	0	0	0	0	0	0
10	11	-2	0	0	0	0	0	0
10	11	-1	0	0	0	0	0	0
10	11	0	0	0	0	0	0	0
10	11	1	0	0	0	0	0	0
10	11	2	0	0	0	0	0	0
10	11	3	0	0	0	0	0	0
10	11	4	0	0	0	0	0	0
10	11	5	0	0	0	0	0	0
10	11	6	0	0	0	0	0	0
10	11	7	0	0	0	0	0	0
10	11	8	0	0	0	0	0	0
10	11	9	0	0	0	0	0	0
10	11	10	0	0	0	0	0	0
10	11	11	0	0	0	0	0	0
10	11	12	0	0	0	0	0	0
10	12	-12	0	0	0	0	0	0
10	12	-11	0	0	0	0	0	0
10	12	-10	0	0	0	0	0	0
10	12	-9	0	0	0	0	0	0
10	12	-8	0	0	0	0	0	0
10	12	-7	0	0	0	0	0	0
10	12	-6	0	0	0	0	0	0
10	12	-5	0	0	0	0	0	0
10	12	-4	0	0	0	0	0	0
10	12	-3	0	0	0	0	0	0
10	12	-2	0	0	0	0	0	0
10	12	-1	0	0	0	0	0	0
10	12	0	0	0	0	0	0	0
10	12	1	0	0	0	0	0	0
10	12	2	0	0	0	0	0	0
10	12	3	0	0	0	0	0	0
10	12	4	0	0	0	0	0	0
10	12	5	0	0	0	0	0	0
10	12	6	0	0	0	0	0	0
10	12	7	0	0	0	0	0	0
10	12	8	0	0	0	0	0	0
10	12	9	0	0	0	0	0	0
10	12	10	0	0	0	0	0	0
10	12	11	0	0	0	0	0	0
10	12	12	0	0	0	0	0	0
11	-12	-12	0	0	0	0	0	0
11	-12	-11	0	0	0	0	0	0
11	-12	-10	0	0	0	0	0	0
11	-12	-9	0	0	0	0	0	0
11	-12	-8	0	0	0	0	0	0
11	-12	-7	0	0	0	0	0	0
11	-12	-6	0	0	0	0	0	0
11	-12	-5	0	0	0	0	0	0
11	-12	-4	0	0	0	0	0	0
11	-12	-3	0	0	0	0	0	0
11	-12	-2	0	0	0	0	0	0
11	-12	-1	0	0	0	0	0	0
11	-12	0	0	0	0	0	0	0
11	-12	1	0	0	0	0	0	0
11	-12	2	0	0	0	0	0	0
11	-12	3	0	0	0	0	0	0
11	-12	4	0	0	0	0	0	0
11	-12	5	0	0	0	0	0	0
11	-12	6	0	0	0	0	0	0
11	-12	7	0	0	0	0	0	0
11	-12	8	0	0	0	0	0	0
11	-12	9	0	0	0	0	0	0
11	-12	10	0	0	0	0	0	0
11	-12	11	0	0	0	0	0	0
11	-12	12	0	0	0	0	0	0
11	-11	-12	0	0	0	0	0	0
11	-11	-11	0	0	0	0	0	0
11	-11	-10	0	0	0	0	0	0
11	-11	-9	0	0	0	0	0	0
11	-11	-8	0	0	0	0	0	0
11	-11	-7	0	0	0	0	0	0
11	-11	-6	0	0	0	0	0	0
11	-11	-5	0	0	0	0	0	0
11	-11	-4	0	0	0	0	0	0
11	-11	-3	0	0	0	0	0	0
11	-11	-2	0	0	0	0	0	0
11	-11	-1	0	0	0	0	0	0
11	-11	0	0	0	0	0	0	0
11	-11	1	0	0	0	0	0	0
11	-11	2	0	0	0	0	0	0
11	-11	3	0	0	0	0	0	0
11	-11	4	0	0	0	0	0	0
11	-11	5	0	0	0	0	0	0
11	-11	6	0	0	0	0	0	0
11	-11	7	0	0	0	0	0	0
11	-11	8	0	0	0	0	0	0
11	-11	9	0	0	0	0	0	0
11	-11	10	0	0	0	0	0	0
11	-11	11	0	0	0	0	0	0
11	-11	12	0	0	0	0	0	0
11	-10	-12	0	0	0	0	0	0
11	-10	-11	0	0	0	0	0	0
11	-10	-10	0	0	0	0	0	0
11	-10	-9	0	0	0	0	0	0
11	-10	-8	0	0	0	0	0	0
11	-10	-7	0	0	0	0	0	0
11	-10	-6	0	0	0	0	0	0
11	-10	-5	0	0	0	0	0	0
11	-10	-4	0	0	0	0	0	0
11	-10	-3	0	0	0	0	0	0
11	-10	-2	0	0	0	0	0	0
11	-10	-1	0	0	0	0	0	0
11	-10	0	0	0	0	0	0	0
11	-10	1	0	0	0	0	0	0
11	-10	2	0	0	0	0	0	0
11	-10	3	0	0	0	0	0	0
11	-10	4	0	0	0	0	0	0
11	-10	5	0	0	0	0	0	0
11	-10	6	0	0	0	0	0	0
11	-10	7	0	0	0	0	0	0
11	-10	8	0	0	0	0	0	0
11	-10	9	0	0	0	0	0	0
11	-10	10	0	0	0	0	0	0
11	-10	11	0	0	0	0	0	0
11	-10	12	0	0	0	0	0	0
11	-9	-12	0	0	0	0	0	0
11	-9	-11	0	0	0	0	0	0
11	-9	-10	0	0	0	0	0	0
11	-9	-9	0	0	0	0	0	0
11	-9	-8	0	0	0	0	0	0
11	-9	-7	0	0	0	0	0	0
11	-9	-6	0	0	0	0	0	0
11	-9	-5	0	0	0	0	0	0
11	-9	-4	0	0	0	0	0	0
11	-9	-3	0	0	0	0	0	0
11	-9	-2	0	0	0	0	0	0
11	-9	-1	0	0	0	0	0	0
11	-9	0	0	0	0	0	0	0
11	-9	1	0	0	0	0	0	0
11	-9	2	0	0	0	0	0	0
11	-9	3	0	0	0	0	0	0
11	-9	4	0	0	0	0	0	0
11	-9	5	0	0	0	0	0	0
11	-9	6	0	0	0	0	0	0
11	-9	7	0	0	0	0	0	0
11	-9	8	0	0	0	0	0	0
11	-9	9	0	0	0	0	0	0
11	-9	10	0	0	0	0	0	0
11	-9	11	0	0	0	0	0	0
11	-9	12	0	0	0	0	0	0
11	-8	-12	0	0	0	0	0	0
11	-8	-11	0	0	0	0	0	0
11	-8	-10	0	0	0	0	0	0
11	-8	-9	0	0	0	0	0	0
11	-8	-8	0	0	0	0	0	0
11	-8	-7	0	0	0	0	0	0
11	-8	-6	0	0	0	0	0	0
11	-8	-5	0	0	0	0	0	0
11	-8	-4	0	0	0	0	0	0
11	-8	-3	0	0	0	0	0	0
11	-8	-2	0	0	0	0	0	0
11	-8	-1	0	0	0	0	0	0
11	-8	0	0	0	0	0	0	0
11	-8	1	0	0	0	0	0	0
11	-8	2	0	0	0	0	0	0
11	-8	3	0	0	0	0	0	0
11	-8	4	0	0	0	0	0	0
11	-8	5	0	0	0	0	0	0
11	-8	6	0	0	0	0	0	0
11	-8	7	0	0	0	0	0	0
11	-8	8	0	0	0	0	0	0
11	-8	9	0	0	0	0	0	0
11	-8	10	0	0	0	0	0	0
11	-8	11	0	0	0	0	0	0
11	-8	12	0	0	0	0	0	0
11	-7	-12	0	0	0	0	0	0
11	-7	-11	0	0	0	0	0	0
11	-7	-10	0	0	0	0	0	0
11	-7	-9	0	0	0	0	0	0
11	-7	-8	0	0	0	0	0	0
11	-7	-7	0	0	0	0	0	0
11	-7	-6	0	0	0	0	0	0
11	-7	-5	0	0	0	0	0	0
11	-7	-4	0	0	0	0	0	0
11	-7	-3	0	0	0	0	0	0
11	-7	-2	0	0	0	0	0	0
11	-7	-1	0	0	0	0	0	0
11	-7	0	0	0	0	0	0	0
11	-7	1	0	0	0	0	0	0
11	-7	2	0	0	0	0	0	0
11	-7	3	0	0	0	0	0	0
11	-7	4	0	0	0	0	0	0
11	-7	5	0	0	0	0	0	0
11	-7	6	0	0	0	0	0	0
11	-7	7	0	0	0	0	0	0
11	-7	8	0	0	0	0	0	0
11	-7	9	0	0	0	0	0	0
11	-7	10	0	0	0	0	0	0
11	-7	11	0	0	0	0	0	0
11	-7	12	0	0	0	0	0	0
11	-6	-12	0	0	0	0	0	0
11	-6	-11	0	0	0	0	0	0
11	-6	-10	0	0	0	0	0	0
11	-6	-9	0	0	0	0	0	0
11	-6	-8	0	0	0	0	0	0
11	-6	-7	0	0	0	0	0	0
11	-6	-6	0	0	0	0	0	0
11	-6	-5	0	0	0	0	0	0
11	-6	-4	0	0	0	0	0	0
11	-6	-3	0	0	0	0	0	0
11	-6	-2	0	0	0	0	0	0
11	-6	-1	0	0	0	0	0	0
11	-6	0	0	0	0	0	0	0
11	-6	1	0	0	0	0	0	0
11	-6	2	0	0	0	0	0	0
11	-6	3	0	0	0	0	0	0
11	-6	4	0	0	0	0	0	0
11	-6	5	0	0	0	0	0	0
11	-6	6	0	0	0	0	0	0
11	-6	7	0	0	0	0	0	0
11	-6	8	0	0	0	0	0	0
11	-6	9	0	0	0	0	0	0
11	-6	10	0	0	0	0	0	0
11	-6	11	0	0	0	0	0	0
11	-6	12	0	0	0	0	0	0
11	-5	-12	0	0	0	0	0	0
11	-5	-11	0	0	0	0	0	0
11	-5	-10	0	0	0	0	0	0
11	-5	-9	0	0	0	0	0	0
11	-5	-8	0	0	0	0	0	0
11	-5	-7	0	0	0	0	0	0
11	-5	-6	0	0	0	0	0	0
11	-5	-5	0	0	0	0	0	0
11	-5	-4	0	0	0	0	0	0
11	-5	-3	0	0	0	0	0	0
11	-5	-2	0	0	0	0	0	0
11	-5	-1	0	0	0	0	0	0
11	-5	0	0	0	0	0	0	0
11	-5	1	0	0	0	0	0	0
11	-5	2	0	0	0	0	0	0
11	-5	3	0	0	0	0	0	0
11	-5	4	0	0	0	0	0	0
11	-5	5	0	0	0	0	0	0
11	-5	6	0	0	0	0	0	0
11	-5	7	0	0	0	0	0	0
11	-5	8	0	0	0	0	0	0
11	-5	9	0	0	0	0	0	0
11	-5	10	0	0	0	0	0	0
11	-5	11	0	0	0	0	0	0
11	-5	12	0	0	0	0	0	0
11	-4	-12	0	0	0	0	0	0
11	-4	-11	0	0	0	0	0	0
11	-4	-10	0	0	0	0	0	0
11	-4	-9	0	0	0	0	0	0
11	-4	-8	0	0	0	0	0	0
11	-4	-7	0	0	0	0	0	0
11	-4	-6	0	0	0	0	0	0
11	-4	-5	0	0	0	0	0	0
11	-4	-4	0	0	0	0	0	0
11	-4	-3	0	0	0	0	0	0
11	-4	-2	0	0	0	0	0	0
11	-4	-1	0	0	0	0	0	0
11	-4	0	0	0	0	0	0	0
11	-4	1	0	0	0	0	0	0
11	-4	2	0	0	0	0	0	0
11	-4	3	0	0	0	0	0	0
11	-4	4	0	0	0	0	0	0
11	-4	5	0	0	0	0	0	0
11	-4	6	0	0	0	0	0	0
11	-4	7	0	0	0	0	0	0
11	-4	8	0	0	0	0	0	0
11	-4	9	0	0	0	0	0	0
11	-4	10	0	0	0	0	0	0
11	-4	11	0	0	0	0	0	0
11	-4	12	0	0	0	0	0	0
11	-3	-12	0	0	0	0	0	0
11	-3	-11	0	0	0	0	0	0
11	-3	-10	0	0	0	0	0	0
11	-3	-9	0	0	0	0	0	0
11	-3	-8	0	0	0	0	0	0
11	-3	-7	0	0	0	0	0	0
11	-3	-6	0	0	0	0	0	0
11	-3	-5	0	0	0	0	0	0
11	-3	-4	0	0	0	0	0	0
11	-3	-3	0	0	0	0	0	0
11	-3	-2	0	0	0	0	0	0
11	-3	-1	0	0	0	0	0	0
11	-3	0	0	0	0	0	0	0
11	-3	1	0	0	0	0	0	0
11	-3	2	0	0	0	0	0	0
11	-3	3	0	0	0	0	0	0
11	-3	4	0	0	0	0	0	0
11	-3	5	0	0	0	0	0	0
11	-3	6	0	0	0	0	0	0
11	-3	7	0	0	0	0	0	0
11	-3	8	0	0	0	0	0	0
11	-3	9	0	0	0	0	0	0
11	-3	10	0	0	0	0	0	0
11	-3	11	0	0	0	0	0	0
11	-3	12	0	0	0	0	0	0
11	-2	-12	0	0	0	0	0	0
11	-2	-11	0	0	0	0	0	0
11	-2	-10	0	0	0	0	0	0
11	-2	-9	0	0	0	0	0	0
11	-2	-8	0	0	0	0	0	0
11	-2	-7	0	0	0	0	0	0
11	-2	-6	0	0	0	0	0	0
11	-2	-5	0	0	0	0	0	0
11	-2	-4	0	0	0	0	0	0
11	-2	-3	0	0	0	0	0	0
11	-2	-2	0	0	0	0	0	0
11	-2	-1	0	0	0	0	0	0
11	-2	0	0	0	0	0	0	0
11	-2	1	0	0	0	0	0	0
11	-2	2	0	0	0	0	0	0
11	-2	3	0	0	0	0	0	0
11	-2	4	0	0	0	0	0	0
11	-2	5	0	0	0	0	0	0
11	-2	6	0	0	0	0	0	0
11	-2	7	0	0	0	0	0	0
11	-2	8	0	0	0	0	0	0
11	-2	9	0	0	0	0	0	0
11	-2	10	0	0	0	0	0	0
11	-2	11	0	0	0	0	0	0
11	-2	12	0	0	0	0	0	0
11	-1	-12	0	0	0	0	0	0
11	-1	-11	0	0	0	0	0	0
11	-1	-10	0	0	0	0	0	0
11	-1	-9	0	0	0	0	0	0
11	-1	-8	0	0	0	0	0	0
11	-1	-7	0	0	0	0	0	0
11	-1	-6	0	0	0	0	0	0
11	-1	-5	0	0	0	0	0	0
11	-1	-4	0	0	0	0	0	0
11	-1	-3	0	0	0	0	0	0
11	-1	-2	0	0	0	0	0	0
11	-1	-1	0	0	0	0	0	0
11	-1	0	0	0	0	0	0	0
11	-1	1	0	0	0	0	0	0
11	-1	2	0	0	0	0	0	0
11	-1	3	0	0	0	0	0	0
11	-1	4	0	0	0	0	0	0
11	-1	5	0	0	0	0	0	0
11	-1	6	0	0	0	0	0	0
11	-1	7	0	0	0	0	0	0
11	-1	8	0	0	0	0	0	0
11	-1	9	0	0	0	0	0	0
11	-1	10	0	0	0	0	0	0
11	-1	11	0	0	0	0	0	0
11	-1	12	0	0	0	0	0	0
11	0	-12	0	0	0	0	0	0
11	0	-11	0	0	0	0	0	0
11	0	-10	0	0	0	0	0	0
11	0	-9	0	0	0	0	0	0
11	0	-8	0	0	0	0	0	0
11	0	-7	0	0	0	0	0	0
11	0	-6	0	0	0	0	0	0
11	0	-5	0	0	0	0	0	0
11	0	-4	0	0	0	0	0	0
11	0	-3	0	0	0	0	0	0
11	0	-2	0	0	0	0	0	0
11	0	-1	0	0	0	0	0	0
11	0	0	0	0	0	0	0	0
11	0	1	0	0	0	0	0	0
11	0	2	0	0	0	0	0	0
11	0	3	0	0	0	0	0	0
11	0	4	0	0	0	0	0	0
11	0	5	0	0	0	0	0	0
11	0	6	0	0	0	0	0	0
11	0	7	0	0	0	0	0	0
11	0	8	0	0	0	0	0	0
11	0	9	0	0	0	0	0	0
11	0	10	0	0	0	0	0	0
11	0	11	0	0	0	0	0	0
11	0	12	0	0	0	0	0	0
11	1	-12	0	0	0	0	0	0
11	1	-11	0	0	0	0	0	0
11	1	-10	0	0	0	0	0	0
11	1	-9	0	0	0	0	0	0
11	1	-8	0	0	0	0	0	0
11	1	-7	0	0	0	0	0	0
11	1	-6	0	0	0	0	0	0
11	1	-5	0	0	0	0	0	0
11	1	-4	0	0	0	0	0	0
11	1	-3	0	0	0	0	0	0
11	1	-2	0	0	0	0	0	0
11	1	-1	0	0	0	0	0	0
11	1	0	0	0	0	0	0	0
11	1	1	0	0	0	0	0	0
11	1	2	0	0	0	0	0	0
11	1	3	0	0	0	0	0	0
11	1	4	0	0	0	0	0	0
11	1	5	0	0	0	0	0	0
11	1	6	0	0	0	0	0	0
11	1	7	0	0	0	0	0	0
11	1	8	0	0	0	0	0	0
11	1	9	0	0	0	0	0	0
11	1	10	0	0	0	0	0	0
11	1	11	0	0	0	0	0	0
11	1	12	0	0	0	0	0	0
11	2	-12	0	0	0	0	0	0
11	2	-11	0	0	0	0	0	0
11	2	-10	0	0	0	0	0	0
11	2	-9	0	0	0	0	0	0
11	2	-8	0	0	0	0	0	0
11	2	-7	0	0	0	0	0	0
11	2	-6	0	0	0	0	0	0
11	2	-5	0	0	0	0	0	0
11	2	-4	0	0	0	0	0	0
11	2	-3	0	0	0	0	0	0
11	2	-2	0	0	0	0	0	0
11	2	-1	0	0	0	0	0	0
11	2	0	0	0	0	0	0	0
11	2	1	0	0	0	0	0	0
11	2	2	0	0	0	0	0	0
11	2	3	0	0	0	0	0	0
11	2	4	0	0	0	0	0	0
11	2	5	0	0	0	0	0	0
11	2	6	0	0	0	0	0	0
11	2	7	0	0	0	0	0	0
11	2	8	0	0	0	0	0	0
11	2	9	0	0	0	0	0	0
11	2	10	0	0	0	0	0	0
11	2	11	0	0	0	0	0	0
11	2	12	0	0	0	0	0	0
11	3	-12	0	0	0	0	0	0
11	3	-11	0	0	0	0	0	0
11	3	-10	0	0	0	0	0	0
11	3	-9	0	0	0	0	0	0
11	3	-8	0	0	0	0	0	0
11	3	-7	0	0	0	0	0	0
11	3	-6	0	0	0	0	0	0
11	3	-5	0	0	0	0	0	0
11	3	-4	0	0	0	0	0	0
11	3	-3	0	0	0	0	0	0
11	3	-2	0	0	0	0	0	0
11	3	-1	0	0	0	0	0	0
11	3	0	0	0	0	0	0	0
11	3	1	0	0	0	0	0	0
11	3	2	0	0	0	0	0	0
11	3	3	0	0	0	0	0	0
11	3	4	0	0	0	0	0	0
11	3	5	0	0	0	0	0	0
11	3	6	0	0	0	0	0	0
11	3	7	0	0	0	0	0	0
11	3	8	0	0	0	0	0	0
11	3	9	0	0	0	0	0	0
11	3	10	0	0	0	0	0	0
11	3	11	0	0	0	0	0	0
11	3	12	0	0	0	0	0	0
11	4	-12	0	0	0	0	0	0
11	4	-11	0	0	0	0	0	0
11	4	-10	0	0	0	0	0	0
11	4	-9	0	0	0	0	0	0
11	4	-8	0	0	0	0	0	0
11	4	-7	0	0	0	0	0	0
11	4	-6	0	0	0	0	0	0
11	4	-5	0	0	0	0	0	0
11	4	-4	0	0	0	0	0	0
11	4	-3	0	0	0	0	0	0
11	4	-2	0	0	0	0	0	0
11	4	-1	0	0	0	0	0	0
11	4	0	0	0	0	0	0	0
11	4	1	0	0	0	0	0	0
11	4	2	0	0	0	0	0	0
11	4	3	0	0	0	0	0	0
11	4	4	0	0	0	0	0	0
11	4	5	0	0	0	0	0	0
11	4	6	0	0	0	0	0	0
11	4	7	0	0	0	0	0	0
11	4	8	0	0	0	0	0	0
11	4	9	0	0	0	0	0	0
11	4	10	0	0	0	0	0	0
11	4	11	0	0	0	0	0	0
11	4	12	0	0	0	0	0	0
11	5	-12	0	0	0	0	0	0
11	5	-11	0	0	0	0	0	0
11	5	-10	0	0	0	0	0	0
11	5	-9	0	0	0	0	0	0
11	5	-8	0	0	0	0	0	0
11	5	-7	0	0	0	0	0	0
11	5	-6	0	0	0	0	0	0
11	5	-5	0	0	0	0	0	0
11	5	-4	0	0	0	0	0	0
11	5	-3	0	0	0	0	0	0
11	5	-2	0	0	0	0	0	0
11	5	-1	0	0	0	0	0	0
11	5	0	0	0	0	0	0	0
11	5	1	0	0	0	0	0	0
11	5	2	0	0	0	0	0	0
11	5	3	0	0	0	0	0	0
11	5	4	0	0	0	0	0	0
11	5	5	0	0	0	0	0	0
11	5	6	0	0	0	0	0	0
11	5	7	0	0	0	0	0	0
11	5	8	0	0	0	0	0	0
11	5	9	0	0	0	0	0	0
11	5	10	0	0	0	0	0	0
11	5	11	0	0	0	0	0	0
11	5	12	0	0	0	0	0	0
11	6	-12	0	0	0	0	0	0
11	6	-11	0	0	0	0	0	0
11	6	-10	0	0	0	0	0	0
11	6	-9	0	0	0	0	0	0
11	6	-8	0	0	0	0	0	0
11	6	-7	0	0	0	0	0	0
11	6	-6	0	0	0	0	0	0
11	6	-5	0	0	0	0	0	0
11	6	-4	0	0	0	0	0	0
11	6	-3	0	0	0	0	0	0
11	6	-2	0	0	0	0	0	0
11	6	-1	0	0	0	0	0	0
11	6	0	0	0	0	0	0	0
11	6	1	0	0	0	0	0	0
11	6	2	0	0	0	0	0	0
11	6	3	0	0	0	0	0	0
11	6	4	0	0	0	0	0	0
11	6	5	0	0	0	0	0	0
11	6	6	0	0	0	0	0	0
11	6	7	0	0	0	0	0	0
11	6	8	0	0	0	0	0	0
11	6	9	0	0	0	0	0	0
11	6	10	0	0	0	0	0	0
11	6	11	0	0	0	0	0	0
11	6	12	0	0	0	0	0	0
11	7	-12	0	0	0	0	0	0
11	7	-11	0	0	0	0	0	0
11	7	-10	0	0	0	0	0	0
11	7	-9	0	0	0	0	0	0
11	7	-8	0	0	0	0	0	0
11	7	-7	0	0	0	0	0	0
11	7	-6	0	0	0	0	0	0
11	7	-5	0	0	0	0	0	0
11	7	-4	0	0	0	0	0	0
11	7	-3	0	0	0	0	0	0
11	7	-2	0	0	0	0	0	0
11	7	-1	0	0	0	0	0	0
11	7	0	0	0	0	0	0	0
11	7	1	0	0	0	0	0	0
11	7	2	0	0	0	0	0	0
11	7	3	0	0	0	0	0	0
11	7	4	0	0	0	0	0	0
11	7	5	0	0	0	0	0	0
11	7	6	0	0	0	0	0	0
11	7	7	0	0	0	0	0	0
11	7	8	0	0	0	0	0	0
11	7	9	0	0	0	0	0	0
11	7	10	0	0	0	0	0	0
11	7	11	0	0	0	0	0	0
11	7	12	0	0	0	0	0	0
11	8	-12	0	0	0	0	0	0
11	8	-11	0	0	0	0	0	0
11	8	-10	0	0	0	0	0	0
11	8	-9	0	0	0	0	0	0
11	8	-8	0	0	0	0	0	0
11	8	-7	0	0	0	0	0	0
11	8	-6	0	0	0	0	0	0
11	8	-5	0	0	0	0	0	0
11	8	-4	0	0	0	0	0	0
11	8	-3	0	0	0	0	0	0
11	8	-2	0	0	0	0	0	0
11	8	-1	0	0	0	0	0	0
11	8	0	0	0	0	0	0	0
11	8	1	0	0	0	0	0	0
11	8	2	0	0	0	0	0	0
11	8	3	0	0	0	0	0	0
11	8	4	0	0	0	0	0	0
11	8	5	0	0	0	0	0	0
11	8	6	0	0	0	0	0	0
11	8	7	0	0	0	0	0	0
11	8	8	0	0	0	0	0	0
11	8	9	0	0	0	0	0	0
11	8	10	0	0	0	0	0	0
11	8	11	0	0	0	0	0	0
11	8	12	0	0	0	0	0	0
11	9	-12	0	0	0	0	0	0
11	9	-11	0	0	0	0	0	0
11	9	-10	0	0	0	0	0	0
11	9	-9	0	0	0	0	0	0
11	9	-8	0	0	0	0	0	0
11	9	-7	0	0	0	0	0	0
11	9	-6	0	0	0	0	0	0
11	9	-5	0	0	0	0	0	0
11	9	-4	0	0	0	0	0	0
11	9	-3	0	0	0	0	0	0
11	9	-2	0	0	0	0	0	0
11	9	-1	0	0	0	0	0	0
11	9	0	0	0	0	0	0	0
11	9	1	0	0	0	0	0	0
11	9	2	0	0	0	0	0	0
11	9	3	0	0	0	0	0	0
11	9	4	0	0	0	0	0	0
11	9	5	0	0	0	0	0	0
11	9	6	0	0	0	0	0	0
11	9	7	0	0	0	0	0	0
11	9	8	0	0	0	0	0	0
11	9	9	0	0	0	0	0	0
11	9	10	0	0	0	0	0	0
11	9	11	0	0	0	0	0	0
11	9	12	0	0	0	0	0	0
11	10	-12	0	0	0	0	0	0
11	10	-11	0	0	0	0	0	0
11	10	-10	0	0	0	0	0	0
11	10	-9	0	0	0	0	0	0
11	10	-8	0	0	0	0	0	0
11	10	-7	0	0	0	0	0	0
11	10	-6	0	0	0	0	0	0
11	10	-5	0	0	0	0	0	0
11	10	-4	0	0	0	0	0	0
11	10	-3	0	0	0	0	0	0
11	10	-2	0	0	0	0	0	0
11	10	-1	0	0	0	0	0	0
11	10	0	0	0	0	0	0	0
11	10	1	0	0	0	0	0	0
11	10	2	0	0	0	0	0	0
11	10	3	0	0	0	0	0	0
11	10	4	0	0	0	0	0	0
11	10	5	0	0	0	0	0	0
11	10	6	0	0	0	0	0	0
11	10	7	0	0	0	0	0	0
11	10	8	0	0	0	0	0	0
11	10	9	0	0	0	0	0	0
11	10	10	0	0	0	0	0	0
11	10	11	0	0	0	0	0	0
11	10	12	0	0	0	0	0	0
11	11	-12	0	0	0	0	0	0
11	11	-11	0	0	0	0	0	0
11	11	-10	0	0	0	0	0	0
11	11	-9	0	0	0	0	0	0
11	11	-8	0	0	0	0	0	0
11	11	-7	0	0	0	0	0	0
11	11	-6	0	0	0	0	0	0
11	11	-5	0	0	0	0	0	0
11	11	-4	0	0	0	0	0	0
11	11	-3	0	0	0	0	0	0
11	11	-2	0	0	0	0	0	0
11	11	-1	0	0	0	0	0	0
11	11	0	0	0	0	0	0	0
11	11	1	0	0	0	0	0	0
11	11	2	0	0	0	0	0	0
11	11	3	0	0	0	0	0	0
11	11	4	0	0	0	0	0	0
11	11	5	0	0	0	0	0	0
11	11	6	0	0	0	0	0	0
11	11	7	0	0	0	0	0	0
11	11	8	0	0	0	0	0	0
11	11	9	0	0	0	0	0	0
11	11	10	0	0	0	0	0	0
11	11	11	0	0	0	0	0	0
11	11	12	0	0	0	0	0	0
11	12	-12	0	0	0	0	0	0
11	12	-11	0	0	0	0	0	0
11	12	-10	0	0	0	0	0	0
11	12	-9	0	0	0	0	0	0
11	12	-8	0	0	0	0	0	0
11	12	-7	0	0	0	0	0	0
11	12	-6	0	0	0	0	0	0
11	12	-5	0	0	0	0	0	0
11	12	-4	0	0	0	0	0	0
11	12	-3	0	0	0	0	0	0
11	12	-2	0	0	0	0	0	0
11	12	-1	0	0	0	0	0	0
11	12	0	0	0	0	0	0	0
11	12	1	0	0	0	0	0	0
11	12	2	0	0	0	0	0	0
11	12	3	0	0	0	0	0	0
11	12	4	0	0	0	0	0	0
11	12	5	0	0	0	0	0	0
11	12	6	0	0	0	0	0	0
11	12	7	0	0	0	0	0	0
11	12	8	0	0	0	0	0	0
11	12	9	0	0	0	0	0	0
11	12	10	0	0	0	0	0	0
11	12	11	0	0	0	0	0	0
11	12	12	0	0	0	0	0	0
12	-12	-12	0	0	0	0	0	0
12	-12	-11	0	0	0	0	0	0
12	-12	-10	0	0	0	0	0	0
12	-12	-9	0	0	0	0	0	0
12	-12	-8	0	0	0	0	0	0
12	-12	-7	0	0	0	0	0	0
12	-12	-6	0	0	0	0	0	0
12	-12	-5	0	0	0	0	0	0
12	-12	-4	0	0	0	0	0	0
12	-12	-3	0	0	0	0	0	0
12	-12	-2	0	0	0	0	0	0
12	-12	-1	0	0	0	0	0	0
12	-12	0	0	0	0	0	0	0
12	-12	1	0	0	0	0	0	0
12	-12	2	0	0	0	0	0	0
12	-12	3	0	0	0	0	0	0
12	-12	4	0	0	0	0	0	0
12	-12	5	0	0	0	0	0	0
12	-12	6	0	0	0	0	0	0
12	-12	7	0	0	0	0	0	0
12	-12	8	0	0	0	0	0	0
12	-12	9	0	0	0	0	0	0
12	-12	10	0	0	0	0	0	0
12	-12	11	0	0	0	0	0	0
12	-12	12	0	0	0	0	0	0
12	-11	-12	0	0	0	0	0	0
12	-11	-11	0	0	0	0	0	0
12	-11	-10	0	0	0	0	0	0
12	-11	-9	0	0	0	0	0	0
12	-11	-8	0	0	0	0	0	0
12	-11	-7	0	0	0	0	0	0
12	-11	-6	0	0	0	0	0	0
12	-11	-5	0	0	0	0	0	0
12	-11	-4	0	0	0	0	0	0
12	-11	-3	0	0	0	0	0	0
12	-11	-2	0	0	0	0	0	0
12	-11	-1	0	0	0	0	0	0
12	-11	0	0	0	0	0	0	0
12	-11	1	0	0	0	0	0	0
12	-11	2	0	0	0	0	0	0
12	-11	3	0	0	0	0	0	0
12	-11	4	0	0	0	0	0	0
12	-11	5	0	0	0	0	0	0
12	-11	6	0	0	0	0	0	0
12	-11	7	0	0	0	0	0	0
12	-11	8	0	0	0	0	0	0
12	-11	9	0	0	0	0	0	0
12	-11	10	0	0	0	0	0	0
12	-11	11	0	0	0	0	0	0
12	-11	12	0	0	0	0	0	0
12	-10	-12	0	0	0	0	0	0
12	-10	-11	0	0	0	0	0	0
12	-10	-10	0	0	0	0	0	0
12	-10	-9	0	0	0	0	0	0
12	-10	-8	0	0	0	0	0	0
12	-10	-7	0	0	0	0	0	0
12	-10	-6	0	0	0	0	0	0
12	-10	-5	0	0	0	0	0	0
12	-10	-4	0	0	0	0	0	0
12	-10	-3	0	0	0	0	0	0
12	-10	-2	0	0	0	0	0	0
12	-10	-1	0	0	0	0	0	0
12	-10	0	0	0	0	0	0	0
12	-10	1	0	0	0	0	0	0
12	-10	2	0	0	0	0	0	0
12	-10	3	0	0	0	0	0	0
12	-10	4	0	0	0	0	0	0
12	-10	5	0	0	0	0	0	0
12	-10	6	0	0	0	0	0	0
12	-10	7	0	0	0	0	0	0
12	-10	8	0	0	0	0	0	0
12	-10	9	0	0	0	0	0	0
12	-10	10	0	0	0	0	0	0
12	-10	11	0	0	0	0	0	0
12	-10	12	0	0	0	0	0	0
12	-9	-12	0	0	0	0	0	0
12	-9	-11	0	0	0	0	0	0
12	-9	-10	0	0	0	0	0	0
12	-9	-9	0	0	0	0	0	0
12	-9	-8	0	0	0	0	0	0
12	-9	-7	0	0	0	0	0	0
12	-9	-6	0	0	0	0	0	0
12	-9	-5	0	0	0	0	0	0
12	-9	-4	0	0	0	0	0	0
12	-9	-3	0	0	0	0	0	0
12	-9	-2	0	0	0	0	0	0
12	-9	-1	0	0	0	0	0	0
12	-9	0	0	0	0	0	0	0
12	-9	1	0	0	0	0	0	0
12	-9	2	0	0	0	0	0	0
12	-9	3	0	0	0	0	0	0
12	-9	4	0	0	0	0	0	0
12	-9	5	0	0	0	0	0	0
12	-9	6	0	0	0	0	0	0
12	-9	7	0	0	0	0	0	0
12	-9	8	0	0	0	0	0	0
12	-9	9	0	0	0	0	0	0
12	-9	10	0	0	0	0	0	0
12	-9	11	0	0	0	0	0	0
12	-9	12	0	0	0	0	0	0
12	-8	-12	0	0	0	0	0	0
12	-8	-11	0	0	0	0	0	0
12	-8	-10	0	0	0	0	0	0
12	-8	-9	0	0	0	0	0	0
12	-8	-8	0	0	0	0	0	0
12	-8	-7	0	0	0	0	0	0
12	-8	-6	0	0	0	0	0	0
12	-8	-5	0	0	0	0	0	0
12	-8	-4	0	0	0	0	0	0
12	-8	-3	0	0	0	0	0	0
12	-8	-2	0	0	0	0	0	0
12	-8	-1	0	0	0	0	0	0
12	-8	0	0	0	0	0	0	0
12	-8	1	0	0	0	0	0	0
12	-8	2	0	0	0	0	0	0
12	-8	3	0	0	0	0	0	0
12	-8	4	0	0	0	0	0	0
12	-8	5	0	0	0	0	0	0
12	-8	6	0	0	0	0	0	0
12	-8	7	0	0	0	0	0	0
12	-8	8	0	0	0	0	0	0
12	-8	9	0	0	0	0	0	0
12	-8	10	0	0	0	0	0	0
12	-8	11	0	0	0	0	0	0
12	-8	12	0	0	0	0	0	0
12	-7	-12	0	0	0	0	0	0
12	-7	-11	0	0	0	0	0	0
12	-7	-10	0	0	0	0	0	0
12	-7	-9	0	0	0	0	0	0
12	-7	-8	0	0	0	0	0	0
12	-7	-7	0	0	0	0	0	0
12	-7	-6	0	0	0	0	0	0
12	-7	-5	0	0	0	0	0	0
12	-7	-4	0	0	0	0	0	0
12	-7	-3	0	0	0	0	0	0
12	-7	-2	0	0	0	0	0	0
12	-7	-1	0	0	0	0	0	0
12	-7	0	0	0	0	0	0	0
12	-7	1	0	0	0	0	0	0
12	-7	2	0	0	0	0	0	0
12	-7	3	0	0	0	0	0	0
12	-7	4	0	0	0	0	0	0
12	-7	5	0	0	0	0	0	0
12	-7	6	0	0	0	0	0	0
12	-7	7	0	0	0	0	0	0
12	-7	8	0	0	0	0	0	0
12	-7	9	0	0	0	0	0	0
12	-7	10	0	0	0	0	0	0
12	-7	11	0	0	0	0	0	0
12	-7	12	0	0	0	0	0	0
12	-6	-12	0	0	0	0	0	0
12	-6	-11	0	0	0	0	0	0
12	-6	-10	0	0	0	0	0	0
12	-6	-9	0	0	0	0	0	0
12	-6	-8	0	0	0	0	0	0
12	-6	-7	0	0	0	0	0	0
12	-6	-6	0	0	0	0	0	0
12	-6	-5	0	0	0	0	0	0
12	-6	-4	0	0	0	0	0	0
12	-6	-3	0	0	0	0	0	0
12	-6	-2	0	0	0	0	0	0
12	-6	-1	0	0	0	0	0	0
12	-6	0	0	0	0	0	0	0
12	-6	1	0	0	0	0	0	0
12	-6	2	0	0	0	0	0	0
12	-6	3	0	0	0	0	0	0
12	-6	4	0	0	0	0	0	0
12	-6	5	0	0	0	0	0	0
12	-6	6	0	0	0	0	0	0
12	-6	7	0	0	0	0	0	0
12	-6	8	0	0	0	0	0	0
12	-6	9	0	0	0	0	0	0
12	-6	10	0	0	0	0	0	0
12	-6	11	0	0	0	0	0	0
12	-6	12	0	0	0	0	0	0
12	-5	-12	0	0	0	0	0	0
12	-5	-11	0	0	0	0	0	0
12	-5	-10	0	0	0	0	0	0
12	-5	-9	0	0	0	0	0	0
12	-5	-8	0	0	0	0	0	0
12	-5	-7	0	0	0	0	0	0
12	-5	-6	0	0	0	0	0	0
12	-5	-5	0	0	0	0	0	0
12	-5	-4	0	0	0	0	0	0
12	-5	-3	0	0	0	0	0	0
12	-5	-2	0	0	0	0	0	0
12	-5	-1	0	0	0	0	0	0
12	-5	0	0	0	0	0	0	0
12	-5	1	0	0	0	0	0	0
12	-5	2	0	0	0	0	0	0
12	-5	3	0	0	0	0	0	0
12	-5	4	0	0	0	0	0	0
12	-5	5	0	0	0	0	0	0
12	-5	6	0	0	0	0	0	0
12	-5	7	0	0	0	0	0	0
12	-5	8	0	0	0	0	0	0
12	-5	9	0	0	0	0	0	0
12	-5	10	0	0	0	0	0	0
12	-5	11	0	0	0	0	0	0
12	-5	12	0	0	0	0	0	0
12	-4	-12	0	0	0	0	0	0
12	-4	-11	0	0	0	0	0	0
12	-4	-10	0	0	0	0	0	0
12	-4	-9	0	0	0	0	0	0
12	-4	-8	0	0	0	0	0	0
12	-4	-7	0	0	0	0	0	0
12	-4	-6	0	0	0	0	0	0
12	-4	-5	0	0	0	0	0	0
12	-4	-4	0	0	0	0	0	0
12	-4	-3	0	0	0	0	0	0
12	-4	-2	0	0	0	0	0	0
12	-4	-1	0	0	0	0	0	0
12	-4	0	0	0	0	0	0	0
12	-4	1	0	0	0	0	0	0
12	-4	2	0	0	0	0	0	0
12	-4	3	0	0	0	0	0	0
12	-4	4	0	0	0	0	0	0
12	-4	5	0	0	0	0	0	0
12	-4	6	0	0	0	0	0	0
12	-4	7	0	0	0	0	0	0
12	-4	8	0	0	0	0	0	0
12	-4	9	0	0	0	0	0	0
12	-4	10	0	0	0	0	0	0
12	-4	11	0	0	0	0	0	0
12	-4	12	0	0	0	0	0	0
12	-3	-12	0	0	0	0	0	0
12	-3	-11	0	0	0	0	0	0
12	-3	-10	0	0	0	0	0	0
12	-3	-9	0	0	0	0	0	0
12	-3	-8	0	0	0	0	0	0
12	-3	-7	0	0	0	0	0	0
12	-3	-6	0	0	0	0	0	0
12	-3	-5	0	0	0	0	0	0
12	-3	-4	0	0	0	0	0	0
12	-3	-3	0	0	0	0	0	0
12	-3	-2	0	0	0	0	0	0
12	-3	-1	0	0	0	0	0	0
12	-3	0	0	0	0	0	0	0
12	-3	1	0	0	0	0	0	0
12	-3	2	0	0	0	0	0	0
12	-3	3	0	0	0	0	0	0
12	-3	4	0	0	0	0	0	0
12	-3	5	0	0	0	0	0	0
12	-3	6	0	0	0	0	0	0
12	-3	7	0	0	0	0	0	0
12	-3	8	0	0	0	0	0	0
12	-3	9	0	0	0	0	0	0
12	-3	10	0	0	0	0	0	0
12	-3	11	0	0	0	0	0	0
12	-3	12	0	0	0	0	0	0
12	-2	-12	0	0	0	0	0	0
12	-2	-11	0	0	0	0	0	0
12	-2	-10	0	0	0	0	0	0
12	-2	-9	0	0	0	0	0	0
12	-2	-8	0	0	0	0	0	0
12	-2	-7	0	0	0	0	0	0
12	-2	-6	0	0	0	0	0	0
12	-2	-5	0	0	0	0	0	0
12	-2	-4	0	0	0	0	0	0
12	-2	-3	0	0	0	0	0	0
12	-2	-2	0	0	0	0	0	0
12	-2	-1	0	0	0	0	0	0
12	-2	0	0	0	0	0	0	0
12	-2	1	0	0	0	0	0	0
12	-2	2	0	0	0	0	0	0
12	-2	3	0	0	0	0	0	0
12	-2	4	0	0	0	0	0	0
12	-2	5	0	0	0	0	0	0
12	-2	6	0	0	0	0	0	0
12	-2	7	0	0	0	0	0	0
12	-2	8	0	0	0	0	0	0
12	-2	9	0	0	0	0	0	0
12	-2	10	0	0	0	0	0	0
12	-2	11	0	0	0	0	0	0
12	-2	12	0	0	0	0	0	0
12	-1	-12	0	0	0	0	0	0
12	-1	-11	0	0	0	0	0	0
12	-1	-10	0	0	0	0	0	0
12	-1	-9	0	0	0	0	0	0
12	-1	-8	0	0	0	0	0	0
12	-1	-7	0	0	0	0	0	0
12	-1	-6	0	0	0	0	0	0
12	-1	-5	0	0	0	0	0	0
12	-1	-4	0	0	0	0	0	0
12	-1	-3	0	0	0	0	0	0
12	-1	-2	0	0	0	0	0	0
12	-1	-1	0	0	0	0	0	0
12	-1	0	0	0	0	0	0	0
12	-1	1	0	0	0	0	0	0
12	-1	2	0	0	0	0	0	0
12	-1	3	0	0	0	0	0	0
12	-1	4	0	0	0	0	0	0
12	-1	5	0	0	0	0	0	0
12	-1	6	0	0	0	0	0	0
12	-1	7	0	0	0	0	0	0
12	-1	8	0	0	0	0	0	0
12	-1	9	0	0	0	0	0	0
12	-1	10	0	0	0	0	0	0
12	-1	11	0	0	0	0	0	0
12	-1	12	0	0	0	0	0	0
12	0	-12	0	0	0	0	0	0
12	0	-11	0	0	0	0	0	0
12	0	-10	0	0	0	0	0	0
12	0	-9	0	0	0	0	0	0
12	0	-8	0	0	0	0	0	0
12	0	-7	0	0	0	0	0	0
12	0	-6	0	0	0	0	0	0
12	0	-5	0	0	0	0	0	0
12	0	-4	0	0	0	0	0	0
12	0	-3	0	0	0	0	0	0
12	0	-2	0	0	0	0	0	0
12	0	-1	0	0	0	0	0	0
12	0	0	0	0	0	0	0	0
12	0	1	0	0	0	0	0	0
12	0	2	0	0	0	0	0	0
12	0	3	0	0	0	0	0	0
12	0	4	0	0	0	0	0	0
12	0	5	0	0	0	0	0	0
12	0	6	0	0	0	0	0	0
12	0	7	0	0	0	0	0	0
12	0	8	0	0	0	0	0	0
12	0	9	0	0	0	0	0	0
12	0	10	0	0	0	0	0	0
12	0	11	0	0	0	0	0	0
12	0	12	0	0	0	0	0	0
12	1	-12	0	0	0	0	0	0
12	1	-11	0	0	0	0	0	0
12	1	-10	0	0	0	0	0	0
12	1	-9	0	0	0	0	0	0
12	1	-8	0	0	0	0	0	0
12	1	-7	0	0	0	0	0	0
12	1	-6	0	0	0	0	0	0
12	1	-5	0	0	0	0	0	0
12	1	-4	0	0	0	0	0	0
12	1	-3	0	0	0	0	0	0
12	1	-2	0	0	0	0	0	0
12	1	-1	0	0	0	0	0	0
12	1	0	0	0	0	0	0	0
12	1	1	0	0	0	0	0	0
12	1	2	0	0	0	0	0	0
12	1	3	0	0	0	0	0	0
12	1	4	0	0	0	0	0	0
12	1	5	0	0	0	0	0	0
12	1	6	0	0	0	0	0	0
12	1	7	0	0	0	0	0	0
12	1	8	0	0	0	0	0	0
12	1	9	0	0	0	0	0	0
12	1	10	0	0	0	0	0	0
12	1	11	0	0	0	0	0	0
12	1	12	0	0	0	0	0	0
12	2	-12	0	0	0	0	0	0
12	2	-11	0	0	0	0	0	0
12	2	-10	0	0	0	0	0	0
12	2	-9	0	0	0	0	0	0
12	2	-8	0	0	0	0	0	0
12	2	-7	0	0	0	0	0	0
12	2	-6	0	0	0	0	0	0
12	2	-5	0	0	0	0	0	0
12	2	-4	0	0	0	0	0	0
12	2	-3	0	0	0	0	0	0
12	2	-2	0	0	0	0	0	0
12	2	-1	0	0	0	0	0	0
12	2	0	0	0	0	0	0	0
12	2	1	0	0	0	0	0	0
12	2	2	0	0	0	0	0	0
12	2	3	0	0	0	0	0	0
12	2	4	0	0	0	0	0	0
12	2	5	0	0	0	0	0	0
12	2	6	0	0	0	0	0	0
12	2	7	0	0	0	0	0	0
12	2	8	0	0	0	0	0	0
12	2	9	0	0	0	0	0	0
12	2	10	0	0	0	0	0	0
12	2	11	0	0	0	0	0	0
12	2	12	0	0	0	0	0	0
12	3	-12	0	0	0	0	0	0
12	3	-11	0	0	0	0	0	0
12	3	-10	0	0	0	0	0	0
12	3	-9	0	0	0	0	0	0
12	3	-8	0	0	0	0	0	0
12	3	-7	0	0	0	0	0	0
12	3	-6	0	0	0	0	0	0
12	3	-5	0	0	0	0	0	0
12	3	-4	0	0	0	0	0	0
12	3	-3	0	0	0	0	0	0
12	3	-2	0	0	0	0	0	0
12	3	-1	0	0	0	0	0	0
12	3	0	0	0	0	0	0	0
12	3	1	0	0	0	0	0	0
12	3	2	0	0	0	0	0	0
12	3	3	0	0	0	0	0	0
12	3	4	0	0	0	0	0	0
12	3	5	0	0	0	0	0	0
12	3	6	0	0	0	0	0	0
12	3	7	0	0	0	0	0	0
12	3	8	0	0	0	0	0	0
12	3	9	0	0	0	0	0	0
12	3	10	0	0	0	0	0	0
12	3	11	0	0	0	0	0	0
12	3	12	0	0	0	0	0	0
12	4	-12	0	0	0	0	0	0
12	4	-11	0	0	0	0	0	0
12	4	-10	0	0	0	0	0	0
12	4	-9	0	0	0	0	0	0
12	4	-8	0	0	0	0	0	0
12	4	-7	0	0	0	0	0	0
12	4	-6	0	0	0	0	0	0
12	4	-5	0	0	0	0	0	0
12	4	-4	0	0	0	0	0	0
12	4	-3	0	0	0	0	0	0
12	4	-2	0	0	0	0	0	0
12	4	-1	0	0	0	0	0	0
12	4	0	0	0	0	0	0	0
12	4	1	0	0	0	0	0	0
12	4	2	0	0	0	0	0	0
12	4	3	0	0	0	0	0	0
12	4	4	0	0	0	0	0	0
12	4	5	0	0	0	0	0	0
12	4	6	0	0	0	0	0	0
12	4	7	0	0	0	0	0	0
12	4	8	0	0	0	0	0	0
12	4	9	0	0	0	0	0	0
12	4	10	0	0	0	0	0	0
12	4	11	0	0	0	0	0	0
12	4	12	0	0	0	0	0	0
12	5	-12	0	0	0	0	0	0
12	5	-11	0	0	0	0	0	0
12	5	-10	0	0	0	0	0	0
12	5	-9	0	0	0	0	0	0
12	5	-8	0	0	0	0	0	0
12	5	-7	0	0	0	0	0	0
12	5	-6	0	0	0	0	0	0
12	5	-5	0	0	0	0	0	0
12	5	-4	0	0	0	0	0	0
12	5	-3	0	0	0	0	0	0
12	5	-2	0	0	0	0	0	0
12	5	-1	0	0	0	0	0	0
12	5	0	0	0	0	0	0	0
12	5	1	0	0	0	0	0	0
12	5	2	0	0	0	0	0	0
12	5	3	0	0	0	0	0	0
12	5	4	0	0	0	0	0	0
12	5	5	0	0	0	0	0	0
12	5	6	0	0	0	0	0	0
12	5	7	0	0	0	0	0	0
12	5	8	0	0	0	0	0	0
12	5	9	0	0	0	0	0	0
12	5	10	0	0	0	0	0	0
12	5	11	0	0	0	0	0	0
12	5	12	0	0	0	0	0	0
12	6	-12	0	0	0	0	0	0
12	6	-11	0	0	0	0	0	0
12	6	-10	0	0	0	0	0	0
12	6	-9	0	0	0	0	0	0
12	6	-8	0	0	0	0	0	0
12	6	-7	0	0	0	0	0	0
12	6	-6	0	0	0	0	0	0
12	6	-5	0	0	0	0	0	0
12	6	-4	0	0	0	0	0	0
12	6	-3	0	0	0	0	0	0
12	6	-2	0	0	0	0	0	0
12	6	-1	0	0	0	0	0	0
12	6	0	0	0	0	0	0	0
12	6	1	0	0	0	0	0	0
12	6	2	0	0	0	0	0	0
12	6	3	0	0	0	0	0	0
12	6	4	0	0	0	0	0	0
12	6	5	0	0	0	0	0	0
12	6	6	0	0	0	0	0	0
12	6	7	0	0	0	0	0	0
12	6	8	0	0	0	0	0	0
12	6	9	0	0	0	0	0	0
12	6	10	0	0	0	0	0	0
12	6	11	0	0	0	0	0	0
12	6	12	0	0	0	0	0	0
12	7	-12	0	0	0	0	0	0
12	7	-11	0	0	0	0	0	0
12	7	-10	0	0	0	0	0	0
12	7	-9	0	0	0	0	0	0
12	7	-8	0	0	0	0	0	0
12	7	-7	0	0	0	0	0	0
12	7	-6	0	0	0	0	0	0
12	7	-5	0	0	0	0	0	0
12	7	-4	0	0	0	0	0	0
12	7	-3	0	0	0	0	0	0
12	7	-2	0	0	0	0	0	0
12	7	-1	0	0	0	0	0	0
12	7	0	0	0	0	0	0	0
12	7	1	0	0	0	0	0	0
12	7	2	0	0	0	0	0	0
12	7	3	0	0	0	0	0	0
12	7	4	0	0	0	0	0	0
12	7	5	0	0	0	0	0	0
12	7	6	0	0	0	0	0	0
12	7	7	0	0	0	0	0	0
12	7	8	0	0	0	0	0	0
12	7	9	0	0	0	0	0	0
12	7	10	0	0	0	0	0	0
12	7	11	0	0	0	0	0	0
12	7	12	0	0	0	0	0	0
12	8	-12	0	0	0	0	0	0
12	8	-11	0	0	0	0	0	0
12	8	-10	0	0	0	0	0	0
12	8	-9	0	0	0	0	0	0
12	8	-8	0	0	0	0	0	0
12	8	-7	0	0	0	0	0	0
12	8	-6	0	0	0	0	0	0
12	8	-5	0	0	0	0	0	0
12	8	-4	0	0	0	0	0	0
12	8	-3	0	0	0	0	0	0
12	8	-2	0	0	0	0	0	0
12	8	-1	0	0	0	0	0	0
12	8	0	0	0	0	0	0	0
12	8	1	0	0	0	0	0	0
12	8	2	0	0	0	0	0	0
12	8	3	0	0	0	0	0	0
12	8	4	0	0	0	0	0	0
12	8	5	0	0	0	0	0	0
12	8	6	0	0	0	0	0	0
12	8	7	0	0	0	0	0	0
12	8	8	0	0	0	0	0	0
12	8	9	0	0	0	0	0	0
12	8	10	0	0	0	0	0	0
12	8	11	0	0	0	0	0	0
12	8	12	0	0	0	0	0	0
12	9	-12	0	0	0	0	0	0
12	9	-11	0	0	0	0	0	0
12	9	-10	0	0	0	0	0	0
12	9	-9	0	0	0	0	0	0
12	9	-8	0	0	0	0	0	0
12	9	-7	0	0	0	0	0	0
12	9	-6	0	0	0	0	0	0
12	9	-5	0	0	0	0	0	0
12	9	-4	0	0	0	0	0	0
12	9	-3	0	0	0	0	0	0
12	9	-2	0	0	0	0	0	0
12	9	-1	0	0	0	0	0	0
12	9	0	0	0	0	0	0	0
12	9	1	0	0	0	0	0	0
12	9	2	0	0	0	0	0	0
12	9	3	0	0	0	0	0	0
12	9	4	0	0	0	0	0	0
12	9	5	0	0	0	0	0	0
12	9	6	0	0	0	0	0	0
12	9	7	0	0	0	0	0	0
12	9	8	0	0	0	0	0	0
12	9	9	0	0	0	0	0	0
12	9	10	0	0	0	0	0	0
12	9	11	0	0	0	0	0	0
12	9	12	0	0	0	0	0	0
12	10	-12	0	0	0	0	0	0
12	10	-11	0	0	0	0	0	0
12	10	-10	0	0	0	0	0	0
12	10	-9	0	0	0	0	0	0
12	10	-8	0	0	0	0	0	0
12	10	-7	0	0	0	0	0	0
12	10	-6	0	0	0	0	0	0
12	10	-5	0	0	0	0	0	0
12	10	-4	0	0	0	0	0	0
12	10	-3	0	0	0	0	0	0
12	10	-2	0	0	0	0	0	0
12	10	-1	0	0	0	0	0	0
12	10	0	0	0	0	0	0	0
12	10	1	0	0	0	0	0	0
12	10	2	0	0	0	0	0	0
12	10	3	0	0	0	0	0	0
12	10	4	0	0	0	0	0	0
12	10	5	0	0	0	0	0	0
12	10	6	0	0	0	0	0	0
12	10	7	0	0	0	0	0	0
12	10	8	0	0	0	0	0	0
12	10	9	0	0	0	0	0	0
12	10	10	0	0	0	0	0	0
12	10	11	0	0	0	0	0	0
12	10	12	0	0	0	0	0	0
12	11	-12	0	0	0	0	0	0
12	11	-11	0	0	0	0	0	0
12	11	-10	0	0	0	0	0	0
12	11	-9	0	0	0	0	0	0
12	11	-8	0	0	0	0	0	0
12	11	-7	0	0	0	0	0	0
12	11	-6	0	0	0	0	0	0
12	11	-5	0	0	0	0	0	0
12	11	-4	0	0	0	0	0	0
12	11	-3	0	0	0	0	0	0
12	11	-2	0	0	0	0	0	0
12	11	-1	0	0	0	0	0	0
12	11	0	0	0	0	0	0	0
12	11	1	0	0	0	0	0	0
12	11	2	0	0	0	0	0	0
12	11	3	0	0	0	0	0	0
12	11	4	0	0	0	0	0	0
12	11	5	0	0	0	0	0	0
12	11	6	0	0	0	0	0	0
12	11	7	0	0	0	0	0	0
12	11	8	0	0	0	0	0	0
12	11	9	0	0	0	0	0	0
12	11	10	0	0	0	0	0	0
12	11	11	0	0	0	0	0	0
12	11	12	0	0	0	0	0	0
12	12	-12	0	0	0	0	0	0
12	12	-11	0	0	0	0	0	0
12	12	-10	0	0	0	0	0	0
12	12	-9	0	0	0	0	0	0
12	12	-8	0	0	0	0	0	0
12	12	-7	0	0	0	0	0	0
12	12	-6	0	0	0	0	0	0
12	12	-5	0	0	0	0	0	0
12	12	-4	0	0	0	0	0	0
12	12	-3	0	0	0	0	0	0
12	12	-2	0	0	0	0	0	0
12	12	-1	0	0	0	0	0	0
12	12	0	0	0	0	0	0	0
12	12	1	0	0	0	0	0	0
12	12	2	0	0	0	0	0	0
12	12	3	0	0	0	0	0	0
12	12	4	0	0	0	0	0	0
12	12	5	0	0	0	0	0	0
12	12	6	0	0	0	0	0	0
12	12	7	0	0	0	0	0	0
12	12	8	0	0	0	0	0	0
12	12	9	0	0	0	0	0	0
12	12	10	0	0	0	0	0	0
12	12	11	0	0	0	0	0	0
12	12	12	0	0	0	0	0	0
