# completed local quartic closure restart checkpoint; cutoff=4; restart=10; seed=6579046571358008433; objective=shape-power-ratio; selection=doubling-remainder; optimized_objective=1.57464585066625277e-11; refined_objective=0; accepted_steps=16; candidate_lemma_proved=false
kx	ky	kz	ux_re	ux_im	uy_re	uy_im	uz_re	uz_im
-4	-4	-4	-0.00023080488775478746888	-0.0020282856286332243655	0.0001234135867212718602	-0.00058543275875978285656	0.00010739130103351560868	0.0026137183873930075473
-4	-4	-3	-0.00052071641179693190123	6.135654768484868557e-05	0.00059472429555606554953	-0.00029355410985082495794	-9.8677178345511594318e-05	0.00030959674955463502982
-4	-4	-2	-0.00036133288212133421891	-0.00029071238382192193589	0.00042197242494714654049	0.00027312090328386379092	-0.00012127908565162462959	3.5182961076116256048e-05
-4	-4	-1	0.00010421250684876538902	0.00023687872653130784381	-9.7323091044995222311e-05	-5.2635183798601975665e-05	-2.7557663215080632974e-05	-0.00073697417093082347259
-4	-4	0	-0.00059179511355515995296	0.00068445581727994623915	0.00059179511355515995296	-0.00068445581727994623915	0.00083271026925484819582	0.00027298190332178688591
-4	-4	1	-0.0003120970084999753584	-0.00012278351398497348575	0.00038480717121149152129	0.00011057763546231584671	0.00029084065084606459733	-4.8823514090630576489e-05
-4	-4	2	0.00056457373523972605254	-0.00038950369133411942828	-0.00060465336351743319537	0.00051010014372202439233	-8.015925655541425855e-05	0.00024119290477580998229
-4	-4	3	0.00037451535719747652744	0.00055718274279538458713	-6.9189578243244076634e-05	-0.00037039978852835880787	0.00040710103860564324967	0.00024904393902270107516
-4	-4	4	-0.0026840467534888505681	-0.0014696138867217928194	0.0032549587395149740671	0.00042283289137003945892	0.00057091198602612328213	-0.0010467809953517532521
-4	-3	-4	-6.9115269992880664415e-05	0.00049790669729871052558	-2.4841051228708156559e-05	-0.00053638441680813238061	8.7746058414411786069e-05	-9.5618384692611253675e-05
-4	-3	-3	-0.00037617872714626238075	0.00031130911900291961683	0.00068164674666221073719	0.00055562885958572612571	-0.00018007511046719425663	-0.00097070768492295224535
-4	-3	-2	0.00045359791780630488852	0.00043787777686006947378	-0.00034877759970430865805	0.00034038957252761995473	-0.00038402943605614678997	-0.0013863399125115687983
-4	-3	-1	-0.00025931207135073639511	-0.0003296170905010541185	6.2273618501260696889e-05	-6.7790742294290189194e-05	0.00085042742989916353044	0.001521840588887086879
-4	-3	0	-0.00010528282677361174393	-0.00054592629022588755675	0.0001403771023648156405	0.00072790172030118337285	-0.00073812565809150258202	0.0018646484788856800257
-4	-3	1	0.00096528310524695139314	-0.00051538969451410474986	-0.0010097550943636741938	0.00090826141832201065431	0.00083186713789678255748	0.0006632254769096129635
-4	-3	2	0.0012116877540852848041	0.00025155877196393031277	-0.00082273134114691675364	-0.00075295403901017487949	0.0011892784964501945319	-0.00062631351458740163948
-4	-3	3	-2.8491086449122392157e-05	0.00020747584384956608487	0.00044226834136545776664	-0.00017282129857778004466	0.00040428022609996126183	0.00010381315988830808205
-4	-3	4	6.8335989956979661074e-05	0.00052995787412970954237	-0.00022928490809454249661	-3.1190700532963145949e-06	-0.00010362769111392721138	0.00052761857158973733597
-4	-2	-4	-0.0003486941042435115338	0.00030288821321415977878	0.00024054343754792545363	0.0002179369852177704119	0.00022842238546954879343	-0.00041185670582304502538
-4	-2	-3	0.00024764514799178788309	-0.00041592645491834258136	-0.0007789091325834547868	0.00047598160246159547208	0.00018907922439991933805	0.00023724753825005981183
-4	-2	-2	-0.00075062698384935442209	-0.00064304033923719627289	0.0014029236359671729516	0.00021693682321242326191	9.8330331731535906164e-05	0.0010691438552619693652
-4	-2	-1	0.00040905895749768157775	-0.00051256323676547534043	0.0010446440269468260185	-3.4513521106102441958e-05	-0.0037255238838843785648	0.0021192799892741061643
-4	-2	0	0.00018612624485190128664	0.00083588997919498760503	-0.00037225248970380257329	-0.0016717799583899752101	-0.0017138040503397438535	0.0031440140641484540067
-4	-2	1	-0.00048027663595644323529	0.00045086165507150240518	0.0011068180607065765658	-0.0009512271766364893081	0.00029252957758738024454	-9.9007732986969063213e-05
-4	-2	2	-0.00053004001281082072355	0.0011638737934164329786	0.0011681271070828960768	-0.00011979977998452813318	0.00010804708146125464321	0.0022079478068483377427
-4	-2	3	-0.0013089020614779666232	0.00025201456746935839903	0.00025642207694148786822	0.0006396580791592065135	-0.0015742546973429635132	0.00076245814273194891051
-4	-2	4	-0.00045128062622085026974	-0.00075281939809988959126	-0.00040092565659325041976	0.00046166301577103564238	-0.00065174345451747550673	-0.00052198789021437185139
-4	-1	-4	-0.00029633535801284154173	-0.00081435141853384380908	-8.1223114016411497064e-05	-0.00048107464362030311284	0.0003166411365169444431	0.00093462007943891968215
-4	-1	-3	0.00067336490494113718838	5.672454984844346325e-05	-0.00019604972204973213122	-0.00013318006423960310723	-0.00083246996590493889216	-3.1239378384723588699e-05
-4	-1	-2	0.00046282865720098518214	-0.00012492724537397975268	-0.0011039962614395066459	0.0016202959461179898375	-0.00037365918368221709553	-0.00056029348231103541338
-4	-1	-1	0.0014957138104231383971	0.00043480748609583263911	-0.0006864835691737034961	-0.0018045823488487449174	-0.0052963716725188498755	6.5352404465414388026e-05
-4	-1	0	-0.00022793306430233885892	-0.00031707812381384517866	0.00091173225720935543569	0.0012683124952553807147	0.0037709641596165451548	-0.0023216312892412158293
-4	-1	1	-0.0013557379208558426216	-0.00034982793226857568846	0.0031041325615942137392	0.00069341245067151369239	-0.0023188191218291571809	-0.00070589927840278906147
-4	-1	2	-0.0016787475284161419709	0.00041119259915088304412	-0.00099606868930113561141	-0.0014179315134977461561	-0.003855529401482851639	0.00011341944155289295599
-4	-1	3	-0.00026038880236651569143	-0.00081546063445797276059	-0.0001673344465495667135	4.1404367456279900391e-05	-0.00040296321867187650211	-0.0010734793901252036395
-4	-1	4	0.00056371406041807277029	0.00017079883841189066776	-0.00020928016954023433843	-0.00074842738624012134299	0.00051139401803301418568	-1.6308008148139661213e-05
-4	0	-4	0.00038083864170708643659	0.00029330986597866915127	0.00092018807050042749664	0.00028933423089200015861	-0.00038083864170708643659	-0.00029330986597866915127
-4	0	-3	-0.00032141283032595922581	0.0010087241094499355652	0.00012402278118312401955	0.0011200790400682383938	0.00042855044043461226495	-0.0013449654792665806814
-4	0	-2	-0.00031623691194663302185	-0.0002486716008488240961	0.001908398198954702708	0.0022702095659804149078	0.0006324738238932660437	0.0004973432016976481922
-4	0	-1	-0.0023506079026576016597	0.0012657621087193726174	0.0046464088105164572107	0.0029645249918753397399	0.0094024316106304066387	-0.0050630484348774904696
-4	0	0	0	-0	-0.0070454254961187746595	-0.003205845975645893204	0.0053773567649166046853	0.0030845360652833418019
-4	0	1	-0.0019895373973835995401	7.7051553076044440225e-05	-0.0081429445983874117199	0.0034183329058396810969	-0.0079581495895343981606	0.0003082062123041777609
-4	0	2	-0.00064534420148080551619	-0.0019774915244494010655	-0.0034358659639963013734	-0.0028314228961253385362	-0.0012906884029616110324	-0.003954983048898802131
-4	0	3	0.00015761372063832410333	0.00048719646638707372497	0.00083416089673842453312	-0.00013197627744216894135	0.00021015162751776548015	0.00064959528851609826382
-4	0	4	-0.00039631147133103447134	0.00087317385713782098931	0.00050010941022951538835	0.00063225352302375076655	-0.00039631147133103447134	0.00087317385713782098931
-4	1	-4	-0.00040157334711097425342	0.00027937172733878093845	0.000121149313988729902	-0.00014016776410438120987	0.00043186067560815671537	-0.00031441366836487623414
-4	1	-3	9.2224483840726113946e-05	-0.00066361140532929740153	0.00012122363705986696444	-0.00040747271696444991793	-8.2558099434345839484e-05	0.00074899096811757985993
-4	1	-2	0.00059947690854283389346	-0.00047457864911290076814	-0.00015748389749755095147	-0.0021253943792605761373	-0.0012776957658344433033	-0.00011353989140448650526
-4	1	-1	0.0017974816846905816541	-0.0037204296847357324479	0.0038218984808239615976	-0.00547284191161187452	-0.003368028257938364585	0.0094088768273310544044
-4	1	0	0.00030931957021416886218	3.8930490192539649136e-06	0.0012372782808566754487	1.5572196077015859655e-05	-0.011130428610233632225	-0.00058839183234572463646
-4	1	1	0.0011820149458490608607	-0.00038108953880516230773	0.00027674747977783685591	-5.466793289751963427e-05	0.0044513123036184062617	-0.0014696902223231295831
-4	1	2	-0.00050844712258089051239	0.0031985852378869257528	0.0010835677336435702803	0.0037268644268118561284	-0.0015586781119835662734	0.004533738262367924092
-4	1	3	-0.0008562559609129672452	0.000377250394387993761	-0.00072729728954964534098	-0.00020243869547809903615	-0.00089924218470074121327	0.00057048009101002465724
-4	1	4	-2.4635498030450030848e-05	-0.0006392936827280319657	-0.00086757369590323104615	-0.00027265787571302839334	0.0001922579259453577273	-0.00057112921379977484027
-4	2	-4	0.00025374301223228312501	-0.00046385665298614943072	-0.00012960524640136657183	0.00033441235459096848139	-0.00031854563543296643803	0.00063106283028163364431
-4	2	-3	0.00030968374452830591936	0.00052976919566575185992	-0.0010023241266912772274	0.00046048142050085727689	-0.0010811277438319260441	-0.00039937131388709766477
-4	2	-2	0.0010675785124601359748	-0.00045400759096373631248	0.002006032152978265079	9.2152458011708550823e-05	-0.00012912487194200668078	0.00100016763993918123
-4	2	-1	0.000879072247994669995	-0.00073243771975913907028	0.001342863354650449979	-0.0019693028990337910211	-0.00083056228267778013045	-0.0010088549190310255443
-4	2	0	0.00068788477112439354918	0.00077234485284585177763	0.0013757695422487870984	0.0015446897056917035553	0.0027087651628373357604	-0.0038278581925429992945
-4	2	1	0.00096279318859194239211	0.0024572813425957863373	0.0014210452136289776926	0.0027895251154527993948	0.0010090823271098139664	0.0042500751394775456923
-4	2	2	-0.0019337401894773803817	-0.0015363825742801256059	-0.0017722873595980084827	-0.00067224662249572460487	-0.0020951930193567522807	-0.0024005185260645269321
-4	2	3	0.0012296066895512410347	-0.00082682232690514559197	0.0013115262955880229497	-0.00013013652521794125713	0.00076512472234297271029	-0.0010156720857282333387
-4	2	4	0.00060047531384188146484	0.00017565878509607965033	0.00029200525060339753772	9.1885385138378198959e-05	0.00045447268854018275019	0.00012971609252689054407
-4	3	-4	0.00060744921812929308837	0.00050145630035192882527	0.00083540098312190433794	0.0002596635542612327598	1.9101519212135137978e-05	-0.00030670863465600422832
-4	3	-3	-6.4020193171466222818e-05	-0.00030326695381519127789	0.0004580181749757692572	-0.00073113131630545957068	0.00054337843253772423902	-0.00032677537788520447928
-4	3	-2	0.00074110542306252125393	0.00046993222382799465812	0.0014470948530671090375	0.000770469142885328649	0.00068843143347562104836	0.00021583926667200365726
-4	3	-1	-4.9509422361330693481e-05	0.0003767506455341257973	0.00026346818260734541526	0.0007127068160443568879	0.0009884422372673589384	0.00063111786599656736606
-4	3	0	0.00019575808388279576124	6.4226669804997251379e-05	0.00026101077851039433024	8.5635559739996326136e-05	0.00045411209783134372578	0.0010654039035376007809
-4	3	1	-0.00094383636096114647846	-0.0006199214623359862843	-0.0012333727456328247383	-0.00070272191537426478662	-7.5227206946111604123e-05	-0.00037152010322115072314
-4	3	2	0.0019019236575597790045	-0.0013198763806242185502	0.0017607987310716540028	-0.00070889054383094099801	0.0011626492185120771133	-0.0015764169455020253865
-4	3	3	0.00033122157483284807517	0.00076761191981433241419	0.00030983369668226350092	0.00076941261198619633702	0.00013179506976153393264	0.00025406994776624677347
-4	3	4	-0.00033056485459688884866	-0.0001136245813981210344	-0.0006663472863837648693	0.00012960160131869188286	0.00016919561019093477621	-0.00021082578238713995332
-4	4	-4	9.3442973203612909601e-06	-0.00090806256825428093189	0.0025036645324162864687	-0.0019156610485791768488	0.0024943202350959253234	-0.0010075984803248957001
-4	4	-3	0.00078510861218693489896	2.7727645886733545867e-05	0.00038531947430418003958	4.7544627413304094837e-05	-0.00053305218384367325426	2.6422642035427402015e-05
-4	4	-2	-0.00054936823203493906267	-2.7283924389549433056e-05	-0.00064246144870440174621	-2.9563468668147795602e-06	-0.00018618643333892536708	4.8655155045469309532e-05
-4	4	-1	4.4562023610542114943e-05	-4.307407679571417119e-05	3.6046541484556073411e-05	3.1086481583460487148e-06	-3.4061928503944145796e-05	0.00018473089981624088809
-4	4	0	-0.00051464946044520686313	-0.00050420748829767183391	-0.00051464946044520686313	-0.00050420748829767183391	-0.00092251191337627347702	-0.00024608458943348995645
-4	4	1	0.00098277725109613303482	-0.00055637926076907828071	0.00096294922638030669773	-0.00030873358156594541205	7.9312098863305131521e-05	-0.00099058271681253147467
-4	4	2	-0.00062112581145635831128	0.0012212066841753594498	-0.00072404300794383011624	0.0012153832993335230307	0.00020583439297494371834	1.1646769683672995901e-05
-4	4	3	-0.00068157105993438748745	-0.00087718536224333260466	-0.00064378029310683702532	-0.00036058240395012028595	-5.0387689103400566475e-05	-0.00068880394439094975827
-4	4	4	0.0030202565952285854133	-0.00076036771421813327716	4.041561315505830059e-05	-0.0010830674031706757215	0.0029798409820735267603	0.00032269968895254249859
-3	-4	-4	0.00014646416281148324774	5.85416815282037187e-05	-0.00038166434254173855524	-9.7082001728033558803e-05	0.00027181622043312609911	5.3175740581880771472e-05
-3	-4	-3	-0.00027261566923404082895	0.00029226934538594001199	-0.00046088529726189832701	1.2763310806087033346e-05	0.00088712939891657193164	-0.00030928709312738936719
-3	-4	-2	-0.0010014620958216141535	0.00015174151461042493442	0.00088872606976933825763	0.00021005051173395781735	-0.00027525899580625528499	-0.00064771329538355307699
-3	-4	-1	0.00016384394890151318799	0.00029047723530609956049	0.00023946847736501397793	-0.00012265900980577907871	-0.0014494057561645955299	-0.00038079566669518225821
-3	-4	0	0.00091418380938877675732	0.000528852619979693463	-0.00068563785704158256799	-0.00039663946498477009725	-0.00065460852557176448571	-0.00014319796450690117692
-3	-4	1	5.0416656256494038913e-05	0.00044379577785325910119	0.00010762214558715346485	-0.00084503483742271682383	0.00058173855111809597614	-0.0020487520161310899917
-3	-4	2	-0.00053246902156993034493	-0.00099177863502869999766	0.00081236787532011167732	0.00090932840067589918928	0.00082603221828532783725	0.00033098884880874832786
-3	-4	3	-0.0002623466645837397096	-0.00084812893123289360801	-0.0005252035162668642395	0.00066983953738681796877	-0.00096261801960622543455	4.4990451949530345832e-05
-3	-4	4	0.00067841418061894353479	-0.0010946553936735799965	-0.00041555868421047588218	0.00020723105107953314927	9.3251951253731768911e-05	-0.00061376049417565187519
-3	-3	-4	0.00020771758758799700674	0.00010142965791941787365	0.0001998663169431328583	-6.0791118076765834357e-05	-0.00030568792839834741911	-3.0478904881989022692e-05
-3	-3	-3	-2.199463664931680868e-05	-0.000652314967245267688	0.00027339458154469758891	0.00045811643542634510225	-0.00025139994489538076668	0.00019419853181892255864
-3	-3	-2	-0.00014283445406090909246	-0.00073312048626417234808	0.001369914184843864461	-0.00046019185484674605567	-0.001840619596174433107	0.0017899685116663777412
-3	-3	-1	-0.0038796804801368525197	0.0026325178662358027226	0.0018282928112955947487	-0.0026993196623418874366	0.0061541630065237735298	0.00020040538831825465706
-3	-3	0	-0.0010811318278537225719	-0.00086616758916658763076	0.0010811318278537225719	0.00086616758916658763076	0.0048297360743539659647	0.0069197494543930902072
-3	-3	1	0.00054424096482759052283	-0.0039369324154831511139	0.00043660851085289677318	0.0038465644106315164362	0.0029425484270414617796	-0.00027110401455490338272
-3	-3	2	0.0015555402556258640136	-0.0009919516862401131594	-0.0022067534338935110641	0.0010935360335574662548	-0.00097681976740147079263	0.00015237652097602937202
-3	-3	3	0.0012407637659202551492	0.00014603065825266825723	-0.001071115006389742122	-0.0016122441446343447388	0.00016964875953051291885	-0.0014662134863816765357
-3	-3	4	0.00028164737223714306864	0.0010087005932385459221	0.00039837765270715654996	-0.00029368816490604640309	0.00051001876870822478172	0.00053625932124937462572
-3	-2	-4	0.00068900182773537997898	0.00062053968514738828965	-5.3092303518935170259e-05	0.00029949411552847765615	-0.0004902052190420674296	-0.00061515182162478001821
-3	-2	-3	-0.00085699931519537001987	-0.0018476940937145738472	0.0016529266293560441504	0.00049299843984777476456	-0.00024495177104199271096	0.0015190284671493907431
-3	-2	-2	-0.00053254172209203165869	-0.0043724461138877328964	-0.0039292728222402231036	0.0056042719489418644022	0.0047280854053782699412	0.00095439722188973548454
-3	-2	-1	-0.0012483548836351612658	0.0040324553395116972954	-0.0038095828168179324616	-0.0096546952054126188025	0.011364230284541348287	0.0072120243922901448516
-3	-2	0	-0.00033650438567104382298	-0.00078582694468353310804	0.00050475657850656576158	0.0011787404170252996621	-0.0039572801209631905048	0.0097742851652912257632
-3	-2	1	0.00618133215644197688	0.0071713049173523831653	-0.01024221256395921667	-0.0081705790437615454652	-0.001940428658592503134	0.0051727566645340576981
-3	-2	2	-0.00014621980079853637291	0.0060921667911679995913	0.0038670583212197231701	-0.0057051891278445832772	0.0036477286200219186107	0.0034330610589074161097
-3	-2	3	0.00036633701800926177878	0.0034967150505185208564	0.0040903943741962172156	0.0030587913773627091636	0.0030932666008067401936	0.0055359093020936602988
-3	-2	4	-0.0018518391340702324357	-0.00025250878409597882126	-0.00029158876816312969066	0.00062009141512999420547	-0.001534673734634239145	0.00012066411949301300034
-3	-1	-4	-0.00056909460612291804752	0.0005135049104248137937	-0.00018124151130980404819	4.0659438974433427614e-05	0.00047213133241963959512	-0.00039529354256221868862
-3	-1	-3	0.0016325616072724090464	-0.001085059878119541037	-0.0011184617538160834035	0.0045017284437908226466	-0.0012597410226670479119	-0.00041551626981073316045
-3	-1	-2	-0.00018061288682165094264	-0.0055445768858968938822	0.0029564220588463242974	-0.0064175550198122760862	-0.0012072916991906856941	0.011525642838751478866
-3	-1	-1	-0.005025737743232047694	-0.0090191816974379262345	0.0076024748733468806156	0.0080371057318344377857	0.0074747383563492633338	0.019020439360479340918
-3	-1	0	0.00068149048284157432223	-0.00095812418643897968255	-0.0020444714485247229667	0.0028743725593169391561	0.0050851675457858755078	-0.017860150918173191975
-3	-1	1	-0.0034423177185217497705	0.003757330218287072577	-0.0016297547551353452813	-0.002750703885791444276	-0.011956707910700595243	0.0085212867690697725875
-3	-1	2	-0.0086809593151405059497	0.0085864880172939750391	-0.0072416124870384535397	0.0021808647678580798772	-0.01664224521622998873	0.013970164409870002714
-3	-1	3	-0.0020272146754954025079	-0.0012621586051254937537	-0.0014634751773824688451	0.0074098618841907815807	-0.0025150397346228917615	0.0012077953562714333676
-3	-1	4	0.0002838695220115282033	-0.0017339580981782871851	-0.00029839868093046176744	4.2003286510653659795e-05	0.00013830247127603071062	-0.0012899677520060519841
-3	0	-4	-0.00024999041419041824735	-0.00030086572462317178259	0.0017217806309684554472	-0.0017635185003816564089	0.00018749281064281368551	0.00022564929346737883694
-3	0	-3	-0.0018949323039757696822	-0.00031367109224119077253	0.0028576597560215997312	-0.0026671008871935806932	0.0018949323039757696822	0.00031367109224119077253
-3	0	-2	0.0011836662280968806779	0.0056774071749371235809	0.0016599600875554206339	-0.00027181487777073294002	-0.0017754993421453210169	-0.0085161107624056858051
-3	0	-1	0.0037844607967001497699	0.013311790142181314026	0.0047492352243639910161	-0.022341315611619484705	-0.011353382390100448876	-0.039935370426543936873
-3	0	0	-1.78476043083179354e-43	7.1390417233271741602e-43	-0.018910097157198508394	0.027890262262990479086	-0.012808863324584954593	0.00505089926796898573
-3	0	1	-0.0055292714401764184173	0.0024513913835884360015	-0.005007514337856513835	0.015957217512776455948	-0.016587814320529255252	0.0073541741507653080046
-3	0	2	-0.0037766709478533953652	-0.0040974779476573488374	-0.0010499589404480574612	0.004346330620906600252	-0.0056650064217800936983	-0.0061462169214860232561
-3	0	3	-0.0017917744731595324891	-0.0015069565007848825799	0.0041158245332941871542	0.0023196255471951117769	-0.0017917744731595324891	-0.0015069565007848825799
-3	0	4	0.00033000755559589470354	0.00024952121444865165171	-0.00015904257497207941472	0.00048770622645052746046	0.00024750566669692100055	0.00018714091083648875234
-3	1	-4	0.00073287206842625606147	5.8798860427309291676e-05	8.212118102057545054e-05	-0.00029853473162036827694	-0.00052912375606454814959	-0.0001187328282255740346
-3	1	-3	-0.00094630684421566943314	-0.0014791475558357783295	-0.0028516059401217405504	0.0026722148270055764464	-4.2284691582441263048e-06	0.0023698858315043037394
-3	1	-2	-0.0040680565657220599252	0.0007605722438454086496	-0.010946047165256676814	-0.011804898220788480681	0.00062906126595475169751	-0.0070433074761623529897
-3	1	-1	-0.011229610959379361657	0.0021220779911990837394	-0.015940397597555163584	0.019085443229186045688	0.017748435280582921386	0.012719209255588795338
-3	1	0	-0.0002843205228293553999	8.5102296138434981271e-05	-0.00085296156848806625392	0.00025530688841530493026	-0.032150523873835962219	0.036673640299193441261
-3	1	1	-0.0074381209493222487372	-0.0010538677187448145314	-0.007409940797847833216	0.0026049315168376828943	-0.014904422050118912996	-0.0057665346730721260549
-3	1	2	0.010355074267037170724	-0.0026011301313324957686	0.016020944679761416063	0.0013141429060019838536	0.0075221390606750489216	-0.0045587666499997360134
-3	1	3	-0.004000095553485170409	0.0015745947902691490722	-0.00058626303488029164225	0.0020858404535201466139	-0.0038046745418584067451	0.00087931463909576693984
-3	1	4	-0.00145394558462724581	-0.00059732210237647205726	-0.0014124183524508835026	0.000376325150854993698	-0.00073735460035771348188	-0.00054207286449610252166
-3	2	-4	-0.000745779942633310617	-0.00020508995224946093895	0.00044778082441936708233	-0.00030064514577282576858	0.00078322536918466658523	3.494891300682808486e-06
-3	2	-3	0.0017746180032120919927	-0.00031905924275308939495	0.00098405435065046314123	0.00067405857960718934107	-0.0011185817694451165652	0.00076843162915788223478
-3	2	-2	-0.0040912568259692050701	-0.0029794776191845620365	0.00054554183670245078638	-0.004371283484730701871	0.0066824270756562576326	9.7932944046141915664e-05
-3	2	-1	-2.8300216503883685699e-05	-0.0070491002070284594638	0.001042933992476964989	-0.0075859306154318966939	0.0021707686344655812045	0.0059754393902215858711
-3	2	0	0.0063974623233807150283	0.0034830179178959239095	0.0095961934850710729761	0.0052245268768438858642	0.0044782631604405234022	-0.010934480542418596044
-3	2	1	0.0023005819443065937506	-0.0012262877943803951811	0.0030293145137103216422	-0.0044504461252122947887	0.00084311680549913764222	0.0052220288672834040342
-3	2	2	-0.0011526374824184315668	-0.00069042976184389699516	-0.00093639116111126252835	0.0010899254998133667445	-0.0007925650625163847135	-0.0021255701425792121288
-3	2	3	-0.0029561263677930931827	-0.004894456219957881056	-0.0025717516746808491077	-0.0008711231009492302179	-0.001241625251339194139	-0.004313707485991727722
-3	2	4	0.00082567259672374176786	-0.0010609391966262184549	0.0015317921749732302684	-0.00010525109550480587215	-0.0001466416399438088625	-0.0007430788497172609525
-3	3	-4	4.6525187342898937997e-05	6.4455175450574972375e-05	0.00038449692735401845914	0.00079859201367099184269	0.00025347880500833962561	0.00055060262866531259514
-3	3	-3	-0.0010206565389212147229	0.0013639214442122027555	-0.0011179714248498206271	0.00020842044542154322304	-9.731488592860578228e-05	-0.0011555009987906596138
-3	3	-2	0.0012071415846551074302	-0.00077138466290592965207	0.00066653214482399736601	-0.0022498534130999418498	-0.00081091415974666482529	-0.0022177031252910185677
-3	3	-1	0.001895759623538020161	0.0080122800508151091614	0.0014601536815350628189	0.0043351611154414685864	-0.0013068178260088720265	-0.011031356806120922592
-3	3	0	-0.0040773852854648689678	0.0048852644984929702657	-0.0040773852854648689678	0.0048852644984929702657	0.0075525637813741806209	0.0059424340413415438142
-3	3	1	0.00021725441403969787593	-0.00019877591991155675339	0.0017194611642108248786	-0.0018710066675202395321	-0.0045066202505133811165	0.0050166922428260480107
-3	3	2	-0.00064707898353598869608	-0.003133124148824380055	0.0001884915914383408699	-0.0019655967069564413141	-0.0012533558624614944167	-0.0017512911628019078945
-3	3	3	0.0022339303715559833199	0.0011702798282742458286	0.0020908013216314603848	0.00093059418874608351539	0.00014312904992452274541	0.00023968563952816231317
-3	3	4	-0.00040026039209170116793	0.00072233759040681044285	9.3214653432608767783e-05	0.0005479391698803382036	-0.0003701062841432324179	0.00013079881539485415233
-3	4	-4	-5.8089418034712042842e-05	-4.9825304272159976469e-05	0.0002533476126325565677	-9.2911084205415079922e-05	0.0002969146761585906083	-5.5542106001295100959e-05
-3	4	-3	-9.3549330244387481808e-05	-0.00039871697655067666341	0.00022441463051142530676	-0.0003194531756260961643	0.00039276883759295456652	-2.7220590950784872051e-05
-3	4	-2	0.00014718230447899064632	0.0015452847672194789871	0.00033948051413338253737	0.0013680367280997736065	0.00045818757154827911881	0.00041814630537032862392
-3	4	-1	-0.0009299101346771002476	0.00047664649913653261894	-0.00070707201829171676972	0.0003697408277280186885	-3.8557669135566295421e-05	4.9023813502476876853e-05
-3	4	0	-0.00039090087733234654341	5.7755518632895952707e-05	-0.00029317565799925990756	4.331663897467196453e-05	-0.00036050015293928767968	0.00049111961900954364049
-3	4	1	-0.0010565302232252923864	-0.0012540737586840741951	-0.00034565951907163583109	-0.00079354511795910536668	-0.001786952593389333618	-0.0005880408042158006849
-3	4	2	0.0025641337418708960022	0.0011885076453517825351	0.0014589446539733782679	0.0012152865129503801888	0.00092831130485958725067	-0.00064781155787308690019
-3	4	3	-0.0010624336185564920484	0.0012401975989959892685	-0.00019138473759827822761	0.00069508008758314651122	-0.00080725396842545448384	0.00031342414888512734389
-3	4	4	-0.00039983952613318322249	-0.0010671475623053418898	-0.0003330707942426487894	-0.00074101371258558504981	3.3191149642761365757e-05	-5.9346959143421387903e-05
-2	-4	-4	1.6898182329872662479e-05	0.00017683736615292818244	-0.00014716948971915387351	0.00035911745310780214405	0.00013872039855421754227	-0.00044753613618426623527
-2	-4	-3	0.00070133994139008040605	0.00088496268324106701006	0.00013776496367804769768	-0.00017528955260237346898	-0.00065124657916411723708	-0.00035625571869088006613
-2	-4	-2	0.00035538111038492487892	0.0010827896135958095959	6.1317932975969744543e-06	4.8976033815470057075e-05	-0.00036764469698011883461	-0.0011807416812267496151
-2	-4	-1	0.00023452543772112008726	0.00011059850525472948062	0.00011024068938087894893	-0.00060476323266837926987	-0.00091001363296575597025	0.0021978559201640580911
-2	-4	0	-0.00076801731798178160104	-0.0029428906436528676389	0.00038400865899089080052	0.0014714453218264338195	-0.0016678178406257420166	0.0032738081474062074791
-2	-4	1	-0.0017026524340802533242	0.00068172793755455246729	-0.00051282008477098394664	-9.7912920962881836947e-05	-0.0054565852072444428686	0.00097180419125757764101
-2	-4	2	-0.0020960092377019325961	0.0020639624638953447955	0.0012118433250499971096	-0.0013426551994070482724	0.00032767741239806189414	-0.00062134793491875185776
-2	-4	3	0.00028999052932846518119	0.00093699919058719120281	0.00092682112673525237408	0.00097975792227426969534	0.0014290885218659801336	0.0019310100234238205402
-2	-4	4	-0.001189183697371999247	0.00044256735224466620809	-0.00054439745078519363643	0.00049011351726242226821	-0.0011389892994711932599	0.00071139719338475537226
-2	-3	-4	-0.00036527502174352958608	0.00013238899819699152891	0.00042570976361319169418	-0.00040471598550549246938	-0.0001366448118381289776	0.00023734249003062356047
-2	-3	-3	-0.00055307999104147137579	0.0026709948184206093805	0.00054409030482176418738	-0.00031128443534404580265	-0.00017537031079411662159	-0.0014693787769363604329
-2	-3	-2	0.0005799661234145901895	0.0022387910137488830666	-0.0037564467709046847968	-0.003488453113192865971	0.0050547040329424371141	0.0029938886560404156731
-2	-3	-1	0.0063675117297621449883	0.0052198032835609918176	-0.0006667985537603136675	-0.0012485648717570120309	-0.010734627798243348215	-0.0066939119518509481929
-2	-3	0	0.013031554254420761249	0.0036709980287347354806	-0.0086877028362805086559	-0.0024473320191564906095	0.0060012785954879103653	-0.016431579314549412535
-2	-3	1	-0.012770058327188816769	0.00124881301036613079	0.0092525985702437765767	-0.003924780795857936086	0.0022176790563536957594	-0.0092767163668415475453
-2	-3	2	-0.0087550564172537391483	-0.00028099631153047621148	0.0072649185233593866276	0.0024864159967265676669	0.0021423213677853407931	0.0034486276835593754515
-2	-3	3	-0.0016114926684933793179	-0.0013410633041187731106	-0.0012236620706267799588	0.00062299603331405519185	-0.0022979905162890325483	-0.00027104616943179362081
-2	-3	4	0.0013303365346411773554	-0.0017334342443695394207	-0.00085455625657512629314	-0.00095563891531598931742	2.4251074889243903624e-05	-0.0015834463086717618339
-2	-2	-4	-0.00091118130008592957813	-0.0016120348936333977856	-0.0015258014213455628472	0.00072823254095759153669	0.0012184913607157462669	0.00044190117633790312445
-2	-2	-3	-0.0046701420792479696881	-0.0035583578960082578799	7.1632974990454780667e-05	6.7343474077730965501e-05	0.0030656727361716767585	0.0023273429479536847722
-2	-2	-2	-0.0051824437195007325499	0.0001120382632189242505	0.011844567505795244519	0.0015495103621605860623	-0.0066621237862945119693	-0.0016615486253795104347
-2	-2	-1	0.0012863828890332619156	-0.0096015697562039422491	-0.019353538140878846774	0.02480362634018395615	0.036134310503691167982	-0.030404113167960027803
-2	-2	0	-0.023872143245725428035	0.0070395031302609096038	0.023872143245725428035	-0.0070395031302609096038	0.051242394520426871873	0.040200188465807300264
-2	-2	1	-0.021084357573527619245	-0.0067061126896699142438	0.0093113464801469012638	0.014723273096879978261	-0.023546022186761435963	0.016034320814420129769
-2	-2	2	-0.0037647176126851321191	-0.0011033141024245308667	0.0017420632349336329526	-0.0025021582269542470486	-0.0020226543777514989497	-0.0036054723293787779154
-2	-2	3	0.0011071817773726842869	0.0085186539653793330595	0.0017450790981788802479	-0.010389711606588851456	0.0019015072503677098344	-0.0012473717608063453807
-2	-2	4	0.00052002274843070974385	0.0026123652925003001957	0.00072775812483639036425	-0.00094232445857162503485	0.00062389043663355005405	0.00083502041696433763462
-2	-1	-4	-0.0015438681484276311866	0.00019965363594218719662	0.0023047791127675338815	-0.00063837946363286930066	0.0001957392960219321229	5.9768047937123726853e-05
-2	-1	-3	0.0057769410317435208532	-0.0016544820141140060589	0.0016244210900393752858	0.0011308231689904782793	-0.0043927677178421395757	0.00072604695307917791001
-2	-1	-2	-0.014040326084627793163	0.019061794427517406852	-0.012059393088497275329	-0.028062876488413737025	0.02007002262887642996	-0.00503035618331053834
-2	-1	-1	-0.0037436739005548666688	-0.0058469665720621098043	0.031690355534125740078	-0.019875906639904510065	-0.024203007733016007608	0.031569839784028726204
-2	-1	0	0.0095506528825937860028	0.0095827934348948606152	-0.019101305765187572006	-0.01916558686978972123	-0.094264000212358034503	-0.0064265585543611019118
-2	-1	1	-0.010498290769635886671	0.01528166514518616674	0.050680062910835120549	-0.027511254229501177354	0.029683481371563343737	0.0030520760608711535247
-2	-1	2	0.014556201766966448199	0.046606682723267164881	0.025622118511172662508	-0.013359911334787819351	0.027367261022552779454	0.039926727055873259542
-2	-1	3	-0.0077393230583521809354	0.0033912416307934731448	0.0037435803124964213591	-0.0025012870315177138276	-0.0039116886014026464036	0.0014270654100230772705
-2	-1	4	-0.00025011938033757933784	-0.0027906407156579678304	0.0003674933502798283496	-0.0010278086739779525045	-3.3186352598832574744e-05	-0.0016522725263234719871
-2	0	-4	0.00084317964672108000786	-0.0017207102099627315239	-0.0020240096483477541811	-0.0051567611174854087117	-0.00042158982336054000393	0.00086035510498136576196
-2	0	-3	0.0040936002419834863902	0.0089116515332969374608	-0.0038363774613654469045	-0.0076688539828132715193	-0.0027290668279889907823	-0.0059411010221979577289
-2	0	-2	0.021685945131917336304	-0.026273306858336165776	0.039357543895532129397	0.0052017021310229397818	-0.021685945131917336304	0.026273306858336165776
-2	0	-1	0.038544540480394906545	-0.011435892476231978784	-0.035008773772659096402	0.0019508936751405294048	-0.077089080960789813091	0.022871784952463957569
-2	0	0	0	-0	0.023437779346924536572	0.0076753991667108875663	0.0099475132021694164658	0.035772962312870984491
-2	0	1	0.0062774016013785946533	0.0097693515005904899701	0.056099204842737185328	0.065839938720132787364	0.012554803202757189307	0.01953870300118097994
-2	0	2	-0.055570238343604763664	-0.0019588488915620854564	0.018402229600746018018	-0.00035541831592441719238	-0.055570238343604763664	-0.0019588488915620854564
-2	0	3	0.001308505008622576132	-0.013665124361261809377	-0.0032475528351183090454	-0.011910650248808699395	0.00087233667241505064623	-0.009110082907507872918
-2	0	4	0.0014313565523397537432	0.0087132299273053707978	-0.00063306953839453305056	-0.0031228142996848409774	0.00071567827616987687162	0.0043566149636526853989
-2	1	-4	0.0017582838970051706869	-4.1754897400943215768e-05	0.0035628036105914352889	0.0022251818215779399154	1.1558954145273494013e-05	0.00057717290409495659691
-2	1	-3	-3.1456031294972464389e-05	-0.0024564410734915307494	0.0070753539014387174452	0.0074419226584447068645	0.0023794219880095539982	0.004118268268475923366
-2	1	-2	0.025025027645199000165	0.0034587840571390429667	-0.017343885643205183417	0.019730205566163276643	-0.033696970466801590138	0.0064063187259425944872
-2	1	-1	0.0015802062601569801751	0.043447388129485224606	0.037446728512052732118	0.047030386251898585737	0.034286315991738765263	-0.039864390007071856536
-2	1	0	0.012862802192203879117	-0.00062583191866409160816	0.025725604384407758235	-0.0012516638373281832163	0.007833003052995286819	0.041870863371705542566
-2	1	1	-0.033802722539442595084	-0.016529260791306749773	-0.058704945580309551845	0.017618961827682258492	-0.0089004994985756383241	-0.050677483410295751098
-2	1	2	-0.010180383277475004225	-0.030124107297564161473	0.0017179671694884698484	0.007738013894411504244	-0.011039366862219238824	-0.033993114244769917498
-2	1	3	0.0065852198223008504702	0.0091496240394565980097	-0.00089352951536725050592	-0.0020076156119670325248	0.0046879897199896504098	0.0067689545636267431372
-2	1	4	-0.0034537959507548047014	0.0031404212670029631529	-0.00089981764918097299679	-0.00064479410622754614827	-0.0015019435630821591828	0.0017314091600583681949
-2	2	-4	0.00078199320808556628017	0.00034803165263627705442	-0.00078632632683988713806	-0.0009083480756922533662	-0.00078415976746272670912	-0.00062818986416426523742
-2	2	-3	0.0019498136879015461661	-0.0020144890485925808638	0.0010762108164330871224	-0.00088642945715636646629	-0.00058240191431230617369	0.00075203972762414282322
-2	2	-2	-0.0063270811835670721576	0.0081218058730572039589	-0.0081472736570289069902	-0.0076233497218151100375	-0.0018201924734618352662	-0.015745155594872314864
-2	2	-1	-0.034760170891959533968	-0.0080569247711344549323	-0.024276997907505894897	-0.017245223697362612597	0.020966345968907274672	-0.01837659785245631533
-2	2	0	0.033135183198550015315	-0.044075622491105352629	0.033135183198550015315	-0.044075622491105352629	-0.027216553376785843077	-0.019262584020682361335
-2	2	1	0.020228290106588008718	-0.0066326985401901402545	0.023201625235693624366	0.0012426560767080292204	-0.0059466702582112304296	-0.015750709233796338082
-2	2	2	-0.003581387994321145931	0.01362710506617801319	-0.0052738283858247579292	0.011565044366989437122	0.0016924403915036115645	0.0020620606991885760684
-2	2	3	-0.0099325603298572404803	-0.0026920340333473221327	0.0034650983766052268278	-0.0026319990929969225464	-0.0089317724709749787837	-4.002329356693296264e-05
-2	2	4	-0.0010850480825948692273	-0.0020601247958116665482	-0.0010589981918634485368	0.00010129624845430340965	-1.3024945365710375759e-05	-0.0010807105221329849857
-2	3	-4	-0.00028784732967893853764	-9.2520934681167494359e-05	0.00084902227186596274273	-0.00087029258173448821242	0.00078069036873894129876	-0.00060645896896028238503
-2	3	-3	0.00099443919865717443456	0.002303228262395148624	-0.00084276243276807793082	0.00030375977048671974406	-0.0015057218985395275177	-0.0012317257377767124732
-2	3	-2	-0.0063734806889441594779	0.00014529133038409318651	-0.004210217559650281452	0.0033002151800890010096	5.8154349468737232226e-05	0.0048050314397494083007
-2	3	-1	0.017251774726779266211	-0.0080142576525517178476	0.0081828227871582736447	-0.0032829760674226715622	-0.0099550810920837062845	0.0061795871028354210086
-2	3	0	0.0048199682132981274199	0.016377768082401489291	0.0032133121421987513242	0.010918512054934326194	0.0049933088908116702101	0.001781831859019604794
-2	3	1	-0.0060118819047620163445	0.0022622224147967181715	-0.0049139127838167886986	-0.0032580520845168292957	0.002717974541926332973	0.014298601083143923363
-2	3	2	-0.0085968187567983297276	-0.0029033072837180706749	-0.0031510798779118089942	-0.0015946334513011503446	-0.0038701989399306173205	-0.0005113571067663453748
-2	3	3	0.0025358635977191460592	-0.0021256810226729502475	0.0010628168123795740489	0.0012092548363045363576	0.00062775891943318991827	-0.0026263755180865031892
-2	3	4	0.0015954345777128809639	0.0012355048203593597695	0.00030959971103160032575	0.0012465978435168669283	0.00056551750558274025121	-0.0003171959724579703657
-2	4	-4	0.00026596305951558400424	4.1716297724794028671e-05	-0.00018036786035402141361	0.0005346164617305094232	-0.00031334939011181344283	0.00051375831286811239531
-2	4	-3	-0.00053428188654586314561	4.1034592037359648412e-05	-0.00053498629766845129298	1.0534284893463478035e-05	-0.00035712713919402625743	-1.3310681500288462691e-05
-2	4	-2	0.0015836084848253597843	0.0012995640546145535623	7.203712985429653378e-05	8.6202090432845184811e-05	-0.0014395342251167667167	-0.0011271598737488631656
-2	4	-1	0.0022538174346490346192	0.0013727754946897738602	0.001182371320147409437	0.00071056910200874127698	0.00022185041129156872659	9.6725418655417143591e-05
-2	4	0	-0.0048174009615677667109	0.0025906320024859210219	-0.0024087004807838833555	0.0012953160012429605109	0.0013749712835669810999	-0.0019851388416595038174
-2	4	1	-0.0014556252530668065473	-0.0010805942365531961274	0.0003087999665844102311	-0.00022945409195356897486	-0.0041464503724712538021	-0.0012433721052921163554
-2	4	2	0.00091001051857178029414	-0.0037170000444224833049	-0.00079988481279457421345	-0.0011504348583860166556	0.0025097801441609285042	-0.0014161303276504497769
-2	4	3	0.0002826426205204856843	0.00083756464219833797087	-0.00051813411371918821017	-5.4420000402921169793e-05	0.00087927389863924133081	0.00063093642866945357645
-2	4	4	-0.0016032536044722678261	-0.00051843573660968647436	-0.00080257890688351855683	-0.00013581295557272380649	9.5210464738463340433e-07	-0.00012340491273211940358
-1	-4	-4	0.0002341395369546830983	0.00037692361024231114692	7.7437941193235331599e-07	0.00016178867125413219728	-5.9309263650603130538e-05	-0.00025601957381471001111
-1	-4	-3	0.0010257753649238279554	7.0704113173641010607e-05	-0.0013185149404356113437	-0.00046289458644713829105	0.0014160947989395392121	0.00059362474420497071334
-1	-4	-2	0.0028132995163232883858	0.0010396399477253374152	-0.0010501860373149964067	-0.0032649242928671955502	0.00069372231646834862061	0.0060100286118717222844
-1	-4	-1	-0.0040541112658068608962	7.5343028125756972583e-05	0.0024725574696592292692	-0.0018498188168473595362	-0.005836118612830057048	0.0073239322392636809281
-1	-4	0	-0.0056109700665264803515	0.005158845198683220494	0.0014027425166316200879	-0.0012897112996708051235	0.0021932428443728678273	-0.002196156990435498696
-1	-4	1	0.0054601339392990229371	0.004080772520826274341	0.00084546235667374550118	0.00089847681996984641098	0.0088419833659940053755	0.007674679800705659985
-1	-4	2	0.0013664452874379139514	0.0035467754943694757529	-0.0013062829485651487101	-0.00080087441252400164236	-0.0019293432534113407698	0.00017163892213673437488
-1	-4	3	0.0005638560948564918596	-0.00039594755032606884998	0.00050542805136454254256	-0.0015514043626064322277	0.00086185610010488730715	-0.0022005216669172657576
-1	-4	4	0.00054139241019532748957	0.0013249356943227266585	0.00065516127774022027853	-0.00019428929572546735772	0.00079050938028905220513	0.0001369446278552142798
-1	-3	-4	-0.00028192481656950891611	3.9022467662161959621e-06	-0.00044560933028678660411	-0.001077248652685556694	0.00040468820185746715501	0.00080696092782261356468
-1	-3	-3	0.0059419080812709926254	0.00015602909797356450273	0.0019623229601411309488	0.0018700497417701831843	-0.0039429589872314613902	-0.0019220594410947046491
-1	-3	-2	0.0011222777805517830142	-0.0091623270080513838365	0.004196234001325653204	0.0076286538051434848659	-0.0068554898922643710962	-0.0068618172036895349469
-1	-3	-1	-0.014826846285998056263	-0.0043695453733512265235	0.0052919243000187944637	0.005334789662479905506	-0.0010489266140583260439	-0.011634823614088489127
-1	-3	0	-0.0068319281758127846024	0.0062251864253000908922	0.0022773093919375947229	-0.0020750621417666968195	-0.0059443022048273662719	-0.017997006412667215791
-1	-3	1	-0.0043763627956623649476	0.015440216198852342241	-0.0064621500147696775071	-0.0083355467624041546665	-0.023762812839971395734	-0.0095664240883601200233
-1	-3	2	-0.0081169720655535539805	0.013877005833688034822	0.0024859531126776271588	-0.0061135207272906702883	-0.00032955636376033641466	-0.0022317781740919875877
-1	-3	3	-0.0043254375443538663551	-0.0010169590363666384386	0.0032047071559304484561	0.0026574461226547747318	0.0017628946411458261932	0.0023184597771992287302
-1	-3	4	-0.0023105329557515249216	-0.00061398829310544702186	-0.0021176457008330942799	0.0014626915288210985775	-0.0021658675145627020488	0.00094352157333946217767
-1	-2	-4	0.00048345923031341839562	-0.0005019733951915071905	0.0044542157701196695083	0.001977751695060733176	-0.0023479726926381896783	-0.00086338249873248976325
-1	-2	-3	0.0038757741341845031516	0.0025238080470498698571	-0.0010351652841296540494	0.0010938294051458527859	-0.00060181452197506494529	-0.0015704889524471917373
-1	-2	-2	0.0026709188591858214375	0.0021066855397251916908	-0.0019482074162137819496	-0.0034760703479575980057	0.00061274798662087112244	0.0024227275780950019435
-1	-2	-1	-0.080984447176590812489	0.032007738738666094425	0.016000369667086851433	0.0089081883348238466436	0.048983707842417116562	-0.049824115408313787712
-1	-2	0	-0.065941135669806957842	0.012630280572248964166	0.032970567834903478921	-0.006315140286124482083	0.079299795120769858703	-0.093986051886826182944
-1	-2	1	-0.030917007880442270995	0.041952972430957483074	0.033285593901518167881	-0.021469802203229474552	0.035654179922594064767	-0.00098663197550145995823
-1	-2	2	0.0016353938656196538234	-0.018823323361387193919	-0.0099444627981336401745	0.021789865458311987595	-0.0091267658653238128291	0.012378203777618390635
-1	-2	3	0.009720434662124423017	-0.0052824160590356711645	-0.010041279941805638862	0.0016324105534469693975	-0.0034540417404956185246	-0.0006725316507139107898
-1	-2	4	0.0039351114138015154398	-0.0022789762558562353355	-0.0027525341804980341109	-0.0035385047557267017455	-0.00039248923679863824973	-0.0023389964418274100319
-1	-1	-4	-0.0057320506743686137213	0.0036882160750642649372	-0.0031034236898044992303	-0.00037546816210734209381	0.0022088685910432782379	-0.00082818697823923079215
-1	-1	-3	0.00099315139806400260999	-0.016341899103993501319	-0.0040613917103835351155	-0.0090474809983744613334	0.0010227467707731774296	0.0084631267007893203058
-1	-1	-2	0.0077902551356821142514	-0.0089324510383235501687	-0.063349674164741437421	0.0109561995034675487	0.027779709514529661585	-0.0010118742325719994827
-1	-1	-1	0.025968029225416015826	-0.024289442008554932434	0.035424292611655770757	0.021932943285958017565	-0.061392321837071786583	0.0023564987225969161698
-1	-1	0	-0.004798467191794032749	-0.044250721917438354258	0.004798467191794032749	0.044250721917438354258	0.055853642989352504655	-0.0084738172004525918329
-1	-1	1	-0.056940020205530454678	0.0084384504904223937849	-0.010591000858435528978	-0.061906269140274569618	-0.067531021063965981921	-0.053467818649852172364
-1	-1	2	0.095840338286372867005	-0.061022124787581531746	-0.057508702223601680659	-0.06253921493799931286	0.019165818031385596643	-0.061780669862790418834
-1	-1	3	-0.0071553771266352926214	0.0064896961389253387739	-0.0045874025804480845353	-0.022164209311444017098	-0.0039142599023611257189	-0.0052248377241728921963
-1	-1	4	-0.0031073172474224398064	0.0025868841374087048722	0.011108185614717897699	-0.0010298182213218794959	0.0020002170918238643647	0.00038926647902170634407
-1	0	-4	-0.0048357095188967863172	-0.0021452253665113687336	-0.0031564579736375890547	0.00060704956962978628716	0.0012089273797241965793	0.00053630634162784218341
-1	0	-3	0.023353573352192631696	-0.0088587788535387564787	-0.0099902988076264603867	-0.016775005322816619741	-0.0077845244507308772319	0.0029529262845129186817
-1	0	-2	-0.053936509692817387329	0.018363631329768662082	0.038599195889357153233	-0.0094318043111618430491	0.026968254846408693665	-0.0091818156648843310408
-1	0	-1	-0.017802295967773069246	0.027240941919147217826	0.054703173928762428846	-0.010562261107441000413	0.017802295967773069246	-0.027240941919147217826
-1	0	0	0	-0	-0.076707605804813033812	-0.016398085666303956198	-0.072357880474877706023	0.087036480865733428791
-1	0	1	0.018737376233851237017	-0.072170932276460902921	-0.049830026672827473777	0.066648967666976130508	0.018737376233851237017	-0.072170932276460902921
-1	0	2	-0.032096729869425209836	-0.030242962441412335473	0.074834399935934298176	0.03320907879681733732	-0.016048364934712604918	-0.015121481220706167736
-1	0	3	-0.042129545319084228672	-0.0085821223893322220316	0.012513511366839664279	0.023668543542857137935	-0.01404318177302807738	-0.0028607074631107408218
-1	0	4	0.012130471221590151051	-0.0074801911386294279993	-0.0048895473161772477419	0.0030150252105909268116	0.0030326178053975377628	-0.0018700477846573569998
-1	1	-4	0.0013724204335667814988	-0.0030492863582025860926	-0.0017558784529874624236	-0.0027506506431296670265	-0.00078207472163856098062	7.4658928768229685215e-05
-1	1	-3	-0.0092895912489467449835	0.014947494842851877239	0.003464813600586273603	-0.0082721059669368605244	0.0042514682831776727176	-0.0077398669365962456321
-1	1	-2	-0.031785610847477559215	-0.035283023896426297938	-0.0045290921012938831908	0.032238771255121347059	0.01362825937309183888	0.033760897575773822499
-1	1	-1	0.080601379218346869138	-0.06266943594817896146	0.056170954616910878654	-0.077538752857686757403	-0.024430424601435993953	-0.014869316909507802882
-1	1	0	-0.054805147985560222212	0.064887957962798031852	-0.054805147985560222212	0.064887957962798031852	0.050093547834274929076	-0.0055274886123550222641
-1	1	1	-0.031270784963183251293	-0.072856714030765393209	-0.067836928097861362574	-0.050129696155304166727	0.036566143134678111282	-0.022727017875461229951
-1	1	2	0.0066191757240419285546	-0.032373999909753016502	0.051044163288449101445	0.048039830225654577001	-0.022212493782203586445	-0.040206915067703796751
-1	1	3	0.020550106993136293965	-0.011654016997709787731	-0.0047446938248490722057	0.0067020333653588174544	0.0084316002726617881452	-0.0061186834543562017286
-1	1	4	0.0074507302847270874199	0.0019538983376308771689	-0.00051938566580819029404	-0.0068736460002125146507	0.0019925289876338192659	0.0022068860844608479549
-1	2	-4	0.0001289056798132931286	-7.7870146364629317629e-06	0.00026790425868027171715	-0.0002135123840864430007	0.00010172570938681258998	-0.0001048094383841057691
-1	2	-3	-0.00071998925693361238726	0.0022348802605175960637	-0.0097945803707259054827	0.0058022046674415690692	-0.0062897238281727331846	0.0031231763581218473583
-1	2	-2	-0.0065734060461920592461	0.0060386751325557505229	-0.022392375156671348591	0.0090487008441502911338	-0.0191056721335753181	0.006029363277872416306
-1	2	-1	0.0070447175669306628248	0.050529300021259486442	0.0044581941410284141661	0.0036798491863787963045	0.0018716707151261661578	-0.043169601648501892965
-1	2	0	-0.075019549810725255634	-0.038698820313220194667	-0.037509774905362627817	-0.019349410156610097333	-0.016111036014060674953	0.019535566083348439997
-1	2	1	0.098745106610381924717	-0.065258507789639930152	0.047848805016445485061	-0.038700885536511173135	0.0030474965774909584977	0.012143263283382426526
-1	2	2	0.036455891117337269058	0.0033159099566339358262	-0.006927667141380954019	0.011899724333466688703	0.025155612700049588548	-0.010241769355149719922
-1	2	3	-0.003479531866296351611	0.004935805359598543357	0.0093921399383127546212	-0.012985214812877883192	-0.0074212705809739536178	0.010302078328451437159
-1	2	4	0.00044692814278871658817	-0.0010563495695296658793	0.0012293027054836747763	-0.0023147854748069114292	-0.00050291931704465832245	0.00089330534502103913636
-1	3	-4	0.00077644357673911157999	0.00092327094250383053009	-0.00078734445261404990661	-0.0001609373964907927473	-0.00078461923364531529785	-0.00035152078299405221332
-1	3	-3	0.00040629343565590084805	-0.0012585051985855386786	0.0024754699942975940188	-0.0013492282332554330401	0.0023400388490789603667	-0.00092972650039358677772
-1	3	-2	0.0055446231256882569371	0.0049914206321363856558	0.010178230059000719157	0.0027807021406617360784	0.0124950335256569494	0.0016753428949244112897
-1	3	-1	-0.013477661985965960073	-0.0066143366345478302529	0.0045858477303927971253	0.0021656840745855605694	0.027235205177144349714	0.013111388858304512395
-1	3	0	0.030327268723849096221	0.0082381570963181247752	0.010109089574616366564	0.0027460523654393750696	0.0080302582509395158822	-0.015691755497655439366
-1	3	1	0.0033306038224127092369	0.012004526123843350244	-0.0099192258415751275585	0.0064846305528002169682	0.033088281347138093214	-0.0074493655345573015283
-1	3	2	0.0025715508257179845765	0.0063940115761260052016	0.0050321568695674166391	0.001760714101415493003	-0.0062624598914921333209	0.00055593463593976320467
-1	3	3	-0.0075289275541740221381	-0.0029503488877407912407	-0.00013943697210483428986	0.00072254764787806524846	-0.0023702055459531730895	-0.0017059972771249955897
-1	3	4	0.0014958105664301252213	-0.0017468473686157331461	0.00052751263420332185784	0.00063860375544569499776	-2.16818340449601287e-05	-0.00091566465873820445352
-1	4	-4	-0.00010801746243919004226	0.00051449334503693184163	0.00052142990840783648605	-0.00019237271155260417168	0.00054843427401763398307	-0.00032099604781183715919
-1	4	-3	-8.9436273446700790993e-05	0.00061047649064584598791	0.00065772106449580702413	0.00062304728625541569258	0.0009067735104766429851	0.00062723755145860566641
-1	4	-2	-0.00042861528860405512546	0.0009253222511876118498	-0.00071174003062327842115	0.0018979177639995615818	-0.0012091724169445293609	0.0033331744024053173471
-1	4	-1	0.0060423782020391815506	-0.0072552660108715387108	-0.0010753012507328412514	-0.0021454561477738556645	-0.010343583204970547423	-0.0013265585802238850314
-1	4	0	-0.00039020326834231374661	0.0096176402726368803026	-9.7550817085578436652e-05	0.0024044100681592200756	-0.0013820641242588741458	-0.0036562310410208809404
-1	4	1	-0.0028965534711953119969	-0.003148679864406079415	-0.00076991928018732157159	-0.0018742916056277186994	0.00018312364955397434372	0.0043484865581047953825
-1	4	2	-0.0033921289222349428234	-0.0011943924177112126908	0.00097365516365495701889	0.0003487151896855856365	-0.0036433747884273854495	-0.00129462658822677751
-1	4	3	0.00046187240856750404628	0.00073383583349872366381	-0.00037791037920394463098	0.0005100794324911808687	0.00065783797512776085673	-0.00043549396548866656752
-1	4	4	-0.00039876731440287191367	0.0010126205327300923445	-0.00031866666484381547331	0.00031996603378348331377	0.00021897483624309748134	-6.6810900600960200545e-05
0	-4	-4	0.00067810662961191603155	-0.00019549141137618466558	0.00032871648825127345196	0.00013174708432752140364	-0.00032871648825127345196	-0.00013174708432752140364
0	-4	-3	0.0001949277952167588826	-6.0788419989830566798e-05	-0.00082784488595962965867	0.00050068442423376480904	0.0011037931812795062116	-0.0006675792323116864482
0	-4	-2	-0.0013089490466947127732	-0.0024817701346926527607	-0.0028291226408821081202	-0.0012880873216347548966	0.0056582452817642162404	0.0025761746432695097932
0	-4	-1	0.0051267750852547581963	-0.0021873938584492519377	-0.0021237517887301182208	-0.0008254846297834057909	0.0084950071549204728832	0.0033019385191336231636
0	-4	0	0.0076304332045996070555	-0.00088159888879526789127	0	-0	-0.012007566268054671241	0.003034679341787555485
0	-4	1	-0.0040060912122588110407	-0.0010209931677776428946	-0.00023901943141038797325	-0.0026265190748576967665	-0.000956077725641551893	-0.010506076299430787066
0	-4	2	0.0025618068335547302533	-0.00031271191999102516913	0.00091355932240687039245	-0.00057354958545960811438	0.0018271186448137407849	-0.0011470991709192162288
0	-4	3	0.00070077232155417478517	7.6714748495086939792e-05	-0.00023029106061838285286	0.00035080881575961652026	-0.00030705474749117715521	0.00046774508767948865754
0	-4	4	0.00058896072977938679523	-0.00019680608477663471319	-0.00017990815721674339382	2.3394942136746425549e-05	-0.00017990815721674339382	2.3394942136746425549e-05
0	-3	-4	-0.0012269523522701396116	0.00083390439277854059869	-0.00081521695881964066372	0.00036393075985031677526	0.0006114127191147305249	-0.000272948069887737595
0	-3	-3	-0.0049762986410548000482	-0.0080780150546348808427	0.0038380654118560842726	-0.0013449658044976204804	-0.0038380654118560842726	0.0013449658044976204804
0	-3	-2	-0.0052756506573219934947	0.0023626739915553270251	0.0019726455284462362898	-0.00054230209465141857895	-0.0029589682926693542178	0.00081345314197712776001
0	-3	-1	0.012149816945342296545	0.023620501179729937874	0.0069942824467375029965	-0.012888862881815071545	-0.020982847340212509857	0.038666588645445212902
0	-3	0	-0.012531537192451789459	0.034111136574622058504	0	-0	-0.0095209860814910746846	-0.01834852858635539069
0	-3	1	0.018011843564724735328	-0.016803551914041248844	0.0044205904565003109261	0.0082420534524902198253	0.013261771369500933646	0.024726160357470661211
0	-3	2	0.0052895493201795410268	0.010213516006765305938	-0.00443401422556521322	0.0042623048513974817753	-0.0066510213383478202637	0.0063934572770962226629
0	-3	3	-0.0038507898591272227834	0.00012007409606841039091	-0.00030080285819843801147	-0.0017013842085830215272	-0.00030080285819843801147	-0.0017013842085830215272
0	-3	4	-0.00038440162545386251077	0.00090071131594673785065	0.0011666895342981524301	0.0010420052666710328398	0.00087501715072361421419	0.00078150395000327462988
0	-2	-4	-0.0034217723372590752758	-0.00542167897161772213	0.0034802556404526724734	0.0021850710536041174741	-0.0017401278202263362367	-0.001092535526802058737
0	-2	-3	-0.0016097869801389823319	-0.0038297788071289472732	-0.0058300625584522779155	0.0072729222939523783045	0.0038867083723015186103	-0.0048486148626349185806
0	-2	-2	-0.031337148157043366592	0.011978647408994852128	0.049324527709102290729	-0.0011548513431231773648	-0.049324527709102290729	0.0011548513431231773648
0	-2	-1	-0.058672602332664747227	0.091606464663473760601	0.019668923293293949506	0.015299595637076196519	-0.039337846586587899012	-0.030599191274152393039
0	-2	0	0.036032257393414396374	0.031773000308199184083	0	-0	-0.044833811368621342974	-0.023915373857570070698
0	-2	1	0.053645246566939121247	-0.053504786408720958479	0.0070352094205851627845	-0.0039535197062177569738	0.014070418841170325569	-0.0079070394124355139476
0	-2	2	-0.023936005194651464867	-0.020620741495969874268	0.0022365177218960246609	0.0080199723313456976193	0.0022365177218960246609	0.0080199723313456976193
0	-2	3	-0.00068707481938807971403	-0.0074060968062758091718	-0.0018936004444108150632	0.00078832975923990818764	-0.0012624002962738766365	0.00052555317282660545843
0	-2	4	0.00019534535284970218219	0.002486779001983323821	-0.0065597172626273170942	0.0033225140681768980909	-0.0032798586313136585471	0.0016612570340884490454
0	-1	-4	0.0055220865510789713532	0.0072361628606634345942	-0.0090385777255551375681	0.0085027774150572624223	0.002259644431388784392	-0.0021256943537643156056
0	-1	-3	-0.011003791223971510355	0.028979599501466665051	-0.014010230791089569105	-0.016354243101316438824	0.0046700769303631897017	0.0054514143671054796081
0	-1	-2	-0.029283067673956122978	-0.061183081524939619822	0.068494225243166062533	0.075488757064069558766	-0.034247112621583031267	-0.037744378532034779383
0	-1	-1	0.02347281623794802638	-0.067149999069996302303	0.021245412561585127337	-0.023623853161399373246	-0.021245412561585127337	0.023623853161399373246
0	-1	0	-0.057642455913389255284	-0.029040552584535028746	0	-0	-0.037709421790441836897	-0.060469440063838024446
0	-1	1	0.088103902370864128901	0.013594668951492626732	0.042724537877381486839	0.03620267567088339411	0.042724537877381486839	0.03620267567088339411
0	-1	2	0.010305394745944242846	-0.036945748375988192447	-0.021377279106613241572	0.02109887262280028819	-0.010688639553306620786	0.010549436311400144095
0	-1	3	0.014779787247460192054	0.00023219365031718376137	-0.024382099162426874861	0.010445988299809916278	-0.0081273663874756249537	0.0034819960999366386147
0	-1	4	-3.5341076854456019254e-05	0.00025561156968202154325	0.0020605981934257466305	-0.0088773966899842841893	0.00051514954835643665763	-0.0022193491724960710473
0	0	-4	-0.0038686099378681267601	0.0054833988792988407751	0.0042719165002435962805	-0.0058707417075400530893	0	-0
0	0	-3	0.00082760669371560171767	-0.02907735709631070406	0.024986576100240475568	-0.0049814986624089722944	0	-0
0	0	-2	0.033351576526873594197	-0.019525588660507152416	0.051982241403060402973	0.023401772864557326276	0	-0
0	0	-1	0.0017242183996362620349	0.01663233690376772142	0.041700841103897545725	-0.063773630881364257172	0	-0
0	0	1	0.0017242183996362620349	-0.01663233690376772142	0.041700841103897545725	0.063773630881364257172	0	0
0	0	2	0.033351576526873594197	0.019525588660507152416	0.051982241403060402973	-0.023401772864557326276	0	0
0	0	3	0.00082760669371560171767	0.02907735709631070406	0.024986576100240475568	0.0049814986624089722944	0	0
0	0	4	-0.0038686099378681267601	-0.0054833988792988407751	0.0042719165002435962805	0.0058707417075400530893	0	0
0	1	-4	-3.5341076854456019254e-05	-0.00025561156968202154325	0.0020605981934257466305	0.0088773966899842841893	0.00051514954835643665763	0.0022193491724960710473
0	1	-3	0.014779787247460192054	-0.00023219365031718376137	-0.024382099162426874861	-0.010445988299809916278	-0.0081273663874756249537	-0.0034819960999366386147
0	1	-2	0.010305394745944242846	0.036945748375988192447	-0.021377279106613241572	-0.02109887262280028819	-0.010688639553306620786	-0.010549436311400144095
0	1	-1	0.088103902370864128901	-0.013594668951492626732	0.042724537877381486839	-0.03620267567088339411	0.042724537877381486839	-0.03620267567088339411
0	1	0	-0.057642455913389255284	0.029040552584535028746	0	0	-0.037709421790441836897	0.060469440063838024446
0	1	1	0.02347281623794802638	0.067149999069996302303	0.021245412561585127337	0.023623853161399373246	-0.021245412561585127337	-0.023623853161399373246
0	1	2	-0.029283067673956122978	0.061183081524939619822	0.068494225243166062533	-0.075488757064069558766	-0.034247112621583031267	0.037744378532034779383
0	1	3	-0.011003791223971510355	-0.028979599501466665051	-0.014010230791089569105	0.016354243101316438824	0.0046700769303631897017	-0.0054514143671054796081
0	1	4	0.0055220865510789713532	-0.0072361628606634345942	-0.0090385777255551375681	-0.0085027774150572624223	0.002259644431388784392	0.0021256943537643156056
0	2	-4	0.00019534535284970218219	-0.002486779001983323821	-0.0065597172626273170942	-0.0033225140681768980909	-0.0032798586313136585471	-0.0016612570340884490454
0	2	-3	-0.00068707481938807971403	0.0074060968062758091718	-0.0018936004444108150632	-0.00078832975923990818764	-0.0012624002962738766365	-0.00052555317282660545843
0	2	-2	-0.023936005194651464867	0.020620741495969874268	0.0022365177218960246609	-0.0080199723313456976193	0.0022365177218960246609	-0.0080199723313456976193
0	2	-1	0.053645246566939121247	0.053504786408720958479	0.0070352094205851627845	0.0039535197062177569738	0.014070418841170325569	0.0079070394124355139476
0	2	0	0.036032257393414396374	-0.031773000308199184083	0	0	-0.044833811368621342974	0.023915373857570070698
0	2	1	-0.058672602332664747227	-0.091606464663473760601	0.019668923293293949506	-0.015299595637076196519	-0.039337846586587899012	0.030599191274152393039
0	2	2	-0.031337148157043366592	-0.011978647408994852128	0.049324527709102290729	0.0011548513431231773648	-0.049324527709102290729	-0.0011548513431231773648
0	2	3	-0.0016097869801389823319	0.0038297788071289472732	-0.0058300625584522779155	-0.0072729222939523783045	0.0038867083723015186103	0.0048486148626349185806
0	2	4	-0.0034217723372590752758	0.00542167897161772213	0.0034802556404526724734	-0.0021850710536041174741	-0.0017401278202263362367	0.001092535526802058737
0	3	-4	-0.00038440162545386251077	-0.00090071131594673785065	0.0011666895342981524301	-0.0010420052666710328398	0.00087501715072361421419	-0.00078150395000327462988
0	3	-3	-0.0038507898591272227834	-0.00012007409606841039091	-0.00030080285819843801147	0.0017013842085830215272	-0.00030080285819843801147	0.0017013842085830215272
0	3	-2	0.0052895493201795410268	-0.010213516006765305938	-0.00443401422556521322	-0.0042623048513974817753	-0.0066510213383478202637	-0.0063934572770962226629
0	3	-1	0.018011843564724735328	0.016803551914041248844	0.0044205904565003109261	-0.0082420534524902198253	0.013261771369500933646	-0.024726160357470661211
0	3	0	-0.012531537192451789459	-0.034111136574622058504	0	0	-0.0095209860814910746846	0.01834852858635539069
0	3	1	0.012149816945342296545	-0.023620501179729937874	0.0069942824467375029965	0.012888862881815071545	-0.020982847340212509857	-0.038666588645445212902
0	3	2	-0.0052756506573219934947	-0.0023626739915553270251	0.0019726455284462362898	0.00054230209465141857895	-0.0029589682926693542178	-0.00081345314197712776001
0	3	3	-0.0049762986410548000482	0.0080780150546348808427	0.0038380654118560842726	0.0013449658044976204804	-0.0038380654118560842726	-0.0013449658044976204804
0	3	4	-0.0012269523522701396116	-0.00083390439277854059869	-0.00081521695881964066372	-0.00036393075985031677526	0.0006114127191147305249	0.000272948069887737595
0	4	-4	0.00058896072977938679523	0.00019680608477663471319	-0.00017990815721674339382	-2.3394942136746425549e-05	-0.00017990815721674339382	-2.3394942136746425549e-05
0	4	-3	0.00070077232155417478517	-7.6714748495086939792e-05	-0.00023029106061838285286	-0.00035080881575961652026	-0.00030705474749117715521	-0.00046774508767948865754
0	4	-2	0.0025618068335547302533	0.00031271191999102516913	0.00091355932240687039245	0.00057354958545960811438	0.0018271186448137407849	0.0011470991709192162288
0	4	-1	-0.0040060912122588110407	0.0010209931677776428946	-0.00023901943141038797325	0.0026265190748576967665	-0.000956077725641551893	0.010506076299430787066
0	4	0	0.0076304332045996070555	0.00088159888879526789127	0	0	-0.012007566268054671241	-0.003034679341787555485
0	4	1	0.0051267750852547581963	0.0021873938584492519377	-0.0021237517887301182208	0.0008254846297834057909	0.0084950071549204728832	-0.0033019385191336231636
0	4	2	-0.0013089490466947127732	0.0024817701346926527607	-0.0028291226408821081202	0.0012880873216347548966	0.0056582452817642162404	-0.0025761746432695097932
0	4	3	0.0001949277952167588826	6.0788419989830566798e-05	-0.00082784488595962965867	-0.00050068442423376480904	0.0011037931812795062116	0.0006675792323116864482
0	4	4	0.00067810662961191603155	0.00019549141137618466558	0.00032871648825127345196	-0.00013174708432752140364	-0.00032871648825127345196	0.00013174708432752140364
1	-4	-4	-0.00039876731440287191367	-0.0010126205327300923445	-0.00031866666484381547331	-0.00031996603378348331377	0.00021897483624309748134	6.6810900600960200545e-05
1	-4	-3	0.00046187240856750404628	-0.00073383583349872366381	-0.00037791037920394463098	-0.0005100794324911808687	0.00065783797512776085673	0.00043549396548866656752
1	-4	-2	-0.0033921289222349428234	0.0011943924177112126908	0.00097365516365495701889	-0.0003487151896855856365	-0.0036433747884273854495	0.00129462658822677751
1	-4	-1	-0.0028965534711953119969	0.003148679864406079415	-0.00076991928018732157159	0.0018742916056277186994	0.00018312364955397434372	-0.0043484865581047953825
1	-4	0	-0.00039020326834231374661	-0.0096176402726368803026	-9.7550817085578436652e-05	-0.0024044100681592200756	-0.0013820641242588741458	0.0036562310410208809404
1	-4	1	0.0060423782020391815506	0.0072552660108715387108	-0.0010753012507328412514	0.0021454561477738556645	-0.010343583204970547423	0.0013265585802238850314
1	-4	2	-0.00042861528860405512546	-0.0009253222511876118498	-0.00071174003062327842115	-0.0018979177639995615818	-0.0012091724169445293609	-0.0033331744024053173471
1	-4	3	-8.9436273446700790993e-05	-0.00061047649064584598791	0.00065772106449580702413	-0.00062304728625541569258	0.0009067735104766429851	-0.00062723755145860566641
1	-4	4	-0.00010801746243919004226	-0.00051449334503693184163	0.00052142990840783648605	0.00019237271155260417168	0.00054843427401763398307	0.00032099604781183715919
1	-3	-4	0.0014958105664301252213	0.0017468473686157331461	0.00052751263420332185784	-0.00063860375544569499776	-2.16818340449601287e-05	0.00091566465873820445352
1	-3	-3	-0.0075289275541740221381	0.0029503488877407912407	-0.00013943697210483428986	-0.00072254764787806524846	-0.0023702055459531730895	0.0017059972771249955897
1	-3	-2	0.0025715508257179845765	-0.0063940115761260052016	0.0050321568695674166391	-0.001760714101415493003	-0.0062624598914921333209	-0.00055593463593976320467
1	-3	-1	0.0033306038224127092369	-0.012004526123843350244	-0.0099192258415751275585	-0.0064846305528002169682	0.033088281347138093214	0.0074493655345573015283
1	-3	0	0.030327268723849096221	-0.0082381570963181247752	0.010109089574616366564	-0.0027460523654393750696	0.0080302582509395158822	0.015691755497655439366
1	-3	1	-0.013477661985965960073	0.0066143366345478302529	0.0045858477303927971253	-0.0021656840745855605694	0.027235205177144349714	-0.013111388858304512395
1	-3	2	0.0055446231256882569371	-0.0049914206321363856558	0.010178230059000719157	-0.0027807021406617360784	0.0124950335256569494	-0.0016753428949244112897
1	-3	3	0.00040629343565590084805	0.0012585051985855386786	0.0024754699942975940188	0.0013492282332554330401	0.0023400388490789603667	0.00092972650039358677772
1	-3	4	0.00077644357673911157999	-0.00092327094250383053009	-0.00078734445261404990661	0.0001609373964907927473	-0.00078461923364531529785	0.00035152078299405221332
1	-2	-4	0.00044692814278871658817	0.0010563495695296658793	0.0012293027054836747763	0.0023147854748069114292	-0.00050291931704465832245	-0.00089330534502103913636
1	-2	-3	-0.003479531866296351611	-0.004935805359598543357	0.0093921399383127546212	0.012985214812877883192	-0.0074212705809739536178	-0.010302078328451437159
1	-2	-2	0.036455891117337269058	-0.0033159099566339358262	-0.006927667141380954019	-0.011899724333466688703	0.025155612700049588548	0.010241769355149719922
1	-2	-1	0.098745106610381924717	0.065258507789639930152	0.047848805016445485061	0.038700885536511173135	0.0030474965774909584977	-0.012143263283382426526
1	-2	0	-0.075019549810725255634	0.038698820313220194667	-0.037509774905362627817	0.019349410156610097333	-0.016111036014060674953	-0.019535566083348439997
1	-2	1	0.0070447175669306628248	-0.050529300021259486442	0.0044581941410284141661	-0.0036798491863787963045	0.0018716707151261661578	0.043169601648501892965
1	-2	2	-0.0065734060461920592461	-0.0060386751325557505229	-0.022392375156671348591	-0.0090487008441502911338	-0.0191056721335753181	-0.006029363277872416306
1	-2	3	-0.00071998925693361238726	-0.0022348802605175960637	-0.0097945803707259054827	-0.0058022046674415690692	-0.0062897238281727331846	-0.0031231763581218473583
1	-2	4	0.0001289056798132931286	7.7870146364629317629e-06	0.00026790425868027171715	0.0002135123840864430007	0.00010172570938681258998	0.0001048094383841057691
1	-1	-4	0.0074507302847270874199	-0.0019538983376308771689	-0.00051938566580819029404	0.0068736460002125146507	0.0019925289876338192659	-0.0022068860844608479549
1	-1	-3	0.020550106993136293965	0.011654016997709787731	-0.0047446938248490722057	-0.0067020333653588174544	0.0084316002726617881452	0.0061186834543562017286
1	-1	-2	0.0066191757240419285546	0.032373999909753016502	0.051044163288449101445	-0.048039830225654577001	-0.022212493782203586445	0.040206915067703796751
1	-1	-1	-0.031270784963183251293	0.072856714030765393209	-0.067836928097861362574	0.050129696155304166727	0.036566143134678111282	0.022727017875461229951
1	-1	0	-0.054805147985560222212	-0.064887957962798031852	-0.054805147985560222212	-0.064887957962798031852	0.050093547834274929076	0.0055274886123550222641
1	-1	1	0.080601379218346869138	0.06266943594817896146	0.056170954616910878654	0.077538752857686757403	-0.024430424601435993953	0.014869316909507802882
1	-1	2	-0.031785610847477559215	0.035283023896426297938	-0.0045290921012938831908	-0.032238771255121347059	0.01362825937309183888	-0.033760897575773822499
1	-1	3	-0.0092895912489467449835	-0.014947494842851877239	0.003464813600586273603	0.0082721059669368605244	0.0042514682831776727176	0.0077398669365962456321
1	-1	4	0.0013724204335667814988	0.0030492863582025860926	-0.0017558784529874624236	0.0027506506431296670265	-0.00078207472163856098062	-7.4658928768229685215e-05
1	0	-4	0.012130471221590151051	0.0074801911386294279993	-0.0048895473161772477419	-0.0030150252105909268116	0.0030326178053975377628	0.0018700477846573569998
1	0	-3	-0.042129545319084228672	0.0085821223893322220316	0.012513511366839664279	-0.023668543542857137935	-0.01404318177302807738	0.0028607074631107408218
1	0	-2	-0.032096729869425209836	0.030242962441412335473	0.074834399935934298176	-0.03320907879681733732	-0.016048364934712604918	0.015121481220706167736
1	0	-1	0.018737376233851237017	0.072170932276460902921	-0.049830026672827473777	-0.066648967666976130508	0.018737376233851237017	0.072170932276460902921
1	0	0	0	0	-0.076707605804813033812	0.016398085666303956198	-0.072357880474877706023	-0.087036480865733428791
1	0	1	-0.017802295967773069246	-0.027240941919147217826	0.054703173928762428846	0.010562261107441000413	0.017802295967773069246	0.027240941919147217826
1	0	2	-0.053936509692817387329	-0.018363631329768662082	0.038599195889357153233	0.0094318043111618430491	0.026968254846408693665	0.0091818156648843310408
1	0	3	0.023353573352192631696	0.0088587788535387564787	-0.0099902988076264603867	0.016775005322816619741	-0.0077845244507308772319	-0.0029529262845129186817
1	0	4	-0.0048357095188967863172	0.0021452253665113687336	-0.0031564579736375890547	-0.00060704956962978628716	0.0012089273797241965793	-0.00053630634162784218341
1	1	-4	-0.0031073172474224398064	-0.0025868841374087048722	0.011108185614717897699	0.0010298182213218794959	0.0020002170918238643647	-0.00038926647902170634407
1	1	-3	-0.0071553771266352926214	-0.0064896961389253387739	-0.0045874025804480845353	0.022164209311444017098	-0.0039142599023611257189	0.0052248377241728921963
1	1	-2	0.095840338286372867005	0.061022124787581531746	-0.057508702223601680659	0.06253921493799931286	0.019165818031385596643	0.061780669862790418834
1	1	-1	-0.056940020205530454678	-0.0084384504904223937849	-0.010591000858435528978	0.061906269140274569618	-0.067531021063965981921	0.053467818649852172364
1	1	0	-0.004798467191794032749	0.044250721917438354258	0.004798467191794032749	-0.044250721917438354258	0.055853642989352504655	0.0084738172004525918329
1	1	1	0.025968029225416015826	0.024289442008554932434	0.035424292611655770757	-0.021932943285958017565	-0.061392321837071786583	-0.0023564987225969161698
1	1	2	0.0077902551356821142514	0.0089324510383235501687	-0.063349674164741437421	-0.0109561995034675487	0.027779709514529661585	0.0010118742325719994827
1	1	3	0.00099315139806400260999	0.016341899103993501319	-0.0040613917103835351155	0.0090474809983744613334	0.0010227467707731774296	-0.0084631267007893203058
1	1	4	-0.0057320506743686137213	-0.0036882160750642649372	-0.0031034236898044992303	0.00037546816210734209381	0.0022088685910432782379	0.00082818697823923079215
1	2	-4	0.0039351114138015154398	0.0022789762558562353355	-0.0027525341804980341109	0.0035385047557267017455	-0.00039248923679863824973	0.0023389964418274100319
1	2	-3	0.009720434662124423017	0.0052824160590356711645	-0.010041279941805638862	-0.0016324105534469693975	-0.0034540417404956185246	0.0006725316507139107898
1	2	-2	0.0016353938656196538234	0.018823323361387193919	-0.0099444627981336401745	-0.021789865458311987595	-0.0091267658653238128291	-0.012378203777618390635
1	2	-1	-0.030917007880442270995	-0.041952972430957483074	0.033285593901518167881	0.021469802203229474552	0.035654179922594064767	0.00098663197550145995823
1	2	0	-0.065941135669806957842	-0.012630280572248964166	0.032970567834903478921	0.006315140286124482083	0.079299795120769858703	0.093986051886826182944
1	2	1	-0.080984447176590812489	-0.032007738738666094425	0.016000369667086851433	-0.0089081883348238466436	0.048983707842417116562	0.049824115408313787712
1	2	2	0.0026709188591858214375	-0.0021066855397251916908	-0.0019482074162137819496	0.0034760703479575980057	0.00061274798662087112244	-0.0024227275780950019435
1	2	3	0.0038757741341845031516	-0.0025238080470498698571	-0.0010351652841296540494	-0.0010938294051458527859	-0.00060181452197506494529	0.0015704889524471917373
1	2	4	0.00048345923031341839562	0.0005019733951915071905	0.0044542157701196695083	-0.001977751695060733176	-0.0023479726926381896783	0.00086338249873248976325
1	3	-4	-0.0023105329557515249216	0.00061398829310544702186	-0.0021176457008330942799	-0.0014626915288210985775	-0.0021658675145627020488	-0.00094352157333946217767
1	3	-3	-0.0043254375443538663551	0.0010169590363666384386	0.0032047071559304484561	-0.0026574461226547747318	0.0017628946411458261932	-0.0023184597771992287302
1	3	-2	-0.0081169720655535539805	-0.013877005833688034822	0.0024859531126776271588	0.0061135207272906702883	-0.00032955636376033641466	0.0022317781740919875877
1	3	-1	-0.0043763627956623649476	-0.015440216198852342241	-0.0064621500147696775071	0.0083355467624041546665	-0.023762812839971395734	0.0095664240883601200233
1	3	0	-0.0068319281758127846024	-0.0062251864253000908922	0.0022773093919375947229	0.0020750621417666968195	-0.0059443022048273662719	0.017997006412667215791
1	3	1	-0.014826846285998056263	0.0043695453733512265235	0.0052919243000187944637	-0.005334789662479905506	-0.0010489266140583260439	0.011634823614088489127
1	3	2	0.0011222777805517830142	0.0091623270080513838365	0.004196234001325653204	-0.0076286538051434848659	-0.0068554898922643710962	0.0068618172036895349469
1	3	3	0.0059419080812709926254	-0.00015602909797356450273	0.0019623229601411309488	-0.0018700497417701831843	-0.0039429589872314613902	0.0019220594410947046491
1	3	4	-0.00028192481656950891611	-3.9022467662161959621e-06	-0.00044560933028678660411	0.001077248652685556694	0.00040468820185746715501	-0.00080696092782261356468
1	4	-4	0.00054139241019532748957	-0.0013249356943227266585	0.00065516127774022027853	0.00019428929572546735772	0.00079050938028905220513	-0.0001369446278552142798
1	4	-3	0.0005638560948564918596	0.00039594755032606884998	0.00050542805136454254256	0.0015514043626064322277	0.00086185610010488730715	0.0022005216669172657576
1	4	-2	0.0013664452874379139514	-0.0035467754943694757529	-0.0013062829485651487101	0.00080087441252400164236	-0.0019293432534113407698	-0.00017163892213673437488
1	4	-1	0.0054601339392990229371	-0.004080772520826274341	0.00084546235667374550118	-0.00089847681996984641098	0.0088419833659940053755	-0.007674679800705659985
1	4	0	-0.0056109700665264803515	-0.005158845198683220494	0.0014027425166316200879	0.0012897112996708051235	0.0021932428443728678273	0.002196156990435498696
1	4	1	-0.0040541112658068608962	-7.5343028125756972583e-05	0.0024725574696592292692	0.0018498188168473595362	-0.005836118612830057048	-0.0073239322392636809281
1	4	2	0.0028132995163232883858	-0.0010396399477253374152	-0.0010501860373149964067	0.0032649242928671955502	0.00069372231646834862061	-0.0060100286118717222844
1	4	3	0.0010257753649238279554	-7.0704113173641010607e-05	-0.0013185149404356113437	0.00046289458644713829105	0.0014160947989395392121	-0.00059362474420497071334
1	4	4	0.0002341395369546830983	-0.00037692361024231114692	7.7437941193235331599e-07	-0.00016178867125413219728	-5.9309263650603130538e-05	0.00025601957381471001111
2	-4	-4	-0.0016032536044722678261	0.00051843573660968647436	-0.00080257890688351855683	0.00013581295557272380649	9.5210464738463340433e-07	0.00012340491273211940358
2	-4	-3	0.0002826426205204856843	-0.00083756464219833797087	-0.00051813411371918821017	5.4420000402921169793e-05	0.00087927389863924133081	-0.00063093642866945357645
2	-4	-2	0.00091001051857178029414	0.0037170000444224833049	-0.00079988481279457421345	0.0011504348583860166556	0.0025097801441609285042	0.0014161303276504497769
2	-4	-1	-0.0014556252530668065473	0.0010805942365531961274	0.0003087999665844102311	0.00022945409195356897486	-0.0041464503724712538021	0.0012433721052921163554
2	-4	0	-0.0048174009615677667109	-0.0025906320024859210219	-0.0024087004807838833555	-0.0012953160012429605109	0.0013749712835669810999	0.0019851388416595038174
2	-4	1	0.0022538174346490346192	-0.0013727754946897738602	0.001182371320147409437	-0.00071056910200874127698	0.00022185041129156872659	-9.6725418655417143591e-05
2	-4	2	0.0015836084848253597843	-0.0012995640546145535623	7.203712985429653378e-05	-8.6202090432845184811e-05	-0.0014395342251167667167	0.0011271598737488631656
2	-4	3	-0.00053428188654586314561	-4.1034592037359648412e-05	-0.00053498629766845129298	-1.0534284893463478035e-05	-0.00035712713919402625743	1.3310681500288462691e-05
2	-4	4	0.00026596305951558400424	-4.1716297724794028671e-05	-0.00018036786035402141361	-0.0005346164617305094232	-0.00031334939011181344283	-0.00051375831286811239531
2	-3	-4	0.0015954345777128809639	-0.0012355048203593597695	0.00030959971103160032575	-0.0012465978435168669283	0.00056551750558274025121	0.0003171959724579703657
2	-3	-3	0.0025358635977191460592	0.0021256810226729502475	0.0010628168123795740489	-0.0012092548363045363576	0.00062775891943318991827	0.0026263755180865031892
2	-3	-2	-0.0085968187567983297276	0.0029033072837180706749	-0.0031510798779118089942	0.0015946334513011503446	-0.0038701989399306173205	0.0005113571067663453748
2	-3	-1	-0.0060118819047620163445	-0.0022622224147967181715	-0.0049139127838167886986	0.0032580520845168292957	0.002717974541926332973	-0.014298601083143923363
2	-3	0	0.0048199682132981274199	-0.016377768082401489291	0.0032133121421987513242	-0.010918512054934326194	0.0049933088908116702101	-0.001781831859019604794
2	-3	1	0.017251774726779266211	0.0080142576525517178476	0.0081828227871582736447	0.0032829760674226715622	-0.0099550810920837062845	-0.0061795871028354210086
2	-3	2	-0.0063734806889441594779	-0.00014529133038409318651	-0.004210217559650281452	-0.0033002151800890010096	5.8154349468737232226e-05	-0.0048050314397494083007
2	-3	3	0.00099443919865717443456	-0.002303228262395148624	-0.00084276243276807793082	-0.00030375977048671974406	-0.0015057218985395275177	0.0012317257377767124732
2	-3	4	-0.00028784732967893853764	9.2520934681167494359e-05	0.00084902227186596274273	0.00087029258173448821242	0.00078069036873894129876	0.00060645896896028238503
2	-2	-4	-0.0010850480825948692273	0.0020601247958116665482	-0.0010589981918634485368	-0.00010129624845430340965	-1.3024945365710375759e-05	0.0010807105221329849857
2	-2	-3	-0.0099325603298572404803	0.0026920340333473221327	0.0034650983766052268278	0.0026319990929969225464	-0.0089317724709749787837	4.002329356693296264e-05
2	-2	-2	-0.003581387994321145931	-0.01362710506617801319	-0.0052738283858247579292	-0.011565044366989437122	0.0016924403915036115645	-0.0020620606991885760684
2	-2	-1	0.020228290106588008718	0.0066326985401901402545	0.023201625235693624366	-0.0012426560767080292204	-0.0059466702582112304296	0.015750709233796338082
2	-2	0	0.033135183198550015315	0.044075622491105352629	0.033135183198550015315	0.044075622491105352629	-0.027216553376785843077	0.019262584020682361335
2	-2	1	-0.034760170891959533968	0.0080569247711344549323	-0.024276997907505894897	0.017245223697362612597	0.020966345968907274672	0.01837659785245631533
2	-2	2	-0.0063270811835670721576	-0.0081218058730572039589	-0.0081472736570289069902	0.0076233497218151100375	-0.0018201924734618352662	0.015745155594872314864
2	-2	3	0.0019498136879015461661	0.0020144890485925808638	0.0010762108164330871224	0.00088642945715636646629	-0.00058240191431230617369	-0.00075203972762414282322
2	-2	4	0.00078199320808556628017	-0.00034803165263627705442	-0.00078632632683988713806	0.0009083480756922533662	-0.00078415976746272670912	0.00062818986416426523742
2	-1	-4	-0.0034537959507548047014	-0.0031404212670029631529	-0.00089981764918097299679	0.00064479410622754614827	-0.0015019435630821591828	-0.0017314091600583681949
2	-1	-3	0.0065852198223008504702	-0.0091496240394565980097	-0.00089352951536725050592	0.0020076156119670325248	0.0046879897199896504098	-0.0067689545636267431372
2	-1	-2	-0.010180383277475004225	0.030124107297564161473	0.0017179671694884698484	-0.007738013894411504244	-0.011039366862219238824	0.033993114244769917498
2	-1	-1	-0.033802722539442595084	0.016529260791306749773	-0.058704945580309551845	-0.017618961827682258492	-0.0089004994985756383241	0.050677483410295751098
2	-1	0	0.012862802192203879117	0.00062583191866409160816	0.025725604384407758235	0.0012516638373281832163	0.007833003052995286819	-0.041870863371705542566
2	-1	1	0.0015802062601569801751	-0.043447388129485224606	0.037446728512052732118	-0.047030386251898585737	0.034286315991738765263	0.039864390007071856536
2	-1	2	0.025025027645199000165	-0.0034587840571390429667	-0.017343885643205183417	-0.019730205566163276643	-0.033696970466801590138	-0.0064063187259425944872
2	-1	3	-3.1456031294972464389e-05	0.0024564410734915307494	0.0070753539014387174452	-0.0074419226584447068645	0.0023794219880095539982	-0.004118268268475923366
2	-1	4	0.0017582838970051706869	4.1754897400943215768e-05	0.0035628036105914352889	-0.0022251818215779399154	1.1558954145273494013e-05	-0.00057717290409495659691
2	0	-4	0.0014313565523397537432	-0.0087132299273053707978	-0.00063306953839453305056	0.0031228142996848409774	0.00071567827616987687162	-0.0043566149636526853989
2	0	-3	0.001308505008622576132	0.013665124361261809377	-0.0032475528351183090454	0.011910650248808699395	0.00087233667241505064623	0.009110082907507872918
2	0	-2	-0.055570238343604763664	0.0019588488915620854564	0.018402229600746018018	0.00035541831592441719238	-0.055570238343604763664	0.0019588488915620854564
2	0	-1	0.0062774016013785946533	-0.0097693515005904899701	0.056099204842737185328	-0.065839938720132787364	0.012554803202757189307	-0.01953870300118097994
2	0	0	0	0	0.023437779346924536572	-0.0076753991667108875663	0.0099475132021694164658	-0.035772962312870984491
2	0	1	0.038544540480394906545	0.011435892476231978784	-0.035008773772659096402	-0.0019508936751405294048	-0.077089080960789813091	-0.022871784952463957569
2	0	2	0.021685945131917336304	0.026273306858336165776	0.039357543895532129397	-0.0052017021310229397818	-0.021685945131917336304	-0.026273306858336165776
2	0	3	0.0040936002419834863902	-0.0089116515332969374608	-0.0038363774613654469045	0.0076688539828132715193	-0.0027290668279889907823	0.0059411010221979577289
2	0	4	0.00084317964672108000786	0.0017207102099627315239	-0.0020240096483477541811	0.0051567611174854087117	-0.00042158982336054000393	-0.00086035510498136576196
2	1	-4	-0.00025011938033757933784	0.0027906407156579678304	0.0003674933502798283496	0.0010278086739779525045	-3.3186352598832574744e-05	0.0016522725263234719871
2	1	-3	-0.0077393230583521809354	-0.0033912416307934731448	0.0037435803124964213591	0.0025012870315177138276	-0.0039116886014026464036	-0.0014270654100230772705
2	1	-2	0.014556201766966448199	-0.046606682723267164881	0.025622118511172662508	0.013359911334787819351	0.027367261022552779454	-0.039926727055873259542
2	1	-1	-0.010498290769635886671	-0.01528166514518616674	0.050680062910835120549	0.027511254229501177354	0.029683481371563343737	-0.0030520760608711535247
2	1	0	0.0095506528825937860028	-0.0095827934348948606152	-0.019101305765187572006	0.01916558686978972123	-0.094264000212358034503	0.0064265585543611019118
2	1	1	-0.0037436739005548666688	0.0058469665720621098043	0.031690355534125740078	0.019875906639904510065	-0.024203007733016007608	-0.031569839784028726204
2	1	2	-0.014040326084627793163	-0.019061794427517406852	-0.012059393088497275329	0.028062876488413737025	0.02007002262887642996	0.00503035618331053834
2	1	3	0.0057769410317435208532	0.0016544820141140060589	0.0016244210900393752858	-0.0011308231689904782793	-0.0043927677178421395757	-0.00072604695307917791001
2	1	4	-0.0015438681484276311866	-0.00019965363594218719662	0.0023047791127675338815	0.00063837946363286930066	0.0001957392960219321229	-5.9768047937123726853e-05
2	2	-4	0.00052002274843070974385	-0.0026123652925003001957	0.00072775812483639036425	0.00094232445857162503485	0.00062389043663355005405	-0.00083502041696433763462
2	2	-3	0.0011071817773726842869	-0.0085186539653793330595	0.0017450790981788802479	0.010389711606588851456	0.0019015072503677098344	0.0012473717608063453807
2	2	-2	-0.0037647176126851321191	0.0011033141024245308667	0.0017420632349336329526	0.0025021582269542470486	-0.0020226543777514989497	0.0036054723293787779154
2	2	-1	-0.021084357573527619245	0.0067061126896699142438	0.0093113464801469012638	-0.014723273096879978261	-0.023546022186761435963	-0.016034320814420129769
2	2	0	-0.023872143245725428035	-0.0070395031302609096038	0.023872143245725428035	0.0070395031302609096038	0.051242394520426871873	-0.040200188465807300264
2	2	1	0.0012863828890332619156	0.0096015697562039422491	-0.019353538140878846774	-0.02480362634018395615	0.036134310503691167982	0.030404113167960027803
2	2	2	-0.0051824437195007325499	-0.0001120382632189242505	0.011844567505795244519	-0.0015495103621605860623	-0.0066621237862945119693	0.0016615486253795104347
2	2	3	-0.0046701420792479696881	0.0035583578960082578799	7.1632974990454780667e-05	-6.7343474077730965501e-05	0.0030656727361716767585	-0.0023273429479536847722
2	2	4	-0.00091118130008592957813	0.0016120348936333977856	-0.0015258014213455628472	-0.00072823254095759153669	0.0012184913607157462669	-0.00044190117633790312445
2	3	-4	0.0013303365346411773554	0.0017334342443695394207	-0.00085455625657512629314	0.00095563891531598931742	2.4251074889243903624e-05	0.0015834463086717618339
2	3	-3	-0.0016114926684933793179	0.0013410633041187731106	-0.0012236620706267799588	-0.00062299603331405519185	-0.0022979905162890325483	0.00027104616943179362081
2	3	-2	-0.0087550564172537391483	0.00028099631153047621148	0.0072649185233593866276	-0.0024864159967265676669	0.0021423213677853407931	-0.0034486276835593754515
2	3	-1	-0.012770058327188816769	-0.00124881301036613079	0.0092525985702437765767	0.003924780795857936086	0.0022176790563536957594	0.0092767163668415475453
2	3	0	0.013031554254420761249	-0.0036709980287347354806	-0.0086877028362805086559	0.0024473320191564906095	0.0060012785954879103653	0.016431579314549412535
2	3	1	0.0063675117297621449883	-0.0052198032835609918176	-0.0006667985537603136675	0.0012485648717570120309	-0.010734627798243348215	0.0066939119518509481929
2	3	2	0.0005799661234145901895	-0.0022387910137488830666	-0.0037564467709046847968	0.003488453113192865971	0.0050547040329424371141	-0.0029938886560404156731
2	3	3	-0.00055307999104147137579	-0.0026709948184206093805	0.00054409030482176418738	0.00031128443534404580265	-0.00017537031079411662159	0.0014693787769363604329
2	3	4	-0.00036527502174352958608	-0.00013238899819699152891	0.00042570976361319169418	0.00040471598550549246938	-0.0001366448118381289776	-0.00023734249003062356047
2	4	-4	-0.001189183697371999247	-0.00044256735224466620809	-0.00054439745078519363643	-0.00049011351726242226821	-0.0011389892994711932599	-0.00071139719338475537226
2	4	-3	0.00028999052932846518119	-0.00093699919058719120281	0.00092682112673525237408	-0.00097975792227426969534	0.0014290885218659801336	-0.0019310100234238205402
2	4	-2	-0.0020960092377019325961	-0.0020639624638953447955	0.0012118433250499971096	0.0013426551994070482724	0.00032767741239806189414	0.00062134793491875185776
2	4	-1	-0.0017026524340802533242	-0.00068172793755455246729	-0.00051282008477098394664	9.7912920962881836947e-05	-0.0054565852072444428686	-0.00097180419125757764101
2	4	0	-0.00076801731798178160104	0.0029428906436528676389	0.00038400865899089080052	-0.0014714453218264338195	-0.0016678178406257420166	-0.0032738081474062074791
2	4	1	0.00023452543772112008726	-0.00011059850525472948062	0.00011024068938087894893	0.00060476323266837926987	-0.00091001363296575597025	-0.0021978559201640580911
2	4	2	0.00035538111038492487892	-0.0010827896135958095959	6.1317932975969744543e-06	-4.8976033815470057075e-05	-0.00036764469698011883461	0.0011807416812267496151
2	4	3	0.00070133994139008040605	-0.00088496268324106701006	0.00013776496367804769768	0.00017528955260237346898	-0.00065124657916411723708	0.00035625571869088006613
2	4	4	1.6898182329872662479e-05	-0.00017683736615292818244	-0.00014716948971915387351	-0.00035911745310780214405	0.00013872039855421754227	0.00044753613618426623527
3	-4	-4	-0.00039983952613318322249	0.0010671475623053418898	-0.0003330707942426487894	0.00074101371258558504981	3.3191149642761365757e-05	5.9346959143421387903e-05
3	-4	-3	-0.0010624336185564920484	-0.0012401975989959892685	-0.00019138473759827822761	-0.00069508008758314651122	-0.00080725396842545448384	-0.00031342414888512734389
3	-4	-2	0.0025641337418708960022	-0.0011885076453517825351	0.0014589446539733782679	-0.0012152865129503801888	0.00092831130485958725067	0.00064781155787308690019
3	-4	-1	-0.0010565302232252923864	0.0012540737586840741951	-0.00034565951907163583109	0.00079354511795910536668	-0.001786952593389333618	0.0005880408042158006849
3	-4	0	-0.00039090087733234654341	-5.7755518632895952707e-05	-0.00029317565799925990756	-4.331663897467196453e-05	-0.00036050015293928767968	-0.00049111961900954364049
3	-4	1	-0.0009299101346771002476	-0.00047664649913653261894	-0.00070707201829171676972	-0.0003697408277280186885	-3.8557669135566295421e-05	-4.9023813502476876853e-05
3	-4	2	0.00014718230447899064632	-0.0015452847672194789871	0.00033948051413338253737	-0.0013680367280997736065	0.00045818757154827911881	-0.00041814630537032862392
3	-4	3	-9.3549330244387481808e-05	0.00039871697655067666341	0.00022441463051142530676	0.0003194531756260961643	0.00039276883759295456652	2.7220590950784872051e-05
3	-4	4	-5.8089418034712042842e-05	4.9825304272159976469e-05	0.0002533476126325565677	9.2911084205415079922e-05	0.0002969146761585906083	5.5542106001295100959e-05
3	-3	-4	-0.00040026039209170116793	-0.00072233759040681044285	9.3214653432608767783e-05	-0.0005479391698803382036	-0.0003701062841432324179	-0.00013079881539485415233
3	-3	-3	0.0022339303715559833199	-0.0011702798282742458286	0.0020908013216314603848	-0.00093059418874608351539	0.00014312904992452274541	-0.00023968563952816231317
3	-3	-2	-0.00064707898353598869608	0.003133124148824380055	0.0001884915914383408699	0.0019655967069564413141	-0.0012533558624614944167	0.0017512911628019078945
3	-3	-1	0.00021725441403969787593	0.00019877591991155675339	0.0017194611642108248786	0.0018710066675202395321	-0.0045066202505133811165	-0.0050166922428260480107
3	-3	0	-0.0040773852854648689678	-0.0048852644984929702657	-0.0040773852854648689678	-0.0048852644984929702657	0.0075525637813741806209	-0.0059424340413415438142
3	-3	1	0.001895759623538020161	-0.0080122800508151091614	0.0014601536815350628189	-0.0043351611154414685864	-0.0013068178260088720265	0.011031356806120922592
3	-3	2	0.0012071415846551074302	0.00077138466290592965207	0.00066653214482399736601	0.0022498534130999418498	-0.00081091415974666482529	0.0022177031252910185677
3	-3	3	-0.0010206565389212147229	-0.0013639214442122027555	-0.0011179714248498206271	-0.00020842044542154322304	-9.731488592860578228e-05	0.0011555009987906596138
3	-3	4	4.6525187342898937997e-05	-6.4455175450574972375e-05	0.00038449692735401845914	-0.00079859201367099184269	0.00025347880500833962561	-0.00055060262866531259514
3	-2	-4	0.00082567259672374176786	0.0010609391966262184549	0.0015317921749732302684	0.00010525109550480587215	-0.0001466416399438088625	0.0007430788497172609525
3	-2	-3	-0.0029561263677930931827	0.004894456219957881056	-0.0025717516746808491077	0.0008711231009492302179	-0.001241625251339194139	0.004313707485991727722
3	-2	-2	-0.0011526374824184315668	0.00069042976184389699516	-0.00093639116111126252835	-0.0010899254998133667445	-0.0007925650625163847135	0.0021255701425792121288
3	-2	-1	0.0023005819443065937506	0.0012262877943803951811	0.0030293145137103216422	0.0044504461252122947887	0.00084311680549913764222	-0.0052220288672834040342
3	-2	0	0.0063974623233807150283	-0.0034830179178959239095	0.0095961934850710729761	-0.0052245268768438858642	0.0044782631604405234022	0.010934480542418596044
3	-2	1	-2.8300216503883685699e-05	0.0070491002070284594638	0.001042933992476964989	0.0075859306154318966939	0.0021707686344655812045	-0.0059754393902215858711
3	-2	2	-0.0040912568259692050701	0.0029794776191845620365	0.00054554183670245078638	0.004371283484730701871	0.0066824270756562576326	-9.7932944046141915664e-05
3	-2	3	0.0017746180032120919927	0.00031905924275308939495	0.00098405435065046314123	-0.00067405857960718934107	-0.0011185817694451165652	-0.00076843162915788223478
3	-2	4	-0.000745779942633310617	0.00020508995224946093895	0.00044778082441936708233	0.00030064514577282576858	0.00078322536918466658523	-3.494891300682808486e-06
3	-1	-4	-0.00145394558462724581	0.00059732210237647205726	-0.0014124183524508835026	-0.000376325150854993698	-0.00073735460035771348188	0.00054207286449610252166
3	-1	-3	-0.004000095553485170409	-0.0015745947902691490722	-0.00058626303488029164225	-0.0020858404535201466139	-0.0038046745418584067451	-0.00087931463909576693984
3	-1	-2	0.010355074267037170724	0.0026011301313324957686	0.016020944679761416063	-0.0013141429060019838536	0.0075221390606750489216	0.0045587666499997360134
3	-1	-1	-0.0074381209493222487372	0.0010538677187448145314	-0.007409940797847833216	-0.0026049315168376828943	-0.014904422050118912996	0.0057665346730721260549
3	-1	0	-0.0002843205228293553999	-8.5102296138434981271e-05	-0.00085296156848806625392	-0.00025530688841530493026	-0.032150523873835962219	-0.036673640299193441261
3	-1	1	-0.011229610959379361657	-0.0021220779911990837394	-0.015940397597555163584	-0.019085443229186045688	0.017748435280582921386	-0.012719209255588795338
3	-1	2	-0.0040680565657220599252	-0.0007605722438454086496	-0.010946047165256676814	0.011804898220788480681	0.00062906126595475169751	0.0070433074761623529897
3	-1	3	-0.00094630684421566943314	0.0014791475558357783295	-0.0028516059401217405504	-0.0026722148270055764464	-4.2284691582441263048e-06	-0.0023698858315043037394
3	-1	4	0.00073287206842625606147	-5.8798860427309291676e-05	8.212118102057545054e-05	0.00029853473162036827694	-0.00052912375606454814959	0.0001187328282255740346
3	0	-4	0.00033000755559589470354	-0.00024952121444865165171	-0.00015904257497207941472	-0.00048770622645052746046	0.00024750566669692100055	-0.00018714091083648875234
3	0	-3	-0.0017917744731595324891	0.0015069565007848825799	0.0041158245332941871542	-0.0023196255471951117769	-0.0017917744731595324891	0.0015069565007848825799
3	0	-2	-0.0037766709478533953652	0.0040974779476573488374	-0.0010499589404480574612	-0.004346330620906600252	-0.0056650064217800936983	0.0061462169214860232561
3	0	-1	-0.0055292714401764184173	-0.0024513913835884360015	-0.005007514337856513835	-0.015957217512776455948	-0.016587814320529255252	-0.0073541741507653080046
3	0	0	-1.78476043083179354e-43	-7.1390417233271741602e-43	-0.018910097157198508394	-0.027890262262990479086	-0.012808863324584954593	-0.00505089926796898573
3	0	1	0.0037844607967001497699	-0.013311790142181314026	0.0047492352243639910161	0.022341315611619484705	-0.011353382390100448876	0.039935370426543936873
3	0	2	0.0011836662280968806779	-0.0056774071749371235809	0.0016599600875554206339	0.00027181487777073294002	-0.0017754993421453210169	0.0085161107624056858051
3	0	3	-0.0018949323039757696822	0.00031367109224119077253	0.0028576597560215997312	0.0026671008871935806932	0.0018949323039757696822	-0.00031367109224119077253
3	0	4	-0.00024999041419041824735	0.00030086572462317178259	0.0017217806309684554472	0.0017635185003816564089	0.00018749281064281368551	-0.00022564929346737883694
3	1	-4	0.0002838695220115282033	0.0017339580981782871851	-0.00029839868093046176744	-4.2003286510653659795e-05	0.00013830247127603071062	0.0012899677520060519841
3	1	-3	-0.0020272146754954025079	0.0012621586051254937537	-0.0014634751773824688451	-0.0074098618841907815807	-0.0025150397346228917615	-0.0012077953562714333676
3	1	-2	-0.0086809593151405059497	-0.0085864880172939750391	-0.0072416124870384535397	-0.0021808647678580798772	-0.01664224521622998873	-0.013970164409870002714
3	1	-1	-0.0034423177185217497705	-0.003757330218287072577	-0.0016297547551353452813	0.002750703885791444276	-0.011956707910700595243	-0.0085212867690697725875
3	1	0	0.00068149048284157432223	0.00095812418643897968255	-0.0020444714485247229667	-0.0028743725593169391561	0.0050851675457858755078	0.017860150918173191975
3	1	1	-0.005025737743232047694	0.0090191816974379262345	0.0076024748733468806156	-0.0080371057318344377857	0.0074747383563492633338	-0.019020439360479340918
3	1	2	-0.00018061288682165094264	0.0055445768858968938822	0.0029564220588463242974	0.0064175550198122760862	-0.0012072916991906856941	-0.011525642838751478866
3	1	3	0.0016325616072724090464	0.001085059878119541037	-0.0011184617538160834035	-0.0045017284437908226466	-0.0012597410226670479119	0.00041551626981073316045
3	1	4	-0.00056909460612291804752	-0.0005135049104248137937	-0.00018124151130980404819	-4.0659438974433427614e-05	0.00047213133241963959512	0.00039529354256221868862
3	2	-4	-0.0018518391340702324357	0.00025250878409597882126	-0.00029158876816312969066	-0.00062009141512999420547	-0.001534673734634239145	-0.00012066411949301300034
3	2	-3	0.00036633701800926177878	-0.0034967150505185208564	0.0040903943741962172156	-0.0030587913773627091636	0.0030932666008067401936	-0.0055359093020936602988
3	2	-2	-0.00014621980079853637291	-0.0060921667911679995913	0.0038670583212197231701	0.0057051891278445832772	0.0036477286200219186107	-0.0034330610589074161097
3	2	-1	0.00618133215644197688	-0.0071713049173523831653	-0.01024221256395921667	0.0081705790437615454652	-0.001940428658592503134	-0.0051727566645340576981
3	2	0	-0.00033650438567104382298	0.00078582694468353310804	0.00050475657850656576158	-0.0011787404170252996621	-0.0039572801209631905048	-0.0097742851652912257632
3	2	1	-0.0012483548836351612658	-0.0040324553395116972954	-0.0038095828168179324616	0.0096546952054126188025	0.011364230284541348287	-0.0072120243922901448516
3	2	2	-0.00053254172209203165869	0.0043724461138877328964	-0.0039292728222402231036	-0.0056042719489418644022	0.0047280854053782699412	-0.00095439722188973548454
3	2	3	-0.00085699931519537001987	0.0018476940937145738472	0.0016529266293560441504	-0.00049299843984777476456	-0.00024495177104199271096	-0.0015190284671493907431
3	2	4	0.00068900182773537997898	-0.00062053968514738828965	-5.3092303518935170259e-05	-0.00029949411552847765615	-0.0004902052190420674296	0.00061515182162478001821
3	3	-4	0.00028164737223714306864	-0.0010087005932385459221	0.00039837765270715654996	0.00029368816490604640309	0.00051001876870822478172	-0.00053625932124937462572
3	3	-3	0.0012407637659202551492	-0.00014603065825266825723	-0.001071115006389742122	0.0016122441446343447388	0.00016964875953051291885	0.0014662134863816765357
3	3	-2	0.0015555402556258640136	0.0009919516862401131594	-0.0022067534338935110641	-0.0010935360335574662548	-0.00097681976740147079263	-0.00015237652097602937202
3	3	-1	0.00054424096482759052283	0.0039369324154831511139	0.00043660851085289677318	-0.0038465644106315164362	0.0029425484270414617796	0.00027110401455490338272
3	3	0	-0.0010811318278537225719	0.00086616758916658763076	0.0010811318278537225719	-0.00086616758916658763076	0.0048297360743539659647	-0.0069197494543930902072
3	3	1	-0.0038796804801368525197	-0.0026325178662358027226	0.0018282928112955947487	0.0026993196623418874366	0.0061541630065237735298	-0.00020040538831825465706
3	3	2	-0.00014283445406090909246	0.00073312048626417234808	0.001369914184843864461	0.00046019185484674605567	-0.001840619596174433107	-0.0017899685116663777412
3	3	3	-2.199463664931680868e-05	0.000652314967245267688	0.00027339458154469758891	-0.00045811643542634510225	-0.00025139994489538076668	-0.00019419853181892255864
3	3	4	0.00020771758758799700674	-0.00010142965791941787365	0.0001998663169431328583	6.0791118076765834357e-05	-0.00030568792839834741911	3.0478904881989022692e-05
3	4	-4	0.00067841418061894353479	0.0010946553936735799965	-0.00041555868421047588218	-0.00020723105107953314927	9.3251951253731768911e-05	0.00061376049417565187519
3	4	-3	-0.0002623466645837397096	0.00084812893123289360801	-0.0005252035162668642395	-0.00066983953738681796877	-0.00096261801960622543455	-4.4990451949530345832e-05
3	4	-2	-0.00053246902156993034493	0.00099177863502869999766	0.00081236787532011167732	-0.00090932840067589918928	0.00082603221828532783725	-0.00033098884880874832786
3	4	-1	5.0416656256494038913e-05	-0.00044379577785325910119	0.00010762214558715346485	0.00084503483742271682383	0.00058173855111809597614	0.0020487520161310899917
3	4	0	0.00091418380938877675732	-0.000528852619979693463	-0.00068563785704158256799	0.00039663946498477009725	-0.00065460852557176448571	0.00014319796450690117692
3	4	1	0.00016384394890151318799	-0.00029047723530609956049	0.00023946847736501397793	0.00012265900980577907871	-0.0014494057561645955299	0.00038079566669518225821
3	4	2	-0.0010014620958216141535	-0.00015174151461042493442	0.00088872606976933825763	-0.00021005051173395781735	-0.00027525899580625528499	0.00064771329538355307699
3	4	3	-0.00027261566923404082895	-0.00029226934538594001199	-0.00046088529726189832701	-1.2763310806087033346e-05	0.00088712939891657193164	0.00030928709312738936719
3	4	4	0.00014646416281148324774	-5.85416815282037187e-05	-0.00038166434254173855524	9.7082001728033558803e-05	0.00027181622043312609911	-5.3175740581880771472e-05
4	-4	-4	0.0030202565952285854133	0.00076036771421813327716	4.041561315505830059e-05	0.0010830674031706757215	0.0029798409820735267603	-0.00032269968895254249859
4	-4	-3	-0.00068157105993438748745	0.00087718536224333260466	-0.00064378029310683702532	0.00036058240395012028595	-5.0387689103400566475e-05	0.00068880394439094975827
4	-4	-2	-0.00062112581145635831128	-0.0012212066841753594498	-0.00072404300794383011624	-0.0012153832993335230307	0.00020583439297494371834	-1.1646769683672995901e-05
4	-4	-1	0.00098277725109613303482	0.00055637926076907828071	0.00096294922638030669773	0.00030873358156594541205	7.9312098863305131521e-05	0.00099058271681253147467
4	-4	0	-0.00051464946044520686313	0.00050420748829767183391	-0.00051464946044520686313	0.00050420748829767183391	-0.00092251191337627347702	0.00024608458943348995645
4	-4	1	4.4562023610542114943e-05	4.307407679571417119e-05	3.6046541484556073411e-05	-3.1086481583460487148e-06	-3.4061928503944145796e-05	-0.00018473089981624088809
4	-4	2	-0.00054936823203493906267	2.7283924389549433056e-05	-0.00064246144870440174621	2.9563468668147795602e-06	-0.00018618643333892536708	-4.8655155045469309532e-05
4	-4	3	0.00078510861218693489896	-2.7727645886733545867e-05	0.00038531947430418003958	-4.7544627413304094837e-05	-0.00053305218384367325426	-2.6422642035427402015e-05
4	-4	4	9.3442973203612909601e-06	0.00090806256825428093189	0.0025036645324162864687	0.0019156610485791768488	0.0024943202350959253234	0.0010075984803248957001
4	-3	-4	-0.00033056485459688884866	0.0001136245813981210344	-0.0006663472863837648693	-0.00012960160131869188286	0.00016919561019093477621	0.00021082578238713995332
4	-3	-3	0.00033122157483284807517	-0.00076761191981433241419	0.00030983369668226350092	-0.00076941261198619633702	0.00013179506976153393264	-0.00025406994776624677347
4	-3	-2	0.0019019236575597790045	0.0013198763806242185502	0.0017607987310716540028	0.00070889054383094099801	0.0011626492185120771133	0.0015764169455020253865
4	-3	-1	-0.00094383636096114647846	0.0006199214623359862843	-0.0012333727456328247383	0.00070272191537426478662	-7.5227206946111604123e-05	0.00037152010322115072314
4	-3	0	0.00019575808388279576124	-6.4226669804997251379e-05	0.00026101077851039433024	-8.5635559739996326136e-05	0.00045411209783134372578	-0.0010654039035376007809
4	-3	1	-4.9509422361330693481e-05	-0.0003767506455341257973	0.00026346818260734541526	-0.0007127068160443568879	0.0009884422372673589384	-0.00063111786599656736606
4	-3	2	0.00074110542306252125393	-0.00046993222382799465812	0.0014470948530671090375	-0.000770469142885328649	0.00068843143347562104836	-0.00021583926667200365726
4	-3	3	-6.4020193171466222818e-05	0.00030326695381519127789	0.0004580181749757692572	0.00073113131630545957068	0.00054337843253772423902	0.00032677537788520447928
4	-3	4	0.00060744921812929308837	-0.00050145630035192882527	0.00083540098312190433794	-0.0002596635542612327598	1.9101519212135137978e-05	0.00030670863465600422832
4	-2	-4	0.00060047531384188146484	-0.00017565878509607965033	0.00029200525060339753772	-9.1885385138378198959e-05	0.00045447268854018275019	-0.00012971609252689054407
4	-2	-3	0.0012296066895512410347	0.00082682232690514559197	0.0013115262955880229497	0.00013013652521794125713	0.00076512472234297271029	0.0010156720857282333387
4	-2	-2	-0.0019337401894773803817	0.0015363825742801256059	-0.0017722873595980084827	0.00067224662249572460487	-0.0020951930193567522807	0.0024005185260645269321
4	-2	-1	0.00096279318859194239211	-0.0024572813425957863373	0.0014210452136289776926	-0.0027895251154527993948	0.0010090823271098139664	-0.0042500751394775456923
4	-2	0	0.00068788477112439354918	-0.00077234485284585177763	0.0013757695422487870984	-0.0015446897056917035553	0.0027087651628373357604	0.0038278581925429992945
4	-2	1	0.000879072247994669995	0.00073243771975913907028	0.001342863354650449979	0.0019693028990337910211	-0.00083056228267778013045	0.0010088549190310255443
4	-2	2	0.0010675785124601359748	0.00045400759096373631248	0.002006032152978265079	-9.2152458011708550823e-05	-0.00012912487194200668078	-0.00100016763993918123
4	-2	3	0.00030968374452830591936	-0.00052976919566575185992	-0.0010023241266912772274	-0.00046048142050085727689	-0.0010811277438319260441	0.00039937131388709766477
4	-2	4	0.00025374301223228312501	0.00046385665298614943072	-0.00012960524640136657183	-0.00033441235459096848139	-0.00031854563543296643803	-0.00063106283028163364431
4	-1	-4	-2.4635498030450030848e-05	0.0006392936827280319657	-0.00086757369590323104615	0.00027265787571302839334	0.0001922579259453577273	0.00057112921379977484027
4	-1	-3	-0.0008562559609129672452	-0.000377250394387993761	-0.00072729728954964534098	0.00020243869547809903615	-0.00089924218470074121327	-0.00057048009101002465724
4	-1	-2	-0.00050844712258089051239	-0.0031985852378869257528	0.0010835677336435702803	-0.0037268644268118561284	-0.0015586781119835662734	-0.004533738262367924092
4	-1	-1	0.0011820149458490608607	0.00038108953880516230773	0.00027674747977783685591	5.466793289751963427e-05	0.0044513123036184062617	0.0014696902223231295831
4	-1	0	0.00030931957021416886218	-3.8930490192539649136e-06	0.0012372782808566754487	-1.5572196077015859655e-05	-0.011130428610233632225	0.00058839183234572463646
4	-1	1	0.0017974816846905816541	0.0037204296847357324479	0.0038218984808239615976	0.00547284191161187452	-0.003368028257938364585	-0.0094088768273310544044
4	-1	2	0.00059947690854283389346	0.00047457864911290076814	-0.00015748389749755095147	0.0021253943792605761373	-0.0012776957658344433033	0.00011353989140448650526
4	-1	3	9.2224483840726113946e-05	0.00066361140532929740153	0.00012122363705986696444	0.00040747271696444991793	-8.2558099434345839484e-05	-0.00074899096811757985993
4	-1	4	-0.00040157334711097425342	-0.00027937172733878093845	0.000121149313988729902	0.00014016776410438120987	0.00043186067560815671537	0.00031441366836487623414
4	0	-4	-0.00039631147133103447134	-0.00087317385713782098931	0.00050010941022951538835	-0.00063225352302375076655	-0.00039631147133103447134	-0.00087317385713782098931
4	0	-3	0.00015761372063832410333	-0.00048719646638707372497	0.00083416089673842453312	0.00013197627744216894135	0.00021015162751776548015	-0.00064959528851609826382
4	0	-2	-0.00064534420148080551619	0.0019774915244494010655	-0.0034358659639963013734	0.0028314228961253385362	-0.0012906884029616110324	0.003954983048898802131
4	0	-1	-0.0019895373973835995401	-7.7051553076044440225e-05	-0.0081429445983874117199	-0.0034183329058396810969	-0.0079581495895343981606	-0.0003082062123041777609
4	0	0	0	0	-0.0070454254961187746595	0.003205845975645893204	0.0053773567649166046853	-0.0030845360652833418019
4	0	1	-0.0023506079026576016597	-0.0012657621087193726174	0.0046464088105164572107	-0.0029645249918753397399	0.0094024316106304066387	0.0050630484348774904696
4	0	2	-0.00031623691194663302185	0.0002486716008488240961	0.001908398198954702708	-0.0022702095659804149078	0.0006324738238932660437	-0.0004973432016976481922
4	0	3	-0.00032141283032595922581	-0.0010087241094499355652	0.00012402278118312401955	-0.0011200790400682383938	0.00042855044043461226495	0.0013449654792665806814
4	0	4	0.00038083864170708643659	-0.00029330986597866915127	0.00092018807050042749664	-0.00028933423089200015861	-0.00038083864170708643659	0.00029330986597866915127
4	1	-4	0.00056371406041807277029	-0.00017079883841189066776	-0.00020928016954023433843	0.00074842738624012134299	0.00051139401803301418568	1.6308008148139661213e-05
4	1	-3	-0.00026038880236651569143	0.00081546063445797276059	-0.0001673344465495667135	-4.1404367456279900391e-05	-0.00040296321867187650211	0.0010734793901252036395
4	1	-2	-0.0016787475284161419709	-0.00041119259915088304412	-0.00099606868930113561141	0.0014179315134977461561	-0.003855529401482851639	-0.00011341944155289295599
4	1	-1	-0.0013557379208558426216	0.00034982793226857568846	0.0031041325615942137392	-0.00069341245067151369239	-0.0023188191218291571809	0.00070589927840278906147
4	1	0	-0.00022793306430233885892	0.00031707812381384517866	0.00091173225720935543569	-0.0012683124952553807147	0.0037709641596165451548	0.0023216312892412158293
4	1	1	0.0014957138104231383971	-0.00043480748609583263911	-0.0006864835691737034961	0.0018045823488487449174	-0.0052963716725188498755	-6.5352404465414388026e-05
4	1	2	0.00046282865720098518214	0.00012492724537397975268	-0.0011039962614395066459	-0.0016202959461179898375	-0.00037365918368221709553	0.00056029348231103541338
4	1	3	0.00067336490494113718838	-5.672454984844346325e-05	-0.00019604972204973213122	0.00013318006423960310723	-0.00083246996590493889216	3.1239378384723588699e-05
4	1	4	-0.00029633535801284154173	0.00081435141853384380908	-8.1223114016411497064e-05	0.00048107464362030311284	0.0003166411365169444431	-0.00093462007943891968215
4	2	-4	-0.00045128062622085026974	0.00075281939809988959126	-0.00040092565659325041976	-0.00046166301577103564238	-0.00065174345451747550673	0.00052198789021437185139
4	2	-3	-0.0013089020614779666232	-0.00025201456746935839903	0.00025642207694148786822	-0.0006396580791592065135	-0.0015742546973429635132	-0.00076245814273194891051
4	2	-2	-0.00053004001281082072355	-0.0011638737934164329786	0.0011681271070828960768	0.00011979977998452813318	0.00010804708146125464321	-0.0022079478068483377427
4	2	-1	-0.00048027663595644323529	-0.00045086165507150240518	0.0011068180607065765658	0.0009512271766364893081	0.00029252957758738024454	9.9007732986969063213e-05
4	2	0	0.00018612624485190128664	-0.00083588997919498760503	-0.00037225248970380257329	0.0016717799583899752101	-0.0017138040503397438535	-0.0031440140641484540067
4	2	1	0.00040905895749768157775	0.00051256323676547534043	0.0010446440269468260185	3.4513521106102441958e-05	-0.0037255238838843785648	-0.0021192799892741061643
4	2	2	-0.00075062698384935442209	0.00064304033923719627289	0.0014029236359671729516	-0.00021693682321242326191	9.8330331731535906164e-05	-0.0010691438552619693652
4	2	3	0.00024764514799178788309	0.00041592645491834258136	-0.0007789091325834547868	-0.00047598160246159547208	0.00018907922439991933805	-0.00023724753825005981183
4	2	4	-0.0003486941042435115338	-0.00030288821321415977878	0.00024054343754792545363	-0.0002179369852177704119	0.00022842238546954879343	0.00041185670582304502538
4	3	-4	6.8335989956979661074e-05	-0.00052995787412970954237	-0.00022928490809454249661	3.1190700532963145949e-06	-0.00010362769111392721138	-0.00052761857158973733597
4	3	-3	-2.8491086449122392157e-05	-0.00020747584384956608487	0.00044226834136545776664	0.00017282129857778004466	0.00040428022609996126183	-0.00010381315988830808205
4	3	-2	0.0012116877540852848041	-0.00025155877196393031277	-0.00082273134114691675364	0.00075295403901017487949	0.0011892784964501945319	0.00062631351458740163948
4	3	-1	0.00096528310524695139314	0.00051538969451410474986	-0.0010097550943636741938	-0.00090826141832201065431	0.00083186713789678255748	-0.0006632254769096129635
4	3	0	-0.00010528282677361174393	0.00054592629022588755675	0.0001403771023648156405	-0.00072790172030118337285	-0.00073812565809150258202	-0.0018646484788856800257
4	3	1	-0.00025931207135073639511	0.0003296170905010541185	6.2273618501260696889e-05	6.7790742294290189194e-05	0.00085042742989916353044	-0.001521840588887086879
4	3	2	0.00045359791780630488852	-0.00043787777686006947378	-0.00034877759970430865805	-0.00034038957252761995473	-0.00038402943605614678997	0.0013863399125115687983
4	3	3	-0.00037617872714626238075	-0.00031130911900291961683	0.00068164674666221073719	-0.00055562885958572612571	-0.00018007511046719425663	0.00097070768492295224535
4	3	4	-6.9115269992880664415e-05	-0.00049790669729871052558	-2.4841051228708156559e-05	0.00053638441680813238061	8.7746058414411786069e-05	9.5618384692611253675e-05
4	4	-4	-0.0026840467534888505681	0.0014696138867217928194	0.0032549587395149740671	-0.00042283289137003945892	0.00057091198602612328213	0.0010467809953517532521
4	4	-3	0.00037451535719747652744	-0.00055718274279538458713	-6.9189578243244076634e-05	0.00037039978852835880787	0.00040710103860564324967	-0.00024904393902270107516
4	4	-2	0.00056457373523972605254	0.00038950369133411942828	-0.00060465336351743319537	-0.00051010014372202439233	-8.015925655541425855e-05	-0.00024119290477580998229
4	4	-1	-0.0003120970084999753584	0.00012278351398497348575	0.00038480717121149152129	-0.00011057763546231584671	0.00029084065084606459733	4.8823514090630576489e-05
4	4	0	-0.00059179511355515995296	-0.00068445581727994623915	0.00059179511355515995296	0.00068445581727994623915	0.00083271026925484819582	-0.00027298190332178688591
4	4	1	0.00010421250684876538902	-0.00023687872653130784381	-9.7323091044995222311e-05	5.2635183798601975665e-05	-2.7557663215080632974e-05	0.00073697417093082347259
4	4	2	-0.00036133288212133421891	0.00029071238382192193589	0.00042197242494714654049	-0.00027312090328386379092	-0.00012127908565162462959	-3.5182961076116256048e-05
4	4	3	-0.00052071641179693190123	-6.135654768484868557e-05	0.00059472429555606554953	0.00029355410985082495794	-9.8677178345511594318e-05	-0.00030959674955463502982
4	4	4	-0.00023080488775478746888	0.0020282856286332243655	0.0001234135867212718602	0.00058543275875978285656	0.00010739130103351560868	-0.0026137183873930075473
