# completed local quartic closure restart checkpoint; cutoff=6; restart=4; seed=8609280341507887650; objective=projective-cross-power-ratio; selection=double-triple-remainder; optimized_objective=7.05518314920037898e-10; refined_objective=0; accepted_steps=8; candidate_lemma_proved=false
kx	ky	kz	ux_re	ux_im	uy_re	uy_im	uz_re	uz_im
-6	-6	-6	7.9220322837078620748e-05	-1.8170929661630098363e-05	-0.00014431395899639357983	3.7811558906707611765e-05	6.5093636159314959087e-05	-1.9640629245077513402e-05
-6	-6	-5	-0.00037372651778658976061	0.00046852320186167026924	0.00047016157247701872513	-2.3662705877299206422e-05	-0.00011572206562851474929	-0.00053383259518124525234
-6	-6	-4	-6.7301383490467989895e-05	-0.00031435661087884567404	0.00011402646556816090962	0.0003785395988748285279	-7.0087623116539386368e-05	-9.6274481993974280782e-05
-6	-6	-3	0.00014719414325083389787	-0.00025273152955069156256	-0.00029706867355452394597	0.00045201121090906722175	0.00029974906060738004199	-0.00039855936271675120996
-6	-6	-2	0.00034593395428480930515	0.00022792388066464330798	-0.00042219592153534108402	8.3956107847690082061e-05	0.00022878590175159520107	-0.00093563996553700011592
-6	-6	-1	-2.6693067537099576927e-05	2.6583342231202808132e-05	0.00012710977339007122869	-6.576474495466931114e-05	-0.00060250023511782989025	0.00023508841634079904515
-6	-6	0	-0.00042727578436324554177	0.00033687377858185806826	0.00042727578436324554177	-0.00033687377858185806826	-0.00051881495826434052832	-0.00047118912049914202754
-6	-6	1	0.00072558989779959010523	2.0203265165587864501e-05	-0.00061476509255638050154	1.9213852691846138038e-05	0.00066494883145925794739	0.00023650270714460402879
-6	-6	2	0.00041128632315023434677	-0.0004641979424481109404	-0.00056409374752366622536	0.00068954353284378714067	-0.00045842227312029579841	0.00067603677118702860081
-6	-6	3	-0.00024613849004942358733	-0.0003230333030301699355	5.9440024424098946766e-05	-0.00026296677607163306684	-0.00037339693125064925402	-0.0011720001582036058962
-6	-6	4	0.00016084512892198572645	0.00031601665667538894307	-0.00010857055481160095712	-0.0005478815946848112229	7.8411861165577167554e-05	-0.00034779740701413344684
-6	-6	5	0.00031183100754604667652	-0.00031243604766459484763	0.00010146851491672885537	0.00034762323365833505988	0.00049595942695533060032	4.2224623192488208614e-05
-6	-6	6	-2.0364838217411347431e-05	-3.3613111344362107177e-05	4.8408379362537973516e-05	4.0903896487937980032e-05	2.8043541145126626085e-05	7.2907851435758711612e-06
-6	-5	-6	0.00011139344465746919301	-0.00021696731549049531234	-0.00020970243113368553433	-0.00017090875789076443998	6.3358581287268752268e-05	0.00035939128039946566543
-6	-5	-5	-0.00019045701482762089803	-0.00026485532806186124367	-6.8098036454541897313e-05	-0.00021195044159649133663	0.00029664645424768695597	0.00052977683527072479651
-6	-5	-4	3.0329681254983686771e-05	2.2927067000186719079e-05	0.00023164775286974237855	0.00031557893839942647608	-0.00033505421296965346269	-0.00042886427349956315848
-6	-5	-3	0.0002961655512679163332	-0.00078889916693318572292	-0.00024733343752833124481	0.00094011213657622233735	-0.00018010870665528049234	1.0944772906000928758e-05
-6	-5	-2	0.00062718478611924275822	-0.00013300927853970785945	-0.00081521758846318413076	-9.8584754714102428258e-05	0.00015648961280023218775	0.00064548972240437965577
-6	-5	-1	-0.00079938775351154562135	0.00061813943643810491998	0.0010555189156467722437	-0.00088614550050700375584	-0.00048126805716458683979	0.00072189088390638958461
-6	-5	0	0.00037505682082776813655	0.00069251303832707476488	-0.00045006818499332179638	-0.0008310156459924898046	-3.999344775658416457e-05	-0.00014437340248222270216
-6	-5	1	0.00063469565823596725898	-0.00038835140051158515556	-0.00040147638195689005613	0.00015745179064042692904	0.0018007920396313533817	-0.0015428494498673764237
-6	-5	2	0.00011096992961903566802	-3.222213317642755455e-06	-7.3853980201887294271e-05	0.00024894289032524862795	0.00014827483835238878195	0.00061269058586019330224
-6	-5	3	-0.0010050726567454734087	-0.00022863041600275924308	0.00021517250140157297687	3.2475964984750523327e-05	-0.0016515244778216584595	-0.00040313422369760094953
-6	-5	4	0.00068661714849995705758	-9.8195901898707603928e-05	-0.00021133916891903848289	-0.00022807540139911961852	0.00076575176160113757762	-0.0004323881045969609426
-6	-5	5	6.3843721243468328809e-05	-6.5642149697082391476e-06	0.00029303436164966340915	0.00024647108670226142418	0.00036964682714182541456	0.00023859402873861151992
-6	-5	6	0.00047257455353411694518	0.00055934987290491935442	-9.3629471929741888651e-05	-0.0001982973070602851327	0.00039454999359266539841	0.0003941021170213483563
-6	-4	-6	-6.0844483531216187833e-05	0.00022164969480403470554	-0.00019455917540989187131	-0.00015620610776391092851	0.0001905506004711441043	-0.00011751228962809410008
-6	-4	-5	-0.00048753726568586308512	0.00068968662001310466949	0.00042635456077823091683	-0.00013967740286015793705	0.00024396107020045100663	-0.00071588202172759936217
-6	-4	-4	-0.00039735187445243889655	0.00054841962597904027246	0.00057767587635162726684	-0.0005851014247579412568	1.8351935327031071216e-05	-0.00023752801421061909767
-6	-4	-3	-0.00012226771481330128309	-0.0004096218012086653721	0.00098122864251612451104	0.00047326539833926093911	-0.0010637694270615634124	0.00018822307129831613161
-6	-4	-2	3.701405569259342876e-06	-0.00025077785048004791989	-0.00047695095241275425922	0.00015563767881235970316	0.00094279768811773054064	0.00044105819381542435333
-6	-4	-1	-0.00032535159742839048647	0.0009763455127840836318	0.00041999382130943410663	-0.0014602323007541718938	0.00027213429933260660076	-1.7143873687813677038e-05
-6	-4	0	-5.7806836487192021648e-05	-0.00032303865481877580123	8.6710254730788032473e-05	0.00048455798222816370184	-0.0012143379660548841038	0.0003428087711700341907
-6	-4	1	-0.00013156002311192848916	-0.00013376087976037503036	7.9458631241743213282e-05	2.9740718640866063639e-05	-0.00047152561370459813604	-0.00068360240399878587341
-6	-4	2	-0.00012961547115565929893	0.00024750057974633291611	0.00061938870765601257776	0.00026855572444043588221	0.00084993100184504728582	0.001279613188119870567
-6	-4	3	0.00033012160810368275767	0.00022559265030516051495	-0.00077722524398590893662	0.0005503275835324219047	-0.00037605710910717984191	0.0011849554119868835333
-6	-4	4	0.00043808798029230716295	-0.00029568278672855325415	-5.6401619870276416475e-05	-4.5294437697344882614e-07	0.00060073035056818434828	-0.00044397712446980335541
-6	-4	5	0.00036817265672523457557	0.00033054237205515000185	-0.00024011101142269378325	-0.00018212745653306116472	0.00024971837893212640988	0.0002509488812397310596
-6	-4	6	-0.00033113134976713249139	0.00034043416270079096412	0.00024509137961749647002	-3.384896636928193588e-06	-0.0001677370966888014933	0.00033817756494283887289
-6	-3	-6	0.0002188597226141096488	0.00087846312959593902351	-0.00022149809305577918667	-9.3038159644609570091e-05	-0.00010811067608622005546	-0.00083194404977363425879
-6	-3	-5	0.00046295290244474532424	-0.00030189607134927252995	-3.720277551823481546e-05	0.00043061465056057498212	-0.00053322181762275352827	0.00010390649528278207649
-6	-3	-4	-0.00038499594999890675295	-0.00036553942688948319259	0.0011106126698970974001	-0.00069887208837300380648	-0.00025546557742446281223	0.0010724632066139777251
-6	-3	-3	-0.0006750528343513129614	5.561560830587160525e-05	0.0010504264701847927134	-7.6655502416122838562e-06	0.0002996791985178331552	-0.00010356566637013092495
-6	-3	-2	-0.00032883465494430426466	0.00034542671718869707087	1.470267457903013327e-05	-0.00076011394669061964607	0.00096444995296436760931	0.00010389076846983829716
-6	-3	-1	-0.00012989502205236835657	-9.3301400748764678236e-05	0.00077945538187255167077	-0.00012263160363072342102	-0.0015589960133034447103	0.0009277032153847584138
-6	-3	0	-0.00022654962599821405604	-0.00063578600420010353625	0.00045309925199642811207	0.0012715720084002070725	-0.00031641251494499204834	0.00013964959038954458895
-6	-3	1	0.00017529805930321628303	-3.5573588468344460661e-05	-9.6967478075822400945e-05	0.00053573653981848058745	0.00076088592159183050887	0.0013937680886453749848
-6	-3	2	0.00023004148604005697216	0.0003563899437030893934	-0.00064247282666685904141	-0.0010296751038632410025	-0.00027358478188011756431	-0.0004753428246855933236
-6	-3	3	-0.00014850225042713216528	-0.00027000876117198201925	-3.5298509562867541145e-05	0.00040366498853316128267	-0.00033230301041713188525	-0.00013635253381080275582
-6	-3	4	-0.00045887169686977034942	-0.00011984089971591971823	-0.00017102059486533366731	-0.00016804419809287368041	-0.00081657299145365582881	-0.0003057944981435348512
-6	-3	5	-0.00011610156354952383786	0.00063376607723034117121	1.9894569328250052365e-06	-0.00020291381229787028425	-0.00013812820209973359839	0.00063877100529768720237
-6	-3	6	-0.00012158392164238212728	0.00043254531760146178567	-0.0001793202270293450687	-7.1587247675578511506e-06	-0.00021124403515705467518	0.00042896595521768284866
-6	-2	-6	0.00030911617217617724579	-0.00058222876512723138482	0.00012543131982741876598	0.0001379665724224420477	-0.00035092661211865019489	0.00053623990765308408076
-6	-2	-5	-5.256153987328772431e-05	-0.00046797002384094978349	0.0002314629434328316273	0.00046406077001160745332	-2.9511329525187375648e-05	0.00037593972060449674802
-6	-2	-4	-0.00016803913655632563614	0.0004303028605771584995	0.00090119428129814419318	-0.0011387093823143140062	-0.00019853843581458361527	-7.6099599708580732585e-05
-6	-2	-3	0.0003135695722502201163	0.00024553439280127333042	-0.00070804919534255895183	-0.00055286354634800363109	-0.00015510634760540091331	-0.00012249308803721087064
-6	-2	-2	-0.00027338838280940717159	3.4533946930767240343e-05	0.00065687326751497304798	0.00027459535065975165195	0.00016329188091324843969	-0.00037819719145205335942
-6	-2	-1	-0.00046198363180543637651	-0.00064881027482469857872	0.0013395412134506435274	0.0016245376478539184147	9.2819363931331204214e-05	0.00064378635324035464287
-6	-2	0	4.4486982314661749024e-05	-0.00016408580034600671153	-0.00013346094694398526062	0.0004922574010380201346	-0.0014228384226035613574	-0.0021862444073462478263
-6	-2	1	0.00025710603397521543736	1.7653258352814068692e-05	-0.0012058058481561537145	-0.001153758721470283426	-0.00086897549246101480486	-0.0022015978928236826229
-6	-2	2	0.00033160102065208366595	-7.7897897409803237368e-05	-0.00042196038028481257015	0.00071397751231794758485	0.0005728426816714384277	0.00048028382008853789985
-6	-2	3	2.2887245636844062366e-05	0.00067298173178733451845	-0.00081902005065126242886	-0.00077834854877143931032	-0.00050023887582715349451	0.00082706443106037605493
-6	-2	4	-0.000791105854501916771	-0.00012732628930646559123	0.00032218370034662799622	-0.00017609841761089171605	-0.0010255669315795612126	-0.00027903864276514428553
-6	-2	5	0.00037372718576416421839	-0.00025849514355782499467	0.00067371026904401926701	0.0010597030136920552491	0.00071795673053460476887	0.00011368703320743208166
-6	-2	6	0.00022158610416506078892	-0.00037153551682272045655	-0.00070373462226359375597	0.00077580604877446448023	-1.2992103256137110535e-05	-0.0001129335005645656524
-6	-1	-6	-0.00084134888776068756256	0.00019463619469323170858	0.00084437926258396750999	-7.1954881616591385421e-05	0.00070061901066335960809	-0.00018264371442379978843
-6	-1	-5	-0.000112357586473795575	-0.00023859620517629025476	-0.00012749496441417416752	0.0008299274556120593083	0.00016032809665138952893	0.00012032995508913644676
-6	-1	-4	0.00066483123486729548465	-0.0005879874617643273977	-0.00014234121427061778055	-0.0010949255914495118272	-0.00096166154873328878183	0.0011557125905088691618
-6	-1	-3	-0.00011914280869294581163	-0.00018674261316455439052	0.00032179959488186842898	0.00072200357097372839989	0.000131019085758602165	0.00013281736933786600818
-6	-1	-2	-0.00035412772646673722297	0.00048769235175496366327	0.00023510192504600410895	0.00044806300188433601265	0.00094483221687720960087	-0.0016871085562070590232
-6	-1	-1	-0.00023659895076039679017	-0.00030498996536156388389	-0.00020528678201053491312	0.0015403000270117752843	0.001624880486572915627	0.00028963976515760807328
-6	-1	0	-0.00010650781487093695084	0.0002960088230508860197	0.00063904688922562173214	-0.0017760529383053160098	-0.0027995524914866112484	0.0027513871609449363012
-6	-1	1	4.3616345749407149396e-05	-0.00017801314342509271644	-4.5000688024187269557e-06	-0.0011436440080213588349	0.00025719800569402417705	-0.0022117228685719150794
-6	-1	2	0.0010895286583982759839	-0.00077290315617725940771	0.0013608008154827847154	0.0016632060796364005282	0.0039489863829362207431	-0.0014871064287135780674
-6	-1	3	0.00034005285262559662059	8.4652105852350066997e-05	-2.5527267235469719783e-05	0.0014076300188462492063	0.00067159661617270335378	0.00063851421798678321181
-6	-1	4	-0.00024318564733449173879	-4.8401029419445713495e-05	0.00094624823677517022787	-0.00016383888698541594132	-0.00012821641180794506477	-0.00011356126587552255896
-6	-1	5	-0.00037099105037182448152	-0.0010395756736472565145	0.00096963111103613838695	-0.0002410417002725392542	-0.00025126303823896168959	-0.0012956991484312158688
-6	-1	6	0.00033736529408986238665	-0.00075625410861236577829	0.00018032006457871526772	0.00024461328973114193457	0.00036741863818631493579	-0.00071548522699050871691
-6	0	-6	0.00015130913370902057831	-0.00011115770776986540018	0.0015634063225683308106	0.00065123007488254486437	-0.00015130913370902057831	0.00011115770776986540018
-6	0	-5	-0.00021462199384276146874	-0.00067259936632035291926	-0.00066867869951113578005	0.00053655993995530828697	0.00025754639261131378417	0.00080711923958442361154
-6	0	-4	0.00028477963909432371875	-0.00036848750036247744167	0.00030086182180065593238	0.00025649991960311038829	-0.00042716945864148555103	0.0005527312505437161896
-6	0	-3	0.0010208787260808838051	0.00049480321896558582869	0.00046227747288106495931	0.00065731300592695638112	-0.0020417574521617676102	-0.00098960643793117165738
-6	0	-2	-0.00069895106824204153093	0.00030003382831715331687	0.00090109577990953818732	-0.0014414460439356984855	0.0020968532047261245928	-0.00090010148495145989641
-6	0	-1	-0.00019564497042454727805	-1.3201384030816117326e-05	-0.00011217319556834192806	-0.0029040702527557923397	0.0011738698225472836683	7.9208304184896703953e-05
-6	0	0	5.7112333786617393281e-42	-0	-0.0017071690355127170334	-0.0021545584547263047816	-0.00095092004398556785605	0.0057210296764891614349
-6	0	1	-3.5590723481654816995e-05	2.4979244847532188476e-05	-0.00088165315873198972074	0.0031433221202889351058	-0.00021354434088992891552	0.00014987546908519313086
-6	0	2	-0.00019836956189313843346	-0.00074852121365998026351	0.0010236263627585316834	0.00068071233261699838103	-0.00059510868567941527327	-0.002245563640979940899
-6	0	3	0.00032946944407321671544	-7.803376198374869805e-05	0.00012862661329324584373	0.00035896654478284232377	0.00065893888814643343087	-0.0001560675239674973961
-6	0	4	6.3723134603189013781e-05	0.00097466658180890976097	-0.00040058858352409385233	0.0002072924943598925744	9.5584701904783520672e-05	0.001461999872713364533
-6	0	5	-0.00016763616212525354909	-6.7005738751754891861e-05	0.00050670299452206478668	0.00049416181197377078652	-0.00020116339455030426433	-8.0406886502105870233e-05
-6	0	6	0.0002155467079999521759	-0.00046908603428512542612	0.0010726802836790864156	1.8822230280517748585e-05	0.0002155467079999521759	-0.00046908603428512542612
-6	1	-6	0.00045026821189424366676	0.00013007382381392340945	0.00010130731620918106994	-0.00076902965627864521003	-0.00043338365919271345681	-0.00025824543319369759305
-6	1	-5	-9.5793241970333793678e-05	-0.00057484368353472861321	-0.00047277745946658361218	-0.00017098803303971599286	2.0396398471083832687e-05	0.00065561481363373113728
-6	1	-4	-0.00012670806594974930387	0.00025495482519510181052	0.00027268444875785577929	0.00024266223917180157412	0.00025823321111408787353	-0.00032176667799970235613
-6	1	-3	0.0004663579200805997426	-0.00021804759778533587479	0.0016231683384144829883	0.00063721544444230685412	-0.0003916597273563718405	0.00064850034371810734955
-6	1	-2	0.00047444233230058282472	-0.00050972952891008933493	0.00032026514966399671509	-0.0025698739474428948341	-0.0012631944220697500624	0.00024425161300882064193
-6	1	-1	-0.0005770081056837717947	-0.00025204974731118478908	-0.0021818027546497502887	-0.0005627010708104744326	0.0012802458794528802626	0.00094959741305663441027
-6	1	0	-0.00023044704125566777084	0.00045562000829303385364	-0.0013826822475340066251	0.0027337200497582030134	0.0016335815345697520147	0.00069577424577071641035
-6	1	1	0.00014494548240737845026	-0.00063074806016079473445	0.0009775202450211498053	-0.00097977777961310392671	-0.00010784735057687926639	-0.00280471058135166448
-6	1	2	-9.9781874177594690693e-05	0.00035385916360939229791	0.00081619530351708226377	-0.0012443697024730020206	-0.00070744327429132520396	0.0016837623420646779041
-6	1	3	-2.7370805814966498343e-05	-8.8016469205344925373e-05	-0.00047759498919729170049	0.0021358645580567760421	0.00010445671810249756788	-0.00088798779109628181959
-6	1	4	0.000434263942742280128	0.00037931100712416775242	-0.0013783323114587337117	2.8260044690655290695e-05	0.00099597899197810361993	0.00056190149951358778647
-6	1	5	-0.00039781236322227961095	2.2785870875902082615e-05	0.0014885031237306055839	0.0005601692629056513606	-0.00077507546061285673665	-8.4690807530047758074e-05
-6	1	6	7.0260068803947682147e-05	8.7448067641604116935e-05	0.00037928250261791098723	-1.8420882955159693874e-05	7.046318367629182016e-06	9.0518214800797391342e-05
-6	2	-6	-0.00041665953110269610647	0.00014551381369835592874	-0.0002039998950740732459	-0.00043347007159162540468	0.00034865956607800502451	-0.00029000383756223104556
-6	2	-5	0.00023677607283638369123	0.00024245041770976227141	0.00034076290471656055323	0.00010358424093823425131	-0.00014782612551703618107	-0.00024950680487642102516
-6	2	-4	0.00028851555104341514678	0.00087248397678485738616	0.0003778717546621838193	-0.00051867731782352123875	-0.00024383744923403081052	-0.001568064624089046807
-6	2	-3	-0.00019677700722280539207	0.00011283095880257565337	0.00016359489224853835158	0.00044850605695173200458	0.00050261727594463629764	7.3342120362670016102e-05
-6	2	-2	1.7322826246718668597e-05	-0.0003935632281323121805	-0.0014054296699390934899	-0.00068154668825800592252	-0.0014573981486792494076	0.00049914299613893061899
-6	2	-1	0.00075222737184759390101	0.00033221330134536634308	0.0022504820347973670744	0.00054541821084090310115	-1.2400161490829218305e-05	-0.00090244338639039163932
-6	2	0	0.0004556751442141496319	-0.00046319774819075901261	0.0013670254326424490041	-0.001389593244572277092	-0.0036013688681171616805	0.0011838624031003496927
-6	2	1	-0.0005492439248380732433	0.00015869748586320875784	-0.0010132351079214973934	0.00061256629554430879619	-0.0012689933331854442392	-0.00027294767590936515377
-6	2	2	-0.00017051695921964938056	2.3691667445366547645e-05	-0.001735473216518015286	-0.0010186161026493531761	0.0012239223388590670088	0.0010896911049854528936
-6	2	3	0.00037261504206413252789	0.00041177356005600899112	0.00068245537037100361191	0.0012593763545562465436	0.00029025983721426266591	-1.6037116258813115683e-05
-6	2	4	0.0003356304026678793022	-5.8115976803995282748e-05	-4.3549694189743556817e-05	-0.00017856395108779030221	0.00052522045109669077915	2.1080103379022252893e-06
-6	2	5	-0.00021849524941645282416	-0.0002345588621378414773	0.0001017462011435685688	-0.00068595962909878043044	-0.00030289277975717080566	-7.0867829258975926189e-06
-6	2	6	0.00088403681401807250248	-0.00078764003282575983846	0.00095941870436713891021	0.00053766227920362848203	0.00056423057922902627136	-0.00096686079256030259352
-6	3	-6	-0.00042742850429677744757	0.00031913072411884159168	-0.00030882723010326859538	0.0010607132615549747477	0.00027301488924514314988	0.00021122590665864583639
-6	3	-5	-1.961239524612535024e-05	0.00042744796456013241107	3.5136455144512502907e-05	-4.2052462674779907332e-05	4.4616747382057922032e-05	-0.00053816903507702691222
-6	3	-4	-3.468136555612131173e-05	-0.00039087029515613621591	-0.0002696853115357767533	-0.0016099529520242185712	-0.00015024193531765060077	-0.00062115927128395952324
-6	3	-3	0.00038058121199664008511	0.00045939748146349017625	0.00063999188504815598434	0.001533294883736704842	-0.00012117053894512415878	0.00061449992080972459796
-6	3	-2	-0.00051674499814446451292	-0.00026065348646814941354	-0.0009884526222376694999	0.00020668326122644307789	6.7556061076889424447e-05	0.0010919853512441129659
-6	3	-1	0.00063446380571975419423	3.8661821332684191308e-05	0.0010595369468120712647	-9.7289584260393453027e-05	-0.00062817199388231169648	-0.00052383968077728546627
-6	3	0	-0.00045942665591516493057	-0.00039701043577770699219	-0.00091885331183032986115	-0.00079402087155541398438	-0.00028862800328919902037	0.0013118750889137610095
-6	3	1	0.00031089408995248847328	0.00050935641176938029149	0.00077853641279219899709	0.00089638682392533225018	-0.00047024469866166631422	0.00036697799884028494419
-6	3	2	-0.00016943172819387341665	3.1604714261525180695e-05	-0.000201624885765089415	0.00089841568919923051918	-0.00020585785593398614099	-0.001252809391014270135
-6	3	3	0.00019618245828286715341	-0.00066601392270406074847	0.00015914114846656053789	-0.0011320259108835491885	0.00023322376809917379605	-0.00020000193452457238979
-6	3	4	-4.9187627604242157816e-05	0.00045282796752715604198	-0.00052927078783897166595	0.00063013235918181595332	0.00032317164947286554323	0.00020664268190437212508
-6	3	5	-0.00098880090293384441218	0.00049934405723600497947	-0.0009638243427905377695	-0.00052847698224236421341	-0.00060826647784629052449	0.00091629905802862441667
-6	3	6	8.3524366306700977176e-05	-0.00069144968739853567528	0.00022937268210715874568	7.283142091769899179e-05	-3.116197474687840244e-05	-0.00072786539785738523217
-6	4	-6	-0.00039567110115272774136	-0.00082463678126256723718	0.00034430219177190840964	-0.0004905357708831679063	0.00062520589566733336586	0.00049761293400712200245
-6	4	-5	0.00022525379913844903825	8.8191469755826813959e-06	3.2627288208618054259e-05	-0.00017454131940416870361	-0.00024420272839924440792	-0.00015021603189403417988
-6	4	-4	-0.00047955711217611987716	0.00016263776529115892997	-0.0003878078764533096634	0.00033850250824940747787	0.00033152779181087015234	9.4545860312669096465e-05
-6	4	-3	0.00062916176344181718588	0.00026413656611078888212	0.0014201860109586113366	0.00045573240224908617875	0.00063525782106118081592	7.9370070777203834524e-05
-6	4	-2	0.00019721260111759509421	0.00049232087224665671381	0.00037946902114752346534	0.00071672840585867536155	0.00016730023894226159382	-4.3505805022619248909e-05
-6	4	-1	-0.00033511787524638525244	-0.0010667609372935161691	-0.0010325699335060056772	-0.0014013902018595685278	-0.0021195724825457109772	0.00079500481632282333708
-6	4	0	-2.4632676786633500956e-05	-0.00018820881300986275859	-3.6949015179950254822e-05	-0.00028231321951479411078	-0.00012851447666203987268	-0.00078001332168796801234
-6	4	1	7.7745646303222740604e-05	0.00023142070006580670624	-5.2618148585180709177e-05	0.00028572111212964450191	0.00067694647216005930743	0.00024563975187626212139
-6	4	2	-6.2213118769879736545e-05	0.00045772478225889834738	0.00030912595564932773048	0.00093075962673827236128	-0.00080489126760829464349	-0.00048834490669984968042
-6	4	3	-0.0003875864845491163108	0.00018614494470866170691	-0.000329795340167971776	1.039666742302259885e-05	-0.00033544584887427027165	0.00035842766618662661761
-6	4	4	4.3992232752938282723e-05	0.00076060401872450112727	-0.00056780453688336641853	0.0010343951378188492342	0.00063379288601277388327	0.00010651089026790255159
-6	4	5	0.00036268108385391378172	-6.7728306515116862632e-05	0.00012241067907312698287	-0.00011006456100838787914	0.00033728875736619491925	6.7776809885700612103e-06
-6	4	6	-0.00036359038379532631008	0.00010428218189744720699	2.1151074530985232685e-05	7.0092915846715298455e-05	-0.00037769110014931650586	5.7553571332970343609e-05
-6	5	-6	-0.00021851497078400505163	-0.00037208248806451022688	1.1987669401548972937e-05	2.7707351432019323409e-05	0.00022850469528529586947	0.00039517194759119300034
-6	5	-5	0.00021902403536024970371	-0.00020787065471709260706	0.00048254540253586344261	-0.00046523192523483994755	0.00021971656010356379815	-0.00021578713957432879198
-6	5	-4	-0.00051210303498820674856	0.00010038271987241989579	-0.00026712502383863945135	0.00033815036711612429061	0.0004342482726840108222	0.0002721138790865255128
-6	5	-3	0.0006284142767265878159	-0.00058268484376758995693	0.00027170473564879925495	-0.00097080717453466500427	-0.00080398732737184354022	-0.00045264227002259521974
-6	5	-2	0.00051146786419764100722	0.00059574407770891107689	0.00038299980995192841292	0.00073204663704254987339	-0.00057690406771310198935	4.2884359479641567987e-05
-6	5	-1	-0.00066264698250405134044	0.00034834591284848794761	-0.00085809420639645613352	0.00057247817106534793895	-0.0003145891369579728418	0.00077231537823581211753
-6	5	0	-0.00061362919544610155295	-0.0001943132737810596936	-0.00073635503453532182017	-0.00023317592853727163774	0.00054722098652267708863	-0.00061024075732791995159
-6	5	1	-7.2422435572061483969e-05	-3.9145865082109427397e-05	-0.00016368520798853652509	2.9924484661127300061e-07	0.00038389142651031364032	-0.00023637141472571292287
-6	5	2	-0.00025351292594616453178	-3.5910011988161175914e-05	-0.00013200440515020498929	7.7051400430229357707e-05	-0.00043052776496298118987	-0.00030035853704005692879
-6	5	3	-0.00037595925600390967718	0.00028785413647709290428	-0.00058813543342501033856	4.4232147936878702472e-05	0.00022830721036719793982	0.00050198802639272132025
-6	5	4	1.2558328579742045878e-05	-0.00058458833311272016819	0.00014803745607361998358	-0.00031527861610299603946	-0.00016620932722241190727	-0.00048278422954033529783
-6	5	5	0.00029462610658646543743	-0.00035489776697284218434	0.00025354498966728895339	5.9168469786375253933e-05	0.00010000633823646955798	-0.00048504579015378590902
-6	5	6	-0.00037940952441066136533	-8.7866220618544593887e-05	-0.00055546274272091921993	-0.00048931766385293070688	8.347609452343791685e-05	0.00031989849925889761667
-6	6	-6	-9.2594219012534536412e-05	0.00012447903658702885602	-2.0438116758737660713e-05	-0.00013404246440279889239	7.2156102253796879087e-05	-0.00025852150098982774841
-6	6	-5	0.00031376745478694568516	-6.5890805443964976969e-05	0.00032632276156648520535	-0.00059444077089092336921	1.506636813544743033e-05	-0.00063425995853634998395
-6	6	-4	0.00025420255773561396253	0.00030381550806232564006	0.00057949028556088689069	0.00033561472858680517495	0.00048793159173790931092	4.7698830786719288786e-05
-6	6	-3	-7.3314084941006468234e-05	-0.00036918966656397493326	-0.00024582587341217176837	1.462817791577673219e-05	-0.00034502357694233062738	0.00076763568895950339867
-6	6	-2	0.00046186683807547762679	0.00025742382699239199813	0.00034990157701680408469	0.00043181104871791228935	-0.00033589578317602062632	0.00052316166517656081947
-6	6	-1	7.0716421563468519142e-05	-0.00062059907676125067484	9.9440802695496263242e-05	-0.00061817028404457727286	0.0001723462867921664646	1.4572756300040308526e-05
-6	6	0	-0.0004331435715292886136	-0.00057763728770845589478	-0.0004331435715292886136	-0.00057763728770845589478	-0.00027379715978202430297	0.00041334935144760905469
-6	6	1	-0.00061952968570522660551	0.00023934367117934971696	-0.00054483518366794058112	0.00018076301806608158001	-0.00044816701222371641737	0.00035148391867960893011
-6	6	2	-0.00038593407110828147587	-0.00062048443099146726419	-0.00049011904983053413646	-0.00054842050272334503299	0.00031255493616675787336	-0.00021619178480436672071
-6	6	3	0.00024876917250055662068	-1.7469812105001483347e-05	-0.00016436965656133525871	-0.00018617649624252637433	0.00082627765812378370456	0.00033741336827504972776
-6	6	4	0.00012901372784595096935	-0.00013153714290416420782	0.00016118522904062606064	-0.00039048744709709010776	-4.8257251792012650481e-05	0.00038842545628938883635
-6	6	5	0.0003393023137544015134	0.00022035448711254772432	-3.6423883414571367467e-05	-2.3191433779332371734e-05	0.00045087143660276743536	0.00029225510507025615186
-6	6	6	0.00014897942959376790531	5.2411862422687067239e-05	0.00011031241389385905633	-0.00012394703634095209578	3.8667015699908835425e-05	0.00017635889876363913592
-5	-6	-6	0.0001766339376899245825	-0.00015448184774402299777	-8.4732637248506568486e-05	0.00016556166388998031251	-6.2462310826430579081e-05	-3.6826790769961138664e-05
-5	-6	-5	5.6561589786016217994e-05	2.0642252351466339254e-05	-0.00034337410242873554669	-0.00048998036642753457683	0.00035548733312846641499	0.00056733418736157510687
-5	-6	-4	-0.00034541252365103661433	0.00068637595994025610985	-0.00069385064875283604478	0.00016408244042682865269	0.0014725416276930498351	-0.0011040936105655631706
-5	-6	-3	0.00015422249465152110693	0.00063199551562530969801	0.00028442558160411110556	-0.00044746497267268535306	-0.00082588865429409068653	-0.00015839591403014552048
-5	-6	-2	0.00046965504735460561741	-0.001164266960065649982	-0.00064481726369107939152	0.0008739848937150849692	0.00076031417268672407683	0.00028871271901887031854
-5	-6	-1	0.00025306300831309965198	0.00048564618966422812155	-0.00025412338271741887917	-0.00047171448378634998726	0.00025942525473901474403	0.00040205595439695937
-5	-6	0	0.00019870267246167421784	0.00032401614854048860735	-0.0001655855603847285239	-0.00027001345711707383946	0.00024673176428179771375	0.00066419277057622508852
-5	-6	1	0.0003756526142496695482	0.00050157834038012146915	-0.00034391639975031275877	-0.00046470585564078136214	-0.00018523532725352897426	-0.00028034343194408098974
-5	-6	2	-0.00013533546469566193251	-0.00079774551107055012393	0.00055443435615959814951	0.00024188003562044318117	0.0013249644067396394546	-0.001268723670815045685
-5	-6	3	-0.00030674963608822526434	0.00034823455002867896146	0.00015823648008345052676	0.00011715811984958458076	-0.00019477643331347434187	0.00081470715641363401598
-5	-6	4	0.00014306392869177202566	-0.00033352318116256130963	-0.00012611846627497616384	0.00092621329956493769243	-1.0347788547749230619e-05	0.00097241597289420499649
-5	-6	5	-1.3978846280928880106e-05	-0.00013106642020843561522	0.00046458581344266489544	-0.00039021808861168381021	0.00054352412985026897409	-0.0005993281265424561929
-5	-6	6	-0.00014955392435112588399	-0.00028144934275170746356	0.00023845223235255112617	0.00044244108003218721821	0.00011382396205994621834	0.00020789996107243099857
-5	-5	-6	-0.00049533526300386127028	-0.00030631145388452184729	-0.00016108917156841979232	0.00023249302591327034766	0.00054702036214356757927	6.1515356642709596575e-05
-5	-5	-5	-0.00031942596988325300039	-0.00010393193913572214249	-0.00017087536082776625898	0.0005765697526598199691	0.00049030133071101928647	-0.00047263781352409784016
-5	-5	-4	0.00021649066785300538369	0.00022056367221883353062	0.00050928543326102162364	-0.00019916679081418830078	-0.00090722012639253373206	-2.674610175580652036e-05
-5	-5	-3	-9.785133844406350076e-05	-8.8250830754518417198e-05	0.00056748961406651607462	-0.00011733578883509185233	-0.00078273045937075414521	0.0003426443659826837961
-5	-5	-2	-0.00028844222479550808225	-0.00053758174409276806172	-0.00015535737344113254694	0.0004697059412711555317	0.0011094989955916015594	0.00016968950705403143347
-5	-5	-1	0.00070330075462154604225	0.00027008628391070050711	-0.00095396646993553232182	-0.00033120025974332632139	0.0012533285765699312894	0.00030556987916312907142
-5	-5	0	-0.00060173030955742523931	-0.0010430305085212935624	0.00060173030955742523931	0.0010430305085212935624	0.0005854920009651038218	0.00028513111754904655118
-5	-5	1	-0.00097739061932841002703	-0.00029497000904298058743	0.00072752579627204832288	3.8581098139493333094e-05	-0.001249324115281808846	-0.001281944554517436231
-5	-5	2	-0.00050303959233177742393	-9.5025660490541903939e-05	0.00024139876185349913259	-0.0002826494873487318967	-0.00065410207619569563347	-0.00094418786959818456258
-5	-5	3	0.00043439088325749247504	0.00028204393208569724988	0.00034862774306706827924	0.00080055475533228378626	0.0013050310438742680503	0.0018043311456966350421
-5	-5	4	-8.321923685205991452e-05	0.00027021603739859755434	0.00025995755663935391855	0.00067567746278913239002	0.00022092289973411750165	0.0011823668752346625389
-5	-5	5	-0.0002111276416522854494	-0.00016416743567779484153	0.00026940951541356699143	-0.00063446977046600926999	5.8281873761281569133e-05	-0.00079863720614380421994
-5	-5	6	0.00038730978601834574904	0.00023961600363431583439	-0.00034840322435627602091	-0.00029458296757636087682	3.2422134718391467214e-05	-4.580580328503754665e-05
-5	-4	-6	-0.00049716999801428037216	0.00070011159637580031197	0.00019495267701415645986	0.00022422061006975289887	0.00028433988033579605777	-0.00073290673702633543554
-5	-4	-5	0.00068885848293098359777	-0.00036745380187544929469	-0.00038823050489873554706	0.00044205088973342889815	-0.00037827407901199513844	1.3813090088706149748e-05
-5	-4	-4	4.1652955030214179599e-05	-0.00056552926176583041915	-0.00027748289601893234672	-0.00073101971367004533065	0.00022541670223116464086	0.0014379312908773334359
-5	-4	-3	-0.00037128625187125797666	-0.0004781220439639765978	0.00039822561801930298668	-0.00030561673291440650179	8.7842929093026014993e-05	0.0012043590504925030891
-5	-4	-2	-0.00018901603516748125304	0.00020190033890117679025	0.00033984950250141442597	0.0003463666051183785519	-0.00020715891708412574644	-0.0011974840574896991607
-5	-4	-1	0.0012738101722822579073	0.00035534966809794944287	-0.0017658117450925904339	-0.00014212682834658019919	0.0006941961189590716572	-0.0012082410271034263634
-5	-4	0	-0.00099542468251013192272	-0.0010610449581740669187	0.0012442808531376648492	0.001326306197717583811	-0.00082909993818934795817	-0.00051277510309440002371
-5	-4	1	0.00047442442428204790019	3.7952766163358076824e-05	-0.00054770617101401080414	-0.000171834262415398244	0.00018129743735419617595	-0.00049757321884480259187
-5	-4	2	0.0011362926872556711102	9.5507270103064093297e-05	-0.0010901212118014560332	-0.0001773610270962334718	0.00066048929453626570914	-0.00011595387893480671036
-5	-4	3	0.00043010683655978631948	-0.00023223923866213158542	0.00037096739947654487537	-0.00012916727306217738042	0.0012114679269017037538	-0.00055928842851978911345
-5	-4	4	-0.00040872359597284306683	0.00047632177728141011615	7.109388093352505434e-06	-0.00042199004636634312787	-0.00050379510687270135944	0.00017341217523541950377
-5	-4	5	-7.6171055764038609389e-05	0.00078772091983619701126	-0.0010084706968475829186	-0.00037812310114507957388	-0.00088294761324210502013	0.000485222438920133363
-5	-4	6	0.00021398445753288488649	0.00036112668161798603707	3.2711853444838182557e-05	0.00019153956869393833269	0.00020012828357396286044	0.00042863194714428060408
-5	-3	-6	-4.2790412027900122426e-05	-0.0006204211474398200251	0.00051446946931447284663	-0.00010410427357528711698	-0.00022157605796731963204	0.00056906975965416016928
-5	-3	-5	-0.00044262349855268937364	-0.00082758445926285205581	0.00060326887984233474281	-0.00037967736914899227535	8.0662170647288571317e-05	0.0010553908807522474102
-5	-3	-4	0.0003379506741005000852	0.00025508116416343240649	-0.00019865293862683557958	-0.00034986655037227677939	-0.00027344863865549846925	-5.6451542425082896462e-05
-5	-3	-3	0.00084086007437502981263	0.0010796869458605167034	-0.00068088138003161114906	-0.0017595427735033373432	-0.00072055207726010527761	-3.993546959752389459e-05
-5	-3	-2	0.0010846320663260751449	-0.0009686107931823414877	-0.00013536147411783754015	0.00158085198887978934	-0.0025085379546384315927	5.0248999636169594085e-05
-5	-3	-1	-3.7825477140863994225e-05	-0.0023316114752250762313	-0.00097062019727526887506	0.0029319170792327401906	0.0031009879775301266505	0.0028623061384271605845
-5	-3	0	0.00042402136443653722043	0.00027784176299942359633	-0.00070670227406089531318	-0.00046306960499903934529	0.0020830839826874469368	0.00040559604840347202384
-5	-3	1	0.0003486517778665224488	2.1082535221472531651e-05	-0.00034663851615407751099	-0.00098935572070716335837	0.00070334334087037992788	-0.0028626544860141270137
-5	-3	2	0.00055767478464244821072	-0.00039738941322798416534	-0.0012431127897931436386	-0.00014097276104480500696	-0.00047048222308359498528	-0.0012049326746371678831
-5	-3	3	-0.000606367248626611937	0.00020782427121374526333	0.00079019624414253036501	-0.00047275400404849377955	-0.000220415836901822782	-0.00012638021869225166496
-5	-3	4	-7.4148609745462937671e-05	0.0011909838543717999292	-4.0443179628314066627e-05	-0.00064946653203778797678	-0.00012301814690306422375	0.0010016299189364089289
-5	-3	5	0.00072847293036689330856	0.00026607571184170065916	-0.00017516126639132990591	0.00012877157828687546179	0.0006233761705320953108	0.00034333865881382591998
-5	-3	6	0.00020686488675822648983	-0.00031452595989716274722	-0.00057820738498389997236	-0.00058405615854374541302	-0.0001167162868600945554	-0.0005541330458528416535
-5	-2	-6	-0.00093453119362017712975	-7.9910154562140727256e-05	0.00069093168761605815685	-0.00074468852595638713576	0.00054846543214479492531	0.00031482130412057964452
-5	-2	-5	-0.00011434464435039808571	0.00019122884279231916168	-0.00049029495044692293897	0.00014032636666588515204	0.00031046262452916726943	-0.00024735938945867321165
-5	-2	-4	0.00087950181848723359059	-0.000380953569666096694	-0.00075759971464855926492	0.0002979834166129227452	-0.00072057741578476232867	0.000327200253776159522
-5	-2	-3	0.00063389270288793030887	-6.2089444478082128609e-05	0.00082141420160760801519	-0.0008370365538841543487	-0.0016040973058849558944	0.00066150677671957306379
-5	-2	-2	0.0011424046658521573409	0.00059003917432845791238	-0.0015686982283804290321	0.0015584180829101648442	-0.0012873134362499641034	-0.0030335160187313094625
-5	-2	-1	0.00053465099596666928409	0.0027783435197987599828	0.00033015424569245247757	-0.0064708276208469755683	-0.0033335634712182518093	-0.00095006235729984921112
-5	-2	0	-0.0012663084524792943275	0.00099817242475568035941	0.0031657711311982358188	-0.0024954310618892005733	0.0028299986897450599144	0.0035757379606711318931
-5	-2	1	-0.0010014605613316038355	0.0016517520026608550811	0.0010634390137071166125	-0.0037204262850196751639	-0.0028804247792437861694	0.00081790744326492475277
-5	-2	2	-0.00011761476565704613562	-0.00087791395606331610289	0.0021955984887170789527	-0.00044677815950182141582	0.0019015615745744634917	-0.0026415630496601115104
-5	-2	3	0.00038682131164987764577	-0.00031455524059208341903	-0.00069695980437968528889	0.0010532397223578643646	0.00018006231649667252324	0.00017790108058510385996
-5	-2	4	-0.00023040804758347368099	0.00043689775837059689929	-0.00036086996107572057038	0.00054776038431148552175	-0.0004684450400172023932	0.00082000239011898888499
-5	-2	5	-0.00027756393449621894485	-0.00046170621205749188751	0.00076167100611541276121	-0.00035528569083479236406	2.7104467949946153539e-05	-0.00060382048839140883313
-5	-2	6	-0.00010117505491396732765	9.1650240568311478829e-05	0.00041650705301813224475	-0.00095778676230598392902	5.4523138577737981984e-05	-0.0002428870536284017485
-5	-1	-6	0.00030631951076173742155	0.00033159787789093344082	0.00038982710072587537387	-0.00090961915738530364859	-0.00032023744242242705316	-0.00012472837201156058355
-5	-1	-5	0.00010056687923169976091	0.0007064225009972605572	0.00042518754866630785547	0.00096684857868407643022	-0.00018560438896496133472	-0.00089979221673407573483
-5	-1	-4	-0.0010470519172692802946	-0.00033758714625967004355	-0.00091765745875394346982	0.0011783304009980936737	0.0015382292612750861002	0.00012740133257506413601
-5	-1	-3	0.00021395288905921936579	-0.00079229292209070066588	0.0016575940736018087568	0.0028275202397691312321	-0.00090911950629930186191	0.00037798145689479077138
-5	-1	-2	-0.00091342877728258680195	0.0011351440077577753651	0.0018344468920952134491	-0.0020054302498905807704	0.0013663484971588603888	-0.0018351448944491481358
-5	-1	-1	0.00014625606863386141532	0.0011910061740128456784	-0.002163337581950189846	-0.0047085123759949450151	0.0014320572387808826881	-0.0012465184940692829434
-5	-1	0	-0.00074069536417865845714	0.00079997885871545791614	0.0037034768208932919605	-0.0039998942935772895807	0.0012499405369600709737	0.0024906739296503550667
-5	-1	1	0.0015036935139371866016	0.00065857226725065060122	-0.0043915102406985708286	0.0037104243513348044922	0.003126957328987362613	0.0070032856875880573899
-5	-1	2	-0.00060790925547246990341	-0.0026460138373665428695	0.0012576904847075279139	0.00019131326699852658937	-0.00089092789632741074737	-0.0065193779599170935402
-5	-1	3	-0.0011728320833233574997	-0.00073685324037317740439	0.0018496556190299032543	-0.00060978884907457919697	-0.0013381682658622946758	-0.001431351683646822073
-5	-1	4	1.3839443546587820746e-05	0.0011016178308789056559	0.0004162466310479922345	0.002320308557866934164	0.00012136096219523282227	0.0019570994280653656108
-5	-1	5	-0.0012543567299565551443	-0.00011910523502494596234	-0.00079531664834190925282	-0.00032300978953385547313	-0.0014134200596249370165	-0.000183707192931717038
-5	-1	6	-0.00023826842050729741575	-0.00029122329649948735641	0.00046450551575941216023	-0.00069457354940123910807	-0.00012113943112951249545	-0.00035844833864977931502
-5	0	-6	0.00020735779292117617395	0.0003691087469773715493	-0.00038235752901821736015	-0.00072084973843110323414	-0.00017279816076764680259	-0.00030759062248114296678
-5	0	-5	0.00012243688795487422537	0.00043063699242849314648	0.00054507477693466373225	0.00097317749172764968398	-0.00012243688795487422537	-0.00043063699242849314648
-5	0	-4	0.00017993362739254892377	0.00077435823638607971173	0.00055572371547119394676	0.0018409021759749877832	-0.00022491703424068614794	-0.00096794779548259963966
-5	0	-3	0.00013269782424091657448	-0.00082586166985205414128	0.0023780261817055721278	-0.0019665624343233384028	-0.00022116304040152763317	0.001376436116420090127
-5	0	-2	-0.0015930352016813899285	-0.0011120097402526154563	0.0004099103974311231512	-0.0044100262601625634176	0.0039825880042034748213	0.002780024350631538424
-5	0	-1	-0.00028847848031399343782	0.00087594657762425740411	-0.0035222286429360798871	-0.00042121402467067120936	0.0014423924015699671891	-0.0043797328881212864785
-5	0	0	-1.427808344665434832e-42	-1.1422466757323478656e-41	-0.0035004698462112763743	0.0080457359930527945491	0.0037308593877765231298	0.001957788696367040223
-5	0	1	0.0003614654271214715422	-0.0007527706799039650962	0.0058003242258832183112	0.0066168249801874462826	0.0018073271356073578736	-0.0037638533995198253726
-5	0	2	-0.0043158832143883156529	-0.00095002640568236582097	-0.0010851139142850324115	-0.0043993716252968021949	-0.010789708035970789132	-0.0023750660142059145524
-5	0	3	-0.0011449339542438795488	0.0004309188140763099131	0.001221451027048614784	-0.0013176832082598592764	-0.0019082232570731324367	0.00071819802346051648569
-5	0	4	0.0025197660140318382978	0.00029545389301487791139	-0.00073740414709175846741	0.00020675918424958487181	0.0031497075175397977638	0.00036931736626859734858
-5	0	5	0.00046745966778678088062	0.00064043909077010445757	-0.00033707815576407312201	-0.00057537219848519832212	0.00046745966778678088062	0.00064043909077010445757
-5	0	6	-0.0008179612604958207394	-0.00068543716786753432994	-0.00080976156972853549545	0.00049955119324440874426	-0.00068163438374651728283	-0.00057119763988961195968
-5	1	-6	0.00061515705496112936274	-0.00061323876023186454746	-0.00031154910579937207917	0.00020457196950158525834	-0.00056455573010083656346	0.0005451276284434846027
-5	1	-5	-0.00067804995141939759708	0.0003590317017204461259	0.0018040506320313488831	0.00011531710722274750671	0.0010388600778256673086	-0.00033596828027589664082
-5	1	-4	0.0011696501027196573759	0.0010431447736835915575	-0.00053346476929144953996	-0.00029949303849519798293	-0.0015954288207224343217	-0.0013788042267282891052
-5	1	-3	-0.0014518497343194486284	0.00022672799197616193799	-0.0018697898604210069686	-0.00031886513462140331655	0.0017964862703920786522	-0.00048416836483407103831
-5	1	-2	-0.0012128438841796755632	-0.0016032699591153505569	-0.0019842569318703354511	0.0022761964504923611584	0.0020399812445140211824	0.005146273123034556321
-5	1	-1	0.0016892180592225913838	0.0021561013046394769503	0.0062196118278574378732	0.0057385234506606049021	-0.0022264784682555194793	-0.0050419830725367802832
-5	1	0	0.00033460788155518665426	0.00018218185925460684779	0.0016730394077759331087	0.00091090929627303421183	-0.0067376332423754884196	-0.0047348808944741305194
-5	1	1	0.0010593072035267857029	-7.7544860588026732302e-05	0.0054068021739129591696	0.00067818026651374218889	-0.00011026615627903096678	-0.0010659045694538758775
-5	1	2	-0.00086118968323668353571	-0.00011956825022914937661	-0.0069753901608610655027	0.00062596093763147642522	0.0013347208723388239663	-0.00061190109438861159993
-5	1	3	0.00080798666343159721449	0.00067431882203509085297	0.0028712930548547028337	-0.0018138322566199603387	0.00038954675410109439486	0.0017284754555984714261
-5	1	4	-0.00056225196565066820013	-0.0014948914921519259116	0.0023411537424291133103	-0.00066902959791886667477	-0.0012881033926706135506	-0.0017013569657101906395
-5	1	5	0.00072079366624071944912	0.00018941852750658765415	-0.0002708165863874090651	-0.001501855542228701032	0.00077495698351820127298	0.00048978963595232782261
-5	1	6	3.9633163026600104831e-05	3.6464833481466544954e-05	-0.00032668407127917293079	-0.0001154964909873356342	8.7474981068695571306e-05	4.963677639911139429e-05
-5	2	-6	0.00042766172351655571933	0.00035851836755871133037	0.00026791566415671771257	0.00079521140253189300396	-0.00026707954821155724043	-3.3694838788295134423e-05
-5	2	-5	-0.00025620246280448242485	0.0009985790411917363097	0.00048591288094117663374	0.00024015329923559753929	0.00045056761518095307835	-0.00090251772149749730483
-5	2	-4	0.00016418203908814393019	-0.0012274127536513964893	-0.0013316980342125070425	-0.00051071809301057803816	-0.00087107656596643347462	0.0012789068955589566468
-5	2	-3	0.0006431877951278155113	-4.9777479703014632109e-06	-0.00047889691967194811077	0.0016827084560026932779	-0.0013912442716609912594	0.0011301018839522979694
-5	2	-2	0.0013137827518448592576	0.00030124785158766310923	0.00049908641346579506095	0.004089532220361033997	-0.0027853704661463529746	0.0033364125913918764137
-5	2	-1	0.0014974248605300478476	-0.001268612398026300412	0.0036610110374198910101	-0.002805682068726258506	-0.00016510222781045672978	0.00073169785267898515644
-5	2	0	-0.0012579147441700198277	-0.00014483348238730802326	-0.0031447868604250494608	-0.00036208370596827003105	0.0047924369453367235763	-0.0019920256284819883724
-5	2	1	0.0029289069361856990593	0.00032287325153366298143	0.0060401684288864769534	0.001496291956489996652	0.0025641978231555413899	-0.0013782176553116785595
-5	2	2	-0.00027862902452710410764	0.00061071511496394326884	0.0006236140753470544246	0.0052369847235940111818	-0.001320186636664814504	-0.0037101969361841534434
-5	2	3	-0.00091013153537557861788	-0.00044333763350902559387	-0.0014518260311287322153	-0.0014609816587700017419	-0.00054900187154014281395	0.00023509171666495845966
-5	2	4	0.00023146530875649910775	0.00021690496956624214821	0.00054183071939365996632	-8.1820428628545484383e-05	1.8416276248793928634e-05	0.00031204142627207540712
-5	2	5	-0.00040466388019442508855	0.00046238645246839712825	-0.0016895900907447137552	0.00061196405476233572268	0.00027117215610346037018	0.0002176008305634628175
-5	2	6	-0.00044726032394314769406	-0.0007045731338907021326	0.00016450999101953875034	0.00091756578744886529726	-0.0004275536002924693285	-0.00089299954072520691239
-5	3	-6	0.00053532822043125837842	6.4307479408264557543e-05	0.0002293653692010432833	-0.0003027968303280645845	-0.00033142416575886033585	-0.00020498798133758609698
-5	3	-5	0.00075350725294509905087	-0.00013842978568055400819	0.00013180598994583806122	-0.0001945141278559963131	-0.00067442365897759629003	2.1721308966956210838e-05
-5	3	-4	-0.0010035057583570861344	-0.00051894939930023479841	-0.00049031191795051388884	0.0011045946778284044913	0.00088664825948347222428	0.0014771327574965970562
-5	3	-3	-0.00024289688110920703971	-0.0004889966912402771539	0.0007662346092409848871	-0.0011419268840323708834	0.0011710627444229966109	-0.00032693239863190899641
-5	3	-2	0.0010993493436323377617	0.00062041650076252643359	0.0022955830096841535644	0.0018570423923636376114	0.00069500115544538615918	0.0012345223366391404416
-5	3	-1	-0.00029534872714395644846	-0.0011222528398224850075	-0.001160531901325948358	-0.0016733198119411988886	-0.0020048520682580625064	0.00059130476328882793785
-5	3	0	-0.00034019044796669832987	-0.0015157996233943413222	-0.00056698407994449718031	-0.0025263327056572358262	-0.0018629359749529120476	-0.0029014879559556608878
-5	3	1	0.0029015276810691738134	-0.0016589722079112267407	0.0042544919854454786926	-0.0034732527547460265507	0.0017441624490094334229	0.0021248972246819455151
-5	3	2	0.00166670403514133144	0.00047164283747649264969	0.0019779637793976233805	-0.00063791968854700806767	0.0011998144187568935293	0.0021359866265117438341
-5	3	3	-0.0028692093146140225032	0.00054578694516729093188	-0.002666282151013408229	-0.00018902720627003737801	-0.0021157333733432962322	0.0010986721148821890215
-5	3	4	0.0013811555173001810026	0.00060623169127180698453	0.0010445554879664640732	0.0003820262477087274359	0.00094302778065037814407	0.00047126992830821319439
-5	3	5	0.00016094953583547239452	-0.0002556205157708638662	-0.00038835591099056749166	0.00058964548898069086853	0.00039396308242981286241	-0.00060940780915927838732
-5	3	6	-0.00013555452909607638295	-0.00025219470993625633937	0.0006703038351093076842	-6.9763243049597120529e-05	-0.00044811402513471749456	-0.00017528063675541506717
-5	4	-6	-0.00068552504395058533847	-0.00036464536708851537665	-0.00089129005793893065733	-0.00084788910249377214944	-2.2922502000465951098e-05	-0.00026138826242208524058
-5	4	-5	-0.00019982921352573011103	4.9439726870649220011e-05	0.00012926629518171094818	-6.9537153897812999711e-05	0.00030324224967109885331	-0.00010506944998889962385
-5	4	-4	-3.7624559380876564086e-05	0.00035572629942429574408	0.00068350578325202372785	0.00048102819692980757415	0.00073053648247811936011	3.6370322649437921152e-05
-5	4	-3	-0.00080843151595399889795	-0.0014687421210714595929	-0.00090547833310363585405	-0.0022787395317084798742	0.00014008141578515027653	-0.00059041584049220724971
-5	4	-2	0.0019007773414063647462	0.00017855006394720720608	0.0014730695095889233866	0.00049355306417311168524	-0.001805804334338065309	0.00054073096847820530109
-5	4	-1	-0.00062333782531178024647	0.0004861101142941344792	-0.00048851033554144049527	0.00067975474260825534921	0.0011626477843931391429	0.00028846839896234889242
-5	4	0	0.00032416189219519148069	-6.5897861451402219273e-05	0.00040520236524398931021	-8.2372326814252774091e-05	-0.00058253387122641337413	-0.00016037531007438474259
-5	4	1	-0.00094854722864497783945	-0.00035118221441408090447	-0.0011817544877773130362	-0.00021705210361721403328	-1.5718192115636483433e-05	-0.00088770265760154838924
-5	4	2	8.2940856739492367275e-05	-0.00058007096546740732294	0.00020286444113738375753	-0.00076485586446972545285	-0.0001983767404260366172	7.9534315270932476392e-05
-5	4	3	0.00047794618855066052553	0.0021871383465908150051	0.00049976195535212221497	0.0016359881869679022103	0.00013022770711493801294	0.0014639129950274887282
-5	4	4	3.5256983089601582812e-05	-0.00082908294747668378165	-9.2489767944771387608e-05	3.3014577129472304055e-05	0.00013656099680677336104	-0.0010693682614753270785
-5	4	5	0.00010632934777185600896	-0.00020044720483722004863	0.00017720922857188193861	-3.3056185417028082017e-05	-3.5438035085649550061e-05	-0.00017400225650359758302
-5	4	6	-0.00043640988512088746106	8.8168563328314104128e-05	-0.00072572899939365954555	-0.000530458032660377477	0.00012014442866170013712	0.00042711249121384672455
-5	5	-6	1.3398964084875754252e-06	0.00012494758142484163046	-0.00033982833875131738827	8.9144206471100849117e-05	-0.00028430686263317079881	-2.9836145794783987842e-05
-5	5	-5	0.00011571273244060147555	-6.4458072158352669348e-05	0.00017617453699653466605	0.00031010764656607824226	6.0461804555933183725e-05	0.00037456571872443087095
-5	5	-4	0.00044583875240311214095	-9.0134947832878821884e-05	-0.0002825633921485728897	-0.00022751664442858561673	-0.0009105026806896062341	-0.00017172712074463349356
-5	5	-3	-0.00090278222237401555429	-7.0716586738555587354e-05	-0.0012005361574869356962	0.00022240231049237111521	-0.00049625655852153353377	0.00048853149538487781502
-5	5	-2	0.00068554325134704652105	-0.00079886152334392060252	0.00035697239200218000782	-0.00020639658257249636811	-0.00082142714836216620174	0.0014811623519285603556
-5	5	-1	0.00085048549394688491287	0.0013423929555887179413	0.0011044155383855348059	0.00079687961669915822333	0.0012696502221932488147	-0.0027275666944477985898
-5	5	0	-0.00054557525747832378432	0.00022713088269234459364	-0.00054557525747832378432	0.00022713088269234459364	0.0012486514428242047499	-0.00023711050352226192882
-5	5	1	-0.00020301639083668507357	0.00040397528255878999886	0.00013910986687200408308	0.00036819792154783620875	-0.0017106312885434456477	0.00017888680505476908605
-5	5	2	0.00034702295852322785673	0.00021398261663885020977	0.00013617759604834506052	0.00020992433692048744496	0.00052711340618720708539	1.0145699295906949301e-05
-5	5	3	0.00071636841433675056082	-0.00032785896280375690466	0.00021351433177906666569	-4.168417208633598786e-05	0.00083809013759613977101	-0.00047695798452903481615
-5	5	4	-0.0010052095277837474422	-0.00049336615463526983186	-0.00039932644553799070183	-0.00046682160482479611707	-0.00075735385280719584415	-3.3180687263092163827e-05
-5	5	5	-0.00027447397426698063498	0.00052679044564860066664	-0.00025318669487839475874	0.00032706314380850725308	-2.1287279388585869471e-05	0.00019972730184009338645
-5	5	6	9.8965321572631152216e-05	0.00019067826852313686493	0.00060074111934792207533	1.4548769828162432725e-05	-0.00041814649814607575797	0.00014677458224581201723
-5	6	-6	-0.00047222901987856310494	8.6569948840273350547e-05	-0.00012066623155584098889	5.8621068950092658219e-05	0.00027285795167629494544	-1.3520555083468470625e-05
-5	6	-5	0.00037375101902873748188	-0.00012863735582594720678	-0.00014220889757600603791	-4.3022094946410294517e-05	-0.00054440169611994469485	7.7010841890254866913e-05
-5	6	-4	9.8613232397317955222e-05	-6.9631921315439627269e-05	0.00017924100399482119795	-0.00037299090252915521665	0.00014559496549558436306	-0.00047244645214943330105
-5	6	-3	-0.00025009412953758976923	5.3181765947364037679e-05	0.000222182359240521792	-3.6299522824968484883e-05	0.00086118826771035988411	-0.0001612353222288770416
-5	6	-2	-0.00026377080611306440595	-0.00056939042139165737567	8.7223503320862447587e-05	-0.00056868012366894054969	0.00092109752524524839828	-0.00028256431752767815569
-5	6	-1	-0.00023120871195114105299	-0.00048314044346878042783	-0.00027925051991195933487	-0.00049602177530692524113	-0.00051945955971605074428	-0.00056042843449764919925
-5	6	0	-1.7115314941940573489e-05	4.0591556563479363421e-05	-1.4262762451617145139e-05	3.3826297136232798333e-05	0.00034722111877538496894	-0.00051839658310838998469
-5	6	1	0.00018661453286912907	0.00013148295002807182169	3.9752503995652281772e-05	0.00016087806418686178569	0.00069455764037173171356	-0.00030785363498081160568
-5	6	2	-0.00015200183013619667817	-0.00037440108579026932026	-1.5298015121734724012e-05	-8.6120844889484894375e-05	-0.00033411052997528748951	-0.00067764017980721856331
-5	6	3	0.00026270630182827610583	-0.00031182666274358442375	0.00044047954858560160957	-0.00033140909893389608031	-0.00044311526079074306083	0.00014310709329515142727
-5	6	4	-0.00054964080577035473885	0.00068627639318654136327	-0.0006853416435781795827	0.00049132673271355437224	0.00034096145815432586917	0.00012085539241284514573
-5	6	5	-6.1595750768532678688e-05	1.7006265645181070146e-05	-0.00044878728435601337012	-1.8118103503747864778e-05	0.00047694899045868331938	3.874798984967850788e-05
-5	6	6	-0.00037063433931167825801	-8.9653343909760943153e-05	-0.00035829738952145576874	0.00015460524643264435219	4.9435440095057209102e-05	-0.00022931636635744513815
-4	-6	-6	0.00015843310720010172024	-0.00036924845168543772231	0.00027298645230644942019	0.00015160424724964814453	-0.00037860852377318390035	9.456138720731034153e-05
-4	-6	-5	0.00040736189281215327406	6.8585204810320702447e-05	-0.00066072782780107481692	-8.3742269190368155848e-05	0.00046698387911156720442	4.5622559180185226415e-05
-4	-6	-4	0.00024321722720720864003	0.0002562070349698004337	-0.00052037623917005574204	-0.00020687411570514477733	0.00053734713154787500013	5.4104138587916732303e-05
-4	-6	-3	-0.00013304806013128507363	-0.00011243606177017258718	0.00033560250525912035295	-0.00041415646201252556474	-0.00049380759700986057159	0.00097822767305194785817
-4	-6	-2	-0.00031798514370874104594	-0.00010060061925156080188	0.00023215489732191735913	0.00053712305744784999851	-6.0494404548270019385e-05	-0.0014101679338404285273
-4	-6	-1	0.00089307088290893946701	0.00036555007158306919261	-0.00056038707815887496121	-0.00027838566589906649056	-0.00020996106268250796525	0.0002081137090621222813
-4	-6	0	0.0003789276733259851768	-0.0010403287121391623961	-0.00025261844888399011787	0.00069355247475944156125	0.0006844184995640147269	0.00087963628292902617395
-4	-6	1	-0.0002409594941579381016	-0.0003189576442465000901	0.00013248664895944877915	0.00018399535763602653613	-0.00016891808287505970438	-0.00017185843116984111652
-4	-6	2	-0.00073989909144236726702	-0.00093406635750650183082	0.0002154125442997431388	0.00050776290909216974245	-0.00083356054998550506343	-0.00034484398773649454269
-4	-6	3	1.89997069109795676e-05	0.0013545356128206662016	0.00015565221769373434281	-0.00083359012718678285412	0.00033663737793544144241	0.00013886722938732265096
-4	-6	4	3.7540370562182043799e-05	0.0001599533148251265852	-3.0625488754318097053e-05	0.00010253011632127469752	-8.3978625692951017797e-06	0.00031374848930703860437
-4	-6	5	-0.00048167778077501713883	-0.00059775268286633553155	-9.9025517526702368427e-05	0.00032253176754351391402	-0.00050417284565205651523	-9.1164025240851736544e-05
-4	-6	6	0.00024003726489234839133	-0.00053461177328506873097	0.00024815172099271833083	-0.00024329226312023679484	0.00040817656425428387084	-0.00059970011197694930022
-4	-5	-6	0.00040445680433117997977	-6.9180156169329053845e-05	0.00033645712205797144445	-0.00015924941262361681283	-0.00055001880460242959583	0.00017882794796590003304
-4	-5	-5	0.00035114591635563744765	0.00040671134822018540972	0.00039957984242483594829	-0.00011022265003772826455	-0.0006804965755093458522	-0.00021514642853842004424
-4	-5	-4	0.00054899084234584722211	-0.00082692847977440574539	-0.00075548978577456230975	-0.00012209838202261724389	0.00039537138987235563798	0.00097955145730267722572
-4	-5	-3	3.3548709106677535854e-05	-0.00025475620508318564793	-0.00068736486678577107551	-0.00030708072934523936203	0.0011008764991673816724	0.00085147615568631311589
-4	-5	-2	0.00021136335296893145612	-0.00072838851749434377	-6.1798077124603151885e-05	0.00031773359259501315552	-0.00026823151312635500542	0.00066244305350115465121
-4	-5	-1	0.0017911294676088544437	-0.0010248448720396510087	-0.0015976561141232018069	0.00086640963813812042153	0.00082376270018059158471	-0.00023266870253199864222
-4	-5	0	-0.0011776185419812045582	0.0012827551035990208614	0.00094209483358496362484	-0.0010262040828792166891	0.0021687183007368607962	0.00048860561427478850765
-4	-5	1	-0.00050460303742291476303	0.0011690129847400005693	0.000203080560570315712	-0.00081859743381796777791	-0.0010030093468400805463	0.00058306476987016360447
-4	-5	2	0.00056615979510677338828	0.00032095376910392460533	-0.00051872261102814561356	0.00051565916164856098226	-0.00016448693735681733864	0.0019310554423292514495
-4	-5	3	0.00038789346696032868866	-0.0008147095109207020628	0.00037485529039891238388	0.0002982897663986865686	0.0011419501066119589275	-0.00058912973722979183888
-4	-5	4	-0.00020804836924892726262	0.00015967954437095366977	0.0005059492840184663014	-0.001065523810476627295	0.00042438823577415555992	-0.0011722252187248306116
-4	-5	5	0.00056535084218580053568	0.00021245087407655767497	-1.8255218773613527517e-05	1.9618486324057180886e-05	0.0004340254549750269383	0.00018957918558530333238
-4	-5	6	-0.00046148707886825877456	-0.00028896383413158773998	5.7427307500148246414e-05	0.00018505826493235002714	-0.0002598019629953823178	-3.8427335310766813073e-05
-4	-4	-6	0.00043659321373915071281	-0.00052591249703472816961	-0.00046512141486469010809	-0.0011581742528706240585	1.9018800750359564101e-05	0.00112272449993690163
-4	-4	-5	0.00020131057482003232085	-0.00045805219715082796895	0.00035243535941005766027	-0.00017376941774785166061	-0.00044299674738407197406	0.00050545729191894372533
-4	-4	-4	-0.0014373911806988190747	-0.00065770847080956203017	0.00026614377295097551256	0.0005650146968881226972	0.0011712474077478435622	9.2693773921439414276e-05
-4	-4	-3	0.0014127786723823656644	0.0015331707100867371721	-0.00084089727588792281387	-0.00066198769542365285684	-0.00076250852865925727864	-0.001161577352884112348
-4	-4	-2	0.0030624125285232438667	0.0012827334959723754593	-0.0017549259569608417937	-0.0018227832482899065589	-0.0026149731431248041461	0.001080099504635062416
-4	-4	-1	-0.0020280023897160698483	-0.0026104480153663874378	0.0024790655379230697175	0.0027122459663764444254	-0.0018042525928279988263	-0.00040719180404022697461
-4	-4	0	0.0041800772391888162474	0.0023174137465613747246	-0.0041800772391888162474	-0.0023174137465613747246	0.0032562322678543259222	-0.00079856170836527359726
-4	-4	1	0.0012982283137539963203	-0.00048081558304333870324	-0.00030098222652596241583	0.00099756752102464485432	0.0039889843489121354012	0.0020670077519252243875
-4	-4	2	-0.0017002797576239556121	-0.0014806186528075538419	0.0012332869735663027667	0.001737701380438684811	-0.00093398556811530536546	0.00051416545526226182985
-4	-4	3	-0.0008113732496516643574	-0.0002906829500114321038	0.00061367043311523125897	-5.4302963348061061356e-05	-0.00026360375538191088826	-0.00045998121781265754451
-4	-4	4	-0.00089009584005477848743	0.00066970312611696919836	-0.00048084470735955880472	0.00063256704614234971016	-0.0013709405474143373464	0.0013022701722593189085
-4	-4	5	0.00038032739940909647373	1.8291133397483294137e-05	0.00048955349546742673705	0.00058386863262135024408	0.00069590471590121863368	0.00048172781281506687123
-4	-4	6	-0.0004415969092886946239	-0.00040296084532159836839	0.0010804280928744663948	1.7677971885159278996e-05	0.00042588745572384777496	-0.0002568552489576260596
-4	-3	-6	-0.00062914917178587194835	3.1314525771412794926e-05	3.7441706599438739423e-05	-0.00067539435400024139776	0.00040071192789086195743	0.00031682082648584552033
-4	-3	-5	-6.2174871465376334301e-05	0.001206597754173723263	6.5088443309401202634e-05	0.00035288944130307481426	1.0686831186660337729e-05	-0.0011770118681208236507
-4	-3	-4	-0.00035837729187430716806	-8.9300099959165635016e-05	-0.0012465378743765458125	0.00053741356752223410839	0.001293280697656716419	-0.00031376007568250995983
-4	-3	-3	0.00068809229732595981674	-0.0031569798095529445076	-0.0017563559641888999707	0.0023579372846224970657	0.00083889956775428699016	0.00185136912811476235
-4	-3	-2	-0.00034915924155498584804	-0.0020827589756299670978	-0.00036020036907834706782	0.0019657744466676850374	0.0012386190367274924062	0.0012168562812584068564
-4	-3	-1	-0.0016691576675388422341	0.0045064592919209917055	0.0011859295499593589321	-0.0052262241087357380956	0.0031188420202772917066	-0.0023471648414767529688
-4	-3	0	-0.0011250318025132093926	0.0004689795286274402804	0.0015000424033509457845	-0.00062530603816992041	0.0033197859572466777676	-0.0029011623644333824415
-4	-3	1	-0.0013011056446047184441	0.0011934880048939150617	0.00088753968952973432294	-0.00081274044647410362014	-0.0025418035098296702656	0.0023357306801533492778
-4	-3	2	-0.0050349401606733521289	-0.00029492293945624373447	0.0035688868447735773264	0.0001509927037046658756	-0.0047165500541863384851	-0.0003633568233554886691
-4	-3	3	-0.0022148079510943838658	-6.6478037565854570796e-05	0.0012927381641320318407	-0.0011500253758288088782	-0.0016603391039938133859	-0.0012386627592499482517
-4	-3	4	-1.1671154974625814299e-06	-0.00079269477020703046129	0.00048086571792639690474	0.001211080371420961057	0.00035948217294733510793	0.00011561550835869029076
-4	-3	5	0.00076579415662294809779	-0.00046914418928409269216	-0.0001265521448618769332	-0.00033833263427239556372	0.0005367040383812322641	-0.00057831493199071151365
-4	-3	6	-0.00040037093856850724648	-5.6806617512744434428e-05	0.00086142816977715546203	0.00047456532156753711846	0.00016380012584290621529	0.00019941158244193892273
-4	-2	-6	0.00013761690908121275152	0.00098798739356278442517	-0.00036082230481941060703	-0.0014728293039399369558	2.8529495552328353313e-05	-0.00016771516106187735239
-4	-2	-5	0.00097597924482860647262	0.00048426767248209158208	0.00049362796486686604663	0.00046524351272476943816	-0.00097823458180963164012	-0.00057351154307558110598
-4	-2	-4	0.00088796786416166760287	-0.0003954291632462438727	-0.0025927570524210451566	0.0033057042326674244102	0.00040841066204885492124	-0.0012574229530874683324
-4	-2	-3	-0.0036963956499871724812	-0.00030398088295731248926	0.0056229040494765380673	0.0019741445172519436931	0.0011799248336652045244	-0.00091078850089154562899
-4	-2	-2	-0.001311038082238399731	-0.00036635498276296746397	-0.0006455083697003104453	-0.0020810528895255221531	0.0032675845341771096904	0.0028137628550514571894
-4	-2	-1	0.00083921097475792743366	0.00059385841287008616068	-0.0029737745431660522755	-0.0020010471545209283263	0.0025907051873003948163	0.0016266606575615117931
-4	-2	0	-0.0053290419216012923156	0.0031925086118604509115	0.010658083843202584631	-0.0063850172237209018231	-0.0095443977721680773457	-0.0088508584978333349619
-4	-2	1	0.001679558945369980915	-0.0024138028365523027385	0.00019467657195343119475	0.0053923909472987649819	0.0071075889253867860496	0.0011295705483883192264
-4	-2	2	-0.0019310119725489975542	-0.002557680500099317536	-0.0070860405445929029386	-0.0015902830652379437975	-0.010948064489690897613	-0.0067056440654365782189
-4	-2	3	-0.0038600314901281415104	-2.0920305704824274643e-05	0.0022853318641249511026	-0.0008637625876968527865	-0.003623154077420887801	-0.00060373546607100090407
-4	-2	4	-0.0013204492394701626817	0.00056624271663400951686	0.0020326122624363734612	-0.00074992937087180102512	-0.0003041431082519760595	0.00019127803119810897719
-4	-2	5	-0.0011641061033508301025	0.00057040377065854146535	0.0002023920707275154475	3.9271751570433787695e-05	-0.00085032805438965783796	0.00047203171715500669278
-4	-2	6	-0.00026923632051992788189	0.00055662770742837301089	-0.00057131549900070824084	8.6857785391407981508e-05	-0.0003699293800135213168	0.00040003773341605131184
-4	-1	-6	-0.00026022857477041690588	0.00041459976093304208708	-0.0017662870328535903563	0.00082135658870668656374	0.0004678668886558763119	-0.00041329260540647581867
-4	-1	-5	-0.0001781834881884227634	0.0013181777234930610546	0.00062496218251657342617	-0.00022547755313019539705	1.755435404742352481e-05	-0.0010094466681684097047
-4	-1	-4	-0.0026650926048597881057	-0.00090760993597625177522	0.00030737361189635514476	0.0022716251635884095184	0.0025882492018856994957	0.00033970364507914928721
-4	-1	-3	-0.0011815137010900602765	0.0023981143358826869164	0.0016569166849503861542	-0.0059528005202992197858	0.0010230460398032849116	-0.0012132189410771763213
-4	-1	-2	0.0011252810909778213078	-0.00017749030279826195152	-0.0073209551161988713555	-0.0034678195191563125806	0.0014099153761437928454	0.0020888903651746803559
-4	-1	-1	-0.0015318668936181868267	-0.0039761485708615790235	0.00038368709967825665721	0.016705612469127384401	0.0057437804747944905953	-0.00080101818568106852338
-4	-1	0	0.00060362550726201320492	-0.00098359258738638859036	-0.0024145020290480528197	0.0039343703495455543614	0.0017312937474326056762	0.0046103342593843488553
-4	-1	1	-0.0014930347412642061208	-0.0035274139268474330802	0.013708642168611119908	0.005617605540142443267	0.0077365032035542945568	-0.0084920501672472881866
-4	-1	2	-0.0054726734761168325388	0.0031190989304984914621	-0.0012524624086028943344	0.00046245163953860356091	-0.011571578156535112028	0.0064694236807662846775
-4	-1	3	-0.0022395537220481999061	0.0018382876521554232779	-0.0021411416088599655345	-0.0052064882620434828342	-0.0036997854990175882417	0.00071555411552607023698
-4	-1	4	-0.00040728589027708351393	0.00085506465387520278702	0.0052166118808177818975	0.0017278802217137896862	0.00089686707992736190622	0.0012870347093036501544
-4	-1	5	0.0012472634182779222551	-0.00089191625305465327151	-0.00056900278689025649784	6.7952120674785962428e-05	0.00088401017724428648283	-0.00069994257830876540575
-4	-1	6	-0.00021845383178288363575	-3.2321580952506951117e-05	0.00036532884253849068562	0.0004707644540789821864	-8.4747747432173980747e-05	5.691302171149239473e-05
-4	0	-6	0.00027136010878085352381	-0.0011867157111278715115	-0.00044500996959742026432	0.0021448053197728076877	-0.00018090673918723569158	0.00079114380741858100765
-4	0	-5	-4.1413074991538442304e-05	0.00043593256005925487247	0.0027000089994378231352	-0.00065184323765674599422	3.3130459993230751132e-05	-0.00034874604804740387629
-4	0	-4	-0.002669986117804218264	-0.0013921324926359972349	0.0066779599122860347146	-0.0016277800478252139535	0.002669986117804218264	0.0013921324926359972349
-4	0	-3	-0.00030646368930084408799	-0.00074469113606401055212	-0.0015461691553440067709	-0.0018543281153662297296	0.00040861825240112546872	0.00099292151475201414178
-4	0	-2	-0.00025455921210132940622	0.0022167605196709468107	-0.012959727488568641152	0.0099782121143053483653	0.00050911842420265881245	-0.0044335210393418936214
-4	0	-1	-0.00039071820143357410739	-0.0010309812851246038731	0.017571410954917904279	0.003731885521355343769	0.0015628728057342964296	0.0041239251404984154925
-4	0	0	0	-0	0.0025171504281742114809	0.0069208621090979215162	-0.013722065927946154248	-0.011570456570720425576
-4	0	1	-0.0017944206640017024926	-0.00054910348992856842197	0.012258380794372154138	-0.00027023980392038845577	-0.0071776826560068099706	-0.0021964139597142736879
-4	0	2	0.001134022834777285646	0.0057641153027483439664	-0.0034245756720885246055	0.0097246615188578168498	0.002268045669554571292	0.011528230605496687933
-4	0	3	0.00047319511743605961393	0.0018838220390485086245	-0.003574650364570325714	-0.0025556492909203989972	0.00063092682324807948524	0.0025117627187313451217
-4	0	4	-0.0020374227798186598376	-0.00060215116473202943796	0.003065705070724596918	-0.0054721522309031248379	-0.0020374227798186598376	-0.00060215116473202943796
-4	0	5	0.00029681789640784481772	-0.00017245555370201223386	-0.0010594180013998393507	-0.00025146868187466754098	0.00023745431712627587586	-0.00013796444296160979793
-4	0	6	-0.000249619991514691338	7.8920855105844459976e-05	-0.00010362409930135924551	-0.00032775105653359582489	-0.00016641332767646091007	5.2613903403896306651e-05
-4	1	-6	-0.0002672028711829650357	-0.00019433926523408043708	0.0021463655625412062303	0.00038626915231498165637	0.00053586284121217772885	0.00019393770220855056745
-4	1	-5	0.0011242770214015310702	0.00039931103546051729351	-0.001202509544348665145	-0.0015029226350234822177	-0.0011399235259909577551	-0.00062003335537311025667
-4	1	-4	-0.0017652641120441756994	0.00020216185368506213948	-0.0023881181541316577957	0.0027760216869937306104	0.0011682345735112614673	0.00049184356806337048602
-4	1	-3	-0.0020020871212386060108	0.00081864897124862053696	0.0010026557661202959749	0.0026925744162681129572	0.0030036680836915729056	-0.00019400715624212305451
-4	1	-2	0.0059976300131084131148	0.0022616274637779357551	0.011581040890506558161	0.0026658054014267887691	-0.0062047395809635471492	-0.0031903522268424775593
-4	1	-1	0.0047337035477246517876	-0.00090463708261839153105	0.0062890477732605405345	-0.00535925270367161935	-0.012645766417638067483	-0.001740704373198053009
-4	1	0	-0.0022428901808204649258	-0.001043619987004084336	-0.0089715607232818597033	-0.004174479948016337344	-0.005139787187187433784	-0.0091576500013767162672
-4	1	1	0.0027606289153354144489	0.0010864660108222991275	0.00061545296116510155894	0.00059974951414027777644	0.010427062700176556453	0.0037461145291489187335
-4	1	2	0.0016065145915833589814	0.0018179653886148917311	0.003390532305138067512	0.0097311099830484949769	0.0015177630305976842068	-0.0012296242142944640262
-4	1	3	-0.0035653060164734249118	-3.8505276344016705378e-06	-0.0019619357238686110402	-8.0279576505535694367e-06	-0.0040997627806750296803	-2.458050962351037995e-06
-4	1	4	-0.0049235611784410621833	0.0021567513808871952019	-0.00065991450555970255186	0.00025798931087582651842	-0.0047585825520511364911	0.0020922540531682388976
-4	1	5	0.0012829540675163247747	0.00067331071994493460389	0.00016960791856309587059	-0.00079482425969420870179	0.00099244167030044074321	0.00069761342789478940178
-4	1	6	-0.00018913604836900751592	0.00024898527658330786745	-0.0001888414914243381293	-8.7534455448763941101e-05	-9.4617117008615313364e-05	0.00018057926029699925322
-4	2	-6	-0.00057637869057937222723	-0.00044742589107916894099	2.1015530777899698011e-05	-0.0014431741618729950188	0.00039125763731221471862	-0.00018277412657155238797
-4	2	-5	0.00041122356020217881072	6.2371007551668034181e-05	-0.0016417816268448008187	-2.3419384875931218765e-05	-0.00098569149889966324596	-5.926455999170690943e-05
-4	2	-4	-0.00067491912196859695904	-0.00061937029492290505452	-0.00022459872715053797723	0.0030388607135549230466	0.00056261975839332805174	0.0021388006517003665778
-4	2	-3	0.0015974428831206797987	-0.0025579265321462674523	0.0015323200359599513723	-0.0021267860072090630751	-0.0011083771535209388168	0.0019927113713889810752
-4	2	-2	-0.0022568064173499333483	-0.003797890071053933083	0.00063022794490053468328	-0.0044417607931184089481	0.0051438407796004018135	0.0031540193489894576516
-4	2	-1	-0.00046143547929755856759	0.0037697504516711879616	-0.00026698647970248848759	0.0084812236447239525844	0.0013117689577852574036	0.0018834454827631546235
-4	2	0	0.001932020914995947504	0.0025860060387566771896	0.0038640418299918950079	0.0051720120775133543792	-0.0059750466827126254982	-0.011444805828760616292
-4	2	1	0.0015491915180653296775	-0.0043726472183017095138	0.0033284281413383624837	-0.0052497713776807090544	-0.00046009021041540582378	-0.0069910461178454190792
-4	2	2	0.0034616571578059206031	-0.0043844131396162241629	0.0053966437270942880025	-0.0086753428949346844679	0.0015266705885175538542	-9.3483384297764345831e-05
-4	2	3	-0.0054666802106612070317	0.0031272695705126057029	-0.0073953571021925105025	0.0041422716095094787997	-0.0023586688794199352735	0.0014081783543438218097
-4	2	4	-0.00020943633903016518026	0.0020905640450405195419	-0.0015355814309226392071	0.00011563139974385313593	0.00055835437643115442326	0.0020327483451685929468
-4	2	5	-0.00037526312147508652899	0.00036466840126387072181	-0.00041417990788064650877	-0.00031667305957468422448	-0.0001345385340278106251	0.00041840394484097029977
-4	2	6	6.5149827190706742063e-05	0.00054430221180831489958	-1.1869653547168612274e-05	0.00046375155345632068909	4.7389769309527367161e-05	0.0002082842900534363881
-4	3	-6	-0.00061510725997133812188	-0.00025508533386802811471	-0.00086902101993203907833	-0.00026492451529622998863	-2.4439003318460833031e-05	3.7594631597237082154e-05
-4	3	-5	8.9209834435100706881e-05	-0.00036669350353824177718	0.00014900053203398668043	-0.00094104490457981582185	1.8032451672311446139e-05	-0.00027127213991729609305
-4	3	-4	0.00060011925160231415627	0.0005014548414256894595	0.0021088206249711654965	-0.00037554454931079862432	0.00098149621712605985765	-0.00078311325340878841419
-4	3	-3	-0.00059773947022222608319	0.001713480647871241545	-0.0024358946143306185739	-0.00067618918028243221209	-0.0016389086540343170573	-0.0029608300441107543444
-4	3	-2	-0.00020935788341222677489	-0.0036216444768984966396	-0.00069770721298510133667	-0.0054350762015609203545	-0.00062784505265319845522	-0.00090932534854438768629
-4	3	-1	0.002085109733964525796	0.0034154300968308897758	0.0031612900251444813089	0.0032009333341106440893	0.0011434311395753411766	-0.0040589203849916277028
-4	3	0	0.0022380860631785984456	0.0016147651392905686563	0.0029841147509047974938	0.0021530201857207580639	-0.00080955983817973683168	0.00019563633502792565806
-4	3	1	-0.0063140185549364624684	-0.0013704895815704319119	-0.0084549174239632960554	-0.0010957710086395677351	0.00010867805214403944436	-0.0021946453003630250929
-4	3	2	-0.0027049596048411444528	-0.0039168478337676176579	-0.0025841970581056044123	-0.0074198209401067820659	-0.0015336236225238827208	0.0032960357426249369157
-4	3	3	0.0046356514828705111184	0.00093224946870999736686	0.0042015420123377800535	0.0014398585903607550966	0.0019793266314895681043	-0.00019685929874742517476
-4	3	4	6.0913793036562441754e-05	-0.0012146557059482785985	0.00069969082860229310679	-0.00079330944961747429118	-0.00046385432841515735446	-0.00061967361873517296141
-4	3	5	-0.00021546065095577813229	-0.00064224266181333678014	0.00012441686660765756542	-4.1752860981879911685e-06	-0.0002470186407292170234	-0.00051128895779175664686
-4	3	6	-0.00015328901918006888525	0.00097571562060483156813	-0.00044958728783999797477	-0.00012803129714773832143	0.00012260096446661973959	0.00071449272897709022873
-4	4	-6	-1.158246773167892656e-06	0.00090823632729847834141	-0.00038746208464228486463	0.00068894193796547144922	-0.00025753589191274464925	-0.00014619625955533796426
-4	4	-5	-0.00031928559940348901847	0.00045717439341419084317	0.00048738119162130758141	-0.00018816563700936334708	0.00064533343281983725822	-0.0005162720243388433522
-4	4	-4	0.0010954386848307786848	0.00024110872725846102288	0.00089836573548288600147	-0.00090475753735716252148	-0.00019707294934789262907	-0.0011458662646156234088
-4	4	-3	-0.0010708645961137080223	0.0016127437282399989353	-0.0015651750170323944049	0.0011873764506340057749	-0.00065908056122491499602	-0.00056715637014132435842
-4	4	-2	-0.0033076083437772714826	-0.0018330439514056048184	-0.0036913759435875086873	-0.0017533917866340369661	-0.00076753519962047484296	0.00015930432954313559612
-4	4	-1	0.0014797473243238475158	0.0012833351671408801606	0.0021285644776855680745	0.00046898874964439038948	0.0025952686134468826683	-0.0032573856699859593013
-4	4	0	-0.00014392465146397358656	0.00012258168044950668789	-0.00014392465146397358656	0.00012258168044950668789	0.0039905313271024010074	0.0023835665402514756572
-4	4	1	-0.004082278976235085774	-0.00047130447679478629621	-0.0032927777602871494134	-0.00019045651302458107635	-0.0031580048637917437077	-0.0011233918550808208794
-4	4	2	0.0012327116639366361879	-0.00099853806602145738468	0.0018687268959730060983	-0.001365101865584114442	-0.0012720304640727398207	0.00073312759912531389773
-4	4	3	0.0020498097915529582547	-0.0019518652775075123057	0.00029413214375563208162	-5.2537023862101519265e-05	0.0023409035303964347528	-0.0025324376715272142735
-4	4	4	-0.0010467020986524384809	-0.00032773407363880034237	-0.00071806984412062300864	-0.00044525673648310794576	-0.00032863225453181541804	0.00011752266284430760339
-4	4	5	2.0976758812799199878e-05	0.00049049654323339401951	-0.00014831409624761328976	0.0002134451723855041057	0.00013543268404832997003	0.00022164109667831190936
-4	4	6	0.00018543021535553032937	0.00021738456972104192684	1.5950014187849911667e-05	0.00078020824973286915811	0.00011298680077845361632	-0.00037521578667455154172
-4	5	-6	0.00024174366891209828458	0.000198094413563003292	0.0004429200218119420311	-0.00079943205925392304273	0.00020793757223521949383	-0.00079825632508693806361
-4	5	-5	-2.5126329915194352223e-05	-9.3384608617835706992e-05	0.00019901736314398101361	0.00011980334895015760596	0.00021911842707613649809	0.00019451103584442616342
-4	5	-4	0.00011292603775576252867	-0.0005115187102406432932	-0.00056601165744543148212	-0.0001204966356553630692	-0.00082044060956255188133	0.00036089791567143949397
-4	5	-3	9.9371673661550867247e-05	0.0010726959308407296115	0.0010431896038820903053	0.00077640581512838458076	0.0016061537749214160192	-0.00013625154924033181132
-4	5	-2	-0.0022038139786672355722	-0.0014251929591820118506	-0.0012444652768325453231	-0.0014550157035594613823	0.0012964647652531071861	-0.00078715334053462964609
-4	5	-1	0.0014276965822977792219	-0.0012887470418512072048	0.00081537471446791473864	-0.0011351024714701593837	-0.0016339127568515429776	-0.00052052418994596799055
-4	5	0	-0.0013415173155210103305	-0.00014555087569370728597	-0.0010732138524168083078	-0.0001164407005549658342	0.00011004889429632870959	0.00020431115267153645361
-4	5	1	0.0009735815291702185504	0.00020491067941325692486	0.00090469641064437004291	-0.0001881390646521685021	-0.00062915593654097612137	0.0017603380409138703454
-4	5	2	-0.00068481296412840301103	-0.0010086072275110465838	-0.0007871982962981380642	-4.8697931210235676327e-05	0.00059836981248853919266	-0.0018954696269965040818
-4	5	3	-0.0011139813921037875887	-0.00080467539371898279352	-0.00017551133933597288898	-0.00075511951022642291153	-0.00119278962391176197	0.00018563199208539439794
-4	5	4	0.0001689669910246640466	0.00072553437285109430126	-3.6991066084349810195e-05	-5.4397414900723323509e-05	0.00021520582363010131951	0.00079353114147699839974
-4	5	5	0.00063596364684485081741	0.00032377895192825994824	0.00054648689201895934726	0.00044064326674545314802	-3.7715974543078696038e-05	-0.00018162010520284520027
-4	5	6	0.00035007417037590692803	0.00016631401820457408585	0.00090914983878805837123	-6.0405306839379346168e-05	-0.00052424208540611074488	0.00016121376783586550334
-4	6	-6	-4.4982171043808108718e-05	-0.00029650651925315326188	0.00026741815835164500868	-0.00073965617293056363461	0.00029740627238085040997	-0.00054198516009512805441
-4	6	-5	-0.00011299363413564108617	-0.00093015888054146953975	-0.00017592066605667759497	-7.0311268873565079983e-05	-0.0001207098919595002369	0.0006597535817848975033
-4	6	-4	-0.00057756809055876457207	-0.00025818384225935269403	-0.00040214958814989470092	-0.00014873599396472513392	-2.5656291666077499648e-05	3.5079851312265006714e-05
-4	6	-3	0.00082089739344126124408	-2.3125435227898327256e-05	0.00044981409999755769249	-0.00059726303717420718437	-0.00019490165792656623765	-0.0011636921607112164952
-4	6	-2	-0.0012533488983062206906	0.00038256759847584223284	-0.00069885846200060531674	0.00022857182904934610513	0.00041012241061062526841	-7.9419709803646163838e-05
-4	6	-1	-0.00078164281902540590826	4.2150456550315268227e-05	-0.00060376120478255784936	0.00035184643168959255262	-0.00049599595259372357154	0.0019424767639362942699
-4	6	0	-0.00045528902105691028196	0.00020776130852902664585	-0.0003035260140379401699	0.00013850753901935110627	-0.00047219154769133228839	-0.00077246470154342182068
-4	6	1	0.00032566825230444500922	-0.00058197593311398742883	0.00020538452974281753483	-0.00044052754136507258145	7.036583076087489562e-05	0.00031526151573448577339
-4	6	2	-3.1101754388302856025e-05	3.7738550547269709794e-05	0.00034318669685132099489	7.7356467352016430481e-05	-0.0010917635993305686154	-0.0001565923009615098583
-4	6	3	-2.3366263796948592802e-05	0.00057052456013712026829	3.8415243979642692827e-05	0.00044111550517718465126	-0.00010798550635521684724	-0.00012153159683820889962
-4	6	4	0.0013412148467545623783	-0.00073577925306190291189	-0.00019901419190258381911	-0.00053822095336991584297	0.0016397361346084380392	7.1552176992970906774e-05
-4	6	5	-2.716809362882811123e-05	-0.00030221140693312894144	0.0003905489563317260512	2.5578171834376163372e-05	-0.00049039322250113372061	-0.00027246293174775453429
-4	6	6	0.00015712894228713425622	0.0005553780619350552096	-0.0004118163840623634709	4.975594817461494125e-05	0.00051656901225378634452	0.00032049609311542181546
-3	-6	-6	0.00014417799796500476816	-6.2498213480913214686e-05	9.3058459899365053082e-05	5.6847250013038673163e-05	-0.00016514745888186743716	-2.559814327258206582e-05
-3	-6	-5	0.00011935418002390283114	0.00016693092842969540395	0.00033384616107925030879	-0.0003039723974556568834	-0.00047222790130944204212	0.00026460831988897099603
-3	-6	-4	-0.00023458273734639859009	-0.0010025989840279536831	-0.00016461507332866194466	0.00017094048656823769995	0.00042285966300279186634	0.00049553850816860876664
-3	-6	-3	0.00015652572397935682141	0.00029633119476506539604	-0.00064991290892250789049	-0.00037728727383986606064	0.0011433000938656590409	0.00045824335291466667102
-3	-6	-2	0.00040643892999032418464	0.00037894732582389496637	0.00031034679034861459767	-0.0001513145681316039313	-0.0015406987660313300158	-0.00011447728434103066921
-3	-6	-1	0.001533836846044996224	-0.0017731142459652677983	-0.00065694805851678199533	0.00098699950559561107355	-0.00065982218703429680855	-0.00060265429567786315494
-3	-6	0	-0.00050688150451570475417	-3.1097062234172714228e-05	0.00025344075225785237708	1.5548531117086357114e-05	0.001339490097151333891	-0.0012738775279220696402
-3	-6	1	-0.0002933158473164514243	0.00090114483517562612991	-0.00010120749701829504571	-0.00051854719585502626923	-0.0014871925240591244658	-0.00040784866960327955093
-3	-6	2	-0.00016629391243119502706	0.00091158533565966989344	0.00019629790191533401053	0.00010264464471178089816	0.00033945283709920951809	0.0016753119376248476295
-3	-6	3	0.001093560496569380815	0.00018800704855586217548	-0.00020770850292541531354	6.0340064610264100976e-05	0.00067814349071855029635	0.00030868717777639037743
-3	-6	4	-0.00033921344038917921812	-0.00083719005868557899198	-4.0816940420397767664e-05	0.00010856712806843407811	-0.0003156354909224810888	-0.00046504185191153314715
-3	-6	5	3.4326307764379590298e-05	-0.00056069451192263712949	0.00022091512758591429471	0.00067003181916157447846	0.00028569393776172488479	0.00046762147584030708562
-3	-6	6	-0.00036029712568747993776	0.00034522518429569882138	-0.00018321191142642466649	-0.00025723899092161669946	-0.00036336047427016460827	-8.4626398773767315875e-05
-3	-5	-6	-0.00022211158199950416085	0.00042540447911253111059	5.4954781258330086019e-05	-0.0010716214912803100848	6.5260139951143673149e-05	0.00068031566984399279453
-3	-5	-5	8.483091425087652853e-05	-0.00016249295049453309908	1.6527683874057636263e-05	-0.00093278754822630877662	-6.7426232424583554736e-05	0.0010302833185230285927
-3	-5	-4	-0.00079322906278759424716	-0.00071953297030546471431	-0.00019433516917119380619	0.00092664045412370050873	0.00083784075855468799054	-0.00061865083992552712729
-3	-5	-3	2.5465959281605208208e-05	-0.0011844472512504513641	-2.1202251710909949509e-05	0.00076004139476841959654	9.8711269032447104631e-06	-8.2288406696914666305e-05
-3	-5	-2	0.0010721003388751446182	-0.00097822557912306579327	-0.0016404643262466790925	-0.001042809461188424049	0.0024930103073039808041	0.0040743620216556588123
-3	-5	-1	-0.0041764218877636191674	-0.00021642858461503404455	0.0023731688406012051151	0.00048114717666819962084	0.00066342146028483192643	-0.0017564501294958958892
-3	-5	0	0.0029140763356974271406	0.0017285705054720867328	-0.0017484458014184562843	-0.0010371423032832520397	-0.00057903884157114180256	-0.0020238367307893541554
-3	-5	1	0.0028984150076726217585	-0.0019590610071941396038	-0.0015651574311123445712	0.001398216682282433761	0.00086945786745614252796	0.0011139003898297499939
-3	-5	2	-0.0018437488448545577124	-0.0029944144396325243253	0.0013771818097223858211	0.0024232886963158409288	0.00067733125702412787586	0.0015666000813408154004
-3	-5	3	-0.00016630824415044429486	-0.00085914647904675373914	0.00071035386949361203207	0.00022386919781295725189	0.0010176148716722424343	-0.00048603114935849166169
-3	-5	4	-0.00082177077125150839194	0.00051106709142969945509	-0.00056612305612273869978	0.00019585536794815454407	-0.0013239818985920546145	0.0006281195285074678324
-3	-5	5	0.00075206317660791565521	-0.00031144816650718990273	-0.00034827463473231020253	-0.00012281049173857336125	0.00010296327123243920144	-0.00030967939164288732458
-3	-5	6	0.001084489189797873494	0.0010824444596537450853	-9.4842868497032738629e-05	3.1214026854612164966e-05	0.00046320887115140952804	0.00056723391887238269141
-3	-4	-6	-0.00030693502618020848801	0.00028731434657628350787	-0.00069521514820599782537	0.00013035809544266826901	0.00061694427856076952416	-0.00023056257024992059994
-3	-4	-5	-0.00034193517920511290551	0.00042130761519209978692	0.0003074076299544756751	0.00025828851620538791469	-4.0764996440512788639e-05	-0.0004594153820795702039
-3	-4	-4	0.00090509158087221720009	0.0028338424180719425614	0.00017397813257919795258	-0.0003938492993677343134	-0.00085279681823336079844	-0.0017315325141862224993
-3	-4	-3	0.0017522296670113830883	6.8967390367339465431e-05	-0.0016676426475185088596	0.0023613435346829672948	0.00047129386301329549962	-0.0032174254366112960482
-3	-4	-2	0.0031949170996461184226	-0.0010054950033269395484	-0.0024415779685745208315	0.00076286134185433898507	9.0780287679864151069e-05	-1.7480178718268467975e-05
-3	-4	-1	0.00020226049766368999362	0.002484386007648172346	0.00022316017811339696766	-0.003492406605674949413	-0.0014994222054446578515	0.0065164683997552810477
-3	-4	0	-0.0027591308048887032596	-0.0057851460058349936377	0.0020693481036665275531	0.0043388595043762452283	-0.0025842907663563220895	-0.00054485886887093218627
-3	-4	1	0.0035096324284980108879	-0.0029879810810199284102	-0.00078704151819544731529	0.0021087065789088367887	0.0073807312127122425352	-0.00052911692742443872627
-3	-4	2	0.00060355339239541721131	0.0046474068232705634598	0.0013326392420932025185	-0.0057131436584837210629	0.0035706085727795311251	-0.0044551770820615973698
-3	-4	3	-0.00014734451635977990295	0.0025129221150950132799	-0.0015129129538599221921	-0.0034671520409700314416	-0.0021645617881730092394	-0.0021099472728650287869
-3	-4	4	0.00027704469807578033973	-0.00095618629862387490535	-0.00057230907483842756792	0.00074133184842411407964	-0.00036452555128159229957	2.419212445620790063e-05
-3	-4	5	0.0002967364785461678884	-0.0015229402846953005082	-0.00052008368120869293005	-0.00015415221741291168641	-0.00023802505783925364895	-0.0010370859447475096974
-3	-4	6	0.00074022012469255769537	0.00074365873942207675034	-5.9695892692467340921e-05	-0.0009807086086858103624	0.00033031280055130062944	-0.00028197636941283519977
-3	-3	-6	0.00032947736892226692522	4.6722323098932744658e-05	-0.00059479876513229953863	-0.0002537511457953903855	0.00013266069810501633381	0.00010351441134822882042
-3	-3	-5	0.0011262832122496751423	0.00081508915161904236905	7.8095429873226265881e-05	-0.0027070103662870394733	-0.00072262718527374078525	0.0011351527288007983059
-3	-3	-4	0.0034989325915269560603	-0.0021766417025447697478	-0.0025568890372455934518	-0.00026032358743254436096	-0.00070653266571102195642	0.0018277239674829855003
-3	-3	-3	-0.0027261199495327869714	-0.0014599101434899636447	-0.0011239232292021557151	0.0049541950558859250073	0.0038500431787349426865	-0.0034942849123959611457
-3	-3	-2	0.0051990375076724363104	-0.0015438123237625366209	-0.0058149659213288015097	0.0040604500991813742214	0.00092389262048454790736	-0.0037749566631282557502
-3	-3	-1	0.0066262786006922964541	-0.009971807101154061756	-0.0098379786946741140663	0.0050755889336096416536	0.0096351002819454554388	0.014688654502633258572
-3	-3	0	-0.0049221544950372071725	0.0043024382190085782088	0.0049221544950372071725	-0.0043024382190085782088	-0.0073469502347214875673	0.0039354901067722306354
-3	-3	1	0.0042321613118562169745	-0.0042937397938047376297	-0.0044402540271454267809	0.00049728849901337025732	-0.00062427814586762963613	-0.011389353884374101358
-3	-3	2	0.0041958084032354759155	-0.0027451244012187351468	-0.0030686703624373114045	0.0013848737791068200815	0.0016907070611972465496	-0.0020403759331678724895
-3	-3	3	-0.0033446940261835180798	0.0054311597980398656008	-0.001509955798451280461	0.00023483353749759194613	-0.0048546498246347987576	0.0056659933355374574385
-3	-3	4	0.0010892905103184614534	0.0035369498742649566059	0.0015831610431424837562	-0.0015543739688726443925	0.0020043386650957090156	0.0014869319290442342685
-3	-3	5	-0.0001507828147212680913	0.00092456082073233349268	-0.00090073102407223074647	-0.0017485866968402869696	-0.0006309083032760993406	-0.00049441552566477202108
-3	-3	6	0.00081003957958535857588	0.0011198527669161791737	-0.0004329624400284112838	0.00025026642528763656109	0.00018853856977847364604	0.00068505959610190786738
-3	-2	-6	0.00065916932459690851919	-0.00043076410666552031326	0.00032016596528067258138	0.0015437746302946044139	-0.00043630665072534510198	-0.00029920949009877464801
-3	-2	-5	-0.00088737288472130813714	0.0012474898288271031501	-0.0012581908625250602315	-0.0027855777096441954217	0.001035700075842809105	0.00036573718656141625694
-3	-2	-4	-0.0027550039292995424922	0.00070368536946670431041	-0.00013385055861935398142	-0.00383484312635120261	0.0021331782262843340496	0.0013896575360755729096
-3	-2	-3	-0.003029476561554032138	0.00063204095129123464159	0.0060601726858025674674	0.0028625211406586473055	-0.0010106385623143460291	-0.0025403883783969992589
-3	-2	-2	0.0046089771069508581047	-0.00017142055877534493214	-0.0092005730789746810461	0.007058672601067127704	0.0022871074185483934553	-0.0068015417629041109021
-3	-2	-1	-0.0043365719454268895558	-0.0078023527037300683881	0.003369838676033781906	0.0094518506763232850582	0.0062700384842131031207	0.0045033567585436341807
-3	-2	0	0.0041508752229205666054	0.0097021802263485019263	-0.0062263128343808494744	-0.014553270339522753757	-0.00053342084958975645535	-0.0038958178757086472932
-3	-2	1	0.0063758272093975502243	-0.0012340895608865360637	-0.0060711419764935947024	-0.0050256523452316239145	0.0069851976752054604006	-0.013753573373122855369
-3	-2	2	-0.00091407805479880234901	-0.0046132602601852241639	0.0041176315874645666448	0.0082175164870274264306	0.0027465145052663632839	0.0012976260967495895342
-3	-2	3	0.0083044013523334066912	-2.8167794106536949767e-05	-9.0490811702148931761e-05	0.002621767140071310561	0.0082440741445319754704	0.0017196769659410034593
-3	-2	4	0.000564568150490745292	0.0050445205136634583762	-0.0032395714576038260428	-0.0044007203783256333002	-0.0011963596159338541879	0.0015830301960847769152
-3	-2	5	0.0017207148592220870668	-4.724760113662049277e-05	-0.0018090875565612220439	-0.0011463585056026659535	0.00030879389290876349842	-0.00048689196292303870686
-3	-2	6	0.0011576161348815275885	-0.00094682517914367134854	-0.00022346209113918176882	0.00019604559445273066274	0.00050432070372770322272	-0.00040806405808759211098
-3	-1	-6	0.00086127281103322165037	-0.0011714903660716997208	3.0217378728731273681e-05	0.00088990288416552500682	-0.00043567263530473271599	0.00043742803567492900786
-3	-1	-5	0.0013642862163113916862	0.00098977528673965245107	-0.002131203512703400485	-0.00044414989271879262581	-0.00039233102724615492559	-0.000505035193500032978
-3	-1	-4	-0.0017223872553909485433	0.00064033655126901148098	0.00089101016151348153959	-0.00019895575482401132799	0.0010690379011648409955	-0.00043051347474575577196
-3	-1	-3	0.0025462811874529846234	-0.003549485069353026153	-0.005018490636197599393	0.00082312273430088390286	-0.00087345097538711797842	0.0032751108245860647075
-3	-1	-2	0.010627576058994753216	-0.0013883357414549717286	-0.0040050813838988707713	0.0076436200001846650587	-0.01393882339654269574	-0.0017393063879098751533
-3	-1	-1	-0.0005899227193716596743	-0.0011473789916597743749	0.0045084067739236581909	-0.0030732292865938430799	-0.0027386386158086794933	0.0065153662615731666383
-3	-1	0	0.00071926818728952266174	-0.0058302951035635588659	-0.0021578045618685678768	0.0174908853106906792	0.020891050055994685869	0.028098571694580763702
-3	-1	1	-0.0045712106921459022546	0.0030161850920266530113	0.017707632096890281448	-0.014252210861670222553	0.0039940000204525755514	-0.0052036555855902643861
-3	-1	2	0.0051631438741292579389	0.015029960257001599017	0.0078419962302531797532	-0.0021737781397834330006	0.011665713926320476351	0.021458051315610682241
-3	-1	3	-0.00019256539357576628064	-0.0071206958407712250131	0.0033232891533970152463	-0.0012726372232422643749	0.00091519765755657209866	-0.0075449082485186469774
-3	-1	4	-0.00025676770135311770271	0.0025363739178995794478	-0.00048940592542514465852	0.0028180469724011520533	-0.00031492725737112446877	0.0026067921815249722739
-3	-1	5	0.0006670205455948105891	4.7917575871999150254e-05	-0.0002520087506690462005	-0.0013344692890931673934	0.00034981057722307710251	-0.0002381433122954339926
-3	-1	6	-0.00087619510665079146546	0.00072512924466135164625	0.00053706427816549223361	-0.0011308502718939297642	-0.00034858684029781371186	0.00017408957701502085339
-3	0	-6	6.8980018709939244586e-05	-0.00056157748110989894313	0.0010306681409121122659	0.00022024106412883449327	-3.4490009354969622293e-05	0.00028078874055494947156
-3	0	-5	0.00088377946567757431108	0.00013627724911687792014	-0.0015403963996136224406	-0.0020506442117027220973	-0.00053026767940654454328	-8.1766349470126749375e-05
-3	0	-4	0.00080849848979341464462	0.0021773956471498245521	-0.0020658210508889373984	0.0016534726354260826427	-0.00060637386734506101057	-0.0016330467353623686309
-3	0	-3	-0.00063870226730713530044	0.0040337531008744096847	0.0041080264672778881233	0.010161308916295413649	0.00063870226730713530044	-0.0040337531008744096847
-3	0	-2	-0.00027590774527471828136	-0.0018331052665899855679	0.016475013041605056363	-0.013253396700763780958	0.00041386161791207736783	0.002749657899884978135
-3	0	-1	0.0074627710863247502873	0.0055150721602036691105	-0.018548876546712528279	-0.013889142951898280839	-0.022388313258974251729	-0.016545216480611007331
-3	0	0	0	1.427808344665434832e-42	0.019613068003149925628	0.011116763811925587518	-0.02484655927661285138	-0.0010487533093922168492
-3	0	1	0.0016731443720451638808	-0.0040503684327068576951	-0.022699459257291252495	-0.017730260989494515261	0.0050194331161354920762	-0.012151105298120573953
-3	0	2	0.0061647097989416047015	-0.0025770295030140065277	-0.0065172554431296809627	-0.0028028673488543999134	0.0092470646984124070522	-0.0038655442545210100085
-3	0	3	-0.008082736910067406938	0.0027671795248312876236	0.0026895241776030641943	0.001580358091218544243	-0.008082736910067406938	0.0027671795248312876236
-3	0	4	-0.0057552671337282703193	0.0018004947063266359911	0.0017753073245743552968	0.0033978199155227264798	-0.0043164503502962020889	0.0013503710297449768307
-3	0	5	-0.0003602241661601562981	-0.00065680141444020767247	0.0022858349652227394518	0.0017995371832416127804	-0.0002161344996960937897	-0.00039408084866412464685
-3	0	6	0.00074624151695021432446	0.0010936690520613294442	-0.00042968269176424248382	-0.00072702011647737254871	0.00037312075847510716223	0.00054683452603066472208
-3	1	-6	-0.00014612147517853939878	0.001517472315477416938	-2.4612374719824235388e-05	-0.0015288724174160107407	6.8958675135965660156e-05	-0.0010135482273080436647
-3	1	-5	0.0017813833685247921611	-0.002889238663699369037	0.001127492159635220528	0.0014204545241963129065	-0.00084333158918783123446	0.0020176341030588842637
-3	1	-4	0.0032619319311252637297	-0.0027413084299529261526	0.00043408518791365090965	0.00014716339209103391659	-0.0023379276513655349208	0.0020927721704874532697
-3	1	-3	-0.0010551617490763707998	0.002679811425020428399	-0.0055578192534212790543	-0.00063746658555554041453	-0.00079744466873072218215	-0.0028923002868722750593
-3	1	-2	-0.0085255393378298079121	-0.0054552657613138625867	0.00642962706448099372	-0.0088742059971948332453	0.016003122538985208728	0.0037457956433733772574
-3	1	-1	-0.011235664256648431047	0.0053290964115364162362	-0.014154097215934616574	0.018124174136287824616	0.019552895554010678303	0.0021368849016785754734
-3	1	0	0.0037837430560311818666	0.0051517418148598163874	0.011351229168093545166	0.015455225444579447427	0.011479777689915777322	-0.011727440853300777693
-3	1	1	0.0020623853768494777514	-0.0008984527093776176242	-0.014124808346635731385	0.012754568796775720904	0.020311964477184165506	-0.015449926924908572584
-3	1	2	0.0021997197396975611688	-0.015356474329845184318	0.012309947592324579912	-0.01282778631709513735	-0.002855394186615948203	-0.016620818336220206934
-3	1	3	-0.0011969372160943747303	0.0059771857930170802647	0.0079291971036627040964	0.0043818179451807328165	-0.003840002917315276168	0.0045165798112901693259
-3	1	4	-0.0014817554090981498519	0.00064112365678135549169	0.0022534056426313452647	0.0065050974723312561879	-0.0016746679674814488135	-0.0011454316254967972927
-3	1	5	-0.00070942878002823515741	-0.00074408182059447654493	0.0029727250700929451835	0.0025963431702394970668	-0.0010202022820355301311	-0.00096571772640458529696
-3	1	6	-0.00048541158353151259803	0.00098241894814506667589	-0.0017224971547273163798	0.00037794074309834501356	4.4377067355463097617e-05	0.00042821935022280922323
-3	2	-6	-0.00014499775664056490797	0.00111299272782793327	-0.0011263608754411482543	0.00071897237298504336391	-0.0003029547468267669596	-0.00031683890625228551367
-3	2	-5	-7.2130754727643866584e-07	-0.00077973259504022693865	0.0027571335096474528653	0.00021980313170232899738	0.0011032861883873471519	0.00055576080970506772962
-3	2	-4	0.003707921142759521959	-0.0059743280082453966567	0.0056337178000227155009	-0.0035989005975654046396	3.5918042941716138894e-05	0.0026812957074013451728
-3	2	-3	0.0026419270068693823106	0.0042091146116359726831	0.00054806186051234613565	0.0036710233494225467075	-0.0022765524331944848868	-0.001761765712020941111
-3	2	-2	-0.0093838351861899645806	0.0093668890116198090523	-0.0039145442036610245129	0.0018117418454281818477	0.010161208575623921491	-0.012238591672001530863
-3	2	-1	-0.00046205440628889704819	0.0020398235922256713511	0.0049710560945594129897	-0.007659822972417021196	0.011328275407985517395	-0.021439116721511056879
-3	2	0	0.0047576133225582205311	0.008548653235390894084	0.0071364199838373307966	0.012822979853086342861	0.006837960078454849086	0.019496619516584077353
-3	2	1	-0.01494472344998976944	0.0053416876202182616423	-0.019214221384695324285	0.0052366588639162405666	-0.0064057275805786623515	0.0055517451328223037937
-3	2	2	-0.0067278421948798799654	-0.006667778840802701841	-0.0034986308695445357368	-0.0053491194945528303811	-0.0065931324227752833439	-0.0046525487666512236815
-3	2	3	0.0068544605305412642862	0.00029256591073684499018	0.0062986205324968413261	0.0019490422771156648389	0.0026553801755433699243	-0.0010067956073402648844
-3	2	4	-0.0019191583073938796832	-0.0037331115737924262278	-0.001498287523244430262	0.005072162960267024602	-0.00069022496892319463134	-0.005335915160477832514
-3	2	5	-0.0029049088779183000059	-0.00012970907953678141827	-0.00082936175281689262194	0.0018320074798796261335	-0.0014112006256242230415	-0.00081062843967391932064
-3	2	6	3.2186288681979396639e-05	0.00067893716386387711979	-0.00044204668581842139702	0.00040972228232065275493	0.00016344203961379683292	0.00020289448782505431729
-3	3	-6	-2.648937908534552873e-05	0.00035602440291684054902	0.00027853951443789686047	0.00099755476592628387379	0.00015251444676162118443	0.00032076518150472171659
-3	3	-5	-0.0013880053978022580292	0.0016736835697055247544	0.00041082906702940826188	0.00053707426191449433948	0.0010793006788989997855	-0.00068196558467461816221
-3	3	-4	0.00047113652780840932065	-0.00056625443076419880971	-0.00052138872122164719915	-0.0033742099383522764985	-0.00074439393677254233565	-0.0021059666306910583208
-3	3	-3	0.00013357383568090151651	0.002223080821370666902	-0.0060275423039887459503	0.0050128100822539288506	-0.0061611161396696468434	0.0027897292608832619486
-3	3	-2	-0.0031205056226511680185	0.0068145828564939959701	-0.001670728720358611967	0.010264596576965386021	0.0021746653534388342942	0.0051750205807070846428
-3	3	-1	-0.0040509846570417869585	-8.6522555077430372567e-05	-0.0014962081531257589908	0.0005630027540599043083	0.00766432951174808412	0.0019485759274120040968
-3	3	0	-0.00087222985702980386849	-0.0042567826836596815709	-0.00087222985702980386849	-0.0042567826836596815709	0.010934422178998223427	-0.0002512874616213917685
-3	3	1	-0.0011013255288396662894	0.0064150037587565773844	0.00085573905100599315793	0.0061323764132281992009	-0.0058711937395369787757	0.0008478820365851335748
-3	3	2	-0.005000885164557114515	0.0016010963298731912489	0.00057759948949093480215	0.0065924171165182756521	-0.0083677269810720732168	-0.0074869811799676269301
-3	3	3	0.0017815689424569855839	-0.0029648838285472357834	0.0022997739808387420053	-0.00059381059881631007707	-0.00051820503838175663823	-0.0023710732297309257063
-3	3	4	-0.0040424239860060518295	0.0042015073668410030452	-0.0016362042740849201683	0.0031837237847645218775	-0.0018046647839408489628	0.00076333768655736098426
-3	3	5	0.00012638783697636868635	0.00020710809339776061833	0.00025808069853254311061	-3.8446422602022905981e-05	-7.9015716933704665398e-05	0.00014733270959987012001
-3	3	6	0.0004499485465245658196	-0.00048162527672532371055	0.00011891358712907980192	0.00090166018507430091989	0.00016551747969774298851	-0.00069164273089981226101
-3	4	-6	0.0011653868766795458245	-0.00037038124335475993082	0.00078559835438432948102	9.3252567831477863416e-05	-5.8961202083553280822e-05	0.00024735900023169855909
-3	4	-5	9.1264369147291008193e-05	-0.00034618080332429870599	0.00061832169445858570743	-0.00053231909696102824685	0.00043989873407849393663	-0.00021814679557424334678
-3	4	-4	-0.0014046487366436420131	0.00056435787242886008893	-0.0013570296701925536279	0.0025132842445661014892	-0.00030354311770982200964	0.0020900158402444562328
-3	4	-3	-0.00085657810465339530824	0.00035344906046616162906	0.0015819487584792879618	0.0025215658234147755173	0.0029658431159591126629	0.0030086387040868722495
-3	4	-2	-0.0021825950515372330961	0.0019995222554361194098	-1.0841832216794885447e-05	0.00087901193589234947589	0.0032522089128722599105	-0.0012412595113694803797
-3	4	-1	0.00037918882016133747441	-0.00051489596151238709379	-0.00019365223097542625329	0.00052057702165531267481	-0.0019121753843857173822	0.0036269959711584119806
-3	4	0	0.0012995955960093258374	0.0016166165617606607485	0.00097469669700699437809	0.0012124624213204955071	-0.0032958336121368904045	-0.0028009102607282803168
-3	4	1	0.0055220757239024627003	0.00064996377689366770843	0.0041499056339148214165	-0.00092586865030485395855	-3.339536395189721948e-05	0.0056533659319004184174
-3	4	2	0.00015436959710242453706	0.0052629216399048038902	0.00066505529329028876488	0.007291859419612693044	-0.0010985561909269405886	-0.0066893363793681815538
-3	4	3	-0.0049737497805742644785	0.0018914196948792445091	-0.0041337315480292112849	0.001140463919640163264	0.00053789228346468422656	0.00037080113535902685992
-3	4	4	-0.00013420487624052742032	0.0025256443565477271727	-0.00076940527826832626548	0.0010675551839301911528	0.0006687516210879307409	0.00082667808348060422673
-3	4	5	0.00048248761863752096142	-0.00037804685735398039104	0.0002154598545921340225	-0.00031601628327483654874	0.00011712468750880536427	2.5984912207480996912e-05
-3	4	6	0.00052982706211523002745	9.8964035426425529221e-05	0.00011142401204544415984	0.00012604243957863879902	0.0001906308563606522676	-3.4546275339213090112e-05
-3	5	-6	-6.2338884986859428384e-05	-0.00058363236109872790314	-0.0005572402466133246756	-0.00044120550166758254473	-0.00043319742968434086236	-7.5855070840288128385e-05
-3	5	-5	-0.00049411927771796776681	2.516270369704066165e-05	0.00036093878745621773771	0.00029711757558363799739	0.00065741035408699841948	0.00028201995336541363021
-3	5	-4	-3.3723163934895296822e-05	0.00070448876293163851386	0.0007912607754599088614	0.0010246490208291657385	0.0010143683422760576239	0.00075244470383772834188
-3	5	-3	0.001166869031252601701	-0.0016691255930239175514	-0.00018448396989029014004	-0.0014839398937101298641	-0.0014743423144030851774	-0.00080410756315963196911
-3	5	-2	-0.00045574982460067146699	0.00060193569826682874653	-0.00021300903175200527418	0.00039147163387068554738	0.00015110215752099398793	7.5775537276470694443e-05
-3	5	-1	-0.00098574472020717600167	-0.00093316218643811534722	-0.00037014643590710036292	0.00010216363453594236234	0.0011065019810860261904	0.0033103047319940578398
-3	5	0	0.0015600390096470447086	0.00093290304348305071961	0.00093602340578822682514	0.00055974182608983043177	-0.0024771348736620552207	-0.002649830788177593658
-3	5	1	-0.00015750709232760742753	-0.0010938683180758644858	-0.0006941059303513544233	-0.00015895844006234353105	0.0029980083747739500778	-0.002486812753915876046
-3	5	2	-0.00095634803167765527598	0.002392569798505998508	0.00021391254339202922974	0.0017673708875843366362	-0.0019693034059965561916	-0.00082957252120184361149
-3	5	3	-0.00095572905142895440804	0.0020255377302993812956	-0.00086588691698337948415	-0.00012567370814532197783	0.00048741581021001138081	0.0022349939105415846281
-3	5	4	0.00048918734474466562569	-0.00042373000992624584382	0.0001414958217240552818	-0.00032782130186582888716	0.00019002073140343011702	9.1979119887601726085e-05
-3	5	5	-0.00034511286910654336403	-0.00021402384507150534775	-0.00014633530866132573385	-0.00054825840449533494014	-6.073241280260028999e-05	0.0004198440974524318128
-3	5	6	0.00057584476796925920111	0.00022000903634345619908	-0.00044655996424678427075	-2.9626066038837020839e-05	0.00066005568752361648381	0.00013469290653742561578
-3	6	-6	0.00021755708497249697918	-4.2615233742833754499e-05	4.2907417463301490918e-05	0.0004578754616633196094	-6.5871125022946998675e-05	0.00047918307853473649004
-3	6	-5	0.00094614759152093655479	-0.00027952256139083029142	0.0008632997471618409583	-7.9199061459527596925e-05	0.00046827114168164718456	7.2674663083065061254e-05
-3	6	-4	0.00080045404401413459885	0.0008022747818488394243	0.00054933795167929689359	0.00013329645072189866598	0.00022366639450834441835	-0.00040176141030378160991
-3	6	-3	-9.6989146314076877934e-06	-9.7070793520695459024e-05	-0.00049823903641559746415	0.00029542084155662263383	-0.00098677915819978716597	0.00068791247663394069958
-3	6	-2	0.001518820293970141351	0.0019063838409755684729	0.00098999584567642409487	0.00028377019568111782298	0.00069175709607405993281	-0.0020082651744199992404
-3	6	-1	0.00065743305761749044197	0.00067287526832932921268	0.00057270471664386138431	0.00040068941977631345299	0.0014639291270106971968	0.00038551071366989324253
-3	6	0	-0.00030668039712538274714	0.001150996842478034651	-0.00015334019856269137357	0.00057549842123901732548	-0.001939424496510257093	0.0012553193147555497151
-3	6	1	-0.0023237516075329022261	-0.00018950709898116001968	-0.0014062067003109432559	3.5377607805590671796e-05	0.0014659853792669526405	-0.00078078694377702408981
-3	6	2	0.0010419078496703027686	-0.0002011386220883010494	0.00051238570760709593183	-0.00072184139857379015903	2.5704651684166448963e-05	0.0018638162625889188352
-3	6	3	0.00073361755877407008441	-0.00021840481574295458108	0.00027128749056130760592	-0.00020925752893228869388	0.00019104257765145489967	0.00020011024212162283379
-3	6	4	-0.0012342811843156344196	-0.0007105216203712325573	-0.00056908785299604968365	0.00010145134717674441293	-7.207910874265128923e-05	-0.00068506823604354109836
-3	6	5	0.0003142503059759177474	0.00054886135803592175399	-0.00036836033032154651351	-0.00041682650677504138855	0.00063058257997140648634	0.00082950862295160269697
-3	6	6	0.00055077088384916921427	0.0002182652541922281233	-6.7355429181335925253e-06	0.00011977669005936374905	0.0002821209848427181895	-1.0644062963249687403e-05
-2	-6	-6	0.0001129864503655223873	-0.00029680784505684075329	-0.00052055687099659107581	-0.00030585867420283375032	0.00048289472087475023487	0.00040479462255511400141
-2	-6	-5	-0.0002965021635326417211	0.00017782283724134383281	6.9968638249620558915e-05	-0.00050357528525159071537	3.4638499513512031294e-05	0.00053316120740537129279
-2	-6	-4	-0.00050685090053610389917	0.00068730542543069905823	0.0010859227108783598825	0.00020396487377782488923	-0.0013754586160494880909	-0.00064960002338208680875
-2	-6	-3	0.0010816050394777728533	-0.00095865203742456620885	-0.00068819925434621782249	0.00087454998519353067	0.00065532848237392048174	-0.0011099986121040170562
-2	-6	-2	-0.0013069430933527826158	-0.0011613791270673444207	0.00010343993750246964112	0.00039625202340226817416	0.0009966232808453737331	-2.737694313946007472e-05
-2	-6	-1	-0.0023306339593140812209	0.00011152702879788415312	0.00043632152804689883522	0.00017539730607194671942	0.0020433387503467691053	-0.0012754378940274485685
-2	-6	0	-0.00028518556357964760508	0.00036629961358346284448	9.5061854526549215247e-05	-0.00012209987119448761483	-0.003310327594726243574	-7.3737085688002011437e-05
-2	-6	1	0.0019906410054772246017	-0.00035899346874952302614	-0.00099733650423406111467	0.00056757366741355241152	-0.002002737014449917051	0.0026874550669822687421
-2	-6	2	0.00019110455342610379128	-0.00085524764432552658703	-2.7892536607452205155e-05	0.00023492386264032007063	0.00010742694360374716565	-0.00015047605640456637515
-2	-6	3	0.00047793962410129834338	7.1248934038986542496e-05	0.0001358371038479011788	-0.00051402368385333350662	0.00059030062376333458651	-0.00098054807834734285937
-2	-6	4	-0.00042063267422367417187	0.0015051610683912239764	-6.7651204991493797702e-05	-0.00056492670895324007246	-0.00031179314459907781637	-9.4809529234248134046e-05
-2	-6	5	-9.8010652821697272262e-05	-0.00090952597621451894763	0.00017897701667772165381	0.00035559652784865537116	0.00017556815888458709735	6.2905442932578847369e-05
-2	-6	6	4.6729615991360342947e-05	0.00032662643056951678067	-0.00035494665170700100002	-0.00070727187373151583372	-0.00033937011304321424614	-0.00059839639687501024017
-2	-5	-6	-6.0836396395195522027e-06	-0.00034301340230482343756	-0.00032635184454008809738	0.0004489738336062031889	0.00027398775032991327764	-0.00025980706057022816919
-2	-5	-5	-0.00021347982074900790804	0.00063814422432850010595	0.00039305430503003350702	6.5207553440155263929e-05	-0.00030766237673043037634	-0.00032046524317155529547
-2	-5	-4	0.00025882762935745237719	0.0022052452473451233245	0.00047011190572730337774	-0.00029818632044116506535	-0.00071705369683785537011	-0.0007298897231211053712
-2	-5	-3	-0.00073694205774510164811	-0.00023063247115222694386	0.00032963804369822108462	0.00029180749147404044016	-5.8102034333634012934e-05	-0.0003325908383552494919
-2	-5	-2	0.0020336778818080200604	0.00330598209003047077	-0.0023172810088013858637	0.00075873739772564614218	0.0037595246401954450326	-0.0052028255843445860712
-2	-5	-1	0.0079047371042361390392	0.0025449126283414867829	-0.0030173834428513586665	-0.00083788817283671364854	-0.00072255699421548431199	-0.00090038439249940467254
-2	-5	0	0.0014853403613962995293	-0.0065307436176926369348	-0.00059413614455851987677	0.0026122974470770550341	-0.0022118712869648089227	0.0038162848945211061413
-2	-5	1	-0.0034771749650450377821	-0.0063641356506785188088	0.0013832198334979613902	0.0019309698311346455268	-3.8250762600268138906e-05	-0.0030734221456838088996
-2	-5	2	0.0054474409683043980429	0.0022936102091399073952	-0.0016824193921530234807	-0.0018047313454692068008	0.0012413924879218396664	-0.0022182181545331094985
-2	-5	3	0.001102713174724910929	0.002839291348235644611	-0.0010346807432523082854	-0.0014972974588428409736	-0.00098932578893723985627	-0.00060263486591430521534
-2	-5	4	-0.00045696151473982409268	1.4290894721302470867e-05	0.00048086652393067953531	0.00029285085811751567419	0.00037260239754343733214	0.00037320902000754580191
-2	-5	5	-0.00076679734154154780782	0.00055877169051083027101	-0.00032749611712009024742	2.7938091749908410482e-05	-0.00063421505373670934887	0.00025144676795424051414
-2	-5	6	0.00069380222174349203985	-0.00089096653027279093529	-0.00093905161649915412734	0.00029032140422535464633	-0.00055127560650146444424	-5.5054339903134777673e-05
-2	-4	-6	0.00069098079418019177182	-0.00031878225653581032011	0.00018986384827361323904	0.00085586807387192363229	-0.00035690283024247278611	-0.0004643179637360123329
-2	-4	-5	-0.00023095341974652448076	0.00088401372502104396886	0.00053867296657926521698	-0.001093415118504071715	-0.00033855700536480237044	0.0005211266047948397628
-2	-4	-4	0.00046653321637515069364	0.00088833729109258905473	-0.00029396167458675757488	-0.0020697058768657161307	6.0695066399182241615e-05	0.0016255372313194217659
-2	-4	-3	0.00013253092796711998195	0.0026523068054805695043	-0.0016648463703993953908	-0.0035085702952678985908	0.0021314412085544471274	0.0029098891900368184515
-2	-4	-2	-0.0017687796697106795453	-0.0049474446791950054195	0.0030720363904892448829	0.0055431322875515746593	-0.0043752931112678097869	-0.0061388198959081430317
-2	-4	-1	0.0026038574977377769958	-0.00431755924047914387	-0.00083950942949330377083	-0.0005716278553856159704	-0.0018496772775023389082	0.010921629902500751622
-2	-4	0	-0.0005590155509643043993	0.0035560086412923319968	0.00027950777548215219965	-0.0017780043206461659984	0.0061242845355396792473	0.010811926653506066451
-2	-4	1	-0.00064596368127657773604	0.0058929238873706435431	-0.0020682575077452590266	-0.0056273585094708490281	-0.0095649573935341920122	-0.010723586263142107292
-2	-4	2	0.014854402932570613671	-0.0011498421886131176238	-0.0084778690423116479652	-0.0012809181548782448083	-0.0021013351520526835602	-0.0037116784983696072403
-2	-4	3	0.00048664134724323048539	0.006146591436890054376	-0.0016818042216157561963	-0.00071304583462863371703	-0.0019179780639921877212	0.0031469998450885244834
-2	-4	4	-0.0016148926918815125191	0.0072212023004660300107	0.00057605251213563941817	-0.00016842346467113610605	-0.0002313938338051167872	0.0034421776855618787909
-2	-4	5	-0.0011962098223243992738	0.00012766746593711759267	0.00034206963082937129122	-0.00025072139909663803499	-0.00020482822426626270365	-0.00014951013290246339092
-2	-4	6	0.0002395502533706084789	-0.00082781498131579691821	-0.00020005104391520301646	9.1227140481576972602e-06	-5.3517278153265858116e-05	-0.00026985651773982720619
-2	-3	-6	0.0010280773836528974991	-0.00060078291646615189156	0.00078190405379601022207	-0.00026530377673254112352	-0.00073364448811563762881	0.00033291286052165451658
-2	-3	-5	-0.0004734364882229551044	-0.00074008478816440593021	-0.001865097801331249425	0.0023160261401857003966	0.0013084332760879317185	-0.0010935817688456578659
-2	-3	-4	-0.0041960424865295315941	0.00190793025086122758	2.1826178709307373098e-05	-0.0014773770974690827052	0.0020816516092327856484	0.00015406769767119829311
-2	-3	-3	0.0077783452701792980821	0.0020663515809616265877	-0.003158118460713735514	-0.0088204278746542054412	-0.0020274450527391300186	0.0074428601540131216277
-2	-3	-2	-0.0018554416333735107483	-0.013474974178529604968	0.0035624665560567243469	0.009402696211766986209	-0.003488258200711575989	-0.00062907013912087402039
-2	-3	-1	0.0082837443959890809386	-0.014195283068780010713	-0.0050110130307620083176	0.0134397587558967406	-0.0015344496996921371413	-0.011928710130130200373
-2	-3	0	0.022265177582286972691	-0.0057024429769437535998	-0.014843451721524647882	0.003801628651295835444	0.0052226851532422378238	-0.00084514965087357889206
-2	-3	1	0.0063114346978337329541	0.0082032176156899040687	-0.012329336219647714715	-0.00027121310136958635658	-0.024365139263275679971	0.015592795927271047712
-2	-3	2	-0.0045480713483675395611	-0.0065919014818181581247	0.0021890227233825887421	0.011417355781781471716	-0.0012645372632936568817	0.010534132190854049449
-2	-3	3	0.0016670577951038005084	-0.00078453028675895574492	0.0080901894104378150457	0.00080240439817277355809	0.0092015612738403501636	0.00027938420700013635867
-2	-3	4	-6.9454848413930777071e-06	0.0064414452393692280679	7.3125752551465698654e-05	-0.0027092764092958398874	5.1371571992902735984e-05	0.0011887653127127337932
-2	-3	5	-0.0040129229549500152613	0.0015885010994012096781	-0.00042348853887332310163	0.0013949703003507318497	-0.0018592623053040001607	0.0014723826199709230678
-2	-3	6	0.0010158887706519246011	-0.00063343524890439862046	0.00083932130499933424277	-6.1360638296891709684e-05	0.00075829024271697532174	-0.00024182540211657873284
-2	-2	-6	-0.00041784755436207539521	-1.7242932116779390316e-05	0.00053969691884480481235	-0.00099481447123715466448	-4.0616454827576458828e-05	0.00033735246778464469735
-2	-2	-5	0.0012802541666464314473	0.00038238909496391960919	-0.0032249177110673645993	0.0012639715839558665362	0.00077786541776837326082	-0.00065854427156791447984
-2	-2	-4	0.0021957990218347701178	-0.0011166354147173333279	-0.0052245735945732185018	-0.0051298815206820315427	0.001514387286369224192	0.0031232584676996822184
-2	-2	-3	0.0016357761624279719241	-0.01516863183002169907	-0.012458283408411954113	0.0021698030380624434843	0.0072150048306559881259	0.0086658858613061703902
-2	-2	-2	-0.0051782285821998282754	0.0067965934566736685776	0.0086319737371332461856	0.010266430985442292004	-0.0034537451549334179102	-0.017063024442115961449
-2	-2	-1	0.015091401018213219942	0.020588889524165265854	-0.0062584536697479712514	-0.0084929089312792745842	-0.017665894696930497382	-0.02419196118577198254
-2	-2	0	0.016856666897521251081	0.00281495213452709293	-0.016856666897521251081	-0.00281495213452709293	0.023062261232185590765	0.045987128998676497782
-2	-2	1	0.021698936366026655431	0.011590733772006618987	-0.018693020913231082197	7.1204465765699925437e-05	0.0060118309055911438657	0.02332387647554463872
-2	-2	2	0.0046886496300615832303	0.011293653632110068133	-0.006636303535337371301	-0.014268324680535501847	-0.0019476539052757880707	-0.0029746710484254332806
-2	-2	3	-0.00059216045172631108333	-0.011486448141158300124	0.0024122391791477730549	0.0003021087310257915921	0.0012133858182809744309	-0.007456226273421672282
-2	-2	4	0.0038821879798625526931	0.0019375577380560358998	-0.0019424920829646601887	0.0053362379303849962267	0.00096984794844894636062	0.0036368978342205160632
-2	-2	5	-0.0046560787065974221927	0.00028269534577251095473	0.0014994896963324512353	0.00048278958514303722946	-0.0012626356041059885564	0.00030619397236621924115
-2	-2	6	-0.0010703850972372725738	-0.00066829185275267175524	0.0013913099240243039824	-0.000932845899139912553	0.00010697494226234377577	-0.00053371258396419480555
-2	-1	-6	-0.0010147710944942974019	-0.00097581931757226725993	0.0013991394078924021278	-0.00015060642311904049741	0.00010506713018269878384	0.00035037417637726254354
-2	-1	-5	-0.0010393752405273512258	-0.0038774995563972979896	8.9719637640834053877e-05	0.00011775716771171688719	0.00039780616868277364701	0.0015274483890165757236
-2	-1	-4	0.0022738536828345195552	-0.0045349311130846118451	-0.0010286777627054653848	-0.0017515386491693107213	-0.0008797574007408933772	0.0027053502188346336028
-2	-1	-3	0.0044919056877129239641	0.010717031805964654517	-0.011836098551463048595	-0.010368536843265911337	0.00095076239201240025836	-0.003688508922887799666
-2	-1	-2	-0.0011550644499181716464	-0.016653074540158095684	0.0084016429539488252792	-0.026002668296340458731	-0.0030457570270562405595	0.029654408688328321581
-2	-1	-1	0.030461226669023691582	-0.014301868217764661037	-0.03083811497993728043	0.031710961193102640832	-0.030084338358110099265	-0.0031072247575733183238
-2	-1	0	0.0082577801282574820468	0.00992134812509480081	-0.016515560256514964094	-0.01984269625018960162	0.00010385920736029849735	0.0095827421011507249449
-2	-1	1	-0.034337141020345095244	-0.022967429464349747165	0.027349172178307637471	0.0091508289220182306017	-0.041325109862382553017	-0.036784030006681261993
-2	-1	2	0.0036403066276753095684	-0.017955457866298783765	-0.014627602482991403782	-0.020001307360193072704	-0.0036734946138203923224	-0.027956111546395320117
-2	-1	3	-0.0078726202109110927224	0.0030830212950494740275	-0.017792172089217461739	-0.0037489835067994509328	-0.011179137503679882973	0.0008056863610998323379
-2	-1	4	-0.0049627721128992687699	-0.0041054998075575515129	0.0045583622024991405502	0.0079583192483122320443	-0.0013417955058248492474	-6.3170091700717731823e-05
-2	-1	5	-0.0020003286731997849818	-0.0020944724070763036557	-0.00049232437256027444458	0.0024419597611989888805	-0.00089859634379196894668	-0.00034939701059072376206
-2	-1	6	0.0010618677641550976817	0.0026470468379898685896	-0.0019928979812947693849	-0.001171442939501318942	2.1806257835904344419e-05	0.00068710845607973644513
-2	0	-6	-0.0009310322821988972113	0.0026609949072298180392	-0.0011884045005237447393	-0.0013322978363637120926	0.00031034409406629907043	-0.00088699830240993938254
-2	0	-5	5.2672978347435007161e-05	0.0018595476357646124194	0.0022407635154934723437	0.0036459046144221708523	-2.1069191338974003542e-05	-0.00074381905430584492438
-2	0	-4	0.001132911241290653374	-0.0093618508377770418699	0.0052741741469723366076	-0.0057886813788949565904	-0.00056645562064532668702	0.004680925418888520935
-2	0	-3	0.011147973104502127695	0.0025695733719341366103	0.01015156336671995535	-0.0046054266452310293339	-0.0074319820696680857081	-0.0017130489146227577402
-2	0	-2	-0.0033591593635372177067	0.0091017421022657595681	0.024252272894008931187	-0.018141549302445492131	0.0033591593635372177067	-0.0091017421022657595681
-2	0	-1	-0.015948504891863300725	-0.0024649062408193811446	-0.0071606088495367028676	-0.0072154049781145250531	0.031897009783726601451	0.0049298124816387622893
-2	0	0	0	-0	-0.034018366501027581805	0.00049136257096733847519	0.020402551229627269996	-0.057488999137325455524
-2	0	1	-0.025302489669460841853	-0.018537835299729112093	0.0041118980133841966443	0.0067774378299743373924	-0.050604979338921683707	-0.037075670599458224186
-2	0	2	-0.0093151436047426913745	-0.037637309548580188956	0.0064471204851770857677	-0.033216563420412334451	-0.0093151436047426913745	-0.037637309548580188956
-2	0	3	0.010086060293655425488	0.0076764893105568500833	-0.033294975600068971167	-0.0081245870957278674279	0.0067240401957702842367	0.0051176595403712339671
-2	0	4	-0.0005016804568336931695	-0.0051796236262126732486	-0.00057457807338065459372	-0.0021530478059776868814	-0.00025084022841684658475	-0.0025898118131063366243
-2	0	5	-0.0031322076495031796715	-0.00063221931532842553375	0.0023668237665389296569	0.0051384262054518497348	-0.0012528830598012719987	-0.00025288772613137023518
-2	0	6	0.0013906915305932645265	-8.9584932054473235315e-05	-0.0022905988409294324518	0.00058844937911226762386	0.00046356384353108813935	-2.9861644018157742846e-05
-2	1	-6	0.0010799680633161203025	0.00021456307340934175514	-0.0010944251945761416557	0.001343227062035382913	-0.00054239355353473037678	0.00015235015253611656713
-2	1	-5	-0.00070017477045939574033	-0.00076832971594112788385	0.0012524338734076624451	-0.0038240421227426603726	0.0005305566828652908502	-0.00045747653817208096434
-2	1	-4	-0.0015912996873988045562	-0.0092228871073065186309	0.0044646961534321677814	-0.0080274290750877875383	0.0019118238820574442235	0.0026045862848813124309
-2	1	-3	-0.0035801954877902760453	-0.012757234500324107773	-0.0049070630632909581145	0.0062267434038996731169	0.00075110930409653128923	0.01058040413484929651
-2	1	-2	-0.017519421839797488794	0.025507066230301324999	-0.025546013177359182256	0.0088356967699546960088	0.004746415251117898533	-0.021089217845323977862
-2	1	-1	0.013666521572411407387	0.017795550830377787621	0.0010321912331388621766	0.0020301064443787090151	-0.026300851911683954115	-0.033560995216376870998
-2	1	0	0.014659175550277852781	-0.0021891504136628630282	0.029318351100555705563	-0.0043783008273257260565	0.053665092189147861612	-0.024659258207810345193
-2	1	1	-0.0093574514993845798322	0.0076838969937297121882	-0.0089064339425175796661	0.034746704114944439168	-0.0098084690562515782636	-0.019378910127485014792
-2	1	2	0.0024101999930993167794	-0.0036637698042188641262	-0.0049947656514059681973	-0.010908394781164138659	0.004907582818802300878	0.0017904275863632049866
-2	1	3	-0.0014094095963263200601	-0.0041394709692701486467	0.0089114153264914855446	0.0086037315069965210335	-0.0039100781730480420328	-0.0056275578151789391532
-2	1	4	0.00037047800431026442491	-0.0032782021178027801432	-0.004809112377534458492	-0.0053443200689919888313	0.0013875170965387468355	-0.00030302104165339270115
-2	1	5	-0.00080807524756354974244	0.0051758513165334240139	-0.009187939329552618703	-0.0020166066340056806351	0.0015143577668851038436	0.0024736618534145059928
-2	1	6	0.0012457416792006198707	-0.00087575476685919037036	0.00046848739232645622305	0.00060675102013144446324	0.00033716599434579721693	-0.00039304342564163753399
-2	2	-6	2.3046648446887229217e-05	-0.00186730477412253861	0.00013513640256446004021	0.00037594865474001087826	3.7363251372524264684e-05	0.00074775114295418316276
-2	2	-5	-0.00056385967519199194	0.0018320027418114244629	-0.00085844660076275748021	-0.0045608789937345278059	-0.00011783477022830620795	-0.002557152694218380734
-2	2	-4	-0.0017567575319729529515	-0.0060940676374514725702	0.0029973201379595078991	-0.0012744993782756782602	0.0023770388349662304253	0.002409784129587897155
-2	2	-3	0.0015453084319384125661	-0.012072261554764967401	-0.010510300110202076829	-0.0058719894153570007314	-0.0080370723614269935081	0.0041335147596053114019
-2	2	-2	0.004268119596067884193	0.026930216723180175342	-0.013624437411187814359	0.018379607261348993724	-0.01789255700725569595	-0.0085506094618311798833
-2	2	-1	0.0068084935360069893245	0.00040827323251957169754	-0.0018258442660328273559	0.0011269203506033193853	-0.017268675604079634228	0.0014372942361674954839
-2	2	0	-0.015078553125914506	-0.033780307997885269944	-0.015078553125914506	-0.033780307997885269944	-0.016259614584299409562	-0.04969423047272872318
-2	2	1	0.002466853503304734449	-0.015004304777380718383	0.012599441483226321223	-0.0090948218341598205394	-0.020265175959843173548	-0.011818965886441793953
-2	2	2	-0.015823863769850145949	-0.0075819538982993305368	-0.0043000612740682897517	0.0082829098828423441264	-0.011523802495781856198	-0.015864863781141675531
-2	2	3	-0.014264593111412095586	-0.010111842073998055305	-0.0089507487082875446249	0.0013256417953044388573	-0.0035425629354163675963	-0.007624989246201662775
-2	2	4	-0.0053034169301785375264	0.013185443930097554346	0.00072420694790492515062	-0.0022975180705436222886	-0.0030138119390417314469	0.0077414810003205878838
-2	2	5	-0.0030931723948889916671	0.0013328529541390809338	-6.5697211535648729949e-05	-0.00080608517582027555248	-0.0012109900733413372399	0.00085557525198374259449
-2	2	6	0.0027610725220122206078	-0.0023766599281219670178	0.0018753919419944686635	-0.001276906263551611919	0.00029522686000591727862	-0.00036658455485678512328
-2	3	-6	0.00023083130059206298599	-0.00040487993591559835521	0.00043260264033265319631	0.00062475711733630666812	0.00013935755330230561186	0.00044733853730668615527
-2	3	-5	0.0013619414907074659567	0.0014929206661292611369	-0.00071903763287256030039	-0.0011117519987409825097	-0.0009761991760065224762	-0.0012642194656962940473
-2	3	-4	0.0022318267683963379996	0.0063955994207820334244	-0.0035463235012806126022	0.0019328331093877851917	-0.003775656010158628343	-0.0017481748783501778726
-2	3	-3	-0.0048072190659948195804	-0.0024724963271342431138	0.0014336804741979887121	0.0027760458304763920706	0.0046384931848612014765	0.0044243767152325544356
-2	3	-2	0.0018473464344287539654	0.0062471773733770294065	0.0089886102999609807096	0.003881902389100325753	0.011635569015512717966	-0.0004243237897265412107
-2	3	-1	0.0039751434069418912012	0.013972536752127276069	0.003131100011305093956	0.011403371041656559098	0.0014430132200315003328	0.0062650396207151268918
-2	3	0	0.011052779384435782242	0.0069493956757450308162	0.0073685195896238545391	0.0046329304504966872108	-0.019484901468035768779	-0.016321444415322194227
-2	3	1	0.0062499064598985276317	-0.011927786981015573581	-0.0013582161885658111666	-0.005890922106900494358	0.016574461485494490498	-0.0061828076413296632202
-2	3	2	-0.00062188250982539742748	0.0034187684649330729245	0.0034653472095676871208	0.0050797078894776496669	-0.0058199033241769278918	-0.0042007933692834020095
-2	3	3	-0.011964056181930698627	0.0032344690899629821752	-0.004705488680813531277	0.0045947619542192306985	-0.0032705487738069346192	-0.0024384492275772427262
-2	3	4	0.0014530217305285682804	0.001700558630662646906	-0.0020009343359273438871	-0.0039657580748632013587	0.0022272116172097921639	0.0038245978714787245804
-2	3	5	-0.001313518295017672248	-0.00037779208959658221916	-0.0024392944373374503796	0.00048528032207488319087	0.00093816934439540139359	-0.00044228502908356281302
-2	3	6	0.00097504650605175716832	-0.001745572824379622431	0.00050468956410609766821	-0.00090526984260942634699	7.2670719964203523713e-05	-0.00012922268682182761878
-2	4	-6	-0.00015076140824254159419	-0.00034376119815690369102	0.00036271776726083714351	0.00012616159877198337134	0.00029206564758807196944	0.0001986947985669568022
-2	4	-5	0.0010374840986337938165	0.00023816890704749372858	-8.5206567119567856684e-05	-0.00021148991103829182462	-0.00048315889314917183361	-0.00026445949164963092944
-2	4	-4	-0.0015423170355550722046	0.0042645285631593057157	0.00089662805462443725176	0.0027985526014166948149	0.0016677865724019733541	0.00066628831983704184857
-2	4	-3	0.00088894171858156184694	-0.00056368083984398157423	0.00036615896378177351838	-0.0052547770645198100398	-0.00010441586067867653109	-0.0066305821927970919755
-2	4	-2	0.0012326295128614098671	-0.0041167501314993354758	0.0010757248321886800704	-0.003228362962404442843	0.00091882015151595005688	-0.0023399757933095497765
-2	4	-1	0.0027875619460839247757	0.0034978310836849229974	0.0029748155721809181086	0.0024050895515326576636	0.006324138396555822883	0.0026246960387607842259
-2	4	0	0.0040977569903650314445	0.0105578887665890922	0.0020488784951825157223	0.0052789443832945460999	-0.008757394733231539663	0.0042294444847606063945
-2	4	1	-0.011614740337023013797	-0.0028643598921265140712	-0.0096155234519492080447	-0.0003645278044212449625	0.01523261313375080285	-0.0042706085665680480756
-2	4	2	0.0065413504138772749288	-0.0032751790187619486162	0.0028608912050692306486	-0.0010360046983994189006	0.00081956800373881341475	-0.001203169621963110815
-2	4	3	-0.0031950700519815127855	0.0020330748497825027778	0.00024542185532539087045	0.0036669382378460590489	-0.0024572758417548629453	-0.003533867750606410358
-2	4	4	0.00063553122112667789247	-0.0042756972713473770376	0.0016064142678128192493	-0.00067645547494060047963	-0.0012886486572494804115	-0.0014613931607330881476
-2	4	5	-0.0011507311675759523528	-0.0005748562440342427915	-0.00011477022512910643834	-0.0012861511811513048117	-0.00036847628692709581211	0.00079897844730734675443
-2	4	6	-1.214307580258923925e-05	-0.00056395528945888046598	0.00078952007045029494719	-0.0002595201563944550668	-0.00053039440556772632536	-1.4971658889990122648e-05
-2	5	-6	0.00024421119368563820335	0.0010723815205207385629	0.0002173698926575195155	0.00040940358483791065413	9.9737845986053505877e-05	-1.6290852808653957795e-05
-2	5	-5	0.00034656658270103919608	0.00072381558272661874337	0.00040359171403634076141	0.00035335934855672138447	0.00026496508095592510466	6.3833115466073873565e-05
-2	5	-4	0.0014471816149157024165	-7.8827575669193232282e-05	0.00071209251121085630556	7.6921430550667036115e-05	0.0001665248315557191737	0.00013556557602293039773
-2	5	-3	-0.0012502212100495048441	-0.00095174685643424747263	-0.0010946771508584601188	0.00079161144731544044652	-0.00099098111139776377983	0.0019538503164818988786
-2	5	-2	0.0010606244057147710524	0.003090700199791033588	0.00056829661896958558274	0.00076241121209477452549	0.00036011714170919301289	-0.0011846721695540974369
-2	5	-1	0.00054724010918682087883	0.0015516539983346452642	0.0013412328516267486497	0.00097116360272494215225	0.0056116840397601010573	0.0017525100169554202328
-2	5	0	-6.8274208465461151685e-05	-0.0030402731746219423606	-2.7309683386184462707e-05	-0.0012161092698487769442	0.0028975587397095585278	0.0023660689742581652792
-2	5	1	-0.0033281143468020663034	0.0051329821061110994171	-0.00092556717304054236806	0.0024802713256835539485	-0.0020283928284014212003	-0.0021353924161955696072
-2	5	2	0.0015191706915010695384	-0.0010491988953025038929	-1.7377220329786136982e-05	-0.0028760164107474489766	0.0015626137423255350486	0.0061408421315661187653
-2	5	3	-0.0011244996526533625018	0.00020228368452306224419	0.0013197998995096093481	-0.00033807409187094780928	-0.002949332934284923987	0.00069831260946695452967
-2	5	4	-9.377729038801402967e-05	-6.3648864324814841802e-07	0.00016153022827680114178	-0.00017074453141192278425	-0.00024880143054000842173	0.00021311241994327939837
-2	5	5	0.00075459199901031955016	0.00032046687149095339506	-0.0010367223473394242706	-6.25281536888980965e-05	0.0013385591469435521774	0.00019071490228527945452
-2	5	6	-0.00060482555466891704896	4.8934438841461910807e-05	0.00017551083343074442645	-0.00033940252933582255737	-0.00034786754608192606546	0.00029914692072700611045
-2	6	-6	0.00032828571835238386234	0.00049509393055089691554	0.00036996938366633204311	0.00014106394454131977972	0.00026054081088220407093	-2.396736564231250174e-05
-2	6	-5	0.00041431017821002484418	8.1403433337207500072e-05	-0.00021428574545503712117	-3.187721933869110347e-05	-0.00042286696583005448308	-7.0814036541312324192e-05
-2	6	-4	0.0010751073761462131943	-0.00044526422065136773976	0.00014908442186896354777	-4.4273366228688286494e-05	-0.0003139270552696612755	0.00015622206098265143336
-2	6	-3	0.00076829968288312944918	0.0015892341324797295762	0.00047792791109058785489	0.00034235741234504840766	0.00044365603359242274367	-0.00037477459696305627165
-2	6	-2	0.0011790863704683775259	-0.0011838088979492550519	-0.00016219831786450536839	-0.00079592245671924219223	-0.0016656813240618936582	-0.0012039584722084715248
-2	6	-1	-0.0012754136598385251624	-0.0011530095090607395038	-8.3372152003597236919e-05	-0.00041361429152246602598	0.0020505944076554668762	-0.00017566673101331685002
-2	6	0	0.00010460103490446589754	0.0012668688756163250936	3.4867011634821968105e-05	0.000422289625205441734	0.0027497337046707170417	0.0026190984716224076194
-2	6	1	-0.0004934478974329176322	0.00053978573922030322497	0.00050519981575734558381	-3.7563135367240406209e-05	-0.0040180946894099092009	0.0013049502906440487923
-2	6	2	-0.00084411978699247558217	-0.0010875619065387103282	-0.00072830612883323863575	-0.00013352379090129874641	0.0013407985995072403251	-0.00068699053383481408896
-2	6	3	-0.00015347892275103985405	0.00014066639794269139747	-0.00010619356901185254664	-0.00053600810120737335529	0.00011006785618967852391	0.0011657938010432074977
-2	6	4	-0.00014867807160767062776	0.0016930872093712870385	0.0009191850394355689487	0.0005746554454582160831	-0.0014531165949571887234	-1.5439563501680588436e-05
-2	6	5	0.0017798884713071394525	-0.00032461413148830698359	0.00010851064192639835182	-0.00017516185452970154204	0.00058174261821117778052	8.034857284031906785e-05
-2	6	6	-0.00085899589273339988383	7.6318572365460999565e-06	0.00053923650310282525422	-0.00012977488342380536271	-0.00082556846734729188216	0.00013231883583598739377
-1	-6	-6	0.00040978106869497864587	2.6406433504852621367e-05	-5.5144811664343706579e-05	-0.000265038062168101822	-1.3152033118152736658e-05	0.00026063698991729306476
-1	-6	-5	0.00048855720610769040862	-0.00076100642888061466838	-0.00023323618951128874291	-0.00027450149990444544165	0.00018217198619200844229	0.00048160308566145746366
-1	-6	-4	-0.00036354882087150151935	-0.00040388037931026431193	0.00031253441457539251572	-1.3063713792652273832e-05	-0.00037791441664521336664	0.0001205656655165444972
-1	-6	-3	-0.00074043882112772359694	-0.0004421887607045169445	8.8292201339975088722e-05	-0.00027069646998319614418	7.0228537695957683686e-05	0.00068878919353456454899
-1	-6	-2	-0.00015530840178902674325	0.0024812155766522608208	-0.00024808139142141620625	0.00042017702935674737866	0.00082189837515876196326	-0.0025011388763963725464
-1	-6	-1	0.003320208853811552549	0.00058534663286992502044	-0.00022768309861708678184	0.00017581596109182345898	-0.0019541102621090321832	-0.0016402423994208658285
-1	-6	0	0.0016491735178820890809	-0.0020372997762177253063	-0.00027486225298034821628	0.00033954996270295421772	0.0012216959213223828242	0.00021288947132908086785
-1	-6	1	-0.00027632774260255977931	-0.0027039732993951277537	0.00053788823800645724563	0.0006118627036056709231	0.0029510016854361839113	0.00096720292223889789331
-1	-6	2	-0.00031696228184020569301	-5.2186371347525230876e-05	0.00041519390994564824363	0.00019183620093206324897	0.0010871005889168418573	0.00054941541712242713148
-1	-6	3	-0.00011635745257054656062	-0.00114362166176405506	-0.00035296371968629707688	7.275838940449660063e-05	-0.00074471325689610967397	-0.0002356904417790251611
-1	-6	4	0.00058492846243434740063	0.00099497002317993493703	-0.00024535356558915642202	-0.00020566400561415406766	-0.00022179823277514783709	-5.9753502626247387557e-05
-1	-6	5	-0.00060144936774725332469	0.0016260399263949109998	0.00036670780734448675314	0.00029162702663365538264	0.00031975949526393346051	0.00067516041723936865912
-1	-6	6	-0.00011743573462380620706	-4.854333602663005691e-05	-0.00053204062812703054042	0.00023118199633958012905	-0.00055161325056433160429	0.00022309144033514179866
-1	-5	-6	0.00057373152909556083406	0.0013001521409420153854	-0.00026325138889590911882	-0.00020837408941206335931	0.00012375423589733081141	-4.3046948980283109433e-05
-1	-5	-5	-0.00018329884100436812143	-0.00020568444627370500674	-9.8098180846727196162e-05	0.00037691234238789632707	0.00013475794904760081232	-0.00033577545313315530946
-1	-5	-4	0.00013968855334367847611	0.00039668101117246200912	0.00051925505616059195249	0.00012816909324689352255	-0.00068399095853665953931	-0.00025938161935173243257
-1	-5	-3	-0.00061761576754259086067	0.0035168049792062600241	0.0003770761701260979485	-0.0016372091199455013778	-0.00042258836102929966342	0.0015564135401737490272
-1	-5	-2	0.0055543588931188216454	-0.003319528297985602748	-8.6059426381522818829e-05	0.0025526498821924555223	-0.0025620308806056039247	-0.0047218605564883376485
-1	-5	-1	-0.0024258908791766984475	-0.005190575288057061934	0.00061388890121416908856	0.00029678607212017219397	-0.00064355362689414710373	0.0037066449274562015062
-1	-5	0	0.0017143970982051203508	0.0052746995356703864008	-0.00034287941964102405931	-0.0010549399071340772368	0.0037611917764403921156	-7.6610343356399180368e-05
-1	-5	1	0.003536972965550206835	0.0063039508161727327018	-0.0008995689419437572637	-0.00082126831803599922681	-0.0009608717441685797004	0.0021976092259927359172
-1	-5	2	0.0011748050214975764086	-0.0044456912928049503037	-0.0024213614987909802198	0.0024804718218452955283	-0.0054660012362286623452	0.0039783339082107641027
-1	-5	3	-0.00052387957033855827183	-0.0028015792485386859477	-0.00043258295415407333742	0.002011290358175390168	-0.00089559811370297504052	0.0024182908474460885866
-1	-5	4	0.00037210063972900061331	-0.00026080988367111596592	-0.0015857404605559163001	-0.000438659744423354871	-0.0018891504157626452624	-0.00061352715144697258023
-1	-5	5	4.4921787974667698841e-05	0.0010793027328806295301	0.00084526801197576828962	0.0002221670953540515886	0.00085425236957070184701	0.00043802764193017748378
-1	-5	6	-0.0012847902979776272287	9.3801250890019743098e-05	0.00055110510841807505786	0.00015525938099864377922	0.0002451225406854580101	0.0001450163593138731246
-1	-4	-6	0.00039368010929664902725	0.00046828786781113811936	-0.00065140930308065858947	-0.0011933715488185150846	0.00036865951717099750993	0.00071753305457715368509
-1	-4	-5	-0.00055028624102919647572	0.0015928959750328890513	-0.0012219738826669103784	0.00012234827646434616867	0.0010876363543393674244	-0.00041645781617805473435
-1	-4	-4	0.0015239874018040783753	0.0016784419904985238298	3.6114904951909069933e-05	-0.00198431920662599931	-0.00041711175540292864342	0.00156470870900136819
-1	-4	-3	0.0091354271261111005126	-0.0016584991682906786124	-0.0023836686060574197726	-0.0016959868744093331561	0.00013308243270619243468	0.0028141488886426705568
-1	-4	-2	-0.0033433827968254890492	-0.0022503343896687947288	0.0045816685048808590205	-0.0027703475677553664192	-0.0074916456113489739502	0.0066658623303451295522
-1	-4	-1	-0.017186169093128880747	0.0060804275196131565492	0.0030696415101988854326	0.0017214256377596026757	0.0049076030523333372818	-0.012966130070651567252
-1	-4	0	0.016465133797886097322	-0.0069297813970281649937	-0.0041162834494715243305	0.0017324453492570412484	0.0026741858330483511512	-0.017671830985978916051
-1	-4	1	0.024210604290981232317	0.0015801937220126691889	-0.0095403000095334589137	0.0041632960929658766741	-0.013950595747152603338	0.018233378093876175668
-1	-4	2	-0.015819489099515617048	0.0037215716614260973931	-0.0032157363252831600714	0.0072269706138265322332	-0.014341217200324128667	0.016314727058366111645
-1	-4	3	-0.0019692891667892663612	-0.0020466288549328705802	0.0028505213119915029027	0.0016673870972316771292	0.0031442653603922484165	0.0015409731779979461957
-1	-4	4	0.0046810587167516477108	0.0034165561153541410162	-0.00034376611054332087717	0.0011194139308137993939	0.00082649856864459099633	0.0019735529596523345396
-1	-4	5	-0.0020077951433156611405	0.00055724304911856448533	0.0013137217827367082476	-0.00047553665593323988852	0.00064941839752623439167	-0.0002689807149228790246
-1	-4	6	-0.00045580563685499836087	-0.00019762779432683596592	0.0015000302976630023894	1.8881643777839594801e-05	0.00092405259229950183902	-2.0350203202579596656e-05
-1	-3	-6	-0.0011793753619456161415	0.0016096884227965258321	-0.0015528228127375267274	0.00062298144192826751704	0.00097297396669303272063	-0.00057977212476355473054
-1	-3	-5	0.00047176417071491535352	0.0010042583384374614928	0.0037930096511759503648	-0.00015995757009048571016	-0.0023701586248485533547	-0.0001048771256332008833
-1	-3	-4	0.008328469540485465214	-0.0016676676771775695088	-0.0021821027744639378589	0.0013889013672833739645	-0.00044554030427341296356	-0.00062475910616813809615
-1	-3	-3	-0.0021337788414159462695	-0.011642736862135722939	-0.011839294511217225009	0.0095477368694466772242	0.012550554125022541155	-0.0056668245820681020439
-1	-3	-2	0.002049779879306678522	-0.017876425866219528005	0.0072214398338762541413	-0.0015126649025452819364	-0.011857049690467720907	0.011207210286927686907
-1	-3	-1	-0.0027365681366308615592	-0.0063885682741936546114	0.011270025394522327489	0.011803153589285049832	-0.031073508046936121341	-0.02902089249366149315
-1	-3	0	0.01535488490721976379	-0.0084750224781229999832	-0.0051182949690732545966	0.0028250074927076663719	-0.0044185742257886037251	0.01855450118245115243
-1	-3	1	0.007094636966932838136	-0.0014876093684159628645	0.00086213229523417656171	0.01208043763654721714	0.0096810338526353671706	0.034753703541225686169
-1	-3	2	3.4756924029780043525e-05	0.0023973311755429303933	0.0034361659686129347908	-0.0074219070568871661417	0.0051716274149342924757	-0.009934194997559283799
-1	-3	3	-0.0035037612074427415716	-0.0033298623109173754522	-0.01122442512925271238	-0.0083740627424918698957	-0.012392345531733626671	-0.0094840168461309947573
-1	-3	4	0.0035363717900810396136	-0.0073989871667773958117	-0.0048204013514412244121	0.0035498444705712537545	-0.0027312080660606588393	0.00081263656123409125451
-1	-3	5	-0.0046688184334514083729	-0.0015964963439468518851	-0.00027550319294485065653	0.002060720074314197417	-0.0010990656024571919709	0.00091713277579914809483
-1	-3	6	-0.0023704946691482462612	0.00041395436706848244947	0.0013048417609729573343	-0.00055062026872703252571	0.00025733843562843758748	-0.00020631773985210248514
-1	-2	-6	0.00040351595906783026789	-3.9307890458070589279e-05	0.00068862549711200824257	0.0027026973700576980252	-0.00029679449221530781024	-0.00089434780827622089097
-1	-2	-5	0.001457275700351898717	-0.0028909651377566733706	0.0026731557499265461847	-0.0012397580354899680449	-0.0013607174400409982173	0.0010740962417473218921
-1	-2	-4	-0.0061255699920851692034	-0.0076776004247449567905	0.00070639838176854224342	-0.0032157361556942030446	0.0011781933071370210165	0.0035272681840333407199
-1	-2	-3	-0.011937104083296918439	0.018439075819254635569	0.0032876162028028688318	0.0025913050744427769401	0.0017872905592303937362	-0.0078738953227133964829
-1	-2	-2	0.014126627294511615723	0.022312663366868813047	-0.027780919955760600276	-0.016352713263284794631	0.02071760630850479068	0.0051963815798503889751
-1	-2	-1	0.027864988889666167382	-0.028207007772355088826	0.0075317822015131159763	-0.0016908171628857353395	-0.042928553292692399335	0.031588642098126562541
-1	-2	0	-0.0092303463181682421368	0.0031669023569169925739	0.0046151731590841210684	-0.0015834511784584962869	0.024151719494776926339	-0.0034567585902467150988
-1	-2	1	-0.039092449660714734261	-0.00093624537931770229413	0.012105744785709127848	0.013132865268208874024	-0.014880960089296478566	0.025329485157100047055
-1	-2	2	-0.0085446677588061972775	-0.035890029917004025173	-0.016289247772807109726	0.0055617688521417936801	-0.020561581652210208365	-0.012383246106360221508
-1	-2	3	0.0050726378499256217017	0.016947026284332263046	-0.01409532712217959928	0.0013124175289788394313	-0.0077060054648111922862	0.0065239537807633141142
-1	-2	4	-0.0032244993296614379331	0.0025798912363762666056	0.0082097835221624209517	-0.001167498145242000171	0.0032987669286658506673	6.1223736473066511701e-05
-1	-2	5	-0.0015566643429344604807	0.0017067690922672571104	0.00069198633014930655948	-0.0021301085476858206552	-3.4538336527169460151e-05	-0.00051068960062087675328
-1	-2	6	-0.0018187010394873949493	0.001300090060771948294	-0.00075461219122397349586	0.00073217197878076877623	-0.00055465423698922362069	0.00046073900305558101054
-1	-1	-6	0.0018165179071845608937	-0.00018535395989886563318	-0.0011929465203276508247	0.00015464048342899857041	-0.00010392856447615167817	5.1189127449778452057e-06
-1	-1	-5	-0.0037007877411282573757	0.0034841146934803148005	-0.0019698685861523419945	-0.00080971162058306091897	0.0011341312654561197873	-0.00053488061457945075463
-1	-1	-4	-0.0014063451919147920352	0.0069472248469700462886	0.00045872388557094602056	-0.0020241608901882587185	0.00023690532658596149011	-0.0012307659891954466757
-1	-1	-3	0.029404914296887525726	-0.019556228171348409572	-0.0047460356511871042498	0.013784303821493284342	-0.0082196262152334741147	0.0019239747832850418157
-1	-1	-2	0.029523158753565609952	-0.018144942749823589345	0.017118405550845847835	-0.0010199688412733938329	-0.023320782152205728893	0.0095824557955484918059
-1	-1	-1	-0.023664825890835745892	-0.032432436861497764002	0.078128769832313704757	-0.0079937886871688876994	-0.054463943941477951927	0.040426225548666656906
-1	-1	0	-0.032128764382696538282	0.060999036670816735028	0.032128764382696538282	-0.060999036670816735028	0.0021565780266953665442	0.047931323272086469311
-1	-1	1	-0.021970765553637739559	-0.061042344187392537369	0.064201060808387347412	0.038215578795360999331	0.042230295254749611322	-0.022826765392031541507
-1	-1	2	-0.0062284765185063283022	-0.016541392030959441856	0.032281984126853568995	-0.0083963020032183973557	0.013026753804173622081	-0.012468847017088918738
-1	-1	3	0.028921801444894694455	0.00030600394603852866093	-0.016964815227741496945	0.017778206334214789047	0.0039856620723843997484	0.0060280700934177726055
-1	-1	4	-0.010203121136450894746	0.0033424441986955526034	-0.0029666156851141912108	-0.010866863038236841688	-0.0032924342053912715976	-0.0018811047098853221626
-1	-1	5	0.0025541206804242503649	-0.00065396991125377405742	0.0051587773738971361495	0.0031810506572423282064	0.001542579610864277433	0.00050541614919771078642
-1	-1	6	0.0012549259257640553097	0.00043477523718854737796	-0.00014249772503862649588	0.00057683352101715271859	0.00018540470012090481586	0.00016860145970095001609
-1	0	-6	0.0011178659763691188057	-0.0018742387575101588423	-0.0010448918236427367449	0.0026549890620215926829	-0.00018631099606151980096	0.00031237312625169314038
-1	0	-5	-0.0007453908487278449119	-0.0010734884377624326866	-0.0026761387353987221675	-0.0065849579279417510061	0.00014907816974556897154	0.00021469768755248653733
-1	0	-4	-0.0008080067295994447724	0.00068727765266831275948	0.0030289184308651823097	-0.011192871072025843693	0.0002020016823998611931	-0.00017181941316707818987
-1	0	-3	-0.0090616277381729021939	-0.019067614536416511994	0.0057579522468731289195	0.019003092335979736294	0.0030205425793909672534	0.0063558715121388381988
-1	0	-2	-0.022645232289566257639	-0.030065767950196366221	-0.012101786806803946361	0.032973256638706746613	0.011322616144783128819	0.01503288397509818311
-1	0	-1	-0.042929555371516443796	-0.025703605163697275382	0.10204413014577332075	-0.024166878954239162658	0.042929555371516443796	0.025703605163697275382
-1	0	0	0	-0	0.1216782701295178043	-0.015746878295118827557	-0.12622669443777209675	-0.028920536785071268571
-1	0	1	-0.11231158727313114709	-0.060994344037988118545	-0.063780874633712042465	0.10200442600588600917	-0.11231158727313114709	-0.060994344037988118545
-1	0	2	0.036698692596758827889	0.062359192083540543328	-0.015210199023850430947	-0.036296880952038541868	0.018349346298379413944	0.031179596041770271664
-1	0	3	-0.012665613835229938208	-0.031584129841203741063	0.0081162644991769616887	0.024623123998854003214	-0.0042218712784099794028	-0.010528043280401248177
-1	0	4	-0.0046892464068725566925	0.010232883296232899231	-0.0059389223572570860182	-0.0062045872693735166711	-0.0011723116017181391731	0.0025582208240582248078
-1	0	5	0.0018523995995847694369	0.0011675152851862973663	0.0012269117434556911245	-0.0057784134401117851626	0.0003704799199169539199	0.00023350305703725949494
-1	0	6	9.8586792403883145267e-05	-0.0024386111933604537674	2.4517008083846298413e-05	0.0023403524604069269634	1.6431132067313857544e-05	-0.00040643519889340897931
-1	1	-6	-0.00027162950832144809599	0.00012517379957288201427	0.0014299473512805560647	-0.00021155380018325799099	0.00028359614326700069344	-5.6121266626023336469e-05
-1	1	-5	-0.003066174516981990273	0.001932253856724699308	-0.004337129974472836956	-0.0018331605373502035238	-0.00025419109149816930407	-0.00075308287881498060974
-1	1	-4	0.0058773246326351072377	0.0051131828823259570585	0.005161679251803318394	-0.003630826707082644364	-0.00017891134520794723804	-0.0021860023973521505725
-1	1	-3	-0.0093515063171521473073	-0.0026754969693693949478	0.003101524357415423247	-0.0021308796984289080437	0.0041510102248558571406	0.00018153909031349573411
-1	1	-2	0.014640275252457141467	0.022366648861331588777	-0.013901651408815881433	0.0064693410718521526803	-0.014270963330636512317	-0.0079486538947397180482
-1	1	-1	-0.03500476052140422123	0.021169199587007934971	-0.021221665392301643227	0.05318207080048152624	0.013783095129102576268	0.03201287121347359127
-1	1	0	0.093724525434879704666	0.057495253676096994	0.093724525434879704666	0.057495253676096994	0.030061816578098105729	-0.0032499621498422144941
-1	1	1	-0.054180924100400068566	0.039182787146442972503	0.0011352795528081689215	0.039066018100230706644	-0.055316203653208238789	0.00011676904621226927425
-1	1	2	0.005502047969724886689	-0.010398701035467349321	0.0071707743704526446735	0.028295135218771545055	-0.00083436320036387920905	-0.019346918127119448055
-1	1	3	-0.039220017539806674434	-0.007798508927860596518	-0.0031114283659593581534	0.0099573668464499436037	-0.012036196391282437748	-0.005918625258103513663
-1	1	4	-0.0055805333396882952218	0.0088379819420080461823	-0.002179824086692888456	9.6787237633961587576e-05	-0.00085017731324885158304	0.0021852986760935210267
-1	1	5	0.0020070239660993369549	0.00029648358860940145438	0.00071008254202300450514	-0.0016969728503743403223	0.00025938828481526646826	0.00039869128779674835534
-1	1	6	0.00093280795746147210108	-0.00047429466796015181274	0.0023796227479553136441	-7.9483549516892287564e-06	-0.00024113579841564023007	-7.7724385501410432923e-05
-1	2	-6	0.0003672964403620581535	0.0016272144763654801392	0.0021531069510356349098	-0.0007682683220121923123	0.00065648624361820185399	-0.00052729185339831072168
-1	2	-5	0.0053888516956936997546	-0.00062584001019972421501	-0.0045029406427734373214	0.0040021581394065249698	-0.0028789465962481149662	0.001726031257802554961
-1	2	-4	0.010686443327426058819	0.0045849033661386718805	4.8015682951111198222e-05	-0.0023717160769947641386	-0.0026476029903809593022	-0.0023320838800320498226
-1	2	-3	-0.011988812472117867103	0.0080442827787550706675	0.0011220697595381602923	0.010136111788182770518	0.0047443173303980618397	0.004075980265870157368
-1	2	-2	-0.0034109908574958013906	-0.038115553676995733712	0.0029719376193935082876	-0.013322666232750498064	0.0046774330481414091998	0.0057351106057473679248
-1	2	-1	-0.01886828546393611028	0.033492277843169528107	0.0040180926374442432411	0.0068543793241969521238	0.026904470738824595027	-0.019783519194775618655
-1	2	0	0.0056378536336558603831	-0.037747285112366572857	0.0028189268168279301915	-0.018873642556183286428	-0.044731839519693616936	-0.02338304141000785083
-1	2	1	-0.0037638743234483938889	0.013892850967733761172	-0.0040209173448022099417	-0.0068168316329742222742	0.0042779603661560264283	0.027526514233682203986
-1	2	2	-0.028719106176361551552	0.023195338879447965214	-0.023305992374577057941	0.0058247026238134541956	0.0089464392863962821645	0.0057729668159105284111
-1	2	3	0.0014450431828531061593	0.0083239128607157063244	-0.0020882848013139710536	-0.0020063897141958816038	0.0018738709284936826832	0.0041122307630358225991
-1	2	4	0.012350804329705105181	-0.0075000734148738699633	-0.0032570046492454139166	0.00063702754585858269772	0.0047162034070489834703	-0.0021935321266477588939
-1	2	5	0.0026135445963426148092	-0.0069410870930574465956	0.0021147324594601312094	-0.00110761503334864779	-0.0003231840645155295978	-0.00094517140527203020312
-1	2	6	-0.0015836736481746793628	-0.0021031318877358816041	-0.00081730147596295349855	0.00082701217026643920188	8.4882172918712661783e-06	-0.00062619270471146000132
-1	3	-6	-4.8938500605738270862e-06	0.00020707060056512010355	0.0015991973343722086422	-0.001088373987540268862	0.00080041430886286664935	-0.00057869876053098779061
-1	3	-5	0.00067468171598187513371	0.0009723691527139144853	0.00031300259302266634229	0.0055706021246489855966	5.2865212617224773212e-05	0.0031478874442466080706
-1	3	-4	0.0045890463702641867694	-0.0013789155402016293941	0.0042788260173413543777	0.00059455410514492972301	0.0020618579204399688741	0.00079064446390910466788
-1	3	-3	-0.0031231639803702034019	0.0081780260064043073381	0.0044648830729151454955	-0.011075956220250050485	0.0055059377330385463403	-0.013801964889051486843
-1	3	-2	0.0010965097369320536431	-0.0024333022737525458398	-0.0026655017488952433696	-0.0070010955582510163084	-0.0045465074918088922012	-0.00928499220050025241
-1	3	-1	0.013832694217319927224	-0.0089562737005339856933	0.002763260818602026464	-0.0011300016202380697237	-0.0055429117615138486994	0.0055662688398197763054
-1	3	0	0.014760398259543051208	0.005807502564737223108	0.0049201327531810173585	0.0019358341882457408192	-0.024052891155568613402	0.013461036116299538584
-1	3	1	-0.026037057652986618506	0.010755355417642470384	-0.005921802502727525723	0.0035266026521306270518	-0.008271650144804042204	0.00017554746125058903858
-1	3	2	0.017412379461332651298	-0.0085107406283199578401	0.002746012108272810788	-0.0045470330080285177587	0.0045871715682571099007	0.0025651791978827977181
-1	3	3	0.0037286120974026142581	-0.0082321494110377205905	0.0068069924793267774787	-0.0061622275685057513114	-0.0055641217801925720032	0.0034181777648265112592
-1	3	4	-0.0059073086311404992416	-0.0086638536700289672104	-0.00068221542644426207743	-0.00052708028096848326318	-0.00096516558795192827942	-0.0017706532067808793823
-1	3	5	-0.0021928238771702439867	0.0032779231195468310628	-0.0012636674597426497679	-0.00055174138025586663171	0.00031963570041154112846	0.00098662945206288619159
-1	3	6	-0.0002073677019084089405	2.4286219815435541027e-06	0.00049675708184896392745	0.00046304177955499518232	-0.00028293982457588344025	-0.0002311161194472403349
-1	4	-6	-0.00012910049693509208224	-0.00022366286798674125296	-0.00063463963023839271675	-0.0010175134502486537363	-0.00040157633733641314886	-0.00064106515550131225496
-1	4	-5	0.00053423945293646019419	0.00013256974509290731911	0.00018955001418314353719	0.00059484057760495791245	4.479212075922278549e-05	0.00044935851306538489866
-1	4	-4	0.0011161943282140633898	-0.0010955768069965156342	0.00061139053655091530996	-0.0024632341959251857072	0.00033234195449739946252	-0.0021893399941760567987
-1	4	-3	0.005168755133496683897	0.0029536527005187556034	-0.0046486333016201386928	-0.001246570840209508535	-0.0079210961133257453554	-0.0026466453537855967257
-1	4	-2	0.0012361585137937050691	-0.0011098562332462153044	-0.0017052153141855030775	0.0021593247145220164328	-0.0040285098852678585812	0.0048735775456671412767
-1	4	-1	-0.0063136490509834225157	-0.0090371054720717897829	-0.0036154067882035721172	-0.0019305617182186528627	-0.0081479781018308668206	0.0013148585991971783321
-1	4	0	0.0021304371027149227209	-0.0047124406725015631492	0.00053260927567873068023	-0.0011781101681253907873	0.010323978307817668204	-0.01322423970089135585
-1	4	1	-0.0049555771880492680698	0.010585975511004491398	0.00082458759425109158341	0.0045749318806433819651	-0.0082539275650536352708	-0.0077137520115690364625
-1	4	2	-0.0026825742558150892335	-0.00027598749381478848404	-0.00074662251425640943723	-0.0011837434142587487367	0.00015195790060527420351	0.0022294930816101035838
-1	4	3	0.0017587189703452820334	-0.0023023116629251505656	0.0031196817249484866744	-0.00048171130693779089455	-0.0035733359764828880045	-0.00012515547839132902292
-1	4	4	-0.0071448510716124926517	0.0013742469104148175105	-0.0011526650998233487887	-0.00021728163802336598735	-0.00063354766807977426577	0.00056084336562707039209
-1	4	5	0.00030585483334618002909	-0.0011097095993179708576	0.00055521282021068140648	-0.000493764655494374218	-0.00038299928949930909768	0.00017306980453190518661
-1	4	6	-0.0015872032028844923306	0.0001755467484940005608	-0.00024511423096672572356	0.00042779067578666419951	-0.00010112437983626492864	-0.00025593599244210939094
-1	5	-6	0.001362290132765814777	3.4248019999656873164e-05	-0.00033846319620094768863	-0.00063650521540316426419	-0.00050910101896175889713	-0.00053612901616924637811
-1	5	-5	0.00028843831851009857749	0.00034987437988017930628	-0.00081921342281936638391	0.00075817490258573241348	-0.00087690108652138611025	0.0006882000266096965739
-1	5	-4	-0.00086633420035018681576	-0.0020261010404510459287	4.9408461593549501197e-05	-0.0016493444404764088899	0.00027834412707948357705	-0.0015551552904827497387
-1	5	-3	0.0038931141847177949157	0.0019742425479912931521	0.00078256497063052584805	0.0016160540504728457527	6.5702228116114604379e-06	0.0020353425681243117983
-1	5	-2	0.00045525741184653759509	-0.0041745002152420137079	-1.0555143622539713314e-05	-0.00047876632914459850204	-0.00025401656497961807744	0.00089033428475951068015
-1	5	-1	-0.005742425144483236793	0.00055279363693815292743	-0.001463035400316288915	-0.00012405580779883997587	-0.0015727518570982079987	-0.0011730726759323528881
-1	5	0	-0.0029238012705540051585	-0.00025935671311454335615	-0.00058476025411080101001	-5.187134262290867394e-05	-0.0052057297221616239888	-0.009733687471120232651
-1	5	1	0.004524392862454791088	-0.0018124340882802818763	0.0022707765966323563249	-0.00075338362713029110446	-0.0068294901207069909702	0.001954484047371173646
-1	5	2	-0.0029107256581259962659	-0.0036462254842214714134	-0.0013672244072382377066	-0.00059186581041225814689	0.0019626981890325961334	-0.00034344821608009033949
-1	5	3	-0.0052007264441657104215	0.00080371437290288497233	0.00012728845928241630287	-0.00043922393924440960309	-0.0019457229135259306724	0.00099994468970831086943
-1	5	4	-0.00025893192833840696565	0.0016473080285336367135	0.00018134599372291937349	0.00037844852081576316237	-0.00029141547423825099215	-6.1233643886294788139e-05
-1	5	5	0.00032762044522350512819	-0.0009588534505763129847	7.5687152390509574641e-06	0.00019661334308443753757	5.7955373805650065293e-05	-0.00038838403319970012367
-1	5	6	0.00053019430180899251078	0.00014894014395912055109	0.00044120043320459989555	-0.00010904051345770579594	-0.0002793013107023344945	0.00011569045187460825965
-1	6	-6	0.00026017631332372404603	-0.0001983685137844102349	-0.0010890980661838951023	-0.00026748254996396758024	-0.0011324607850711823891	-0.00023442113099989922583
-1	6	-5	-2.5884906649836334923e-05	0.00096657394366428622898	-0.00048190987068606121017	-3.6927305699212872175e-05	-0.00057311486349330615676	-0.00023762755557191268699
-1	6	-4	-0.001283311960625186255	-7.1435322392358099452e-05	0.00020661125830864976991	-0.00014235045770454867755	0.00063074487761927123218	-0.00019566685595873346435
-1	6	-3	0.0016508300793065578977	-0.0012514080799093678289	0.00057039269119210764172	0.00013013081985262971705	0.00059050868928202924525	0.00067739766634171535899
-1	6	-2	-0.0024085212728862468584	0.0012065961957921829146	-0.00053347590807756469205	0.00069501256170364220967	-0.00039616708778957075536	0.0014817395872148352801
-1	6	-1	-0.0020375748745809804489	0.0016596164956761889388	-0.00047381158962690213396	0.00021367083124184310444	-0.00080529466318043224637	-0.00037759150822513025793
-1	6	0	0.000713189372403397648	-0.0020570867747693026041	0.00011886489540056627918	-0.00034284779579488378542	-0.00020199143152296433193	-0.0023129223642060479406
-1	6	1	0.0010032300198904325374	0.0011572868891412423954	-0.00030314554001239981274	5.8979198614154154548e-05	0.002822103259964831197	0.00080341169745631749524
-1	6	2	-0.0013520098342094065674	0.0027698517246488377208	0.00016350472446247918184	0.0013382895691559984746	-0.0011665190904921408834	-0.0026299428451435763465
-1	6	3	0.00084719952058184475312	0.0012366591654606310692	0.00035484110822271561951	-8.2462116712375181323e-05	-0.00042728237625148300606	0.00057714395524496072808
-1	6	4	0.0005471916874832548263	-0.00082684096633499153638	-0.00014861889413027024997	-0.00057755141073176894956	0.00035972626306621908153	0.00065961687451390564867
-1	6	5	-0.0010865963074543744625	-0.00081043092629298849744	-0.0003147870430836297289	0.00043773237102659928515	0.00016042519020948079844	-0.00068736503049051690672
-1	6	6	0.00069197589859627231697	-8.3349975214361404362e-05	-0.00068494232209791281081	-0.00065235875392043911683	0.0008002716385306248275	0.00063846709138471228161
0	-6	-6	-0.0001981208053686234964	0.00062665108957305176284	0.00039379726166724097298	-0.00085997325389856849823	-0.00039379726166724097298	0.00085997325389856849823
0	-6	-5	-0.00071843451925093706079	-0.00080063039373259176079	-0.00011659467475368107256	1.1150159905342459782e-05	0.0001399136097044172708	-1.33801918864109514e-05
0	-6	-4	-0.0011404061288448812204	0.00044675071571663395233	-0.00039722017819833048977	7.3529596741043413608e-05	0.00059583026729749576176	-0.00011029439511156512719
0	-6	-3	0.00028069909919653144529	0.00067439934894397690884	0.00023406055251810209015	-0.00037089878262604766661	-0.0004681211050362041803	0.00074179756525209533322
0	-6	-2	0.003215154497192278249	-0.001501496069224647666	0.00013368328213091568981	0.00084998832516805988488	-0.00040104984639274706944	-0.0025499649755041796546
0	-6	-1	-0.00055687079397096839791	-0.0023444572110053914227	3.4788253196537297063e-05	-0.00017465370917274478948	-0.00020872951917922378238	0.0010479222550364686826
0	-6	0	-0.00015303535072635457599	-0.0015516119435327571825	0	-0	0.0012634631217293074493	-0.0017006313747353434245
0	-6	1	0.0020250359384615490392	3.5634279330346523397e-05	0.00045497882733032206891	-0.00057755945168753877565	0.0027298729639819324135	-0.0034653567101252322202
0	-6	2	0.0010516715740249260157	-0.0028525861816713344969	-0.00020015487263216443967	0.00061515132247633283382	-0.00060046461789649329191	0.0018454539674289986099
0	-6	3	-0.0034940105101585660838	-0.00014522127365170157043	0.00031428140016658934024	0.00010987734089838028975	0.00062856280033317868047	0.0002197546817967605795
0	-6	4	0.00023307094772304106614	-0.0017100740579759122779	-0.00030233089556473723754	1.0946385974638947522e-06	-0.00045349634334710585632	1.6419578961958421283e-06
0	-6	5	0.00013762737922712360984	-0.00010313168444212888098	0.00016370375845157629805	-0.00037893180959948868057	0.00019644451014189155767	-0.00045471817151938642753
0	-6	6	-0.00058106406208167970043	-2.2514838116340982194e-05	0.00020580963460749743233	-0.00032814392230173827	0.00020580963460749743233	-0.00032814392230173827
0	-5	-6	0.00055411795684904804112	0.00020936284678510120477	7.0954148018432633112e-05	0.00039328150847780618364	-5.9128456682027189743e-05	-0.00032773459039817185584
0	-5	-5	-0.0011752630907097582399	5.8456588161844624048e-05	-0.00055592962495476841954	-0.00017039404136591656028	0.00055592962495476841954	0.00017039404136591656028
0	-5	-4	0.001788548366111264833	0.0017998116444824974365	0.00060312041473324455847	0.001239558296001854517	-0.0007539005184165557252	-0.0015494478700023180378
0	-5	-3	0.0058601634449719358644	-0.0019847157257572010415	0.00022039729536484840801	-6.8024793323331206058e-05	-0.00036732882560808069808	0.00011337465553888535698
0	-5	-2	-0.0016181989519990279489	-0.00096789344907304529497	0.0010249217305175108844	-0.00032533086221280969799	-0.002562304326293777211	0.00081332715553202429917
0	-5	-1	-0.0014608669196616930544	0.0054622976165688936698	-0.0010445431025418734205	0.0010930641589107675023	0.0052227155127093673193	-0.0054653207945538368612
0	-5	0	0.00046247572406183545162	0.0036755520280736275231	0	-1.427808344665434832e-42	-0.0034363357894986465771	-0.0086987090016535876386
0	-5	1	0.0066242658438195713491	-0.00029091616013424332655	-0.00073724992179715091375	-0.00037117076048951439188	-0.0036862496089857550025	-0.001855853802447572122
0	-5	2	-0.002455689937384541565	0.0020867982360435310268	-8.4516266534182571163e-05	0.0011865293877724792434	-0.00021129066633545644824	0.0029663234694311982169
0	-5	3	-0.0014344422054562420456	0.0041447746437865183936	0.00015924419393629351974	-0.00075257238527502191838	0.00026540698989382255097	-0.001254287308791703125
0	-5	4	0.0025027220981771233083	-0.0014339336208078305723	-0.0011892688229771608641	0.0011883353441940022917	-0.0014865860287214512428	0.001485419180242502973
0	-5	5	-0.00037533817761510482412	-0.001521097418297113861	-0.00071979823249078845725	-8.0550175509044129584e-06	-0.00071979823249078845725	-8.0550175509044129584e-06
0	-5	6	-0.00014932681956048834884	0.00088939325548599047766	-0.00026723299686607564045	-0.00065732228643269972196	-0.00022269416405506302467	-0.00054776857202724969602
0	-4	-6	-0.00023203864935837892032	0.0002356985361547410797	0.00011032465655489429642	0.00084094501220807239567	-7.3549771036596193097e-05	-0.00056063000813871496659
0	-4	-5	-0.0020237278356755078641	-0.00014096193325838907422	-0.00074540943577803219465	-0.00023358869299780696672	0.00059632754862242571235	0.0001868709543982455788
0	-4	-4	0.00069521665809958710629	0.00081924499422877385905	0.0012111768609745423176	0.0024990451667394192325	-0.0012111768609745423176	-0.0024990451667394192325
0	-4	-3	-0.010031103956805184976	0.0037431539634025104771	-0.0012993216576333882668	0.0054440558084184647106	0.0017324288768445178337	-0.0072587410778912862808
0	-4	-2	-0.0071876636571449933205	0.0039788725507068373882	-0.0024023341871018308834	-0.0027072214994409374983	0.0048046683742036617668	0.0054144429988818749966
0	-4	-1	0.014319699666141893352	-0.0067282324984564330361	0.0049087806203618015999	0.0019943189136403098073	-0.0196351224814472064	-0.0079772756545612392293
0	-4	0	-0.0068032440755830562648	-0.0030547908981603351039	0	-0	-0.0021985977824435913065	0.011970373220812204756
0	-4	1	-0.00080713087377334141997	-0.014445295289507054104	0.00028201194468480583928	0.0020144158581805698786	0.0011280477787392233571	0.0080576634327222795146
0	-4	2	-0.0021418591016944430946	0.011075088660440603541	0.0033457917041038488792	-0.0061091396264544095898	0.0066915834082076977585	-0.01221827925290881918
0	-4	3	-0.00064687479061888966594	0.0048327154055470451788	0.00036231223832512758718	-0.0044159899863704006606	0.0004830829844335034315	-0.0058879866484938675475
0	-4	4	8.43302735260052147e-06	-0.0024846301380902725484	-0.00030219264252384392703	0.00035433352676675664928	-0.00030219264252384392703	0.00035433352676675664928
0	-4	5	0.0010636871229457618704	0.00049911817235476273278	-0.0014673249832119789494	0.00080460241385570758967	-0.0011738599865695831595	0.00064368193108456600669
0	-4	6	1.219210376215206148e-05	0.00024954874686941542431	-0.00024141111159901547985	-0.0011294414254605286956	-0.00016094074106601032894	-0.00075296095030701916655
0	-3	-6	0.00070871748747898392125	-0.00044631247283382686651	0.00092108347522871667976	0.00086438425556647829548	-0.00046054173761435833988	-0.00043219212778323914774
0	-3	-5	0.00076988485446961277183	-0.0027401812274861245093	0.00097809030365320114367	-0.0029346501006028780437	-0.00058685418219192077294	0.0017607900603617268262
0	-3	-4	-0.0012061981398148787642	-0.0080704375341826162932	0.0036374917803039404605	-0.0054850589583743652317	-0.002728118835227955237	0.0041137942187807743574
0	-3	-3	-0.0079024565989157143087	0.0014078337648339986962	0.0051468916504294887071	-0.0032235304672235919055	-0.0051468916504294887071	0.0032235304672235919055
0	-3	-2	-0.0026901061443992922706	0.0020297829495700713855	-0.0020530413837552526427	0.0089862365840418876456	0.003079562075632878964	-0.013479354876062830601
0	-3	-1	-0.0021351158944861482747	-0.0064004081965032847898	0.0080732866584653489167	-0.011966702799189548809	-0.024219859975396045015	0.035900108397568644691
0	-3	0	0.010016506167746439676	0.011580692043347856623	1.427808344665434832e-42	-0	-0.0055574115342680117241	0.02991799297987032466
0	-3	1	-0.0023197992584709009253	0.016979948488803641576	0.0055927131669134448957	-0.0084959439089820430052	0.016778139500740335555	-0.025487831726946127281
0	-3	2	0.011707065125657166102	-0.026048092555985922353	-0.0082332857861910947739	-0.0029768184968790838835	-0.012349928679286642161	-0.0044652277453186258252
0	-3	3	0.010173872139852511987	0.011788603518133995707	-0.013726858316753338604	0.009621287923224775343	-0.013726858316753338604	0.009621287923224775343
0	-3	4	-0.0056194643330650028909	0.0014672158924029720609	0.0044136544587439329596	0.0058988514989222464932	0.0033102408440579497197	0.0044241386241916846531
0	-3	5	-0.00063015585096389892857	-0.0023330849551807045228	-0.00089635531602694294272	0.0010433612278866520682	-0.000537813189616165809	0.00062601673673199124091
0	-3	6	-0.0017032356613276733882	0.0015377915062105638588	-0.0025662310504519806817	0.00051497167324215822968	-0.0012831155252259903408	0.00025748583662107911484
0	-2	-6	-0.00089371319123018118542	-0.0021158303300466514349	0.0013323946649035967905	-0.0026770501047203511431	-0.00044413155496786556071	0.00089235003490678371438
0	-2	-5	-0.0051136822150763504291	-0.0020247521022234318648	-0.001835972280040781314	0.0039462645916744573671	0.0007343889120163125039	-0.0015785058366697829468
0	-2	-4	-0.0041900093118531506892	0.010359584551389341978	0.0025590071598581586899	-0.0034360222970429674279	-0.001279503579929079345	0.0017180111485214837139
0	-2	-3	0.023987864179131433012	0.013518657393439072884	-0.0039581684787861129426	0.0088705297528539304996	0.0026387789858574083393	-0.0059136865019026197549
0	-2	-2	0.030045576858512230978	-0.042359005284500303445	9.2017903624622146498e-05	0.027800629964166510832	-9.2017903624622146498e-05	-0.027800629964166510832
0	-2	-1	0.02462648341688128753	-0.02672233950427249996	-0.0085522099707015172831	0.0025707069872276215594	0.017104419941403034566	-0.0051414139744552431188
0	-2	0	-0.0043467727531695480453	-0.017959508260668471946	0	-0	0.021218116523671629037	0.059952259208811392588
0	-2	1	-0.019986339366852314686	0.015584365537683749284	0.007690816620082085997	-0.011531073861255325061	0.015381633240164171994	-0.023062147722510650122
0	-2	2	-0.027482919063392466374	0.024759001095656506253	-0.0085199639598910418409	0.018791804473181666219	-0.0085199639598910418409	0.018791804473181666219
0	-2	3	0.0051149382436700904786	0.002585877649102683376	0.0099841792665077908064	0.018968197494198937858	0.0066561195110051932927	0.012645464996132626395
0	-2	4	-0.0036017928413925024735	0.0054300738804679690372	-0.012763311289940787799	-0.00091441134756256820058	-0.0063816556449703938994	-0.00045720567378128410029
0	-2	5	0.0042090413410967144128	0.0041869743755176859479	-0.0016290771029477061748	-0.0011362618132841513507	-0.00065163084117908249161	-0.00045450472531366052946
0	-2	6	0.0021952733493877016856	-0.0023672121478717504835	0.00046969603324628080672	0.00087523677988976024151	0.00015656534441542692654	0.00029174559329658676524
0	-1	-6	-0.00043615372484323772836	-0.0018145863810254665802	-0.00093473592740494343672	0.00018314320893580781453	0.00015578932123415725752	-3.0523868155967971347e-05
0	-1	-5	0.0054296801545232996344	0.0048506423217667916578	0.0011253624952391064282	0.00243522276689590823	-0.00022507249904782128565	-0.00048704455337918162432
0	-1	-4	0.014048224751616459824	0.013177638639177684937	-0.0040446582663100092217	-0.0070928826067482584131	0.0010111645665775023054	0.0017732206516870646033
0	-1	-3	0.0092970603698379061797	-0.01211113206243086271	-0.034069338701631000921	0.023209448447397390547	0.011356446233877000307	-0.0077364828157991298932
0	-1	-2	-0.030192626804894706627	-0.0087284031137383442933	0.016867355944026832942	0.028283828563217514734	-0.0084336779720134164712	-0.014141914281608757367
0	-1	-1	0.02834545979842468047	-0.019374424962220748725	-0.089416907189884195506	-0.071522788751482227476	0.089416907189884195506	0.071522788751482227476
0	-1	0	-0.019622231287819962703	-0.11220512107003988156	0	-0	0.14648762558395006517	-0.0033189125230960181412
0	-1	1	-0.057475635012559311843	-0.043103255410889523835	-0.0094417628898883568245	0.033469469860806150274	-0.0094417628898883568245	0.033469469860806150274
0	-1	2	0.0025834886176628059883	0.054842003622161225596	-0.03276809091270017904	-0.042336471830070186717	-0.01638404545635008952	-0.021168235915035093359
0	-1	3	-0.01380211995155918546	-0.038547739828657050232	-0.013012842704751876807	0.01552563487874508881	-0.0043376142349172922691	0.0051752116262483629366
0	-1	4	0.0040968819791677019149	-0.0092727080998776661991	-0.01331952728264652018	0.0026044699940679159715	-0.0033298818206616300451	0.00065111749851697899288
0	-1	5	-7.1314117178211648023e-05	-0.0052255317107690818848	-0.0021950653187996931916	-0.0092262780412516350037	-0.00043901306375993866	-0.0018452556082503271308
0	-1	6	-0.0010473159013395171805	-0.0020963157704112929912	0.00039256799372240045202	0.0011591905473323476771	6.542799895373340867e-05	0.00019319842455539127952
0	0	-6	-0.001494868487394700662	0.0014658823870994923833	0.0052961813250400969003	0.00028721744558738533312	-7.1390417233271741602e-43	-1.427808344665434832e-42
0	0	-5	-0.0010749412591644089479	0.005003032121401354386	-0.0022449807879632113251	0.0014486375808146064945	-1.427808344665434832e-42	-0
0	0	-4	0.012809354375443039731	0.014182655099895252401	0.002773085286823161362	0.003786268177219301919	0	-0
0	0	-3	-0.021666376875011213871	0.017560335664773218944	-0.005149471018732736799	0.009407436278447612113	0	-1.427808344665434832e-42
0	0	-2	-0.045487193578597401311	-0.053829956196616693398	-0.037059026193305998065	0.066463894229204414921	0	-0
0	0	-1	0.023624912939981784765	0.12254893000163502581	-0.1263787700773200684	0.046256725504514373259	0	-0
0	0	1	0.023624912939981784765	-0.12254893000163502581	-0.1263787700773200684	-0.046256725504514373259	0	0
0	0	2	-0.045487193578597401311	0.053829956196616693398	-0.037059026193305998065	-0.066463894229204414921	0	0
0	0	3	-0.021666376875011213871	-0.017560335664773218944	-0.005149471018732736799	-0.009407436278447612113	0	1.427808344665434832e-42
0	0	4	0.012809354375443039731	-0.014182655099895252401	0.002773085286823161362	-0.003786268177219301919	0	0
0	0	5	-0.0010749412591644089479	-0.005003032121401354386	-0.0022449807879632113251	-0.0014486375808146064945	-1.427808344665434832e-42	0
0	0	6	-0.001494868487394700662	-0.0014658823870994923833	0.0052961813250400969003	-0.00028721744558738533312	-7.1390417233271741602e-43	1.427808344665434832e-42
0	1	-6	-0.0010473159013395171805	0.0020963157704112929912	0.00039256799372240045202	-0.0011591905473323476771	6.542799895373340867e-05	-0.00019319842455539127952
0	1	-5	-7.1314117178211648023e-05	0.0052255317107690818848	-0.0021950653187996931916	0.0092262780412516350037	-0.00043901306375993866	0.0018452556082503271308
0	1	-4	0.0040968819791677019149	0.0092727080998776661991	-0.01331952728264652018	-0.0026044699940679159715	-0.0033298818206616300451	-0.00065111749851697899288
0	1	-3	-0.01380211995155918546	0.038547739828657050232	-0.013012842704751876807	-0.01552563487874508881	-0.0043376142349172922691	-0.0051752116262483629366
0	1	-2	0.0025834886176628059883	-0.054842003622161225596	-0.03276809091270017904	0.042336471830070186717	-0.01638404545635008952	0.021168235915035093359
0	1	-1	-0.057475635012559311843	0.043103255410889523835	-0.0094417628898883568245	-0.033469469860806150274	-0.0094417628898883568245	-0.033469469860806150274
0	1	0	-0.019622231287819962703	0.11220512107003988156	0	0	0.14648762558395006517	0.0033189125230960181412
0	1	1	0.02834545979842468047	0.019374424962220748725	-0.089416907189884195506	0.071522788751482227476	0.089416907189884195506	-0.071522788751482227476
0	1	2	-0.030192626804894706627	0.0087284031137383442933	0.016867355944026832942	-0.028283828563217514734	-0.0084336779720134164712	0.014141914281608757367
0	1	3	0.0092970603698379061797	0.01211113206243086271	-0.034069338701631000921	-0.023209448447397390547	0.011356446233877000307	0.0077364828157991298932
0	1	4	0.014048224751616459824	-0.013177638639177684937	-0.0040446582663100092217	0.0070928826067482584131	0.0010111645665775023054	-0.0017732206516870646033
0	1	5	0.0054296801545232996344	-0.0048506423217667916578	0.0011253624952391064282	-0.00243522276689590823	-0.00022507249904782128565	0.00048704455337918162432
0	1	6	-0.00043615372484323772836	0.0018145863810254665802	-0.00093473592740494343672	-0.00018314320893580781453	0.00015578932123415725752	3.0523868155967971347e-05
0	2	-6	0.0021952733493877016856	0.0023672121478717504835	0.00046969603324628080672	-0.00087523677988976024151	0.00015656534441542692654	-0.00029174559329658676524
0	2	-5	0.0042090413410967144128	-0.0041869743755176859479	-0.0016290771029477061748	0.0011362618132841513507	-0.00065163084117908249161	0.00045450472531366052946
0	2	-4	-0.0036017928413925024735	-0.0054300738804679690372	-0.012763311289940787799	0.00091441134756256820058	-0.0063816556449703938994	0.00045720567378128410029
0	2	-3	0.0051149382436700904786	-0.002585877649102683376	0.0099841792665077908064	-0.018968197494198937858	0.0066561195110051932927	-0.012645464996132626395
0	2	-2	-0.027482919063392466374	-0.024759001095656506253	-0.0085199639598910418409	-0.018791804473181666219	-0.0085199639598910418409	-0.018791804473181666219
0	2	-1	-0.019986339366852314686	-0.015584365537683749284	0.007690816620082085997	0.011531073861255325061	0.015381633240164171994	0.023062147722510650122
0	2	0	-0.0043467727531695480453	0.017959508260668471946	0	0	0.021218116523671629037	-0.059952259208811392588
0	2	1	0.02462648341688128753	0.02672233950427249996	-0.0085522099707015172831	-0.0025707069872276215594	0.017104419941403034566	0.0051414139744552431188
0	2	2	0.030045576858512230978	0.042359005284500303445	9.2017903624622146498e-05	-0.027800629964166510832	-9.2017903624622146498e-05	0.027800629964166510832
0	2	3	0.023987864179131433012	-0.013518657393439072884	-0.0039581684787861129426	-0.0088705297528539304996	0.0026387789858574083393	0.0059136865019026197549
0	2	4	-0.0041900093118531506892	-0.010359584551389341978	0.0025590071598581586899	0.0034360222970429674279	-0.001279503579929079345	-0.0017180111485214837139
0	2	5	-0.0051136822150763504291	0.0020247521022234318648	-0.001835972280040781314	-0.0039462645916744573671	0.0007343889120163125039	0.0015785058366697829468
0	2	6	-0.00089371319123018118542	0.0021158303300466514349	0.0013323946649035967905	0.0026770501047203511431	-0.00044413155496786556071	-0.00089235003490678371438
0	3	-6	-0.0017032356613276733882	-0.0015377915062105638588	-0.0025662310504519806817	-0.00051497167324215822968	-0.0012831155252259903408	-0.00025748583662107911484
0	3	-5	-0.00063015585096389892857	0.0023330849551807045228	-0.00089635531602694294272	-0.0010433612278866520682	-0.000537813189616165809	-0.00062601673673199124091
0	3	-4	-0.0056194643330650028909	-0.0014672158924029720609	0.0044136544587439329596	-0.0058988514989222464932	0.0033102408440579497197	-0.0044241386241916846531
0	3	-3	0.010173872139852511987	-0.011788603518133995707	-0.013726858316753338604	-0.009621287923224775343	-0.013726858316753338604	-0.009621287923224775343
0	3	-2	0.011707065125657166102	0.026048092555985922353	-0.0082332857861910947739	0.0029768184968790838835	-0.012349928679286642161	0.0044652277453186258252
0	3	-1	-0.0023197992584709009253	-0.016979948488803641576	0.0055927131669134448957	0.0084959439089820430052	0.016778139500740335555	0.025487831726946127281
0	3	0	0.010016506167746439676	-0.011580692043347856623	1.427808344665434832e-42	0	-0.0055574115342680117241	-0.02991799297987032466
0	3	1	-0.0021351158944861482747	0.0064004081965032847898	0.0080732866584653489167	0.011966702799189548809	-0.024219859975396045015	-0.035900108397568644691
0	3	2	-0.0026901061443992922706	-0.0020297829495700713855	-0.0020530413837552526427	-0.0089862365840418876456	0.003079562075632878964	0.013479354876062830601
0	3	3	-0.0079024565989157143087	-0.0014078337648339986962	0.0051468916504294887071	0.0032235304672235919055	-0.0051468916504294887071	-0.0032235304672235919055
0	3	4	-0.0012061981398148787642	0.0080704375341826162932	0.0036374917803039404605	0.0054850589583743652317	-0.002728118835227955237	-0.0041137942187807743574
0	3	5	0.00076988485446961277183	0.0027401812274861245093	0.00097809030365320114367	0.0029346501006028780437	-0.00058685418219192077294	-0.0017607900603617268262
0	3	6	0.00070871748747898392125	0.00044631247283382686651	0.00092108347522871667976	-0.00086438425556647829548	-0.00046054173761435833988	0.00043219212778323914774
0	4	-6	1.219210376215206148e-05	-0.00024954874686941542431	-0.00024141111159901547985	0.0011294414254605286956	-0.00016094074106601032894	0.00075296095030701916655
0	4	-5	0.0010636871229457618704	-0.00049911817235476273278	-0.0014673249832119789494	-0.00080460241385570758967	-0.0011738599865695831595	-0.00064368193108456600669
0	4	-4	8.43302735260052147e-06	0.0024846301380902725484	-0.00030219264252384392703	-0.00035433352676675664928	-0.00030219264252384392703	-0.00035433352676675664928
0	4	-3	-0.00064687479061888966594	-0.0048327154055470451788	0.00036231223832512758718	0.0044159899863704006606	0.0004830829844335034315	0.0058879866484938675475
0	4	-2	-0.0021418591016944430946	-0.011075088660440603541	0.0033457917041038488792	0.0061091396264544095898	0.0066915834082076977585	0.01221827925290881918
0	4	-1	-0.00080713087377334141997	0.014445295289507054104	0.00028201194468480583928	-0.0020144158581805698786	0.0011280477787392233571	-0.0080576634327222795146
0	4	0	-0.0068032440755830562648	0.0030547908981603351039	0	0	-0.0021985977824435913065	-0.011970373220812204756
0	4	1	0.014319699666141893352	0.0067282324984564330361	0.0049087806203618015999	-0.0019943189136403098073	-0.0196351224814472064	0.0079772756545612392293
0	4	2	-0.0071876636571449933205	-0.0039788725507068373882	-0.0024023341871018308834	0.0027072214994409374983	0.0048046683742036617668	-0.0054144429988818749966
0	4	3	-0.010031103956805184976	-0.0037431539634025104771	-0.0012993216576333882668	-0.0054440558084184647106	0.0017324288768445178337	0.0072587410778912862808
0	4	4	0.00069521665809958710629	-0.00081924499422877385905	0.0012111768609745423176	-0.0024990451667394192325	-0.0012111768609745423176	0.0024990451667394192325
0	4	5	-0.0020237278356755078641	0.00014096193325838907422	-0.00074540943577803219465	0.00023358869299780696672	0.00059632754862242571235	-0.0001868709543982455788
0	4	6	-0.00023203864935837892032	-0.0002356985361547410797	0.00011032465655489429642	-0.00084094501220807239567	-7.3549771036596193097e-05	0.00056063000813871496659
0	5	-6	-0.00014932681956048834884	-0.00088939325548599047766	-0.00026723299686607564045	0.00065732228643269972196	-0.00022269416405506302467	0.00054776857202724969602
0	5	-5	-0.00037533817761510482412	0.001521097418297113861	-0.00071979823249078845725	8.0550175509044129584e-06	-0.00071979823249078845725	8.0550175509044129584e-06
0	5	-4	0.0025027220981771233083	0.0014339336208078305723	-0.0011892688229771608641	-0.0011883353441940022917	-0.0014865860287214512428	-0.001485419180242502973
0	5	-3	-0.0014344422054562420456	-0.0041447746437865183936	0.00015924419393629351974	0.00075257238527502191838	0.00026540698989382255097	0.001254287308791703125
0	5	-2	-0.002455689937384541565	-0.0020867982360435310268	-8.4516266534182571163e-05	-0.0011865293877724792434	-0.00021129066633545644824	-0.0029663234694311982169
0	5	-1	0.0066242658438195713491	0.00029091616013424332655	-0.00073724992179715091375	0.00037117076048951439188	-0.0036862496089857550025	0.001855853802447572122
0	5	0	0.00046247572406183545162	-0.0036755520280736275231	0	1.427808344665434832e-42	-0.0034363357894986465771	0.0086987090016535876386
0	5	1	-0.0014608669196616930544	-0.0054622976165688936698	-0.0010445431025418734205	-0.0010930641589107675023	0.0052227155127093673193	0.0054653207945538368612
0	5	2	-0.0016181989519990279489	0.00096789344907304529497	0.0010249217305175108844	0.00032533086221280969799	-0.002562304326293777211	-0.00081332715553202429917
0	5	3	0.0058601634449719358644	0.0019847157257572010415	0.00022039729536484840801	6.8024793323331206058e-05	-0.00036732882560808069808	-0.00011337465553888535698
0	5	4	0.001788548366111264833	-0.0017998116444824974365	0.00060312041473324455847	-0.001239558296001854517	-0.0007539005184165557252	0.0015494478700023180378
0	5	5	-0.0011752630907097582399	-5.8456588161844624048e-05	-0.00055592962495476841954	0.00017039404136591656028	0.00055592962495476841954	-0.00017039404136591656028
0	5	6	0.00055411795684904804112	-0.00020936284678510120477	7.0954148018432633112e-05	-0.00039328150847780618364	-5.9128456682027189743e-05	0.00032773459039817185584
0	6	-6	-0.00058106406208167970043	2.2514838116340982194e-05	0.00020580963460749743233	0.00032814392230173827	0.00020580963460749743233	0.00032814392230173827
0	6	-5	0.00013762737922712360984	0.00010313168444212888098	0.00016370375845157629805	0.00037893180959948868057	0.00019644451014189155767	0.00045471817151938642753
0	6	-4	0.00023307094772304106614	0.0017100740579759122779	-0.00030233089556473723754	-1.0946385974638947522e-06	-0.00045349634334710585632	-1.6419578961958421283e-06
0	6	-3	-0.0034940105101585660838	0.00014522127365170157043	0.00031428140016658934024	-0.00010987734089838028975	0.00062856280033317868047	-0.0002197546817967605795
0	6	-2	0.0010516715740249260157	0.0028525861816713344969	-0.00020015487263216443967	-0.00061515132247633283382	-0.00060046461789649329191	-0.0018454539674289986099
0	6	-1	0.0020250359384615490392	-3.5634279330346523397e-05	0.00045497882733032206891	0.00057755945168753877565	0.0027298729639819324135	0.0034653567101252322202
0	6	0	-0.00015303535072635457599	0.0015516119435327571825	0	0	0.0012634631217293074493	0.0017006313747353434245
0	6	1	-0.00055687079397096839791	0.0023444572110053914227	3.4788253196537297063e-05	0.00017465370917274478948	-0.00020872951917922378238	-0.0010479222550364686826
0	6	2	0.003215154497192278249	0.001501496069224647666	0.00013368328213091568981	-0.00084998832516805988488	-0.00040104984639274706944	0.0025499649755041796546
0	6	3	0.00028069909919653144529	-0.00067439934894397690884	0.00023406055251810209015	0.00037089878262604766661	-0.0004681211050362041803	-0.00074179756525209533322
0	6	4	-0.0011404061288448812204	-0.00044675071571663395233	-0.00039722017819833048977	-7.3529596741043413608e-05	0.00059583026729749576176	0.00011029439511156512719
0	6	5	-0.00071843451925093706079	0.00080063039373259176079	-0.00011659467475368107256	-1.1150159905342459782e-05	0.0001399136097044172708	1.33801918864109514e-05
0	6	6	-0.0001981208053686234964	-0.00062665108957305176284	0.00039379726166724097298	0.00085997325389856849823	-0.00039379726166724097298	-0.00085997325389856849823
1	-6	-6	0.00069197589859627231697	8.3349975214361404362e-05	-0.00068494232209791281081	0.00065235875392043911683	0.0008002716385306248275	-0.00063846709138471228161
1	-6	-5	-0.0010865963074543744625	0.00081043092629298849744	-0.0003147870430836297289	-0.00043773237102659928515	0.00016042519020948079844	0.00068736503049051690672
1	-6	-4	0.0005471916874832548263	0.00082684096633499153638	-0.00014861889413027024997	0.00057755141073176894956	0.00035972626306621908153	-0.00065961687451390564867
1	-6	-3	0.00084719952058184475312	-0.0012366591654606310692	0.00035484110822271561951	8.2462116712375181323e-05	-0.00042728237625148300606	-0.00057714395524496072808
1	-6	-2	-0.0013520098342094065674	-0.0027698517246488377208	0.00016350472446247918184	-0.0013382895691559984746	-0.0011665190904921408834	0.0026299428451435763465
1	-6	-1	0.0010032300198904325374	-0.0011572868891412423954	-0.00030314554001239981274	-5.8979198614154154548e-05	0.002822103259964831197	-0.00080341169745631749524
1	-6	0	0.000713189372403397648	0.0020570867747693026041	0.00011886489540056627918	0.00034284779579488378542	-0.00020199143152296433193	0.0023129223642060479406
1	-6	1	-0.0020375748745809804489	-0.0016596164956761889388	-0.00047381158962690213396	-0.00021367083124184310444	-0.00080529466318043224637	0.00037759150822513025793
1	-6	2	-0.0024085212728862468584	-0.0012065961957921829146	-0.00053347590807756469205	-0.00069501256170364220967	-0.00039616708778957075536	-0.0014817395872148352801
1	-6	3	0.0016508300793065578977	0.0012514080799093678289	0.00057039269119210764172	-0.00013013081985262971705	0.00059050868928202924525	-0.00067739766634171535899
1	-6	4	-0.001283311960625186255	7.1435322392358099452e-05	0.00020661125830864976991	0.00014235045770454867755	0.00063074487761927123218	0.00019566685595873346435
1	-6	5	-2.5884906649836334923e-05	-0.00096657394366428622898	-0.00048190987068606121017	3.6927305699212872175e-05	-0.00057311486349330615676	0.00023762755557191268699
1	-6	6	0.00026017631332372404603	0.0001983685137844102349	-0.0010890980661838951023	0.00026748254996396758024	-0.0011324607850711823891	0.00023442113099989922583
1	-5	-6	0.00053019430180899251078	-0.00014894014395912055109	0.00044120043320459989555	0.00010904051345770579594	-0.0002793013107023344945	-0.00011569045187460825965
1	-5	-5	0.00032762044522350512819	0.0009588534505763129847	7.5687152390509574641e-06	-0.00019661334308443753757	5.7955373805650065293e-05	0.00038838403319970012367
1	-5	-4	-0.00025893192833840696565	-0.0016473080285336367135	0.00018134599372291937349	-0.00037844852081576316237	-0.00029141547423825099215	6.1233643886294788139e-05
1	-5	-3	-0.0052007264441657104215	-0.00080371437290288497233	0.00012728845928241630287	0.00043922393924440960309	-0.0019457229135259306724	-0.00099994468970831086943
1	-5	-2	-0.0029107256581259962659	0.0036462254842214714134	-0.0013672244072382377066	0.00059186581041225814689	0.0019626981890325961334	0.00034344821608009033949
1	-5	-1	0.004524392862454791088	0.0018124340882802818763	0.0022707765966323563249	0.00075338362713029110446	-0.0068294901207069909702	-0.001954484047371173646
1	-5	0	-0.0029238012705540051585	0.00025935671311454335615	-0.00058476025411080101001	5.187134262290867394e-05	-0.0052057297221616239888	0.009733687471120232651
1	-5	1	-0.005742425144483236793	-0.00055279363693815292743	-0.001463035400316288915	0.00012405580779883997587	-0.0015727518570982079987	0.0011730726759323528881
1	-5	2	0.00045525741184653759509	0.0041745002152420137079	-1.0555143622539713314e-05	0.00047876632914459850204	-0.00025401656497961807744	-0.00089033428475951068015
1	-5	3	0.0038931141847177949157	-0.0019742425479912931521	0.00078256497063052584805	-0.0016160540504728457527	6.5702228116114604379e-06	-0.0020353425681243117983
1	-5	4	-0.00086633420035018681576	0.0020261010404510459287	4.9408461593549501197e-05	0.0016493444404764088899	0.00027834412707948357705	0.0015551552904827497387
1	-5	5	0.00028843831851009857749	-0.00034987437988017930628	-0.00081921342281936638391	-0.00075817490258573241348	-0.00087690108652138611025	-0.0006882000266096965739
1	-5	6	0.001362290132765814777	-3.4248019999656873164e-05	-0.00033846319620094768863	0.00063650521540316426419	-0.00050910101896175889713	0.00053612901616924637811
1	-4	-6	-0.0015872032028844923306	-0.0001755467484940005608	-0.00024511423096672572356	-0.00042779067578666419951	-0.00010112437983626492864	0.00025593599244210939094
1	-4	-5	0.00030585483334618002909	0.0011097095993179708576	0.00055521282021068140648	0.000493764655494374218	-0.00038299928949930909768	-0.00017306980453190518661
1	-4	-4	-0.0071448510716124926517	-0.0013742469104148175105	-0.0011526650998233487887	0.00021728163802336598735	-0.00063354766807977426577	-0.00056084336562707039209
1	-4	-3	0.0017587189703452820334	0.0023023116629251505656	0.0031196817249484866744	0.00048171130693779089455	-0.0035733359764828880045	0.00012515547839132902292
1	-4	-2	-0.0026825742558150892335	0.00027598749381478848404	-0.00074662251425640943723	0.0011837434142587487367	0.00015195790060527420351	-0.0022294930816101035838
1	-4	-1	-0.0049555771880492680698	-0.010585975511004491398	0.00082458759425109158341	-0.0045749318806433819651	-0.0082539275650536352708	0.0077137520115690364625
1	-4	0	0.0021304371027149227209	0.0047124406725015631492	0.00053260927567873068023	0.0011781101681253907873	0.010323978307817668204	0.01322423970089135585
1	-4	1	-0.0063136490509834225157	0.0090371054720717897829	-0.0036154067882035721172	0.0019305617182186528627	-0.0081479781018308668206	-0.0013148585991971783321
1	-4	2	0.0012361585137937050691	0.0011098562332462153044	-0.0017052153141855030775	-0.0021593247145220164328	-0.0040285098852678585812	-0.0048735775456671412767
1	-4	3	0.005168755133496683897	-0.0029536527005187556034	-0.0046486333016201386928	0.001246570840209508535	-0.0079210961133257453554	0.0026466453537855967257
1	-4	4	0.0011161943282140633898	0.0010955768069965156342	0.00061139053655091530996	0.0024632341959251857072	0.00033234195449739946252	0.0021893399941760567987
1	-4	5	0.00053423945293646019419	-0.00013256974509290731911	0.00018955001418314353719	-0.00059484057760495791245	4.479212075922278549e-05	-0.00044935851306538489866
1	-4	6	-0.00012910049693509208224	0.00022366286798674125296	-0.00063463963023839271675	0.0010175134502486537363	-0.00040157633733641314886	0.00064106515550131225496
1	-3	-6	-0.0002073677019084089405	-2.4286219815435541027e-06	0.00049675708184896392745	-0.00046304177955499518232	-0.00028293982457588344025	0.0002311161194472403349
1	-3	-5	-0.0021928238771702439867	-0.0032779231195468310628	-0.0012636674597426497679	0.00055174138025586663171	0.00031963570041154112846	-0.00098662945206288619159
1	-3	-4	-0.0059073086311404992416	0.0086638536700289672104	-0.00068221542644426207743	0.00052708028096848326318	-0.00096516558795192827942	0.0017706532067808793823
1	-3	-3	0.0037286120974026142581	0.0082321494110377205905	0.0068069924793267774787	0.0061622275685057513114	-0.0055641217801925720032	-0.0034181777648265112592
1	-3	-2	0.017412379461332651298	0.0085107406283199578401	0.002746012108272810788	0.0045470330080285177587	0.0045871715682571099007	-0.0025651791978827977181
1	-3	-1	-0.026037057652986618506	-0.010755355417642470384	-0.005921802502727525723	-0.0035266026521306270518	-0.008271650144804042204	-0.00017554746125058903858
1	-3	0	0.014760398259543051208	-0.005807502564737223108	0.0049201327531810173585	-0.0019358341882457408192	-0.024052891155568613402	-0.013461036116299538584
1	-3	1	0.013832694217319927224	0.0089562737005339856933	0.002763260818602026464	0.0011300016202380697237	-0.0055429117615138486994	-0.0055662688398197763054
1	-3	2	0.0010965097369320536431	0.0024333022737525458398	-0.0026655017488952433696	0.0070010955582510163084	-0.0045465074918088922012	0.00928499220050025241
1	-3	3	-0.0031231639803702034019	-0.0081780260064043073381	0.0044648830729151454955	0.011075956220250050485	0.0055059377330385463403	0.013801964889051486843
1	-3	4	0.0045890463702641867694	0.0013789155402016293941	0.0042788260173413543777	-0.00059455410514492972301	0.0020618579204399688741	-0.00079064446390910466788
1	-3	5	0.00067468171598187513371	-0.0009723691527139144853	0.00031300259302266634229	-0.0055706021246489855966	5.2865212617224773212e-05	-0.0031478874442466080706
1	-3	6	-4.8938500605738270862e-06	-0.00020707060056512010355	0.0015991973343722086422	0.001088373987540268862	0.00080041430886286664935	0.00057869876053098779061
1	-2	-6	-0.0015836736481746793628	0.0021031318877358816041	-0.00081730147596295349855	-0.00082701217026643920188	8.4882172918712661783e-06	0.00062619270471146000132
1	-2	-5	0.0026135445963426148092	0.0069410870930574465956	0.0021147324594601312094	0.00110761503334864779	-0.0003231840645155295978	0.00094517140527203020312
1	-2	-4	0.012350804329705105181	0.0075000734148738699633	-0.0032570046492454139166	-0.00063702754585858269772	0.0047162034070489834703	0.0021935321266477588939
1	-2	-3	0.0014450431828531061593	-0.0083239128607157063244	-0.0020882848013139710536	0.0020063897141958816038	0.0018738709284936826832	-0.0041122307630358225991
1	-2	-2	-0.028719106176361551552	-0.023195338879447965214	-0.023305992374577057941	-0.0058247026238134541956	0.0089464392863962821645	-0.0057729668159105284111
1	-2	-1	-0.0037638743234483938889	-0.013892850967733761172	-0.0040209173448022099417	0.0068168316329742222742	0.0042779603661560264283	-0.027526514233682203986
1	-2	0	0.0056378536336558603831	0.037747285112366572857	0.0028189268168279301915	0.018873642556183286428	-0.044731839519693616936	0.02338304141000785083
1	-2	1	-0.01886828546393611028	-0.033492277843169528107	0.0040180926374442432411	-0.0068543793241969521238	0.026904470738824595027	0.019783519194775618655
1	-2	2	-0.0034109908574958013906	0.038115553676995733712	0.0029719376193935082876	0.013322666232750498064	0.0046774330481414091998	-0.0057351106057473679248
1	-2	3	-0.011988812472117867103	-0.0080442827787550706675	0.0011220697595381602923	-0.010136111788182770518	0.0047443173303980618397	-0.004075980265870157368
1	-2	4	0.010686443327426058819	-0.0045849033661386718805	4.8015682951111198222e-05	0.0023717160769947641386	-0.0026476029903809593022	0.0023320838800320498226
1	-2	5	0.0053888516956936997546	0.00062584001019972421501	-0.0045029406427734373214	-0.0040021581394065249698	-0.0028789465962481149662	-0.001726031257802554961
1	-2	6	0.0003672964403620581535	-0.0016272144763654801392	0.0021531069510356349098	0.0007682683220121923123	0.00065648624361820185399	0.00052729185339831072168
1	-1	-6	0.00093280795746147210108	0.00047429466796015181274	0.0023796227479553136441	7.9483549516892287564e-06	-0.00024113579841564023007	7.7724385501410432923e-05
1	-1	-5	0.0020070239660993369549	-0.00029648358860940145438	0.00071008254202300450514	0.0016969728503743403223	0.00025938828481526646826	-0.00039869128779674835534
1	-1	-4	-0.0055805333396882952218	-0.0088379819420080461823	-0.002179824086692888456	-9.6787237633961587576e-05	-0.00085017731324885158304	-0.0021852986760935210267
1	-1	-3	-0.039220017539806674434	0.007798508927860596518	-0.0031114283659593581534	-0.0099573668464499436037	-0.012036196391282437748	0.005918625258103513663
1	-1	-2	0.005502047969724886689	0.010398701035467349321	0.0071707743704526446735	-0.028295135218771545055	-0.00083436320036387920905	0.019346918127119448055
1	-1	-1	-0.054180924100400068566	-0.039182787146442972503	0.0011352795528081689215	-0.039066018100230706644	-0.055316203653208238789	-0.00011676904621226927425
1	-1	0	0.093724525434879704666	-0.057495253676096994	0.093724525434879704666	-0.057495253676096994	0.030061816578098105729	0.0032499621498422144941
1	-1	1	-0.03500476052140422123	-0.021169199587007934971	-0.021221665392301643227	-0.05318207080048152624	0.013783095129102576268	-0.03201287121347359127
1	-1	2	0.014640275252457141467	-0.022366648861331588777	-0.013901651408815881433	-0.0064693410718521526803	-0.014270963330636512317	0.0079486538947397180482
1	-1	3	-0.0093515063171521473073	0.0026754969693693949478	0.003101524357415423247	0.0021308796984289080437	0.0041510102248558571406	-0.00018153909031349573411
1	-1	4	0.0058773246326351072377	-0.0051131828823259570585	0.005161679251803318394	0.003630826707082644364	-0.00017891134520794723804	0.0021860023973521505725
1	-1	5	-0.003066174516981990273	-0.001932253856724699308	-0.004337129974472836956	0.0018331605373502035238	-0.00025419109149816930407	0.00075308287881498060974
1	-1	6	-0.00027162950832144809599	-0.00012517379957288201427	0.0014299473512805560647	0.00021155380018325799099	0.00028359614326700069344	5.6121266626023336469e-05
1	0	-6	9.8586792403883145267e-05	0.0024386111933604537674	2.4517008083846298413e-05	-0.0023403524604069269634	1.6431132067313857544e-05	0.00040643519889340897931
1	0	-5	0.0018523995995847694369	-0.0011675152851862973663	0.0012269117434556911245	0.0057784134401117851626	0.0003704799199169539199	-0.00023350305703725949494
1	0	-4	-0.0046892464068725566925	-0.010232883296232899231	-0.0059389223572570860182	0.0062045872693735166711	-0.0011723116017181391731	-0.0025582208240582248078
1	0	-3	-0.012665613835229938208	0.031584129841203741063	0.0081162644991769616887	-0.024623123998854003214	-0.0042218712784099794028	0.010528043280401248177
1	0	-2	0.036698692596758827889	-0.062359192083540543328	-0.015210199023850430947	0.036296880952038541868	0.018349346298379413944	-0.031179596041770271664
1	0	-1	-0.11231158727313114709	0.060994344037988118545	-0.063780874633712042465	-0.10200442600588600917	-0.11231158727313114709	0.060994344037988118545
1	0	0	0	0	0.1216782701295178043	0.015746878295118827557	-0.12622669443777209675	0.028920536785071268571
1	0	1	-0.042929555371516443796	0.025703605163697275382	0.10204413014577332075	0.024166878954239162658	0.042929555371516443796	-0.025703605163697275382
1	0	2	-0.022645232289566257639	0.030065767950196366221	-0.012101786806803946361	-0.032973256638706746613	0.011322616144783128819	-0.01503288397509818311
1	0	3	-0.0090616277381729021939	0.019067614536416511994	0.0057579522468731289195	-0.019003092335979736294	0.0030205425793909672534	-0.0063558715121388381988
1	0	4	-0.0008080067295994447724	-0.00068727765266831275948	0.0030289184308651823097	0.011192871072025843693	0.0002020016823998611931	0.00017181941316707818987
1	0	5	-0.0007453908487278449119	0.0010734884377624326866	-0.0026761387353987221675	0.0065849579279417510061	0.00014907816974556897154	-0.00021469768755248653733
1	0	6	0.0011178659763691188057	0.0018742387575101588423	-0.0010448918236427367449	-0.0026549890620215926829	-0.00018631099606151980096	-0.00031237312625169314038
1	1	-6	0.0012549259257640553097	-0.00043477523718854737796	-0.00014249772503862649588	-0.00057683352101715271859	0.00018540470012090481586	-0.00016860145970095001609
1	1	-5	0.0025541206804242503649	0.00065396991125377405742	0.0051587773738971361495	-0.0031810506572423282064	0.001542579610864277433	-0.00050541614919771078642
1	1	-4	-0.010203121136450894746	-0.0033424441986955526034	-0.0029666156851141912108	0.010866863038236841688	-0.0032924342053912715976	0.0018811047098853221626
1	1	-3	0.028921801444894694455	-0.00030600394603852866093	-0.016964815227741496945	-0.017778206334214789047	0.0039856620723843997484	-0.0060280700934177726055
1	1	-2	-0.0062284765185063283022	0.016541392030959441856	0.032281984126853568995	0.0083963020032183973557	0.013026753804173622081	0.012468847017088918738
1	1	-1	-0.021970765553637739559	0.061042344187392537369	0.064201060808387347412	-0.038215578795360999331	0.042230295254749611322	0.022826765392031541507
1	1	0	-0.032128764382696538282	-0.060999036670816735028	0.032128764382696538282	0.060999036670816735028	0.0021565780266953665442	-0.047931323272086469311
1	1	1	-0.023664825890835745892	0.032432436861497764002	0.078128769832313704757	0.0079937886871688876994	-0.054463943941477951927	-0.040426225548666656906
1	1	2	0.029523158753565609952	0.018144942749823589345	0.017118405550845847835	0.0010199688412733938329	-0.023320782152205728893	-0.0095824557955484918059
1	1	3	0.029404914296887525726	0.019556228171348409572	-0.0047460356511871042498	-0.013784303821493284342	-0.0082196262152334741147	-0.0019239747832850418157
1	1	4	-0.0014063451919147920352	-0.0069472248469700462886	0.00045872388557094602056	0.0020241608901882587185	0.00023690532658596149011	0.0012307659891954466757
1	1	5	-0.0037007877411282573757	-0.0034841146934803148005	-0.0019698685861523419945	0.00080971162058306091897	0.0011341312654561197873	0.00053488061457945075463
1	1	6	0.0018165179071845608937	0.00018535395989886563318	-0.0011929465203276508247	-0.00015464048342899857041	-0.00010392856447615167817	-5.1189127449778452057e-06
1	2	-6	-0.0018187010394873949493	-0.001300090060771948294	-0.00075461219122397349586	-0.00073217197878076877623	-0.00055465423698922362069	-0.00046073900305558101054
1	2	-5	-0.0015566643429344604807	-0.0017067690922672571104	0.00069198633014930655948	0.0021301085476858206552	-3.4538336527169460151e-05	0.00051068960062087675328
1	2	-4	-0.0032244993296614379331	-0.0025798912363762666056	0.0082097835221624209517	0.001167498145242000171	0.0032987669286658506673	-6.1223736473066511701e-05
1	2	-3	0.0050726378499256217017	-0.016947026284332263046	-0.01409532712217959928	-0.0013124175289788394313	-0.0077060054648111922862	-0.0065239537807633141142
1	2	-2	-0.0085446677588061972775	0.035890029917004025173	-0.016289247772807109726	-0.0055617688521417936801	-0.020561581652210208365	0.012383246106360221508
1	2	-1	-0.039092449660714734261	0.00093624537931770229413	0.012105744785709127848	-0.013132865268208874024	-0.014880960089296478566	-0.025329485157100047055
1	2	0	-0.0092303463181682421368	-0.0031669023569169925739	0.0046151731590841210684	0.0015834511784584962869	0.024151719494776926339	0.0034567585902467150988
1	2	1	0.027864988889666167382	0.028207007772355088826	0.0075317822015131159763	0.0016908171628857353395	-0.042928553292692399335	-0.031588642098126562541
1	2	2	0.014126627294511615723	-0.022312663366868813047	-0.027780919955760600276	0.016352713263284794631	0.02071760630850479068	-0.0051963815798503889751
1	2	3	-0.011937104083296918439	-0.018439075819254635569	0.0032876162028028688318	-0.0025913050744427769401	0.0017872905592303937362	0.0078738953227133964829
1	2	4	-0.0061255699920851692034	0.0076776004247449567905	0.00070639838176854224342	0.0032157361556942030446	0.0011781933071370210165	-0.0035272681840333407199
1	2	5	0.001457275700351898717	0.0028909651377566733706	0.0026731557499265461847	0.0012397580354899680449	-0.0013607174400409982173	-0.0010740962417473218921
1	2	6	0.00040351595906783026789	3.9307890458070589279e-05	0.00068862549711200824257	-0.0027026973700576980252	-0.00029679449221530781024	0.00089434780827622089097
1	3	-6	-0.0023704946691482462612	-0.00041395436706848244947	0.0013048417609729573343	0.00055062026872703252571	0.00025733843562843758748	0.00020631773985210248514
1	3	-5	-0.0046688184334514083729	0.0015964963439468518851	-0.00027550319294485065653	-0.002060720074314197417	-0.0010990656024571919709	-0.00091713277579914809483
1	3	-4	0.0035363717900810396136	0.0073989871667773958117	-0.0048204013514412244121	-0.0035498444705712537545	-0.0027312080660606588393	-0.00081263656123409125451
1	3	-3	-0.0035037612074427415716	0.0033298623109173754522	-0.01122442512925271238	0.0083740627424918698957	-0.012392345531733626671	0.0094840168461309947573
1	3	-2	3.4756924029780043525e-05	-0.0023973311755429303933	0.0034361659686129347908	0.0074219070568871661417	0.0051716274149342924757	0.009934194997559283799
1	3	-1	0.007094636966932838136	0.0014876093684159628645	0.00086213229523417656171	-0.01208043763654721714	0.0096810338526353671706	-0.034753703541225686169
1	3	0	0.01535488490721976379	0.0084750224781229999832	-0.0051182949690732545966	-0.0028250074927076663719	-0.0044185742257886037251	-0.01855450118245115243
1	3	1	-0.0027365681366308615592	0.0063885682741936546114	0.011270025394522327489	-0.011803153589285049832	-0.031073508046936121341	0.02902089249366149315
1	3	2	0.002049779879306678522	0.017876425866219528005	0.0072214398338762541413	0.0015126649025452819364	-0.011857049690467720907	-0.011207210286927686907
1	3	3	-0.0021337788414159462695	0.011642736862135722939	-0.011839294511217225009	-0.0095477368694466772242	0.012550554125022541155	0.0056668245820681020439
1	3	4	0.008328469540485465214	0.0016676676771775695088	-0.0021821027744639378589	-0.0013889013672833739645	-0.00044554030427341296356	0.00062475910616813809615
1	3	5	0.00047176417071491535352	-0.0010042583384374614928	0.0037930096511759503648	0.00015995757009048571016	-0.0023701586248485533547	0.0001048771256332008833
1	3	6	-0.0011793753619456161415	-0.0016096884227965258321	-0.0015528228127375267274	-0.00062298144192826751704	0.00097297396669303272063	0.00057977212476355473054
1	4	-6	-0.00045580563685499836087	0.00019762779432683596592	0.0015000302976630023894	-1.8881643777839594801e-05	0.00092405259229950183902	2.0350203202579596656e-05
1	4	-5	-0.0020077951433156611405	-0.00055724304911856448533	0.0013137217827367082476	0.00047553665593323988852	0.00064941839752623439167	0.0002689807149228790246
1	4	-4	0.0046810587167516477108	-0.0034165561153541410162	-0.00034376611054332087717	-0.0011194139308137993939	0.00082649856864459099633	-0.0019735529596523345396
1	4	-3	-0.0019692891667892663612	0.0020466288549328705802	0.0028505213119915029027	-0.0016673870972316771292	0.0031442653603922484165	-0.0015409731779979461957
1	4	-2	-0.015819489099515617048	-0.0037215716614260973931	-0.0032157363252831600714	-0.0072269706138265322332	-0.014341217200324128667	-0.016314727058366111645
1	4	-1	0.024210604290981232317	-0.0015801937220126691889	-0.0095403000095334589137	-0.0041632960929658766741	-0.013950595747152603338	-0.018233378093876175668
1	4	0	0.016465133797886097322	0.0069297813970281649937	-0.0041162834494715243305	-0.0017324453492570412484	0.0026741858330483511512	0.017671830985978916051
1	4	1	-0.017186169093128880747	-0.0060804275196131565492	0.0030696415101988854326	-0.0017214256377596026757	0.0049076030523333372818	0.012966130070651567252
1	4	2	-0.0033433827968254890492	0.0022503343896687947288	0.0045816685048808590205	0.0027703475677553664192	-0.0074916456113489739502	-0.0066658623303451295522
1	4	3	0.0091354271261111005126	0.0016584991682906786124	-0.0023836686060574197726	0.0016959868744093331561	0.00013308243270619243468	-0.0028141488886426705568
1	4	4	0.0015239874018040783753	-0.0016784419904985238298	3.6114904951909069933e-05	0.00198431920662599931	-0.00041711175540292864342	-0.00156470870900136819
1	4	5	-0.00055028624102919647572	-0.0015928959750328890513	-0.0012219738826669103784	-0.00012234827646434616867	0.0010876363543393674244	0.00041645781617805473435
1	4	6	0.00039368010929664902725	-0.00046828786781113811936	-0.00065140930308065858947	0.0011933715488185150846	0.00036865951717099750993	-0.00071753305457715368509
1	5	-6	-0.0012847902979776272287	-9.3801250890019743098e-05	0.00055110510841807505786	-0.00015525938099864377922	0.0002451225406854580101	-0.0001450163593138731246
1	5	-5	4.4921787974667698841e-05	-0.0010793027328806295301	0.00084526801197576828962	-0.0002221670953540515886	0.00085425236957070184701	-0.00043802764193017748378
1	5	-4	0.00037210063972900061331	0.00026080988367111596592	-0.0015857404605559163001	0.000438659744423354871	-0.0018891504157626452624	0.00061352715144697258023
1	5	-3	-0.00052387957033855827183	0.0028015792485386859477	-0.00043258295415407333742	-0.002011290358175390168	-0.00089559811370297504052	-0.0024182908474460885866
1	5	-2	0.0011748050214975764086	0.0044456912928049503037	-0.0024213614987909802198	-0.0024804718218452955283	-0.0054660012362286623452	-0.0039783339082107641027
1	5	-1	0.003536972965550206835	-0.0063039508161727327018	-0.0008995689419437572637	0.00082126831803599922681	-0.0009608717441685797004	-0.0021976092259927359172
1	5	0	0.0017143970982051203508	-0.0052746995356703864008	-0.00034287941964102405931	0.0010549399071340772368	0.0037611917764403921156	7.6610343356399180368e-05
1	5	1	-0.0024258908791766984475	0.005190575288057061934	0.00061388890121416908856	-0.00029678607212017219397	-0.00064355362689414710373	-0.0037066449274562015062
1	5	2	0.0055543588931188216454	0.003319528297985602748	-8.6059426381522818829e-05	-0.0025526498821924555223	-0.0025620308806056039247	0.0047218605564883376485
1	5	3	-0.00061761576754259086067	-0.0035168049792062600241	0.0003770761701260979485	0.0016372091199455013778	-0.00042258836102929966342	-0.0015564135401737490272
1	5	4	0.00013968855334367847611	-0.00039668101117246200912	0.00051925505616059195249	-0.00012816909324689352255	-0.00068399095853665953931	0.00025938161935173243257
1	5	5	-0.00018329884100436812143	0.00020568444627370500674	-9.8098180846727196162e-05	-0.00037691234238789632707	0.00013475794904760081232	0.00033577545313315530946
1	5	6	0.00057373152909556083406	-0.0013001521409420153854	-0.00026325138889590911882	0.00020837408941206335931	0.00012375423589733081141	4.3046948980283109433e-05
1	6	-6	-0.00011743573462380620706	4.854333602663005691e-05	-0.00053204062812703054042	-0.00023118199633958012905	-0.00055161325056433160429	-0.00022309144033514179866
1	6	-5	-0.00060144936774725332469	-0.0016260399263949109998	0.00036670780734448675314	-0.00029162702663365538264	0.00031975949526393346051	-0.00067516041723936865912
1	6	-4	0.00058492846243434740063	-0.00099497002317993493703	-0.00024535356558915642202	0.00020566400561415406766	-0.00022179823277514783709	5.9753502626247387557e-05
1	6	-3	-0.00011635745257054656062	0.00114362166176405506	-0.00035296371968629707688	-7.275838940449660063e-05	-0.00074471325689610967397	0.0002356904417790251611
1	6	-2	-0.00031696228184020569301	5.2186371347525230876e-05	0.00041519390994564824363	-0.00019183620093206324897	0.0010871005889168418573	-0.00054941541712242713148
1	6	-1	-0.00027632774260255977931	0.0027039732993951277537	0.00053788823800645724563	-0.0006118627036056709231	0.0029510016854361839113	-0.00096720292223889789331
1	6	0	0.0016491735178820890809	0.0020372997762177253063	-0.00027486225298034821628	-0.00033954996270295421772	0.0012216959213223828242	-0.00021288947132908086785
1	6	1	0.003320208853811552549	-0.00058534663286992502044	-0.00022768309861708678184	-0.00017581596109182345898	-0.0019541102621090321832	0.0016402423994208658285
1	6	2	-0.00015530840178902674325	-0.0024812155766522608208	-0.00024808139142141620625	-0.00042017702935674737866	0.00082189837515876196326	0.0025011388763963725464
1	6	3	-0.00074043882112772359694	0.0004421887607045169445	8.8292201339975088722e-05	0.00027069646998319614418	7.0228537695957683686e-05	-0.00068878919353456454899
1	6	4	-0.00036354882087150151935	0.00040388037931026431193	0.00031253441457539251572	1.3063713792652273832e-05	-0.00037791441664521336664	-0.0001205656655165444972
1	6	5	0.00048855720610769040862	0.00076100642888061466838	-0.00023323618951128874291	0.00027450149990444544165	0.00018217198619200844229	-0.00048160308566145746366
1	6	6	0.00040978106869497864587	-2.6406433504852621367e-05	-5.5144811664343706579e-05	0.000265038062168101822	-1.3152033118152736658e-05	-0.00026063698991729306476
2	-6	-6	-0.00085899589273339988383	-7.6318572365460999565e-06	0.00053923650310282525422	0.00012977488342380536271	-0.00082556846734729188216	-0.00013231883583598739377
2	-6	-5	0.0017798884713071394525	0.00032461413148830698359	0.00010851064192639835182	0.00017516185452970154204	0.00058174261821117778052	-8.034857284031906785e-05
2	-6	-4	-0.00014867807160767062776	-0.0016930872093712870385	0.0009191850394355689487	-0.0005746554454582160831	-0.0014531165949571887234	1.5439563501680588436e-05
2	-6	-3	-0.00015347892275103985405	-0.00014066639794269139747	-0.00010619356901185254664	0.00053600810120737335529	0.00011006785618967852391	-0.0011657938010432074977
2	-6	-2	-0.00084411978699247558217	0.0010875619065387103282	-0.00072830612883323863575	0.00013352379090129874641	0.0013407985995072403251	0.00068699053383481408896
2	-6	-1	-0.0004934478974329176322	-0.00053978573922030322497	0.00050519981575734558381	3.7563135367240406209e-05	-0.0040180946894099092009	-0.0013049502906440487923
2	-6	0	0.00010460103490446589754	-0.0012668688756163250936	3.4867011634821968105e-05	-0.000422289625205441734	0.0027497337046707170417	-0.0026190984716224076194
2	-6	1	-0.0012754136598385251624	0.0011530095090607395038	-8.3372152003597236919e-05	0.00041361429152246602598	0.0020505944076554668762	0.00017566673101331685002
2	-6	2	0.0011790863704683775259	0.0011838088979492550519	-0.00016219831786450536839	0.00079592245671924219223	-0.0016656813240618936582	0.0012039584722084715248
2	-6	3	0.00076829968288312944918	-0.0015892341324797295762	0.00047792791109058785489	-0.00034235741234504840766	0.00044365603359242274367	0.00037477459696305627165
2	-6	4	0.0010751073761462131943	0.00044526422065136773976	0.00014908442186896354777	4.4273366228688286494e-05	-0.0003139270552696612755	-0.00015622206098265143336
2	-6	5	0.00041431017821002484418	-8.1403433337207500072e-05	-0.00021428574545503712117	3.187721933869110347e-05	-0.00042286696583005448308	7.0814036541312324192e-05
2	-6	6	0.00032828571835238386234	-0.00049509393055089691554	0.00036996938366633204311	-0.00014106394454131977972	0.00026054081088220407093	2.396736564231250174e-05
2	-5	-6	-0.00060482555466891704896	-4.8934438841461910807e-05	0.00017551083343074442645	0.00033940252933582255737	-0.00034786754608192606546	-0.00029914692072700611045
2	-5	-5	0.00075459199901031955016	-0.00032046687149095339506	-0.0010367223473394242706	6.25281536888980965e-05	0.0013385591469435521774	-0.00019071490228527945452
2	-5	-4	-9.377729038801402967e-05	6.3648864324814841802e-07	0.00016153022827680114178	0.00017074453141192278425	-0.00024880143054000842173	-0.00021311241994327939837
2	-5	-3	-0.0011244996526533625018	-0.00020228368452306224419	0.0013197998995096093481	0.00033807409187094780928	-0.002949332934284923987	-0.00069831260946695452967
2	-5	-2	0.0015191706915010695384	0.0010491988953025038929	-1.7377220329786136982e-05	0.0028760164107474489766	0.0015626137423255350486	-0.0061408421315661187653
2	-5	-1	-0.0033281143468020663034	-0.0051329821061110994171	-0.00092556717304054236806	-0.0024802713256835539485	-0.0020283928284014212003	0.0021353924161955696072
2	-5	0	-6.8274208465461151685e-05	0.0030402731746219423606	-2.7309683386184462707e-05	0.0012161092698487769442	0.0028975587397095585278	-0.0023660689742581652792
2	-5	1	0.00054724010918682087883	-0.0015516539983346452642	0.0013412328516267486497	-0.00097116360272494215225	0.0056116840397601010573	-0.0017525100169554202328
2	-5	2	0.0010606244057147710524	-0.003090700199791033588	0.00056829661896958558274	-0.00076241121209477452549	0.00036011714170919301289	0.0011846721695540974369
2	-5	3	-0.0012502212100495048441	0.00095174685643424747263	-0.0010946771508584601188	-0.00079161144731544044652	-0.00099098111139776377983	-0.0019538503164818988786
2	-5	4	0.0014471816149157024165	7.8827575669193232282e-05	0.00071209251121085630556	-7.6921430550667036115e-05	0.0001665248315557191737	-0.00013556557602293039773
2	-5	5	0.00034656658270103919608	-0.00072381558272661874337	0.00040359171403634076141	-0.00035335934855672138447	0.00026496508095592510466	-6.3833115466073873565e-05
2	-5	6	0.00024421119368563820335	-0.0010723815205207385629	0.0002173698926575195155	-0.00040940358483791065413	9.9737845986053505877e-05	1.6290852808653957795e-05
2	-4	-6	-1.214307580258923925e-05	0.00056395528945888046598	0.00078952007045029494719	0.0002595201563944550668	-0.00053039440556772632536	1.4971658889990122648e-05
2	-4	-5	-0.0011507311675759523528	0.0005748562440342427915	-0.00011477022512910643834	0.0012861511811513048117	-0.00036847628692709581211	-0.00079897844730734675443
2	-4	-4	0.00063553122112667789247	0.0042756972713473770376	0.0016064142678128192493	0.00067645547494060047963	-0.0012886486572494804115	0.0014613931607330881476
2	-4	-3	-0.0031950700519815127855	-0.0020330748497825027778	0.00024542185532539087045	-0.0036669382378460590489	-0.0024572758417548629453	0.003533867750606410358
2	-4	-2	0.0065413504138772749288	0.0032751790187619486162	0.0028608912050692306486	0.0010360046983994189006	0.00081956800373881341475	0.001203169621963110815
2	-4	-1	-0.011614740337023013797	0.0028643598921265140712	-0.0096155234519492080447	0.0003645278044212449625	0.01523261313375080285	0.0042706085665680480756
2	-4	0	0.0040977569903650314445	-0.0105578887665890922	0.0020488784951825157223	-0.0052789443832945460999	-0.008757394733231539663	-0.0042294444847606063945
2	-4	1	0.0027875619460839247757	-0.0034978310836849229974	0.0029748155721809181086	-0.0024050895515326576636	0.006324138396555822883	-0.0026246960387607842259
2	-4	2	0.0012326295128614098671	0.0041167501314993354758	0.0010757248321886800704	0.003228362962404442843	0.00091882015151595005688	0.0023399757933095497765
2	-4	3	0.00088894171858156184694	0.00056368083984398157423	0.00036615896378177351838	0.0052547770645198100398	-0.00010441586067867653109	0.0066305821927970919755
2	-4	4	-0.0015423170355550722046	-0.0042645285631593057157	0.00089662805462443725176	-0.0027985526014166948149	0.0016677865724019733541	-0.00066628831983704184857
2	-4	5	0.0010374840986337938165	-0.00023816890704749372858	-8.5206567119567856684e-05	0.00021148991103829182462	-0.00048315889314917183361	0.00026445949164963092944
2	-4	6	-0.00015076140824254159419	0.00034376119815690369102	0.00036271776726083714351	-0.00012616159877198337134	0.00029206564758807196944	-0.0001986947985669568022
2	-3	-6	0.00097504650605175716832	0.001745572824379622431	0.00050468956410609766821	0.00090526984260942634699	7.2670719964203523713e-05	0.00012922268682182761878
2	-3	-5	-0.001313518295017672248	0.00037779208959658221916	-0.0024392944373374503796	-0.00048528032207488319087	0.00093816934439540139359	0.00044228502908356281302
2	-3	-4	0.0014530217305285682804	-0.001700558630662646906	-0.0020009343359273438871	0.0039657580748632013587	0.0022272116172097921639	-0.0038245978714787245804
2	-3	-3	-0.011964056181930698627	-0.0032344690899629821752	-0.004705488680813531277	-0.0045947619542192306985	-0.0032705487738069346192	0.0024384492275772427262
2	-3	-2	-0.00062188250982539742748	-0.0034187684649330729245	0.0034653472095676871208	-0.0050797078894776496669	-0.0058199033241769278918	0.0042007933692834020095
2	-3	-1	0.0062499064598985276317	0.011927786981015573581	-0.0013582161885658111666	0.005890922106900494358	0.016574461485494490498	0.0061828076413296632202
2	-3	0	0.011052779384435782242	-0.0069493956757450308162	0.0073685195896238545391	-0.0046329304504966872108	-0.019484901468035768779	0.016321444415322194227
2	-3	1	0.0039751434069418912012	-0.013972536752127276069	0.003131100011305093956	-0.011403371041656559098	0.0014430132200315003328	-0.0062650396207151268918
2	-3	2	0.0018473464344287539654	-0.0062471773733770294065	0.0089886102999609807096	-0.003881902389100325753	0.011635569015512717966	0.0004243237897265412107
2	-3	3	-0.0048072190659948195804	0.0024724963271342431138	0.0014336804741979887121	-0.0027760458304763920706	0.0046384931848612014765	-0.0044243767152325544356
2	-3	4	0.0022318267683963379996	-0.0063955994207820334244	-0.0035463235012806126022	-0.0019328331093877851917	-0.003775656010158628343	0.0017481748783501778726
2	-3	5	0.0013619414907074659567	-0.0014929206661292611369	-0.00071903763287256030039	0.0011117519987409825097	-0.0009761991760065224762	0.0012642194656962940473
2	-3	6	0.00023083130059206298599	0.00040487993591559835521	0.00043260264033265319631	-0.00062475711733630666812	0.00013935755330230561186	-0.00044733853730668615527
2	-2	-6	0.0027610725220122206078	0.0023766599281219670178	0.0018753919419944686635	0.001276906263551611919	0.00029522686000591727862	0.00036658455485678512328
2	-2	-5	-0.0030931723948889916671	-0.0013328529541390809338	-6.5697211535648729949e-05	0.00080608517582027555248	-0.0012109900733413372399	-0.00085557525198374259449
2	-2	-4	-0.0053034169301785375264	-0.013185443930097554346	0.00072420694790492515062	0.0022975180705436222886	-0.0030138119390417314469	-0.0077414810003205878838
2	-2	-3	-0.014264593111412095586	0.010111842073998055305	-0.0089507487082875446249	-0.0013256417953044388573	-0.0035425629354163675963	0.007624989246201662775
2	-2	-2	-0.015823863769850145949	0.0075819538982993305368	-0.0043000612740682897517	-0.0082829098828423441264	-0.011523802495781856198	0.015864863781141675531
2	-2	-1	0.002466853503304734449	0.015004304777380718383	0.012599441483226321223	0.0090948218341598205394	-0.020265175959843173548	0.011818965886441793953
2	-2	0	-0.015078553125914506	0.033780307997885269944	-0.015078553125914506	0.033780307997885269944	-0.016259614584299409562	0.04969423047272872318
2	-2	1	0.0068084935360069893245	-0.00040827323251957169754	-0.0018258442660328273559	-0.0011269203506033193853	-0.017268675604079634228	-0.0014372942361674954839
2	-2	2	0.004268119596067884193	-0.026930216723180175342	-0.013624437411187814359	-0.018379607261348993724	-0.01789255700725569595	0.0085506094618311798833
2	-2	3	0.0015453084319384125661	0.012072261554764967401	-0.010510300110202076829	0.0058719894153570007314	-0.0080370723614269935081	-0.0041335147596053114019
2	-2	4	-0.0017567575319729529515	0.0060940676374514725702	0.0029973201379595078991	0.0012744993782756782602	0.0023770388349662304253	-0.002409784129587897155
2	-2	5	-0.00056385967519199194	-0.0018320027418114244629	-0.00085844660076275748021	0.0045608789937345278059	-0.00011783477022830620795	0.002557152694218380734
2	-2	6	2.3046648446887229217e-05	0.00186730477412253861	0.00013513640256446004021	-0.00037594865474001087826	3.7363251372524264684e-05	-0.00074775114295418316276
2	-1	-6	0.0012457416792006198707	0.00087575476685919037036	0.00046848739232645622305	-0.00060675102013144446324	0.00033716599434579721693	0.00039304342564163753399
2	-1	-5	-0.00080807524756354974244	-0.0051758513165334240139	-0.009187939329552618703	0.0020166066340056806351	0.0015143577668851038436	-0.0024736618534145059928
2	-1	-4	0.00037047800431026442491	0.0032782021178027801432	-0.004809112377534458492	0.0053443200689919888313	0.0013875170965387468355	0.00030302104165339270115
2	-1	-3	-0.0014094095963263200601	0.0041394709692701486467	0.0089114153264914855446	-0.0086037315069965210335	-0.0039100781730480420328	0.0056275578151789391532
2	-1	-2	0.0024101999930993167794	0.0036637698042188641262	-0.0049947656514059681973	0.010908394781164138659	0.004907582818802300878	-0.0017904275863632049866
2	-1	-1	-0.0093574514993845798322	-0.0076838969937297121882	-0.0089064339425175796661	-0.034746704114944439168	-0.0098084690562515782636	0.019378910127485014792
2	-1	0	0.014659175550277852781	0.0021891504136628630282	0.029318351100555705563	0.0043783008273257260565	0.053665092189147861612	0.024659258207810345193
2	-1	1	0.013666521572411407387	-0.017795550830377787621	0.0010321912331388621766	-0.0020301064443787090151	-0.026300851911683954115	0.033560995216376870998
2	-1	2	-0.017519421839797488794	-0.025507066230301324999	-0.025546013177359182256	-0.0088356967699546960088	0.004746415251117898533	0.021089217845323977862
2	-1	3	-0.0035801954877902760453	0.012757234500324107773	-0.0049070630632909581145	-0.0062267434038996731169	0.00075110930409653128923	-0.01058040413484929651
2	-1	4	-0.0015912996873988045562	0.0092228871073065186309	0.0044646961534321677814	0.0080274290750877875383	0.0019118238820574442235	-0.0026045862848813124309
2	-1	5	-0.00070017477045939574033	0.00076832971594112788385	0.0012524338734076624451	0.0038240421227426603726	0.0005305566828652908502	0.00045747653817208096434
2	-1	6	0.0010799680633161203025	-0.00021456307340934175514	-0.0010944251945761416557	-0.001343227062035382913	-0.00054239355353473037678	-0.00015235015253611656713
2	0	-6	0.0013906915305932645265	8.9584932054473235315e-05	-0.0022905988409294324518	-0.00058844937911226762386	0.00046356384353108813935	2.9861644018157742846e-05
2	0	-5	-0.0031322076495031796715	0.00063221931532842553375	0.0023668237665389296569	-0.0051384262054518497348	-0.0012528830598012719987	0.00025288772613137023518
2	0	-4	-0.0005016804568336931695	0.0051796236262126732486	-0.00057457807338065459372	0.0021530478059776868814	-0.00025084022841684658475	0.0025898118131063366243
2	0	-3	0.010086060293655425488	-0.0076764893105568500833	-0.033294975600068971167	0.0081245870957278674279	0.0067240401957702842367	-0.0051176595403712339671
2	0	-2	-0.0093151436047426913745	0.037637309548580188956	0.0064471204851770857677	0.033216563420412334451	-0.0093151436047426913745	0.037637309548580188956
2	0	-1	-0.025302489669460841853	0.018537835299729112093	0.0041118980133841966443	-0.0067774378299743373924	-0.050604979338921683707	0.037075670599458224186
2	0	0	0	0	-0.034018366501027581805	-0.00049136257096733847519	0.020402551229627269996	0.057488999137325455524
2	0	1	-0.015948504891863300725	0.0024649062408193811446	-0.0071606088495367028676	0.0072154049781145250531	0.031897009783726601451	-0.0049298124816387622893
2	0	2	-0.0033591593635372177067	-0.0091017421022657595681	0.024252272894008931187	0.018141549302445492131	0.0033591593635372177067	0.0091017421022657595681
2	0	3	0.011147973104502127695	-0.0025695733719341366103	0.01015156336671995535	0.0046054266452310293339	-0.0074319820696680857081	0.0017130489146227577402
2	0	4	0.001132911241290653374	0.0093618508377770418699	0.0052741741469723366076	0.0057886813788949565904	-0.00056645562064532668702	-0.004680925418888520935
2	0	5	5.2672978347435007161e-05	-0.0018595476357646124194	0.0022407635154934723437	-0.0036459046144221708523	-2.1069191338974003542e-05	0.00074381905430584492438
2	0	6	-0.0009310322821988972113	-0.0026609949072298180392	-0.0011884045005237447393	0.0013322978363637120926	0.00031034409406629907043	0.00088699830240993938254
2	1	-6	0.0010618677641550976817	-0.0026470468379898685896	-0.0019928979812947693849	0.001171442939501318942	2.1806257835904344419e-05	-0.00068710845607973644513
2	1	-5	-0.0020003286731997849818	0.0020944724070763036557	-0.00049232437256027444458	-0.0024419597611989888805	-0.00089859634379196894668	0.00034939701059072376206
2	1	-4	-0.0049627721128992687699	0.0041054998075575515129	0.0045583622024991405502	-0.0079583192483122320443	-0.0013417955058248492474	6.3170091700717731823e-05
2	1	-3	-0.0078726202109110927224	-0.0030830212950494740275	-0.017792172089217461739	0.0037489835067994509328	-0.011179137503679882973	-0.0008056863610998323379
2	1	-2	0.0036403066276753095684	0.017955457866298783765	-0.014627602482991403782	0.020001307360193072704	-0.0036734946138203923224	0.027956111546395320117
2	1	-1	-0.034337141020345095244	0.022967429464349747165	0.027349172178307637471	-0.0091508289220182306017	-0.041325109862382553017	0.036784030006681261993
2	1	0	0.0082577801282574820468	-0.00992134812509480081	-0.016515560256514964094	0.01984269625018960162	0.00010385920736029849735	-0.0095827421011507249449
2	1	1	0.030461226669023691582	0.014301868217764661037	-0.03083811497993728043	-0.031710961193102640832	-0.030084338358110099265	0.0031072247575733183238
2	1	2	-0.0011550644499181716464	0.016653074540158095684	0.0084016429539488252792	0.026002668296340458731	-0.0030457570270562405595	-0.029654408688328321581
2	1	3	0.0044919056877129239641	-0.010717031805964654517	-0.011836098551463048595	0.010368536843265911337	0.00095076239201240025836	0.003688508922887799666
2	1	4	0.0022738536828345195552	0.0045349311130846118451	-0.0010286777627054653848	0.0017515386491693107213	-0.0008797574007408933772	-0.0027053502188346336028
2	1	5	-0.0010393752405273512258	0.0038774995563972979896	8.9719637640834053877e-05	-0.00011775716771171688719	0.00039780616868277364701	-0.0015274483890165757236
2	1	6	-0.0010147710944942974019	0.00097581931757226725993	0.0013991394078924021278	0.00015060642311904049741	0.00010506713018269878384	-0.00035037417637726254354
2	2	-6	-0.0010703850972372725738	0.00066829185275267175524	0.0013913099240243039824	0.000932845899139912553	0.00010697494226234377577	0.00053371258396419480555
2	2	-5	-0.0046560787065974221927	-0.00028269534577251095473	0.0014994896963324512353	-0.00048278958514303722946	-0.0012626356041059885564	-0.00030619397236621924115
2	2	-4	0.0038821879798625526931	-0.0019375577380560358998	-0.0019424920829646601887	-0.0053362379303849962267	0.00096984794844894636062	-0.0036368978342205160632
2	2	-3	-0.00059216045172631108333	0.011486448141158300124	0.0024122391791477730549	-0.0003021087310257915921	0.0012133858182809744309	0.007456226273421672282
2	2	-2	0.0046886496300615832303	-0.011293653632110068133	-0.006636303535337371301	0.014268324680535501847	-0.0019476539052757880707	0.0029746710484254332806
2	2	-1	0.021698936366026655431	-0.011590733772006618987	-0.018693020913231082197	-7.1204465765699925437e-05	0.0060118309055911438657	-0.02332387647554463872
2	2	0	0.016856666897521251081	-0.00281495213452709293	-0.016856666897521251081	0.00281495213452709293	0.023062261232185590765	-0.045987128998676497782
2	2	1	0.015091401018213219942	-0.020588889524165265854	-0.0062584536697479712514	0.0084929089312792745842	-0.017665894696930497382	0.02419196118577198254
2	2	2	-0.0051782285821998282754	-0.0067965934566736685776	0.0086319737371332461856	-0.010266430985442292004	-0.0034537451549334179102	0.017063024442115961449
2	2	3	0.0016357761624279719241	0.01516863183002169907	-0.012458283408411954113	-0.0021698030380624434843	0.0072150048306559881259	-0.0086658858613061703902
2	2	4	0.0021957990218347701178	0.0011166354147173333279	-0.0052245735945732185018	0.0051298815206820315427	0.001514387286369224192	-0.0031232584676996822184
2	2	5	0.0012802541666464314473	-0.00038238909496391960919	-0.0032249177110673645993	-0.0012639715839558665362	0.00077786541776837326082	0.00065854427156791447984
2	2	6	-0.00041784755436207539521	1.7242932116779390316e-05	0.00053969691884480481235	0.00099481447123715466448	-4.0616454827576458828e-05	-0.00033735246778464469735
2	3	-6	0.0010158887706519246011	0.00063343524890439862046	0.00083932130499933424277	6.1360638296891709684e-05	0.00075829024271697532174	0.00024182540211657873284
2	3	-5	-0.0040129229549500152613	-0.0015885010994012096781	-0.00042348853887332310163	-0.0013949703003507318497	-0.0018592623053040001607	-0.0014723826199709230678
2	3	-4	-6.9454848413930777071e-06	-0.0064414452393692280679	7.3125752551465698654e-05	0.0027092764092958398874	5.1371571992902735984e-05	-0.0011887653127127337932
2	3	-3	0.0016670577951038005084	0.00078453028675895574492	0.0080901894104378150457	-0.00080240439817277355809	0.0092015612738403501636	-0.00027938420700013635867
2	3	-2	-0.0045480713483675395611	0.0065919014818181581247	0.0021890227233825887421	-0.011417355781781471716	-0.0012645372632936568817	-0.010534132190854049449
2	3	-1	0.0063114346978337329541	-0.0082032176156899040687	-0.012329336219647714715	0.00027121310136958635658	-0.024365139263275679971	-0.015592795927271047712
2	3	0	0.022265177582286972691	0.0057024429769437535998	-0.014843451721524647882	-0.003801628651295835444	0.0052226851532422378238	0.00084514965087357889206
2	3	1	0.0082837443959890809386	0.014195283068780010713	-0.0050110130307620083176	-0.0134397587558967406	-0.0015344496996921371413	0.011928710130130200373
2	3	2	-0.0018554416333735107483	0.013474974178529604968	0.0035624665560567243469	-0.009402696211766986209	-0.003488258200711575989	0.00062907013912087402039
2	3	3	0.0077783452701792980821	-0.0020663515809616265877	-0.003158118460713735514	0.0088204278746542054412	-0.0020274450527391300186	-0.0074428601540131216277
2	3	4	-0.0041960424865295315941	-0.00190793025086122758	2.1826178709307373098e-05	0.0014773770974690827052	0.0020816516092327856484	-0.00015406769767119829311
2	3	5	-0.0004734364882229551044	0.00074008478816440593021	-0.001865097801331249425	-0.0023160261401857003966	0.0013084332760879317185	0.0010935817688456578659
2	3	6	0.0010280773836528974991	0.00060078291646615189156	0.00078190405379601022207	0.00026530377673254112352	-0.00073364448811563762881	-0.00033291286052165451658
2	4	-6	0.0002395502533706084789	0.00082781498131579691821	-0.00020005104391520301646	-9.1227140481576972602e-06	-5.3517278153265858116e-05	0.00026985651773982720619
2	4	-5	-0.0011962098223243992738	-0.00012766746593711759267	0.00034206963082937129122	0.00025072139909663803499	-0.00020482822426626270365	0.00014951013290246339092
2	4	-4	-0.0016148926918815125191	-0.0072212023004660300107	0.00057605251213563941817	0.00016842346467113610605	-0.0002313938338051167872	-0.0034421776855618787909
2	4	-3	0.00048664134724323048539	-0.006146591436890054376	-0.0016818042216157561963	0.00071304583462863371703	-0.0019179780639921877212	-0.0031469998450885244834
2	4	-2	0.014854402932570613671	0.0011498421886131176238	-0.0084778690423116479652	0.0012809181548782448083	-0.0021013351520526835602	0.0037116784983696072403
2	4	-1	-0.00064596368127657773604	-0.0058929238873706435431	-0.0020682575077452590266	0.0056273585094708490281	-0.0095649573935341920122	0.010723586263142107292
2	4	0	-0.0005590155509643043993	-0.0035560086412923319968	0.00027950777548215219965	0.0017780043206461659984	0.0061242845355396792473	-0.010811926653506066451
2	4	1	0.0026038574977377769958	0.00431755924047914387	-0.00083950942949330377083	0.0005716278553856159704	-0.0018496772775023389082	-0.010921629902500751622
2	4	2	-0.0017687796697106795453	0.0049474446791950054195	0.0030720363904892448829	-0.0055431322875515746593	-0.0043752931112678097869	0.0061388198959081430317
2	4	3	0.00013253092796711998195	-0.0026523068054805695043	-0.0016648463703993953908	0.0035085702952678985908	0.0021314412085544471274	-0.0029098891900368184515
2	4	4	0.00046653321637515069364	-0.00088833729109258905473	-0.00029396167458675757488	0.0020697058768657161307	6.0695066399182241615e-05	-0.0016255372313194217659
2	4	5	-0.00023095341974652448076	-0.00088401372502104396886	0.00053867296657926521698	0.001093415118504071715	-0.00033855700536480237044	-0.0005211266047948397628
2	4	6	0.00069098079418019177182	0.00031878225653581032011	0.00018986384827361323904	-0.00085586807387192363229	-0.00035690283024247278611	0.0004643179637360123329
2	5	-6	0.00069380222174349203985	0.00089096653027279093529	-0.00093905161649915412734	-0.00029032140422535464633	-0.00055127560650146444424	5.5054339903134777673e-05
2	5	-5	-0.00076679734154154780782	-0.00055877169051083027101	-0.00032749611712009024742	-2.7938091749908410482e-05	-0.00063421505373670934887	-0.00025144676795424051414
2	5	-4	-0.00045696151473982409268	-1.4290894721302470867e-05	0.00048086652393067953531	-0.00029285085811751567419	0.00037260239754343733214	-0.00037320902000754580191
2	5	-3	0.001102713174724910929	-0.002839291348235644611	-0.0010346807432523082854	0.0014972974588428409736	-0.00098932578893723985627	0.00060263486591430521534
2	5	-2	0.0054474409683043980429	-0.0022936102091399073952	-0.0016824193921530234807	0.0018047313454692068008	0.0012413924879218396664	0.0022182181545331094985
2	5	-1	-0.0034771749650450377821	0.0063641356506785188088	0.0013832198334979613902	-0.0019309698311346455268	-3.8250762600268138906e-05	0.0030734221456838088996
2	5	0	0.0014853403613962995293	0.0065307436176926369348	-0.00059413614455851987677	-0.0026122974470770550341	-0.0022118712869648089227	-0.0038162848945211061413
2	5	1	0.0079047371042361390392	-0.0025449126283414867829	-0.0030173834428513586665	0.00083788817283671364854	-0.00072255699421548431199	0.00090038439249940467254
2	5	2	0.0020336778818080200604	-0.00330598209003047077	-0.0023172810088013858637	-0.00075873739772564614218	0.0037595246401954450326	0.0052028255843445860712
2	5	3	-0.00073694205774510164811	0.00023063247115222694386	0.00032963804369822108462	-0.00029180749147404044016	-5.8102034333634012934e-05	0.0003325908383552494919
2	5	4	0.00025882762935745237719	-0.0022052452473451233245	0.00047011190572730337774	0.00029818632044116506535	-0.00071705369683785537011	0.0007298897231211053712
2	5	5	-0.00021347982074900790804	-0.00063814422432850010595	0.00039305430503003350702	-6.5207553440155263929e-05	-0.00030766237673043037634	0.00032046524317155529547
2	5	6	-6.0836396395195522027e-06	0.00034301340230482343756	-0.00032635184454008809738	-0.0004489738336062031889	0.00027398775032991327764	0.00025980706057022816919
2	6	-6	4.6729615991360342947e-05	-0.00032662643056951678067	-0.00035494665170700100002	0.00070727187373151583372	-0.00033937011304321424614	0.00059839639687501024017
2	6	-5	-9.8010652821697272262e-05	0.00090952597621451894763	0.00017897701667772165381	-0.00035559652784865537116	0.00017556815888458709735	-6.2905442932578847369e-05
2	6	-4	-0.00042063267422367417187	-0.0015051610683912239764	-6.7651204991493797702e-05	0.00056492670895324007246	-0.00031179314459907781637	9.4809529234248134046e-05
2	6	-3	0.00047793962410129834338	-7.1248934038986542496e-05	0.0001358371038479011788	0.00051402368385333350662	0.00059030062376333458651	0.00098054807834734285937
2	6	-2	0.00019110455342610379128	0.00085524764432552658703	-2.7892536607452205155e-05	-0.00023492386264032007063	0.00010742694360374716565	0.00015047605640456637515
2	6	-1	0.0019906410054772246017	0.00035899346874952302614	-0.00099733650423406111467	-0.00056757366741355241152	-0.002002737014449917051	-0.0026874550669822687421
2	6	0	-0.00028518556357964760508	-0.00036629961358346284448	9.5061854526549215247e-05	0.00012209987119448761483	-0.003310327594726243574	7.3737085688002011437e-05
2	6	1	-0.0023306339593140812209	-0.00011152702879788415312	0.00043632152804689883522	-0.00017539730607194671942	0.0020433387503467691053	0.0012754378940274485685
2	6	2	-0.0013069430933527826158	0.0011613791270673444207	0.00010343993750246964112	-0.00039625202340226817416	0.0009966232808453737331	2.737694313946007472e-05
2	6	3	0.0010816050394777728533	0.00095865203742456620885	-0.00068819925434621782249	-0.00087454998519353067	0.00065532848237392048174	0.0011099986121040170562
2	6	4	-0.00050685090053610389917	-0.00068730542543069905823	0.0010859227108783598825	-0.00020396487377782488923	-0.0013754586160494880909	0.00064960002338208680875
2	6	5	-0.0002965021635326417211	-0.00017782283724134383281	6.9968638249620558915e-05	0.00050357528525159071537	3.4638499513512031294e-05	-0.00053316120740537129279
2	6	6	0.0001129864503655223873	0.00029680784505684075329	-0.00052055687099659107581	0.00030585867420283375032	0.00048289472087475023487	-0.00040479462255511400141
3	-6	-6	0.00055077088384916921427	-0.0002182652541922281233	-6.7355429181335925253e-06	-0.00011977669005936374905	0.0002821209848427181895	1.0644062963249687403e-05
3	-6	-5	0.0003142503059759177474	-0.00054886135803592175399	-0.00036836033032154651351	0.00041682650677504138855	0.00063058257997140648634	-0.00082950862295160269697
3	-6	-4	-0.0012342811843156344196	0.0007105216203712325573	-0.00056908785299604968365	-0.00010145134717674441293	-7.207910874265128923e-05	0.00068506823604354109836
3	-6	-3	0.00073361755877407008441	0.00021840481574295458108	0.00027128749056130760592	0.00020925752893228869388	0.00019104257765145489967	-0.00020011024212162283379
3	-6	-2	0.0010419078496703027686	0.0002011386220883010494	0.00051238570760709593183	0.00072184139857379015903	2.5704651684166448963e-05	-0.0018638162625889188352
3	-6	-1	-0.0023237516075329022261	0.00018950709898116001968	-0.0014062067003109432559	-3.5377607805590671796e-05	0.0014659853792669526405	0.00078078694377702408981
3	-6	0	-0.00030668039712538274714	-0.001150996842478034651	-0.00015334019856269137357	-0.00057549842123901732548	-0.001939424496510257093	-0.0012553193147555497151
3	-6	1	0.00065743305761749044197	-0.00067287526832932921268	0.00057270471664386138431	-0.00040068941977631345299	0.0014639291270106971968	-0.00038551071366989324253
3	-6	2	0.001518820293970141351	-0.0019063838409755684729	0.00098999584567642409487	-0.00028377019568111782298	0.00069175709607405993281	0.0020082651744199992404
3	-6	3	-9.6989146314076877934e-06	9.7070793520695459024e-05	-0.00049823903641559746415	-0.00029542084155662263383	-0.00098677915819978716597	-0.00068791247663394069958
3	-6	4	0.00080045404401413459885	-0.0008022747818488394243	0.00054933795167929689359	-0.00013329645072189866598	0.00022366639450834441835	0.00040176141030378160991
3	-6	5	0.00094614759152093655479	0.00027952256139083029142	0.0008632997471618409583	7.9199061459527596925e-05	0.00046827114168164718456	-7.2674663083065061254e-05
3	-6	6	0.00021755708497249697918	4.2615233742833754499e-05	4.2907417463301490918e-05	-0.0004578754616633196094	-6.5871125022946998675e-05	-0.00047918307853473649004
3	-5	-6	0.00057584476796925920111	-0.00022000903634345619908	-0.00044655996424678427075	2.9626066038837020839e-05	0.00066005568752361648381	-0.00013469290653742561578
3	-5	-5	-0.00034511286910654336403	0.00021402384507150534775	-0.00014633530866132573385	0.00054825840449533494014	-6.073241280260028999e-05	-0.0004198440974524318128
3	-5	-4	0.00048918734474466562569	0.00042373000992624584382	0.0001414958217240552818	0.00032782130186582888716	0.00019002073140343011702	-9.1979119887601726085e-05
3	-5	-3	-0.00095572905142895440804	-0.0020255377302993812956	-0.00086588691698337948415	0.00012567370814532197783	0.00048741581021001138081	-0.0022349939105415846281
3	-5	-2	-0.00095634803167765527598	-0.002392569798505998508	0.00021391254339202922974	-0.0017673708875843366362	-0.0019693034059965561916	0.00082957252120184361149
3	-5	-1	-0.00015750709232760742753	0.0010938683180758644858	-0.0006941059303513544233	0.00015895844006234353105	0.0029980083747739500778	0.002486812753915876046
3	-5	0	0.0015600390096470447086	-0.00093290304348305071961	0.00093602340578822682514	-0.00055974182608983043177	-0.0024771348736620552207	0.002649830788177593658
3	-5	1	-0.00098574472020717600167	0.00093316218643811534722	-0.00037014643590710036292	-0.00010216363453594236234	0.0011065019810860261904	-0.0033103047319940578398
3	-5	2	-0.00045574982460067146699	-0.00060193569826682874653	-0.00021300903175200527418	-0.00039147163387068554738	0.00015110215752099398793	-7.5775537276470694443e-05
3	-5	3	0.001166869031252601701	0.0016691255930239175514	-0.00018448396989029014004	0.0014839398937101298641	-0.0014743423144030851774	0.00080410756315963196911
3	-5	4	-3.3723163934895296822e-05	-0.00070448876293163851386	0.0007912607754599088614	-0.0010246490208291657385	0.0010143683422760576239	-0.00075244470383772834188
3	-5	5	-0.00049411927771796776681	-2.516270369704066165e-05	0.00036093878745621773771	-0.00029711757558363799739	0.00065741035408699841948	-0.00028201995336541363021
3	-5	6	-6.2338884986859428384e-05	0.00058363236109872790314	-0.0005572402466133246756	0.00044120550166758254473	-0.00043319742968434086236	7.5855070840288128385e-05
3	-4	-6	0.00052982706211523002745	-9.8964035426425529221e-05	0.00011142401204544415984	-0.00012604243957863879902	0.0001906308563606522676	3.4546275339213090112e-05
3	-4	-5	0.00048248761863752096142	0.00037804685735398039104	0.0002154598545921340225	0.00031601628327483654874	0.00011712468750880536427	-2.5984912207480996912e-05
3	-4	-4	-0.00013420487624052742032	-0.0025256443565477271727	-0.00076940527826832626548	-0.0010675551839301911528	0.0006687516210879307409	-0.00082667808348060422673
3	-4	-3	-0.0049737497805742644785	-0.0018914196948792445091	-0.0041337315480292112849	-0.001140463919640163264	0.00053789228346468422656	-0.00037080113535902685992
3	-4	-2	0.00015436959710242453706	-0.0052629216399048038902	0.00066505529329028876488	-0.007291859419612693044	-0.0010985561909269405886	0.0066893363793681815538
3	-4	-1	0.0055220757239024627003	-0.00064996377689366770843	0.0041499056339148214165	0.00092586865030485395855	-3.339536395189721948e-05	-0.0056533659319004184174
3	-4	0	0.0012995955960093258374	-0.0016166165617606607485	0.00097469669700699437809	-0.0012124624213204955071	-0.0032958336121368904045	0.0028009102607282803168
3	-4	1	0.00037918882016133747441	0.00051489596151238709379	-0.00019365223097542625329	-0.00052057702165531267481	-0.0019121753843857173822	-0.0036269959711584119806
3	-4	2	-0.0021825950515372330961	-0.0019995222554361194098	-1.0841832216794885447e-05	-0.00087901193589234947589	0.0032522089128722599105	0.0012412595113694803797
3	-4	3	-0.00085657810465339530824	-0.00035344906046616162906	0.0015819487584792879618	-0.0025215658234147755173	0.0029658431159591126629	-0.0030086387040868722495
3	-4	4	-0.0014046487366436420131	-0.00056435787242886008893	-0.0013570296701925536279	-0.0025132842445661014892	-0.00030354311770982200964	-0.0020900158402444562328
3	-4	5	9.1264369147291008193e-05	0.00034618080332429870599	0.00061832169445858570743	0.00053231909696102824685	0.00043989873407849393663	0.00021814679557424334678
3	-4	6	0.0011653868766795458245	0.00037038124335475993082	0.00078559835438432948102	-9.3252567831477863416e-05	-5.8961202083553280822e-05	-0.00024735900023169855909
3	-3	-6	0.0004499485465245658196	0.00048162527672532371055	0.00011891358712907980192	-0.00090166018507430091989	0.00016551747969774298851	0.00069164273089981226101
3	-3	-5	0.00012638783697636868635	-0.00020710809339776061833	0.00025808069853254311061	3.8446422602022905981e-05	-7.9015716933704665398e-05	-0.00014733270959987012001
3	-3	-4	-0.0040424239860060518295	-0.0042015073668410030452	-0.0016362042740849201683	-0.0031837237847645218775	-0.0018046647839408489628	-0.00076333768655736098426
3	-3	-3	0.0017815689424569855839	0.0029648838285472357834	0.0022997739808387420053	0.00059381059881631007707	-0.00051820503838175663823	0.0023710732297309257063
3	-3	-2	-0.005000885164557114515	-0.0016010963298731912489	0.00057759948949093480215	-0.0065924171165182756521	-0.0083677269810720732168	0.0074869811799676269301
3	-3	-1	-0.0011013255288396662894	-0.0064150037587565773844	0.00085573905100599315793	-0.0061323764132281992009	-0.0058711937395369787757	-0.0008478820365851335748
3	-3	0	-0.00087222985702980386849	0.0042567826836596815709	-0.00087222985702980386849	0.0042567826836596815709	0.010934422178998223427	0.0002512874616213917685
3	-3	1	-0.0040509846570417869585	8.6522555077430372567e-05	-0.0014962081531257589908	-0.0005630027540599043083	0.00766432951174808412	-0.0019485759274120040968
3	-3	2	-0.0031205056226511680185	-0.0068145828564939959701	-0.001670728720358611967	-0.010264596576965386021	0.0021746653534388342942	-0.0051750205807070846428
3	-3	3	0.00013357383568090151651	-0.002223080821370666902	-0.0060275423039887459503	-0.0050128100822539288506	-0.0061611161396696468434	-0.0027897292608832619486
3	-3	4	0.00047113652780840932065	0.00056625443076419880971	-0.00052138872122164719915	0.0033742099383522764985	-0.00074439393677254233565	0.0021059666306910583208
3	-3	5	-0.0013880053978022580292	-0.0016736835697055247544	0.00041082906702940826188	-0.00053707426191449433948	0.0010793006788989997855	0.00068196558467461816221
3	-3	6	-2.648937908534552873e-05	-0.00035602440291684054902	0.00027853951443789686047	-0.00099755476592628387379	0.00015251444676162118443	-0.00032076518150472171659
3	-2	-6	3.2186288681979396639e-05	-0.00067893716386387711979	-0.00044204668581842139702	-0.00040972228232065275493	0.00016344203961379683292	-0.00020289448782505431729
3	-2	-5	-0.0029049088779183000059	0.00012970907953678141827	-0.00082936175281689262194	-0.0018320074798796261335	-0.0014112006256242230415	0.00081062843967391932064
3	-2	-4	-0.0019191583073938796832	0.0037331115737924262278	-0.001498287523244430262	-0.005072162960267024602	-0.00069022496892319463134	0.005335915160477832514
3	-2	-3	0.0068544605305412642862	-0.00029256591073684499018	0.0062986205324968413261	-0.0019490422771156648389	0.0026553801755433699243	0.0010067956073402648844
3	-2	-2	-0.0067278421948798799654	0.006667778840802701841	-0.0034986308695445357368	0.0053491194945528303811	-0.0065931324227752833439	0.0046525487666512236815
3	-2	-1	-0.01494472344998976944	-0.0053416876202182616423	-0.019214221384695324285	-0.0052366588639162405666	-0.0064057275805786623515	-0.0055517451328223037937
3	-2	0	0.0047576133225582205311	-0.008548653235390894084	0.0071364199838373307966	-0.012822979853086342861	0.006837960078454849086	-0.019496619516584077353
3	-2	1	-0.00046205440628889704819	-0.0020398235922256713511	0.0049710560945594129897	0.007659822972417021196	0.011328275407985517395	0.021439116721511056879
3	-2	2	-0.0093838351861899645806	-0.0093668890116198090523	-0.0039145442036610245129	-0.0018117418454281818477	0.010161208575623921491	0.012238591672001530863
3	-2	3	0.0026419270068693823106	-0.0042091146116359726831	0.00054806186051234613565	-0.0036710233494225467075	-0.0022765524331944848868	0.001761765712020941111
3	-2	4	0.003707921142759521959	0.0059743280082453966567	0.0056337178000227155009	0.0035989005975654046396	3.5918042941716138894e-05	-0.0026812957074013451728
3	-2	5	-7.2130754727643866584e-07	0.00077973259504022693865	0.0027571335096474528653	-0.00021980313170232899738	0.0011032861883873471519	-0.00055576080970506772962
3	-2	6	-0.00014499775664056490797	-0.00111299272782793327	-0.0011263608754411482543	-0.00071897237298504336391	-0.0003029547468267669596	0.00031683890625228551367
3	-1	-6	-0.00048541158353151259803	-0.00098241894814506667589	-0.0017224971547273163798	-0.00037794074309834501356	4.4377067355463097617e-05	-0.00042821935022280922323
3	-1	-5	-0.00070942878002823515741	0.00074408182059447654493	0.0029727250700929451835	-0.0025963431702394970668	-0.0010202022820355301311	0.00096571772640458529696
3	-1	-4	-0.0014817554090981498519	-0.00064112365678135549169	0.0022534056426313452647	-0.0065050974723312561879	-0.0016746679674814488135	0.0011454316254967972927
3	-1	-3	-0.0011969372160943747303	-0.0059771857930170802647	0.0079291971036627040964	-0.0043818179451807328165	-0.003840002917315276168	-0.0045165798112901693259
3	-1	-2	0.0021997197396975611688	0.015356474329845184318	0.012309947592324579912	0.01282778631709513735	-0.002855394186615948203	0.016620818336220206934
3	-1	-1	0.0020623853768494777514	0.0008984527093776176242	-0.014124808346635731385	-0.012754568796775720904	0.020311964477184165506	0.015449926924908572584
3	-1	0	0.0037837430560311818666	-0.0051517418148598163874	0.011351229168093545166	-0.015455225444579447427	0.011479777689915777322	0.011727440853300777693
3	-1	1	-0.011235664256648431047	-0.0053290964115364162362	-0.014154097215934616574	-0.018124174136287824616	0.019552895554010678303	-0.0021368849016785754734
3	-1	2	-0.0085255393378298079121	0.0054552657613138625867	0.00642962706448099372	0.0088742059971948332453	0.016003122538985208728	-0.0037457956433733772574
3	-1	3	-0.0010551617490763707998	-0.002679811425020428399	-0.0055578192534212790543	0.00063746658555554041453	-0.00079744466873072218215	0.0028923002868722750593
3	-1	4	0.0032619319311252637297	0.0027413084299529261526	0.00043408518791365090965	-0.00014716339209103391659	-0.0023379276513655349208	-0.0020927721704874532697
3	-1	5	0.0017813833685247921611	0.002889238663699369037	0.001127492159635220528	-0.0014204545241963129065	-0.00084333158918783123446	-0.0020176341030588842637
3	-1	6	-0.00014612147517853939878	-0.001517472315477416938	-2.4612374719824235388e-05	0.0015288724174160107407	6.8958675135965660156e-05	0.0010135482273080436647
3	0	-6	0.00074624151695021432446	-0.0010936690520613294442	-0.00042968269176424248382	0.00072702011647737254871	0.00037312075847510716223	-0.00054683452603066472208
3	0	-5	-0.0003602241661601562981	0.00065680141444020767247	0.0022858349652227394518	-0.0017995371832416127804	-0.0002161344996960937897	0.00039408084866412464685
3	0	-4	-0.0057552671337282703193	-0.0018004947063266359911	0.0017753073245743552968	-0.0033978199155227264798	-0.0043164503502962020889	-0.0013503710297449768307
3	0	-3	-0.008082736910067406938	-0.0027671795248312876236	0.0026895241776030641943	-0.001580358091218544243	-0.008082736910067406938	-0.0027671795248312876236
3	0	-2	0.0061647097989416047015	0.0025770295030140065277	-0.0065172554431296809627	0.0028028673488543999134	0.0092470646984124070522	0.0038655442545210100085
3	0	-1	0.0016731443720451638808	0.0040503684327068576951	-0.022699459257291252495	0.017730260989494515261	0.0050194331161354920762	0.012151105298120573953
3	0	0	0	-1.427808344665434832e-42	0.019613068003149925628	-0.011116763811925587518	-0.02484655927661285138	0.0010487533093922168492
3	0	1	0.0074627710863247502873	-0.0055150721602036691105	-0.018548876546712528279	0.013889142951898280839	-0.022388313258974251729	0.016545216480611007331
3	0	2	-0.00027590774527471828136	0.0018331052665899855679	0.016475013041605056363	0.013253396700763780958	0.00041386161791207736783	-0.002749657899884978135
3	0	3	-0.00063870226730713530044	-0.0040337531008744096847	0.0041080264672778881233	-0.010161308916295413649	0.00063870226730713530044	0.0040337531008744096847
3	0	4	0.00080849848979341464462	-0.0021773956471498245521	-0.0020658210508889373984	-0.0016534726354260826427	-0.00060637386734506101057	0.0016330467353623686309
3	0	5	0.00088377946567757431108	-0.00013627724911687792014	-0.0015403963996136224406	0.0020506442117027220973	-0.00053026767940654454328	8.1766349470126749375e-05
3	0	6	6.8980018709939244586e-05	0.00056157748110989894313	0.0010306681409121122659	-0.00022024106412883449327	-3.4490009354969622293e-05	-0.00028078874055494947156
3	1	-6	-0.00087619510665079146546	-0.00072512924466135164625	0.00053706427816549223361	0.0011308502718939297642	-0.00034858684029781371186	-0.00017408957701502085339
3	1	-5	0.0006670205455948105891	-4.7917575871999150254e-05	-0.0002520087506690462005	0.0013344692890931673934	0.00034981057722307710251	0.0002381433122954339926
3	1	-4	-0.00025676770135311770271	-0.0025363739178995794478	-0.00048940592542514465852	-0.0028180469724011520533	-0.00031492725737112446877	-0.0026067921815249722739
3	1	-3	-0.00019256539357576628064	0.0071206958407712250131	0.0033232891533970152463	0.0012726372232422643749	0.00091519765755657209866	0.0075449082485186469774
3	1	-2	0.0051631438741292579389	-0.015029960257001599017	0.0078419962302531797532	0.0021737781397834330006	0.011665713926320476351	-0.021458051315610682241
3	1	-1	-0.0045712106921459022546	-0.0030161850920266530113	0.017707632096890281448	0.014252210861670222553	0.0039940000204525755514	0.0052036555855902643861
3	1	0	0.00071926818728952266174	0.0058302951035635588659	-0.0021578045618685678768	-0.0174908853106906792	0.020891050055994685869	-0.028098571694580763702
3	1	1	-0.0005899227193716596743	0.0011473789916597743749	0.0045084067739236581909	0.0030732292865938430799	-0.0027386386158086794933	-0.0065153662615731666383
3	1	2	0.010627576058994753216	0.0013883357414549717286	-0.0040050813838988707713	-0.0076436200001846650587	-0.01393882339654269574	0.0017393063879098751533
3	1	3	0.0025462811874529846234	0.003549485069353026153	-0.005018490636197599393	-0.00082312273430088390286	-0.00087345097538711797842	-0.0032751108245860647075
3	1	4	-0.0017223872553909485433	-0.00064033655126901148098	0.00089101016151348153959	0.00019895575482401132799	0.0010690379011648409955	0.00043051347474575577196
3	1	5	0.0013642862163113916862	-0.00098977528673965245107	-0.002131203512703400485	0.00044414989271879262581	-0.00039233102724615492559	0.000505035193500032978
3	1	6	0.00086127281103322165037	0.0011714903660716997208	3.0217378728731273681e-05	-0.00088990288416552500682	-0.00043567263530473271599	-0.00043742803567492900786
3	2	-6	0.0011576161348815275885	0.00094682517914367134854	-0.00022346209113918176882	-0.00019604559445273066274	0.00050432070372770322272	0.00040806405808759211098
3	2	-5	0.0017207148592220870668	4.724760113662049277e-05	-0.0018090875565612220439	0.0011463585056026659535	0.00030879389290876349842	0.00048689196292303870686
3	2	-4	0.000564568150490745292	-0.0050445205136634583762	-0.0032395714576038260428	0.0044007203783256333002	-0.0011963596159338541879	-0.0015830301960847769152
3	2	-3	0.0083044013523334066912	2.8167794106536949767e-05	-9.0490811702148931761e-05	-0.002621767140071310561	0.0082440741445319754704	-0.0017196769659410034593
3	2	-2	-0.00091407805479880234901	0.0046132602601852241639	0.0041176315874645666448	-0.0082175164870274264306	0.0027465145052663632839	-0.0012976260967495895342
3	2	-1	0.0063758272093975502243	0.0012340895608865360637	-0.0060711419764935947024	0.0050256523452316239145	0.0069851976752054604006	0.013753573373122855369
3	2	0	0.0041508752229205666054	-0.0097021802263485019263	-0.0062263128343808494744	0.014553270339522753757	-0.00053342084958975645535	0.0038958178757086472932
3	2	1	-0.0043365719454268895558	0.0078023527037300683881	0.003369838676033781906	-0.0094518506763232850582	0.0062700384842131031207	-0.0045033567585436341807
3	2	2	0.0046089771069508581047	0.00017142055877534493214	-0.0092005730789746810461	-0.007058672601067127704	0.0022871074185483934553	0.0068015417629041109021
3	2	3	-0.003029476561554032138	-0.00063204095129123464159	0.0060601726858025674674	-0.0028625211406586473055	-0.0010106385623143460291	0.0025403883783969992589
3	2	4	-0.0027550039292995424922	-0.00070368536946670431041	-0.00013385055861935398142	0.00383484312635120261	0.0021331782262843340496	-0.0013896575360755729096
3	2	5	-0.00088737288472130813714	-0.0012474898288271031501	-0.0012581908625250602315	0.0027855777096441954217	0.001035700075842809105	-0.00036573718656141625694
3	2	6	0.00065916932459690851919	0.00043076410666552031326	0.00032016596528067258138	-0.0015437746302946044139	-0.00043630665072534510198	0.00029920949009877464801
3	3	-6	0.00081003957958535857588	-0.0011198527669161791737	-0.0004329624400284112838	-0.00025026642528763656109	0.00018853856977847364604	-0.00068505959610190786738
3	3	-5	-0.0001507828147212680913	-0.00092456082073233349268	-0.00090073102407223074647	0.0017485866968402869696	-0.0006309083032760993406	0.00049441552566477202108
3	3	-4	0.0010892905103184614534	-0.0035369498742649566059	0.0015831610431424837562	0.0015543739688726443925	0.0020043386650957090156	-0.0014869319290442342685
3	3	-3	-0.0033446940261835180798	-0.0054311597980398656008	-0.001509955798451280461	-0.00023483353749759194613	-0.0048546498246347987576	-0.0056659933355374574385
3	3	-2	0.0041958084032354759155	0.0027451244012187351468	-0.0030686703624373114045	-0.0013848737791068200815	0.0016907070611972465496	0.0020403759331678724895
3	3	-1	0.0042321613118562169745	0.0042937397938047376297	-0.0044402540271454267809	-0.00049728849901337025732	-0.00062427814586762963613	0.011389353884374101358
3	3	0	-0.0049221544950372071725	-0.0043024382190085782088	0.0049221544950372071725	0.0043024382190085782088	-0.0073469502347214875673	-0.0039354901067722306354
3	3	1	0.0066262786006922964541	0.009971807101154061756	-0.0098379786946741140663	-0.0050755889336096416536	0.0096351002819454554388	-0.014688654502633258572
3	3	2	0.0051990375076724363104	0.0015438123237625366209	-0.0058149659213288015097	-0.0040604500991813742214	0.00092389262048454790736	0.0037749566631282557502
3	3	3	-0.0027261199495327869714	0.0014599101434899636447	-0.0011239232292021557151	-0.0049541950558859250073	0.0038500431787349426865	0.0034942849123959611457
3	3	4	0.0034989325915269560603	0.0021766417025447697478	-0.0025568890372455934518	0.00026032358743254436096	-0.00070653266571102195642	-0.0018277239674829855003
3	3	5	0.0011262832122496751423	-0.00081508915161904236905	7.8095429873226265881e-05	0.0027070103662870394733	-0.00072262718527374078525	-0.0011351527288007983059
3	3	6	0.00032947736892226692522	-4.6722323098932744658e-05	-0.00059479876513229953863	0.0002537511457953903855	0.00013266069810501633381	-0.00010351441134822882042
3	4	-6	0.00074022012469255769537	-0.00074365873942207675034	-5.9695892692467340921e-05	0.0009807086086858103624	0.00033031280055130062944	0.00028197636941283519977
3	4	-5	0.0002967364785461678884	0.0015229402846953005082	-0.00052008368120869293005	0.00015415221741291168641	-0.00023802505783925364895	0.0010370859447475096974
3	4	-4	0.00027704469807578033973	0.00095618629862387490535	-0.00057230907483842756792	-0.00074133184842411407964	-0.00036452555128159229957	-2.419212445620790063e-05
3	4	-3	-0.00014734451635977990295	-0.0025129221150950132799	-0.0015129129538599221921	0.0034671520409700314416	-0.0021645617881730092394	0.0021099472728650287869
3	4	-2	0.00060355339239541721131	-0.0046474068232705634598	0.0013326392420932025185	0.0057131436584837210629	0.0035706085727795311251	0.0044551770820615973698
3	4	-1	0.0035096324284980108879	0.0029879810810199284102	-0.00078704151819544731529	-0.0021087065789088367887	0.0073807312127122425352	0.00052911692742443872627
3	4	0	-0.0027591308048887032596	0.0057851460058349936377	0.0020693481036665275531	-0.0043388595043762452283	-0.0025842907663563220895	0.00054485886887093218627
3	4	1	0.00020226049766368999362	-0.002484386007648172346	0.00022316017811339696766	0.003492406605674949413	-0.0014994222054446578515	-0.0065164683997552810477
3	4	2	0.0031949170996461184226	0.0010054950033269395484	-0.0024415779685745208315	-0.00076286134185433898507	9.0780287679864151069e-05	1.7480178718268467975e-05
3	4	3	0.0017522296670113830883	-6.8967390367339465431e-05	-0.0016676426475185088596	-0.0023613435346829672948	0.00047129386301329549962	0.0032174254366112960482
3	4	4	0.00090509158087221720009	-0.0028338424180719425614	0.00017397813257919795258	0.0003938492993677343134	-0.00085279681823336079844	0.0017315325141862224993
3	4	5	-0.00034193517920511290551	-0.00042130761519209978692	0.0003074076299544756751	-0.00025828851620538791469	-4.0764996440512788639e-05	0.0004594153820795702039
3	4	6	-0.00030693502618020848801	-0.00028731434657628350787	-0.00069521514820599782537	-0.00013035809544266826901	0.00061694427856076952416	0.00023056257024992059994
3	5	-6	0.001084489189797873494	-0.0010824444596537450853	-9.4842868497032738629e-05	-3.1214026854612164966e-05	0.00046320887115140952804	-0.00056723391887238269141
3	5	-5	0.00075206317660791565521	0.00031144816650718990273	-0.00034827463473231020253	0.00012281049173857336125	0.00010296327123243920144	0.00030967939164288732458
3	5	-4	-0.00082177077125150839194	-0.00051106709142969945509	-0.00056612305612273869978	-0.00019585536794815454407	-0.0013239818985920546145	-0.0006281195285074678324
3	5	-3	-0.00016630824415044429486	0.00085914647904675373914	0.00071035386949361203207	-0.00022386919781295725189	0.0010176148716722424343	0.00048603114935849166169
3	5	-2	-0.0018437488448545577124	0.0029944144396325243253	0.0013771818097223858211	-0.0024232886963158409288	0.00067733125702412787586	-0.0015666000813408154004
3	5	-1	0.0028984150076726217585	0.0019590610071941396038	-0.0015651574311123445712	-0.001398216682282433761	0.00086945786745614252796	-0.0011139003898297499939
3	5	0	0.0029140763356974271406	-0.0017285705054720867328	-0.0017484458014184562843	0.0010371423032832520397	-0.00057903884157114180256	0.0020238367307893541554
3	5	1	-0.0041764218877636191674	0.00021642858461503404455	0.0023731688406012051151	-0.00048114717666819962084	0.00066342146028483192643	0.0017564501294958958892
3	5	2	0.0010721003388751446182	0.00097822557912306579327	-0.0016404643262466790925	0.001042809461188424049	0.0024930103073039808041	-0.0040743620216556588123
3	5	3	2.5465959281605208208e-05	0.0011844472512504513641	-2.1202251710909949509e-05	-0.00076004139476841959654	9.8711269032447104631e-06	8.2288406696914666305e-05
3	5	4	-0.00079322906278759424716	0.00071953297030546471431	-0.00019433516917119380619	-0.00092664045412370050873	0.00083784075855468799054	0.00061865083992552712729
3	5	5	8.483091425087652853e-05	0.00016249295049453309908	1.6527683874057636263e-05	0.00093278754822630877662	-6.7426232424583554736e-05	-0.0010302833185230285927
3	5	6	-0.00022211158199950416085	-0.00042540447911253111059	5.4954781258330086019e-05	0.0010716214912803100848	6.5260139951143673149e-05	-0.00068031566984399279453
3	6	-6	-0.00036029712568747993776	-0.00034522518429569882138	-0.00018321191142642466649	0.00025723899092161669946	-0.00036336047427016460827	8.4626398773767315875e-05
3	6	-5	3.4326307764379590298e-05	0.00056069451192263712949	0.00022091512758591429471	-0.00067003181916157447846	0.00028569393776172488479	-0.00046762147584030708562
3	6	-4	-0.00033921344038917921812	0.00083719005868557899198	-4.0816940420397767664e-05	-0.00010856712806843407811	-0.0003156354909224810888	0.00046504185191153314715
3	6	-3	0.001093560496569380815	-0.00018800704855586217548	-0.00020770850292541531354	-6.0340064610264100976e-05	0.00067814349071855029635	-0.00030868717777639037743
3	6	-2	-0.00016629391243119502706	-0.00091158533565966989344	0.00019629790191533401053	-0.00010264464471178089816	0.00033945283709920951809	-0.0016753119376248476295
3	6	-1	-0.0002933158473164514243	-0.00090114483517562612991	-0.00010120749701829504571	0.00051854719585502626923	-0.0014871925240591244658	0.00040784866960327955093
3	6	0	-0.00050688150451570475417	3.1097062234172714228e-05	0.00025344075225785237708	-1.5548531117086357114e-05	0.001339490097151333891	0.0012738775279220696402
3	6	1	0.001533836846044996224	0.0017731142459652677983	-0.00065694805851678199533	-0.00098699950559561107355	-0.00065982218703429680855	0.00060265429567786315494
3	6	2	0.00040643892999032418464	-0.00037894732582389496637	0.00031034679034861459767	0.0001513145681316039313	-0.0015406987660313300158	0.00011447728434103066921
3	6	3	0.00015652572397935682141	-0.00029633119476506539604	-0.00064991290892250789049	0.00037728727383986606064	0.0011433000938656590409	-0.00045824335291466667102
3	6	4	-0.00023458273734639859009	0.0010025989840279536831	-0.00016461507332866194466	-0.00017094048656823769995	0.00042285966300279186634	-0.00049553850816860876664
3	6	5	0.00011935418002390283114	-0.00016693092842969540395	0.00033384616107925030879	0.0003039723974556568834	-0.00047222790130944204212	-0.00026460831988897099603
3	6	6	0.00014417799796500476816	6.2498213480913214686e-05	9.3058459899365053082e-05	-5.6847250013038673163e-05	-0.00016514745888186743716	2.559814327258206582e-05
4	-6	-6	0.00015712894228713425622	-0.0005553780619350552096	-0.0004118163840623634709	-4.975594817461494125e-05	0.00051656901225378634452	-0.00032049609311542181546
4	-6	-5	-2.716809362882811123e-05	0.00030221140693312894144	0.0003905489563317260512	-2.5578171834376163372e-05	-0.00049039322250113372061	0.00027246293174775453429
4	-6	-4	0.0013412148467545623783	0.00073577925306190291189	-0.00019901419190258381911	0.00053822095336991584297	0.0016397361346084380392	-7.1552176992970906774e-05
4	-6	-3	-2.3366263796948592802e-05	-0.00057052456013712026829	3.8415243979642692827e-05	-0.00044111550517718465126	-0.00010798550635521684724	0.00012153159683820889962
4	-6	-2	-3.1101754388302856025e-05	-3.7738550547269709794e-05	0.00034318669685132099489	-7.7356467352016430481e-05	-0.0010917635993305686154	0.0001565923009615098583
4	-6	-1	0.00032566825230444500922	0.00058197593311398742883	0.00020538452974281753483	0.00044052754136507258145	7.036583076087489562e-05	-0.00031526151573448577339
4	-6	0	-0.00045528902105691028196	-0.00020776130852902664585	-0.0003035260140379401699	-0.00013850753901935110627	-0.00047219154769133228839	0.00077246470154342182068
4	-6	1	-0.00078164281902540590826	-4.2150456550315268227e-05	-0.00060376120478255784936	-0.00035184643168959255262	-0.00049599595259372357154	-0.0019424767639362942699
4	-6	2	-0.0012533488983062206906	-0.00038256759847584223284	-0.00069885846200060531674	-0.00022857182904934610513	0.00041012241061062526841	7.9419709803646163838e-05
4	-6	3	0.00082089739344126124408	2.3125435227898327256e-05	0.00044981409999755769249	0.00059726303717420718437	-0.00019490165792656623765	0.0011636921607112164952
4	-6	4	-0.00057756809055876457207	0.00025818384225935269403	-0.00040214958814989470092	0.00014873599396472513392	-2.5656291666077499648e-05	-3.5079851312265006714e-05
4	-6	5	-0.00011299363413564108617	0.00093015888054146953975	-0.00017592066605667759497	7.0311268873565079983e-05	-0.0001207098919595002369	-0.0006597535817848975033
4	-6	6	-4.4982171043808108718e-05	0.00029650651925315326188	0.00026741815835164500868	0.00073965617293056363461	0.00029740627238085040997	0.00054198516009512805441
4	-5	-6	0.00035007417037590692803	-0.00016631401820457408585	0.00090914983878805837123	6.0405306839379346168e-05	-0.00052424208540611074488	-0.00016121376783586550334
4	-5	-5	0.00063596364684485081741	-0.00032377895192825994824	0.00054648689201895934726	-0.00044064326674545314802	-3.7715974543078696038e-05	0.00018162010520284520027
4	-5	-4	0.0001689669910246640466	-0.00072553437285109430126	-3.6991066084349810195e-05	5.4397414900723323509e-05	0.00021520582363010131951	-0.00079353114147699839974
4	-5	-3	-0.0011139813921037875887	0.00080467539371898279352	-0.00017551133933597288898	0.00075511951022642291153	-0.00119278962391176197	-0.00018563199208539439794
4	-5	-2	-0.00068481296412840301103	0.0010086072275110465838	-0.0007871982962981380642	4.8697931210235676327e-05	0.00059836981248853919266	0.0018954696269965040818
4	-5	-1	0.0009735815291702185504	-0.00020491067941325692486	0.00090469641064437004291	0.0001881390646521685021	-0.00062915593654097612137	-0.0017603380409138703454
4	-5	0	-0.0013415173155210103305	0.00014555087569370728597	-0.0010732138524168083078	0.0001164407005549658342	0.00011004889429632870959	-0.00020431115267153645361
4	-5	1	0.0014276965822977792219	0.0012887470418512072048	0.00081537471446791473864	0.0011351024714701593837	-0.0016339127568515429776	0.00052052418994596799055
4	-5	2	-0.0022038139786672355722	0.0014251929591820118506	-0.0012444652768325453231	0.0014550157035594613823	0.0012964647652531071861	0.00078715334053462964609
4	-5	3	9.9371673661550867247e-05	-0.0010726959308407296115	0.0010431896038820903053	-0.00077640581512838458076	0.0016061537749214160192	0.00013625154924033181132
4	-5	4	0.00011292603775576252867	0.0005115187102406432932	-0.00056601165744543148212	0.0001204966356553630692	-0.00082044060956255188133	-0.00036089791567143949397
4	-5	5	-2.5126329915194352223e-05	9.3384608617835706992e-05	0.00019901736314398101361	-0.00011980334895015760596	0.00021911842707613649809	-0.00019451103584442616342
4	-5	6	0.00024174366891209828458	-0.000198094413563003292	0.0004429200218119420311	0.00079943205925392304273	0.00020793757223521949383	0.00079825632508693806361
4	-4	-6	0.00018543021535553032937	-0.00021738456972104192684	1.5950014187849911667e-05	-0.00078020824973286915811	0.00011298680077845361632	0.00037521578667455154172
4	-4	-5	2.0976758812799199878e-05	-0.00049049654323339401951	-0.00014831409624761328976	-0.0002134451723855041057	0.00013543268404832997003	-0.00022164109667831190936
4	-4	-4	-0.0010467020986524384809	0.00032773407363880034237	-0.00071806984412062300864	0.00044525673648310794576	-0.00032863225453181541804	-0.00011752266284430760339
4	-4	-3	0.0020498097915529582547	0.0019518652775075123057	0.00029413214375563208162	5.2537023862101519265e-05	0.0023409035303964347528	0.0025324376715272142735
4	-4	-2	0.0012327116639366361879	0.00099853806602145738468	0.0018687268959730060983	0.001365101865584114442	-0.0012720304640727398207	-0.00073312759912531389773
4	-4	-1	-0.004082278976235085774	0.00047130447679478629621	-0.0032927777602871494134	0.00019045651302458107635	-0.0031580048637917437077	0.0011233918550808208794
4	-4	0	-0.00014392465146397358656	-0.00012258168044950668789	-0.00014392465146397358656	-0.00012258168044950668789	0.0039905313271024010074	-0.0023835665402514756572
4	-4	1	0.0014797473243238475158	-0.0012833351671408801606	0.0021285644776855680745	-0.00046898874964439038948	0.0025952686134468826683	0.0032573856699859593013
4	-4	2	-0.0033076083437772714826	0.0018330439514056048184	-0.0036913759435875086873	0.0017533917866340369661	-0.00076753519962047484296	-0.00015930432954313559612
4	-4	3	-0.0010708645961137080223	-0.0016127437282399989353	-0.0015651750170323944049	-0.0011873764506340057749	-0.00065908056122491499602	0.00056715637014132435842
4	-4	4	0.0010954386848307786848	-0.00024110872725846102288	0.00089836573548288600147	0.00090475753735716252148	-0.00019707294934789262907	0.0011458662646156234088
4	-4	5	-0.00031928559940348901847	-0.00045717439341419084317	0.00048738119162130758141	0.00018816563700936334708	0.00064533343281983725822	0.0005162720243388433522
4	-4	6	-1.158246773167892656e-06	-0.00090823632729847834141	-0.00038746208464228486463	-0.00068894193796547144922	-0.00025753589191274464925	0.00014619625955533796426
4	-3	-6	-0.00015328901918006888525	-0.00097571562060483156813	-0.00044958728783999797477	0.00012803129714773832143	0.00012260096446661973959	-0.00071449272897709022873
4	-3	-5	-0.00021546065095577813229	0.00064224266181333678014	0.00012441686660765756542	4.1752860981879911685e-06	-0.0002470186407292170234	0.00051128895779175664686
4	-3	-4	6.0913793036562441754e-05	0.0012146557059482785985	0.00069969082860229310679	0.00079330944961747429118	-0.00046385432841515735446	0.00061967361873517296141
4	-3	-3	0.0046356514828705111184	-0.00093224946870999736686	0.0042015420123377800535	-0.0014398585903607550966	0.0019793266314895681043	0.00019685929874742517476
4	-3	-2	-0.0027049596048411444528	0.0039168478337676176579	-0.0025841970581056044123	0.0074198209401067820659	-0.0015336236225238827208	-0.0032960357426249369157
4	-3	-1	-0.0063140185549364624684	0.0013704895815704319119	-0.0084549174239632960554	0.0010957710086395677351	0.00010867805214403944436	0.0021946453003630250929
4	-3	0	0.0022380860631785984456	-0.0016147651392905686563	0.0029841147509047974938	-0.0021530201857207580639	-0.00080955983817973683168	-0.00019563633502792565806
4	-3	1	0.002085109733964525796	-0.0034154300968308897758	0.0031612900251444813089	-0.0032009333341106440893	0.0011434311395753411766	0.0040589203849916277028
4	-3	2	-0.00020935788341222677489	0.0036216444768984966396	-0.00069770721298510133667	0.0054350762015609203545	-0.00062784505265319845522	0.00090932534854438768629
4	-3	3	-0.00059773947022222608319	-0.001713480647871241545	-0.0024358946143306185739	0.00067618918028243221209	-0.0016389086540343170573	0.0029608300441107543444
4	-3	4	0.00060011925160231415627	-0.0005014548414256894595	0.0021088206249711654965	0.00037554454931079862432	0.00098149621712605985765	0.00078311325340878841419
4	-3	5	8.9209834435100706881e-05	0.00036669350353824177718	0.00014900053203398668043	0.00094104490457981582185	1.8032451672311446139e-05	0.00027127213991729609305
4	-3	6	-0.00061510725997133812188	0.00025508533386802811471	-0.00086902101993203907833	0.00026492451529622998863	-2.4439003318460833031e-05	-3.7594631597237082154e-05
4	-2	-6	6.5149827190706742063e-05	-0.00054430221180831489958	-1.1869653547168612274e-05	-0.00046375155345632068909	4.7389769309527367161e-05	-0.0002082842900534363881
4	-2	-5	-0.00037526312147508652899	-0.00036466840126387072181	-0.00041417990788064650877	0.00031667305957468422448	-0.0001345385340278106251	-0.00041840394484097029977
4	-2	-4	-0.00020943633903016518026	-0.0020905640450405195419	-0.0015355814309226392071	-0.00011563139974385313593	0.00055835437643115442326	-0.0020327483451685929468
4	-2	-3	-0.0054666802106612070317	-0.0031272695705126057029	-0.0073953571021925105025	-0.0041422716095094787997	-0.0023586688794199352735	-0.0014081783543438218097
4	-2	-2	0.0034616571578059206031	0.0043844131396162241629	0.0053966437270942880025	0.0086753428949346844679	0.0015266705885175538542	9.3483384297764345831e-05
4	-2	-1	0.0015491915180653296775	0.0043726472183017095138	0.0033284281413383624837	0.0052497713776807090544	-0.00046009021041540582378	0.0069910461178454190792
4	-2	0	0.001932020914995947504	-0.0025860060387566771896	0.0038640418299918950079	-0.0051720120775133543792	-0.0059750466827126254982	0.011444805828760616292
4	-2	1	-0.00046143547929755856759	-0.0037697504516711879616	-0.00026698647970248848759	-0.0084812236447239525844	0.0013117689577852574036	-0.0018834454827631546235
4	-2	2	-0.0022568064173499333483	0.003797890071053933083	0.00063022794490053468328	0.0044417607931184089481	0.0051438407796004018135	-0.0031540193489894576516
4	-2	3	0.0015974428831206797987	0.0025579265321462674523	0.0015323200359599513723	0.0021267860072090630751	-0.0011083771535209388168	-0.0019927113713889810752
4	-2	4	-0.00067491912196859695904	0.00061937029492290505452	-0.00022459872715053797723	-0.0030388607135549230466	0.00056261975839332805174	-0.0021388006517003665778
4	-2	5	0.00041122356020217881072	-6.2371007551668034181e-05	-0.0016417816268448008187	2.3419384875931218765e-05	-0.00098569149889966324596	5.926455999170690943e-05
4	-2	6	-0.00057637869057937222723	0.00044742589107916894099	2.1015530777899698011e-05	0.0014431741618729950188	0.00039125763731221471862	0.00018277412657155238797
4	-1	-6	-0.00018913604836900751592	-0.00024898527658330786745	-0.0001888414914243381293	8.7534455448763941101e-05	-9.4617117008615313364e-05	-0.00018057926029699925322
4	-1	-5	0.0012829540675163247747	-0.00067331071994493460389	0.00016960791856309587059	0.00079482425969420870179	0.00099244167030044074321	-0.00069761342789478940178
4	-1	-4	-0.0049235611784410621833	-0.0021567513808871952019	-0.00065991450555970255186	-0.00025798931087582651842	-0.0047585825520511364911	-0.0020922540531682388976
4	-1	-3	-0.0035653060164734249118	3.8505276344016705378e-06	-0.0019619357238686110402	8.0279576505535694367e-06	-0.0040997627806750296803	2.458050962351037995e-06
4	-1	-2	0.0016065145915833589814	-0.0018179653886148917311	0.003390532305138067512	-0.0097311099830484949769	0.0015177630305976842068	0.0012296242142944640262
4	-1	-1	0.0027606289153354144489	-0.0010864660108222991275	0.00061545296116510155894	-0.00059974951414027777644	0.010427062700176556453	-0.0037461145291489187335
4	-1	0	-0.0022428901808204649258	0.001043619987004084336	-0.0089715607232818597033	0.004174479948016337344	-0.005139787187187433784	0.0091576500013767162672
4	-1	1	0.0047337035477246517876	0.00090463708261839153105	0.0062890477732605405345	0.00535925270367161935	-0.012645766417638067483	0.001740704373198053009
4	-1	2	0.0059976300131084131148	-0.0022616274637779357551	0.011581040890506558161	-0.0026658054014267887691	-0.0062047395809635471492	0.0031903522268424775593
4	-1	3	-0.0020020871212386060108	-0.00081864897124862053696	0.0010026557661202959749	-0.0026925744162681129572	0.0030036680836915729056	0.00019400715624212305451
4	-1	4	-0.0017652641120441756994	-0.00020216185368506213948	-0.0023881181541316577957	-0.0027760216869937306104	0.0011682345735112614673	-0.00049184356806337048602
4	-1	5	0.0011242770214015310702	-0.00039931103546051729351	-0.001202509544348665145	0.0015029226350234822177	-0.0011399235259909577551	0.00062003335537311025667
4	-1	6	-0.0002672028711829650357	0.00019433926523408043708	0.0021463655625412062303	-0.00038626915231498165637	0.00053586284121217772885	-0.00019393770220855056745
4	0	-6	-0.000249619991514691338	-7.8920855105844459976e-05	-0.00010362409930135924551	0.00032775105653359582489	-0.00016641332767646091007	-5.2613903403896306651e-05
4	0	-5	0.00029681789640784481772	0.00017245555370201223386	-0.0010594180013998393507	0.00025146868187466754098	0.00023745431712627587586	0.00013796444296160979793
4	0	-4	-0.0020374227798186598376	0.00060215116473202943796	0.003065705070724596918	0.0054721522309031248379	-0.0020374227798186598376	0.00060215116473202943796
4	0	-3	0.00047319511743605961393	-0.0018838220390485086245	-0.003574650364570325714	0.0025556492909203989972	0.00063092682324807948524	-0.0025117627187313451217
4	0	-2	0.001134022834777285646	-0.0057641153027483439664	-0.0034245756720885246055	-0.0097246615188578168498	0.002268045669554571292	-0.011528230605496687933
4	0	-1	-0.0017944206640017024926	0.00054910348992856842197	0.012258380794372154138	0.00027023980392038845577	-0.0071776826560068099706	0.0021964139597142736879
4	0	0	0	0	0.0025171504281742114809	-0.0069208621090979215162	-0.013722065927946154248	0.011570456570720425576
4	0	1	-0.00039071820143357410739	0.0010309812851246038731	0.017571410954917904279	-0.003731885521355343769	0.0015628728057342964296	-0.0041239251404984154925
4	0	2	-0.00025455921210132940622	-0.0022167605196709468107	-0.012959727488568641152	-0.0099782121143053483653	0.00050911842420265881245	0.0044335210393418936214
4	0	3	-0.00030646368930084408799	0.00074469113606401055212	-0.0015461691553440067709	0.0018543281153662297296	0.00040861825240112546872	-0.00099292151475201414178
4	0	4	-0.002669986117804218264	0.0013921324926359972349	0.0066779599122860347146	0.0016277800478252139535	0.002669986117804218264	-0.0013921324926359972349
4	0	5	-4.1413074991538442304e-05	-0.00043593256005925487247	0.0027000089994378231352	0.00065184323765674599422	3.3130459993230751132e-05	0.00034874604804740387629
4	0	6	0.00027136010878085352381	0.0011867157111278715115	-0.00044500996959742026432	-0.0021448053197728076877	-0.00018090673918723569158	-0.00079114380741858100765
4	1	-6	-0.00021845383178288363575	3.2321580952506951117e-05	0.00036532884253849068562	-0.0004707644540789821864	-8.4747747432173980747e-05	-5.691302171149239473e-05
4	1	-5	0.0012472634182779222551	0.00089191625305465327151	-0.00056900278689025649784	-6.7952120674785962428e-05	0.00088401017724428648283	0.00069994257830876540575
4	1	-4	-0.00040728589027708351393	-0.00085506465387520278702	0.0052166118808177818975	-0.0017278802217137896862	0.00089686707992736190622	-0.0012870347093036501544
4	1	-3	-0.0022395537220481999061	-0.0018382876521554232779	-0.0021411416088599655345	0.0052064882620434828342	-0.0036997854990175882417	-0.00071555411552607023698
4	1	-2	-0.0054726734761168325388	-0.0031190989304984914621	-0.0012524624086028943344	-0.00046245163953860356091	-0.011571578156535112028	-0.0064694236807662846775
4	1	-1	-0.0014930347412642061208	0.0035274139268474330802	0.013708642168611119908	-0.005617605540142443267	0.0077365032035542945568	0.0084920501672472881866
4	1	0	0.00060362550726201320492	0.00098359258738638859036	-0.0024145020290480528197	-0.0039343703495455543614	0.0017312937474326056762	-0.0046103342593843488553
4	1	1	-0.0015318668936181868267	0.0039761485708615790235	0.00038368709967825665721	-0.016705612469127384401	0.0057437804747944905953	0.00080101818568106852338
4	1	2	0.0011252810909778213078	0.00017749030279826195152	-0.0073209551161988713555	0.0034678195191563125806	0.0014099153761437928454	-0.0020888903651746803559
4	1	3	-0.0011815137010900602765	-0.0023981143358826869164	0.0016569166849503861542	0.0059528005202992197858	0.0010230460398032849116	0.0012132189410771763213
4	1	4	-0.0026650926048597881057	0.00090760993597625177522	0.00030737361189635514476	-0.0022716251635884095184	0.0025882492018856994957	-0.00033970364507914928721
4	1	5	-0.0001781834881884227634	-0.0013181777234930610546	0.00062496218251657342617	0.00022547755313019539705	1.755435404742352481e-05	0.0010094466681684097047
4	1	6	-0.00026022857477041690588	-0.00041459976093304208708	-0.0017662870328535903563	-0.00082135658870668656374	0.0004678668886558763119	0.00041329260540647581867
4	2	-6	-0.00026923632051992788189	-0.00055662770742837301089	-0.00057131549900070824084	-8.6857785391407981508e-05	-0.0003699293800135213168	-0.00040003773341605131184
4	2	-5	-0.0011641061033508301025	-0.00057040377065854146535	0.0002023920707275154475	-3.9271751570433787695e-05	-0.00085032805438965783796	-0.00047203171715500669278
4	2	-4	-0.0013204492394701626817	-0.00056624271663400951686	0.0020326122624363734612	0.00074992937087180102512	-0.0003041431082519760595	-0.00019127803119810897719
4	2	-3	-0.0038600314901281415104	2.0920305704824274643e-05	0.0022853318641249511026	0.0008637625876968527865	-0.003623154077420887801	0.00060373546607100090407
4	2	-2	-0.0019310119725489975542	0.002557680500099317536	-0.0070860405445929029386	0.0015902830652379437975	-0.010948064489690897613	0.0067056440654365782189
4	2	-1	0.001679558945369980915	0.0024138028365523027385	0.00019467657195343119475	-0.0053923909472987649819	0.0071075889253867860496	-0.0011295705483883192264
4	2	0	-0.0053290419216012923156	-0.0031925086118604509115	0.010658083843202584631	0.0063850172237209018231	-0.0095443977721680773457	0.0088508584978333349619
4	2	1	0.00083921097475792743366	-0.00059385841287008616068	-0.0029737745431660522755	0.0020010471545209283263	0.0025907051873003948163	-0.0016266606575615117931
4	2	2	-0.001311038082238399731	0.00036635498276296746397	-0.0006455083697003104453	0.0020810528895255221531	0.0032675845341771096904	-0.0028137628550514571894
4	2	3	-0.0036963956499871724812	0.00030398088295731248926	0.0056229040494765380673	-0.0019741445172519436931	0.0011799248336652045244	0.00091078850089154562899
4	2	4	0.00088796786416166760287	0.0003954291632462438727	-0.0025927570524210451566	-0.0033057042326674244102	0.00040841066204885492124	0.0012574229530874683324
4	2	5	0.00097597924482860647262	-0.00048426767248209158208	0.00049362796486686604663	-0.00046524351272476943816	-0.00097823458180963164012	0.00057351154307558110598
4	2	6	0.00013761690908121275152	-0.00098798739356278442517	-0.00036082230481941060703	0.0014728293039399369558	2.8529495552328353313e-05	0.00016771516106187735239
4	3	-6	-0.00040037093856850724648	5.6806617512744434428e-05	0.00086142816977715546203	-0.00047456532156753711846	0.00016380012584290621529	-0.00019941158244193892273
4	3	-5	0.00076579415662294809779	0.00046914418928409269216	-0.0001265521448618769332	0.00033833263427239556372	0.0005367040383812322641	0.00057831493199071151365
4	3	-4	-1.1671154974625814299e-06	0.00079269477020703046129	0.00048086571792639690474	-0.001211080371420961057	0.00035948217294733510793	-0.00011561550835869029076
4	3	-3	-0.0022148079510943838658	6.6478037565854570796e-05	0.0012927381641320318407	0.0011500253758288088782	-0.0016603391039938133859	0.0012386627592499482517
4	3	-2	-0.0050349401606733521289	0.00029492293945624373447	0.0035688868447735773264	-0.0001509927037046658756	-0.0047165500541863384851	0.0003633568233554886691
4	3	-1	-0.0013011056446047184441	-0.0011934880048939150617	0.00088753968952973432294	0.00081274044647410362014	-0.0025418035098296702656	-0.0023357306801533492778
4	3	0	-0.0011250318025132093926	-0.0004689795286274402804	0.0015000424033509457845	0.00062530603816992041	0.0033197859572466777676	0.0029011623644333824415
4	3	1	-0.0016691576675388422341	-0.0045064592919209917055	0.0011859295499593589321	0.0052262241087357380956	0.0031188420202772917066	0.0023471648414767529688
4	3	2	-0.00034915924155498584804	0.0020827589756299670978	-0.00036020036907834706782	-0.0019657744466676850374	0.0012386190367274924062	-0.0012168562812584068564
4	3	3	0.00068809229732595981674	0.0031569798095529445076	-0.0017563559641888999707	-0.0023579372846224970657	0.00083889956775428699016	-0.00185136912811476235
4	3	4	-0.00035837729187430716806	8.9300099959165635016e-05	-0.0012465378743765458125	-0.00053741356752223410839	0.001293280697656716419	0.00031376007568250995983
4	3	5	-6.2174871465376334301e-05	-0.001206597754173723263	6.5088443309401202634e-05	-0.00035288944130307481426	1.0686831186660337729e-05	0.0011770118681208236507
4	3	6	-0.00062914917178587194835	-3.1314525771412794926e-05	3.7441706599438739423e-05	0.00067539435400024139776	0.00040071192789086195743	-0.00031682082648584552033
4	4	-6	-0.0004415969092886946239	0.00040296084532159836839	0.0010804280928744663948	-1.7677971885159278996e-05	0.00042588745572384777496	0.0002568552489576260596
4	4	-5	0.00038032739940909647373	-1.8291133397483294137e-05	0.00048955349546742673705	-0.00058386863262135024408	0.00069590471590121863368	-0.00048172781281506687123
4	4	-4	-0.00089009584005477848743	-0.00066970312611696919836	-0.00048084470735955880472	-0.00063256704614234971016	-0.0013709405474143373464	-0.0013022701722593189085
4	4	-3	-0.0008113732496516643574	0.0002906829500114321038	0.00061367043311523125897	5.4302963348061061356e-05	-0.00026360375538191088826	0.00045998121781265754451
4	4	-2	-0.0017002797576239556121	0.0014806186528075538419	0.0012332869735663027667	-0.001737701380438684811	-0.00093398556811530536546	-0.00051416545526226182985
4	4	-1	0.0012982283137539963203	0.00048081558304333870324	-0.00030098222652596241583	-0.00099756752102464485432	0.0039889843489121354012	-0.0020670077519252243875
4	4	0	0.0041800772391888162474	-0.0023174137465613747246	-0.0041800772391888162474	0.0023174137465613747246	0.0032562322678543259222	0.00079856170836527359726
4	4	1	-0.0020280023897160698483	0.0026104480153663874378	0.0024790655379230697175	-0.0027122459663764444254	-0.0018042525928279988263	0.00040719180404022697461
4	4	2	0.0030624125285232438667	-0.0012827334959723754593	-0.0017549259569608417937	0.0018227832482899065589	-0.0026149731431248041461	-0.001080099504635062416
4	4	3	0.0014127786723823656644	-0.0015331707100867371721	-0.00084089727588792281387	0.00066198769542365285684	-0.00076250852865925727864	0.001161577352884112348
4	4	4	-0.0014373911806988190747	0.00065770847080956203017	0.00026614377295097551256	-0.0005650146968881226972	0.0011712474077478435622	-9.2693773921439414276e-05
4	4	5	0.00020131057482003232085	0.00045805219715082796895	0.00035243535941005766027	0.00017376941774785166061	-0.00044299674738407197406	-0.00050545729191894372533
4	4	6	0.00043659321373915071281	0.00052591249703472816961	-0.00046512141486469010809	0.0011581742528706240585	1.9018800750359564101e-05	-0.00112272449993690163
4	5	-6	-0.00046148707886825877456	0.00028896383413158773998	5.7427307500148246414e-05	-0.00018505826493235002714	-0.0002598019629953823178	3.8427335310766813073e-05
4	5	-5	0.00056535084218580053568	-0.00021245087407655767497	-1.8255218773613527517e-05	-1.9618486324057180886e-05	0.0004340254549750269383	-0.00018957918558530333238
4	5	-4	-0.00020804836924892726262	-0.00015967954437095366977	0.0005059492840184663014	0.001065523810476627295	0.00042438823577415555992	0.0011722252187248306116
4	5	-3	0.00038789346696032868866	0.0008147095109207020628	0.00037485529039891238388	-0.0002982897663986865686	0.0011419501066119589275	0.00058912973722979183888
4	5	-2	0.00056615979510677338828	-0.00032095376910392460533	-0.00051872261102814561356	-0.00051565916164856098226	-0.00016448693735681733864	-0.0019310554423292514495
4	5	-1	-0.00050460303742291476303	-0.0011690129847400005693	0.000203080560570315712	0.00081859743381796777791	-0.0010030093468400805463	-0.00058306476987016360447
4	5	0	-0.0011776185419812045582	-0.0012827551035990208614	0.00094209483358496362484	0.0010262040828792166891	0.0021687183007368607962	-0.00048860561427478850765
4	5	1	0.0017911294676088544437	0.0010248448720396510087	-0.0015976561141232018069	-0.00086640963813812042153	0.00082376270018059158471	0.00023266870253199864222
4	5	2	0.00021136335296893145612	0.00072838851749434377	-6.1798077124603151885e-05	-0.00031773359259501315552	-0.00026823151312635500542	-0.00066244305350115465121
4	5	3	3.3548709106677535854e-05	0.00025475620508318564793	-0.00068736486678577107551	0.00030708072934523936203	0.0011008764991673816724	-0.00085147615568631311589
4	5	4	0.00054899084234584722211	0.00082692847977440574539	-0.00075548978577456230975	0.00012209838202261724389	0.00039537138987235563798	-0.00097955145730267722572
4	5	5	0.00035114591635563744765	-0.00040671134822018540972	0.00039957984242483594829	0.00011022265003772826455	-0.0006804965755093458522	0.00021514642853842004424
4	5	6	0.00040445680433117997977	6.9180156169329053845e-05	0.00033645712205797144445	0.00015924941262361681283	-0.00055001880460242959583	-0.00017882794796590003304
4	6	-6	0.00024003726489234839133	0.00053461177328506873097	0.00024815172099271833083	0.00024329226312023679484	0.00040817656425428387084	0.00059970011197694930022
4	6	-5	-0.00048167778077501713883	0.00059775268286633553155	-9.9025517526702368427e-05	-0.00032253176754351391402	-0.00050417284565205651523	9.1164025240851736544e-05
4	6	-4	3.7540370562182043799e-05	-0.0001599533148251265852	-3.0625488754318097053e-05	-0.00010253011632127469752	-8.3978625692951017797e-06	-0.00031374848930703860437
4	6	-3	1.89997069109795676e-05	-0.0013545356128206662016	0.00015565221769373434281	0.00083359012718678285412	0.00033663737793544144241	-0.00013886722938732265096
4	6	-2	-0.00073989909144236726702	0.00093406635750650183082	0.0002154125442997431388	-0.00050776290909216974245	-0.00083356054998550506343	0.00034484398773649454269
4	6	-1	-0.0002409594941579381016	0.0003189576442465000901	0.00013248664895944877915	-0.00018399535763602653613	-0.00016891808287505970438	0.00017185843116984111652
4	6	0	0.0003789276733259851768	0.0010403287121391623961	-0.00025261844888399011787	-0.00069355247475944156125	0.0006844184995640147269	-0.00087963628292902617395
4	6	1	0.00089307088290893946701	-0.00036555007158306919261	-0.00056038707815887496121	0.00027838566589906649056	-0.00020996106268250796525	-0.0002081137090621222813
4	6	2	-0.00031798514370874104594	0.00010060061925156080188	0.00023215489732191735913	-0.00053712305744784999851	-6.0494404548270019385e-05	0.0014101679338404285273
4	6	3	-0.00013304806013128507363	0.00011243606177017258718	0.00033560250525912035295	0.00041415646201252556474	-0.00049380759700986057159	-0.00097822767305194785817
4	6	4	0.00024321722720720864003	-0.0002562070349698004337	-0.00052037623917005574204	0.00020687411570514477733	0.00053734713154787500013	-5.4104138587916732303e-05
4	6	5	0.00040736189281215327406	-6.8585204810320702447e-05	-0.00066072782780107481692	8.3742269190368155848e-05	0.00046698387911156720442	-4.5622559180185226415e-05
4	6	6	0.00015843310720010172024	0.00036924845168543772231	0.00027298645230644942019	-0.00015160424724964814453	-0.00037860852377318390035	-9.456138720731034153e-05
5	-6	-6	-0.00037063433931167825801	8.9653343909760943153e-05	-0.00035829738952145576874	-0.00015460524643264435219	4.9435440095057209102e-05	0.00022931636635744513815
5	-6	-5	-6.1595750768532678688e-05	-1.7006265645181070146e-05	-0.00044878728435601337012	1.8118103503747864778e-05	0.00047694899045868331938	-3.874798984967850788e-05
5	-6	-4	-0.00054964080577035473885	-0.00068627639318654136327	-0.0006853416435781795827	-0.00049132673271355437224	0.00034096145815432586917	-0.00012085539241284514573
5	-6	-3	0.00026270630182827610583	0.00031182666274358442375	0.00044047954858560160957	0.00033140909893389608031	-0.00044311526079074306083	-0.00014310709329515142727
5	-6	-2	-0.00015200183013619667817	0.00037440108579026932026	-1.5298015121734724012e-05	8.6120844889484894375e-05	-0.00033411052997528748951	0.00067764017980721856331
5	-6	-1	0.00018661453286912907	-0.00013148295002807182169	3.9752503995652281772e-05	-0.00016087806418686178569	0.00069455764037173171356	0.00030785363498081160568
5	-6	0	-1.7115314941940573489e-05	-4.0591556563479363421e-05	-1.4262762451617145139e-05	-3.3826297136232798333e-05	0.00034722111877538496894	0.00051839658310838998469
5	-6	1	-0.00023120871195114105299	0.00048314044346878042783	-0.00027925051991195933487	0.00049602177530692524113	-0.00051945955971605074428	0.00056042843449764919925
5	-6	2	-0.00026377080611306440595	0.00056939042139165737567	8.7223503320862447587e-05	0.00056868012366894054969	0.00092109752524524839828	0.00028256431752767815569
5	-6	3	-0.00025009412953758976923	-5.3181765947364037679e-05	0.000222182359240521792	3.6299522824968484883e-05	0.00086118826771035988411	0.0001612353222288770416
5	-6	4	9.8613232397317955222e-05	6.9631921315439627269e-05	0.00017924100399482119795	0.00037299090252915521665	0.00014559496549558436306	0.00047244645214943330105
5	-6	5	0.00037375101902873748188	0.00012863735582594720678	-0.00014220889757600603791	4.3022094946410294517e-05	-0.00054440169611994469485	-7.7010841890254866913e-05
5	-6	6	-0.00047222901987856310494	-8.6569948840273350547e-05	-0.00012066623155584098889	-5.8621068950092658219e-05	0.00027285795167629494544	1.3520555083468470625e-05
5	-5	-6	9.8965321572631152216e-05	-0.00019067826852313686493	0.00060074111934792207533	-1.4548769828162432725e-05	-0.00041814649814607575797	-0.00014677458224581201723
5	-5	-5	-0.00027447397426698063498	-0.00052679044564860066664	-0.00025318669487839475874	-0.00032706314380850725308	-2.1287279388585869471e-05	-0.00019972730184009338645
5	-5	-4	-0.0010052095277837474422	0.00049336615463526983186	-0.00039932644553799070183	0.00046682160482479611707	-0.00075735385280719584415	3.3180687263092163827e-05
5	-5	-3	0.00071636841433675056082	0.00032785896280375690466	0.00021351433177906666569	4.168417208633598786e-05	0.00083809013759613977101	0.00047695798452903481615
5	-5	-2	0.00034702295852322785673	-0.00021398261663885020977	0.00013617759604834506052	-0.00020992433692048744496	0.00052711340618720708539	-1.0145699295906949301e-05
5	-5	-1	-0.00020301639083668507357	-0.00040397528255878999886	0.00013910986687200408308	-0.00036819792154783620875	-0.0017106312885434456477	-0.00017888680505476908605
5	-5	0	-0.00054557525747832378432	-0.00022713088269234459364	-0.00054557525747832378432	-0.00022713088269234459364	0.0012486514428242047499	0.00023711050352226192882
5	-5	1	0.00085048549394688491287	-0.0013423929555887179413	0.0011044155383855348059	-0.00079687961669915822333	0.0012696502221932488147	0.0027275666944477985898
5	-5	2	0.00068554325134704652105	0.00079886152334392060252	0.00035697239200218000782	0.00020639658257249636811	-0.00082142714836216620174	-0.0014811623519285603556
5	-5	3	-0.00090278222237401555429	7.0716586738555587354e-05	-0.0012005361574869356962	-0.00022240231049237111521	-0.00049625655852153353377	-0.00048853149538487781502
5	-5	4	0.00044583875240311214095	9.0134947832878821884e-05	-0.0002825633921485728897	0.00022751664442858561673	-0.0009105026806896062341	0.00017172712074463349356
5	-5	5	0.00011571273244060147555	6.4458072158352669348e-05	0.00017617453699653466605	-0.00031010764656607824226	6.0461804555933183725e-05	-0.00037456571872443087095
5	-5	6	1.3398964084875754252e-06	-0.00012494758142484163046	-0.00033982833875131738827	-8.9144206471100849117e-05	-0.00028430686263317079881	2.9836145794783987842e-05
5	-4	-6	-0.00043640988512088746106	-8.8168563328314104128e-05	-0.00072572899939365954555	0.000530458032660377477	0.00012014442866170013712	-0.00042711249121384672455
5	-4	-5	0.00010632934777185600896	0.00020044720483722004863	0.00017720922857188193861	3.3056185417028082017e-05	-3.5438035085649550061e-05	0.00017400225650359758302
5	-4	-4	3.5256983089601582812e-05	0.00082908294747668378165	-9.2489767944771387608e-05	-3.3014577129472304055e-05	0.00013656099680677336104	0.0010693682614753270785
5	-4	-3	0.00047794618855066052553	-0.0021871383465908150051	0.00049976195535212221497	-0.0016359881869679022103	0.00013022770711493801294	-0.0014639129950274887282
5	-4	-2	8.2940856739492367275e-05	0.00058007096546740732294	0.00020286444113738375753	0.00076485586446972545285	-0.0001983767404260366172	-7.9534315270932476392e-05
5	-4	-1	-0.00094854722864497783945	0.00035118221441408090447	-0.0011817544877773130362	0.00021705210361721403328	-1.5718192115636483433e-05	0.00088770265760154838924
5	-4	0	0.00032416189219519148069	6.5897861451402219273e-05	0.00040520236524398931021	8.2372326814252774091e-05	-0.00058253387122641337413	0.00016037531007438474259
5	-4	1	-0.00062333782531178024647	-0.0004861101142941344792	-0.00048851033554144049527	-0.00067975474260825534921	0.0011626477843931391429	-0.00028846839896234889242
5	-4	2	0.0019007773414063647462	-0.00017855006394720720608	0.0014730695095889233866	-0.00049355306417311168524	-0.001805804334338065309	-0.00054073096847820530109
5	-4	3	-0.00080843151595399889795	0.0014687421210714595929	-0.00090547833310363585405	0.0022787395317084798742	0.00014008141578515027653	0.00059041584049220724971
5	-4	4	-3.7624559380876564086e-05	-0.00035572629942429574408	0.00068350578325202372785	-0.00048102819692980757415	0.00073053648247811936011	-3.6370322649437921152e-05
5	-4	5	-0.00019982921352573011103	-4.9439726870649220011e-05	0.00012926629518171094818	6.9537153897812999711e-05	0.00030324224967109885331	0.00010506944998889962385
5	-4	6	-0.00068552504395058533847	0.00036464536708851537665	-0.00089129005793893065733	0.00084788910249377214944	-2.2922502000465951098e-05	0.00026138826242208524058
5	-3	-6	-0.00013555452909607638295	0.00025219470993625633937	0.0006703038351093076842	6.9763243049597120529e-05	-0.00044811402513471749456	0.00017528063675541506717
5	-3	-5	0.00016094953583547239452	0.0002556205157708638662	-0.00038835591099056749166	-0.00058964548898069086853	0.00039396308242981286241	0.00060940780915927838732
5	-3	-4	0.0013811555173001810026	-0.00060623169127180698453	0.0010445554879664640732	-0.0003820262477087274359	0.00094302778065037814407	-0.00047126992830821319439
5	-3	-3	-0.0028692093146140225032	-0.00054578694516729093188	-0.002666282151013408229	0.00018902720627003737801	-0.0021157333733432962322	-0.0010986721148821890215
5	-3	-2	0.00166670403514133144	-0.00047164283747649264969	0.0019779637793976233805	0.00063791968854700806767	0.0011998144187568935293	-0.0021359866265117438341
5	-3	-1	0.0029015276810691738134	0.0016589722079112267407	0.0042544919854454786926	0.0034732527547460265507	0.0017441624490094334229	-0.0021248972246819455151
5	-3	0	-0.00034019044796669832987	0.0015157996233943413222	-0.00056698407994449718031	0.0025263327056572358262	-0.0018629359749529120476	0.0029014879559556608878
5	-3	1	-0.00029534872714395644846	0.0011222528398224850075	-0.001160531901325948358	0.0016733198119411988886	-0.0020048520682580625064	-0.00059130476328882793785
5	-3	2	0.0010993493436323377617	-0.00062041650076252643359	0.0022955830096841535644	-0.0018570423923636376114	0.00069500115544538615918	-0.0012345223366391404416
5	-3	3	-0.00024289688110920703971	0.0004889966912402771539	0.0007662346092409848871	0.0011419268840323708834	0.0011710627444229966109	0.00032693239863190899641
5	-3	4	-0.0010035057583570861344	0.00051894939930023479841	-0.00049031191795051388884	-0.0011045946778284044913	0.00088664825948347222428	-0.0014771327574965970562
5	-3	5	0.00075350725294509905087	0.00013842978568055400819	0.00013180598994583806122	0.0001945141278559963131	-0.00067442365897759629003	-2.1721308966956210838e-05
5	-3	6	0.00053532822043125837842	-6.4307479408264557543e-05	0.0002293653692010432833	0.0003027968303280645845	-0.00033142416575886033585	0.00020498798133758609698
5	-2	-6	-0.00044726032394314769406	0.0007045731338907021326	0.00016450999101953875034	-0.00091756578744886529726	-0.0004275536002924693285	0.00089299954072520691239
5	-2	-5	-0.00040466388019442508855	-0.00046238645246839712825	-0.0016895900907447137552	-0.00061196405476233572268	0.00027117215610346037018	-0.0002176008305634628175
5	-2	-4	0.00023146530875649910775	-0.00021690496956624214821	0.00054183071939365996632	8.1820428628545484383e-05	1.8416276248793928634e-05	-0.00031204142627207540712
5	-2	-3	-0.00091013153537557861788	0.00044333763350902559387	-0.0014518260311287322153	0.0014609816587700017419	-0.00054900187154014281395	-0.00023509171666495845966
5	-2	-2	-0.00027862902452710410764	-0.00061071511496394326884	0.0006236140753470544246	-0.0052369847235940111818	-0.001320186636664814504	0.0037101969361841534434
5	-2	-1	0.0029289069361856990593	-0.00032287325153366298143	0.0060401684288864769534	-0.001496291956489996652	0.0025641978231555413899	0.0013782176553116785595
5	-2	0	-0.0012579147441700198277	0.00014483348238730802326	-0.0031447868604250494608	0.00036208370596827003105	0.0047924369453367235763	0.0019920256284819883724
5	-2	1	0.0014974248605300478476	0.001268612398026300412	0.0036610110374198910101	0.002805682068726258506	-0.00016510222781045672978	-0.00073169785267898515644
5	-2	2	0.0013137827518448592576	-0.00030124785158766310923	0.00049908641346579506095	-0.004089532220361033997	-0.0027853704661463529746	-0.0033364125913918764137
5	-2	3	0.0006431877951278155113	4.9777479703014632109e-06	-0.00047889691967194811077	-0.0016827084560026932779	-0.0013912442716609912594	-0.0011301018839522979694
5	-2	4	0.00016418203908814393019	0.0012274127536513964893	-0.0013316980342125070425	0.00051071809301057803816	-0.00087107656596643347462	-0.0012789068955589566468
5	-2	5	-0.00025620246280448242485	-0.0009985790411917363097	0.00048591288094117663374	-0.00024015329923559753929	0.00045056761518095307835	0.00090251772149749730483
5	-2	6	0.00042766172351655571933	-0.00035851836755871133037	0.00026791566415671771257	-0.00079521140253189300396	-0.00026707954821155724043	3.3694838788295134423e-05
5	-1	-6	3.9633163026600104831e-05	-3.6464833481466544954e-05	-0.00032668407127917293079	0.0001154964909873356342	8.7474981068695571306e-05	-4.963677639911139429e-05
5	-1	-5	0.00072079366624071944912	-0.00018941852750658765415	-0.0002708165863874090651	0.001501855542228701032	0.00077495698351820127298	-0.00048978963595232782261
5	-1	-4	-0.00056225196565066820013	0.0014948914921519259116	0.0023411537424291133103	0.00066902959791886667477	-0.0012881033926706135506	0.0017013569657101906395
5	-1	-3	0.00080798666343159721449	-0.00067431882203509085297	0.0028712930548547028337	0.0018138322566199603387	0.00038954675410109439486	-0.0017284754555984714261
5	-1	-2	-0.00086118968323668353571	0.00011956825022914937661	-0.0069753901608610655027	-0.00062596093763147642522	0.0013347208723388239663	0.00061190109438861159993
5	-1	-1	0.0010593072035267857029	7.7544860588026732302e-05	0.0054068021739129591696	-0.00067818026651374218889	-0.00011026615627903096678	0.0010659045694538758775
5	-1	0	0.00033460788155518665426	-0.00018218185925460684779	0.0016730394077759331087	-0.00091090929627303421183	-0.0067376332423754884196	0.0047348808944741305194
5	-1	1	0.0016892180592225913838	-0.0021561013046394769503	0.0062196118278574378732	-0.0057385234506606049021	-0.0022264784682555194793	0.0050419830725367802832
5	-1	2	-0.0012128438841796755632	0.0016032699591153505569	-0.0019842569318703354511	-0.0022761964504923611584	0.0020399812445140211824	-0.005146273123034556321
5	-1	3	-0.0014518497343194486284	-0.00022672799197616193799	-0.0018697898604210069686	0.00031886513462140331655	0.0017964862703920786522	0.00048416836483407103831
5	-1	4	0.0011696501027196573759	-0.0010431447736835915575	-0.00053346476929144953996	0.00029949303849519798293	-0.0015954288207224343217	0.0013788042267282891052
5	-1	5	-0.00067804995141939759708	-0.0003590317017204461259	0.0018040506320313488831	-0.00011531710722274750671	0.0010388600778256673086	0.00033596828027589664082
5	-1	6	0.00061515705496112936274	0.00061323876023186454746	-0.00031154910579937207917	-0.00020457196950158525834	-0.00056455573010083656346	-0.0005451276284434846027
5	0	-6	-0.0008179612604958207394	0.00068543716786753432994	-0.00080976156972853549545	-0.00049955119324440874426	-0.00068163438374651728283	0.00057119763988961195968
5	0	-5	0.00046745966778678088062	-0.00064043909077010445757	-0.00033707815576407312201	0.00057537219848519832212	0.00046745966778678088062	-0.00064043909077010445757
5	0	-4	0.0025197660140318382978	-0.00029545389301487791139	-0.00073740414709175846741	-0.00020675918424958487181	0.0031497075175397977638	-0.00036931736626859734858
5	0	-3	-0.0011449339542438795488	-0.0004309188140763099131	0.001221451027048614784	0.0013176832082598592764	-0.0019082232570731324367	-0.00071819802346051648569
5	0	-2	-0.0043158832143883156529	0.00095002640568236582097	-0.0010851139142850324115	0.0043993716252968021949	-0.010789708035970789132	0.0023750660142059145524
5	0	-1	0.0003614654271214715422	0.0007527706799039650962	0.0058003242258832183112	-0.0066168249801874462826	0.0018073271356073578736	0.0037638533995198253726
5	0	0	-1.427808344665434832e-42	1.1422466757323478656e-41	-0.0035004698462112763743	-0.0080457359930527945491	0.0037308593877765231298	-0.001957788696367040223
5	0	1	-0.00028847848031399343782	-0.00087594657762425740411	-0.0035222286429360798871	0.00042121402467067120936	0.0014423924015699671891	0.0043797328881212864785
5	0	2	-0.0015930352016813899285	0.0011120097402526154563	0.0004099103974311231512	0.0044100262601625634176	0.0039825880042034748213	-0.002780024350631538424
5	0	3	0.00013269782424091657448	0.00082586166985205414128	0.0023780261817055721278	0.0019665624343233384028	-0.00022116304040152763317	-0.001376436116420090127
5	0	4	0.00017993362739254892377	-0.00077435823638607971173	0.00055572371547119394676	-0.0018409021759749877832	-0.00022491703424068614794	0.00096794779548259963966
5	0	5	0.00012243688795487422537	-0.00043063699242849314648	0.00054507477693466373225	-0.00097317749172764968398	-0.00012243688795487422537	0.00043063699242849314648
5	0	6	0.00020735779292117617395	-0.0003691087469773715493	-0.00038235752901821736015	0.00072084973843110323414	-0.00017279816076764680259	0.00030759062248114296678
5	1	-6	-0.00023826842050729741575	0.00029122329649948735641	0.00046450551575941216023	0.00069457354940123910807	-0.00012113943112951249545	0.00035844833864977931502
5	1	-5	-0.0012543567299565551443	0.00011910523502494596234	-0.00079531664834190925282	0.00032300978953385547313	-0.0014134200596249370165	0.000183707192931717038
5	1	-4	1.3839443546587820746e-05	-0.0011016178308789056559	0.0004162466310479922345	-0.002320308557866934164	0.00012136096219523282227	-0.0019570994280653656108
5	1	-3	-0.0011728320833233574997	0.00073685324037317740439	0.0018496556190299032543	0.00060978884907457919697	-0.0013381682658622946758	0.001431351683646822073
5	1	-2	-0.00060790925547246990341	0.0026460138373665428695	0.0012576904847075279139	-0.00019131326699852658937	-0.00089092789632741074737	0.0065193779599170935402
5	1	-1	0.0015036935139371866016	-0.00065857226725065060122	-0.0043915102406985708286	-0.0037104243513348044922	0.003126957328987362613	-0.0070032856875880573899
5	1	0	-0.00074069536417865845714	-0.00079997885871545791614	0.0037034768208932919605	0.0039998942935772895807	0.0012499405369600709737	-0.0024906739296503550667
5	1	1	0.00014625606863386141532	-0.0011910061740128456784	-0.002163337581950189846	0.0047085123759949450151	0.0014320572387808826881	0.0012465184940692829434
5	1	2	-0.00091342877728258680195	-0.0011351440077577753651	0.0018344468920952134491	0.0020054302498905807704	0.0013663484971588603888	0.0018351448944491481358
5	1	3	0.00021395288905921936579	0.00079229292209070066588	0.0016575940736018087568	-0.0028275202397691312321	-0.00090911950629930186191	-0.00037798145689479077138
5	1	4	-0.0010470519172692802946	0.00033758714625967004355	-0.00091765745875394346982	-0.0011783304009980936737	0.0015382292612750861002	-0.00012740133257506413601
5	1	5	0.00010056687923169976091	-0.0007064225009972605572	0.00042518754866630785547	-0.00096684857868407643022	-0.00018560438896496133472	0.00089979221673407573483
5	1	6	0.00030631951076173742155	-0.00033159787789093344082	0.00038982710072587537387	0.00090961915738530364859	-0.00032023744242242705316	0.00012472837201156058355
5	2	-6	-0.00010117505491396732765	-9.1650240568311478829e-05	0.00041650705301813224475	0.00095778676230598392902	5.4523138577737981984e-05	0.0002428870536284017485
5	2	-5	-0.00027756393449621894485	0.00046170621205749188751	0.00076167100611541276121	0.00035528569083479236406	2.7104467949946153539e-05	0.00060382048839140883313
5	2	-4	-0.00023040804758347368099	-0.00043689775837059689929	-0.00036086996107572057038	-0.00054776038431148552175	-0.0004684450400172023932	-0.00082000239011898888499
5	2	-3	0.00038682131164987764577	0.00031455524059208341903	-0.00069695980437968528889	-0.0010532397223578643646	0.00018006231649667252324	-0.00017790108058510385996
5	2	-2	-0.00011761476565704613562	0.00087791395606331610289	0.0021955984887170789527	0.00044677815950182141582	0.0019015615745744634917	0.0026415630496601115104
5	2	-1	-0.0010014605613316038355	-0.0016517520026608550811	0.0010634390137071166125	0.0037204262850196751639	-0.0028804247792437861694	-0.00081790744326492475277
5	2	0	-0.0012663084524792943275	-0.00099817242475568035941	0.0031657711311982358188	0.0024954310618892005733	0.0028299986897450599144	-0.0035757379606711318931
5	2	1	0.00053465099596666928409	-0.0027783435197987599828	0.00033015424569245247757	0.0064708276208469755683	-0.0033335634712182518093	0.00095006235729984921112
5	2	2	0.0011424046658521573409	-0.00059003917432845791238	-0.0015686982283804290321	-0.0015584180829101648442	-0.0012873134362499641034	0.0030335160187313094625
5	2	3	0.00063389270288793030887	6.2089444478082128609e-05	0.00082141420160760801519	0.0008370365538841543487	-0.0016040973058849558944	-0.00066150677671957306379
5	2	4	0.00087950181848723359059	0.000380953569666096694	-0.00075759971464855926492	-0.0002979834166129227452	-0.00072057741578476232867	-0.000327200253776159522
5	2	5	-0.00011434464435039808571	-0.00019122884279231916168	-0.00049029495044692293897	-0.00014032636666588515204	0.00031046262452916726943	0.00024735938945867321165
5	2	6	-0.00093453119362017712975	7.9910154562140727256e-05	0.00069093168761605815685	0.00074468852595638713576	0.00054846543214479492531	-0.00031482130412057964452
5	3	-6	0.00020686488675822648983	0.00031452595989716274722	-0.00057820738498389997236	0.00058405615854374541302	-0.0001167162868600945554	0.0005541330458528416535
5	3	-5	0.00072847293036689330856	-0.00026607571184170065916	-0.00017516126639132990591	-0.00012877157828687546179	0.0006233761705320953108	-0.00034333865881382591998
5	3	-4	-7.4148609745462937671e-05	-0.0011909838543717999292	-4.0443179628314066627e-05	0.00064946653203778797678	-0.00012301814690306422375	-0.0010016299189364089289
5	3	-3	-0.000606367248626611937	-0.00020782427121374526333	0.00079019624414253036501	0.00047275400404849377955	-0.000220415836901822782	0.00012638021869225166496
5	3	-2	0.00055767478464244821072	0.00039738941322798416534	-0.0012431127897931436386	0.00014097276104480500696	-0.00047048222308359498528	0.0012049326746371678831
5	3	-1	0.0003486517778665224488	-2.1082535221472531651e-05	-0.00034663851615407751099	0.00098935572070716335837	0.00070334334087037992788	0.0028626544860141270137
5	3	0	0.00042402136443653722043	-0.00027784176299942359633	-0.00070670227406089531318	0.00046306960499903934529	0.0020830839826874469368	-0.00040559604840347202384
5	3	1	-3.7825477140863994225e-05	0.0023316114752250762313	-0.00097062019727526887506	-0.0029319170792327401906	0.0031009879775301266505	-0.0028623061384271605845
5	3	2	0.0010846320663260751449	0.0009686107931823414877	-0.00013536147411783754015	-0.00158085198887978934	-0.0025085379546384315927	-5.0248999636169594085e-05
5	3	3	0.00084086007437502981263	-0.0010796869458605167034	-0.00068088138003161114906	0.0017595427735033373432	-0.00072055207726010527761	3.993546959752389459e-05
5	3	4	0.0003379506741005000852	-0.00025508116416343240649	-0.00019865293862683557958	0.00034986655037227677939	-0.00027344863865549846925	5.6451542425082896462e-05
5	3	5	-0.00044262349855268937364	0.00082758445926285205581	0.00060326887984233474281	0.00037967736914899227535	8.0662170647288571317e-05	-0.0010553908807522474102
5	3	6	-4.2790412027900122426e-05	0.0006204211474398200251	0.00051446946931447284663	0.00010410427357528711698	-0.00022157605796731963204	-0.00056906975965416016928
5	4	-6	0.00021398445753288488649	-0.00036112668161798603707	3.2711853444838182557e-05	-0.00019153956869393833269	0.00020012828357396286044	-0.00042863194714428060408
5	4	-5	-7.6171055764038609389e-05	-0.00078772091983619701126	-0.0010084706968475829186	0.00037812310114507957388	-0.00088294761324210502013	-0.000485222438920133363
5	4	-4	-0.00040872359597284306683	-0.00047632177728141011615	7.109388093352505434e-06	0.00042199004636634312787	-0.00050379510687270135944	-0.00017341217523541950377
5	4	-3	0.00043010683655978631948	0.00023223923866213158542	0.00037096739947654487537	0.00012916727306217738042	0.0012114679269017037538	0.00055928842851978911345
5	4	-2	0.0011362926872556711102	-9.5507270103064093297e-05	-0.0010901212118014560332	0.0001773610270962334718	0.00066048929453626570914	0.00011595387893480671036
5	4	-1	0.00047442442428204790019	-3.7952766163358076824e-05	-0.00054770617101401080414	0.000171834262415398244	0.00018129743735419617595	0.00049757321884480259187
5	4	0	-0.00099542468251013192272	0.0010610449581740669187	0.0012442808531376648492	-0.001326306197717583811	-0.00082909993818934795817	0.00051277510309440002371
5	4	1	0.0012738101722822579073	-0.00035534966809794944287	-0.0017658117450925904339	0.00014212682834658019919	0.0006941961189590716572	0.0012082410271034263634
5	4	2	-0.00018901603516748125304	-0.00020190033890117679025	0.00033984950250141442597	-0.0003463666051183785519	-0.00020715891708412574644	0.0011974840574896991607
5	4	3	-0.00037128625187125797666	0.0004781220439639765978	0.00039822561801930298668	0.00030561673291440650179	8.7842929093026014993e-05	-0.0012043590504925030891
5	4	4	4.1652955030214179599e-05	0.00056552926176583041915	-0.00027748289601893234672	0.00073101971367004533065	0.00022541670223116464086	-0.0014379312908773334359
5	4	5	0.00068885848293098359777	0.00036745380187544929469	-0.00038823050489873554706	-0.00044205088973342889815	-0.00037827407901199513844	-1.3813090088706149748e-05
5	4	6	-0.00049716999801428037216	-0.00070011159637580031197	0.00019495267701415645986	-0.00022422061006975289887	0.00028433988033579605777	0.00073290673702633543554
5	5	-6	0.00038730978601834574904	-0.00023961600363431583439	-0.00034840322435627602091	0.00029458296757636087682	3.2422134718391467214e-05	4.580580328503754665e-05
5	5	-5	-0.0002111276416522854494	0.00016416743567779484153	0.00026940951541356699143	0.00063446977046600926999	5.8281873761281569133e-05	0.00079863720614380421994
5	5	-4	-8.321923685205991452e-05	-0.00027021603739859755434	0.00025995755663935391855	-0.00067567746278913239002	0.00022092289973411750165	-0.0011823668752346625389
5	5	-3	0.00043439088325749247504	-0.00028204393208569724988	0.00034862774306706827924	-0.00080055475533228378626	0.0013050310438742680503	-0.0018043311456966350421
5	5	-2	-0.00050303959233177742393	9.5025660490541903939e-05	0.00024139876185349913259	0.0002826494873487318967	-0.00065410207619569563347	0.00094418786959818456258
5	5	-1	-0.00097739061932841002703	0.00029497000904298058743	0.00072752579627204832288	-3.8581098139493333094e-05	-0.001249324115281808846	0.001281944554517436231
5	5	0	-0.00060173030955742523931	0.0010430305085212935624	0.00060173030955742523931	-0.0010430305085212935624	0.0005854920009651038218	-0.00028513111754904655118
5	5	1	0.00070330075462154604225	-0.00027008628391070050711	-0.00095396646993553232182	0.00033120025974332632139	0.0012533285765699312894	-0.00030556987916312907142
5	5	2	-0.00028844222479550808225	0.00053758174409276806172	-0.00015535737344113254694	-0.0004697059412711555317	0.0011094989955916015594	-0.00016968950705403143347
5	5	3	-9.785133844406350076e-05	8.8250830754518417198e-05	0.00056748961406651607462	0.00011733578883509185233	-0.00078273045937075414521	-0.0003426443659826837961
5	5	4	0.00021649066785300538369	-0.00022056367221883353062	0.00050928543326102162364	0.00019916679081418830078	-0.00090722012639253373206	2.674610175580652036e-05
5	5	5	-0.00031942596988325300039	0.00010393193913572214249	-0.00017087536082776625898	-0.0005765697526598199691	0.00049030133071101928647	0.00047263781352409784016
5	5	6	-0.00049533526300386127028	0.00030631145388452184729	-0.00016108917156841979232	-0.00023249302591327034766	0.00054702036214356757927	-6.1515356642709596575e-05
5	6	-6	-0.00014955392435112588399	0.00028144934275170746356	0.00023845223235255112617	-0.00044244108003218721821	0.00011382396205994621834	-0.00020789996107243099857
5	6	-5	-1.3978846280928880106e-05	0.00013106642020843561522	0.00046458581344266489544	0.00039021808861168381021	0.00054352412985026897409	0.0005993281265424561929
5	6	-4	0.00014306392869177202566	0.00033352318116256130963	-0.00012611846627497616384	-0.00092621329956493769243	-1.0347788547749230619e-05	-0.00097241597289420499649
5	6	-3	-0.00030674963608822526434	-0.00034823455002867896146	0.00015823648008345052676	-0.00011715811984958458076	-0.00019477643331347434187	-0.00081470715641363401598
5	6	-2	-0.00013533546469566193251	0.00079774551107055012393	0.00055443435615959814951	-0.00024188003562044318117	0.0013249644067396394546	0.001268723670815045685
5	6	-1	0.0003756526142496695482	-0.00050157834038012146915	-0.00034391639975031275877	0.00046470585564078136214	-0.00018523532725352897426	0.00028034343194408098974
5	6	0	0.00019870267246167421784	-0.00032401614854048860735	-0.0001655855603847285239	0.00027001345711707383946	0.00024673176428179771375	-0.00066419277057622508852
5	6	1	0.00025306300831309965198	-0.00048564618966422812155	-0.00025412338271741887917	0.00047171448378634998726	0.00025942525473901474403	-0.00040205595439695937
5	6	2	0.00046965504735460561741	0.001164266960065649982	-0.00064481726369107939152	-0.0008739848937150849692	0.00076031417268672407683	-0.00028871271901887031854
5	6	3	0.00015422249465152110693	-0.00063199551562530969801	0.00028442558160411110556	0.00044746497267268535306	-0.00082588865429409068653	0.00015839591403014552048
5	6	4	-0.00034541252365103661433	-0.00068637595994025610985	-0.00069385064875283604478	-0.00016408244042682865269	0.0014725416276930498351	0.0011040936105655631706
5	6	5	5.6561589786016217994e-05	-2.0642252351466339254e-05	-0.00034337410242873554669	0.00048998036642753457683	0.00035548733312846641499	-0.00056733418736157510687
5	6	6	0.0001766339376899245825	0.00015448184774402299777	-8.4732637248506568486e-05	-0.00016556166388998031251	-6.2462310826430579081e-05	3.6826790769961138664e-05
6	-6	-6	0.00014897942959376790531	-5.2411862422687067239e-05	0.00011031241389385905633	0.00012394703634095209578	3.8667015699908835425e-05	-0.00017635889876363913592
6	-6	-5	0.0003393023137544015134	-0.00022035448711254772432	-3.6423883414571367467e-05	2.3191433779332371734e-05	0.00045087143660276743536	-0.00029225510507025615186
6	-6	-4	0.00012901372784595096935	0.00013153714290416420782	0.00016118522904062606064	0.00039048744709709010776	-4.8257251792012650481e-05	-0.00038842545628938883635
6	-6	-3	0.00024876917250055662068	1.7469812105001483347e-05	-0.00016436965656133525871	0.00018617649624252637433	0.00082627765812378370456	-0.00033741336827504972776
6	-6	-2	-0.00038593407110828147587	0.00062048443099146726419	-0.00049011904983053413646	0.00054842050272334503299	0.00031255493616675787336	0.00021619178480436672071
6	-6	-1	-0.00061952968570522660551	-0.00023934367117934971696	-0.00054483518366794058112	-0.00018076301806608158001	-0.00044816701222371641737	-0.00035148391867960893011
6	-6	0	-0.0004331435715292886136	0.00057763728770845589478	-0.0004331435715292886136	0.00057763728770845589478	-0.00027379715978202430297	-0.00041334935144760905469
6	-6	1	7.0716421563468519142e-05	0.00062059907676125067484	9.9440802695496263242e-05	0.00061817028404457727286	0.0001723462867921664646	-1.4572756300040308526e-05
6	-6	2	0.00046186683807547762679	-0.00025742382699239199813	0.00034990157701680408469	-0.00043181104871791228935	-0.00033589578317602062632	-0.00052316166517656081947
6	-6	3	-7.3314084941006468234e-05	0.00036918966656397493326	-0.00024582587341217176837	-1.462817791577673219e-05	-0.00034502357694233062738	-0.00076763568895950339867
6	-6	4	0.00025420255773561396253	-0.00030381550806232564006	0.00057949028556088689069	-0.00033561472858680517495	0.00048793159173790931092	-4.7698830786719288786e-05
6	-6	5	0.00031376745478694568516	6.5890805443964976969e-05	0.00032632276156648520535	0.00059444077089092336921	1.506636813544743033e-05	0.00063425995853634998395
6	-6	6	-9.2594219012534536412e-05	-0.00012447903658702885602	-2.0438116758737660713e-05	0.00013404246440279889239	7.2156102253796879087e-05	0.00025852150098982774841
6	-5	-6	-0.00037940952441066136533	8.7866220618544593887e-05	-0.00055546274272091921993	0.00048931766385293070688	8.347609452343791685e-05	-0.00031989849925889761667
6	-5	-5	0.00029462610658646543743	0.00035489776697284218434	0.00025354498966728895339	-5.9168469786375253933e-05	0.00010000633823646955798	0.00048504579015378590902
6	-5	-4	1.2558328579742045878e-05	0.00058458833311272016819	0.00014803745607361998358	0.00031527861610299603946	-0.00016620932722241190727	0.00048278422954033529783
6	-5	-3	-0.00037595925600390967718	-0.00028785413647709290428	-0.00058813543342501033856	-4.4232147936878702472e-05	0.00022830721036719793982	-0.00050198802639272132025
6	-5	-2	-0.00025351292594616453178	3.5910011988161175914e-05	-0.00013200440515020498929	-7.7051400430229357707e-05	-0.00043052776496298118987	0.00030035853704005692879
6	-5	-1	-7.2422435572061483969e-05	3.9145865082109427397e-05	-0.00016368520798853652509	-2.9924484661127300061e-07	0.00038389142651031364032	0.00023637141472571292287
6	-5	0	-0.00061362919544610155295	0.0001943132737810596936	-0.00073635503453532182017	0.00023317592853727163774	0.00054722098652267708863	0.00061024075732791995159
6	-5	1	-0.00066264698250405134044	-0.00034834591284848794761	-0.00085809420639645613352	-0.00057247817106534793895	-0.0003145891369579728418	-0.00077231537823581211753
6	-5	2	0.00051146786419764100722	-0.00059574407770891107689	0.00038299980995192841292	-0.00073204663704254987339	-0.00057690406771310198935	-4.2884359479641567987e-05
6	-5	3	0.0006284142767265878159	0.00058268484376758995693	0.00027170473564879925495	0.00097080717453466500427	-0.00080398732737184354022	0.00045264227002259521974
6	-5	4	-0.00051210303498820674856	-0.00010038271987241989579	-0.00026712502383863945135	-0.00033815036711612429061	0.0004342482726840108222	-0.0002721138790865255128
6	-5	5	0.00021902403536024970371	0.00020787065471709260706	0.00048254540253586344261	0.00046523192523483994755	0.00021971656010356379815	0.00021578713957432879198
6	-5	6	-0.00021851497078400505163	0.00037208248806451022688	1.1987669401548972937e-05	-2.7707351432019323409e-05	0.00022850469528529586947	-0.00039517194759119300034
6	-4	-6	-0.00036359038379532631008	-0.00010428218189744720699	2.1151074530985232685e-05	-7.0092915846715298455e-05	-0.00037769110014931650586	-5.7553571332970343609e-05
6	-4	-5	0.00036268108385391378172	6.7728306515116862632e-05	0.00012241067907312698287	0.00011006456100838787914	0.00033728875736619491925	-6.7776809885700612103e-06
6	-4	-4	4.3992232752938282723e-05	-0.00076060401872450112727	-0.00056780453688336641853	-0.0010343951378188492342	0.00063379288601277388327	-0.00010651089026790255159
6	-4	-3	-0.0003875864845491163108	-0.00018614494470866170691	-0.000329795340167971776	-1.039666742302259885e-05	-0.00033544584887427027165	-0.00035842766618662661761
6	-4	-2	-6.2213118769879736545e-05	-0.00045772478225889834738	0.00030912595564932773048	-0.00093075962673827236128	-0.00080489126760829464349	0.00048834490669984968042
6	-4	-1	7.7745646303222740604e-05	-0.00023142070006580670624	-5.2618148585180709177e-05	-0.00028572111212964450191	0.00067694647216005930743	-0.00024563975187626212139
6	-4	0	-2.4632676786633500956e-05	0.00018820881300986275859	-3.6949015179950254822e-05	0.00028231321951479411078	-0.00012851447666203987268	0.00078001332168796801234
6	-4	1	-0.00033511787524638525244	0.0010667609372935161691	-0.0010325699335060056772	0.0014013902018595685278	-0.0021195724825457109772	-0.00079500481632282333708
6	-4	2	0.00019721260111759509421	-0.00049232087224665671381	0.00037946902114752346534	-0.00071672840585867536155	0.00016730023894226159382	4.3505805022619248909e-05
6	-4	3	0.00062916176344181718588	-0.00026413656611078888212	0.0014201860109586113366	-0.00045573240224908617875	0.00063525782106118081592	-7.9370070777203834524e-05
6	-4	4	-0.00047955711217611987716	-0.00016263776529115892997	-0.0003878078764533096634	-0.00033850250824940747787	0.00033152779181087015234	-9.4545860312669096465e-05
6	-4	5	0.00022525379913844903825	-8.8191469755826813959e-06	3.2627288208618054259e-05	0.00017454131940416870361	-0.00024420272839924440792	0.00015021603189403417988
6	-4	6	-0.00039567110115272774136	0.00082463678126256723718	0.00034430219177190840964	0.0004905357708831679063	0.00062520589566733336586	-0.00049761293400712200245
6	-3	-6	8.3524366306700977176e-05	0.00069144968739853567528	0.00022937268210715874568	-7.283142091769899179e-05	-3.116197474687840244e-05	0.00072786539785738523217
6	-3	-5	-0.00098880090293384441218	-0.00049934405723600497947	-0.0009638243427905377695	0.00052847698224236421341	-0.00060826647784629052449	-0.00091629905802862441667
6	-3	-4	-4.9187627604242157816e-05	-0.00045282796752715604198	-0.00052927078783897166595	-0.00063013235918181595332	0.00032317164947286554323	-0.00020664268190437212508
6	-3	-3	0.00019618245828286715341	0.00066601392270406074847	0.00015914114846656053789	0.0011320259108835491885	0.00023322376809917379605	0.00020000193452457238979
6	-3	-2	-0.00016943172819387341665	-3.1604714261525180695e-05	-0.000201624885765089415	-0.00089841568919923051918	-0.00020585785593398614099	0.001252809391014270135
6	-3	-1	0.00031089408995248847328	-0.00050935641176938029149	0.00077853641279219899709	-0.00089638682392533225018	-0.00047024469866166631422	-0.00036697799884028494419
6	-3	0	-0.00045942665591516493057	0.00039701043577770699219	-0.00091885331183032986115	0.00079402087155541398438	-0.00028862800328919902037	-0.0013118750889137610095
6	-3	1	0.00063446380571975419423	-3.8661821332684191308e-05	0.0010595369468120712647	9.7289584260393453027e-05	-0.00062817199388231169648	0.00052383968077728546627
6	-3	2	-0.00051674499814446451292	0.00026065348646814941354	-0.0009884526222376694999	-0.00020668326122644307789	6.7556061076889424447e-05	-0.0010919853512441129659
6	-3	3	0.00038058121199664008511	-0.00045939748146349017625	0.00063999188504815598434	-0.001533294883736704842	-0.00012117053894512415878	-0.00061449992080972459796
6	-3	4	-3.468136555612131173e-05	0.00039087029515613621591	-0.0002696853115357767533	0.0016099529520242185712	-0.00015024193531765060077	0.00062115927128395952324
6	-3	5	-1.961239524612535024e-05	-0.00042744796456013241107	3.5136455144512502907e-05	4.2052462674779907332e-05	4.4616747382057922032e-05	0.00053816903507702691222
6	-3	6	-0.00042742850429677744757	-0.00031913072411884159168	-0.00030882723010326859538	-0.0010607132615549747477	0.00027301488924514314988	-0.00021122590665864583639
6	-2	-6	0.00088403681401807250248	0.00078764003282575983846	0.00095941870436713891021	-0.00053766227920362848203	0.00056423057922902627136	0.00096686079256030259352
6	-2	-5	-0.00021849524941645282416	0.0002345588621378414773	0.0001017462011435685688	0.00068595962909878043044	-0.00030289277975717080566	7.0867829258975926189e-06
6	-2	-4	0.0003356304026678793022	5.8115976803995282748e-05	-4.3549694189743556817e-05	0.00017856395108779030221	0.00052522045109669077915	-2.1080103379022252893e-06
6	-2	-3	0.00037261504206413252789	-0.00041177356005600899112	0.00068245537037100361191	-0.0012593763545562465436	0.00029025983721426266591	1.6037116258813115683e-05
6	-2	-2	-0.00017051695921964938056	-2.3691667445366547645e-05	-0.001735473216518015286	0.0010186161026493531761	0.0012239223388590670088	-0.0010896911049854528936
6	-2	-1	-0.0005492439248380732433	-0.00015869748586320875784	-0.0010132351079214973934	-0.00061256629554430879619	-0.0012689933331854442392	0.00027294767590936515377
6	-2	0	0.0004556751442141496319	0.00046319774819075901261	0.0013670254326424490041	0.001389593244572277092	-0.0036013688681171616805	-0.0011838624031003496927
6	-2	1	0.00075222737184759390101	-0.00033221330134536634308	0.0022504820347973670744	-0.00054541821084090310115	-1.2400161490829218305e-05	0.00090244338639039163932
6	-2	2	1.7322826246718668597e-05	0.0003935632281323121805	-0.0014054296699390934899	0.00068154668825800592252	-0.0014573981486792494076	-0.00049914299613893061899
6	-2	3	-0.00019677700722280539207	-0.00011283095880257565337	0.00016359489224853835158	-0.00044850605695173200458	0.00050261727594463629764	-7.3342120362670016102e-05
6	-2	4	0.00028851555104341514678	-0.00087248397678485738616	0.0003778717546621838193	0.00051867731782352123875	-0.00024383744923403081052	0.001568064624089046807
6	-2	5	0.00023677607283638369123	-0.00024245041770976227141	0.00034076290471656055323	-0.00010358424093823425131	-0.00014782612551703618107	0.00024950680487642102516
6	-2	6	-0.00041665953110269610647	-0.00014551381369835592874	-0.0002039998950740732459	0.00043347007159162540468	0.00034865956607800502451	0.00029000383756223104556
6	-1	-6	7.0260068803947682147e-05	-8.7448067641604116935e-05	0.00037928250261791098723	1.8420882955159693874e-05	7.046318367629182016e-06	-9.0518214800797391342e-05
6	-1	-5	-0.00039781236322227961095	-2.2785870875902082615e-05	0.0014885031237306055839	-0.0005601692629056513606	-0.00077507546061285673665	8.4690807530047758074e-05
6	-1	-4	0.000434263942742280128	-0.00037931100712416775242	-0.0013783323114587337117	-2.8260044690655290695e-05	0.00099597899197810361993	-0.00056190149951358778647
6	-1	-3	-2.7370805814966498343e-05	8.8016469205344925373e-05	-0.00047759498919729170049	-0.0021358645580567760421	0.00010445671810249756788	0.00088798779109628181959
6	-1	-2	-9.9781874177594690693e-05	-0.00035385916360939229791	0.00081619530351708226377	0.0012443697024730020206	-0.00070744327429132520396	-0.0016837623420646779041
6	-1	-1	0.00014494548240737845026	0.00063074806016079473445	0.0009775202450211498053	0.00097977777961310392671	-0.00010784735057687926639	0.00280471058135166448
6	-1	0	-0.00023044704125566777084	-0.00045562000829303385364	-0.0013826822475340066251	-0.0027337200497582030134	0.0016335815345697520147	-0.00069577424577071641035
6	-1	1	-0.0005770081056837717947	0.00025204974731118478908	-0.0021818027546497502887	0.0005627010708104744326	0.0012802458794528802626	-0.00094959741305663441027
6	-1	2	0.00047444233230058282472	0.00050972952891008933493	0.00032026514966399671509	0.0025698739474428948341	-0.0012631944220697500624	-0.00024425161300882064193
6	-1	3	0.0004663579200805997426	0.00021804759778533587479	0.0016231683384144829883	-0.00063721544444230685412	-0.0003916597273563718405	-0.00064850034371810734955
6	-1	4	-0.00012670806594974930387	-0.00025495482519510181052	0.00027268444875785577929	-0.00024266223917180157412	0.00025823321111408787353	0.00032176667799970235613
6	-1	5	-9.5793241970333793678e-05	0.00057484368353472861321	-0.00047277745946658361218	0.00017098803303971599286	2.0396398471083832687e-05	-0.00065561481363373113728
6	-1	6	0.00045026821189424366676	-0.00013007382381392340945	0.00010130731620918106994	0.00076902965627864521003	-0.00043338365919271345681	0.00025824543319369759305
6	0	-6	0.0002155467079999521759	0.00046908603428512542612	0.0010726802836790864156	-1.8822230280517748585e-05	0.0002155467079999521759	0.00046908603428512542612
6	0	-5	-0.00016763616212525354909	6.7005738751754891861e-05	0.00050670299452206478668	-0.00049416181197377078652	-0.00020116339455030426433	8.0406886502105870233e-05
6	0	-4	6.3723134603189013781e-05	-0.00097466658180890976097	-0.00040058858352409385233	-0.0002072924943598925744	9.5584701904783520672e-05	-0.001461999872713364533
6	0	-3	0.00032946944407321671544	7.803376198374869805e-05	0.00012862661329324584373	-0.00035896654478284232377	0.00065893888814643343087	0.0001560675239674973961
6	0	-2	-0.00019836956189313843346	0.00074852121365998026351	0.0010236263627585316834	-0.00068071233261699838103	-0.00059510868567941527327	0.002245563640979940899
6	0	-1	-3.5590723481654816995e-05	-2.4979244847532188476e-05	-0.00088165315873198972074	-0.0031433221202889351058	-0.00021354434088992891552	-0.00014987546908519313086
6	0	0	5.7112333786617393281e-42	0	-0.0017071690355127170334	0.0021545584547263047816	-0.00095092004398556785605	-0.0057210296764891614349
6	0	1	-0.00019564497042454727805	1.3201384030816117326e-05	-0.00011217319556834192806	0.0029040702527557923397	0.0011738698225472836683	-7.9208304184896703953e-05
6	0	2	-0.00069895106824204153093	-0.00030003382831715331687	0.00090109577990953818732	0.0014414460439356984855	0.0020968532047261245928	0.00090010148495145989641
6	0	3	0.0010208787260808838051	-0.00049480321896558582869	0.00046227747288106495931	-0.00065731300592695638112	-0.0020417574521617676102	0.00098960643793117165738
6	0	4	0.00028477963909432371875	0.00036848750036247744167	0.00030086182180065593238	-0.00025649991960311038829	-0.00042716945864148555103	-0.0005527312505437161896
6	0	5	-0.00021462199384276146874	0.00067259936632035291926	-0.00066867869951113578005	-0.00053655993995530828697	0.00025754639261131378417	-0.00080711923958442361154
6	0	6	0.00015130913370902057831	0.00011115770776986540018	0.0015634063225683308106	-0.00065123007488254486437	-0.00015130913370902057831	-0.00011115770776986540018
6	1	-6	0.00033736529408986238665	0.00075625410861236577829	0.00018032006457871526772	-0.00024461328973114193457	0.00036741863818631493579	0.00071548522699050871691
6	1	-5	-0.00037099105037182448152	0.0010395756736472565145	0.00096963111103613838695	0.0002410417002725392542	-0.00025126303823896168959	0.0012956991484312158688
6	1	-4	-0.00024318564733449173879	4.8401029419445713495e-05	0.00094624823677517022787	0.00016383888698541594132	-0.00012821641180794506477	0.00011356126587552255896
6	1	-3	0.00034005285262559662059	-8.4652105852350066997e-05	-2.5527267235469719783e-05	-0.0014076300188462492063	0.00067159661617270335378	-0.00063851421798678321181
6	1	-2	0.0010895286583982759839	0.00077290315617725940771	0.0013608008154827847154	-0.0016632060796364005282	0.0039489863829362207431	0.0014871064287135780674
6	1	-1	4.3616345749407149396e-05	0.00017801314342509271644	-4.5000688024187269557e-06	0.0011436440080213588349	0.00025719800569402417705	0.0022117228685719150794
6	1	0	-0.00010650781487093695084	-0.0002960088230508860197	0.00063904688922562173214	0.0017760529383053160098	-0.0027995524914866112484	-0.0027513871609449363012
6	1	1	-0.00023659895076039679017	0.00030498996536156388389	-0.00020528678201053491312	-0.0015403000270117752843	0.001624880486572915627	-0.00028963976515760807328
6	1	2	-0.00035412772646673722297	-0.00048769235175496366327	0.00023510192504600410895	-0.00044806300188433601265	0.00094483221687720960087	0.0016871085562070590232
6	1	3	-0.00011914280869294581163	0.00018674261316455439052	0.00032179959488186842898	-0.00072200357097372839989	0.000131019085758602165	-0.00013281736933786600818
6	1	4	0.00066483123486729548465	0.0005879874617643273977	-0.00014234121427061778055	0.0010949255914495118272	-0.00096166154873328878183	-0.0011557125905088691618
6	1	5	-0.000112357586473795575	0.00023859620517629025476	-0.00012749496441417416752	-0.0008299274556120593083	0.00016032809665138952893	-0.00012032995508913644676
6	1	6	-0.00084134888776068756256	-0.00019463619469323170858	0.00084437926258396750999	7.1954881616591385421e-05	0.00070061901066335960809	0.00018264371442379978843
6	2	-6	0.00022158610416506078892	0.00037153551682272045655	-0.00070373462226359375597	-0.00077580604877446448023	-1.2992103256137110535e-05	0.0001129335005645656524
6	2	-5	0.00037372718576416421839	0.00025849514355782499467	0.00067371026904401926701	-0.0010597030136920552491	0.00071795673053460476887	-0.00011368703320743208166
6	2	-4	-0.000791105854501916771	0.00012732628930646559123	0.00032218370034662799622	0.00017609841761089171605	-0.0010255669315795612126	0.00027903864276514428553
6	2	-3	2.2887245636844062366e-05	-0.00067298173178733451845	-0.00081902005065126242886	0.00077834854877143931032	-0.00050023887582715349451	-0.00082706443106037605493
6	2	-2	0.00033160102065208366595	7.7897897409803237368e-05	-0.00042196038028481257015	-0.00071397751231794758485	0.0005728426816714384277	-0.00048028382008853789985
6	2	-1	0.00025710603397521543736	-1.7653258352814068692e-05	-0.0012058058481561537145	0.001153758721470283426	-0.00086897549246101480486	0.0022015978928236826229
6	2	0	4.4486982314661749024e-05	0.00016408580034600671153	-0.00013346094694398526062	-0.0004922574010380201346	-0.0014228384226035613574	0.0021862444073462478263
6	2	1	-0.00046198363180543637651	0.00064881027482469857872	0.0013395412134506435274	-0.0016245376478539184147	9.2819363931331204214e-05	-0.00064378635324035464287
6	2	2	-0.00027338838280940717159	-3.4533946930767240343e-05	0.00065687326751497304798	-0.00027459535065975165195	0.00016329188091324843969	0.00037819719145205335942
6	2	3	0.0003135695722502201163	-0.00024553439280127333042	-0.00070804919534255895183	0.00055286354634800363109	-0.00015510634760540091331	0.00012249308803721087064
6	2	4	-0.00016803913655632563614	-0.0004303028605771584995	0.00090119428129814419318	0.0011387093823143140062	-0.00019853843581458361527	7.6099599708580732585e-05
6	2	5	-5.256153987328772431e-05	0.00046797002384094978349	0.0002314629434328316273	-0.00046406077001160745332	-2.9511329525187375648e-05	-0.00037593972060449674802
6	2	6	0.00030911617217617724579	0.00058222876512723138482	0.00012543131982741876598	-0.0001379665724224420477	-0.00035092661211865019489	-0.00053623990765308408076
6	3	-6	-0.00012158392164238212728	-0.00043254531760146178567	-0.0001793202270293450687	7.1587247675578511506e-06	-0.00021124403515705467518	-0.00042896595521768284866
6	3	-5	-0.00011610156354952383786	-0.00063376607723034117121	1.9894569328250052365e-06	0.00020291381229787028425	-0.00013812820209973359839	-0.00063877100529768720237
6	3	-4	-0.00045887169686977034942	0.00011984089971591971823	-0.00017102059486533366731	0.00016804419809287368041	-0.00081657299145365582881	0.0003057944981435348512
6	3	-3	-0.00014850225042713216528	0.00027000876117198201925	-3.5298509562867541145e-05	-0.00040366498853316128267	-0.00033230301041713188525	0.00013635253381080275582
6	3	-2	0.00023004148604005697216	-0.0003563899437030893934	-0.00064247282666685904141	0.0010296751038632410025	-0.00027358478188011756431	0.0004753428246855933236
6	3	-1	0.00017529805930321628303	3.5573588468344460661e-05	-9.6967478075822400945e-05	-0.00053573653981848058745	0.00076088592159183050887	-0.0013937680886453749848
6	3	0	-0.00022654962599821405604	0.00063578600420010353625	0.00045309925199642811207	-0.0012715720084002070725	-0.00031641251494499204834	-0.00013964959038954458895
6	3	1	-0.00012989502205236835657	9.3301400748764678236e-05	0.00077945538187255167077	0.00012263160363072342102	-0.0015589960133034447103	-0.0009277032153847584138
6	3	2	-0.00032883465494430426466	-0.00034542671718869707087	1.470267457903013327e-05	0.00076011394669061964607	0.00096444995296436760931	-0.00010389076846983829716
6	3	3	-0.0006750528343513129614	-5.561560830587160525e-05	0.0010504264701847927134	7.6655502416122838562e-06	0.0002996791985178331552	0.00010356566637013092495
6	3	4	-0.00038499594999890675295	0.00036553942688948319259	0.0011106126698970974001	0.00069887208837300380648	-0.00025546557742446281223	-0.0010724632066139777251
6	3	5	0.00046295290244474532424	0.00030189607134927252995	-3.720277551823481546e-05	-0.00043061465056057498212	-0.00053322181762275352827	-0.00010390649528278207649
6	3	6	0.0002188597226141096488	-0.00087846312959593902351	-0.00022149809305577918667	9.3038159644609570091e-05	-0.00010811067608622005546	0.00083194404977363425879
6	4	-6	-0.00033113134976713249139	-0.00034043416270079096412	0.00024509137961749647002	3.384896636928193588e-06	-0.0001677370966888014933	-0.00033817756494283887289
6	4	-5	0.00036817265672523457557	-0.00033054237205515000185	-0.00024011101142269378325	0.00018212745653306116472	0.00024971837893212640988	-0.0002509488812397310596
6	4	-4	0.00043808798029230716295	0.00029568278672855325415	-5.6401619870276416475e-05	4.5294437697344882614e-07	0.00060073035056818434828	0.00044397712446980335541
6	4	-3	0.00033012160810368275767	-0.00022559265030516051495	-0.00077722524398590893662	-0.0005503275835324219047	-0.00037605710910717984191	-0.0011849554119868835333
6	4	-2	-0.00012961547115565929893	-0.00024750057974633291611	0.00061938870765601257776	-0.00026855572444043588221	0.00084993100184504728582	-0.001279613188119870567
6	4	-1	-0.00013156002311192848916	0.00013376087976037503036	7.9458631241743213282e-05	-2.9740718640866063639e-05	-0.00047152561370459813604	0.00068360240399878587341
6	4	0	-5.7806836487192021648e-05	0.00032303865481877580123	8.6710254730788032473e-05	-0.00048455798222816370184	-0.0012143379660548841038	-0.0003428087711700341907
6	4	1	-0.00032535159742839048647	-0.0009763455127840836318	0.00041999382130943410663	0.0014602323007541718938	0.00027213429933260660076	1.7143873687813677038e-05
6	4	2	3.701405569259342876e-06	0.00025077785048004791989	-0.00047695095241275425922	-0.00015563767881235970316	0.00094279768811773054064	-0.00044105819381542435333
6	4	3	-0.00012226771481330128309	0.0004096218012086653721	0.00098122864251612451104	-0.00047326539833926093911	-0.0010637694270615634124	-0.00018822307129831613161
6	4	4	-0.00039735187445243889655	-0.00054841962597904027246	0.00057767587635162726684	0.0005851014247579412568	1.8351935327031071216e-05	0.00023752801421061909767
6	4	5	-0.00048753726568586308512	-0.00068968662001310466949	0.00042635456077823091683	0.00013967740286015793705	0.00024396107020045100663	0.00071588202172759936217
6	4	6	-6.0844483531216187833e-05	-0.00022164969480403470554	-0.00019455917540989187131	0.00015620610776391092851	0.0001905506004711441043	0.00011751228962809410008
6	5	-6	0.00047257455353411694518	-0.00055934987290491935442	-9.3629471929741888651e-05	0.0001982973070602851327	0.00039454999359266539841	-0.0003941021170213483563
6	5	-5	6.3843721243468328809e-05	6.5642149697082391476e-06	0.00029303436164966340915	-0.00024647108670226142418	0.00036964682714182541456	-0.00023859402873861151992
6	5	-4	0.00068661714849995705758	9.8195901898707603928e-05	-0.00021133916891903848289	0.00022807540139911961852	0.00076575176160113757762	0.0004323881045969609426
6	5	-3	-0.0010050726567454734087	0.00022863041600275924308	0.00021517250140157297687	-3.2475964984750523327e-05	-0.0016515244778216584595	0.00040313422369760094953
6	5	-2	0.00011096992961903566802	3.222213317642755455e-06	-7.3853980201887294271e-05	-0.00024894289032524862795	0.00014827483835238878195	-0.00061269058586019330224
6	5	-1	0.00063469565823596725898	0.00038835140051158515556	-0.00040147638195689005613	-0.00015745179064042692904	0.0018007920396313533817	0.0015428494498673764237
6	5	0	0.00037505682082776813655	-0.00069251303832707476488	-0.00045006818499332179638	0.0008310156459924898046	-3.999344775658416457e-05	0.00014437340248222270216
6	5	1	-0.00079938775351154562135	-0.00061813943643810491998	0.0010555189156467722437	0.00088614550050700375584	-0.00048126805716458683979	-0.00072189088390638958461
6	5	2	0.00062718478611924275822	0.00013300927853970785945	-0.00081521758846318413076	9.8584754714102428258e-05	0.00015648961280023218775	-0.00064548972240437965577
6	5	3	0.0002961655512679163332	0.00078889916693318572292	-0.00024733343752833124481	-0.00094011213657622233735	-0.00018010870665528049234	-1.0944772906000928758e-05
6	5	4	3.0329681254983686771e-05	-2.2927067000186719079e-05	0.00023164775286974237855	-0.00031557893839942647608	-0.00033505421296965346269	0.00042886427349956315848
6	5	5	-0.00019045701482762089803	0.00026485532806186124367	-6.8098036454541897313e-05	0.00021195044159649133663	0.00029664645424768695597	-0.00052977683527072479651
6	5	6	0.00011139344465746919301	0.00021696731549049531234	-0.00020970243113368553433	0.00017090875789076443998	6.3358581287268752268e-05	-0.00035939128039946566543
6	6	-6	-2.0364838217411347431e-05	3.3613111344362107177e-05	4.8408379362537973516e-05	-4.0903896487937980032e-05	2.8043541145126626085e-05	-7.2907851435758711612e-06
6	6	-5	0.00031183100754604667652	0.00031243604766459484763	0.00010146851491672885537	-0.00034762323365833505988	0.00049595942695533060032	-4.2224623192488208614e-05
6	6	-4	0.00016084512892198572645	-0.00031601665667538894307	-0.00010857055481160095712	0.0005478815946848112229	7.8411861165577167554e-05	0.00034779740701413344684
6	6	-3	-0.00024613849004942358733	0.0003230333030301699355	5.9440024424098946766e-05	0.00026296677607163306684	-0.00037339693125064925402	0.0011720001582036058962
6	6	-2	0.00041128632315023434677	0.0004641979424481109404	-0.00056409374752366622536	-0.00068954353284378714067	-0.00045842227312029579841	-0.00067603677118702860081
6	6	-1	0.00072558989779959010523	-2.0203265165587864501e-05	-0.00061476509255638050154	-1.9213852691846138038e-05	0.00066494883145925794739	-0.00023650270714460402879
6	6	0	-0.00042727578436324554177	-0.00033687377858185806826	0.00042727578436324554177	0.00033687377858185806826	-0.00051881495826434052832	0.00047118912049914202754
6	6	1	-2.6693067537099576927e-05	-2.6583342231202808132e-05	0.00012710977339007122869	6.576474495466931114e-05	-0.00060250023511782989025	-0.00023508841634079904515
6	6	2	0.00034593395428480930515	-0.00022792388066464330798	-0.00042219592153534108402	-8.3956107847690082061e-05	0.00022878590175159520107	0.00093563996553700011592
6	6	3	0.00014719414325083389787	0.00025273152955069156256	-0.00029706867355452394597	-0.00045201121090906722175	0.00029974906060738004199	0.00039855936271675120996
6	6	4	-6.7301383490467989895e-05	0.00031435661087884567404	0.00011402646556816090962	-0.0003785395988748285279	-7.0087623116539386368e-05	9.6274481993974280782e-05
6	6	5	-0.00037372651778658976061	-0.00046852320186167026924	0.00047016157247701872513	2.3662705877299206422e-05	-0.00011572206562851474929	0.00053383259518124525234
6	6	6	7.9220322837078620748e-05	1.8170929661630098363e-05	-0.00014431395899639357983	-3.7811558906707611765e-05	6.5093636159314959087e-05	1.9640629245077513402e-05
