# completed local quartic closure restart checkpoint; cutoff=6; restart=5; seed=16284043624936429165; objective=projective-cross-power-ratio; selection=double-triple-remainder; optimized_objective=1.43413982211941235e-10; refined_objective=0; accepted_steps=8; candidate_lemma_proved=false
kx	ky	kz	ux_re	ux_im	uy_re	uy_im	uz_re	uz_im
-6	-6	-6	-0.00025557485703796105608	-0.00045612480049770081237	0.00046087516243244430704	-0.0021536689868164623878	-0.00020530030539448327806	0.0026097937873141630917
-6	-6	-5	-0.00072311829303443788536	0.00058794470221117372394	0.001115243264790500427	-0.00018980715975338587455	-0.00047054996610727502834	-0.00047776505094934538674
-6	-6	-4	0.00050472017088248649803	-0.00024430963311465532821	-0.00085365935267007900591	9.1762254151063997595e-05	0.00052340877268138876182	0.00022882106844538695526
-6	-6	-3	-6.4533764378765239738e-06	3.3379094686991442624e-06	6.3524694985462012487e-05	0.0001189286303502521628	-0.00011414263709517096347	-0.0002445330796379026209
-6	-6	-2	0.00040597816180698500111	-4.5422806100420314241e-05	-0.00027965085563544047785	-0.00013590856764450265142	-0.00037898191851463346137	0.00054399412123476886989
-6	-6	-1	2.4177009243895602347e-05	0.00036375041818500488625	-5.4344351146036000332e-06	-0.00035440693962101893922	-0.00011245544477575200202	-5.6060871383915580554e-05
-6	-6	0	-0.00013332052775530910376	-0.00023965751900479164414	0.00013332052775530910376	0.00023965751900479164414	0.00023970452966314849917	-0.00030501328975974021079
-6	-6	1	0.00018288907054096170657	-5.64507307997866016e-05	-0.00016344578934533008393	0.00010335463105881116403	0.00011665968717378973583	0.00028142340155414740169
-6	-6	2	-0.00020264773357116946614	0.00054295506806061326517	0.0003446351340651598893	-0.00062336166395442953268	0.00042596220148197124237	-0.00024121978768144891093
-6	-6	3	-3.2803787688102099113e-05	-0.0002825337823073311252	0.00031527961034939880379	0.00026737492975993545604	0.00056495164532259338225	-3.0317705094791368815e-05
-6	-6	4	0.00046701460049057514972	0.000433670898657738434	-0.00041612243904415319043	6.4530960554446591343e-05	7.6338242169632952489e-05	0.00074730278881827755157
-6	-6	5	-9.5814979227361619647e-05	0.00035307442831534059354	-0.00025539337110566667647	-0.00020808354069389484219	-0.00042145002039963399328	0.00017398906514573493414
-6	-6	6	-0.0014414039840638078263	0.0013615446618081004145	0.00028351668589398027137	0.00067948651817709506979	-0.0011578872981698276091	0.0020410311799851955927
-6	-5	-6	0.0013558275968529635239	-0.00014468304289949151901	-0.00058137946669128872778	-0.00073522498988146795223	-0.00087134470794355634114	0.00075737053446738153342
-6	-5	-5	-0.00025714658921261953923	0.0004955506593478316334	-9.1954370356098745904e-06	-0.00035254360804246265499	0.00031777134409075334437	-0.00024211718317493526173
-6	-5	-4	0.00028736658668634121805	-0.00017651634329899802277	0.00027655500496279698938	0.00053259101770111152898	-0.00077674363623300810445	-0.00040096425717789239062
-6	-5	-3	-0.0003453618233639378231	-1.9032335288243875163e-05	0.00049500230611196273812	3.3371165164196687168e-05	-0.00013428019679206224164	-1.7553938030506723771e-05
-6	-5	-2	-0.00027999009478335887659	-0.00046898249693321647632	0.00025976749985339884705	0.00057872587113387010359	0.00019055153471657962057	-3.9867187035025904542e-05
-6	-5	-1	0.00022172129445425814995	-0.00041105091877053842597	-0.00030571263683276851545	0.00054718268859963879649	0.00019823541743829378595	-0.00026960793037496353503
-6	-5	0	-4.9049346860223043203e-05	0.00050411951171958882447	5.8859216232267653199e-05	-0.00060494341406350661105	0.00046936880681504485058	0.00030221523038914509121
-6	-5	1	4.4841000115657822186e-05	0.00016757489056563599811	-5.2845927156363110995e-05	-0.00032309647195473054342	4.8163649121313908451e-06	-0.00061003301637983678267
-6	-5	2	-0.0001327883455442027379	-0.00054229441341142816009	-0.0001730638963012207088	0.00072950413980481091693	-0.00083102477738565994504	0.00019687710927774264942
-6	-5	3	0.00015080283180242230745	0.0001148168496664372717	-0.00027870283358138287725	-0.00017472261105131841599	-0.00016289905903079347771	-6.1570652419322798509e-05
-6	-5	4	0.00038280063355284373993	-0.00015193087221529067853	-0.00011648866173371543104	0.00015290607827175375943	0.00042859012316212130415	-3.6763710483243838834e-05
-6	-5	5	4.4021865029843685008e-05	-0.00015120134896165425531	-7.8362077070796934972e-05	-3.1252367019039812126e-05	-2.5535839034984507542e-05	-0.00021269398577302491308
-6	-5	6	-0.00057638379816259360886	9.231364711912600743e-05	-9.6572294774888929104e-05	-0.00025671995204781941158	-0.0006568607104750010927	-0.000121619646254056822
-6	-4	-6	-0.00049786191718733047509	-0.0003539975985977926367	0.00055848250291758681774	0.00016853476123401356455	0.00012554024857560597511	0.0002416410911084502784
-6	-4	-5	0.00032202652926498746442	0.00026605569140370312949	-0.00047774900032398462304	-0.00034922132556695423744	-4.2326348587972671778e-06	-3.9889769230880392547e-05
-6	-4	-4	0.0006987439310661677826	0.00031887381105159671351	-0.00064193578943018750598	-2.3204052019888759498e-05	-0.00040618010716906416792	-0.00045510666455750629043
-6	-4	-3	0.00018966094315834078473	0.00010996246967810503119	-0.00022679933871521583627	-0.00037305533297625530437	-7.6922768029727103031e-05	0.00027748217127879698301
-6	-4	-2	-0.00027636666908824433948	0.00063269560539605019817	0.00032598872289903992831	-0.0010179027325658536809	0.00017712256146665308052	0.00013771864894355663185
-6	-4	-1	-0.00026834389277323179553	-0.00048540187937720055732	0.00060612060007564675605	0.00033439198031787935404	-0.00081441904366319614259	0.0015748433549916860362
-6	-4	0	-7.6589014263136822409e-05	0.00029513295848563253021	0.00011488352139470522006	-0.00044269943772844882243	-0.00018316404542053282356	-0.0010859141135520452605
-6	-4	1	0.0003316913376152628469	-0.0002635952919823412316	-0.0003988386879232551363	0.00042748891246477692439	0.00039479327399855669882	0.00012838389796506049774
-6	-4	2	-0.00060209220082434308438	-0.00037459802807387587286	0.00090367270162719146292	0.00093462389238696270532	1.0688007813535907432e-06	0.00074545370055229768363
-6	-4	3	-0.00011696840761513482387	-8.9741343194359287429e-06	0.00050208738993722337209	-0.0010769996741808599353	0.00043551303801936142469	-0.0014539478342133517474
-6	-4	4	0.00048795941444302080381	6.2561664931992739722e-05	-0.00088690138712093150031	0.00020445512850068148355	-0.00015496226545640026748	0.00029829762589867061346
-6	-4	5	0.00011069343953046727137	0.00047660069078860972875	-0.00011755893237683216919	-0.00025597771072496272073	3.8784981535094995714e-05	0.00036713866036636145455
-6	-4	6	0.00039890257261178787077	0.0001130046060162309896	-0.00071290613381247110777	-0.00026527235846674054789	-7.6368183263192854194e-05	-6.3843632961596024256e-05
-6	-3	-6	0.00015980140597269824518	-0.00043543005701416172618	0.00038893330700158945841	0.00068276624116735411436	-0.00035426805947349300149	9.4046936430484655441e-05
-6	-3	-5	-0.00042646440013736002872	0.00013003848634037464709	0.00047194943477215582205	-5.9404410582565168788e-05	0.00022858761930153853039	-0.00012040353725891046169
-6	-3	-4	-1.562219881626990541e-05	0.00013741695226134745321	5.3748757422891253353e-05	-0.00043814883947970143137	-1.68782698427635819e-05	0.00012248620121775490727
-6	-3	-3	-0.00011016614243455243581	0.00043011296942600509225	0.00062387736475072626263	0.00020589784520982085786	-0.00040354507988162133681	-0.0010661237840618310695
-6	-3	-2	0.00020831493170778337841	0.00040218316453942122655	-0.00047676148615098407763	0.0013476840105651768063	9.0197434103125994774e-05	-0.0032280755094660287807
-6	-3	-1	0.0007080219529674432145	0.00081679006360112975209	-0.0011190053088606091367	-0.0018584015494876079521	-0.00089111579122283155179	0.00067446426685604501852
-6	-3	0	-0.00069658260271000024128	0.00096835773756009880988	0.0013931652054200004826	-0.0019367154751201976198	-0.0033144067784073695873	0.0015357395832822124011
-6	-3	1	-0.00077648113640249832694	-9.9954254373236655777e-06	0.0015974058735337703669	-0.00026162379725745026939	0.00013333080218632141012	-0.00084484394439629268304
-6	-3	2	0.00031971826209829242805	5.2421384701694626694e-06	-0.00053409436338041976159	0.0011169792483842516835	0.00015801324122424764175	0.0016911952879868857955
-6	-3	3	-0.00033472625687076958904	-0.00091671585523109679148	-0.00026705802989816719746	0.00082296059642778093737	-0.00093651054363970637553	-0.0010104711140344125372
-6	-3	4	-0.00016181240855173961431	4.937283110676832763e-05	-0.00033520935450854041134	0.00049921200724774858828	-0.00049412562870901474352	0.00044846825209596393944
-6	-3	5	-0.00017697065087013532985	0.0004224027185136462032	0.00019439630562425794366	-0.00049053487253027062628	-9.5726997669607637761e-05	0.00021256233869821304638
-6	-3	6	-0.00015368531286529839622	0.00034068652247866882017	0.00040134128162540040055	-4.9554508021101762361e-05	4.6985327947401817603e-05	0.00031590926846811797626
-6	-2	-6	0.00018655833801326963473	-0.00063677624455264953719	-0.00055955689878477198398	-5.9531131827298776796e-06	-3.9371751678970129398e-08	0.00063876061561355941369
-6	-2	-5	0.0002007887460449474205	0.00084476764309438792059	-0.00042147991425834686625	7.2388810123802174181e-05	-7.2354529550598147263e-05	-0.0010426766957627863364
-6	-2	-4	-0.00026443628442469511389	-0.00052119652416405572171	-0.00076902408779911150209	0.00071043902936581359263	0.00078116647053659842188	0.00042657527156317684046
-6	-2	-3	0.00020709655782189976625	-3.1563744014720468087e-05	0.0005627464283318049567	-0.0005123455364677206034	-0.00078935740119833613417	0.00040469117900792132489
-6	-2	-2	-0.000732418969480204754	-0.00097459840263468538058	-0.00052212693229329739351	0.0014173836433012487832	0.0027193838407339118723	0.0015064115646028074669
-6	-2	-1	0.00072628170491641338893	-0.0011317577657592901245	-0.0016153964907451427192	0.0038180230678023707389	-0.0011268972480081948951	-0.00084549954104899986349
-6	-2	0	1.597459749200842133e-05	-0.00021452848007877013009	-4.7923792476025260602e-05	0.00064358544023631041736	0.0010881981786775179501	0.0018606632334816559145
-6	-2	1	0.0012911256567897906947	0.0004840469539234416689	-0.0026148022987287902405	-0.00230387289415378161	0.0025171493432811632533	-0.0017034640647669129897
-6	-2	2	-0.00047919582913763021257	0.0013447345786835526726	0.0011082529295668626119	-0.002024053134440186464	-0.00032933455784602791742	0.0020101506016104715539
-6	-2	3	-0.00023078001039687171415	0.00022794414357221802307	0.00045170486799122662068	-0.00014774387382927666292	-0.00016042344213292568118	0.00035739237125825162227
-6	-2	4	0.00038620873340803663944	-0.00044877643458107063399	-7.8144633481828912726e-05	-0.00062189776305251597433	0.00054024078337114051634	-0.00098411353339786385684
-6	-2	5	1.7743514184737745607e-05	0.00025749539089226457494	-0.0004121954166662138673	0.00039716174259118037495	-0.00014358594964480024406	0.00046785916610718962906
-6	-2	6	-7.1964998820069158542e-06	0.0001012018438004975144	0.00040250518786693120906	7.487900254052472877e-05	0.00012697189607363681485	0.00012616151131400574377
-6	-1	-6	-2.1438697903787092605e-05	-5.3051109235266967739e-05	-0.00021549793972609759688	-0.00016245005104153456988	5.7355021191470028806e-05	8.0126117742189396052e-05
-6	-1	-5	-7.4603231320837339654e-05	-0.00012044487183505469868	6.5065139387786904285e-05	0.0014720459947182627878	7.6510849707447426728e-05	-0.00014987535274158691372
-6	-1	-4	0.0010816871784986147736	0.00021895321307734450802	0.00051870891178056207065	-7.370936682597569096e-05	-0.0017522079956930627052	-0.00031000247790952285961
-6	-1	-3	0.00034337791221501762348	0.00015220772977268855609	-0.0015409840140406638308	-0.0005623789888365279474	-0.00017309448641648065475	-0.00011695579659986779638
-6	-1	-2	-0.00062155351774427893084	-0.00023602321623445341142	-0.0024436719123809339492	-8.8106990755825945064e-05	0.0030864965094233040924	0.00075212314408127322034
-6	-1	-1	0.0005831089278442002765	-4.7559193777578913191e-05	0.00086992497632087484143	0.00025707629810757650973	-0.0043685785433860762836	2.8278864557896942313e-05
-6	-1	0	0.00058560300833688302014	-0.00023307408791456280775	-0.0035136180500212983377	0.0013984445274873769007	0.0035718930685635164393	-0.00039283240517144773921
-6	-1	1	-0.00026037301485725615436	-0.00018974191476750450051	0.0003519390222681600326	0.00038897957077263885977	-0.0012102990668753767309	-0.00074947191783238814328
-6	-1	2	0.0012649113136817265006	-0.00069252316305015151551	-0.0010425573741049073712	0.0015739957694563678874	0.0032734552539927259246	-0.0012905716044222706029
-6	-1	3	-0.00061849063717024860623	0.00076361887588890858206	0.0021978287281784621675	8.1206469092658456412e-05	-0.0005043716982810098233	0.0015543065748087033298
-6	-1	4	-0.00068906493842336600728	-0.00042685814521082184004	0.00071514649481375122501	0.0010973467274129171389	-0.00085481078393161125887	-0.00036595053596300350244
-6	-1	5	0.00034930749370729339892	-0.0001351084181651935473	-0.00024517281256364971062	9.6941431262784007769e-05	0.00037013442993602215826	-0.00014274181554567547418
-6	-1	6	-5.75207196512841329e-05	0.00035753664890670841005	-0.00017964219132738016671	-0.00048792078551408631657	-8.7461084872514162944e-05	0.00027621651798769405106
-6	0	-6	-1.5195089320603243961e-05	0.00013259701946722010396	0.00029058047428714598804	-0.00010848871923086157644	1.5195089320603243961e-05	-0.00013259701946722010396
-6	0	-5	-0.00054637780811542333709	0.00021808697487497342993	-0.00011806341467675601135	0.00010166586637083548865	0.00065565336973850789608	-0.00026170436984996811591
-6	0	-4	-3.7937443234626579342e-05	7.3276063588108527919e-05	0.0010078512680162840087	-0.0013347434303713115022	5.6906164851939865625e-05	-0.0001099140953821627851
-6	0	-3	0.00064915300187682993278	5.7271636106403176394e-07	-0.0031997883993205825277	0.0013258008961106416621	-0.0012983060037536598656	-1.1454327221280635279e-06
-6	0	-2	-0.00018198106760569909271	0.0004283115326158810454	0.0020186612533703782169	0.00079178492120980084514	0.00054594320281709722391	-0.001284934597847643082
-6	0	-1	0.00035352525077953736877	-0.00033083659411700156892	0.0031167060880576951537	-0.0020368440199455745999	-0.0021211515046772244295	0.0019850195647020093051
-6	0	0	-7.1603256402367723951e-43	-0	0.0031838414524286884517	-0.00049937344403242877721	-0.00014016719227959121706	0.00022137207036577479218
-6	0	1	-0.00016319266188691703887	0.0002093468336626086836	-0.00013650170265957342944	-0.0024864480513898234298	-0.00097915597132150217902	0.0012560810019756521016
-6	0	2	0.00033671410162660784723	-0.0010487312714553534334	-0.00034457929103515465719	0.0045061575167925213212	0.0010101423048798235417	-0.0031461938143660600833
-6	0	3	0.00051894112105372355425	-0.00033269253847393481273	-0.0023231521926278223163	-0.001243115986986815559	0.0010378822421074471085	-0.00066538507694786962546
-6	0	4	4.0940236952865068825e-05	0.00078583279643698350937	0.00041810275392820919933	0.0026655273875002098716	6.1410355429297603237e-05	0.0011787491946554753183
-6	0	5	-5.9130221630140200918e-06	-0.00040829304571475506314	0.00015424224903426517891	-0.00061840620810706256258	-7.0956265956168241101e-06	-0.00048995165485770611914
-6	0	6	0.00023345240456662416607	3.8356636757022462373e-06	1.7875391484287889572e-05	0.00018669255711832011247	0.00023345240456662416607	3.8356636757022462373e-06
-6	1	-6	0.00022692798578738323243	4.8823486727038301991e-05	0.00029740202357827133029	0.00010570764775323783057	-0.00017736098185767133501	-3.1205545434831994636e-05
-6	1	-5	0.00012688788133675133461	-7.5427966827755294421e-06	-0.00057624808611535791644	0.00029775913508456168001	-0.00026751507482717317397	6.8603183036242961846e-05
-6	1	-4	-0.0002761255740304642786	-8.8264027192214036897e-05	3.7010583060121654401e-05	-0.00041427908991266496888	0.0004234410068107267739	2.8826268310154806349e-05
-6	1	-3	-5.5813361125079000516e-05	-0.00044150488175747644838	0.0011431425733748291559	0.00018291326261342185527	0.00049267424670843440893	0.00094398085105276013668
-6	1	-2	0.00011928012623696698877	-6.6591054289936031348e-05	0.0012790424349904047901	-2.9857387754918945244e-05	0.00028168083878430137451	0.0001848444689923486265
-6	1	-1	-0.0011648131590033202788	0.0006616468636167413802	-0.0033322336721274092679	0.0045851508056345647787	0.0036566452818925128387	0.00061526962393411714809
-6	1	0	0.00058879558802352660249	0.00028075945326592658237	0.0035327735281411596149	0.0016845567195955596027	0.0034925341502867017496	-0.0040022592804509517228
-6	1	1	0.0003141215441794209225	0.00023743605577958358348	0.00089004744539351963051	0.00033093351911685784175	0.00099468181968300601291	0.0010936828155606436591
-6	1	2	-0.00047615484161826770754	0.00021983682060606712081	0.0013278418663642812744	-2.6364244593174182384e-05	-0.0020923854580369438683	0.00067269258411478845532
-6	1	3	-0.00059506060821134523168	0.00061328783046511162105	-0.0015838774619238728779	-0.0016194733677593251258	-0.00066216206244806613459	0.0017664001168499982117
-6	1	4	0.00037171222474121051304	0.00049381950389410531142	-0.00080313210605302803435	-0.00036496600308407698169	0.00075835136362507275104	0.0008319707566121772261
-6	1	5	-0.00021139931400359897404	-0.00010457037099169772681	-0.00012824669599576209991	-0.00095953716552401983626	-0.00022802983760516635971	6.6422987914766684235e-05
-6	1	6	-0.00016957760008496996183	1.0970860922083882288e-05	-0.00049458625083765531821	0.00013917108170077827664	-8.7146558278694089016e-05	-1.2224319361379164383e-05
-6	2	-6	-0.00020510434121905854899	2.1140986105694934208e-05	-1.4865209672634036275e-05	8.6540107360849981961e-05	0.00020014927132818054255	7.7057163479217241869e-06
-6	2	-5	-8.2644062266343275899e-05	4.4907151681976097525e-05	-0.00048644210229333533077	-0.0003858939354550256157	-9.5403966197722193097e-05	-0.00020824615620038155247
-6	2	-4	-4.9188910326683253714e-05	0.00051570239422391256443	0.0011605721229603566461	0.00018548671257018100786	0.00065406942697020318666	-0.00068081023505077832916
-6	2	-3	0.00013171895583976477506	-0.00066487138526081406616	-0.00097078760105711540268	-0.00025490654574396743454	-0.00091062964571760648524	0.0011598050733589832482
-6	2	-2	-1.7983814983399787178e-05	0.00030112678768271660843	-0.00050650032387743583549	0.00055192456541107957901	-0.00045254887892723648412	-0.0003514557976370703005
-6	2	-1	0.0011893205301767063604	0.00010721101984456216495	0.0021763863393879367969	0.0005695878598032025732	-0.0027831505022843645684	0.000495909600539032238
-6	2	0	-0.00079955515445705941779	-0.00073691258915045373176	-0.0023986654633711781449	-0.0022107377674513610868	-0.00049231149302726272959	0.0025351638798455020107
-6	2	1	0.00063876446799158862269	-0.00020104615275599716818	0.0013616377649572004079	-0.0005917525045013388935	0.0011093112780351311372	-2.2771907533305184849e-05
-6	2	2	-8.0777594960229397793e-06	0.00016356129265186584998	-0.0010517020125986019114	0.00025214320185978358283	0.0010274687341105331276	0.00023854067609581394
-6	2	3	-8.1630900387228997402e-06	-0.00028542295025239632078	0.00033650110361873854454	0.0012945356036145737755	-0.00024066024915660481562	-0.0014338696362478418975
-6	2	4	4.3130556713565318286e-05	0.00012037398108580425239	0.00098713564080322286319	-0.00036757163445627898547	-0.00042887198533126346094	0.00036434678885684587809
-6	2	5	9.7276364214295057216e-05	-0.00080205453147214511751	0.00021616795717269740411	-0.00095172516588056237791	3.0264454188075106338e-05	-0.0005817753714143491248
-6	2	6	-4.5048724469876626653e-05	0.00013376178832082754331	8.1732826096279903035e-06	-0.00034416285682803198984	-4.7773152006419290652e-05	0.00024848274059683820658
-6	3	-6	-0.00027408114836091466591	8.9162444586403073412e-06	7.174672461420852096e-05	9.2773446284130704721e-05	0.00030995451066801891962	3.7470478683425050101e-05
-6	3	-5	3.265284142387670554e-05	0.00020172761613512359504	0.0006947114679401635972	0.00011501600158011533606	0.00037764347105544610354	-0.00017306353841407910157
-6	3	-4	0.00018745016645383699044	0.00047556808286257362542	0.00010966660226820763976	7.8048160159287696528e-05	-0.00019892529797959975922	-0.0006548160041743946759
-6	3	-3	-0.00027339985787249549646	-0.0006534154342487586602	0.00033738039207327480537	-0.0001596877921445351517	0.00088418010781826574408	0.0011471430763529823042
-6	3	-2	-0.00022452736096777934889	-0.00027144358994696628825	-0.00019171012277852271977	-0.00096430624291105515502	0.00038601689873555400769	-0.00063212859452568392199
-6	3	-1	-0.00033358745034014737835	0.00075198468290824961851	-0.00019015108736326240615	0.0019275455456820077358	0.0014310714399510969432	0.0012707285395965254964
-6	3	0	-0.00056826881033405064834	-0.00024934242625082391571	-0.0011365376206681012967	-0.00049868485250164783142	-1.7057533599544157858e-05	0.0021567843661665364596
-6	3	1	-0.00056850506418400963485	-0.0007760597709702646849	-0.00040902257776322646383	-0.001619349689926300297	-0.0021839626518143787429	0.00020169044395731264611
-6	3	2	0.00049922150698256638479	-0.00070599704416999078168	0.0021482134863214127733	-0.0016182414133138493719	-0.0017246557085344197888	0.00030937098746080176704
-6	3	3	2.5684530759944915846e-05	-0.00012411328131881893002	-0.0014542787042988961511	-0.00032381054052981069445	0.0015056477658187859218	7.558397789217286152e-05
-6	3	4	7.2033706007831357538e-06	0.00017260409413810971812	-0.00049937702500154820817	0.00088392707792056795634	0.00038533782465233586611	-0.00040403916723326139008
-6	3	5	0.00048327056472806704341	-0.00014168697523841191624	0.00074389573833355906486	-0.00035585583448081959616	0.00013358723467354500776	4.3489130402397447369e-05
-6	3	6	8.4240129923016050708e-05	0.00047613012977820669182	0.00023774463629208284453	-0.00039592156477105981335	-3.463218822302536478e-05	0.0006740909121637365985
-6	4	-6	0.00016532682114518774388	-0.00038156755432633469947	7.2163956137594005764e-05	-0.00062011679514259443729	-0.00011721751705345839767	-3.1843642435394941203e-05
-6	4	-5	0.00015951392455227571027	-9.3314191600749841148e-05	0.00013203265559605313856	0.00020960160160413463361	-8.5790584985888346898e-05	0.00027965831120420754337
-6	4	-4	9.2473728025335133452e-05	0.00022431331442739204664	0.00038680966265820570854	0.00053280810935711923806	0.00024809907062020298803	0.00019633813771603112744
-6	4	-3	-0.00021177511978319913137	-0.00033259971484353223264	-9.6788596695279472413e-05	-2.6793633626629957255e-05	0.00029449877730602561478	0.00062947458485155779236
-6	4	-2	0.00077464285893918884574	-0.000575225480574522623	0.0011225612544164232601	-0.00078596681148059249593	-7.8806067984720016943e-05	0.00015374281876238295847
-6	4	-1	-0.00067956292803756496428	-0.00022122530264573526558	-0.0011218874844790296084	-0.00047435176990989107518	-0.00041017236969072902756	-0.00057005526376515270725
-6	4	0	0.00093962450756134214581	-0.0005632469542295208062	0.0014094367613420131103	-0.00084487043134428110088	0.00048715022216166015828	-0.00092940748619885682393
-6	4	1	-0.0002593633885758106104	-0.00014464846232300847782	-0.00083686039826521034166	2.8981764329090252798e-06	0.0017912612616059777042	-0.00087948347966968691385
-6	4	2	-0.00012712114401496654227	-7.9380217912436958007e-05	6.7670822635047383218e-05	-3.5480151452564620356e-05	-0.00051670507731499436613	-0.00016718035083218161976
-6	4	3	-0.00055084751598136389751	0.00012168732293920230523	-0.0001399182792975802597	-4.4660461795427868522e-05	-0.00091513732623262089051	0.00030292192827230846226
-6	4	4	-0.00035541703729917239292	0.00045410446787691970388	-0.00011808087623666773162	0.00044186330977884701824	-0.00041504467971209085776	0.00023929339203653256468
-6	4	5	-0.00023145595616967833195	2.2666169522558238876e-05	-0.00055417651525262320248	-0.00037869681784095102954	0.00016559406479848455822	0.00033015685769983071571
-6	4	6	-0.00023044344427475000735	-8.4700603946798942484e-05	-0.00070437230459899043741	-0.00018743451244122494629	0.00023913809212457691478	4.0255737680684359559e-05
-6	5	-6	0.00051697777028069454193	-0.00030131126708493930454	0.00043552161183187874634	0.00038906311907242340127	-0.00015404309375412886577	0.00062553053297862554454
-6	5	-5	0.00013999511258341705306	-0.00052209728767320569016	-0.00016827916427109907609	-0.0001320742406406118577	-0.00033627329937119953976	0.00049444250456723499217
-6	5	-4	2.5889707315472782476e-05	8.7148474367864094624e-05	6.4856548825709329337e-05	9.0370797788841448974e-05	4.2236125058927481181e-05	-1.775921431574433072e-05
-6	5	-3	-0.00019345569806141337129	0.00033465506964439468941	-0.00043878722393154116896	0.0001168714099631066477	-0.00034440064376307525989	-0.00047452445601694500212
-6	5	-2	-0.00036963416246564453991	0.00018118728908374869099	-0.00060263962179969471529	0.0002814897168887763707	-0.00039769656710230322271	0.00016016242497069485377
-6	5	-1	-0.00022513959939072267051	0.00030904425807696015664	-0.00020756672088647487454	0.00043823470871681425827	0.00031300399191196165037	0.00033690799512231018892
-6	5	0	-0.00017543461790865011061	8.8320021005721896122e-05	-0.00021052154149038012189	0.0001059840252068662645	-0.00063935097687603092281	0.00017263081890903699553
-6	5	1	-0.00029967871674729129215	9.367182729241068837e-05	-0.00030656070759660109665	0.00017444673146950961332	-0.00026526876250074210703	-0.00031020269359308404481
-6	5	2	-0.00011773556056519137586	0.00020226187456031730679	-8.2001953588177716858e-05	0.00018552829139775533444	-0.00014820179772512983543	0.00014296489518656363849
-6	5	3	4.7084666335269505092e-05	-0.00023509728805112557054	4.0751160631191368896e-05	-0.00016095963985411960062	2.6250731618553386321e-05	-0.00020192850967871850952
-6	5	4	0.00026382103676487106197	-0.00018098480728485300743	0.00011409120173906288972	-0.00019542424592484462071	0.0002531175529734779571	-2.7196903521223735262e-05
-6	5	5	1.8550603719358296992e-06	-0.00024362077953657353168	-3.9544570599233104893e-05	-2.5699998572758734749e-05	4.1770643045556102226e-05	-0.00026664493687112952088
-6	5	6	-5.6353319518492719432e-05	0.00076983970456446625813	-0.00017867134488279973865	0.00056882233462399265506	9.2539467883840384813e-05	0.00029582109237780574839
-6	6	-6	0.00081569988060879706181	0.00031370627228091512145	0.00026561713792827958483	0.0011995100221529918835	-0.00055008274268051747698	0.00088580374987207676201
-6	6	-5	0.0001508162071873833394	0.00079244561057220837264	0.00070193133846320650282	0.00029412677312891149974	0.00066133815753098785031	-0.00059798260493195624747
-6	6	-4	0.00048319846242298028277	-1.6798551022411666462e-05	0.00049752316709360852164	-0.00024582153538220321426	2.148705700594234476e-05	-0.00034353447653968737082
-6	6	-3	0.00010373256593324415827	-0.00022213622795875880532	6.1578812941635977006e-05	3.9086057182838384683e-05	-8.4307505983216348973e-05	0.00052244457028319431224
-6	6	-2	-3.9444729201266776238e-05	-0.00029123028131739777747	2.710898312034056373e-05	-0.00037885294735231247977	0.00019966113696482200974	-0.00026286799810474405269
-6	6	-1	0.00025572870325228630852	-0.00028761203324580462493	0.00028819588534295502305	-0.00027033944326385701742	0.0001948030925440122059	0.00010363553989168563152
-6	6	0	3.60486239782660745e-06	9.0601086167369933289e-05	3.60486239782660745e-06	9.0601086167369933289e-05	-2.4122573016019254355e-05	-0.0001416342348134263184
-6	6	1	0.00012469835886821489367	0.00019826741253582393304	0.00016824998397897326062	0.00023243290821662378762	-0.00026130975066455020168	-0.00020499297408479912747
-6	6	2	-0.00022970286799051827767	0.00049619776235682142192	-0.00012141860440283589405	0.00046747168226684996046	-0.00032485279076304715085	8.6178240269914153991e-05
-6	6	3	-0.00011560834073864565427	-0.00013715260286693693151	0.00014717823733424292214	-6.9770807916410453389e-05	-0.0005255731561457770715	-0.00013476358990105292914
-6	6	4	-0.00023292665092880746329	0.00052851734690670512575	-0.00019052344511727106356	-2.444264530087812666e-06	-6.3604808717304613152e-05	0.00079644241715518947645
-6	6	5	0.00040957696698447749973	9.3628240142737945406e-06	0.00064935111453940145242	6.4922121143238967298e-05	-0.00028772897706590881911	-6.6671156554758210697e-05
-6	6	6	7.6500992448104765723e-05	-0.001379872236840598218	6.380831345287877503e-05	-0.0025159707948815461867	1.2692678995225990693e-05	0.0011360985580409479687
-5	-6	-6	0.00045962998166669267715	-0.00069204799045577338346	0.00015150138812047199833	0.00022316743136915691997	-0.00053452637284271591403	0.00035353922734398753915
-5	-6	-5	-0.00053165360557151251832	0.00040056480788699364059	0.00011561589812668437527	-0.00058474581097537085481	0.00039291452781949125174	0.00030113016528345146108
-5	-6	-4	-0.00048332715837378140405	-0.00036730543923752694609	0.00049127723591799263986	-0.00012925158133322573861	-0.00013275690590976223183	0.00065300917104674726342
-5	-6	-3	0.00022871177762073013656	-4.3089203942038021612e-05	-0.00027714937417540319847	3.2749869276841976564e-05	0.00017311245231625620546	6.3156013497127408068e-06
-5	-6	-2	-4.1640824530432375759e-05	3.9167392950024542417e-05	-0.00011137983306511062037	-0.00021741820758946740983	0.00043824156052141278019	0.00055433614039334083278
-5	-6	-1	0.00030962579932554380128	0.00031154150423020308697	-0.00018113336882178205007	-0.00024577590263991940358	-0.00046132878369702659755	-8.305210531149898631e-05
-5	-6	0	-0.0001032881936288191732	2.3134739867806976401e-05	8.6073494690682651113e-05	-1.9278949889839146436e-05	0.00020312652178631804387	-0.00040380923907072240227
-5	-6	1	1.6035059764641357419e-05	-0.00043097141658040167547	-3.996454191863630024e-05	0.00022120664746392971578	-0.00015961195268861101096	-0.00082761719811842997425
-5	-6	2	0.0010589878678464769227	-9.4231838321089277295e-05	-0.0008044160969439644298	6.0131571149452566134e-05	0.00023422137878429899016	-5.5184882354365481284e-05
-5	-6	3	0.0001183968820688623781	4.2741340469148862181e-05	-0.0001393595744086461414	0.00018728484272173830344	-8.1391012035854972415e-05	0.00044580525289205806191
-5	-6	4	0.00026941601520462284949	-0.00010618574857285374236	-0.00028018078278471545599	-9.2664781790943051175e-05	-8.3501155171294608572e-05	-0.00027172935840248175132
-5	-6	5	0.00018299442204359906024	0.00010512962037259479618	-4.4807083226573114266e-05	0.00022937925922625018011	0.0001292259221717113177	0.00038038473144409501231
-5	-6	6	0.001499963923673257012	-0.00035258592010259961992	-0.00020909026775366287496	0.00062001831524650550739	0.0010408796686407180768	0.00032619671516100588737
-5	-5	-6	-0.00045515304046074090208	-0.00011176438946229047067	0.0006882689422989874458	0.00051800406049889590084	-0.00019426325153187209266	-0.0003385330591971711647
-5	-5	-5	0.00011219492757439815367	0.00010383736228702389619	9.4856783517863841264e-06	0.00033410065658037382689	-0.00012168060592618453949	-0.00043793801886739773662
-5	-5	-4	-0.00057871337798826548438	0.00020405713735102519457	0.00057399043979372349131	-0.00052457321951436444284	5.9036727431774837114e-06	0.00040064510270417403323
-5	-5	-3	0.00017434383397496621467	0.00032155291904511655371	0.00010942502486732707308	-0.00035996254564465377532	-0.00047294809807048879486	6.4016044332562081201e-05
-5	-5	-2	0.00052785834735707244051	-0.00010072793625990049968	-0.00029179771747778589447	1.741518998155733636e-06	-0.00059015157469821633799	0.00024746604315436192528
-5	-5	-1	-0.00045504554924280770636	0.00019861203904894631574	0.00049313530773948917926	-0.00011564527690782561641	-0.00019044879248340714764	-0.00041483381070560348307
-5	-5	0	0.00069497246322658585982	-0.00060398427825590714907	-0.00069497246322658585982	0.00060398427825590714907	-0.001518940144468027692	0.0015481842221408477923
-5	-5	1	-0.0011009073385234767559	-0.0010450685953620614255	0.0011984954762441183025	0.0012887132437254852479	0.00048794068860320719081	0.0012182232418171197626
-5	-5	2	-0.00037598635678685535114	0.00017221164059546626162	0.00097243152590063331765	-0.00062883997306049336119	0.0014911129227844449434	-0.0011415708311625679793
-5	-5	3	-0.00010320934971192933073	0.00025667281122561917553	-0.00046128608080707537422	-0.00060855502603674935247	-0.0009408257175316745444	-0.00058647035801855031296
-5	-5	4	-8.3877032192685078526e-05	7.7362515108229503781e-05	0.0003366405655455079692	-0.00062719766043124259083	0.00031595441669102859641	-0.00068729393165376634865
-5	-5	5	0.00046874096194614913455	-0.00011691317311785518526	-0.00026249256604874272956	0.00018272146912588429915	0.0002062483958974064321	6.5808296008029127451e-05
-5	-5	6	0.00075232092424232645082	0.00014660150226212281701	-4.1040457552755863076e-05	-0.00043200078967695174255	0.00059273372224130877004	-0.00023783273951235746053
-5	-4	-6	0.00019708514259043167778	0.00038096782900023430391	-7.3083929327110130599e-05	-0.00010304860766005650291	-0.00011551499927395297775	-0.00024877411906015762079
-5	-4	-5	-0.00053263100429766887297	-0.0003956812811572229323	0.00021696923153035512551	0.000423390267652236146	0.0003590556190733847834	5.6969067035434023632e-05
-5	-4	-4	1.2107021826590905067e-05	-0.00040697921623224388296	2.5539951712107234806e-05	-0.00018288708338690690277	-4.0673728995345868257e-05	0.00069161110367721174291
-5	-4	-3	0.00083309582746007426052	7.4529597635362155304e-05	-0.0013257222660534740549	-0.00051918954445316276274	0.00037913664230450821535	0.0005680367298786134474
-5	-4	-2	0.00011905381287265543095	-0.0011654080984589924169	-0.0010391909086218547881	0.0025740408644632302611	0.0017807472850620710125	-0.0022345614827789799135
-5	-4	-1	0.00085919144492087209768	0.00022293077312216468509	-0.0016011003029077085138	-0.00024015002859955434798	0.0021084439870264742173	-0.00015405375121260611484
-5	-4	0	0.0012427081239449436385	0.0020085212125861636075	-0.0015533851549311796566	-0.0025106515157327044009	4.6252994231788075136e-05	-0.00016247799843579501552
-5	-4	1	0.0004059940324382039405	0.00079951127180888001932	-0.00088259280627519729173	-0.0011993654378539041552	-0.001500401062909769356	-0.00079990539237121609066
-5	-4	2	-0.0010839144113936056545	-0.00095691526149989955628	0.0016131055969592390797	0.00083890714592551110518	0.00051642516543446402317	-0.00071447386189872673454
-5	-4	3	-0.00040781920822907668806	0.00048589540709230547195	-0.0010145921892215157677	0.0010397095888297570778	-0.0020324882660104821343	0.0021961051302601852959
-5	-4	4	-0.00073939917274365386714	-1.2263182059133923528e-05	0.0012326617427182876095	0.00053885394854186717539	0.00030841277678872035684	0.00052352497096794974388
-5	-4	5	-0.00010888115164894047874	-0.00042743280889934436723	-0.00020592010124457360435	0.00042140753114924031208	-0.00027361723264459936493	-9.0306783979952109432e-05
-5	-4	6	-0.00029365618913192832132	0.00043619950500899237669	3.57394170361102328e-05	-0.00013676459545136781279	-0.00022088721291920010805	0.00027232319053991510538
-5	-3	-6	-0.00024687245987955010792	-0.00021234796500529940205	0.00033006310273176072117	-0.00019024198732632934656	4.0695498533744711277e-05	0.00027207763116758083713
-5	-3	-5	0.00086134485455630462394	0.00013737573661922120516	-7.643584559359394774e-05	0.00057585234834962113672	-0.0008154833472001482824	-0.00048288714562899387635
-5	-3	-4	0.00058153622004104236348	0.00041645396991222568108	-0.00066441351793433103996	-0.0016287006453880447255	-0.00022861013660055470149	0.00070095802165075140212
-5	-3	-3	0.00083574782487226312484	-0.0011769800277459997219	-0.0018128977329970802964	-0.0010153609533879595986	0.00041998469154330860236	0.0029769943329646260909
-5	-3	-2	4.0991845897548229594e-05	0.0005659860206336298806	0.0015668463241209230202	0.002366428134445828016	-0.0024527491009252548604	-0.0049646072532528165086
-5	-3	-1	-0.0019063019616868237104	-0.0016775806327428274475	0.0023908630306956504645	0.0041094262318643716772	0.0023589207163471673755	-0.0039403755318789786613
-5	-3	0	0.0037719474317382361943	0.0022296391920331479035	-0.0062865790528970604684	-0.0037160653200552463613	-0.0013783712660312467078	0.0005991488916287023795
-5	-3	1	-0.00087864041935269577427	0.00053536060044268214426	-8.472236163910769086e-05	-0.00043117342649942694841	-0.0046473691816808016322	0.0013832827227151299303
-5	-3	2	0.0014350234244483903948	0.0011636885508389900514	0.0032848329715770658785	-0.0025046573641528246251	0.0085148080184865755637	-0.00084776466913176202599
-5	-3	3	0.0021477388596004686611	-0.00092909333470428151925	-0.0025087129803376792721	0.00011328903317299440009	0.0010708517856631023357	-0.001435199858000808272
-5	-3	4	-0.00050487267717335077358	-0.00027474787605708694436	0.00021185044956418448985	0.00059682924041628182717	-0.0004722030092935500115	0.00010418708524085268992
-5	-3	5	0.00034027324761518506959	0.00020351267836207960222	-0.0013314276987310598183	-0.00077216630263775135924	-0.00045858337162345085393	-0.00025978710322057123501
-5	-3	6	-0.00067843070249656129648	3.0966276166729487249e-05	0.00018368958306687319429	-0.00017181737575808041099	-0.00047351412721369776689	-6.0103457740098961606e-05
-5	-2	-6	-0.00032474232982296715767	0.00031575168437404410897	-0.00028583937536773740707	0.00034945440315584488152	0.00036589839997505174901	-0.00037961120469698502421
-5	-2	-5	-8.5073228548809533495e-05	-0.0011345676739699225768	-0.00017909853808836725128	0.00050566042905887816864	0.00015671264378415642317	0.00093230350234637141774
-5	-2	-4	0.00015910404033632295903	0.0032225974598814976883	0.00034283045928983860596	-0.0012069010584594339324	-0.00037029528006532301532	-0.0034247962956221551442
-5	-2	-3	0.00071209963767987971214	-0.0021592618807547070067	-0.0002411930277791852898	0.0015002862050724076037	-0.0010260373776136760479	0.0025985789978762402312
-5	-2	-2	0.00038800155482739920754	-0.00066954094086018592011	0.002004376724308381489	0.0010624946361311136955	-0.0029743806113768796705	0.00061135771601935110474
-5	-2	-1	0.00031277471530933084872	0.00084035315852227555639	0.0011448944172719871786	-0.0038998512120909066547	-0.0038536624110906288719	0.0035979366315704352022
-5	-2	0	-0.0011763762177319819942	-0.0012094687564658472122	0.0029409405443299547686	0.003023671891164618139	0.0018561994506178314604	-0.002283289451065623199
-5	-2	1	0.002049726331120638699	0.00076102521208216001962	-0.0061391638593102501251	0.00056652374706634854497	-0.002029696063017306755	0.0049381735545434967544
-5	-2	2	0.0017158273154033150745	-0.0007312501812910694168	-0.004061251898863445578	-0.0004290379582049794519	0.00022831638964484259622	-0.0022571634114326531023
-5	-2	3	-0.0016528134793975595655	-0.0008531955253989350306	0.0034104307481804914046	0.0030453125753076596902	-0.00048106863354227161851	0.00060821584120688144525
-5	-2	4	0.00053928838601546391467	0.00078873323785993456041	0.0016049167267377783142	4.0894005895631298762e-05	0.0014765688458882189962	0.0010063635502727337652
-5	-2	5	-0.00013978743625076524358	-0.00048276007235616922577	-0.00015672489394729917324	-0.000430705324309919391	-0.00020247739382968490745	-0.0006550422020801370147
-5	-2	6	-0.00058430339600010845671	-0.00019687601371334010518	0.00063407995920922383473	-7.6835347675598169226e-05	-0.00027555951026368247182	-0.00018967512731964946836
-5	-1	-6	-1.5220110583359079432e-05	5.7750123327705518315e-06	0.00072333689964520250619	-0.00017916007820139171814	-0.00010787272445473452382	2.5047502756256493164e-05
-5	-1	-5	0.00011001745432068228529	0.00020298812288529718192	-0.001130164119921936005	0.00068858019910070667607	0.00011601536966370491299	-0.00034070416270543852797
-5	-1	-4	0.00074245598938516455412	-0.00044471494503103056045	0.0014305257503002056282	-0.00084262208705614160317	-0.0012857014243065070184	0.00076654920305282362846
-5	-1	-3	-0.0027742614210265982219	0.00054457959125338371419	0.0020201119214787190657	-0.0002180269059206922926	0.0039503983945514244483	-0.00083495701678207550744
-5	-1	-2	0.0012682645740080913423	-0.0016633867805831640662	-0.0042490685554865325821	-0.0006781037334699400532	-0.0010461271572769622815	0.0044975188181928804632
-5	-1	-1	-0.00071877983503749434853	-0.00039295170992057745557	0.00090604962067036202804	0.0020450706512117992897	0.0026878495545171097146	-8.0312101608912147372e-05
-5	-1	0	-0.00096174301582055378088	0.00016879982604528048469	0.0048087150791027684707	-0.00084399913022640247768	-0.0015055565330539812888	-0.003530484567369197163
-5	-1	1	-3.4716729406598059629e-05	0.0010260033859797294559	0.0010656976618788123901	0.0036874926931250804479	0.00089211401484582222073	0.0088175096230237275108
-5	-1	2	-0.00063485191780921640132	-0.00056124417486236007416	0.00048717005791824451351	-0.0026795232111787507627	-0.0013435447655639188008	-0.0027428720427452755667
-5	-1	3	0.0012002110698926169406	0.00064627882915431966119	-0.0065051482133458978993	-0.00087128770934690163291	-0.000168030954627604209	0.00078670214547489885487
-5	-1	4	-0.00042232649471247746698	-0.00021942486764840168499	-0.00048329015937662207769	-9.6946210233261466784e-05	-0.00064873065823475232605	-0.00029851763711881748988
-5	-1	5	-6.3214280940040499623e-05	0.0005331982681709321022	0.00098648311136992242014	0.0026160521590740354152	0.00013408234133394398712	0.0010564086999857390768
-5	-1	6	0.00049942799007370768452	0.00017013698256717390352	0.00017185674075002595022	0.0008851748184989685457	0.00044483278185309408021	0.0002893099552224730241
-5	0	-6	0.00035294560503976445424	-5.075911545491958415e-05	-0.00018737159220406769092	8.4424416441749157393e-05	-0.00029412133753313707231	4.2299262879099655717e-05
-5	0	-5	0.000831455161234718001	0.00054312067284713403791	-0.0015975950671734181346	0.0015559500246283292785	-0.000831455161234718001	-0.00054312067284713403791
-5	0	-4	-0.00024742334159290498268	0.00015667474975165752537	0.002199126527876071012	-0.0010721035162428011432	0.00030927917699113120125	-0.00019584343718957188639
-5	0	-3	-6.7200137303272532044e-05	-0.0003609418890762746638	0.00053360916638627150718	-0.0031030624998629741107	0.00011200022883878754437	0.0006015698151271244758
-5	0	-2	-0.0017366199665285527321	-0.0030205696656024462812	-0.0003315554895850024008	0.0021091354146834371576	0.0043415499163213817219	0.0075514241640061152694
-5	0	-1	0.00094143668247034513301	0.00060834874858054866029	0.00019725258902875765542	-0.00026923628785034637786	-0.0047071834123517258819	-0.003041743742902743193
-5	0	0	-3.5801628201183861976e-43	-0	-0.0064763706234591883124	-0.0078638190467116043936	0.0085860224886855282533	-0.0033187226484450854658
-5	0	1	-0.00071576454852980667294	0.00058360412850559303943	-0.0029727355435541112302	0.0012640753152738210766	-0.0035788227426490331479	0.0029180206425279656308
-5	0	2	-6.0557495087497185959e-05	-0.0009202081087531293821	0.0087427601688755025855	0.0029566731601672387869	-0.0001513937377187429649	-0.0023005202718828234552
-5	0	3	-0.00050848448826922205707	-0.00054228347595667030119	-0.00036496016034106307452	0.0019662782485479471037	-0.00084747414711537009512	-0.00090380579326111720479
-5	0	4	0.00023385172464657823796	0.00034131906103699677585	0.0027763767234856842267	-0.00362142356484334519	0.0002923146558082227839	0.00042664882629624595626
-5	0	5	0.00022927603369575594804	-0.00041714034025409668822	-0.0021190318001556088245	-1.8143328879897181364e-05	0.00022927603369575594804	-0.00041714034025409668822
-5	0	6	-0.00051528496101321341963	0.00010756579802740327823	-0.00073089376893005876881	0.00057046754202893883417	-0.00042940413417767784969	8.9638165022836065188e-05
-5	1	-6	-0.00031314912341646913537	-0.0002379572126025498351	0.00042185986922055855467	0.0007107095588156172759	0.00033126758105048403858	0.00031674927030472772383
-5	1	-5	-0.00024708292407057757482	-7.0557597977709770351e-05	0.00014786847159540728491	-0.00087028687848872974056	0.00027665661838965904806	-0.00010349977772003617776
-5	1	-4	0.0011704974351702303065	0.0011840861327350727088	-0.0011081992536198716649	0.00020744046840064236199	-0.001740171607367755691	-0.001428247548818680282
-5	1	-3	0.00020194261723255693425	0.00083609108169748033897	0.0016344975532110550369	-0.00050365862353202574351	0.00020826148901609013091	-0.0015613713440064756321
-5	1	-2	-0.00021419229647154526932	0.00038532410235477720017	0.0048988329695853864709	3.813968421149854294e-05	0.0029848972259715563816	-0.0009442404137811937154
-5	1	-1	-0.00077421774699649222734	-0.0013324773531021175208	-0.0042910738867143376554	-0.0029482326443499955182	-0.00041998515173187678977	0.003714154121160591869
-5	1	0	-0.0015452754119246580461	0.00010945787447684230352	-0.0077263770596232910978	0.00054728937238421153117	0.0010656590696930176836	-0.0013529027552601868671
-5	1	1	0.0020005615193044098965	-0.0025324879990249386623	0.0046391048978156983196	-0.006987430224276673825	0.0053637026987063520303	-0.0056750097708480190528
-5	1	2	-0.00013265561634813661422	0.0010951927904700228117	-0.0017787904654723316143	0.0037042806462381934994	0.00055775619186582429867	0.00088584165305596060478
-5	1	3	0.00040034024575453646408	0.0015519409108364471978	0.00029663980563481863982	-0.00011645921806309894066	0.00056835380771262124493	0.0026253879240817779711
-5	1	4	-3.6860627027356424501e-05	0.00060078780683475903075	0.0018075906908732719807	-0.00070217410949364490735	-0.00049797345650251349531	0.00092652828591685998817
-5	1	5	0.00079101794723700257286	4.9671669729460742891e-07	-0.0026173798892015986105	0.00039111542401552417412	0.0013144939250773223817	-7.7726368105810231778e-05
-5	1	6	0.0005923090271296048339	-0.00069579587596074374788	0.0012627948247731566982	0.00053013783643843649489	0.00028312505181247787575	-0.00066818620270702594466
-5	2	-6	-0.00042419800256348846358	-7.0689548580812286991e-05	-0.00051375580428698159555	0.00012989498608530729426	0.00018224640070724652113	0.00010220628584577932821
-5	2	-5	0.00052880388364558682246	-0.00069431797840472481934	0.00020636458487832570773	0.00054718784247340134831	-0.00044625804969425651768	0.0009131931153940853153
-5	2	-4	0.00053406270662114177766	-0.0008197640913697914599	0.00066032033187763197746	0.00043452852323971289392	-0.00033741821733761131466	0.0012419693758320957989
-5	2	-3	-0.00097581655558701986802	-0.00034817072865080161059	-9.1272348851761581404e-06	-0.0020208994836426854083	0.0016202761027215822464	-0.00076698177467712097544
-5	2	-2	-0.00016713887196267743457	0.00013816597254220609964	-0.00240468243560722	0.00096939396481054561795	-0.0019868352557005264543	0.00062397903345503028753
-5	2	-1	0.00015471910008189393784	0.0025166076879317451215	0.0013935519693856208544	0.0059090853321539620058	0.0020135084383617720197	-0.00076486777535080268005
-5	2	0	0.0011715388397257290188	-0.0001339864925852176519	0.0029288470993143224386	-0.00033496623146304411621	0.0040198169102134608671	-0.0058771673044027720675
-5	2	1	-0.0012673635531035725744	-0.0041017546549146043089	-0.00048485245555680026247	-0.0086772180434122377773	-0.005367112854404262022	-0.0031543371877485451224
-5	2	2	-0.0012700041918841024988	1.8981845867512318286e-05	-0.00052325629416797713334	-0.0033773364291535216269	-0.0026517541855422795474	0.003424791043822302504
-5	2	3	-6.7247514703909432141e-05	0.0014797369517252608254	0.0010486642328829402955	0.0015301778036996404458	-0.00081118867976180924605	0.0014461097170756743394
-5	2	4	-0.00065720827386209256307	-0.00051456610008807546121	-0.0013168760421346150519	-0.00031608908887425520668	-0.00016307232126030817791	-0.00048516308067296672318
-5	2	5	-0.00012740346261933620351	-0.00011131890823505698012	-0.00056343169328410751089	-0.00057648122584848173356	9.7969214694306790006e-05	0.00011927358210433570247
-5	2	6	0.00031252612367866202054	-0.00038415405863911482624	0.00022707778871641190509	0.00056657183434225346936	0.00018474584016008103972	-0.00050898566031334685402
-5	3	-6	-0.0001305484988752667237	0.00060506986891441011302	-4.9210220581552858651e-06	-7.9573328745523416901e-05	0.00010632990470031127993	-0.00054401155513477013597
-5	3	-5	-0.00037624066594773360617	2.8448986604750248387e-05	-0.00040087029214649417316	-0.00032169199030975480745	0.00013571849065983709144	-0.00022146418079060312947
-5	3	-4	-0.001008063580739753393	0.00066480512968064824769	-0.0011521554800803929502	0.0011141886153829725584	0.00039596286586439702858	4.6350494364191837499e-06
-5	3	-3	-0.00068563894472170713781	0.00089526487533297363815	-0.00082988801445047443404	0.0016887579010960598967	0.00031284356008570409283	0.00019664977554110382404
-5	3	-2	0.00031641584018855909181	-0.00052834362373705757478	-0.0010019069656009640945	-0.00034311782736368541752	-0.0022939000488728438984	0.00080618231829711578355
-5	3	-1	0.0012455126672795925266	-0.00044573562573656927682	0.0018013794198606658536	0.00042808502244437803995	-0.00082342507681596561423	0.0035129331960159805581
-5	3	0	-0.00075813327925462444326	0.001128028707186720745	-0.0012635554654243741444	0.0018800478453112011695	0.0033701054836054239114	0.0027709925934056595792
-5	3	1	-0.0026554736020166602554	9.9305010646694313208e-05	-0.0039777619889851904139	-0.00024909580108838764133	-0.001344082043127730686	0.0012438124564986344223
-5	3	2	0.00085693626870943044854	-0.00031990165375982355152	0.0011291793829277308771	-0.00012472466710335125876	0.00044857159738197991414	-0.00061266713374453195002
-5	3	3	0.00053865827285603834658	0.000147797401442611759	0.00034557133350919527889	-0.00021702641939487754249	0.00055219245458420205576	0.00046335542179923045608
-5	3	4	0.00049346188686139080045	0.00077000653055939844403	0.0012388798881050621693	0.00076292258304102233361	-0.00031233255750205820775	0.00039031622591848127773
-5	3	5	-0.00013911982781520675794	0.00033719294525078746675	-0.00042051533037607257684	0.00021737501186990825278	0.00011318937041043678274	0.00020676793812884249339
-5	3	6	9.4990602342286966395e-05	1.5221811191455662368e-06	-0.00041108203824946013688	0.0004008532702252466445	0.00028469985440996922743	-0.00019915815084666868584
-5	4	-6	0.00016355776260352749272	0.00023838761539830182271	0.00030407060172280741183	8.0888548871775709133e-05	6.6415598978932012552e-05	-0.0001447306469174010552
-5	4	-5	-1.8195603279720027603e-05	-0.00033171616279491672767	0.00061350632689296776337	4.820463675086414108e-05	0.00050900066479409424372	0.00037027987219560805137
-5	4	-4	1.9586107126222353973e-05	-0.00030811828818863611556	-0.00077267184671650859535	-0.00066510748920957504446	-0.00079715448062428646836	-0.00027995962897377994066
-5	4	-3	4.3734930364200391836e-05	-0.0012911691447916699704	-0.00069876967811344475445	-0.0010356196083271011418	-0.0010045844547582603347	0.00077112243021664817529
-5	4	-2	-0.0011039017334971796755	0.00018998843731042735637	-0.00078856248962997689284	0.00046081196303137631366	0.0011826293544829951862	0.00044665283278668424993
-5	4	-1	-0.00044788099582041685084	-0.00040871148923445440497	-0.00091754742136030613235	-0.00055260535443363702039	-0.0014307847063391400041	-0.0001668639715622760567
-5	4	0	-0.00099158506408999515236	0.0005465307969362412149	-0.0012394813301124939404	0.00068316349617030143731	-7.1204018779752660008e-05	-0.00064432130133600063956
-5	4	1	-0.00091893332725046243843	-0.00071011342560778746655	-0.0011465875159243498101	-0.0012888483219386820833	-8.3165725549132229512e-06	0.0016048261597157913259
-5	4	2	-0.00018873585519329591389	-0.00069682731126691742091	-0.00036327759314185351612	-0.00045141129711449195019	0.00025471554830046723395	-0.00083924568393830959769
-5	4	3	3.3997237376707638854e-05	0.00055480809944398186244	0.0005254383144771908494	0.00090896856869576042083	-0.00064392235700840830172	-0.0002872779258543776016
-5	4	4	0.00045859350693720513656	-0.0003496176129200516099	0.00039597364130855409754	0.00015141402603027420627	0.00017726824236295230961	-0.00058843604218033866444
-5	4	5	-0.00081311193542951264602	0.00022294095239021633642	-0.00017571492685604833727	0.00011406221664892114047	-0.00067253999394467395452	0.0001316911790710794132
-5	4	6	-0.00032800874586532059079	1.3187004758425635554e-05	-0.00045188577008254782012	2.6359274601914154236e-05	2.7916558500598065721e-05	-6.5836791025880737606e-06
-5	5	-6	-0.00012023412835781165824	-0.0004139637038748540665	0.00058991292351710008634	4.5156163431602147011e-05	0.00059178920989575974423	0.00038259988942204687734
-5	5	-5	0.00016733890547041902408	-0.00029426906988282874227	2.0763142202802777043e-05	-0.00027070817293573320875	-0.00014657576326761623687	2.356089694709553013e-05
-5	5	-4	-2.2058107324519756013e-05	-0.00035566211980452559121	0.00029757091136082115899	-0.00010132625644606670535	0.00039953627335667613952	0.00031791982919807359716
-5	5	-3	-0.00022801409745363998192	0.00014335712505772203436	0.00014494666386552084196	0.00021222839271540572866	0.00062160126886526799461	0.00011478544609613951309
-5	5	-2	0.0002465054693037435434	-0.0005820055749171381158	5.8520301103821240497e-05	-0.00058606106539188030421	-0.00046996292049980581147	-1.0138726186855726819e-05
-5	5	-1	-0.0001338853948467730445	-0.00062969573932821474617	-0.0001950600468096492211	-0.00050251498695355113246	-0.00030587325981438091014	0.00063590376187331806856
-5	5	0	0.00092413726446705416438	0.0014979549448850624626	0.00092413726446705416438	0.0014979549448850624626	0.0011761257839549505225	-0.00048908550559933941081
-5	5	1	0.00071506757622766974926	0.00029612064493564712762	0.00059650029545811264486	0.00025723368547699590686	0.00059283640384778563039	0.00019443479729325604958
-5	5	2	-0.00048528309642314581673	0.00016052648522632499543	-0.00027763497854049967945	8.9947477974810933002e-05	-0.00051912029470661520767	0.00017644751812878519672
-5	5	3	-0.00045120261378807553516	0.00015612869396336190677	-0.00012982467597235755239	-5.5380854452529172638e-05	-0.00053562989635952992611	0.00035251591402648516397
-5	5	4	0.00048810628464412275781	4.8994324228279565456e-05	-3.5245158912739076197e-06	2.1692388904629777909e-05	0.00061453850066924583899	3.4127419154562235282e-05
-5	5	5	8.6977425905225696514e-05	-0.00011423589200646345077	0.00020350879063994994412	-0.0001765079074227454063	-0.00011653136473472424761	6.2272015416281955528e-05
-5	5	6	-4.3670633404336495263e-05	-0.00036541279291983240398	0.00026480798823670637608	-0.00039421366367465215594	-0.00025706551803420240069	2.4000725629016458836e-05
-5	6	-6	0.0013457787387439294757	0.00015251494703634289819	0.00056516886163338378966	0.00022014457046310302352	-0.00055631342065322407064	9.3048781266150590286e-05
-5	6	-5	-0.00020108327179683532218	0.00034225328502798839847	-0.00021284566669058920885	-0.00012657640407945998547	-5.4331528231871728443e-05	-0.00049414496992334039187
-5	6	-4	0.00061371212967577346443	4.9792860046923361503e-05	0.00027257912828165077124	0.00014926275100355634851	-0.00035827146967224067367	0.00016165305144668032258
-5	6	-3	-0.00017971441684739981296	-0.00020808579420934731957	0.00013925855488769063313	-2.2448653667530953771e-05	0.00057804113785438096355	0.00030191234968051695615
-5	6	-2	-0.00057474503390971584237	-3.6592513944430129765e-05	-0.00053885782178781066031	9.5141799712419904741e-05	-0.00017971088058914229369	0.00037690668399833500814
-5	6	-1	-0.00027010202199254296955	1.3625869255899701691e-05	-0.00010232229673779409999	5.0655487898436348719e-05	0.00073657632953595024786	0.00023580358111111959741
-5	6	0	-0.00017415099449441629278	-0.00023689548436380065597	-0.00014512582874534691517	-0.00019741290363650056019	0.00046402651916032972186	-0.0001026573634625597216
-5	6	1	-0.00035301689225084340951	-0.00032142281073714335394	-0.00030742966361535804592	-0.00027574522132266807498	7.9493520437931133112e-05	4.7357274250291761476e-05
-5	6	2	-7.920210761758825354e-05	-0.00011959429050183987598	1.1023533049200746306e-05	-0.0001283252918438933059	-0.00023107586819157287955	8.5990149277080248059e-05
-5	6	3	-0.00012782753169556179966	3.571897133138021615e-05	8.0842314091543663571e-05	6.0085429254725831343e-05	-0.00037473051434235699324	-6.0639239623817966845e-05
-5	6	4	6.3752704877944934843e-05	9.5629859181028232335e-05	8.9640368377636380718e-05	7.2441728284179023132e-05	-5.4769671469023412688e-05	1.087473155001676758e-05
-5	6	5	-0.00039098874740465145187	0.00050137635906986996633	-0.00076190413529687102574	0.00041414775788984535499	0.00052329621495159376818	4.3990496020555237307e-06
-5	6	6	-0.00077214099482109707206	0.00081339351519029855393	-0.00093417846359397768621	0.0003676563352088955852	0.00029072763457639675668	0.00031017159411635320974
-4	-6	-6	-0.00054522566418501404711	-0.00015248347774783233975	0.00031313319528552326521	0.00053116057658383539469	5.0350580837819435118e-05	-0.00042950492475194720432
-4	-6	-5	-8.0649844737437233178e-05	0.00012642905049028993285	0.00026458222046527951838	-0.00010125111252670847468	-0.00025297878876838567888	2.0358094639818233497e-05
-4	-6	-4	5.0170474115686730668e-06	1.2625724615357707221e-05	0.00026233487607822935641	-0.00013963574244997526579	-0.00039851936152891266618	0.00019682788905960521011
-4	-6	-3	-0.00010889823883561285361	-0.0002404764105599537839	-0.00010392503026708471519	9.4946652350704334477e-05	0.00035304771231498655948	0.00013074190937852970054
-4	-6	-2	-0.00017801709562652835652	0.00041495983397507569352	-6.1385633849183490231e-05	-0.00039541706946898656522	0.00054019109280060712951	0.00035633154045680830863
-4	-6	-1	0.00023011328255756973273	0.0016009323571460304207	-0.00015191322749539290602	-0.0011391639975014116598	-8.973765257921460911e-06	0.00043125455642434833018
-4	-6	0	-0.0014086789328837819556	-6.1816112465757483679e-05	0.00093911928858918800652	4.1210741643838329229e-05	0.0019937544329582442687	0.0019180801347850561216
-4	-6	1	-0.0012577570421686999277	-0.00040535191285881368856	0.00075569920105251781745	7.0654766026491226671e-05	-0.00049683296235969291472	-0.0011974790552763073942
-4	-6	2	-0.00013570122444690681414	0.00047343890076170016276	0.00015402758398344265243	-0.0001872340758293654817	0.00019068030305651432902	0.00038517557403530379911
-4	-6	3	0.00079511678356631709103	-0.0003502780286062981939	-0.00061753204360539615866	0.00036854318590524262796	-0.00017490837578903605139	0.00027004900033542105159
-4	-6	4	2.4789102364480589623e-05	-3.2141901757578787799e-05	1.8296158511655287774e-05	-0.00013755339688652828338	5.2233340131963521284e-05	-0.00023847199708737121964
-4	-6	5	5.5037049688234126587e-05	-0.00015570964247889755344	4.4634704336598071553e-05	-0.00030145523718121494151	9.7591284954504987133e-05	-0.00048631399860057597257
-4	-6	6	0.00021413849098429627179	6.4525476900605658638e-06	0.00080633996090984528388	7.636966246373152209e-05	0.0009490989548993761498	8.0671360923771894815e-05
-4	-5	-6	-1.6985006241946210438e-05	0.00049330121201468307094	6.0706884040651688849e-05	-0.00026312350944368676116	-3.9265732539245595898e-05	-0.00010959788347338310225
-4	-5	-5	0.0004739602472633014092	0.00021379814471031809825	-0.00063881972453937825238	-1.3944930234411255964e-06	0.00025965152672873713586	-0.0001696440227448133475
-4	-5	-4	0.00019990361058067808594	-0.00028466248884063098537	-0.00027266029057293044444	0.00035985278040347651101	0.00014092175263548492896	-0.00016515348666371469405
-4	-5	-3	-0.00082140246160903262161	0.0003176179016820810698	1.5429490980185494426e-05	7.4242614875195787763e-05	0.0010694874638450676489	-0.00054722822703476769416
-4	-5	-2	-0.0014509447466378787121	-0.00012920153217928361748	0.001584880260215755076	0.00078571792058972252104	-0.0010603111572636302658	-0.0017058917371157392845
-4	-5	-1	0.002078220745190063716	-0.0016720777332655315222	-0.0019621840765230609549	0.0013653123040150668462	0.0014980374018550483926	-0.00013825058701320760025
-4	-5	0	-0.00065162108987338544092	-0.00129993284262424659	0.00052129687189870837442	0.0010399462740993974021	0.0021595589145985598714	0.00045394764605460148155
-4	-5	1	-0.0012581220728257174347	0.00085378913772373159641	0.0010468712382191167412	-0.00048371512167864785629	0.00020186789979271450943	0.00099658094250168732103
-4	-5	2	-0.0012960470982715851379	0.00044625852505453445949	0.00083824635054913611623	-0.00057783679613473851264	-0.00049647832017033009366	-0.00055207494022777741684
-4	-5	3	3.3249023317860113935e-05	-0.00081689350760668635269	-0.00013615746674592828832	0.0018882053789222542559	-0.00018259708015273368002	0.0020578176213948422453
-4	-5	4	9.8557827245731373812e-05	0.0003471306710154798531	-0.00031147153534937248483	0.00024922316095167052537	-0.00029078159194098423222	0.00065865962220506798271
-4	-5	5	-0.00041732672112800684545	0.00028772677199869736622	-8.5642650147769121662e-05	-0.0004299658344185049207	-0.00041950402705017456008	-0.00019978441681954700062
-4	-5	6	-0.00022379992099212951467	0.00013307729215603062334	-0.00020079341749732105725	3.5745595498897884555e-05	-0.00031652779524252053038	0.00011850619101976865382
-4	-4	-6	-0.00017530160573117780265	-0.00032841995514372148085	-0.00033800718732416077219	0.00076649356862624714367	0.00034220586203689238322	-0.00029204907565501709047
-4	-4	-5	0.00065713807806704320914	0.0012113063936684854982	-0.00012741376850416625036	-0.0003522699497586430405	-0.00042377944765030153449	-0.00068722915512787390111
-4	-4	-4	0.00065703893848886396698	0.0009962062460658963059	-7.2108819895148445599e-05	-0.0011974925036146743564	-0.00058493011859371546717	0.00020128625754877799625
-4	-4	-3	0.001009670941179469485	-4.961411774795751906e-05	9.2196024136181696897e-05	0.0013558984518976515896	-0.0014691559537542016843	-0.0017417124455329253008
-4	-4	-2	-0.0019526984850031508124	-0.0024654716686539203223	0.0016303445078041406847	-0.00021162623388766942773	0.00064470795439802014697	0.0053541958050831797711
-4	-4	-1	0.0030098981194387943588	0.00013956611012562274415	-0.0022850710664815937316	0.001680750277860826097	-0.0028993082118288042437	-0.0072812655519457957984
-4	-4	0	0.0046613719799677979724	-0.0018669636815938236117	-0.0046613719799677979724	0.0018669636815938236117	0.0020110221147605646629	0.0054058534103966241965
-4	-4	1	-0.00089021807873240115308	0.00078045386152415904997	0.0023551050259195062571	0.00081190368399065566789	0.0058595477887484212834	0.0063694301820592588714
-4	-4	2	-0.00073113648552067473166	0.0026073674477439675277	-0.00039832505210822034564	-0.0048014337616763972175	-0.0022589230752577899378	-0.0043881326278648602468
-4	-4	3	0.00049482076941546914491	-0.0012922514109561095402	0.0010208614346731994214	0.0013141811626553774345	0.002020909605451558233	2.9239668932357045698e-05
-4	-4	4	-5.5019077747553223967e-05	0.00052558339324307768066	-6.8588921700287451035e-05	-0.00047400566587566732128	-0.000123607999447840675	5.1577727367410298391e-05
-4	-4	5	-0.00070690080629713300791	-0.00074812975410444711947	0.00082018898868841392299	-5.8353501781450193783e-05	9.0630545913024710379e-05	-0.00064518660470871784518
-4	-4	6	3.394429948170522832e-05	2.1239694954463189192e-05	0.00012910297097132712946	-3.8461236402972504803e-05	0.00010869818030202157185	-1.1481027632339542611e-05
-4	-3	-6	-8.1173262658009495132e-05	-0.00045235035991804530909	-0.00011525337627654949906	0.0011531978115834025985	0.00011174219657694775532	-0.00027503199917967114741
-4	-3	-5	-0.0022435311474320101741	-0.00037889752333311702307	0.00033572627042183456015	0.0003522600030406021856	0.0015933891556925074574	9.1762016842132282705e-05
-4	-3	-4	0.00041128238334927887197	0.0011868734528616502709	-0.0019460883149468785874	-0.0005894256945867381442	0.0010482838528608799059	-0.00074480418192159677116
-4	-3	-3	-0.0015068295079067864015	-0.0013817382565003604247	-0.00070757276311642330457	-0.0011628458699618308969	0.002716678773658805137	0.0030051635452956445074
-4	-3	-2	0.0019894203902871615205	-0.00072438074793380608906	-0.0010167885447029585428	-0.0033454586664793807375	-0.0024536579635198851185	0.0064669494955866832844
-4	-3	-1	0.0015033480218791159776	0.001586599252094009465	0.0023245841560878737278	6.3867112132731543393e-05	-0.012987144555780085961	-0.0065379983447742331948
-4	-3	0	0.0021190984121302858766	-0.0014313207426142227508	-0.0028254645495070476909	0.0019084276568189638846	0.0012786807567833802408	-0.0023815431443241540446
-4	-3	1	0.0013391659334519591916	0.00046781943232078389587	-0.00094972142495225149797	-0.00054843427716033633576	0.0025074994589510822725	0.00022597489780212668461
-4	-3	2	0.0019288439889917699532	-0.00092551149115310815674	-0.0048283033839524739164	-0.00068677268962578333529	-0.0033847670979451709682	-0.0028811820167448914248
-4	-3	3	0.00020557358324331753913	-0.00051380731176882638109	0.0032478697487034664283	0.0057874611145117618727	0.0035219678596945564082	0.0051023846988199937982
-4	-3	4	0.0012248271721842787178	-0.0002409065148201955755	0.00031479233499528231841	-0.0003579865201775269453	0.0014609214234307403481	-0.00050939640495334078448
-4	-3	5	-0.00038592825174890222403	-0.0022197166261654042996	0.0017805119287672122562	-3.1375049266847502281e-05	0.00075956455586120548776	-0.0017945983304924321457
-4	-3	6	0.00013866689989024558942	0.00056178655343629840813	-0.0007693795915398403797	2.8658732498026295803e-06	-0.0002922451958430897969	0.00037595730558243360339
-4	-2	-6	0.00056179366594386146317	-0.00071267879676361191137	-0.00094114429314367056573	1.5912857083305473961e-05	-6.0814346248017444501e-05	0.00046981491214797280664
-4	-2	-5	0.00056469581007926878801	-0.00031861057525872410641	-0.00019512528516547571872	-0.00063639248392054789498	-0.0003737065339972247646	0.00050944545377519848649
-4	-2	-4	-0.0011924408678683404671	0.0021839391672004450883	0.00022293331737255307149	-0.0030214827714176912578	0.0010809742091820639855	-0.00067319778149159956778
-4	-2	-3	-0.0008203147096591233969	-0.00082915196578905254934	-0.0010631111132662852872	0.0034752402071670227858	0.0018024936883896881985	-0.0012112908503926118637
-4	-2	-2	0.00092202846409430202611	-0.0036285180830522363767	-0.0054927983957081486649	0.0008719260320887406001	0.0036487414675195443958	0.0063851101340157319364
-4	-2	-1	-0.0024523743211513041214	0.0035930760910003268008	0.0063110471041941213974	-0.0026557238395944144163	-0.0028125969237830271766	-0.0090608566848124783705
-4	-2	0	-0.0042972886651456440946	0.006219097412077262757	0.0085945773302912881891	-0.012438194824154525514	-0.0091188719600927628517	-0.0095354586509388758464
-4	-2	1	-0.0039099339420935533274	0.002926770028058770564	0.010697770102664599587	-0.0052234231370056607643	0.0057558044369549858643	0.0012602338382237602936
-4	-2	2	-0.0017408750984638714059	-0.0028438667045478853261	0.0031346095458636732793	0.0081162611982612126171	-0.0003471406510640695324	0.0024285277891654410976
-4	-2	3	-0.0013352506352196343367	-0.00062575185640299639013	-0.0034807031301364033116	0.0023152643822819977612	-0.0041008029337171146567	0.0007091737796506699873
-4	-2	4	0.0038173949367383396697	-0.0015871966378351776063	0.00091740995521045240035	0.00088216544086708835459	0.0042760999143435654904	-0.001146113917401633429
-4	-2	5	-0.00090704674747194751275	0.00081996665012850711643	-0.0016100207753455223619	0.0010468199212701097267	-0.0013696457081157670417	0.0010747012886108495838
-4	-2	6	0.0010534799061585806406	-0.00017471339496516309305	4.8106360356630213345e-05	-0.00028009338593067503471	0.0007183553908912637502	-0.00020984005862033374931
-4	-1	-6	0.00055947175739343537378	0.00051428847584268101972	-0.00062562990899157726321	0.0006323289064589101378	-0.00026870952009702740813	-0.00044824713497160570278
-4	-1	-5	0.00077347375455562967454	0.00018503287245291580657	0.0016777885600178818297	-3.3733849330751071384e-05	-0.00095433671564808014894	-0.00014127952809618243911
-4	-1	-4	-0.00064241946476910208666	0.0028439056686263403627	-0.0052115781026363973416	-0.0027552593428145527067	0.0019453139904282014221	-0.0021550908329227022944
-4	-1	-3	0.0019913450965664395743	0.0029568345092453266615	0.002609224001109145593	0.0044958511071660168731	-0.003524868129124968108	-0.0054410630480491084179
-4	-1	-2	-0.0023967734086609046411	0.0011651098819900858935	0.0078716246124797186606	-0.0026793060796001561159	0.00085773451108195016869	-0.000990566724180093729
-4	-1	-1	-0.0011532583450327778436	-0.0068597895147642050373	-0.0002522146402071503762	0.0075248473494455726113	0.0048652480203382614254	0.019914310709611249273
-4	-1	0	0.0048492597897480402627	-0.0018016994351265046281	-0.019397039158992161051	0.0072067977405060185125	0.0065773891822860737141	-7.1071969089826639646e-05
-4	-1	1	0.0053319392017793787453	7.6133237560884427426e-05	-0.017699681378230278789	0.0067405341179469988044	0.0036280754288872361923	0.0070450670681905368936
-4	-1	2	-0.0026556929908801360507	0.003031935870196377121	-0.0001715155295581005635	0.0055482209335649228243	-0.0053971437465393226271	0.0088379822071752156543
-4	-1	3	-0.00049602395981524264289	0.0014272903641247805702	0.0032179941025169246996	0.0017194368950674953495	0.00041129942108531804268	0.0024761994505222055876
-4	-1	4	0.0030089926339343410489	0.0048127740977332075095	0.00081134002266399255724	-0.0027681809691190032222	0.0032118276396003388358	0.0041207288554534569208
-4	-1	5	-0.0020684293116577665353	-0.00055335977510987104794	-0.0013941075492053317184	-0.001480293120918629423	-0.0019335649591672794852	-0.00073874644427162272295
-4	-1	6	-0.00055004979491488721535	0.00047848863320458891787	0.00085163333315112644661	-0.00048668433395648917584	-0.00022476097441807038439	0.00023787836647697774024
-4	0	-6	4.1992288261183173352e-05	-0.00049289353428407943394	-0.00072091499540194003536	-0.00066378544141570657369	-2.7994858840788779976e-05	0.00032859568952271962262
-4	0	-5	0.0019585161064030699382	-0.00052948718856630388237	0.0010544163952669186653	-0.00012530062953831143748	-0.001566812885122456124	0.00042358975085304313843
-4	0	-4	0.0034343438505808083355	-0.0021301113474104693864	0.00013874955804732736517	-0.0016876531902890344258	-0.0034343438505808083355	0.0021301113474104693864
-4	0	-3	-0.0037517049887754718926	0.003527963692953790982	0.0052137749932641757819	0.00024819814430808499707	0.0050022733183672958568	-0.0047039515906050549318
-4	0	-2	-0.00408003414078609173	0.0038742020488561398212	-0.0017174470573236779065	-0.005234063511273740095	0.0081600682815721834601	-0.0077484040977122796423
-4	0	-1	-0.0030585952559192271065	-0.0029066954174775463948	0.019919964210975513175	-0.01019099628065137271	0.012234381023676908426	0.011626781669910185579
-4	0	0	0	-0	-0.01011767057236427278	-0.0017824101362908693295	-0.018865985290487805731	-0.023232180305986834673
-4	0	1	-0.0031508958308143490863	0.00074226062335891712218	-0.015864424073744849003	0.013505169023656284424	-0.012603583323257396345	0.0029690424934356684887
-4	0	2	0.0056628440607727204004	0.0010001651765956822131	-0.0048584526623498798872	0.001465468737035931137	0.011325688121545440801	0.0020003303531913644263
-4	0	3	-0.00096961248366478488495	-0.0040100224874865600388	0.00014166911367394260219	0.00011588701694216103628	-0.0012928166448863797743	-0.0053466966499820800518
-4	0	4	-0.00027622087392469387747	4.0721336703144097159e-05	-0.0025863230156203142508	0.0027175581177938841482	-0.00027622087392469387747	4.0721336703144097159e-05
-4	0	5	0.00067034448669111700459	0.00041768307887706776537	-0.00062672277447846358716	0.0025824702790590054087	0.00053627558935289364704	0.00033414646310165420145
-4	0	6	-0.0012262822384501573855	-0.00049856675429740663665	0.0003428533588504735388	-0.00093581764930082765152	-0.00081752149230010495978	-0.00033237783619827107303
-4	1	-6	-0.00082476394269202400137	-2.8072883019399162263e-05	-0.0013814714416122615172	-0.00047344549216110106251	0.00031959738819263908138	-6.0192326680584068909e-05
-4	1	-5	-0.00081925607443325164023	0.00058553961325686851042	0.0019637978795012992449	0.0026725031333514580323	0.0010481644354468611612	6.6068936064796846908e-05
-4	1	-4	-0.0027250271326625190825	-0.00077568890709945009614	0.0012654360049815995427	0.00299110247277946514	0.0030413861339079191308	0.0015234645252943164895
-4	1	-3	0.0034695905243655109085	0.0014706356688496220395	-0.0061090437196433958547	-0.0027011321259457349298	-0.0066624686057018137411	-0.0028612249337814075513
-4	1	-2	0.0028754664913829292711	-0.00088433429043127816886	0.0049138103387814944037	0.0080399122018083093999	-0.003294027813375111774	0.0057886246817667108208
-4	1	-1	-0.0026344256697658639983	0.0030025859361234460108	-0.012183079904671429219	0.0074187747307127354865	-0.0016453772256079738767	-0.0045915690137810485569
-4	1	0	0.0022476060852210681326	0.0026013601703037091128	0.0089904243408842725305	0.010405440681214836451	0.01815769543148525525	0.00080613971247315630627
-4	1	1	-0.0013152759497528569536	0.002284392955998696545	0.0053265197422633584617	0.00018393186530888869495	-0.010587623541274786276	0.0089536399586858973765
-4	1	2	0.00066635388152927205879	-0.0033849654343862181638	-0.0010408404304808793663	-0.0013747231360551974942	0.0018531279782989836923	-0.006082569300744838231
-4	1	3	-0.0024664805941476083441	-0.0014878614134922979548	0.0040716403811637070023	-0.0065998617056708440767	-0.0046458542525847131704	0.00021613868390055079763
-4	1	4	-0.0050956722817731038566	0.0019327344326467157335	0.00079394227283725437184	-0.0025984718235420086602	-0.0052941578499824176393	0.0025823523885322176817
-4	1	5	-9.6325513933757784505e-05	0.0010942593488716960588	-0.0029624534556789432378	0.00042053805987045329894	0.00051543027998878236575	0.00079129986712326617643
-4	1	6	-0.00030546198015582622098	0.00046961749407774814246	-0.0014266921451309255275	0.00058674250715738001695	3.4140704084603467694e-05	0.00021528791152560208312
-4	2	-6	0.00023063451534106340322	-0.00036196253478049084757	-0.00020324554336747396345	-0.0013245229940135280246	-0.00022150485801653358093	-0.00020019930815084880358
-4	2	-5	-0.00078150496643754558193	-0.0012230570840280569154	0.0011068531895120714906	-0.00082914992798724807942	0.0010679452489548650184	0.00064678569602754623549
-4	2	-4	-3.1289766858203739896e-05	-0.00041080309664972972702	0.00018351541277595451044	0.0029386180044307752372	0.00012304747324618100189	0.0018801120988651172372
-4	2	-3	-0.00042763190187593340353	9.2668733896415780783e-05	-0.0062916259769743429139	-0.0040160494534197148028	-0.0036242414488149841435	-0.0028009246141416973414
-4	2	-2	-0.00043123938435368644679	-0.0018112271113081355577	0.0031984522802820398307	0.00063838462510216586326	0.0040609310489894126159	0.0042608388477184374124
-4	2	-1	0.0011436218084236995582	0.0022327181071682589315	0.0048190575993500017749	0.0051500006661220065762	0.005063627965005205317	0.00136912890357097786
-4	2	0	0.0020224146144608447749	-0.0026696274389284659935	0.0040448292289216895498	-0.005339254877856931987	0.0038428424514919692044	-0.0026007866661730554177
-4	2	1	-0.0022275561027003680688	0.0023837723767789809927	-0.0045032129465085368389	0.0031581424076104944697	9.6201482215601226487e-05	0.0032188046918949350314
-4	2	2	-0.003643321877184640175	0.0026452528692129167673	0.0007455870834208057742	0.0073383713228315902363	-0.0080322308377900868831	-0.0020478655844057567018
-4	2	3	0.00060656531041066591176	-0.00026159531630006875634	0.00054117747548763678496	-0.0041854728466490199665	0.00044796876355579669238	0.0024415214760325886639
-4	2	4	-0.00042305115112014235901	0.0028896607648806970324	0.0015688664683105172423	0.00092854235800491952049	-0.0012074843852754009801	0.0024253895858782374348
-4	2	5	-5.4135894043583573541e-05	-0.00096050787427476942617	0.0008649450283699235912	0.00031878032824479441689	-0.00038928672658283629531	-0.00089591843071773328601
-4	2	6	-0.0012300347962388240818	-0.00088491184920866611339	-0.00030176542416758940718	5.4511706693721716786e-05	-0.00071943472277001953123	-0.00060811180170368471336
-4	3	-6	-1.8719510491479581719e-05	-0.00021109616901145787757	0.00014706782222907339454	8.5742774738159456202e-05	8.6013584775523080567e-05	0.00018360216671005162841
-4	3	-5	0.00073561434746302199923	0.00045701261558736219369	0.0016557410825295058691	-0.00025050333003116121008	0.00040495317154728586789	-0.00051591209048858644847
-4	3	-4	-0.0007876417262426036554	-0.0011993885843904772154	0.00025911197408811791239	0.00078385680501769181439	0.00098197570680869203548	0.0017872811881537459949
-4	3	-3	-0.0014149143564696742802	0.00034731417883560755265	-0.0020668912694103607278	-0.0028024500231117002204	-0.00018033879411746164237	-0.0032655355948925102183
-4	3	-2	-0.0022610055065769522203	0.0016097115347599184193	-0.0040744395925830260638	0.0029613855595746578497	-0.0015896483757206335708	0.001222655269842149936
-4	3	-1	-0.0011654440129470471522	-0.0012557003420620071934	-0.00035682322631873099024	-0.00062894392628996386579	0.0035913063728319960174	0.0031359695893781376098
-4	3	0	0.0030839870345870457405	-0.0019464354788133271437	0.0041119827127827270757	-0.0025952473050844361915	0.004349178117461536576	-0.0012325978326476697694
-4	3	1	-0.0030626434357892409407	-0.0014854843782586791764	-0.0030782870414879448875	-0.0017496642477841830958	-0.0030157126186931286667	-0.00069294476968216720154
-4	3	2	0.0014488662667496998455	-0.0020013847407439767229	0.0029611606060526768011	-0.0049253360144889376041	-0.0015440083755796155107	0.0033852345402454529603
-4	3	3	0.0020892094966947502913	-0.00077403669457883539275	0.00016479640927696576503	0.0024251129809890474738	0.0026208162529827013984	-0.0034571619070941608971
-4	3	4	-0.0025176087943801321589	-0.00026200220075957097142	-0.0030894422648803706449	-3.9753909657296825346e-05	-0.00020052709571985428364	-0.00023218676851659837104
-4	3	5	0.00132338682075562597	0.00032841503225466636435	-0.00089771654071877943909	0.00026865778171617410485	0.0015973393810357683961	0.00010153735677402860147
-4	3	6	6.4353089891702531229e-06	-0.00040355224640026656543	-0.00042240962888088329609	0.00029123128524513212457	0.00021549502043322182865	-0.0004146504735560770788
-4	4	-6	-0.00014906335091439195132	0.00022974762004526679297	-0.00062408698264507158227	-1.4134798075614521208e-05	-0.00031668242115378636642	-0.00016258827874725422413
-4	4	-5	0.00025219053296352656563	0.0004689803271425426281	-0.00051607575514377222823	0.0002317143317905510046	-0.00061461303048583907846	-0.00018981279628159329338
-4	4	-4	0.00020528346155807578261	-1.6538176489527775276e-05	0.00035841341292012525574	0.0015193433417119543444	0.00015312995136204947313	0.0015358815182014819503
-4	4	-3	0.001196123575183221906	-0.001084620799970641928	0.0026913771395229448523	-0.00056422697604561653732	0.0019936714191196307396	0.00069385843190003385419
-4	4	-2	-0.00025503240749236312903	-0.00010029318352665826349	-0.00051731156637211512216	2.385617474101831638e-05	-0.00052455831775950398626	0.00024829871653535317329
-4	4	-1	-0.00039880298684741045121	-0.0001544569551029463029	0.00025694277456538017201	-0.00070090277564301519449	0.0026229830456511627097	-0.0021857832821602757832
-4	4	0	-0.00046358854539609907226	0.0019171688596119507587	-0.00046358854539609907226	0.0019171688596119507587	-0.0020683232294534145516	-0.0018837690623029115095
-4	4	1	-0.00096371012565787559853	-0.00033391923993804324211	-0.00027856740104626490041	-0.00098153147204371716215	-0.0027405708984464430093	0.0025904489284226954633
-4	4	2	0.00068013725408765080514	-0.0020410411760831328326	-0.00017045971061879886021	-0.0004658427556596762744	0.0017011939294128992223	-0.0031503968408469126827
-4	4	3	8.6846086593499394668e-05	0.00018237394765811902045	9.5748290087412091243e-05	6.9210722293973448251e-05	-1.1869604658550264359e-05	0.00015088430048552743863
-4	4	4	-0.0014865552709563435978	0.00048663273422621457524	0.00030855595941705097566	-0.0010940713631969229032	-0.0017951112303733946819	0.0015807040974231375326
-4	4	5	0.0008838766524182060675	-0.00016816850329780841139	3.3518130754746758347e-05	-0.00017956323472991932784	0.00068028681733076740937	9.1157851456887257059e-06
-4	4	6	-0.0004159531997152884626	-4.1713277638587696497e-05	0.00027339226568324191419	0.00051352213473514587202	-0.00045956364359902023313	-0.00037015694158248901857
-4	5	-6	-0.0001216677790138790381	-4.2266593729438109938e-05	8.381974188834403019e-05	-0.00028368014963951770392	0.00015096163758287272174	-0.00020822239554663931954
-4	5	-5	-0.00015541476936701582867	9.1294647887713785113e-05	-0.00014138996100817276323	0.00020693790121450992051	-1.7058145514560096227e-05	0.00013390218290433889784
-4	5	-4	-0.00018668035649068432497	0.00025946203566763162592	-0.00049864738155687502851	1.0383730681509240458e-05	-0.00043662887045540940646	-0.00024648237231574509059
-4	5	-3	0.00055414597818656411224	-0.0010752279959122970718	-0.00026034946171632603095	-0.0003456428024963530154	-0.0011727770737759621832	0.00085756599038914105206
-4	5	-2	0.00014700156268754647039	0.00034095890097584339489	7.8621650803876208286e-05	0.0010695429582103228687	-9.7448998365402399744e-05	0.0019919395935741202736
-4	5	-1	0.001499322700872236314	-0.00019807296454410461793	0.0011929187262810390588	-0.00033168009458862674887	-3.2697172083749914435e-05	-0.00086610861476671516419
-4	5	0	-0.00051784624436782824772	0.00015696593408670212366	-0.00041427699549426253312	0.00012557274726936168809	-0.00061300910602507985465	-0.00221987254703704881
-4	5	1	-0.0018524298995492604388	0.00033782021036971981434	-0.0015956353067057402109	0.00027638967325067058519	0.00056845693533165864847	-3.0667524774473594077e-05
-4	5	2	-0.00010886904033680403717	0.00045382804637563540703	-0.00012732043419420811521	0.00076203123349543027548	0.00010056300481191220012	-0.00099742199098730487464
-4	5	3	0.00057693780594201334467	0.0017587142923437659291	0.00019686405924457646638	0.0016671939321614168226	0.00044114364251505701559	-0.00043370416381067371844
-4	5	4	-0.0004473026349795481164	0.00032943680470980617712	9.9378062850550579377e-05	-0.00037636137787486808465	-0.00057152521354273636434	0.00079988852705339128293
-4	5	5	0.00030177864974152002328	-0.00019156488159188461511	-0.00025260518713620224362	-0.00043663408252230342423	0.00049402810692941831645	0.00028338217724879571045
-4	5	6	-0.0005154725181510835634	0.00082240572265308365188	-6.0633309052138380181e-05	0.00029852187401715167287	-0.00029312058789060703055	0.0002995022534210960586
-4	6	-6	-0.00015932192465014841489	-0.00068430751225016686438	6.3245952278721638681e-05	6.6237750794609462726e-05	0.00016946056871215391527	0.00052244275896138735876
-4	6	-5	-0.00037121404764175672383	-1.3932692512585109578e-05	2.7529829534391532536e-05	-0.00013529016847133642359	0.00033000703355467520591	-0.00015120204815553559626
-4	6	-4	-0.00023195952661706867076	0.00024820822258976625932	1.8004984402832031513e-05	1.0009915018790339897e-05	0.00025896700322131668923	-0.0002331933500615807715
-4	6	-3	0.00010588982826316831241	0.00049958393081251913428	0.00024824220027393271819	-0.00018973831220062904236	0.00035529796286364100175	-0.0010455885321512836152
-4	6	-2	-0.00034079093215504618029	5.7663686911801663654e-05	-4.5507100619211696276e-05	0.00030298349074909467762	0.00054506056245245721077	0.00079362309842368080042
-4	6	-1	-0.00025257293874269735271	-5.1117314605445487324e-05	-0.00027786482417616639555	5.9136631551685681183e-06	-0.00065689719008620907088	0.00023995123735279333768
-4	6	0	0.00054494456586749804704	0.00030550908318725014364	0.00036329637724499867996	0.00020367272212483343813	0.00055247468341702420797	-0.00055551710240887039287
-4	6	1	0.00038995396636458677956	0.00034071763148411715128	-5.2331241592456581861e-06	7.9170233509354501081e-05	0.0015912146104138211351	0.00088784912488034154442
-4	6	2	-0.0011341473806554416923	-0.00023181866471888240371	-0.00071359971932816721775	-9.4660539514821644223e-05	-0.00012749560332638208379	-0.00017965571089329984765
-4	6	3	0.00027417126689495494984	0.00017834024931691664327	9.3933097959541557442e-05	0.00020353202740152668789	0.00017769549327419014253	-0.00016927705571383115765
-4	6	4	-0.0002058515382187723437	-2.0313390543192244591e-05	1.9070621517439265374e-05	0.0001668737714431915535	-0.00023445747049493124515	-0.00027062404770797956468
-4	6	5	-0.00010128996684924034346	0.00018784237774098356123	-5.1139972980772922416e-05	0.00017744633730944179314	-1.9664005902464769227e-05	-6.2661702578543305498e-05
-4	6	6	0.00031347146114892818778	-0.00040899715912621570444	0.00052791788612590727792	-0.00054093776401806876932	-0.00031893691202662183748	0.00026827299126725822741
-3	-6	-6	-6.8382400391499574598e-05	0.00016999138309912876078	-0.00021957166115494147957	-6.5695060092496734231e-05	0.00025376286135069122622	-1.9300631457067642772e-05
-3	-6	-5	-0.00027993346994425192045	0.00040338520654522170943	0.0001137574125530809463	-1.6832842186906273946e-05	3.1451186902854027551e-05	-0.00022183171330284549828
-3	-6	-4	-2.1216885762280825211e-05	-0.0003651728555791704787	7.3625568848948062741e-05	0.00013126166880498641104	-9.452568895171147012e-05	7.6987138476898215353e-05
-3	-6	-3	0.00033906056093226143774	-0.00039178196207474474868	-4.7659420385113369771e-05	0.00027492579081801944187	-0.0002437417201620346982	-0.00015806961956129413505
-3	-6	-2	0.0019475685710654247647	-0.00022857913485228685676	-0.00095074052680638361252	0.00027488659608835116143	-6.9131276178986092625e-05	-0.00048179108598662311784
-3	-6	-1	-7.4530233584179186347e-05	-0.0010610558257137690449	7.8296907801713992617e-05	0.0006157904907394089189	-0.00024619074605774636955	-0.00051157546729514616173
-3	-6	0	0.0019314631048983825316	0.0039238660524613831401	-0.00096573155244919126582	-0.0019619330262306915701	-0.00033201459241339703436	-0.0012553878552980025137
-3	-6	1	0.0012587510063641945551	-0.00070873455162333580306	-0.00043909440288239699355	0.00071235478517699232955	0.0011416866017982015957	0.0021479250561919466765
-3	-6	2	7.5078388465509219413e-05	-1.3865656978035686002e-05	-0.00025826360770532692801	8.8039352073151437138e-05	-0.00066217324041771693458	0.00024331957075240077818
-3	-6	3	-0.00066392835955284695837	-0.00073208935354636850857	0.00044377737171038118781	0.00032775768065347176284	0.00022362638386791544435	-7.657399223942498289e-05
-3	-6	4	-7.5716406779629231928e-05	-0.00013451221805444953973	-0.0003100736250523929388	0.00012366615923530327914	-0.00052189774266331128132	8.461507531211773681e-05
-3	-6	5	0.00021753080915456121116	7.0584218510045288817e-06	4.7215910001645517748e-05	0.00034702885924658950041	0.00018717757749471135341	0.00042066968420651011358
-3	-6	6	0.0010062391817227563356	0.00058484960505994639749	-0.00026916168812160561541	0.00018474608046485405479	0.00023395790273977260659	0.00047717088299482722643
-3	-5	-6	0.00034593603916515237948	-0.00046583983158239626945	-0.00013219057533115722018	-9.6906215898337453338e-05	-6.2809206806611835071e-05	0.00031367509570647933003
-3	-5	-5	0.00035829351581018290289	-0.00073901342719144092006	3.8646037997026134667e-05	9.0889901828151669467e-05	-0.00025362214748313589808	0.00035251815448671287986
-3	-5	-4	0.00038435507718974278599	0.0010181084505043239401	0.000479454434689097252	-0.00088497945026267668331	-0.00088758435125367866805	0.00034264297495010284482
-3	-5	-3	-6.6433571860666048621e-06	-0.00043567515624469231985	0.0001333303955041924109	-0.00074567617401889371709	-0.00021557396865425407489	0.0016784687796095151997
-3	-5	-2	-0.00060979325732153947734	0.002364410243033184672	-0.00093346339573575898545	-0.00062332844940646216399	0.0032483483753217067339	-0.0019882942410336217065
-3	-5	-1	-0.0023287338998281711076	-0.0022279616519124524968	0.001786972601664714097	0.00062451120285818067721	-0.0019486613088390569454	0.0035613289414464545379
-3	-5	0	-0.00011035664653253158477	0.0019200947546007777079	6.6213987919518948154e-05	-0.0011520568527604666681	0.0056249525974995974453	0.00039412338069311485689
-3	-5	1	0.00051591530192442126498	-0.0007775858401168412367	-0.00063045638785575743544	-8.2973075602474767425e-05	-0.0016045360335055235991	-0.0027476228983628974388
-3	-5	2	0.0019301380870898952706	-0.00043758957823381656928	-0.0013044629979779070669	0.00043629101647646776046	-0.00036595036430992497825	0.00043434317384044454722
-3	-5	3	-0.00032075556893212958534	-0.00095897271592008210758	-0.00041933708672668517335	2.3067728840241395738e-05	-0.0010196507134766048201	-0.00092052650118634650901
-3	-5	4	0.00047525201711569678171	0.00036549835297921054716	-0.0011770554160210788992	-0.00091039292005760615901	-0.0011148802571895762275	-0.00086386738533759986972
-3	-5	5	0.00015856605840966484021	-0.00088844055202314149711	-1.2319775571075896464e-05	0.00066873030421707902078	8.281985947472300766e-05	0.00013566597300319411168
-3	-5	6	0.00012419811721322705886	0.00030827514583653176008	-2.5343548811080430686e-05	6.3756816051739872162e-05	4.0979434597379834368e-05	0.00020726825296138245373
-3	-4	-6	0.00028660834098421611406	-2.9127371322568556411e-05	-0.00045445756022304505378	-3.4325044876934024667e-05	0.00015966753632325531216	3.7447048912573626289e-05
-3	-4	-5	0.00012752941904656061277	0.00057082869426740507138	-0.0010703266458447144305	-0.00065478413654980244154	0.00077974366524783517672	0.00018133009267939887788
-3	-4	-4	0.00059787481260323847073	0.0016930839854302091787	0.00070813069865270454866	0.0012957629298214529048	-0.001156536808105133483	-0.0025655759188941097346
-3	-4	-3	-0.0021839649931050821551	0.0036801959922583391167	0.0015528448556901559407	-0.0024483588197005755165	0.00011350518551820769396	-0.00041571756599090509479
-3	-4	-2	0.003452963542387161959	-0.0042086926540379930237	-0.0031784863161758063546	0.0052076176869585823551	0.0011775273187708699876	-0.0041021963928601756083
-3	-4	-1	-0.00012388914517238780238	-0.0034382506958937240557	-0.00018895306666155534982	-0.0015726117978316870184	0.0011274797021633847522	0.016605199279007921975
-3	-4	0	-0.0077817857958891144265	0.0065535035919284589587	0.0058363393469168358199	-0.0049151276939463440022	-0.0016062650917372004681	-0.0016150613709805718837
-3	-4	1	0.0010632256012926926108	0.00029852640606948513315	-0.0014660395700342348027	0.00014856705678383837601	-0.0026744814762588611616	0.0014898474453438087951
-3	-4	2	-0.00030271913134401369494	-0.00053320641177996249468	-0.00097477567515112098148	0.0024096880062135358699	-0.0024036300473182625054	0.0040195663947571276184
-3	-4	3	0.0005678851494932083549	0.0014770748190267380187	0.001970175278396531747	-0.00084662972479274123394	0.0031947855206885841621	0.00034823518596974970679
-3	-4	4	0.00098272771263145978181	-0.0013870022208246955784	-0.0017206094709835792912	0.0011488473896761144423	-0.000983563686509984509	0.0001085957240575927856
-3	-4	5	-0.00055335690740157224884	0.00053292243373492950102	0.00094296903048122257106	-0.00033557209920010230711	0.00042236107994403468587	5.1295780880875812906e-05
-3	-4	6	0.00024696293024854533383	-0.0006860591287082300942	-0.0001920432917591997034	-0.00048848029786386346941	-4.547396048527152576e-06	-0.00066868309626335730583
-3	-3	-6	0.0011488060682584718374	0.00013721863511919569286	0.00015590588185879702423	0.00068141081893581718649	-0.00065235597505863439013	-0.00040931472702750642612
-3	-3	-5	0.0016665403664859594103	0.00018953967968208336372	0.00063364477711518702677	0.00035718963252771103369	-0.0013801110861606877972	-0.00032803758732587661676
-3	-3	-4	0.0019793988119876947986	0.00095147537965445828229	-0.0040949055630060656255	0.0034377104657715676535	0.0015866300632637784455	-0.0032918893840695193434
-3	-3	-3	0.0012715227203003796452	-0.0052399128477690860503	-0.0016044373080074073468	-0.0013722981784559493308	0.00033291458770702764746	0.0066122110262250358148
-3	-3	-2	0.0048377244334200661738	0.0037945761317347654826	-0.0023217543885881261785	-0.0011690616798130239011	-0.0037739550672479102097	-0.0039382716778826121554
-3	-3	-1	-0.0057659715777574780879	-0.00058270210157455209262	0.0044434522789308398757	0.0037393658418293277378	0.0039675578964799146364	-0.0094699912207643274775
-3	-3	0	0.0054122338206501734853	0.0037418354017245830656	-0.0054122338206501734853	-0.0037418354017245830656	-0.0056942135755348056297	0.0079469435253854778939
-3	-3	1	-0.0064528948229371722173	-0.0015980177736193332781	0.0095828574778685053637	0.0035258888634570654218	0.0093898879647939994392	0.005783613269513196431
-3	-3	2	-0.0046380930177168568779	0.0032442913058284292629	-0.0014912874444432012034	-0.0051705179033184655094	-0.0091940706932400872303	-0.0028893398962350539359
-3	-3	3	-0.0015258946322119421642	0.00059468942980862220336	0.00053783449353234124343	5.4525219804086516378e-05	-0.00098806013867960102923	0.00064921464961270874006
-3	-3	4	0.0020509991089462989954	0.00017395625372925986487	-0.0012140740018708325813	0.00075021697340473534384	0.0006276938303065999732	0.00069312992035049645397
-3	-3	5	-0.00060173959482161362873	0.001152014674519952946	0.00020458006300818414275	0.00078434170321503853159	-0.00023829571908805767533	0.0011618138266409948432
-3	-3	6	0.00093416174251614392341	-0.00079921255539767315553	0.00053921974231206822037	-0.00034690768866399006873	0.0007366907424141061261	-0.00057306012203083163924
-3	-2	-6	-0.00092999043542294835326	0.00037001598346219109282	0.0010762296086742337894	0.00068207195311673464791	0.00010625201482006292706	-0.00041236530943667375334
-3	-2	-5	0.0035762669147593210625	0.00047589251528035419591	0.00038567713255350014566	-0.0030769521410574950972	-0.002300031001876992609	0.00094524534725478552132
-3	-2	-4	-0.0015514529759863939559	0.0016941993537611720142	0.0030611861278583185793	0.0043521204998963683441	-0.00036700333193936382275	-0.0034467097652690634538
-3	-2	-3	0.0003666723796510974135	-0.0035981628883242737504	-0.0012391411282162195697	0.0029990793869557998488	0.00045942170582638231771	0.0015987766303537404456
-3	-2	-2	-0.0042585031665543235727	-0.011227013802509353338	-0.0026279834359187854119	0.014186475418134397372	0.0090157381857502699035	0.0026540452856296313337
-3	-2	-1	0.0020419050522399988939	-0.0048100450879399103341	-3.5616490875965796587e-05	0.005595802784237021224	-0.006054482174968064262	0.0032385296953456885541
-3	-2	0	0.0090275111588288010217	-0.00090761687893503215606	-0.0135412667382432024	0.0013614253184025481257	-0.036393065157660629827	0.0056064188479496698467
-3	-2	1	-0.00034627286873536837226	-0.0047695115451622119643	0.0023070080939953021421	0.0060944132251795710836	0.0035751975817844990589	-0.0021197081851274950266
-3	-2	2	0.0062645870664970676814	0.0051735306617288669834	-0.0013948375212852841525	-0.016312858313302761731	0.0080020430784603184537	-0.0085525623207094621236
-3	-2	3	-0.0058476578211670666649	-0.0024644386020093939429	-0.0053915450012256629919	0.008686371629709121675	-0.0094420211553175089486	0.0033264758177966868846
-3	-2	4	0.00083439938103257017907	0.0028842203147610152685	-0.0066225560770487605297	0.0046942870827824017058	-0.0026854785027499526034	0.0045103087774619621958
-3	-2	5	-0.00037927988237307212228	-0.00034373399958548066886	0.00085005466782313678694	0.00040554739180795643886	0.00011245393770541144954	-4.4021443028105829837e-05
-3	-2	6	-0.0017251108734647607745	0.00010787368154455674141	-9.9670981727437529232e-05	-0.00066191331287954950201	-0.00089577909730819283828	-0.00016670093018757145878
-3	-1	-6	-0.0010394807924301923893	-0.0012038566610572895305	-0.00073718266315729976193	0.001339596241553205145	0.00064260417340797945217	0.00037866229026977722303
-3	-1	-5	-0.0010882052324014954755	-0.00022721754120941231787	0.0032208847716964812691	-0.00031603728670689311365	8.7461851016010057282e-06	0.00019953798206702599177
-3	-1	-4	-0.0040644741899631513238	0.0029459297590703910873	0.0010198434672920480334	0.0010100437614403740428	0.002793394775649351864	-0.0024619582596628868804
-3	-1	-3	-0.0046163279089217711115	0.0017734384539525524255	-0.0094739828466817097019	-0.0088034544615738976464	0.0077743221911490073897	0.0011610463665720801955
-3	-1	-2	-0.010682768903412161524	-0.015089262142510996914	0.0040447271760669202892	0.01841547792149094559	0.014001789767084781707	0.013426154253021023444
-3	-1	-1	-0.0095203085091134075774	0.010597551166569388684	0.012545458707752824012	0.0048116472472300546304	0.016015466819587396985	-0.036604300746938218947
-3	-1	0	0.0016870768556820538858	-0.0062423798273214337398	-0.0050612305670461616575	0.018727139481964302087	0.00011086610924824892121	0.034292460560364231015
-3	-1	1	-0.0012797527304024016413	0.0025886690605549972539	0.0066022673180552568159	-0.0068603301634462795014	0.0027630091268480518919	0.00090567701821871226045
-3	-1	2	0.0074226912643423686652	-0.00745254056122060006	-0.0071079611542814074079	-0.013247872948392164227	0.0075800563193728492939	-0.017802747316026983071
-3	-1	3	-0.00068455492648174514226	0.0022664026170595981229	0.0054695741840118045421	0.0089217442864436610067	0.0011386364681888563356	0.0052403173792074844023
-3	-1	4	0.0068874294144588487851	0.002553598740456704437	-0.0045715254269009901467	-0.0019176399153415808058	0.0040226907041188888353	0.0014357890765071329095
-3	-1	5	-0.0021347053392014097781	0.0040432021733013993534	-0.001102101270207328813	0.00043036949111421575432	-0.0015012434575623115861	0.0025119952022036829906
-3	-1	6	-0.0012114494930794406351	-0.0011008868867010087635	-0.00061158704352183633317	0.00065292949674320799151	-0.00070765592046002640924	-0.00044162186055996969841
-3	0	-6	0.00099399335616916369672	-0.00068067539170462332439	-0.0024131966578924339377	-0.0014908798549157485126	-0.00049699667808458184836	0.00034033769585231166219
-3	0	-5	-0.0032060018591381356234	-0.0021454017249383258541	0.00029567402399843242073	-0.00061800710591406436429	0.0019236011154828813307	0.0012872410349629955558
-3	0	-4	0.0037656144915198413482	-0.0010353646886678707657	0.0026060491411988122301	-0.0016548709119216342515	-0.0028242108686398811196	0.00077652351650090312846
-3	0	-3	0.0079036464600383757317	-0.0082867658942402649264	-0.010452958366330150283	-0.0017077855032775037317	-0.0079036464600383757317	0.0082867658942402649264
-3	0	-2	0.0091263409417319581868	-0.0048438025473719614755	-0.014302437566610202643	-0.011629079368401278732	-0.013689511412597938148	0.0072657038210579422133
-3	0	-1	-0.0052516129840819783525	0.00098374037959511151201	0.010450636325146612018	-0.0079686926550653711804	0.015754838952245935058	-0.0029512211387853343192
-3	0	0	0	-0	-0.0012787112893495357346	-0.01300249504900936881	0.023032955415152666506	-0.0069000297175226404933
-3	0	1	-0.0038565884292342997829	-0.014282954483565526646	-0.0053069065060057738631	0.007657630656206327463	-0.011569765287702898915	-0.042848863450696585142
-3	0	2	-0.019793195812580037518	0.0022884722182529987355	0.015844968005826135654	0.0064339031080559985418	-0.029689793718870059747	0.0034327083273794981033
-3	0	3	-0.0059599014321747223119	0.0048399716677143232724	-0.014281253448338599582	0.010725490582501398529	-0.0059599014321747223119	0.0048399716677143232724
-3	0	4	-0.0032746736717603626941	-0.0002382372468563477032	0.0017677878995717112229	-0.0010314440485116973308	-0.0024560052538202719122	-0.00017867793514226079773
-3	0	5	-0.00071559912466849463428	0.0032862850142202750317	0.00024540040781713363472	0.00155852843628665849	-0.00042935947480109680225	0.0019717710085321651925
-3	0	6	0.0010002206506015927975	0.00026289473168272862709	0.00031566686723533452603	-0.0028599509672395479962	0.00050011032530079639873	0.00013144736584136431355
-3	1	-6	0.0014473081921507690521	0.0010026259321346670233	0.00074540757750798881855	-0.00046128540165198166556	-0.0005994194998240530382	-0.00057819386634266379827
-3	1	-5	-0.00036524957074060413658	-0.0028791332819078484934	-0.00243601601175031518	-0.0040994006798611782108	-0.00026805345990570052152	0.00090759983317247343217
-3	1	-4	0.0025057663017006587963	0.000245846748672183253	0.0061206237194084507289	-0.00095871717705385138715	-0.00034916879642338141503	-0.00042406435576760031364
-3	1	-3	-0.0057995044776935119474	-0.0027239271195147337322	0.0022507544041153269149	0.0066723163922195989975	0.0065497559457319536741	0.0049480325835879338317
-3	1	-2	0.0030755505236843942718	-0.0029181587588044291363	-0.015009616559601443239	-0.028792406174817656433	-0.01211813406532731216	-0.010018964949202183862
-3	1	-1	-0.0045413169812027545658	0.010115707267465370855	-0.026454966861733830025	0.010569578217236315354	-0.012831015918125568062	-0.019777543585159793743
-3	1	0	0.0012561728436540678909	-0.0072406052245697245795	0.0037685185309622036727	-0.021721815673709173738	0.0060802542905544591789	0.0076527332362194243343
-3	1	1	0.0032696394868513252788	0.00053269317505540896094	0.0033678975532714970978	-0.0023452813635462632473	0.0064410209072824787385	0.0039433608887124898049
-3	1	2	-0.0029017070385064986683	-0.0036237884795932238241	-0.017682751170891349707	-0.022662581168599600645	0.0044888150276859266341	0.0058956078649099645864
-3	1	3	0.010628743063737762856	-0.01809454406114635247	0.00096911888648826467231	-0.0048347838926231147955	0.01030570343490834137	-0.01648294943027198145
-3	1	4	-0.00087848608704523423879	0.0034361503899146411678	-0.00091426630487292665905	-0.0043851212446114670035	-0.00043029798906569398723	0.0036733931035888476267
-3	1	5	-0.0014977903844084425062	0.0029306370965994986248	0.0034036700330705603121	0.0029019880152053572492	-0.0015794082372591776095	0.0011779846549186275516
-3	1	6	-0.0006789446761630170803	0.0009432261033241918927	-0.00032802599175293044829	-0.00061512024429525354735	-0.00028480133945602015017	0.00057413309237797159178
-3	2	-6	0.00024606078427966848353	0.00096328869487923084007	0.00011410258495493090134	0.0012710806525784057626	-8.4996197154857270131e-05	-5.7950796580146814434e-05
-3	2	-5	0.0022639827070230007962	-0.0010107657777549392854	0.0010779015996250169897	-0.0011722734984694214901	-0.00092722898436379359507	0.00013755006726519505107
-3	2	-4	-0.00069049002300941185115	0.0037646227344892290063	0.001788541586267348299	-0.0039105633184693972676	0.0014121383103907331463	-0.0047787487101016200633
-3	2	-3	0.0075518521605082433723	-0.0028520373165153187038	-0.0015758858382737448659	0.0044774348547688778283	-0.0086024427193574070499	0.0058369938863612374005
-3	2	-2	0.0016785709670902866468	-0.0036331099441732055827	0.0024177833568310267039	0.0055092799334068775705	-0.0001000730938044031037	0.010958944849666685945
-3	2	-1	-0.00080048251386065729686	-0.00022551943700014107736	-0.0067787331767564145205	-0.0096028755071250696679	-0.011156018811930857801	-0.018529192703249715291
-3	2	0	-0.00040979000645794257064	0.0066674326356911698885	-0.00061468500968691382885	0.010001148953536754399	0.0084656481423934400177	-0.006703090136889433906
-3	2	1	0.0089984063728709064861	0.010771497446934300002	0.021495311528771741255	0.018955473376403117469	-0.015995403938930768256	-0.0055964544120033349328
-3	2	2	-0.0033312866088983732714	0.0011700440136350777343	-0.0024869277062677126039	-0.0090025942589638079105	-0.0025100022070798466527	0.010757660279416424512
-3	2	3	-0.0099137898217397692202	0.0039146579009212379915	0.0043267036174809685861	0.0038814424560773860655	-0.012798258900060414944	0.0013270295968696467753
-3	2	4	0.001632887803275506625	-0.00041839679722986450501	0.0033206308319477986085	0.0023736055619449527958	-0.00043564956351726933552	-0.0015006003788948748309
-3	2	5	-0.0001682483403587724084	-0.00038466792134129475624	-0.0033484574168892332	-9.3185487145437944246e-05	0.0012384339625404298946	-0.00019352655794660169773
-3	2	6	0.00093379205481322006405	-0.00046644574942778497693	0.000667692405387219131	-0.00022435787722420639481	0.00024433189227753698836	-0.00015843691563915702353
-3	3	-6	-0.00063595272092929267579	0.000215977462142520469	-0.0015901617084843886526	0.00051529748133344050864	-0.00047710449377754804261	0.00014966000959546003337
-3	3	-5	2.7857272902979292312e-05	-0.0011982443764818417973	-0.00063369417149669322441	0.0013418006323833366489	-0.0003969308666398034687	0.001524027005319106981
-3	3	-4	-0.000536729925142210673	0.0016867864330662313277	0.00037046813642081468558	-0.0016074527758819189254	0.00068039854617226900538	-0.0024706794067111126356
-3	3	-3	0.0019893626096540279434	0.00078444047998703933609	0.0015755651111687210553	0.0024150036659686823122	-0.00041379749848530694234	0.0016305631859816428677
-3	3	-2	-0.0027440556428886876163	-0.00040956978497666362117	-0.0027738104443610768317	0.00082516821204027849482	-4.4632202208583660486e-05	0.0018521069955254130385
-3	3	-1	-0.0021185937697605974894	-0.00021834568248716934255	-0.0025229321168437914523	0.00059883845267653284302	-0.0012130150412495816718	0.0024515524054911064754
-3	3	0	0.0016887954828972296783	0.00063986777825216813176	0.0016887954828972296783	0.00063986777825216813176	-0.02176204266732711945	0.0089495212935989838787
-3	3	1	0.0036167609338387009255	-0.0044825128429671476024	0.0028815099382154124585	-0.003061536339249005742	0.0022057529868698645334	-0.0042629295111544264485
-3	3	2	-0.00032215084347540686718	-0.0036354264944203147809	0.001658976011845146115	-0.0097529574536311166438	-0.0029716902829808296629	0.0091762964388162025775
-3	3	3	-0.0025232166588339999432	-0.0023776648063052450467	-0.0010637925172938039655	-0.0060372019840235222402	-0.0014594241415401961945	0.0036595371777182771934
-3	3	4	-0.0026669216396636116241	-0.0021617920654352596951	0.0017589157668149611388	0.0025212580372537120137	-0.0033193780548589294638	-0.00351228757701672889
-3	3	5	-0.0016614748536629571872	-0.0014696277730170933043	0.00080921497517659533947	0.0029653713138086115406	-0.0014824138973037316678	-0.0026609994520954229937
-3	3	6	0.00089291840792930527587	0.0013017055604635069908	0.00058799975714377234002	-0.00023049571475077787258	0.00015245932539276646793	0.00076610063760714235039
-3	4	-6	0.00025522032936730752913	-0.00030663337430263945061	0.00060449089413071180679	0.00043570794089729114476	0.0002753837647368207733	0.00044378864774951383085
-3	4	-5	0.00029113863594493351707	-0.00055210377716885983453	-0.00044989803077611522546	-0.001483155554139325245	-0.00053460160618785230145	-0.00085526217701014425193
-3	4	-4	-0.0021411667211071578297	-0.0020170048599212724028	-0.0023456361843979191446	0.00075648644211887840737	-0.00073976114356755066394	0.0022692400870598329263
-3	4	-3	-0.00095264629087219148545	-0.0018713237934454304921	-0.00023824885406103994798	-0.00030525189956581597018	0.00063498115212413822148	0.0014643212606910091262
-3	4	-2	-0.0013660100905298832533	-0.00010358275277932574375	0.00098253717908812010853	0.00062743863750741222206	0.0040140894939710647718	0.0014102514041838131072
-3	4	-1	3.8849421088771802547e-05	0.00070337081064344693718	-9.9331242675112211725e-05	0.00039427217507543611819	-0.00051387323396676423421	-0.00053302373162859644721
-3	4	0	0.0024495852673683893644	0.0031798295386087985226	0.0018371889505262922401	0.0023848721539565988919	0.00031133924562963549579	0.0039321010539972098274
-3	4	1	-0.0037479208754139891994	0.00062507581638118498574	-0.0021952952431780097323	0.0013421257598852710281	-0.002462581653529929103	-0.0034932755903975291553
-3	4	2	0.0042434479371083969751	-0.00092345250366211316297	0.0025477810019558858046	-7.9001733132833546337e-05	0.0012696099017508242872	-0.0012271752892275026789
-3	4	3	0.0022052434287842459168	-0.0035338500856980851854	-0.0018707069509929824709	-0.00070229289309331629186	0.0046995193634415555889	-0.002597459561573663752
-3	4	4	-0.00046913240761457098262	0.0010466039334886426213	-0.0027216508811911703167	0.00013850355329333025869	0.0023698015754802419577	0.00064644939682315181572
-3	4	5	-0.00077849679465679191576	-5.7564432728108289711e-05	0.0011213927644515386643	-0.00038163020387028452228	-0.0013642122883553060592	0.00027076550345936264671
-3	4	6	0.0010568449423603517873	0.00070299931462070334651	-5.3254215976021086363e-05	0.00035018957158501666732	0.00056392528183085667212	0.00011803994292034057526
-3	5	-6	-0.00018503723358616433773	-0.00052439533216958229573	-0.0003435437497076192009	0.00016683191438970646501	-0.00019376784129660051662	0.00040122426140954650826
-3	5	-5	-0.00051225699883437837614	-0.00076062752822211095616	-9.0827943701282703092e-05	-8.6938278436741531631e-05	0.00021652625559934432259	0.00036943823849652508273
-3	5	-4	-0.000917558841431173936	-0.00071575183411858576445	-0.00041058257252216232187	-0.00037369099297828952712	0.00017494091542067757676	6.97001343660774822e-05
-3	5	-3	0.00057523324885843632633	-0.00013896558697080738987	0.00021884004475409345549	-0.00053848370334856458536	-0.00021049984093494717059	-0.00075850725194346701845
-3	5	-2	-0.0051759686914188774223	0.00022761014724545841821	-0.0026856517058306637186	0.00040601896469382857836	0.0010498237725516568371	0.00067363219086638385924
-3	5	-1	-0.0004823121002677847294	0.0027086527462415323046	-0.00032943656366978902109	0.0016023375055042247527	-0.00020024651754559102566	-0.00011427071120347258109
-3	5	0	-0.0012234873218850905122	0.0017285330053796663097	-0.00073409239313105428566	0.0010371198032277997858	0.0026003412083952740647	0.0013155307694063687798
-3	5	1	0.0018798280674622198927	0.0014149723201808224113	0.0018282326714409839231	0.00080327134114189960128	-0.0035016791548182599376	0.0002285602548329693901
-3	5	2	-0.00023257830193265668721	0.00078817652814694297899	-0.00030415862634261341905	-0.00012306549010643669175	0.00041152911295754853035	0.0014899285174865060759
-3	5	3	0.00037397853720531773567	0.00030868434738489655212	3.6468134234462748673e-05	0.00079824209440153965061	0.00031319831348121314777	-0.0010217191432843363615
-3	5	4	0.0001881150186729167121	0.0011388617180792691332	0.00045679027645907876965	-8.7545634903578505796e-06	-0.00042990158156916094155	0.00086508949292239927919
-3	5	5	-0.0016385484295683278282	-0.00091823351397341196941	-0.00041866143355238910747	-0.00040475186809032132106	-0.00056446762418860762199	-0.0001461882402937258389
-3	5	6	0.00025053966706326316876	-6.9834214126797652028e-06	0.0001206422414971449012	0.00022404752491904001582	2.4734632284010827735e-05	-0.00019019798147220656217
-3	6	-6	-0.00019373751487173685761	0.00010505286701136218276	-0.0001809879491213191023	-3.3484750339998609861e-05	-8.4119191685450673494e-05	-8.601118384567970124e-05
-3	6	-5	0.00019082597896511241517	-0.00047208575614029465528	0.00035586742112434806675	3.8843581351421226989e-05	0.00031254531797015022015	0.00032986375130588226285
-3	6	-4	-2.9318793549815783128e-05	0.0001564895534842404806	-9.0218087313519122208e-05	-0.00019264215937508816245	-0.00011333803580791684427	-0.00040633040417581260412
-3	6	-3	-3.4538078847107506859e-05	-2.5682049373573896352e-05	-4.4211148729584455431e-05	0.0003582097140184144473	-5.3884218612061397227e-05	0.00074210147741040277062
-3	6	-2	0.00043387474807515368901	0.00098376653883988076851	0.00041624694827515544646	0.00037690211162913147972	0.00059792872271273586008	-0.00034494347337242682204
-3	6	-1	-9.6163415274462967056e-06	-0.00027389153777011176387	2.5814583325004243321e-05	-0.00043927968065424270565	0.00018373652453236433819	-0.0018140034706151208881
-3	6	0	-0.00071037947711104991021	-0.0012406162735306123807	-0.00035518973855552495511	-0.00062030813676530619036	-0.00016054256824649939736	0.00025879943812802700884
-3	6	1	-0.00058382832706783212209	0.00059330318719292771124	-0.00018821854129343857189	0.00033370963782686696502	-0.00062217373344286477227	-0.00022234826538241868354
-3	6	2	0.0005753192728561454727	0.0012006184493235367954	0.00051376979836529647339	0.00055364335246404919669	-0.00067833048581167115689	0.0001399976165931577656
-3	6	3	0.00068991893030449660904	0.00077525833290865563564	0.00062769225872073928368	0.0001105405747159786872	-0.00056546558713698195833	0.00055417718347669823412
-3	6	4	0.00024837049484106431957	0.00022961276679178289754	-0.00014774646273449460669	-0.00013393066329573383578	0.00040789756523254013616	0.00037310557003743792005
-3	6	5	-0.00044761593593848242626	-0.0005522845495455155386	-0.00028627885184981480705	-0.00021869252136641199706	7.4965060656688301856e-05	-6.8939704087614937528e-05
-3	6	6	-0.00017023410207986033557	-0.00013042502673116609414	0.00026078314198857237543	-0.00060353699990483937726	-0.00034590019302850252966	0.00053832448653925633018
-2	-6	-6	0.00017552382205651584249	-0.00020559979209860322841	-0.00024819195661561846162	5.0711198945795068972e-05	0.00018968401593011318079	1.7822065087072673831e-05
-2	-6	-5	0.00014733348241601163181	0.00046403622292747772043	-5.4268328114972383077e-05	-6.2328695442810465961e-05	6.1886007715622086612e-06	-0.00011082005463961853986
-2	-6	-4	-6.6974249503866473631e-05	-0.00029560007685003894876	-0.00028943789150894980687	-0.00017897646299259211615	0.00046764396201535800811	0.00041626473291390768926
-2	-6	-3	-0.0001843235562237103642	-2.5038734723408245678e-05	0.00010869579984031258206	0.00021445637968573919669	-9.4509228864818263689e-05	-0.00041222026955587293693
-2	-6	-2	0.00096539484058665611492	-0.0032427667633702075486	-0.00032447981051959509267	0.001475699342432424668	8.0445909721291681752e-06	-0.0011843312639270664553
-2	-6	-1	-0.0029293576943366780516	0.00039397148656617202341	0.0010286474575274672395	-0.0003021318088570172514	-0.0003131693564914476589	0.0010248478800097594616
-2	-6	0	0.0020747635238981790469	-0.0026545776085097451749	-0.00069158784129939290721	0.00088485920283658172497	0.00065427755355142928721	0.00058287133138364935914
-2	-6	1	-0.0006694074177940931682	0.001086619238807444562	-4.0600199582102262337e-07	-0.00062547321257125907713	-0.00134125084756311257	-0.001579600797812664905
-2	-6	2	0.00092659678311093386389	0.0016709930305382537409	0.0002607760216448311622	-0.00039992900421832679094	0.0017089248480454274047	0.00047120601788327331387
-2	-6	3	0.00023068816830017444008	-0.00099788308312637966774	9.0538534966084742851e-06	0.00027724511876245691968	0.00017189981919333324647	-0.00011076515122600586686
-2	-6	4	-0.0001337442219218877256	0.0008455279378320101815	0.00025490972206350956484	-0.00029057993038069437203	0.00031549247213432052512	-1.3105926655036477453e-05
-2	-6	5	0.00010543724011935324777	-0.00071817414959540228081	-0.00043984064085197694402	-7.9561533223331191143e-05	-0.00048563387297463102288	-0.00038274349970615834712
-2	-6	6	0.00029613226238112849188	-4.6185702912345654863e-06	-0.00010308165049483503767	0.00023700937387891070763	-4.3708963677922087399e-06	0.00023546985044849919879
-2	-5	-6	0.00032605022360458887562	-0.00051338684800994645058	-0.00025839930158308931606	0.00025760333643109518823	0.00010664934345104478677	-4.3540497689263878394e-05
-2	-5	-5	0.00021718399893347085103	6.5902806010046486728e-05	0.00046237411321272184599	0.00078432266091365047088	-0.00054924771278611018641	-0.00081068378331766906015
-2	-5	-4	0.0004689186411938635465	-0.00087696926032538192325	-0.00016693743762132419277	-7.4884157913547794508e-05	-2.5787523570276539066e-05	0.00053208982755462575897
-2	-5	-3	0.0012697538701715847288	0.0013853571550385089788	8.6482491486282610628e-05	-0.00027012709709351801022	-0.00099064006592486093632	-0.00047335960820314265359
-2	-5	-2	0.00028883596931201344863	-0.0039258159681938584532	0.00048957076463988032002	0.0005971236454104208221	-0.0015127628809117144113	0.0024330068546678058558
-2	-5	-1	-0.006846069488791190448	-0.0012319630146170274052	0.0011636162554477468521	0.00057120090676786403495	0.0078740577003436479364	-0.00039207850460526525588
-2	-5	0	-0.0025855460774689320753	-0.0021896812104531724295	0.0010342184309875728301	0.00087587248418126895013	-0.0067908363896472777321	-0.00078544367489352825105
-2	-5	1	0.00059092668616020805217	-0.0026277926457731531559	-0.00042407626944822226231	0.00060885816496911583217	-0.00093852797492069526143	-0.0022112944667007274763
-2	-5	2	0.0026502818561920395667	-0.0018801068247519428338	0.00072662732925950971989	0.00060379243577526062539	0.0044668501793408135411	-0.00037062573531379143293
-2	-5	3	-0.00010087442999492135282	-0.00055206342701981088537	0.0015940269881331680778	0.00074432507951387736136	0.0025894620268919993182	0.00087249951450992164256
-2	-5	4	-0.00083733608465504072958	-0.00029748625674321557254	0.00092156831614343250134	-0.00037282630312482215647	0.00073329235285177023478	-0.00061477600727763545476
-2	-5	5	0.0001391901930222204679	1.2232160521983701507e-05	-0.00010444002759397781231	-0.00038994017702229387444	-4.8763950385089630565e-05	-0.00038504731281350037825
-2	-5	6	0.00047201815952351873626	-1.5482769762924275173e-05	-0.00039806553448347247294	0.00014735838841853346926	-0.00017438189222838748203	0.00011763773376113647164
-2	-4	-6	0.00051796709112798247545	-0.00095488254121242469898	-0.00034524705721316245382	-0.00021624148149545688704	5.7509007766114148582e-05	0.00046245516806777949102
-2	-4	-5	0.0016591430297673013302	-0.0013508616396286502511	-0.00040149359988302546921	-0.00043155302613102881166	-0.00034246233200050009166	0.00088558707675628314977
-2	-4	-4	0.0024417314983330839356	-0.0014918297977059488939	-0.0029431209754448490502	0.00187587529568964545	0.0017222552262783068656	-0.0011299603968366711115
-2	-4	-3	-0.0032021686255536401661	-0.0023992943109501928441	0.00247786907800844362	-0.0016476451367957117931	-0.0011690463536421647883	0.0037963897230277442868
-2	-4	-2	0.0029447716048927579519	-0.0017011752426836829113	-0.0019601835926657245474	0.0045109512751584654802	0.00097559558043869092601	-0.0073207273076332478323
-2	-4	-1	0.0019269311502171566387	0.0074676790704311032942	-0.0025129960089906276666	-0.0039137296127796641562	0.0061981217355281982562	0.00071956031025644765116
-2	-4	0	-0.0037105756507141650878	-0.00139166492597775685	0.0018552878253570825439	0.00069583246298887842501	-0.0098761053323571761087	0.0074436107218351843171
-2	-4	1	0.0036489734455046629082	0.0051059871964758861071	-0.0032812147457872233892	-0.0037033529655216340312	-0.005826912092139568608	-0.0046014374691347656454
-2	-4	2	-0.00025065641220738148947	-0.0016351720493257557772	0.00076412509491017384291	0.0023522773209240402208	0.0012775937776129662506	0.0030693825925223244475
-2	-4	3	-0.0036282813485244017407	0.0071851287969297494493	-0.00046516817217965667017	-0.0018834202853020226912	-0.0030390784619224770098	0.0022788588175504690889
-2	-4	4	-0.0017163600603828041164	-0.0015820132008895182972	-0.00030586476522819942099	0.00063576009251437731479	-0.001164044795419601425	-0.00015524650793038191512
-2	-4	5	-7.5553819640143720293e-05	0.00018706196033362227932	-0.00053012572685152341105	-0.0003363760936050270425	-0.00045432210933727621696	-0.00019427609075057272769
-2	-4	6	-0.00017256479633859225981	0.0013473861195495775989	0.0010473493810994772158	-0.00039824060922944245653	0.00064071132195345399402	0.00018363496703023094044
-2	-3	-6	-0.0014793057763272730691	0.0012204366292160374365	0.00086313434002307360109	0.00048308271177297814301	6.1534755430887506131e-05	-0.00064835356562516818085
-2	-3	-5	0.0018663129276088427817	0.0024102100501544460043	0.0023375491708274255195	0.0015570982588093476833	-0.0021490546735399925111	-0.0018983429753473869683
-2	-3	-4	0.0016427008571947847478	-0.00095243063584168625568	0.004257988215605454374	0.001345248884412671847	-0.0040148415903014838049	-0.00053272134538866070322
-2	-3	-3	-0.0021901086228096238243	0.016505090925757973791	-0.0034109659656888077425	-0.0052835496674047376098	0.0048710383808952236254	-0.0057198442831005794074
-2	-3	-2	-0.0023395237722602527444	-0.007499649271633950301	0.0042482763957196936072	-0.0098901950424406092494	-0.004032890821319286799	0.022334941835294865042
-2	-3	-1	0.0065598731809259598971	-0.0090529196072796740136	-0.0091470437680929179286	0.0078406317917216108299	0.014321384942426830522	-0.0054160561606054818604
-2	-3	0	0.024902618179163303613	-0.004936523679347224261	-0.016601745452775536899	0.0032910157862314826961	0.004068687536674554274	0.012726866017498519867
-2	-3	1	-0.0026549864183847068921	-0.0059137860777735444182	0.0054849571679772409979	0.0066928394887093255183	0.011144898667162308342	0.0082509463105808877187
-2	-3	2	0.0068678735611123068253	-0.00079762746034754380183	-0.0097618905936020690384	-0.0052353316543187616849	-0.0077749623292907958649	-0.008650624941825686004
-2	-3	3	-0.0019759519941349216153	0.0078182592539202833831	-0.0072711995584787154218	-0.0037609426590375677653	-0.008588500887901997366	0.001451230176909287968
-2	-3	4	0.0011489475769061762486	-0.00016113706989993327977	-0.0056467575174744700367	-0.003318554640838134763	-0.0036605943496527642948	-0.0025694845155785676037
-2	-3	5	-0.0013836841746690537857	0.00019204852166033556274	-0.00015863863101159340853	-0.0013273534507122044038	-0.00064865684847457754855	-0.00071959266176318842801
-2	-3	6	-0.00076313542835427334785	0.0016415676428491556612	-0.00048162792548966796343	0.00039366584454938883045	-0.00049519243886292515187	0.00074402213655774623001
-2	-2	-6	2.557751960491417881e-05	-0.0016172959937781367524	0.00031894702333254941473	-0.0010508644354676110674	-0.00011484151431248786903	0.00088938680974858257047
-2	-2	-5	-0.0039512288690694112592	0.0088247828673542801775	0.0042336362627488164506	-0.0030308409914232368326	-0.00011296295747176232323	-0.0023175767503724178584
-2	-2	-4	0.0010229002516751806769	-0.0029239584483084241767	0.010703939352419958655	0.0022355350136274961328	-0.0058634198020475697746	0.00034421171734046407615
-2	-2	-3	0.0084591067381577459555	0.0033140354146828461188	0.0014334931866226126394	-0.010135386609709388581	-0.0065950666165202386296	0.0045475674633510283079
-2	-2	-2	-0.015859220585274478449	0.0090930376821387673414	0.024039885523696812031	-0.002391713960555407522	-0.0081806649384223353166	-0.0067013237215833593857
-2	-2	-1	0.016563341242834157818	-0.018343524039646307011	-0.010801077070229571364	0.023672698580282480751	-0.011524528345209171173	-0.010658349081272345746
-2	-2	0	0.00051479749374533779853	0.0020093557614676727657	-0.00051479749374533779853	-0.0020093557614676727657	0.010792243202500800825	0.02763778267646429046
-2	-2	1	0.0048616547160902218172	-0.0069761482132351922483	-0.0032782162460995574287	-0.0060354259562166367656	0.0031668769399813279097	-0.026023148338903658028
-2	-2	2	0.0072939811876482889968	-0.025200012622406064988	-0.013752059394464090369	0.01230132190268987992	-0.0064580782068158013726	-0.012898690719716183334
-2	-2	3	-0.0046782830498894138749	-0.0052210626795754526072	0.019108789143629709845	-0.0065364407288407908037	0.0096203373958268639798	-0.0078383356056108289406
-2	-2	4	0.00017793688461612041231	0.0030058277379280862358	0.00056725932110778605651	-0.0030781197516286649442	0.00037259810286195324796	-3.6146006850289401607e-05
-2	-2	5	-0.0019557977817399540242	0.0035175895676913793673	-0.00073961626366572847963	-0.0034132640696062179798	-0.0010781656181622729582	4.173019923406456449e-05
-2	-2	6	0.00080329052825483247043	0.0033783781917699922705	-0.00042009535639326499269	0.00079886262929208145308	0.00012773172395385580784	0.001392413607020691205
-2	-1	-6	-0.00061100466196972421425	-0.00057986651943258359608	0.00047515173143400916316	0.0005319806985008591893	0.00012447626541757321993	0.00010462539006071798692
-2	-1	-5	-0.00072051520578728675635	0.0013480608911205455101	0.0010132701567588690492	-0.0037809177113701155498	8.55520509631409171e-05	0.00021695918582580487883
-2	-1	-4	0.00039898606002890431039	0.00078987034850466861669	-0.006883703769144716364	0.019851242103068354045	0.00152143291227172699	-0.0053577457000194223316
-2	-1	-3	-0.019273909797049043613	-0.0058254446496805818365	0.0019249225527217762519	0.016340024822370222135	0.01220763234712543728	-0.0015630451743363531821
-2	-1	-2	0.04863736476025824762	0.0056247015428527100123	-0.011444094291129356875	0.01556714502008686371	-0.042915317614693568316	-0.013408274052896141867
-2	-1	-1	0.011027055354679094271	0.0044587243536655116541	-0.019183592731542031123	-0.022796388496916980548	-0.0028705179778161595862	0.01387893978958595724
-2	-1	0	0.0047081613867922559799	0.016477718089827089049	-0.0094163227735845119598	-0.032955436179654178097	0.045054938267462339707	-0.018884442142914681373
-2	-1	1	-0.011324416875718334996	-0.0068365266422860332743	0.0027169407047162581585	0.0012151863548292315791	-0.0199318930467204114	-0.012457866929742834536
-2	-1	2	-0.017844863417797385968	-0.026504363319148710465	-0.0080297643970786460044	0.021236574823431008524	-0.021859745616336710705	-0.015886075907433204468
-2	-1	3	0.014971320205464105565	0.003238123611141600737	-0.011017748201439607134	0.0011904715726915302866	0.0063082974031628685774	0.0025555729316582439202
-2	-1	4	-0.0073566174987308744979	0.0031123642270248705333	-0.0027454178114256597328	0.010280587820510613331	-0.0043646632022218525074	0.0041263290686400890331
-2	-1	5	-0.0015975283940486068642	0.0091919589075757819618	0.0041704376224209359011	0.0022028785631158149562	0.00019507616686474440744	0.0041173592756534758627
-2	-1	6	0.00035970148159074973211	0.0019949188468112487652	-0.0018292842884252936628	-0.00010991554977444223276	-0.00018498022087396571783	0.00064665369064134258122
-2	0	-6	-0.001042423320835197606	0.0032251609623379115348	0.0013586635031466892144	0.0036545174446407291055	0.000347474440278399202	-0.0010750536541126371783
-2	0	-5	0.0018889171233406063313	0.0029751035614694002623	-0.0011626059753071309958	-0.0055050222603953155934	-0.00075556684933624255422	-0.0011900414245877601049
-2	0	-4	-0.0071216624284018816352	-0.0040409949028547501731	-0.0073627850258916388224	0.016775564320650703659	0.0035608312142009408176	0.0020204974514273750866
-2	0	-3	-0.0014352488071109577913	-0.0066775667929688158411	0.022989932095940999318	0.0044926743530964803261	0.00095683253807397189699	0.004451711195312543605
-2	0	-2	-0.008845038629703256064	-0.0053942859801140779705	-0.00094788644208519071827	0.025108844252780600226	0.008845038629703256064	0.0053942859801140779705
-2	0	-1	0.012458775366898079684	-0.011925558974740993815	-0.023390719106179954506	-0.010534708735394823428	-0.024917550733796159368	0.023851117949481987629
-2	0	0	0	-0	0.069662704418332693779	0.054706279864339679708	0.037670826812224562918	-0.042392074916608082913
-2	0	1	0.020303805504641489477	0.0084654852807857731284	0.0068437813411032864114	0.0012574749245636450065	0.040607611009282978953	0.016930970561571546257
-2	0	2	0.0054562843172871779152	0.014853944776260454355	0.022587944363189890046	-0.031448566313563817987	0.0054562843172871779152	0.014853944776260454355
-2	0	3	-0.0028008742194043467592	0.0056650108064696105478	-0.011492166315795868461	-0.004084454196647642997	-0.0018672494796028978395	0.0037766738709797400761
-2	0	4	-0.0014635688160678686064	-0.0073049836504016033706	-0.0086096372246315024807	0.011501940340898100107	-0.00073178440803393430322	-0.0036524918252008016853
-2	0	5	-0.0073702865325869148724	-0.000491677347936673656	-0.0049627368790435980386	-0.0024850193388773291793	-0.0029481146130347661224	-0.00019667093917466948409
-2	0	6	-0.0024077929863620664216	-0.001705534552177171044	-8.8602363502601205075e-05	0.0033230960893065467424	-0.00080259766212068884336	-0.00056851151739239027573
-2	1	-6	-0.00057185298583269290364	0.00055611491767156777215	-0.0024131572578403991808	0.0049226489735262855818	-0.00021157521436250220181	0.00063506985636385833958
-2	1	-5	-0.0031547065044011056954	-0.00077789892988766422277	0.0016952139612070773588	0.00094527167574988077165	0.0016009253940018578367	0.00050021390710504190849
-2	1	-4	-0.0049668189947176992829	0.0076181272718021872392	-0.0098886843614706190775	0.0013797252295752620611	1.1238406991194807729e-05	-0.0034641323285072782127
-2	1	-3	-0.0057818041276320461877	-0.011918872318841018318	-0.0094005552920429901603	-0.0062221598353928465885	0.00072101765440703421625	0.0058718616007630624817
-2	1	-2	0.00056462409280763918486	0.0065571866504395273298	0.032544203592595438712	0.0077068736627137167383	0.015707477703490079629	-0.0027037498190826693943
-2	1	-1	0.0021298610315445345997	-0.0041275116670088140072	0.027315151143841913395	-0.034295379828523694932	0.023055429080752844195	-0.026040356494506065183
-2	1	0	0.0019007292496596515496	-0.029648782447669441709	0.0038014584993193030991	-0.059297564895338883417	-0.016876133000553170116	0.025266291611286694624
-2	1	1	-0.0053444380284860338107	0.027589821038453490876	-0.0076906000613055306575	0.008153545479942909957	-0.0029982759956665365302	0.047026096596964071794
-2	1	2	0.014480217768299948056	-0.0074962802344623801973	-0.008580633815351785057	-0.037183735390498136308	0.018770534675975839717	0.01109558746078668709
-2	1	3	-0.020637730034519071592	0.010409145363849925739	-0.0020428225086317735454	-0.013300580809729286441	-0.01307754585346878988	0.011372957179143045395
-2	1	4	0.0035185405824666349424	-0.0061385918341211251348	-0.0013902837296688853961	0.0083123190411677847639	0.0021068412236505389828	-0.005147375677352509192
-2	1	5	0.0017503312707947006176	-0.0021147613674993509872	-0.0039683228576419642131	0.0038058024600148014811	0.0014937970798462730897	-0.0016070650390027007778
-2	1	6	0.00020658964942049456385	5.0000939785334255224e-06	0.00028792475146985027114	-0.0010232753583213529801	2.0875757895189809427e-05	0.00017221259104640329108
-2	2	-6	-0.0020731899271852751929	3.7843655674037758845e-05	-0.0017708062689465754996	0.00082260732203728067873	0.00010079455274623319496	0.0002615878887877476377
-2	2	-5	-0.00029421589132174418273	0.00067177929138606106568	-0.0039661587638553852039	-0.0031084854254512165987	-0.0014687771490134564085	-0.0015121058867349111091
-2	2	-4	-0.00053817043440515185699	1.6005501044676705933e-05	-0.0073810756636550900467	0.0014541617287069982106	-0.0034214526146249691491	0.00071907811383116069983
-2	2	-3	0.0081933011999666491981	0.0056379273656429031505	0.0055193243592143170773	-0.0040099857002652413915	-0.0017826512271682209802	-0.0064319420439387627389
-2	2	-2	0.020688794795942298116	0.00067079245698510798265	-0.00054557104993833505438	-0.00013058212634244382197	-0.021234365845880634471	-0.0008013745833275517233
-2	2	-1	-0.019757201690408940364	0.015049027719752323257	-0.021014799687818462581	0.014116175676898212732	-0.0025151959948190413981	-0.0018657040857082201821
-2	2	0	0.00043989466870758699808	-0.0048413261720811218841	0.00043989466870758699808	-0.0048413261720811218841	-0.010086228013111816354	-0.0056182456553973102176
-2	2	1	0.0039656638383992635563	0.00098672715116011541769	0.0007404796778777972396	0.0045717088090586818772	0.0064503683210429324166	-0.0071699633157971329189
-2	2	2	-0.01146020473895298028	-0.020857281576973845522	-0.0048788550731732214724	0.00050587523514803020216	-0.0065813496657797596751	-0.021363156812121874423
-2	2	3	-0.0058661075558636829527	-0.0041116401750669060236	0.0061862602454625147466	0.0033588001706402418473	-0.0080349118675507990445	-0.0049802935638047652472
-2	2	4	-0.0090762790394765275465	0.0030797062330838336809	0.0082111940020607402518	-0.000774023707707535355	-0.0086437365207686338991	0.001926864970395684518
-2	2	5	-0.0014470040721073376775	0.0037831789270372302887	-0.00061009169915996115142	0.0024298028899703135938	-0.00033476494917895064296	0.00054135041482676669964
-2	2	6	0.0010342383566128180925	-0.00066564650186082101064	-0.00037776968189315269587	-0.0016295586718837963471	0.00047066934616865694751	0.00032130405667432513023
-2	3	-6	-0.0013878982285171249673	-0.001665810672042513426	0.0022498905929339198945	-0.00014284198141814810775	0.0015875780393060016753	0.00048384923330509709265
-2	3	-5	-0.0013456407027799572197	0.001233240906297337772	-0.0026905165944177086325	-9.2226806108353510776e-05	-0.0010760536755386423784	-0.00054863244618394728033
-2	3	-4	0.00078166998815011037513	0.00071248441639786659011	-0.0064685044043343211534	-0.0028885924263095052143	-0.0052422132973257967031	-0.00252268652793106226
-2	3	-3	-0.0054786875325490503111	0.00076725392226537113619	-0.0053571725553482607562	-0.0045645535328764294536	-0.0017047142003155609825	-0.0050760561477200096328
-2	3	-2	-0.0012783600865050378115	0.013375927023482838199	-0.0062952674068070032382	0.00043142910013462817476	-0.0081645410237054672625	-0.012728783373280896235
-2	3	-1	0.0056566789319709414458	-0.011875688157645650569	-0.00056722510763049542246	-0.013000021292777661983	-0.013015033186833368725	-0.015248687563041686543
-2	3	0	0.009586449951547263218	-0.0071400672817562458802	0.0063909666343648424344	-0.0047600448545041633419	-0.0050815480557311809226	0.0039522181618990986918
-2	3	1	0.0040309262354066063144	0.016372510592335076662	0.005746880017625739627	0.0036783777180636437372	-0.0091787875820640071195	0.021709888030479223414
-2	3	2	0.011169185321740746769	0.011591031292856230489	0.0085836678394450426771	-0.0056532624008722772574	-0.0017063164374268172466	0.020070924894164645508
-2	3	3	-0.00029235164588092116787	-0.0081095924556661320992	-0.0065276968970446819576	-0.013972286040408494687	0.0063327957997907349461	0.0085658910699644066206
-2	3	4	-0.00047368987791534882762	-0.0071433304242685428595	-0.0027350865966507494943	-0.0045545672886761305598	0.0018144700085303876527	-0.00015573974562717348281
-2	3	5	-0.00016867606691959327559	-0.0001446404118642285921	-0.0032961329155105066092	-0.0011948091707425136793	0.0019102093225384668071	0.00065902933769981678156
-2	3	6	0.00020278775111521734091	-0.0010296883358023012876	5.0200043581590268532e-05	0.00069535232179586013365	4.2495895247610648295e-05	-0.00069090560616536379323
-2	4	-6	-0.00033475577703521514549	-0.0001260635183195907684	0.0010937629803956679369	-7.8715177897332764081e-05	0.00084076057927551695222	-1.0455612491691585456e-05
-2	4	-5	-0.000706874353603379889	-0.00033562066586544135952	0.00075399304602820804884	0.0023437958977555461981	0.00088594417826391832962	0.0020092849845506134156
-2	4	-4	0.0019453988337008005453	0.0047927054106835084366	0.00067820125454045394799	0.0009527928645605741138	-0.00029449816230994627043	-0.0014435598407811799961
-2	4	-3	-0.0027829638187848964974	0.0011404842657547077222	-0.0013164149006655665591	0.00018355276282815954697	0.00010008934496917538731	-0.00051558582673225908551
-2	4	-2	-0.0042985321659979739209	0.00032552474181506596725	-0.0015306042094379330044	0.0063283183181715163546	0.001237323747122108129	0.012331111894527966091
-2	4	-1	0.00060814759211168310619	0.0091921912577648621362	-1.0026841110026189115e-05	0.0067198587845908432439	-0.0012564025486634709892	0.0084950526228336504381
-2	4	0	0.0062519154294193171953	0.0019060273526858699002	0.0031259577147096585976	0.00095301367634293495008	0.0030634069419614028303	0.0089295950794134118511
-2	4	1	-0.0021081955315264138025	-0.006042945240625102396	-0.00096987437535852086788	-0.0031332460424111046975	-0.00033689356161874429605	0.00044709368839421388935
-2	4	2	0.0071458026491624596077	-0.0051479006034559470634	0.00074152391905645779081	0.0022771019826239718986	0.0056627548110495442429	-0.0097021045687038908606
-2	4	3	0.0035439237544039104734	-0.0033184313261585799033	0.0020195375648064954784	0.0012157650468359213706	-0.00033010091680605376397	-0.0038333076132202816184
-2	4	4	0.0029198026964019178908	-0.0057320184275880224634	0.0010063300415296620293	-0.0004669498079684398519	0.00045357130667129707874	-0.0023990594058255713256
-2	4	5	-0.00018326456238390643788	0.0019863524259859616054	-0.00042614619464725173557	-9.1049802479450364493e-05	0.00026761113076423880246	0.00086738081237794503135
-2	4	6	-0.00013582677512069540882	-0.0003070624926933156521	0.001439338357525873132	-0.0012263446743463182406	-0.0010048344967241472966	0.0007152089519997735555
-2	5	-6	-0.00029937275495015816702	1.5871881971631698069e-05	0.00034224483916457117648	-0.00042614825036961658617	0.00038499495095386203607	-0.00036041416929855773924
-2	5	-5	0.00010762282697878564259	-0.00053662313592218449307	-0.00019300332955602851203	4.7674558002539056819e-05	-0.00023605246034754276906	0.00026232381237141288522
-2	5	-4	-0.00067807896763691073803	-0.0014941364166239146961	-0.000717706478924911369	0.0011956417777594767222	-0.00055809361483768386934	0.0022416204305113029797
-2	5	-3	-0.0026805638113659656895	-0.0009775864985145383667	0.0010959271301936406029	-0.00071075408409778718412	0.0036135877579000445087	-0.00053286580781995317082
-2	5	-2	0.0030359993388645090985	-0.0017861944494641335095	0.00026083408062462822008	0.0010649919366291480966	-0.0023839141373029385483	0.0044486742910370040763
-2	5	-1	0.0037105268232029329188	-0.0028646816774730399051	0.0016872461567590385772	-0.0014405757411010188061	0.0010151771373893276988	-0.0014735153505590140033
-2	5	0	0.002678763337023762868	0.003464896381393726358	0.0010715053348095051472	0.0013859585525574904998	0.001374259748986588316	-0.0041647235701708518879
-2	5	1	-0.0046681938745896838297	-0.0029983770521238022229	-0.0015350948559157049332	-0.0019003703374614836375	-0.0016609134696008432102	0.0035050975830598143923
-2	5	2	0.0049642107484991005242	-0.00069806977605991332725	0.0023519765648224227536	4.089599830032524164e-07	-0.00091573066355695635979	-0.00069909217601742145755
-2	5	3	0.0017485738893705002166	0.0023096914734752733121	-0.0010364252998897871549	-0.00031690042737534757306	0.0028930914260633122138	0.0020679616946090947395
-2	5	4	0.0012177272527248838175	0.00042128562154684098904	0.000160660963188944127	-0.00018657734193273855182	0.00040803742237626177032	0.00044386448818934369108
-2	5	5	0.00052976642691942286457	0.0010866483979636131895	-0.00048265680365086409929	-1.8694244044509687663e-07	0.00069456337441863328849	0.00043484630162589040566
-2	5	6	-0.00013503828097658092714	-0.00087658338603897282149	-0.00015168250481242055955	3.7011919572575240317e-05	8.1389327018156819391e-05	-0.00032303772832347030404
-2	6	-6	1.6987329522604510597e-05	-0.00075468099938502946223	0.00051110409205861481816	-0.00037881046908927825832	0.00050544164888441324348	-0.00012725013596093511328
-2	6	-5	-7.571694577117011151e-05	0.00012535709422024305716	-0.000132153718693590541	-0.00031107417082889806184	-0.00012829768412384062086	-0.00042343184268277489707
-2	6	-4	-0.0006221310837532795365	-0.00026929704180997935444	-0.00064502087243505925544	-0.00014433673392249887356	-0.00065646576677594922333	-8.1856579978758606015e-05
-2	6	-3	0.00059008783126399122487	-0.00046642272091378301655	-0.00041204428850020769241	0.00064497214574846500456	-0.0012174804645097429042	0.0016008927721061186507
-2	6	-2	5.3579546024946695835e-05	0.00097018492991655491241	-0.00042701218325845501176	-0.00011158366022403957507	-0.0013346160958003117514	-0.001304935910588673597
-2	6	-1	0.003585173960936998902	0.0010776975863087893525	0.0011715146376552704015	0.00043813979091789854439	-0.00014126009594237585597	0.00047344357288981261554
-2	6	0	0.0019331491785963867032	4.6871933778771664408e-05	0.00064438305953212890106	1.5623977926257221469e-05	0.0027144470160784788665	-0.00029229597264262158771
-2	6	1	0.00059098628039072392728	-8.5956734337776271172e-05	0.0004766663158133117471	2.0371620266672566549e-05	-0.0016780253340984224112	-0.00029414319027558794841
-2	6	2	-0.0005219322645482584247	0.00018647496256551899466	-0.00066206050869811088402	0.00055508241172550962499	0.0014642492615460742274	-0.0014787722726110098803
-2	6	3	-0.00080563716518148719304	0.0004708627893750584343	-0.00060008625743466006974	1.6494293944548939863e-05	0.00066308107141499527185	0.0002809199383609410584
-2	6	4	-0.00010658712971943511876	0.00095534081159121203922	0.00063335701872692688405	6.0050445950459715528e-05	-0.0010033290929501079668	0.00038759473686991643276
-2	6	5	0.00077610613565211870098	-7.9331339523982594684e-05	7.1166642154320077667e-05	-0.00026404788835686853702	0.00022504248367566340888	0.00028512493021864922281
-2	6	6	-0.00065607315226102276475	-7.1083411065047069719e-05	-0.00048343689654053583231	0.0001304805895787497917	0.00026474584578686159546	-0.00015417505993376546354
-1	-6	-6	0.00014441315565886470528	-0.00016344074155536211291	2.8416922380573745455e-05	-0.00037364223404401223673	-5.2485781657051195205e-05	0.0004008823576365726205
-1	-6	-5	-0.00024175378617988889092	-0.00054043535940736825863	0.00028335509511403904077	0.00035608407503110936498	-0.00029167535690086907616	-0.00031921381815585761878
-1	-6	-4	-0.00077056480774962798474	-0.0016393543952346245271	0.0005668426134416450473	0.00077972967839909596097	-0.00065762271822506054766	-0.00075975591878998775548
-1	-6	-3	0.00051665754482830888918	-0.00068156212554926437572	0.00041902626941732191686	-0.00097904499729005662126	-0.0010102717204440801301	0.0021852773697632011871
-1	-6	-2	-0.001462193593599771203	0.0012923368394825904791	0.0004955753720151543024	-0.0005257415290763837578	-0.00075562931924557752254	0.00093105616748785614226
-1	-6	-1	0.0039077314009807861267	-0.0014991501025089402303	-8.3283602452536217571e-05	0.00052085105923906636124	-0.0034080297862655686315	-0.0016259562529254577203
-1	-6	0	-0.0031748906601960160019	-0.00026473616371034964633	0.00052914844336600266698	4.4122693951724943314e-05	-0.00015509936859372166628	0.0013541201506484252647
-1	-6	1	0.0031953040203082480782	-0.0043313840847206642667	8.4820085490772790604e-05	0.00085474040345882862108	0.003704224533252884876	0.00079705833603230702607
-1	-6	2	-0.0017318925568347851626	-0.0012297516064880432279	0.00066105877919372555904	-1.3243074659914552457e-05	0.0011172300591637842043	-0.00065460502722376528659
-1	-6	3	-3.4023204101701430677e-05	0.0019222676954291956393	8.235623393058427678e-05	-0.00057915411744171620134	0.00015337139982726807441	-0.00051755233640703385625
-1	-6	4	0.00060249024776287912839	0.00044464332551840524523	0.0003098398946418108417	-0.00020158466798415807203	0.00061538240390343601754	-0.00019121617059663579673
-1	-6	5	0.00062112048667895328451	0.00036058363133496378625	0.00031400807131302845964	-8.0906560587675524e-05	0.00050103378291142483016	-2.4971146438217876971e-05
-1	-6	6	-0.00060445802972189160637	-9.4009435448516939652e-05	-0.00037731016523681549981	6.2022183403733359181e-05	-0.00047805317019046413701	4.6353944162313864721e-05
-1	-5	-6	0.00031300384653351804622	-0.00029360179578886980156	-0.00040809355903800078463	0.00034791650380492907067	0.00028791065810941429476	-0.000240996787205962601
-1	-5	-5	0.00083348360514569124965	0.00010679709971431062122	-0.00071409850706115232232	0.00017344121358409177332	0.00054740178603201409407	-0.00019480063352695389757
-1	-5	-4	0.0010720071169283238322	-0.0019436762652827652403	6.3646387594082622845e-05	0.0023309258090557566021	-0.00034755976372468424	-0.0024277381949990043883
-1	-5	-3	0.00035922529974868801922	-0.0059796057926406456437	-0.00078783169431921422354	0.0001429189106777519749	0.0011933110572824609606	0.0017550037464172953648
-1	-5	-2	-0.0029011780725940396371	-0.00018036628194971162558	-0.00037415746016151405244	0.00072536673099099686652	0.0023859826867008047599	-0.001723233686502636218
-1	-5	-1	0.0061970764446579226087	0.00083703253107792277305	-0.0011072185680926149246	-0.00029485876987758074174	-0.00066098360419484809402	0.00063726131830998098988
-1	-5	0	-0.0014412508119509678719	-0.0066654854277326796436	0.00028825016239019356354	0.0013330970855465358853	-0.00042034274253344443457	0.0030571398868335423159
-1	-5	1	0.006470466591000395562	-0.0021733662144052178986	-0.0021078731058489772777	-0.0010196978594964032673	-0.0040688989382444895257	-0.0072718555118872346688
-1	-5	2	0.0046762709875905828297	0.0044972757938259288329	0.00147335258593107735	-0.0017923189586074980608	0.0060215169586229850066	-0.002232159499605780844
-1	-5	3	0.0020848557982048434092	0.0018291516269104339358	-8.6691244922144266097e-05	-0.0014355725916068919241	0.00055046652453137395397	-0.0017829037770413418227
-1	-5	4	-0.0017914832604245763993	0.0001501932111345801867	0.00069808296259832368445	0.00088986369886470467402	0.00042473288814176047862	0.001149877926364525774
-1	-5	5	0.0015611496608844580101	-0.0014168100889509814642	-0.00055284256337986609122	-0.00047913818480748880321	-0.00024061263120297451089	-0.00076250020259768509605
-1	-5	6	9.2872126760613332567e-05	1.8100657138655752926e-05	0.00031306775801695805673	-0.00023216714064880450787	0.00027636848614090057333	-0.00019045584101756114011
-1	-4	-6	-0.0011595773603874403365	-0.0006403929807285619908	0.00062828344513689163633	-1.9241643485104947185e-05	-0.00022559273669335436815	0.00011955992577816362767
-1	-4	-5	-2.9240558386801618069e-05	0.00013141224313862722773	0.0013932704562289335935	-0.00030922390459901349762	-0.0011087682533057864956	0.00022109667505148533086
-1	-4	-4	8.1548287331222250158e-05	0.0057194575093545340846	-0.0035491008601593711583	-0.00012852577667889333911	0.0035287137883265656466	-0.0013013386006597402363
-1	-4	-3	0.00093301777142832840409	-0.0022654332675370657084	0.002433401832193014553	0.0045331755076246467093	-0.0035555417000667955026	-0.0052890895876538408099
-1	-4	-2	-0.0041135554797591565232	-0.010313424039743473992	0.0052217455929514204616	-0.00089745159791026292342	-0.0083867134460232622278	0.0069516152156922630598
-1	-4	-1	-0.0036362019712332690861	-0.012346396814873329337	0.0024795431646985016498	0.0027544685469552340762	-0.0062819706875607370794	0.001328522627052394333
-1	-4	0	0.012484212434140898318	-0.011694329147658071369	-0.0031210531085352245795	0.0029235822869145178422	0.0047521210464235999829	-0.0033700966870387812774
-1	-4	1	-0.017926272101636369499	0.0029543856623707844336	0.005116928353591350398	0.0021764168746621955636	0.0025414413127290320926	0.011660053161019567555
-1	-4	2	0.0012124293053463613707	0.005008301169564680598	0.0024605653722712477437	-0.0020919640680425741555	0.0055273453972156764979	-0.0016797775513028084457
-1	-4	3	0.0040199410475789043237	0.0020057317588644285079	-0.0010816576205291070223	-0.00048850228234298409546	-0.00010222981151250793536	1.7240876497497409239e-05
-1	-4	4	-0.0036356860915001090913	0.0025716711736966718291	-0.0011845384987487436474	0.0001898827994523989975	-0.0020934600216237710286	0.00083280059287656692767
-1	-4	5	-0.0010297558741885390853	0.00031565631355988057636	-0.0014215474457818157595	-0.00015197213973240023942	-0.0013431891314631605114	-5.8446449073944083043e-05
-1	-4	6	0.0010653304724287614418	-0.00042424223471620504423	-0.00021616466030804874364	0.00044805295591645986518	3.3445305199427730991e-05	0.00022799493149160574511
-1	-3	-6	-0.00012793608000820453231	-0.0027573778724100071746	-0.0026385372910375289729	-0.00076379963964615137702	0.001340591325520132035	0.0008414627985580769385
-1	-3	-5	-0.0014789643704656192658	-0.00091196806966299117595	6.0576560962930882436e-06	-0.0014826693876708592172	0.00029215828043534800224	0.0010719952465351137872
-1	-3	-4	-0.0025355037240497651715	-0.0085775015845614820814	-0.0053299161100022335313	0.015328339832467856654	0.0046313130135141166582	-0.0093518794782105219704
-1	-3	-3	0.0019185475120075622633	0.0077455745033942740435	0.0021503980289960091324	0.015099544671947141491	-0.0027899138663318632202	-0.017681402839745233996
-1	-3	-2	0.0097138143373832943478	0.01881954326488592677	0.0033453914323480376559	-0.0036914112445836071846	-0.0098749943172137030073	-0.0038726547655675530417
-1	-3	-1	-0.0017286409665948562764	-0.010067502324546331524	-0.0021128415669907246212	0.0088528724981895012824	0.0080671656675670288389	-0.016491115170022170588
-1	-3	0	0.037021003907360780505	0.019621115215574153751	-0.012340334635786927991	-0.0065403717385247176277	0.0183487074747574197	-0.0049838579920498532472
-1	-3	1	0.02001293371316630737	-0.00035458433681166343088	-0.0090157806290085060197	-6.4922472769964221996e-05	-0.0070344081738592124237	-0.00054935175512155611042
-1	-3	2	-0.035680362388525961592	-0.031852542590775800857	0.014694880692935227001	0.0092886315954462898153	0.0042021398451398588383	-0.0019933239022184674402
-1	-3	3	0.011466230037871701433	0.019690013909123948999	0.0027547296859229374044	-0.0031379803974887245099	0.0065768063652135045488	0.0034253575722192580559
-1	-3	4	-0.0095811776293613284267	0.0048919797502830235023	-0.0011862775593793628299	-0.001498456757057443434	-0.0032850025768748542833	9.9152369777673435595e-05
-1	-3	5	0.0060895787728082653029	0.0032434374313959585083	-0.00049871675055065522314	-0.0018699112934450498689	0.00091868570423126003511	-0.00047325928978783816546
-1	-3	6	0.0010286313031656146941	-0.00090039648142757264249	9.9591340140923540402e-05	0.0002627495495100335603	0.00022123422059806423278	-1.8691305482912001502e-05
-1	-2	-6	0.0040308731820751170574	0.0017999479905857112064	-0.00081721482036128131974	-0.0026779638081095972525	-0.00039940725689209234878	0.00059266327093891388311
-1	-2	-5	0.00089496764040968002345	0.0055287097624811308919	0.00047579551939433558597	0.00053142313379473868611	-0.00036931173583967027161	-0.0013183112060141217396
-1	-2	-4	-0.0065822705211549745186	0.0023700917470050129193	-0.0069382746574797472122	-0.0034882876742354045584	0.0051147049590286172358	0.0011516209003664490493
-1	-2	-3	-0.00086446902237416630137	-0.014201671106136235997	-0.0044664881154370698543	0.012974457531180511038	0.003265815084416102184	-0.0039157479854082617374
-1	-2	-2	0.02214318186329694918	0.0026546129622328227052	0.014396901079805795795	-0.020037199219949470425	-0.025468492011454270385	0.018709892738833059506
-1	-2	-1	0.037604644556789371124	-0.027361108948959170228	-0.012287631574010741964	0.024371449588566292815	-0.013029381408767883727	-0.021381790228173411933
-1	-2	0	0.016024114578333591846	-0.080309810774016665569	-0.0080120572891667959231	0.040154905387008332784	-0.019326982627985555413	-0.022574360349561489042
-1	-2	1	-0.009806717767203008973	-0.034028590264531810572	0.0065536880135055953014	0.013472333439817581191	0.0033006582598081820636	-0.0070839233848966464552
-1	-2	2	-0.015691266273199284964	-0.028265127599694784416	0.012058790777256090873	0.001879204361066257609	0.0042131576406564483911	-0.012253359438781134816
-1	-2	3	0.013963811747764559926	-0.017003726564767271401	0.0047422837219963046712	0.00823815597670870918	0.0078161263972523903343	-0.00017580487044995115817
-1	-2	4	-0.014720294954436349485	-0.0030889033777485508034	-0.0012861956466077816008	0.0018890390383609102776	-0.0043231715619129777381	0.00017229367474331746504
-1	-2	5	0.001199758188299116738	0.0017922641790278470274	-0.0066602711619021693484	0.0024014696847515890239	-0.0024241568271010441316	0.0013190407097062051018
-1	-2	6	0.0015536464638024178025	-5.7242067497502262252e-05	-0.0018918742467049559294	-0.0014876418653230853717	-0.00037168367160124899133	-0.00050542096635727883427
-1	-1	-6	0.0013435593372544537769	0.0002914830599490606227	-0.0012857243479677416681	-0.0010203103669652298716	-9.639164881118717545e-06	0.00012147121783602820363
-1	-1	-5	-0.0032199427303943334994	0.01468488118412554326	0.00054535606358181189495	0.00031371446501339414958	0.00053491733336250425583	-0.0029997191298277874928
-1	-1	-4	-0.0060606512497134454667	-0.00085426892247485099619	0.0022825798644006750279	-0.0054366233586281139875	0.00094451784632819250128	0.0015727230702757412188
-1	-1	-3	-0.0066510214734483222299	-0.0026559560648911524627	-0.024173304688895367459	0.013557183991148366933	0.010274775387447896563	-0.0036337426420857380123
-1	-1	-2	-0.019025061671719266376	0.014253412723534735623	-0.047282087044028718592	0.028391040850491426617	0.033153574357873992484	-0.021322226787013082855
-1	-1	-1	0.0099023887804358737275	-0.038669813441605756232	-0.043252243997181805124	0.068077460431656786066	0.033349855216745931397	-0.029407646990051029834
-1	-1	0	-0.02655948153528982919	0.016669037586974421589	0.02655948153528982919	-0.016669037586974421589	-0.11584592629953369136	-0.013237557389602487914
-1	-1	1	0.017616793864379958617	0.030757375588508575198	-0.04344463793132289503	0.0066755172552155576243	-0.025827844066942936413	0.037432892843724134557
-1	-1	2	0.017982120882262326439	0.0044725189094110438456	-0.011606460168842522296	-0.054405875609831871875	0.0031878303567099012042	-0.024966678350210411846
-1	-1	3	0.027210491942558052286	-0.0089936479598100686761	-0.0058957653068966693957	-0.0023971718084921148605	0.0071049088785537940077	-0.0037969399227673946567
-1	-1	4	0.034692680458721619763	0.00027508955028601701168	0.0022009382893773779023	-0.015441327089983098581	0.0092234046870247506089	-0.0037915593849242703109
-1	-1	5	-0.005283190678563706201	1.3842565628631406811e-05	0.0012113355339837292117	0.0032701210173723799755	-0.00081437102891599539786	0.00065679271660020225546
-1	-1	6	-0.00040343313442941695045	-0.00047078768774498050333	-0.001366816054895383676	0.0011560103954502227649	-0.0002950415315541334558	0.00011420378461754037694
-1	0	-6	-0.0012745237569514122032	-0.0029441770630050504744	-0.00084370333855494201135	-0.0017153694428269430916	0.00021242062615856868247	0.0004906961771675084124
-1	0	-5	0.0047492698060054312076	0.008659301133917831142	0.0034549237402995112978	-0.0025419923265296907357	-0.00094985396120108624152	-0.0017318602267835663151
-1	0	-4	0.0041702691224136884465	-0.0048776419097818091847	-0.033646355379451237111	0.0034438449451379099346	-0.0010425672806034221116	0.0012194104774454522962
-1	0	-3	0.014117540358665576009	0.011982855003414089046	-0.010537200740319265999	-0.0069195358356980724707	-0.0047058467862218589586	-0.003994285001138029971
-1	0	-2	-0.025442861418544078511	-0.033739954602708580045	-0.044476211690630686191	0.016189325702556101039	0.012721430709272039256	0.016869977301354290022
-1	0	-1	0.013263581768619763304	-0.00020848699686074661434	-0.019317466079010570806	-0.11832864099685888593	-0.013263581768619763304	0.00020848699686074661434
-1	0	0	0	-0	-0.09785024776669802582	-0.121527756509782911	0.15043841394896181884	0.12861382356865663779
-1	0	1	0.032571980029363865883	-0.035100758088937998591	0.022351148644182413511	0.079782776048379466793	0.032571980029363865883	-0.035100758088937998591
-1	0	2	0.003043086496070926926	-0.005617448503664556822	0.027575099266049604707	0.063372794952592514939	0.001521543248035463463	-0.002808724251832278411
-1	0	3	-0.012247469116042099951	0.014515753142159210781	-0.014834799805592997768	-0.0070396980810440478241	-0.0040824897053473663613	0.0048385843807197369271
-1	0	4	0.007741234130929889809	0.02206972335970173657	0.017534132987384820623	-0.0075343932190631741908	0.0019353085327324724522	0.0055174308399254341426
-1	0	5	-0.0013695533703616386261	-0.0013814380231773966574	-0.012525209592918064294	-0.0018601331745071898738	-0.00027391067407232772522	-0.00027628760463547933149
-1	0	6	4.2551218764367420026e-05	0.0017448221895305330176	-0.001876860686361329477	0.001263411825940985618	7.0918697940612363887e-06	0.00029080369825508885434
-1	1	-6	-0.00075856888714299832311	-0.0043965004460056163541	0.00056657264697915449107	0.00028869505122826251723	0.0002208569223536921357	0.00078086591620564645144
-1	1	-5	-0.0012009317886606263055	0.0043354097144981890502	-0.00077508236832291184642	0.0038344124146887726204	8.5169884067542897229e-05	-0.00010019945996188329952
-1	1	-4	-0.010577687508266269897	-0.0025623709513657236259	0.00045202982744279776974	-0.00033673552159975482338	0.0027574293339272669574	0.00055640885744149214641
-1	1	-3	0.0056265744904312959065	-0.028393179644850850829	-0.0079238053901134700846	-0.00012847737821145246875	-0.0045167932935149222862	0.0094215674222131329946
-1	1	-2	-0.0089393746196918533187	-0.048268241573424679192	-0.0061711660906651148034	-0.038607036251816467809	0.0013841042645133696913	0.004830602660804104824
-1	1	-1	0.0022146211811969809813	0.020938237399186033355	0.031490884391795287423	0.0089756890418194092834	0.029276263210598306441	-0.011962548357366624072
-1	1	0	0.045808504383480358468	-0.032550051513837247041	0.045808504383480358468	-0.032550051513837247041	-0.027805347693334436093	-0.10171159924019781973
-1	1	1	0.029149316185743661539	0.042843162125121979356	0.059840126846205161926	0.035913747452343776356	-0.030690810660461496917	0.0069294146727782064688
-1	1	2	0.017713416934367693517	0.0049965779815196592617	0.053723029911432122752	-0.046352184866963200283	-0.018004806488532216352	0.025674381424241429772
-1	1	3	-0.0078914161312796902992	-0.012068036746213086849	0.013750749275042007877	-0.017915906482051498216	-0.0072140551354405663478	0.0019492899119461378453
-1	1	4	-0.015651893794442154478	-0.00060329407845814925302	0.013811248230871351478	-0.018932068006405136651	-0.007365785506328376489	0.0045821934819867465513
-1	1	5	-0.0068700166883795066655	-0.0036578125047821881399	-0.010246869002452264549	-0.0017619656961886422109	0.00067537046281455144665	-0.00037916936171870918582
-1	1	6	0.0040793203473937222903	-0.00068193049177352508487	0.00037463808184266361419	0.0010063947109054218517	0.00061744704425850975224	-0.00028138753377982445329
-1	2	-6	0.00073958844900827024234	-0.0021904720192715471973	0.00017257151467880337209	0.00062939207345174424686	-6.5740903275110583025e-05	0.00057487602769583931797
-1	2	-5	0.0014451200296022430076	-0.0046490223882798102639	0.0010095229773975200171	0.0026431455646973409275	0.00011478518503855940532	0.0019870627035348982503
-1	2	-4	-0.0048209560717265668994	-0.0016833699111193924872	-0.0035004850974516932109	-0.0035270061180270343912	-0.00054500353079420477218	-0.001342660581233669128
-1	2	-3	-0.0080481477090832229809	0.00063577832639619060329	0.00028098777352893509031	-0.01073778511970434682	0.0028700410853803644956	-0.0073704495219349608001
-1	2	-2	0.003792596340027974168	-0.0080914082902840932243	0.011650826237639131874	0.01100353735300045252	0.009754528067625145224	0.015049241498142499132
-1	2	-1	-0.023857723341678162277	-0.022843723776785916646	-0.0096490407878441451783	-0.022683514559340121203	0.0045596417659898693178	-0.022523305341894329229
-1	2	0	0.027558366370667806283	0.034563068345366536327	0.013779183185333903142	0.017281534172683268163	-0.0030306571509270421004	-0.019905595412209545897
-1	2	1	-0.030958160240030448834	0.020274380730146101398	-0.018695636308704969425	0.0027713707752919868564	0.0064331123773794900156	0.014731639179562126818
-1	2	2	-0.020356972663646076549	0.018747061582365741328	0.028994459163052956757	-0.0020263546792852154925	-0.039172945494875995032	0.01139988547046808659
-1	2	3	0.0055373749760769001502	-0.0064460708477732005239	0.0043269269208434987112	0.0070772674499913644161	-0.001038826288536699163	-0.0068668685825853097854
-1	2	4	-0.0031140442980927443388	0.0030654105506652878574	-0.0059816706976205469629	-0.005678773572834947686	0.0022123242742870872883	0.0036057394240837960242
-1	2	5	-0.0034407924798414779924	-0.0010068322354297807447	0.0029743623866280754012	-0.0069918860726322935167	-0.0018779034506195258457	0.002595387981966961518
-1	2	6	-0.00039125523457809026307	-0.00017788966239093043998	-0.00046430143241795975495	-0.00061418760443959622732	8.9557938376304878987e-05	0.00017508092441471034481
-1	3	-6	-0.0018119953200408950994	-0.00062076254365676420983	-0.0021676434798427362052	-0.00012629041015583446564	-0.000781822519914552325	4.0315218864876799893e-05
-1	3	-5	-9.5792138594276158756e-05	0.00050862555077710422564	0.0026431456772798033773	0.0019030216403497948567	0.0016050458340867372175	0.0010400878740544560689
-1	3	-4	0.0083074909094964424078	0.0022344171823506075308	-0.0057709405301951894121	0.0079281027910348966792	-0.0064050781250205024442	0.0053874727976885210604
-1	3	-3	0.0051743749781506072002	-0.010228808838244099824	0.002442328710814064413	-0.0019690974664642066187	0.00071753705143052875191	0.0014405054796171601339
-1	3	-2	0.016042189261871234868	-0.015187047494710458756	0.005701726177248946266	0.0034083859246000860511	0.00053149463493780098929	0.012706102634255358672
-1	3	-1	-0.0023587868721986378351	-0.011426018771034551769	0.0018419735411130684199	-0.0060265788444508134117	0.0078847074955378428779	-0.0066537177623178884664
-1	3	0	-0.008946575165508546118	-0.0065026500501458462528	-0.0029821917218361818948	-0.0021675500167152822288	0.015268910515007665107	-0.017425871857142567756
-1	3	1	-0.011297502619506375951	0.00093132929584183990392	-0.0043690043496142109622	0.0016233531890456295334	0.0018095104293362562851	-0.0039387302712950485878
-1	3	2	-0.015529969499306107983	0.00032214143841513288294	-0.002069998226944386871	-0.0084373450481666223411	-0.0046599874092364736849	0.012817088291457499546
-1	3	3	0.00091108500408524934616	0.0089692488520248959266	0.0023900820980185884419	-0.0083622753911608907473	-0.0020863870966568386599	0.011352025008502523301
-1	3	4	-0.0015442681857558246839	-0.00057146233647307489133	0.00028266766757401137929	0.00064480756281565720575	-0.00059806779711946470544	-0.00062647125623001157294
-1	3	5	0.001949573643911104142	-0.0025338285309991163269	-0.002571488710925128908	-0.0019732691303236218373	0.0019328079553372983466	0.00067719577199434985871
-1	3	6	-0.0002875935237830680208	-0.0010415064967875834953	3.9555885603052463265e-05	-6.3881767385670301467e-05	-6.7710196765370910801e-05	-0.00014164353243842876741
-1	4	-6	-0.00056951933538509230421	-0.00082884604152032195605	0.00016512423728442144092	-0.00055633810428194708977	0.00020500271408712967798	-0.0002327510626012443734
-1	4	-5	-0.0012175016286540183384	0.0011298513598869085444	0.00016632203801060724616	0.0020371396014390095834	0.00037655795613928945377	0.0014037414091738261313
-1	4	-4	-0.0012765633812561935894	0.0020606928580756403088	-0.00032051219254734700063	0.0046296704598951252466	-1.3713472332986464819e-06	0.0041144972453762149525
-1	4	-3	0.00013880473437211806958	-0.0044277810135076086512	-0.0030057547252690616259	-0.0011334364958477765022	-0.0040539412118161212081	-3.5321656627832344159e-05
-1	4	-2	-0.0024919294074739074124	0.00050959918782213123149	-0.006905925832407721135	-0.0024053563533953082297	-0.012565886961078489431	-0.0050655123007016826173
-1	4	-1	0.005928994902698330946	0.0012421001715887049384	-0.0014719609055317437948	0.00093574440869645186206	-0.011816838524825306125	0.0025008774631971025099
-1	4	0	0.0099625389712060079261	-0.0024266014904301470324	0.0024906347428015019815	-0.00060665037260753675811	-0.010984968655172157315	0.0070685849876184255608
-1	4	1	0.016651603121183369827	0.0061973369114752237599	0.0023874349869132368077	-0.00078704577170999982794	0.0071018631735304234634	0.009345519998315223939
-1	4	2	0.0011796001336430313698	0.00083213941559675348638	0.0015460066780362104535	0.00068188295766733895888	-0.0025022132892509050053	-0.00094769620753630122879
-1	4	3	0.0027762859761333784185	-0.002282503174611616361	-0.0046497483613159645496	0.00077274364851220541436	0.0071250931404657448162	-0.0017911592562201460784
-1	4	4	0.00213861471355826201	0.00062339784342662230704	0.003644040789772758776	-0.00059328421694030406604	-0.0031093871113831929483	0.0007491336777969596428
-1	4	5	0.0017984941901387635488	-0.0022727258696400762759	0.00038653253725017021943	0.0011579556804343670625	5.0472808227616561315e-05	-0.0013809097182755089919
-1	4	6	-0.00029731434390835586061	-0.00066739676299113533803	-0.0018937144208695227271	-0.00073043695362125682802	0.0012129238899282891295	0.00037572517524898197761
-1	5	-6	0.00033787350533996869141	-4.6630135397261252613e-05	0.00055843084339568234507	-0.00070955477764182630241	0.00040904678527307387513	-0.00058352395880197831333
-1	5	-5	-0.0001835559695364001793	0.00012746445106931304325	-0.00022854287415231399217	-0.00010744162792455835462	-0.00019183168024503396715	-0.00013293451813842097411
-1	5	-4	0.0012960045717695664949	0.0021020931328351003149	0.0010511940697426331963	-0.0003152410374963611722	0.00098999144423589998006	-0.00091957458007922655754
-1	5	-3	-0.0039688731497815547128	-0.0004522406446901112119	-0.0023490681851605346372	0.00036701377771295264942	-0.0025921559253403725354	0.00076243651108495822527
-1	5	-2	-0.0061639841035283048087	-0.0014593027998411043679	-0.00065491604262918855228	0.0012878808081081181101	0.0014447019451911808068	0.0039493534201908474593
-1	5	-1	0.002168919812300836459	0.0081768083367047151439	-0.00086374008345033116609	0.0022163903260966123267	-0.0064876202295524928315	0.0029051432937783460558
-1	5	0	0.0012853702402243476644	0.0023371271298083854361	0.00025707404804486955457	0.0004674254259616771089	0.00037329252991790735526	0.0018618606824991582212
-1	5	1	0.0076104137897546704147	0.0017165041814614138103	0.0012440998545781990336	0.00065548111408569257469	0.0013899145168636743795	-0.0015609013889670490631
-1	5	2	-0.0037234853744188157326	-0.001161951435149266923	-0.00044953198104452483539	0.00027805993493042787789	-0.00073791273459809575072	-0.0012761255549007032104
-1	5	3	0.0030395762353392875507	-0.00076796991169269103288	-0.0012046662894183788727	-0.0014146192119682727845	0.0030209692274770607104	0.0021017087160495576299
-1	5	4	-0.00089967631742632542865	0.00043169279986767801873	0.00056034803524362161546	-0.00095781823218180344327	-0.0009253541234111084578	0.0013051959901941737139
-1	5	5	0.00051912661288340750717	0.0021041102239965558604	0.00086478222074059401831	-7.6877144880912147494e-05	-0.00076095689816391251688	0.00049769918968022334397
-1	5	6	0.00062522998045082614493	0.00020733169701296890537	-0.00014631412288905256704	0.00010219049263798397746	0.00022613343248268150121	-5.0603461029491828059e-05
-1	6	-6	0.00022808154267192170921	-4.7162041054265801628e-05	-0.00028869372167834232538	-2.2516936298798013983e-05	-0.00032670731212366261025	-1.4656596123087047045e-05
-1	6	-5	-0.00029936499111654212447	-0.00067633063828931902061	-0.00027228865425531152732	-0.0002072020471377570758	-0.00026687338688306545126	-0.00011337632890744470311
-1	6	-4	0.00062803682187359489899	-0.00010028323827437642774	4.4175509766157721803e-05	0.00025979543951967185326	-9.0745940819162131878e-05	0.00041476396884810191054
-1	6	-3	1.7846974168471203446e-05	-0.00036991271501028970964	0.00066981081662507047526	-0.00096105368448298083596	0.0013336726418606505064	-0.0017988031306291985077
-1	6	-2	0.0008559897630431199337	-0.002464306967502500733	-0.00023194021489263792345	-0.00022416744629773552701	-0.0011238155261994737643	0.00055965114485804373125
-1	6	-1	-0.0017763701059930910291	-0.001384024130196925698	-0.00044854699810169371306	-0.00033134515131084816197	-0.00091491188261707135764	-0.00060404677766816327385
-1	6	0	-8.1014160238383861904e-05	0.00090854717989929066873	-1.350236003973064478e-05	0.00015142452998321510242	0.0012269354047012162937	0.0021768720706147053241
-1	6	1	0.0036698069992029632748	-0.0017155971162192116836	0.00018674247110867748189	-0.00044688085927981215746	0.0025493521725508984377	0.00096568803945966104427
-1	6	2	0.00067126650844048047981	-5.2755609681683772493e-05	-0.00012026312823336860922	4.922126821292184491e-05	0.00069642263892034602692	-0.00017404160947960740403
-1	6	3	-0.0010876504044315202929	0.00057809190813001810286	-0.00020627097860438908111	0.00042214770727101730155	4.9991822398271359518e-05	-0.00065159811183202853268
-1	6	4	-3.2431446536125514485e-05	5.1093819019552841397e-05	-0.00060399927700616293669	0.00064802345393299239009	0.00089789105387521304675	-0.00095926172614460027653
-1	6	5	-0.0004545161831406966421	0.00049161868083073270112	2.9868247508591285464e-05	0.00047922369381080397741	-0.00012674513363844887911	-0.00047674469640681825435
-1	6	6	-0.00045859594357037966302	0.0002614006218597519633	0.00022805189562644044544	-7.7211439807387977503e-06	-0.00030448455288817040734	5.1287914290697457736e-05
0	-6	-6	0.00025535814534185656858	0.00012734628988448807403	-0.00018302249250415133651	6.0190669232892692845e-05	0.00018302249250415133651	-6.0190669232892692845e-05
0	-6	-5	0.00043940876253660424502	-0.00020688448001247874649	-0.00032873786265020935645	0.00017015862212414617776	0.00039448543518025123858	-0.00020419034654897539704
0	-6	-4	-0.001175112723179722778	-0.00058223920412594880325	-0.00057028775831139083639	-0.00042226182648616732065	0.00085543163746708630879	0.00063339273972925103518
0	-6	-3	0.00074313473203037447214	0.0006907153245613836855	0.00017223459496199514844	0.00040622845869364276189	-0.00034446918992399029689	-0.00081245691738728552378
0	-6	-2	0.0036120387385577767091	-0.00058782039795997255861	-0.00024013934574447701989	0.00080812151674917271846	0.00072041803723343108678	-0.0024243645502475181554
0	-6	-1	-0.00022460341139263702878	-0.001192558794586433572	-6.4205758200547497806e-05	8.2658633852933390928e-05	0.00038523454920328498684	-0.00049595180311760042689
0	-6	0	-0.00029120969845604718646	0.0021396445847413811912	0	-0	-0.0012171946447076579211	0.0029592474455695794155
0	-6	1	0.0011268610659550884479	0.0020006967687061878378	0.00038478894355352562511	0.00014205946008988788992	0.0023087336613211539675	0.00085235676053932733949
0	-6	2	0.0017677861180870201203	-0.0010301055297039767716	0.00087257907525090984153	0.00022443878931349499806	0.0026177372257527291993	0.00067331636794048502128
0	-6	3	0.0001827541935027109034	-0.00042910989412545634666	-0.0012311220828509774564	-0.00028212331875703249712	-0.0024622441657019549129	-0.00056424663751406499423
0	-6	4	0.00021325774381003798422	0.00089641363366626408433	-0.00029603582642525444989	-0.00032145755318095523478	-0.00044405373963788167483	-0.00048218632977143287928
0	-6	5	4.123638668745957563e-05	0.00057951964879165540189	0.00039346217698794710635	1.7779963082751332345e-05	0.00047215461238553650593	2.1335955699301599491e-05
0	-6	6	0.00053747468490312816022	0.00051842878438241408665	0.00042599869333294105049	0.00038406663589145788968	0.00042599869333294105049	0.00038406663589145788968
0	-5	-6	-0.00017151858533785978604	-0.00088014788043436556486	0.00014116953062493165167	7.7523408659227452714e-05	-0.00011764127552077638091	-6.4602840549356208336e-05
0	-5	-5	-0.0011591160513579272084	0.00052022114195753076452	-0.00052660366480352836186	0.001697520234410392027	0.00052660366480352836186	-0.001697520234410392027
0	-5	-4	-6.4930497766668571614e-05	0.0015117876729162716461	0.0013101173640651527733	0.00064238701286441202403	-0.0016376467050814411293	-0.00080298376608051505714
0	-5	-3	-0.00082457169475818291315	0.0035887449251804075939	0.00056518284827895327611	0.00096079977127502922286	-0.00094197141379825542404	-0.0016013329521250487409
0	-5	-2	0.0068426239865270813145	-0.0020509425382552793661	0.00035485359251127769793	-0.0013436463592585031444	-0.00088713398127819424483	0.0033591158981462576442
0	-5	-1	0.00049698297501780052624	-0.002254885653410992289	0.00057336071189339934528	0.00024367025081952704336	-0.0028668035594669968348	-0.0012183512540976351897
0	-5	0	-0.0070453159373112779831	-0.0047993556508216517198	-1.432065128047354479e-42	-0	0.0014217762349396695278	-0.0014758933364422939863
0	-5	1	-0.0080529177544344833495	0.007914085035742316615	-8.6675216904876783443e-05	-0.0010523582302399206445	-0.00043337608452438393077	-0.0052617911511996032226
0	-5	2	-0.00048379132489629906319	0.0046283272949978748745	0.00078567388787128926431	-0.00095033449476337788966	0.0019641847196782231608	-0.0023758362369084447784
0	-5	3	0.0041669075465356423399	0.0026965168087289726091	0.00029593049058117498838	0.00046981945928087668566	0.00049321748430195824168	0.00078303243213479454838
0	-5	4	0.00073154293766134902057	-0.00099363309328437290739	0.000859034514373343671	0.000128586154891861793	0.0010737931429666796972	0.00016073269361482724125
0	-5	5	0.0007182292629717885752	-0.00046048880598027058797	0.00024462673697363891993	-3.1151106205857698951e-06	0.00024462673697363891993	-3.1151106205857698951e-06
0	-5	6	-0.00012370267834136273837	-8.3414908781525264059e-05	5.1195411325681536882e-05	4.1742527208231487487e-06	4.2662842771401282994e-05	3.4785439340192904827e-06
0	-4	-6	0.0024392332337832569288	2.1682626375528519125e-05	0.00025444467328946518804	-0.0014617061842156641067	-0.0001696297821929768101	0.0009744707894771094045
0	-4	-5	0.00037641996626864367322	-0.0021462721876431846944	0.0011557853716235161334	-0.0017054538676708834964	-0.00092462829729881288506	0.0013643630941367068405
0	-4	-4	-0.0031213536582042765606	-0.0024143519205113064124	4.3487425986427432918e-05	0.0031560699130411822184	-4.3487425986427432918e-05	-0.0031560699130411822184
0	-4	-3	0.00020534285469879501513	-0.00047879327182290113731	9.4298749019599705065e-05	0.00060941579335207379277	-0.00012573166535946627342	-0.00081255439113609839036
0	-4	-2	-0.0020611975684883170404	-0.0037064786337200426175	0.0053820184374289807561	0.0014148861611711139631	-0.010764036874857961512	-0.0028297723223422279262
0	-4	-1	-0.0021379147416422088906	0.0015369361635855377252	0.0024071912390180526774	0.0041354394666131581368	-0.0096287649560722107095	-0.016541757866452632547
0	-4	0	-0.0069643165471622503135	-0.0027341810003221281994	0	-0	0.0032434799320762972875	0.0022706468280919056731
0	-4	1	0.0037646444809890751079	-0.0057595496480643011	-0.0010761909331641224524	0.00052680190735461312947	-0.0043047637326564898094	0.0021072076294184525179
0	-4	2	0.0088878557301793129075	0.0071940653943253782612	0.0024471365723323047422	-0.0032408106901464961598	0.0048942731446646094845	-0.0064816213802929923196
0	-4	3	-0.000132020239178327046	-4.617323993381693473e-05	0.0011019991316753156071	-0.0030951729905188897669	0.0014693321755670874038	-0.0041268973206918533117
0	-4	4	-0.00079996271276988736507	0.0042747296677078843244	0.00046114674029903605446	0.0010499427918862391969	0.00046114674029903605446	0.0010499427918862391969
0	-4	5	0.0014445369201384508466	-0.0019585823251669102693	-0.00030656795944188200203	0.00033532887412372731168	-0.0002452543675535055691	0.00026826309929898182766
0	-4	6	-0.00013908160568279535983	-0.0014702754192527491082	-0.00032429645875549020654	-0.00012011035060882113733	-0.00021619763917032680436	-8.0073567072547424889e-05
0	-3	-6	0.0016990659293616161302	0.00085999946266223053874	-0.00045692046253796673181	-0.00083070142187140661068	0.0002284602312689833659	0.00041535071093570330534
0	-3	-5	-0.003681707005734532849	-0.0019628345132775451391	-0.00027154359010450422737	0.0011812814923376287364	0.00016292615406270254184	-0.00070876889540257719848
0	-3	-4	0.0021791045045198242057	-0.0023910221585265486847	0.0011752458175118625679	0.002696064837535894123	-0.00088143436313389681748	-0.0020220486281519209175
0	-3	-3	-0.008379378197522529409	-0.020674541075580119692	-0.0050625775218450380644	-0.0080178777977654627079	0.0050625775218450380644	0.0080178777977654627079
0	-3	-2	0.0026671223673933133237	-0.013659314182877219102	0.012442928929043146902	0.0087379506392910519241	-0.018664393393564720353	-0.013106925958936577886
0	-3	-1	0.02008171931827338122	0.024180197730985331789	-0.0058123653480749723835	0.0044642442428844460872	0.017437096044224918018	-0.013392732728653336527
0	-3	0	-0.01881327981659887752	-0.031502131495547543161	0	1.432065128047354479e-42	0.048344624958404934512	-0.016109352172188659558
0	-3	1	-0.0041909652635165580217	0.025901165724507933114	0.0033726642204607230717	3.4199736269986753443e-05	0.010117992661382170516	0.00010259920880996026033
0	-3	2	0.024092800511885156811	0.02104258584612746924	-0.0029754695058095484428	0.003611314128765942804	-0.0044632042587143226642	0.0054169711931489139892
0	-3	3	0.012301690865739534422	-0.016253939434419766019	-0.0041709439424112712894	-0.0049168395066405577373	-0.0041709439424112712894	-0.0049168395066405577373
0	-3	4	-0.0027257718375006062886	0.00013358883850306810855	0.0015596588463359960849	-0.0020928488592200792176	0.0011697441347519972263	-0.0015696366444150591964
0	-3	5	0.0003822204914143178308	-0.00097685517208402541239	-0.0010967838370694509096	0.0031137332834953340178	-0.00065807030224167056744	0.001868239970097200324
0	-3	6	0.0044250421672970396275	-0.0025466392152542088358	0.00040462240900306306948	0.00027517212348934902335	0.00020231120450153153474	0.00013758606174467451167
0	-2	-6	3.6703293720970354009e-05	0.0011879821419340950896	-0.00046741088972691163805	0.00085288053586107933843	0.00015580362990897053698	-0.00028429351195369311281
0	-2	-5	-0.0019072319912424118369	0.004420862100952392508	-0.0040417669216181555114	0.0079467432556010585837	0.0016167067686472620311	-0.0031786973022404235202
0	-2	-4	-0.0017620532305694588948	0.0036737726520399555108	0.0059085626294824705046	-0.00040017521577024326232	-0.0029542813147412352523	0.00020008760788512163116
0	-2	-3	-0.013273054579699815336	0.003731203411904539767	0.0090458477758500899918	-0.010863009345920427579	-0.0060305651839000591272	0.0072420062306136189639
0	-2	-2	0.00023999164016172161939	-0.010289077406732568404	0.019208831777951837494	-0.0069138495565674151083	-0.019208831777951837494	0.0069138495565674151083
0	-2	-1	0.045168772184210996545	0.016532199662736203616	0.023333161898225148606	0.0022402254616541474042	-0.046666323796450297212	-0.0044804509233082948083
0	-2	0	0.040086431259273275218	0.01794197847490486275	0	-0	0.0074092712184934310729	-0.028600401656650578652
0	-2	1	0.048560453138075901358	-0.003500716121545608718	-0.008461349282392860785	0.015869284811465503293	-0.01692269856478572157	0.031738569622931006586
0	-2	2	0.013896060958339017527	0.023913673809046506746	-0.051525662831379069606	-0.0049780112436531550116	-0.051525662831379069606	-0.0049780112436531550116
0	-2	3	0.021860719825020646229	-0.0058086756410359405983	-0.011314488857460492516	-0.012389665228033109115	-0.0075429925716403289221	-0.0082597768186887399883
0	-2	4	0.01163869546018829991	0.010192050799434070399	-0.0076453150602422345616	-0.010762257755942755341	-0.0038226575301211172808	-0.0053811288779713776706
0	-2	5	-0.00023126114742028541825	-0.0011345521615014947294	-0.0058593961572287215842	0.0032067054519783915779	-0.0023437584628914886337	0.0012826821807913565444
0	-2	6	-0.0038431099107552996706	-0.0018195177758267189368	-0.0008136888122433180888	-0.002429204617080747957	-0.00027122960408110604767	-0.00080973487236024935514
0	-1	-6	-5.7710438406835555178e-05	0.00067207739712788687296	-0.0018914744482798964698	-0.0018938027303842003713	0.00031524574137998276303	0.00031563378839736671048
0	-1	-5	0.00012402860070845139143	-0.00033419500269422577768	-0.0011648947973385624481	-0.0098389016540705465791	0.00023297895946771250589	0.0019677803308141093158
0	-1	-4	0.0023709826097749221729	-0.001035083788058385702	0.0065478751831986132734	0.02226836162312907999	-0.0016369687957996533183	-0.0055670904057822699976
0	-1	-3	0.012902979805107203312	-0.0038303701198842982772	-0.0051658731682469854335	-0.0063656183557893597502	0.0017219577227489952891	0.0021218727852631200613
0	-1	-2	-0.019318319892790151299	0.021731579631669415559	-0.050678549212863494011	-0.0012523806498896678917	0.025339274606431747006	0.00062619032494483394587
0	-1	-1	-0.048569823296892786213	0.025818619485243509554	-0.033620593961901916458	-0.0101336115088120262	0.033620593961901916458	0.0101336115088120262
0	-1	0	-0.010753859231179694472	0.19415868684937487298	0	-0	-0.1563229429393910852	0.041504438932563378351
0	-1	1	0.015490822206725627513	-0.13755235151383973791	-0.0044974676706344435956	-0.00201253777463499808	-0.0044974676706344435956	-0.00201253777463499808
0	-1	2	0.039359027053332780455	-0.02806978421095366813	0.038996034300647387794	0.0019553746018436363001	0.019498017150323693897	0.00097768730092181815004
0	-1	3	0.0025283344676073371028	-0.015138011865532527422	-0.0036030860486730908673	-0.021614260082347489661	-0.0012010286828910302168	-0.0072047533607824971319
0	-1	4	-0.017416365474042461159	0.011945277258402442477	-0.0021354044810206734145	-0.013014173242332765373	-0.00053385112025516835363	-0.0032535433105831913433
0	-1	5	0.0087867717582375860774	-0.0029705748890341320337	-0.0041043172304812804499	-0.0048489874086481169965	-0.00082086344609625598156	-0.00096979748172962342099
0	-1	6	-0.00021599631974233667584	-0.0016899389404059148023	-0.00066577139416708472006	0.00016761976299840283073	-0.00011096189902784745786	2.7936627166400472918e-05
0	0	-6	-0.00117761400466034373	0.0023965291053155827507	0.0027314701680699370392	0.0028825990550456121776	0	-0
0	0	-5	-0.001141785589024120473	-0.0029587617543281492793	0.0032934905067956983353	-0.0010378889770267130544	0	-0
0	0	-4	-0.0082627189047959435225	0.011938068417784896552	0.0089146308873803495332	0.0011306871451859088797	0	-0
0	0	-3	0.021118893428268149803	0.027482461343162033207	0.012985333279454331148	-0.0092070763298446531286	3.5801628201183861976e-43	-0
0	0	-2	-0.0091163609116666852877	-0.0042778029056656030962	0.068947225934961248184	-0.042835303533909005469	0	-0
0	0	-1	0.066866359072826203613	-0.062302037513829081061	0.029699472256048457808	-0.047127667687033886201	0	-0
0	0	1	0.066866359072826203613	0.062302037513829081061	0.029699472256048457808	0.047127667687033886201	0	0
0	0	2	-0.0091163609116666852877	0.0042778029056656030962	0.068947225934961248184	0.042835303533909005469	0	0
0	0	3	0.021118893428268149803	-0.027482461343162033207	0.012985333279454331148	0.0092070763298446531286	3.5801628201183861976e-43	0
0	0	4	-0.0082627189047959435225	-0.011938068417784896552	0.0089146308873803495332	-0.0011306871451859088797	0	0
0	0	5	-0.001141785589024120473	0.0029587617543281492793	0.0032934905067956983353	0.0010378889770267130544	0	0
0	0	6	-0.00117761400466034373	-0.0023965291053155827507	0.0027314701680699370392	-0.0028825990550456121776	0	0
0	1	-6	-0.00021599631974233667584	0.0016899389404059148023	-0.00066577139416708472006	-0.00016761976299840283073	-0.00011096189902784745786	-2.7936627166400472918e-05
0	1	-5	0.0087867717582375860774	0.0029705748890341320337	-0.0041043172304812804499	0.0048489874086481169965	-0.00082086344609625598156	0.00096979748172962342099
0	1	-4	-0.017416365474042461159	-0.011945277258402442477	-0.0021354044810206734145	0.013014173242332765373	-0.00053385112025516835363	0.0032535433105831913433
0	1	-3	0.0025283344676073371028	0.015138011865532527422	-0.0036030860486730908673	0.021614260082347489661	-0.0012010286828910302168	0.0072047533607824971319
0	1	-2	0.039359027053332780455	0.02806978421095366813	0.038996034300647387794	-0.0019553746018436363001	0.019498017150323693897	-0.00097768730092181815004
0	1	-1	0.015490822206725627513	0.13755235151383973791	-0.0044974676706344435956	0.00201253777463499808	-0.0044974676706344435956	0.00201253777463499808
0	1	0	-0.010753859231179694472	-0.19415868684937487298	0	0	-0.1563229429393910852	-0.041504438932563378351
0	1	1	-0.048569823296892786213	-0.025818619485243509554	-0.033620593961901916458	0.0101336115088120262	0.033620593961901916458	-0.0101336115088120262
0	1	2	-0.019318319892790151299	-0.021731579631669415559	-0.050678549212863494011	0.0012523806498896678917	0.025339274606431747006	-0.00062619032494483394587
0	1	3	0.012902979805107203312	0.0038303701198842982772	-0.0051658731682469854335	0.0063656183557893597502	0.0017219577227489952891	-0.0021218727852631200613
0	1	4	0.0023709826097749221729	0.001035083788058385702	0.0065478751831986132734	-0.02226836162312907999	-0.0016369687957996533183	0.0055670904057822699976
0	1	5	0.00012402860070845139143	0.00033419500269422577768	-0.0011648947973385624481	0.0098389016540705465791	0.00023297895946771250589	-0.0019677803308141093158
0	1	6	-5.7710438406835555178e-05	-0.00067207739712788687296	-0.0018914744482798964698	0.0018938027303842003713	0.00031524574137998276303	-0.00031563378839736671048
0	2	-6	-0.0038431099107552996706	0.0018195177758267189368	-0.0008136888122433180888	0.002429204617080747957	-0.00027122960408110604767	0.00080973487236024935514
0	2	-5	-0.00023126114742028541825	0.0011345521615014947294	-0.0058593961572287215842	-0.0032067054519783915779	-0.0023437584628914886337	-0.0012826821807913565444
0	2	-4	0.01163869546018829991	-0.010192050799434070399	-0.0076453150602422345616	0.010762257755942755341	-0.0038226575301211172808	0.0053811288779713776706
0	2	-3	0.021860719825020646229	0.0058086756410359405983	-0.011314488857460492516	0.012389665228033109115	-0.0075429925716403289221	0.0082597768186887399883
0	2	-2	0.013896060958339017527	-0.023913673809046506746	-0.051525662831379069606	0.0049780112436531550116	-0.051525662831379069606	0.0049780112436531550116
0	2	-1	0.048560453138075901358	0.003500716121545608718	-0.008461349282392860785	-0.015869284811465503293	-0.01692269856478572157	-0.031738569622931006586
0	2	0	0.040086431259273275218	-0.01794197847490486275	0	0	0.0074092712184934310729	0.028600401656650578652
0	2	1	0.045168772184210996545	-0.016532199662736203616	0.023333161898225148606	-0.0022402254616541474042	-0.046666323796450297212	0.0044804509233082948083
0	2	2	0.00023999164016172161939	0.010289077406732568404	0.019208831777951837494	0.0069138495565674151083	-0.019208831777951837494	-0.0069138495565674151083
0	2	3	-0.013273054579699815336	-0.003731203411904539767	0.0090458477758500899918	0.010863009345920427579	-0.0060305651839000591272	-0.0072420062306136189639
0	2	4	-0.0017620532305694588948	-0.0036737726520399555108	0.0059085626294824705046	0.00040017521577024326232	-0.0029542813147412352523	-0.00020008760788512163116
0	2	5	-0.0019072319912424118369	-0.004420862100952392508	-0.0040417669216181555114	-0.0079467432556010585837	0.0016167067686472620311	0.0031786973022404235202
0	2	6	3.6703293720970354009e-05	-0.0011879821419340950896	-0.00046741088972691163805	-0.00085288053586107933843	0.00015580362990897053698	0.00028429351195369311281
0	3	-6	0.0044250421672970396275	0.0025466392152542088358	0.00040462240900306306948	-0.00027517212348934902335	0.00020231120450153153474	-0.00013758606174467451167
0	3	-5	0.0003822204914143178308	0.00097685517208402541239	-0.0010967838370694509096	-0.0031137332834953340178	-0.00065807030224167056744	-0.001868239970097200324
0	3	-4	-0.0027257718375006062886	-0.00013358883850306810855	0.0015596588463359960849	0.0020928488592200792176	0.0011697441347519972263	0.0015696366444150591964
0	3	-3	0.012301690865739534422	0.016253939434419766019	-0.0041709439424112712894	0.0049168395066405577373	-0.0041709439424112712894	0.0049168395066405577373
0	3	-2	0.024092800511885156811	-0.02104258584612746924	-0.0029754695058095484428	-0.003611314128765942804	-0.0044632042587143226642	-0.0054169711931489139892
0	3	-1	-0.0041909652635165580217	-0.025901165724507933114	0.0033726642204607230717	-3.4199736269986753443e-05	0.010117992661382170516	-0.00010259920880996026033
0	3	0	-0.01881327981659887752	0.031502131495547543161	0	-1.432065128047354479e-42	0.048344624958404934512	0.016109352172188659558
0	3	1	0.02008171931827338122	-0.024180197730985331789	-0.0058123653480749723835	-0.0044642442428844460872	0.017437096044224918018	0.013392732728653336527
0	3	2	0.0026671223673933133237	0.013659314182877219102	0.012442928929043146902	-0.0087379506392910519241	-0.018664393393564720353	0.013106925958936577886
0	3	3	-0.008379378197522529409	0.020674541075580119692	-0.0050625775218450380644	0.0080178777977654627079	0.0050625775218450380644	-0.0080178777977654627079
0	3	4	0.0021791045045198242057	0.0023910221585265486847	0.0011752458175118625679	-0.002696064837535894123	-0.00088143436313389681748	0.0020220486281519209175
0	3	5	-0.003681707005734532849	0.0019628345132775451391	-0.00027154359010450422737	-0.0011812814923376287364	0.00016292615406270254184	0.00070876889540257719848
0	3	6	0.0016990659293616161302	-0.00085999946266223053874	-0.00045692046253796673181	0.00083070142187140661068	0.0002284602312689833659	-0.00041535071093570330534
0	4	-6	-0.00013908160568279535983	0.0014702754192527491082	-0.00032429645875549020654	0.00012011035060882113733	-0.00021619763917032680436	8.0073567072547424889e-05
0	4	-5	0.0014445369201384508466	0.0019585823251669102693	-0.00030656795944188200203	-0.00033532887412372731168	-0.0002452543675535055691	-0.00026826309929898182766
0	4	-4	-0.00079996271276988736507	-0.0042747296677078843244	0.00046114674029903605446	-0.0010499427918862391969	0.00046114674029903605446	-0.0010499427918862391969
0	4	-3	-0.000132020239178327046	4.617323993381693473e-05	0.0011019991316753156071	0.0030951729905188897669	0.0014693321755670874038	0.0041268973206918533117
0	4	-2	0.0088878557301793129075	-0.0071940653943253782612	0.0024471365723323047422	0.0032408106901464961598	0.0048942731446646094845	0.0064816213802929923196
0	4	-1	0.0037646444809890751079	0.0057595496480643011	-0.0010761909331641224524	-0.00052680190735461312947	-0.0043047637326564898094	-0.0021072076294184525179
0	4	0	-0.0069643165471622503135	0.0027341810003221281994	0	0	0.0032434799320762972875	-0.0022706468280919056731
0	4	1	-0.0021379147416422088906	-0.0015369361635855377252	0.0024071912390180526774	-0.0041354394666131581368	-0.0096287649560722107095	0.016541757866452632547
0	4	2	-0.0020611975684883170404	0.0037064786337200426175	0.0053820184374289807561	-0.0014148861611711139631	-0.010764036874857961512	0.0028297723223422279262
0	4	3	0.00020534285469879501513	0.00047879327182290113731	9.4298749019599705065e-05	-0.00060941579335207379277	-0.00012573166535946627342	0.00081255439113609839036
0	4	4	-0.0031213536582042765606	0.0024143519205113064124	4.3487425986427432918e-05	-0.0031560699130411822184	-4.3487425986427432918e-05	0.0031560699130411822184
0	4	5	0.00037641996626864367322	0.0021462721876431846944	0.0011557853716235161334	0.0017054538676708834964	-0.00092462829729881288506	-0.0013643630941367068405
0	4	6	0.0024392332337832569288	-2.1682626375528519125e-05	0.00025444467328946518804	0.0014617061842156641067	-0.0001696297821929768101	-0.0009744707894771094045
0	5	-6	-0.00012370267834136273837	8.3414908781525264059e-05	5.1195411325681536882e-05	-4.1742527208231487487e-06	4.2662842771401282994e-05	-3.4785439340192904827e-06
0	5	-5	0.0007182292629717885752	0.00046048880598027058797	0.00024462673697363891993	3.1151106205857698951e-06	0.00024462673697363891993	3.1151106205857698951e-06
0	5	-4	0.00073154293766134902057	0.00099363309328437290739	0.000859034514373343671	-0.000128586154891861793	0.0010737931429666796972	-0.00016073269361482724125
0	5	-3	0.0041669075465356423399	-0.0026965168087289726091	0.00029593049058117498838	-0.00046981945928087668566	0.00049321748430195824168	-0.00078303243213479454838
0	5	-2	-0.00048379132489629906319	-0.0046283272949978748745	0.00078567388787128926431	0.00095033449476337788966	0.0019641847196782231608	0.0023758362369084447784
0	5	-1	-0.0080529177544344833495	-0.007914085035742316615	-8.6675216904876783443e-05	0.0010523582302399206445	-0.00043337608452438393077	0.0052617911511996032226
0	5	0	-0.0070453159373112779831	0.0047993556508216517198	-1.432065128047354479e-42	0	0.0014217762349396695278	0.0014758933364422939863
0	5	1	0.00049698297501780052624	0.002254885653410992289	0.00057336071189339934528	-0.00024367025081952704336	-0.0028668035594669968348	0.0012183512540976351897
0	5	2	0.0068426239865270813145	0.0020509425382552793661	0.00035485359251127769793	0.0013436463592585031444	-0.00088713398127819424483	-0.0033591158981462576442
0	5	3	-0.00082457169475818291315	-0.0035887449251804075939	0.00056518284827895327611	-0.00096079977127502922286	-0.00094197141379825542404	0.0016013329521250487409
0	5	4	-6.4930497766668571614e-05	-0.0015117876729162716461	0.0013101173640651527733	-0.00064238701286441202403	-0.0016376467050814411293	0.00080298376608051505714
0	5	5	-0.0011591160513579272084	-0.00052022114195753076452	-0.00052660366480352836186	-0.001697520234410392027	0.00052660366480352836186	0.001697520234410392027
0	5	6	-0.00017151858533785978604	0.00088014788043436556486	0.00014116953062493165167	-7.7523408659227452714e-05	-0.00011764127552077638091	6.4602840549356208336e-05
0	6	-6	0.00053747468490312816022	-0.00051842878438241408665	0.00042599869333294105049	-0.00038406663589145788968	0.00042599869333294105049	-0.00038406663589145788968
0	6	-5	4.123638668745957563e-05	-0.00057951964879165540189	0.00039346217698794710635	-1.7779963082751332345e-05	0.00047215461238553650593	-2.1335955699301599491e-05
0	6	-4	0.00021325774381003798422	-0.00089641363366626408433	-0.00029603582642525444989	0.00032145755318095523478	-0.00044405373963788167483	0.00048218632977143287928
0	6	-3	0.0001827541935027109034	0.00042910989412545634666	-0.0012311220828509774564	0.00028212331875703249712	-0.0024622441657019549129	0.00056424663751406499423
0	6	-2	0.0017677861180870201203	0.0010301055297039767716	0.00087257907525090984153	-0.00022443878931349499806	0.0026177372257527291993	-0.00067331636794048502128
0	6	-1	0.0011268610659550884479	-0.0020006967687061878378	0.00038478894355352562511	-0.00014205946008988788992	0.0023087336613211539675	-0.00085235676053932733949
0	6	0	-0.00029120969845604718646	-0.0021396445847413811912	0	0	-0.0012171946447076579211	-0.0029592474455695794155
0	6	1	-0.00022460341139263702878	0.001192558794586433572	-6.4205758200547497806e-05	-8.2658633852933390928e-05	0.00038523454920328498684	0.00049595180311760042689
0	6	2	0.0036120387385577767091	0.00058782039795997255861	-0.00024013934574447701989	-0.00080812151674917271846	0.00072041803723343108678	0.0024243645502475181554
0	6	3	0.00074313473203037447214	-0.0006907153245613836855	0.00017223459496199514844	-0.00040622845869364276189	-0.00034446918992399029689	0.00081245691738728552378
0	6	4	-0.001175112723179722778	0.00058223920412594880325	-0.00057028775831139083639	0.00042226182648616732065	0.00085543163746708630879	-0.00063339273972925103518
0	6	5	0.00043940876253660424502	0.00020688448001247874649	-0.00032873786265020935645	-0.00017015862212414617776	0.00039448543518025123858	0.00020419034654897539704
0	6	6	0.00025535814534185656858	-0.00012734628988448807403	-0.00018302249250415133651	-6.0190669232892692845e-05	0.00018302249250415133651	6.0190669232892692845e-05
1	-6	-6	-0.00045859594357037966302	-0.0002614006218597519633	0.00022805189562644044544	7.7211439807387977503e-06	-0.00030448455288817040734	-5.1287914290697457736e-05
1	-6	-5	-0.0004545161831406966421	-0.00049161868083073270112	2.9868247508591285464e-05	-0.00047922369381080397741	-0.00012674513363844887911	0.00047674469640681825435
1	-6	-4	-3.2431446536125514485e-05	-5.1093819019552841397e-05	-0.00060399927700616293669	-0.00064802345393299239009	0.00089789105387521304675	0.00095926172614460027653
1	-6	-3	-0.0010876504044315202929	-0.00057809190813001810286	-0.00020627097860438908111	-0.00042214770727101730155	4.9991822398271359518e-05	0.00065159811183202853268
1	-6	-2	0.00067126650844048047981	5.2755609681683772493e-05	-0.00012026312823336860922	-4.922126821292184491e-05	0.00069642263892034602692	0.00017404160947960740403
1	-6	-1	0.0036698069992029632748	0.0017155971162192116836	0.00018674247110867748189	0.00044688085927981215746	0.0025493521725508984377	-0.00096568803945966104427
1	-6	0	-8.1014160238383861904e-05	-0.00090854717989929066873	-1.350236003973064478e-05	-0.00015142452998321510242	0.0012269354047012162937	-0.0021768720706147053241
1	-6	1	-0.0017763701059930910291	0.001384024130196925698	-0.00044854699810169371306	0.00033134515131084816197	-0.00091491188261707135764	0.00060404677766816327385
1	-6	2	0.0008559897630431199337	0.002464306967502500733	-0.00023194021489263792345	0.00022416744629773552701	-0.0011238155261994737643	-0.00055965114485804373125
1	-6	3	1.7846974168471203446e-05	0.00036991271501028970964	0.00066981081662507047526	0.00096105368448298083596	0.0013336726418606505064	0.0017988031306291985077
1	-6	4	0.00062803682187359489899	0.00010028323827437642774	4.4175509766157721803e-05	-0.00025979543951967185326	-9.0745940819162131878e-05	-0.00041476396884810191054
1	-6	5	-0.00029936499111654212447	0.00067633063828931902061	-0.00027228865425531152732	0.0002072020471377570758	-0.00026687338688306545126	0.00011337632890744470311
1	-6	6	0.00022808154267192170921	4.7162041054265801628e-05	-0.00028869372167834232538	2.2516936298798013983e-05	-0.00032670731212366261025	1.4656596123087047045e-05
1	-5	-6	0.00062522998045082614493	-0.00020733169701296890537	-0.00014631412288905256704	-0.00010219049263798397746	0.00022613343248268150121	5.0603461029491828059e-05
1	-5	-5	0.00051912661288340750717	-0.0021041102239965558604	0.00086478222074059401831	7.6877144880912147494e-05	-0.00076095689816391251688	-0.00049769918968022334397
1	-5	-4	-0.00089967631742632542865	-0.00043169279986767801873	0.00056034803524362161546	0.00095781823218180344327	-0.0009253541234111084578	-0.0013051959901941737139
1	-5	-3	0.0030395762353392875507	0.00076796991169269103288	-0.0012046662894183788727	0.0014146192119682727845	0.0030209692274770607104	-0.0021017087160495576299
1	-5	-2	-0.0037234853744188157326	0.001161951435149266923	-0.00044953198104452483539	-0.00027805993493042787789	-0.00073791273459809575072	0.0012761255549007032104
1	-5	-1	0.0076104137897546704147	-0.0017165041814614138103	0.0012440998545781990336	-0.00065548111408569257469	0.0013899145168636743795	0.0015609013889670490631
1	-5	0	0.0012853702402243476644	-0.0023371271298083854361	0.00025707404804486955457	-0.0004674254259616771089	0.00037329252991790735526	-0.0018618606824991582212
1	-5	1	0.002168919812300836459	-0.0081768083367047151439	-0.00086374008345033116609	-0.0022163903260966123267	-0.0064876202295524928315	-0.0029051432937783460558
1	-5	2	-0.0061639841035283048087	0.0014593027998411043679	-0.00065491604262918855228	-0.0012878808081081181101	0.0014447019451911808068	-0.0039493534201908474593
1	-5	3	-0.0039688731497815547128	0.0004522406446901112119	-0.0023490681851605346372	-0.00036701377771295264942	-0.0025921559253403725354	-0.00076243651108495822527
1	-5	4	0.0012960045717695664949	-0.0021020931328351003149	0.0010511940697426331963	0.0003152410374963611722	0.00098999144423589998006	0.00091957458007922655754
1	-5	5	-0.0001835559695364001793	-0.00012746445106931304325	-0.00022854287415231399217	0.00010744162792455835462	-0.00019183168024503396715	0.00013293451813842097411
1	-5	6	0.00033787350533996869141	4.6630135397261252613e-05	0.00055843084339568234507	0.00070955477764182630241	0.00040904678527307387513	0.00058352395880197831333
1	-4	-6	-0.00029731434390835586061	0.00066739676299113533803	-0.0018937144208695227271	0.00073043695362125682802	0.0012129238899282891295	-0.00037572517524898197761
1	-4	-5	0.0017984941901387635488	0.0022727258696400762759	0.00038653253725017021943	-0.0011579556804343670625	5.0472808227616561315e-05	0.0013809097182755089919
1	-4	-4	0.00213861471355826201	-0.00062339784342662230704	0.003644040789772758776	0.00059328421694030406604	-0.0031093871113831929483	-0.0007491336777969596428
1	-4	-3	0.0027762859761333784185	0.002282503174611616361	-0.0046497483613159645496	-0.00077274364851220541436	0.0071250931404657448162	0.0017911592562201460784
1	-4	-2	0.0011796001336430313698	-0.00083213941559675348638	0.0015460066780362104535	-0.00068188295766733895888	-0.0025022132892509050053	0.00094769620753630122879
1	-4	-1	0.016651603121183369827	-0.0061973369114752237599	0.0023874349869132368077	0.00078704577170999982794	0.0071018631735304234634	-0.009345519998315223939
1	-4	0	0.0099625389712060079261	0.0024266014904301470324	0.0024906347428015019815	0.00060665037260753675811	-0.010984968655172157315	-0.0070685849876184255608
1	-4	1	0.005928994902698330946	-0.0012421001715887049384	-0.0014719609055317437948	-0.00093574440869645186206	-0.011816838524825306125	-0.0025008774631971025099
1	-4	2	-0.0024919294074739074124	-0.00050959918782213123149	-0.006905925832407721135	0.0024053563533953082297	-0.012565886961078489431	0.0050655123007016826173
1	-4	3	0.00013880473437211806958	0.0044277810135076086512	-0.0030057547252690616259	0.0011334364958477765022	-0.0040539412118161212081	3.5321656627832344159e-05
1	-4	4	-0.0012765633812561935894	-0.0020606928580756403088	-0.00032051219254734700063	-0.0046296704598951252466	-1.3713472332986464819e-06	-0.0041144972453762149525
1	-4	5	-0.0012175016286540183384	-0.0011298513598869085444	0.00016632203801060724616	-0.0020371396014390095834	0.00037655795613928945377	-0.0014037414091738261313
1	-4	6	-0.00056951933538509230421	0.00082884604152032195605	0.00016512423728442144092	0.00055633810428194708977	0.00020500271408712967798	0.0002327510626012443734
1	-3	-6	-0.0002875935237830680208	0.0010415064967875834953	3.9555885603052463265e-05	6.3881767385670301467e-05	-6.7710196765370910801e-05	0.00014164353243842876741
1	-3	-5	0.001949573643911104142	0.0025338285309991163269	-0.002571488710925128908	0.0019732691303236218373	0.0019328079553372983466	-0.00067719577199434985871
1	-3	-4	-0.0015442681857558246839	0.00057146233647307489133	0.00028266766757401137929	-0.00064480756281565720575	-0.00059806779711946470544	0.00062647125623001157294
1	-3	-3	0.00091108500408524934616	-0.0089692488520248959266	0.0023900820980185884419	0.0083622753911608907473	-0.0020863870966568386599	-0.011352025008502523301
1	-3	-2	-0.015529969499306107983	-0.00032214143841513288294	-0.002069998226944386871	0.0084373450481666223411	-0.0046599874092364736849	-0.012817088291457499546
1	-3	-1	-0.011297502619506375951	-0.00093132929584183990392	-0.0043690043496142109622	-0.0016233531890456295334	0.0018095104293362562851	0.0039387302712950485878
1	-3	0	-0.008946575165508546118	0.0065026500501458462528	-0.0029821917218361818948	0.0021675500167152822288	0.015268910515007665107	0.017425871857142567756
1	-3	1	-0.0023587868721986378351	0.011426018771034551769	0.0018419735411130684199	0.0060265788444508134117	0.0078847074955378428779	0.0066537177623178884664
1	-3	2	0.016042189261871234868	0.015187047494710458756	0.005701726177248946266	-0.0034083859246000860511	0.00053149463493780098929	-0.012706102634255358672
1	-3	3	0.0051743749781506072002	0.010228808838244099824	0.002442328710814064413	0.0019690974664642066187	0.00071753705143052875191	-0.0014405054796171601339
1	-3	4	0.0083074909094964424078	-0.0022344171823506075308	-0.0057709405301951894121	-0.0079281027910348966792	-0.0064050781250205024442	-0.0053874727976885210604
1	-3	5	-9.5792138594276158756e-05	-0.00050862555077710422564	0.0026431456772798033773	-0.0019030216403497948567	0.0016050458340867372175	-0.0010400878740544560689
1	-3	6	-0.0018119953200408950994	0.00062076254365676420983	-0.0021676434798427362052	0.00012629041015583446564	-0.000781822519914552325	-4.0315218864876799893e-05
1	-2	-6	-0.00039125523457809026307	0.00017788966239093043998	-0.00046430143241795975495	0.00061418760443959622732	8.9557938376304878987e-05	-0.00017508092441471034481
1	-2	-5	-0.0034407924798414779924	0.0010068322354297807447	0.0029743623866280754012	0.0069918860726322935167	-0.0018779034506195258457	-0.002595387981966961518
1	-2	-4	-0.0031140442980927443388	-0.0030654105506652878574	-0.0059816706976205469629	0.005678773572834947686	0.0022123242742870872883	-0.0036057394240837960242
1	-2	-3	0.0055373749760769001502	0.0064460708477732005239	0.0043269269208434987112	-0.0070772674499913644161	-0.001038826288536699163	0.0068668685825853097854
1	-2	-2	-0.020356972663646076549	-0.018747061582365741328	0.028994459163052956757	0.0020263546792852154925	-0.039172945494875995032	-0.01139988547046808659
1	-2	-1	-0.030958160240030448834	-0.020274380730146101398	-0.018695636308704969425	-0.0027713707752919868564	0.0064331123773794900156	-0.014731639179562126818
1	-2	0	0.027558366370667806283	-0.034563068345366536327	0.013779183185333903142	-0.017281534172683268163	-0.0030306571509270421004	0.019905595412209545897
1	-2	1	-0.023857723341678162277	0.022843723776785916646	-0.0096490407878441451783	0.022683514559340121203	0.0045596417659898693178	0.022523305341894329229
1	-2	2	0.003792596340027974168	0.0080914082902840932243	0.011650826237639131874	-0.01100353735300045252	0.009754528067625145224	-0.015049241498142499132
1	-2	3	-0.0080481477090832229809	-0.00063577832639619060329	0.00028098777352893509031	0.01073778511970434682	0.0028700410853803644956	0.0073704495219349608001
1	-2	4	-0.0048209560717265668994	0.0016833699111193924872	-0.0035004850974516932109	0.0035270061180270343912	-0.00054500353079420477218	0.001342660581233669128
1	-2	5	0.0014451200296022430076	0.0046490223882798102639	0.0010095229773975200171	-0.0026431455646973409275	0.00011478518503855940532	-0.0019870627035348982503
1	-2	6	0.00073958844900827024234	0.0021904720192715471973	0.00017257151467880337209	-0.00062939207345174424686	-6.5740903275110583025e-05	-0.00057487602769583931797
1	-1	-6	0.0040793203473937222903	0.00068193049177352508487	0.00037463808184266361419	-0.0010063947109054218517	0.00061744704425850975224	0.00028138753377982445329
1	-1	-5	-0.0068700166883795066655	0.0036578125047821881399	-0.010246869002452264549	0.0017619656961886422109	0.00067537046281455144665	0.00037916936171870918582
1	-1	-4	-0.015651893794442154478	0.00060329407845814925302	0.013811248230871351478	0.018932068006405136651	-0.007365785506328376489	-0.0045821934819867465513
1	-1	-3	-0.0078914161312796902992	0.012068036746213086849	0.013750749275042007877	0.017915906482051498216	-0.0072140551354405663478	-0.0019492899119461378453
1	-1	-2	0.017713416934367693517	-0.0049965779815196592617	0.053723029911432122752	0.046352184866963200283	-0.018004806488532216352	-0.025674381424241429772
1	-1	-1	0.029149316185743661539	-0.042843162125121979356	0.059840126846205161926	-0.035913747452343776356	-0.030690810660461496917	-0.0069294146727782064688
1	-1	0	0.045808504383480358468	0.032550051513837247041	0.045808504383480358468	0.032550051513837247041	-0.027805347693334436093	0.10171159924019781973
1	-1	1	0.0022146211811969809813	-0.020938237399186033355	0.031490884391795287423	-0.0089756890418194092834	0.029276263210598306441	0.011962548357366624072
1	-1	2	-0.0089393746196918533187	0.048268241573424679192	-0.0061711660906651148034	0.038607036251816467809	0.0013841042645133696913	-0.004830602660804104824
1	-1	3	0.0056265744904312959065	0.028393179644850850829	-0.0079238053901134700846	0.00012847737821145246875	-0.0045167932935149222862	-0.0094215674222131329946
1	-1	4	-0.010577687508266269897	0.0025623709513657236259	0.00045202982744279776974	0.00033673552159975482338	0.0027574293339272669574	-0.00055640885744149214641
1	-1	5	-0.0012009317886606263055	-0.0043354097144981890502	-0.00077508236832291184642	-0.0038344124146887726204	8.5169884067542897229e-05	0.00010019945996188329952
1	-1	6	-0.00075856888714299832311	0.0043965004460056163541	0.00056657264697915449107	-0.00028869505122826251723	0.0002208569223536921357	-0.00078086591620564645144
1	0	-6	4.2551218764367420026e-05	-0.0017448221895305330176	-0.001876860686361329477	-0.001263411825940985618	7.0918697940612363887e-06	-0.00029080369825508885434
1	0	-5	-0.0013695533703616386261	0.0013814380231773966574	-0.012525209592918064294	0.0018601331745071898738	-0.00027391067407232772522	0.00027628760463547933149
1	0	-4	0.007741234130929889809	-0.02206972335970173657	0.017534132987384820623	0.0075343932190631741908	0.0019353085327324724522	-0.0055174308399254341426
1	0	-3	-0.012247469116042099951	-0.014515753142159210781	-0.014834799805592997768	0.0070396980810440478241	-0.0040824897053473663613	-0.0048385843807197369271
1	0	-2	0.003043086496070926926	0.005617448503664556822	0.027575099266049604707	-0.063372794952592514939	0.001521543248035463463	0.002808724251832278411
1	0	-1	0.032571980029363865883	0.035100758088937998591	0.022351148644182413511	-0.079782776048379466793	0.032571980029363865883	0.035100758088937998591
1	0	0	0	0	-0.09785024776669802582	0.121527756509782911	0.15043841394896181884	-0.12861382356865663779
1	0	1	0.013263581768619763304	0.00020848699686074661434	-0.019317466079010570806	0.11832864099685888593	-0.013263581768619763304	-0.00020848699686074661434
1	0	2	-0.025442861418544078511	0.033739954602708580045	-0.044476211690630686191	-0.016189325702556101039	0.012721430709272039256	-0.016869977301354290022
1	0	3	0.014117540358665576009	-0.011982855003414089046	-0.010537200740319265999	0.0069195358356980724707	-0.0047058467862218589586	0.003994285001138029971
1	0	4	0.0041702691224136884465	0.0048776419097818091847	-0.033646355379451237111	-0.0034438449451379099346	-0.0010425672806034221116	-0.0012194104774454522962
1	0	5	0.0047492698060054312076	-0.008659301133917831142	0.0034549237402995112978	0.0025419923265296907357	-0.00094985396120108624152	0.0017318602267835663151
1	0	6	-0.0012745237569514122032	0.0029441770630050504744	-0.00084370333855494201135	0.0017153694428269430916	0.00021242062615856868247	-0.0004906961771675084124
1	1	-6	-0.00040343313442941695045	0.00047078768774498050333	-0.001366816054895383676	-0.0011560103954502227649	-0.0002950415315541334558	-0.00011420378461754037694
1	1	-5	-0.005283190678563706201	-1.3842565628631406811e-05	0.0012113355339837292117	-0.0032701210173723799755	-0.00081437102891599539786	-0.00065679271660020225546
1	1	-4	0.034692680458721619763	-0.00027508955028601701168	0.0022009382893773779023	0.015441327089983098581	0.0092234046870247506089	0.0037915593849242703109
1	1	-3	0.027210491942558052286	0.0089936479598100686761	-0.0058957653068966693957	0.0023971718084921148605	0.0071049088785537940077	0.0037969399227673946567
1	1	-2	0.017982120882262326439	-0.0044725189094110438456	-0.011606460168842522296	0.054405875609831871875	0.0031878303567099012042	0.024966678350210411846
1	1	-1	0.017616793864379958617	-0.030757375588508575198	-0.04344463793132289503	-0.0066755172552155576243	-0.025827844066942936413	-0.037432892843724134557
1	1	0	-0.02655948153528982919	-0.016669037586974421589	0.02655948153528982919	0.016669037586974421589	-0.11584592629953369136	0.013237557389602487914
1	1	1	0.0099023887804358737275	0.038669813441605756232	-0.043252243997181805124	-0.068077460431656786066	0.033349855216745931397	0.029407646990051029834
1	1	2	-0.019025061671719266376	-0.014253412723534735623	-0.047282087044028718592	-0.028391040850491426617	0.033153574357873992484	0.021322226787013082855
1	1	3	-0.0066510214734483222299	0.0026559560648911524627	-0.024173304688895367459	-0.013557183991148366933	0.010274775387447896563	0.0036337426420857380123
1	1	4	-0.0060606512497134454667	0.00085426892247485099619	0.0022825798644006750279	0.0054366233586281139875	0.00094451784632819250128	-0.0015727230702757412188
1	1	5	-0.0032199427303943334994	-0.01468488118412554326	0.00054535606358181189495	-0.00031371446501339414958	0.00053491733336250425583	0.0029997191298277874928
1	1	6	0.0013435593372544537769	-0.0002914830599490606227	-0.0012857243479677416681	0.0010203103669652298716	-9.639164881118717545e-06	-0.00012147121783602820363
1	2	-6	0.0015536464638024178025	5.7242067497502262252e-05	-0.0018918742467049559294	0.0014876418653230853717	-0.00037168367160124899133	0.00050542096635727883427
1	2	-5	0.001199758188299116738	-0.0017922641790278470274	-0.0066602711619021693484	-0.0024014696847515890239	-0.0024241568271010441316	-0.0013190407097062051018
1	2	-4	-0.014720294954436349485	0.0030889033777485508034	-0.0012861956466077816008	-0.0018890390383609102776	-0.0043231715619129777381	-0.00017229367474331746504
1	2	-3	0.013963811747764559926	0.017003726564767271401	0.0047422837219963046712	-0.00823815597670870918	0.0078161263972523903343	0.00017580487044995115817
1	2	-2	-0.015691266273199284964	0.028265127599694784416	0.012058790777256090873	-0.001879204361066257609	0.0042131576406564483911	0.012253359438781134816
1	2	-1	-0.009806717767203008973	0.034028590264531810572	0.0065536880135055953014	-0.013472333439817581191	0.0033006582598081820636	0.0070839233848966464552
1	2	0	0.016024114578333591846	0.080309810774016665569	-0.0080120572891667959231	-0.040154905387008332784	-0.019326982627985555413	0.022574360349561489042
1	2	1	0.037604644556789371124	0.027361108948959170228	-0.012287631574010741964	-0.024371449588566292815	-0.013029381408767883727	0.021381790228173411933
1	2	2	0.02214318186329694918	-0.0026546129622328227052	0.014396901079805795795	0.020037199219949470425	-0.025468492011454270385	-0.018709892738833059506
1	2	3	-0.00086446902237416630137	0.014201671106136235997	-0.0044664881154370698543	-0.012974457531180511038	0.003265815084416102184	0.0039157479854082617374
1	2	4	-0.0065822705211549745186	-0.0023700917470050129193	-0.0069382746574797472122	0.0034882876742354045584	0.0051147049590286172358	-0.0011516209003664490493
1	2	5	0.00089496764040968002345	-0.0055287097624811308919	0.00047579551939433558597	-0.00053142313379473868611	-0.00036931173583967027161	0.0013183112060141217396
1	2	6	0.0040308731820751170574	-0.0017999479905857112064	-0.00081721482036128131974	0.0026779638081095972525	-0.00039940725689209234878	-0.00059266327093891388311
1	3	-6	0.0010286313031656146941	0.00090039648142757264249	9.9591340140923540402e-05	-0.0002627495495100335603	0.00022123422059806423278	1.8691305482912001502e-05
1	3	-5	0.0060895787728082653029	-0.0032434374313959585083	-0.00049871675055065522314	0.0018699112934450498689	0.00091868570423126003511	0.00047325928978783816546
1	3	-4	-0.0095811776293613284267	-0.0048919797502830235023	-0.0011862775593793628299	0.001498456757057443434	-0.0032850025768748542833	-9.9152369777673435595e-05
1	3	-3	0.011466230037871701433	-0.019690013909123948999	0.0027547296859229374044	0.0031379803974887245099	0.0065768063652135045488	-0.0034253575722192580559
1	3	-2	-0.035680362388525961592	0.031852542590775800857	0.014694880692935227001	-0.0092886315954462898153	0.0042021398451398588383	0.0019933239022184674402
1	3	-1	0.02001293371316630737	0.00035458433681166343088	-0.0090157806290085060197	6.4922472769964221996e-05	-0.0070344081738592124237	0.00054935175512155611042
1	3	0	0.037021003907360780505	-0.019621115215574153751	-0.012340334635786927991	0.0065403717385247176277	0.0183487074747574197	0.0049838579920498532472
1	3	1	-0.0017286409665948562764	0.010067502324546331524	-0.0021128415669907246212	-0.0088528724981895012824	0.0080671656675670288389	0.016491115170022170588
1	3	2	0.0097138143373832943478	-0.01881954326488592677	0.0033453914323480376559	0.0036914112445836071846	-0.0098749943172137030073	0.0038726547655675530417
1	3	3	0.0019185475120075622633	-0.0077455745033942740435	0.0021503980289960091324	-0.015099544671947141491	-0.0027899138663318632202	0.017681402839745233996
1	3	4	-0.0025355037240497651715	0.0085775015845614820814	-0.0053299161100022335313	-0.015328339832467856654	0.0046313130135141166582	0.0093518794782105219704
1	3	5	-0.0014789643704656192658	0.00091196806966299117595	6.0576560962930882436e-06	0.0014826693876708592172	0.00029215828043534800224	-0.0010719952465351137872
1	3	6	-0.00012793608000820453231	0.0027573778724100071746	-0.0026385372910375289729	0.00076379963964615137702	0.001340591325520132035	-0.0008414627985580769385
1	4	-6	0.0010653304724287614418	0.00042424223471620504423	-0.00021616466030804874364	-0.00044805295591645986518	3.3445305199427730991e-05	-0.00022799493149160574511
1	4	-5	-0.0010297558741885390853	-0.00031565631355988057636	-0.0014215474457818157595	0.00015197213973240023942	-0.0013431891314631605114	5.8446449073944083043e-05
1	4	-4	-0.0036356860915001090913	-0.0025716711736966718291	-0.0011845384987487436474	-0.0001898827994523989975	-0.0020934600216237710286	-0.00083280059287656692767
1	4	-3	0.0040199410475789043237	-0.0020057317588644285079	-0.0010816576205291070223	0.00048850228234298409546	-0.00010222981151250793536	-1.7240876497497409239e-05
1	4	-2	0.0012124293053463613707	-0.005008301169564680598	0.0024605653722712477437	0.0020919640680425741555	0.0055273453972156764979	0.0016797775513028084457
1	4	-1	-0.017926272101636369499	-0.0029543856623707844336	0.005116928353591350398	-0.0021764168746621955636	0.0025414413127290320926	-0.011660053161019567555
1	4	0	0.012484212434140898318	0.011694329147658071369	-0.0031210531085352245795	-0.0029235822869145178422	0.0047521210464235999829	0.0033700966870387812774
1	4	1	-0.0036362019712332690861	0.012346396814873329337	0.0024795431646985016498	-0.0027544685469552340762	-0.0062819706875607370794	-0.001328522627052394333
1	4	2	-0.0041135554797591565232	0.010313424039743473992	0.0052217455929514204616	0.00089745159791026292342	-0.0083867134460232622278	-0.0069516152156922630598
1	4	3	0.00093301777142832840409	0.0022654332675370657084	0.002433401832193014553	-0.0045331755076246467093	-0.0035555417000667955026	0.0052890895876538408099
1	4	4	8.1548287331222250158e-05	-0.0057194575093545340846	-0.0035491008601593711583	0.00012852577667889333911	0.0035287137883265656466	0.0013013386006597402363
1	4	5	-2.9240558386801618069e-05	-0.00013141224313862722773	0.0013932704562289335935	0.00030922390459901349762	-0.0011087682533057864956	-0.00022109667505148533086
1	4	6	-0.0011595773603874403365	0.0006403929807285619908	0.00062828344513689163633	1.9241643485104947185e-05	-0.00022559273669335436815	-0.00011955992577816362767
1	5	-6	9.2872126760613332567e-05	-1.8100657138655752926e-05	0.00031306775801695805673	0.00023216714064880450787	0.00027636848614090057333	0.00019045584101756114011
1	5	-5	0.0015611496608844580101	0.0014168100889509814642	-0.00055284256337986609122	0.00047913818480748880321	-0.00024061263120297451089	0.00076250020259768509605
1	5	-4	-0.0017914832604245763993	-0.0001501932111345801867	0.00069808296259832368445	-0.00088986369886470467402	0.00042473288814176047862	-0.001149877926364525774
1	5	-3	0.0020848557982048434092	-0.0018291516269104339358	-8.6691244922144266097e-05	0.0014355725916068919241	0.00055046652453137395397	0.0017829037770413418227
1	5	-2	0.0046762709875905828297	-0.0044972757938259288329	0.00147335258593107735	0.0017923189586074980608	0.0060215169586229850066	0.002232159499605780844
1	5	-1	0.006470466591000395562	0.0021733662144052178986	-0.0021078731058489772777	0.0010196978594964032673	-0.0040688989382444895257	0.0072718555118872346688
1	5	0	-0.0014412508119509678719	0.0066654854277326796436	0.00028825016239019356354	-0.0013330970855465358853	-0.00042034274253344443457	-0.0030571398868335423159
1	5	1	0.0061970764446579226087	-0.00083703253107792277305	-0.0011072185680926149246	0.00029485876987758074174	-0.00066098360419484809402	-0.00063726131830998098988
1	5	2	-0.0029011780725940396371	0.00018036628194971162558	-0.00037415746016151405244	-0.00072536673099099686652	0.0023859826867008047599	0.001723233686502636218
1	5	3	0.00035922529974868801922	0.0059796057926406456437	-0.00078783169431921422354	-0.0001429189106777519749	0.0011933110572824609606	-0.0017550037464172953648
1	5	4	0.0010720071169283238322	0.0019436762652827652403	6.3646387594082622845e-05	-0.0023309258090557566021	-0.00034755976372468424	0.0024277381949990043883
1	5	5	0.00083348360514569124965	-0.00010679709971431062122	-0.00071409850706115232232	-0.00017344121358409177332	0.00054740178603201409407	0.00019480063352695389757
1	5	6	0.00031300384653351804622	0.00029360179578886980156	-0.00040809355903800078463	-0.00034791650380492907067	0.00028791065810941429476	0.000240996787205962601
1	6	-6	-0.00060445802972189160637	9.4009435448516939652e-05	-0.00037731016523681549981	-6.2022183403733359181e-05	-0.00047805317019046413701	-4.6353944162313864721e-05
1	6	-5	0.00062112048667895328451	-0.00036058363133496378625	0.00031400807131302845964	8.0906560587675524e-05	0.00050103378291142483016	2.4971146438217876971e-05
1	6	-4	0.00060249024776287912839	-0.00044464332551840524523	0.0003098398946418108417	0.00020158466798415807203	0.00061538240390343601754	0.00019121617059663579673
1	6	-3	-3.4023204101701430677e-05	-0.0019222676954291956393	8.235623393058427678e-05	0.00057915411744171620134	0.00015337139982726807441	0.00051755233640703385625
1	6	-2	-0.0017318925568347851626	0.0012297516064880432279	0.00066105877919372555904	1.3243074659914552457e-05	0.0011172300591637842043	0.00065460502722376528659
1	6	-1	0.0031953040203082480782	0.0043313840847206642667	8.4820085490772790604e-05	-0.00085474040345882862108	0.003704224533252884876	-0.00079705833603230702607
1	6	0	-0.0031748906601960160019	0.00026473616371034964633	0.00052914844336600266698	-4.4122693951724943314e-05	-0.00015509936859372166628	-0.0013541201506484252647
1	6	1	0.0039077314009807861267	0.0014991501025089402303	-8.3283602452536217571e-05	-0.00052085105923906636124	-0.0034080297862655686315	0.0016259562529254577203
1	6	2	-0.001462193593599771203	-0.0012923368394825904791	0.0004955753720151543024	0.0005257415290763837578	-0.00075562931924557752254	-0.00093105616748785614226
1	6	3	0.00051665754482830888918	0.00068156212554926437572	0.00041902626941732191686	0.00097904499729005662126	-0.0010102717204440801301	-0.0021852773697632011871
1	6	4	-0.00077056480774962798474	0.0016393543952346245271	0.0005668426134416450473	-0.00077972967839909596097	-0.00065762271822506054766	0.00075975591878998775548
1	6	5	-0.00024175378617988889092	0.00054043535940736825863	0.00028335509511403904077	-0.00035608407503110936498	-0.00029167535690086907616	0.00031921381815585761878
1	6	6	0.00014441315565886470528	0.00016344074155536211291	2.8416922380573745455e-05	0.00037364223404401223673	-5.2485781657051195205e-05	-0.0004008823576365726205
2	-6	-6	-0.00065607315226102276475	7.1083411065047069719e-05	-0.00048343689654053583231	-0.0001304805895787497917	0.00026474584578686159546	0.00015417505993376546354
2	-6	-5	0.00077610613565211870098	7.9331339523982594684e-05	7.1166642154320077667e-05	0.00026404788835686853702	0.00022504248367566340888	-0.00028512493021864922281
2	-6	-4	-0.00010658712971943511876	-0.00095534081159121203922	0.00063335701872692688405	-6.0050445950459715528e-05	-0.0010033290929501079668	-0.00038759473686991643276
2	-6	-3	-0.00080563716518148719304	-0.0004708627893750584343	-0.00060008625743466006974	-1.6494293944548939863e-05	0.00066308107141499527185	-0.0002809199383609410584
2	-6	-2	-0.0005219322645482584247	-0.00018647496256551899466	-0.00066206050869811088402	-0.00055508241172550962499	0.0014642492615460742274	0.0014787722726110098803
2	-6	-1	0.00059098628039072392728	8.5956734337776271172e-05	0.0004766663158133117471	-2.0371620266672566549e-05	-0.0016780253340984224112	0.00029414319027558794841
2	-6	0	0.0019331491785963867032	-4.6871933778771664408e-05	0.00064438305953212890106	-1.5623977926257221469e-05	0.0027144470160784788665	0.00029229597264262158771
2	-6	1	0.003585173960936998902	-0.0010776975863087893525	0.0011715146376552704015	-0.00043813979091789854439	-0.00014126009594237585597	-0.00047344357288981261554
2	-6	2	5.3579546024946695835e-05	-0.00097018492991655491241	-0.00042701218325845501176	0.00011158366022403957507	-0.0013346160958003117514	0.001304935910588673597
2	-6	3	0.00059008783126399122487	0.00046642272091378301655	-0.00041204428850020769241	-0.00064497214574846500456	-0.0012174804645097429042	-0.0016008927721061186507
2	-6	4	-0.0006221310837532795365	0.00026929704180997935444	-0.00064502087243505925544	0.00014433673392249887356	-0.00065646576677594922333	8.1856579978758606015e-05
2	-6	5	-7.571694577117011151e-05	-0.00012535709422024305716	-0.000132153718693590541	0.00031107417082889806184	-0.00012829768412384062086	0.00042343184268277489707
2	-6	6	1.6987329522604510597e-05	0.00075468099938502946223	0.00051110409205861481816	0.00037881046908927825832	0.00050544164888441324348	0.00012725013596093511328
2	-5	-6	-0.00013503828097658092714	0.00087658338603897282149	-0.00015168250481242055955	-3.7011919572575240317e-05	8.1389327018156819391e-05	0.00032303772832347030404
2	-5	-5	0.00052976642691942286457	-0.0010866483979636131895	-0.00048265680365086409929	1.8694244044509687663e-07	0.00069456337441863328849	-0.00043484630162589040566
2	-5	-4	0.0012177272527248838175	-0.00042128562154684098904	0.000160660963188944127	0.00018657734193273855182	0.00040803742237626177032	-0.00044386448818934369108
2	-5	-3	0.0017485738893705002166	-0.0023096914734752733121	-0.0010364252998897871549	0.00031690042737534757306	0.0028930914260633122138	-0.0020679616946090947395
2	-5	-2	0.0049642107484991005242	0.00069806977605991332725	0.0023519765648224227536	-4.089599830032524164e-07	-0.00091573066355695635979	0.00069909217601742145755
2	-5	-1	-0.0046681938745896838297	0.0029983770521238022229	-0.0015350948559157049332	0.0019003703374614836375	-0.0016609134696008432102	-0.0035050975830598143923
2	-5	0	0.002678763337023762868	-0.003464896381393726358	0.0010715053348095051472	-0.0013859585525574904998	0.001374259748986588316	0.0041647235701708518879
2	-5	1	0.0037105268232029329188	0.0028646816774730399051	0.0016872461567590385772	0.0014405757411010188061	0.0010151771373893276988	0.0014735153505590140033
2	-5	2	0.0030359993388645090985	0.0017861944494641335095	0.00026083408062462822008	-0.0010649919366291480966	-0.0023839141373029385483	-0.0044486742910370040763
2	-5	3	-0.0026805638113659656895	0.0009775864985145383667	0.0010959271301936406029	0.00071075408409778718412	0.0036135877579000445087	0.00053286580781995317082
2	-5	4	-0.00067807896763691073803	0.0014941364166239146961	-0.000717706478924911369	-0.0011956417777594767222	-0.00055809361483768386934	-0.0022416204305113029797
2	-5	5	0.00010762282697878564259	0.00053662313592218449307	-0.00019300332955602851203	-4.7674558002539056819e-05	-0.00023605246034754276906	-0.00026232381237141288522
2	-5	6	-0.00029937275495015816702	-1.5871881971631698069e-05	0.00034224483916457117648	0.00042614825036961658617	0.00038499495095386203607	0.00036041416929855773924
2	-4	-6	-0.00013582677512069540882	0.0003070624926933156521	0.001439338357525873132	0.0012263446743463182406	-0.0010048344967241472966	-0.0007152089519997735555
2	-4	-5	-0.00018326456238390643788	-0.0019863524259859616054	-0.00042614619464725173557	9.1049802479450364493e-05	0.00026761113076423880246	-0.00086738081237794503135
2	-4	-4	0.0029198026964019178908	0.0057320184275880224634	0.0010063300415296620293	0.0004669498079684398519	0.00045357130667129707874	0.0023990594058255713256
2	-4	-3	0.0035439237544039104734	0.0033184313261585799033	0.0020195375648064954784	-0.0012157650468359213706	-0.00033010091680605376397	0.0038333076132202816184
2	-4	-2	0.0071458026491624596077	0.0051479006034559470634	0.00074152391905645779081	-0.0022771019826239718986	0.0056627548110495442429	0.0097021045687038908606
2	-4	-1	-0.0021081955315264138025	0.006042945240625102396	-0.00096987437535852086788	0.0031332460424111046975	-0.00033689356161874429605	-0.00044709368839421388935
2	-4	0	0.0062519154294193171953	-0.0019060273526858699002	0.0031259577147096585976	-0.00095301367634293495008	0.0030634069419614028303	-0.0089295950794134118511
2	-4	1	0.00060814759211168310619	-0.0091921912577648621362	-1.0026841110026189115e-05	-0.0067198587845908432439	-0.0012564025486634709892	-0.0084950526228336504381
2	-4	2	-0.0042985321659979739209	-0.00032552474181506596725	-0.0015306042094379330044	-0.0063283183181715163546	0.001237323747122108129	-0.012331111894527966091
2	-4	3	-0.0027829638187848964974	-0.0011404842657547077222	-0.0013164149006655665591	-0.00018355276282815954697	0.00010008934496917538731	0.00051558582673225908551
2	-4	4	0.0019453988337008005453	-0.0047927054106835084366	0.00067820125454045394799	-0.0009527928645605741138	-0.00029449816230994627043	0.0014435598407811799961
2	-4	5	-0.000706874353603379889	0.00033562066586544135952	0.00075399304602820804884	-0.0023437958977555461981	0.00088594417826391832962	-0.0020092849845506134156
2	-4	6	-0.00033475577703521514549	0.0001260635183195907684	0.0010937629803956679369	7.8715177897332764081e-05	0.00084076057927551695222	1.0455612491691585456e-05
2	-3	-6	0.00020278775111521734091	0.0010296883358023012876	5.0200043581590268532e-05	-0.00069535232179586013365	4.2495895247610648295e-05	0.00069090560616536379323
2	-3	-5	-0.00016867606691959327559	0.0001446404118642285921	-0.0032961329155105066092	0.0011948091707425136793	0.0019102093225384668071	-0.00065902933769981678156
2	-3	-4	-0.00047368987791534882762	0.0071433304242685428595	-0.0027350865966507494943	0.0045545672886761305598	0.0018144700085303876527	0.00015573974562717348281
2	-3	-3	-0.00029235164588092116787	0.0081095924556661320992	-0.0065276968970446819576	0.013972286040408494687	0.0063327957997907349461	-0.0085658910699644066206
2	-3	-2	0.011169185321740746769	-0.011591031292856230489	0.0085836678394450426771	0.0056532624008722772574	-0.0017063164374268172466	-0.020070924894164645508
2	-3	-1	0.0040309262354066063144	-0.016372510592335076662	0.005746880017625739627	-0.0036783777180636437372	-0.0091787875820640071195	-0.021709888030479223414
2	-3	0	0.009586449951547263218	0.0071400672817562458802	0.0063909666343648424344	0.0047600448545041633419	-0.0050815480557311809226	-0.0039522181618990986918
2	-3	1	0.0056566789319709414458	0.011875688157645650569	-0.00056722510763049542246	0.013000021292777661983	-0.013015033186833368725	0.015248687563041686543
2	-3	2	-0.0012783600865050378115	-0.013375927023482838199	-0.0062952674068070032382	-0.00043142910013462817476	-0.0081645410237054672625	0.012728783373280896235
2	-3	3	-0.0054786875325490503111	-0.00076725392226537113619	-0.0053571725553482607562	0.0045645535328764294536	-0.0017047142003155609825	0.0050760561477200096328
2	-3	4	0.00078166998815011037513	-0.00071248441639786659011	-0.0064685044043343211534	0.0028885924263095052143	-0.0052422132973257967031	0.00252268652793106226
2	-3	5	-0.0013456407027799572197	-0.001233240906297337772	-0.0026905165944177086325	9.2226806108353510776e-05	-0.0010760536755386423784	0.00054863244618394728033
2	-3	6	-0.0013878982285171249673	0.001665810672042513426	0.0022498905929339198945	0.00014284198141814810775	0.0015875780393060016753	-0.00048384923330509709265
2	-2	-6	0.0010342383566128180925	0.00066564650186082101064	-0.00037776968189315269587	0.0016295586718837963471	0.00047066934616865694751	-0.00032130405667432513023
2	-2	-5	-0.0014470040721073376775	-0.0037831789270372302887	-0.00061009169915996115142	-0.0024298028899703135938	-0.00033476494917895064296	-0.00054135041482676669964
2	-2	-4	-0.0090762790394765275465	-0.0030797062330838336809	0.0082111940020607402518	0.000774023707707535355	-0.0086437365207686338991	-0.001926864970395684518
2	-2	-3	-0.0058661075558636829527	0.0041116401750669060236	0.0061862602454625147466	-0.0033588001706402418473	-0.0080349118675507990445	0.0049802935638047652472
2	-2	-2	-0.01146020473895298028	0.020857281576973845522	-0.0048788550731732214724	-0.00050587523514803020216	-0.0065813496657797596751	0.021363156812121874423
2	-2	-1	0.0039656638383992635563	-0.00098672715116011541769	0.0007404796778777972396	-0.0045717088090586818772	0.0064503683210429324166	0.0071699633157971329189
2	-2	0	0.00043989466870758699808	0.0048413261720811218841	0.00043989466870758699808	0.0048413261720811218841	-0.010086228013111816354	0.0056182456553973102176
2	-2	1	-0.019757201690408940364	-0.015049027719752323257	-0.021014799687818462581	-0.014116175676898212732	-0.0025151959948190413981	0.0018657040857082201821
2	-2	2	0.020688794795942298116	-0.00067079245698510798265	-0.00054557104993833505438	0.00013058212634244382197	-0.021234365845880634471	0.0008013745833275517233
2	-2	3	0.0081933011999666491981	-0.0056379273656429031505	0.0055193243592143170773	0.0040099857002652413915	-0.0017826512271682209802	0.0064319420439387627389
2	-2	4	-0.00053817043440515185699	-1.6005501044676705933e-05	-0.0073810756636550900467	-0.0014541617287069982106	-0.0034214526146249691491	-0.00071907811383116069983
2	-2	5	-0.00029421589132174418273	-0.00067177929138606106568	-0.0039661587638553852039	0.0031084854254512165987	-0.0014687771490134564085	0.0015121058867349111091
2	-2	6	-0.0020731899271852751929	-3.7843655674037758845e-05	-0.0017708062689465754996	-0.00082260732203728067873	0.00010079455274623319496	-0.0002615878887877476377
2	-1	-6	0.00020658964942049456385	-5.0000939785334255224e-06	0.00028792475146985027114	0.0010232753583213529801	2.0875757895189809427e-05	-0.00017221259104640329108
2	-1	-5	0.0017503312707947006176	0.0021147613674993509872	-0.0039683228576419642131	-0.0038058024600148014811	0.0014937970798462730897	0.0016070650390027007778
2	-1	-4	0.0035185405824666349424	0.0061385918341211251348	-0.0013902837296688853961	-0.0083123190411677847639	0.0021068412236505389828	0.005147375677352509192
2	-1	-3	-0.020637730034519071592	-0.010409145363849925739	-0.0020428225086317735454	0.013300580809729286441	-0.01307754585346878988	-0.011372957179143045395
2	-1	-2	0.014480217768299948056	0.0074962802344623801973	-0.008580633815351785057	0.037183735390498136308	0.018770534675975839717	-0.01109558746078668709
2	-1	-1	-0.0053444380284860338107	-0.027589821038453490876	-0.0076906000613055306575	-0.008153545479942909957	-0.0029982759956665365302	-0.047026096596964071794
2	-1	0	0.0019007292496596515496	0.029648782447669441709	0.0038014584993193030991	0.059297564895338883417	-0.016876133000553170116	-0.025266291611286694624
2	-1	1	0.0021298610315445345997	0.0041275116670088140072	0.027315151143841913395	0.034295379828523694932	0.023055429080752844195	0.026040356494506065183
2	-1	2	0.00056462409280763918486	-0.0065571866504395273298	0.032544203592595438712	-0.0077068736627137167383	0.015707477703490079629	0.0027037498190826693943
2	-1	3	-0.0057818041276320461877	0.011918872318841018318	-0.0094005552920429901603	0.0062221598353928465885	0.00072101765440703421625	-0.0058718616007630624817
2	-1	4	-0.0049668189947176992829	-0.0076181272718021872392	-0.0098886843614706190775	-0.0013797252295752620611	1.1238406991194807729e-05	0.0034641323285072782127
2	-1	5	-0.0031547065044011056954	0.00077789892988766422277	0.0016952139612070773588	-0.00094527167574988077165	0.0016009253940018578367	-0.00050021390710504190849
2	-1	6	-0.00057185298583269290364	-0.00055611491767156777215	-0.0024131572578403991808	-0.0049226489735262855818	-0.00021157521436250220181	-0.00063506985636385833958
2	0	-6	-0.0024077929863620664216	0.001705534552177171044	-8.8602363502601205075e-05	-0.0033230960893065467424	-0.00080259766212068884336	0.00056851151739239027573
2	0	-5	-0.0073702865325869148724	0.000491677347936673656	-0.0049627368790435980386	0.0024850193388773291793	-0.0029481146130347661224	0.00019667093917466948409
2	0	-4	-0.0014635688160678686064	0.0073049836504016033706	-0.0086096372246315024807	-0.011501940340898100107	-0.00073178440803393430322	0.0036524918252008016853
2	0	-3	-0.0028008742194043467592	-0.0056650108064696105478	-0.011492166315795868461	0.004084454196647642997	-0.0018672494796028978395	-0.0037766738709797400761
2	0	-2	0.0054562843172871779152	-0.014853944776260454355	0.022587944363189890046	0.031448566313563817987	0.0054562843172871779152	-0.014853944776260454355
2	0	-1	0.020303805504641489477	-0.0084654852807857731284	0.0068437813411032864114	-0.0012574749245636450065	0.040607611009282978953	-0.016930970561571546257
2	0	0	0	0	0.069662704418332693779	-0.054706279864339679708	0.037670826812224562918	0.042392074916608082913
2	0	1	0.012458775366898079684	0.011925558974740993815	-0.023390719106179954506	0.010534708735394823428	-0.024917550733796159368	-0.023851117949481987629
2	0	2	-0.008845038629703256064	0.0053942859801140779705	-0.00094788644208519071827	-0.025108844252780600226	0.008845038629703256064	-0.0053942859801140779705
2	0	3	-0.0014352488071109577913	0.0066775667929688158411	0.022989932095940999318	-0.0044926743530964803261	0.00095683253807397189699	-0.004451711195312543605
2	0	4	-0.0071216624284018816352	0.0040409949028547501731	-0.0073627850258916388224	-0.016775564320650703659	0.0035608312142009408176	-0.0020204974514273750866
2	0	5	0.0018889171233406063313	-0.0029751035614694002623	-0.0011626059753071309958	0.0055050222603953155934	-0.00075556684933624255422	0.0011900414245877601049
2	0	6	-0.001042423320835197606	-0.0032251609623379115348	0.0013586635031466892144	-0.0036545174446407291055	0.000347474440278399202	0.0010750536541126371783
2	1	-6	0.00035970148159074973211	-0.0019949188468112487652	-0.0018292842884252936628	0.00010991554977444223276	-0.00018498022087396571783	-0.00064665369064134258122
2	1	-5	-0.0015975283940486068642	-0.0091919589075757819618	0.0041704376224209359011	-0.0022028785631158149562	0.00019507616686474440744	-0.0041173592756534758627
2	1	-4	-0.0073566174987308744979	-0.0031123642270248705333	-0.0027454178114256597328	-0.010280587820510613331	-0.0043646632022218525074	-0.0041263290686400890331
2	1	-3	0.014971320205464105565	-0.003238123611141600737	-0.011017748201439607134	-0.0011904715726915302866	0.0063082974031628685774	-0.0025555729316582439202
2	1	-2	-0.017844863417797385968	0.026504363319148710465	-0.0080297643970786460044	-0.021236574823431008524	-0.021859745616336710705	0.015886075907433204468
2	1	-1	-0.011324416875718334996	0.0068365266422860332743	0.0027169407047162581585	-0.0012151863548292315791	-0.0199318930467204114	0.012457866929742834536
2	1	0	0.0047081613867922559799	-0.016477718089827089049	-0.0094163227735845119598	0.032955436179654178097	0.045054938267462339707	0.018884442142914681373
2	1	1	0.011027055354679094271	-0.0044587243536655116541	-0.019183592731542031123	0.022796388496916980548	-0.0028705179778161595862	-0.01387893978958595724
2	1	2	0.04863736476025824762	-0.0056247015428527100123	-0.011444094291129356875	-0.01556714502008686371	-0.042915317614693568316	0.013408274052896141867
2	1	3	-0.019273909797049043613	0.0058254446496805818365	0.0019249225527217762519	-0.016340024822370222135	0.01220763234712543728	0.0015630451743363531821
2	1	4	0.00039898606002890431039	-0.00078987034850466861669	-0.006883703769144716364	-0.019851242103068354045	0.00152143291227172699	0.0053577457000194223316
2	1	5	-0.00072051520578728675635	-0.0013480608911205455101	0.0010132701567588690492	0.0037809177113701155498	8.55520509631409171e-05	-0.00021695918582580487883
2	1	6	-0.00061100466196972421425	0.00057986651943258359608	0.00047515173143400916316	-0.0005319806985008591893	0.00012447626541757321993	-0.00010462539006071798692
2	2	-6	0.00080329052825483247043	-0.0033783781917699922705	-0.00042009535639326499269	-0.00079886262929208145308	0.00012773172395385580784	-0.001392413607020691205
2	2	-5	-0.0019557977817399540242	-0.0035175895676913793673	-0.00073961626366572847963	0.0034132640696062179798	-0.0010781656181622729582	-4.173019923406456449e-05
2	2	-4	0.00017793688461612041231	-0.0030058277379280862358	0.00056725932110778605651	0.0030781197516286649442	0.00037259810286195324796	3.6146006850289401607e-05
2	2	-3	-0.0046782830498894138749	0.0052210626795754526072	0.019108789143629709845	0.0065364407288407908037	0.0096203373958268639798	0.0078383356056108289406
2	2	-2	0.0072939811876482889968	0.025200012622406064988	-0.013752059394464090369	-0.01230132190268987992	-0.0064580782068158013726	0.012898690719716183334
2	2	-1	0.0048616547160902218172	0.0069761482132351922483	-0.0032782162460995574287	0.0060354259562166367656	0.0031668769399813279097	0.026023148338903658028
2	2	0	0.00051479749374533779853	-0.0020093557614676727657	-0.00051479749374533779853	0.0020093557614676727657	0.010792243202500800825	-0.02763778267646429046
2	2	1	0.016563341242834157818	0.018343524039646307011	-0.010801077070229571364	-0.023672698580282480751	-0.011524528345209171173	0.010658349081272345746
2	2	2	-0.015859220585274478449	-0.0090930376821387673414	0.024039885523696812031	0.002391713960555407522	-0.0081806649384223353166	0.0067013237215833593857
2	2	3	0.0084591067381577459555	-0.0033140354146828461188	0.0014334931866226126394	0.010135386609709388581	-0.0065950666165202386296	-0.0045475674633510283079
2	2	4	0.0010229002516751806769	0.0029239584483084241767	0.010703939352419958655	-0.0022355350136274961328	-0.0058634198020475697746	-0.00034421171734046407615
2	2	5	-0.0039512288690694112592	-0.0088247828673542801775	0.0042336362627488164506	0.0030308409914232368326	-0.00011296295747176232323	0.0023175767503724178584
2	2	6	2.557751960491417881e-05	0.0016172959937781367524	0.00031894702333254941473	0.0010508644354676110674	-0.00011484151431248786903	-0.00088938680974858257047
2	3	-6	-0.00076313542835427334785	-0.0016415676428491556612	-0.00048162792548966796343	-0.00039366584454938883045	-0.00049519243886292515187	-0.00074402213655774623001
2	3	-5	-0.0013836841746690537857	-0.00019204852166033556274	-0.00015863863101159340853	0.0013273534507122044038	-0.00064865684847457754855	0.00071959266176318842801
2	3	-4	0.0011489475769061762486	0.00016113706989993327977	-0.0056467575174744700367	0.003318554640838134763	-0.0036605943496527642948	0.0025694845155785676037
2	3	-3	-0.0019759519941349216153	-0.0078182592539202833831	-0.0072711995584787154218	0.0037609426590375677653	-0.008588500887901997366	-0.001451230176909287968
2	3	-2	0.0068678735611123068253	0.00079762746034754380183	-0.0097618905936020690384	0.0052353316543187616849	-0.0077749623292907958649	0.008650624941825686004
2	3	-1	-0.0026549864183847068921	0.0059137860777735444182	0.0054849571679772409979	-0.0066928394887093255183	0.011144898667162308342	-0.0082509463105808877187
2	3	0	0.024902618179163303613	0.004936523679347224261	-0.016601745452775536899	-0.0032910157862314826961	0.004068687536674554274	-0.012726866017498519867
2	3	1	0.0065598731809259598971	0.0090529196072796740136	-0.0091470437680929179286	-0.0078406317917216108299	0.014321384942426830522	0.0054160561606054818604
2	3	2	-0.0023395237722602527444	0.007499649271633950301	0.0042482763957196936072	0.0098901950424406092494	-0.004032890821319286799	-0.022334941835294865042
2	3	3	-0.0021901086228096238243	-0.016505090925757973791	-0.0034109659656888077425	0.0052835496674047376098	0.0048710383808952236254	0.0057198442831005794074
2	3	4	0.0016427008571947847478	0.00095243063584168625568	0.004257988215605454374	-0.001345248884412671847	-0.0040148415903014838049	0.00053272134538866070322
2	3	5	0.0018663129276088427817	-0.0024102100501544460043	0.0023375491708274255195	-0.0015570982588093476833	-0.0021490546735399925111	0.0018983429753473869683
2	3	6	-0.0014793057763272730691	-0.0012204366292160374365	0.00086313434002307360109	-0.00048308271177297814301	6.1534755430887506131e-05	0.00064835356562516818085
2	4	-6	-0.00017256479633859225981	-0.0013473861195495775989	0.0010473493810994772158	0.00039824060922944245653	0.00064071132195345399402	-0.00018363496703023094044
2	4	-5	-7.5553819640143720293e-05	-0.00018706196033362227932	-0.00053012572685152341105	0.0003363760936050270425	-0.00045432210933727621696	0.00019427609075057272769
2	4	-4	-0.0017163600603828041164	0.0015820132008895182972	-0.00030586476522819942099	-0.00063576009251437731479	-0.001164044795419601425	0.00015524650793038191512
2	4	-3	-0.0036282813485244017407	-0.0071851287969297494493	-0.00046516817217965667017	0.0018834202853020226912	-0.0030390784619224770098	-0.0022788588175504690889
2	4	-2	-0.00025065641220738148947	0.0016351720493257557772	0.00076412509491017384291	-0.0023522773209240402208	0.0012775937776129662506	-0.0030693825925223244475
2	4	-1	0.0036489734455046629082	-0.0051059871964758861071	-0.0032812147457872233892	0.0037033529655216340312	-0.005826912092139568608	0.0046014374691347656454
2	4	0	-0.0037105756507141650878	0.00139166492597775685	0.0018552878253570825439	-0.00069583246298887842501	-0.0098761053323571761087	-0.0074436107218351843171
2	4	1	0.0019269311502171566387	-0.0074676790704311032942	-0.0025129960089906276666	0.0039137296127796641562	0.0061981217355281982562	-0.00071956031025644765116
2	4	2	0.0029447716048927579519	0.0017011752426836829113	-0.0019601835926657245474	-0.0045109512751584654802	0.00097559558043869092601	0.0073207273076332478323
2	4	3	-0.0032021686255536401661	0.0023992943109501928441	0.00247786907800844362	0.0016476451367957117931	-0.0011690463536421647883	-0.0037963897230277442868
2	4	4	0.0024417314983330839356	0.0014918297977059488939	-0.0029431209754448490502	-0.00187587529568964545	0.0017222552262783068656	0.0011299603968366711115
2	4	5	0.0016591430297673013302	0.0013508616396286502511	-0.00040149359988302546921	0.00043155302613102881166	-0.00034246233200050009166	-0.00088558707675628314977
2	4	6	0.00051796709112798247545	0.00095488254121242469898	-0.00034524705721316245382	0.00021624148149545688704	5.7509007766114148582e-05	-0.00046245516806777949102
2	5	-6	0.00047201815952351873626	1.5482769762924275173e-05	-0.00039806553448347247294	-0.00014735838841853346926	-0.00017438189222838748203	-0.00011763773376113647164
2	5	-5	0.0001391901930222204679	-1.2232160521983701507e-05	-0.00010444002759397781231	0.00038994017702229387444	-4.8763950385089630565e-05	0.00038504731281350037825
2	5	-4	-0.00083733608465504072958	0.00029748625674321557254	0.00092156831614343250134	0.00037282630312482215647	0.00073329235285177023478	0.00061477600727763545476
2	5	-3	-0.00010087442999492135282	0.00055206342701981088537	0.0015940269881331680778	-0.00074432507951387736136	0.0025894620268919993182	-0.00087249951450992164256
2	5	-2	0.0026502818561920395667	0.0018801068247519428338	0.00072662732925950971989	-0.00060379243577526062539	0.0044668501793408135411	0.00037062573531379143293
2	5	-1	0.00059092668616020805217	0.0026277926457731531559	-0.00042407626944822226231	-0.00060885816496911583217	-0.00093852797492069526143	0.0022112944667007274763
2	5	0	-0.0025855460774689320753	0.0021896812104531724295	0.0010342184309875728301	-0.00087587248418126895013	-0.0067908363896472777321	0.00078544367489352825105
2	5	1	-0.006846069488791190448	0.0012319630146170274052	0.0011636162554477468521	-0.00057120090676786403495	0.0078740577003436479364	0.00039207850460526525588
2	5	2	0.00028883596931201344863	0.0039258159681938584532	0.00048957076463988032002	-0.0005971236454104208221	-0.0015127628809117144113	-0.0024330068546678058558
2	5	3	0.0012697538701715847288	-0.0013853571550385089788	8.6482491486282610628e-05	0.00027012709709351801022	-0.00099064006592486093632	0.00047335960820314265359
2	5	4	0.0004689186411938635465	0.00087696926032538192325	-0.00016693743762132419277	7.4884157913547794508e-05	-2.5787523570276539066e-05	-0.00053208982755462575897
2	5	5	0.00021718399893347085103	-6.5902806010046486728e-05	0.00046237411321272184599	-0.00078432266091365047088	-0.00054924771278611018641	0.00081068378331766906015
2	5	6	0.00032605022360458887562	0.00051338684800994645058	-0.00025839930158308931606	-0.00025760333643109518823	0.00010664934345104478677	4.3540497689263878394e-05
2	6	-6	0.00029613226238112849188	4.6185702912345654863e-06	-0.00010308165049483503767	-0.00023700937387891070763	-4.3708963677922087399e-06	-0.00023546985044849919879
2	6	-5	0.00010543724011935324777	0.00071817414959540228081	-0.00043984064085197694402	7.9561533223331191143e-05	-0.00048563387297463102288	0.00038274349970615834712
2	6	-4	-0.0001337442219218877256	-0.0008455279378320101815	0.00025490972206350956484	0.00029057993038069437203	0.00031549247213432052512	1.3105926655036477453e-05
2	6	-3	0.00023068816830017444008	0.00099788308312637966774	9.0538534966084742851e-06	-0.00027724511876245691968	0.00017189981919333324647	0.00011076515122600586686
2	6	-2	0.00092659678311093386389	-0.0016709930305382537409	0.0002607760216448311622	0.00039992900421832679094	0.0017089248480454274047	-0.00047120601788327331387
2	6	-1	-0.0006694074177940931682	-0.001086619238807444562	-4.0600199582102262337e-07	0.00062547321257125907713	-0.00134125084756311257	0.001579600797812664905
2	6	0	0.0020747635238981790469	0.0026545776085097451749	-0.00069158784129939290721	-0.00088485920283658172497	0.00065427755355142928721	-0.00058287133138364935914
2	6	1	-0.0029293576943366780516	-0.00039397148656617202341	0.0010286474575274672395	0.0003021318088570172514	-0.0003131693564914476589	-0.0010248478800097594616
2	6	2	0.00096539484058665611492	0.0032427667633702075486	-0.00032447981051959509267	-0.001475699342432424668	8.0445909721291681752e-06	0.0011843312639270664553
2	6	3	-0.0001843235562237103642	2.5038734723408245678e-05	0.00010869579984031258206	-0.00021445637968573919669	-9.4509228864818263689e-05	0.00041222026955587293693
2	6	4	-6.6974249503866473631e-05	0.00029560007685003894876	-0.00028943789150894980687	0.00017897646299259211615	0.00046764396201535800811	-0.00041626473291390768926
2	6	5	0.00014733348241601163181	-0.00046403622292747772043	-5.4268328114972383077e-05	6.2328695442810465961e-05	6.1886007715622086612e-06	0.00011082005463961853986
2	6	6	0.00017552382205651584249	0.00020559979209860322841	-0.00024819195661561846162	-5.0711198945795068972e-05	0.00018968401593011318079	-1.7822065087072673831e-05
3	-6	-6	-0.00017023410207986033557	0.00013042502673116609414	0.00026078314198857237543	0.00060353699990483937726	-0.00034590019302850252966	-0.00053832448653925633018
3	-6	-5	-0.00044761593593848242626	0.0005522845495455155386	-0.00028627885184981480705	0.00021869252136641199706	7.4965060656688301856e-05	6.8939704087614937528e-05
3	-6	-4	0.00024837049484106431957	-0.00022961276679178289754	-0.00014774646273449460669	0.00013393066329573383578	0.00040789756523254013616	-0.00037310557003743792005
3	-6	-3	0.00068991893030449660904	-0.00077525833290865563564	0.00062769225872073928368	-0.0001105405747159786872	-0.00056546558713698195833	-0.00055417718347669823412
3	-6	-2	0.0005753192728561454727	-0.0012006184493235367954	0.00051376979836529647339	-0.00055364335246404919669	-0.00067833048581167115689	-0.0001399976165931577656
3	-6	-1	-0.00058382832706783212209	-0.00059330318719292771124	-0.00018821854129343857189	-0.00033370963782686696502	-0.00062217373344286477227	0.00022234826538241868354
3	-6	0	-0.00071037947711104991021	0.0012406162735306123807	-0.00035518973855552495511	0.00062030813676530619036	-0.00016054256824649939736	-0.00025879943812802700884
3	-6	1	-9.6163415274462967056e-06	0.00027389153777011176387	2.5814583325004243321e-05	0.00043927968065424270565	0.00018373652453236433819	0.0018140034706151208881
3	-6	2	0.00043387474807515368901	-0.00098376653883988076851	0.00041624694827515544646	-0.00037690211162913147972	0.00059792872271273586008	0.00034494347337242682204
3	-6	3	-3.4538078847107506859e-05	2.5682049373573896352e-05	-4.4211148729584455431e-05	-0.0003582097140184144473	-5.3884218612061397227e-05	-0.00074210147741040277062
3	-6	4	-2.9318793549815783128e-05	-0.0001564895534842404806	-9.0218087313519122208e-05	0.00019264215937508816245	-0.00011333803580791684427	0.00040633040417581260412
3	-6	5	0.00019082597896511241517	0.00047208575614029465528	0.00035586742112434806675	-3.8843581351421226989e-05	0.00031254531797015022015	-0.00032986375130588226285
3	-6	6	-0.00019373751487173685761	-0.00010505286701136218276	-0.0001809879491213191023	3.3484750339998609861e-05	-8.4119191685450673494e-05	8.601118384567970124e-05
3	-5	-6	0.00025053966706326316876	6.9834214126797652028e-06	0.0001206422414971449012	-0.00022404752491904001582	2.4734632284010827735e-05	0.00019019798147220656217
3	-5	-5	-0.0016385484295683278282	0.00091823351397341196941	-0.00041866143355238910747	0.00040475186809032132106	-0.00056446762418860762199	0.0001461882402937258389
3	-5	-4	0.0001881150186729167121	-0.0011388617180792691332	0.00045679027645907876965	8.7545634903578505796e-06	-0.00042990158156916094155	-0.00086508949292239927919
3	-5	-3	0.00037397853720531773567	-0.00030868434738489655212	3.6468134234462748673e-05	-0.00079824209440153965061	0.00031319831348121314777	0.0010217191432843363615
3	-5	-2	-0.00023257830193265668721	-0.00078817652814694297899	-0.00030415862634261341905	0.00012306549010643669175	0.00041152911295754853035	-0.0014899285174865060759
3	-5	-1	0.0018798280674622198927	-0.0014149723201808224113	0.0018282326714409839231	-0.00080327134114189960128	-0.0035016791548182599376	-0.0002285602548329693901
3	-5	0	-0.0012234873218850905122	-0.0017285330053796663097	-0.00073409239313105428566	-0.0010371198032277997858	0.0026003412083952740647	-0.0013155307694063687798
3	-5	1	-0.0004823121002677847294	-0.0027086527462415323046	-0.00032943656366978902109	-0.0016023375055042247527	-0.00020024651754559102566	0.00011427071120347258109
3	-5	2	-0.0051759686914188774223	-0.00022761014724545841821	-0.0026856517058306637186	-0.00040601896469382857836	0.0010498237725516568371	-0.00067363219086638385924
3	-5	3	0.00057523324885843632633	0.00013896558697080738987	0.00021884004475409345549	0.00053848370334856458536	-0.00021049984093494717059	0.00075850725194346701845
3	-5	4	-0.000917558841431173936	0.00071575183411858576445	-0.00041058257252216232187	0.00037369099297828952712	0.00017494091542067757676	-6.97001343660774822e-05
3	-5	5	-0.00051225699883437837614	0.00076062752822211095616	-9.0827943701282703092e-05	8.6938278436741531631e-05	0.00021652625559934432259	-0.00036943823849652508273
3	-5	6	-0.00018503723358616433773	0.00052439533216958229573	-0.0003435437497076192009	-0.00016683191438970646501	-0.00019376784129660051662	-0.00040122426140954650826
3	-4	-6	0.0010568449423603517873	-0.00070299931462070334651	-5.3254215976021086363e-05	-0.00035018957158501666732	0.00056392528183085667212	-0.00011803994292034057526
3	-4	-5	-0.00077849679465679191576	5.7564432728108289711e-05	0.0011213927644515386643	0.00038163020387028452228	-0.0013642122883553060592	-0.00027076550345936264671
3	-4	-4	-0.00046913240761457098262	-0.0010466039334886426213	-0.0027216508811911703167	-0.00013850355329333025869	0.0023698015754802419577	-0.00064644939682315181572
3	-4	-3	0.0022052434287842459168	0.0035338500856980851854	-0.0018707069509929824709	0.00070229289309331629186	0.0046995193634415555889	0.002597459561573663752
3	-4	-2	0.0042434479371083969751	0.00092345250366211316297	0.0025477810019558858046	7.9001733132833546337e-05	0.0012696099017508242872	0.0012271752892275026789
3	-4	-1	-0.0037479208754139891994	-0.00062507581638118498574	-0.0021952952431780097323	-0.0013421257598852710281	-0.002462581653529929103	0.0034932755903975291553
3	-4	0	0.0024495852673683893644	-0.0031798295386087985226	0.0018371889505262922401	-0.0023848721539565988919	0.00031133924562963549579	-0.0039321010539972098274
3	-4	1	3.8849421088771802547e-05	-0.00070337081064344693718	-9.9331242675112211725e-05	-0.00039427217507543611819	-0.00051387323396676423421	0.00053302373162859644721
3	-4	2	-0.0013660100905298832533	0.00010358275277932574375	0.00098253717908812010853	-0.00062743863750741222206	0.0040140894939710647718	-0.0014102514041838131072
3	-4	3	-0.00095264629087219148545	0.0018713237934454304921	-0.00023824885406103994798	0.00030525189956581597018	0.00063498115212413822148	-0.0014643212606910091262
3	-4	4	-0.0021411667211071578297	0.0020170048599212724028	-0.0023456361843979191446	-0.00075648644211887840737	-0.00073976114356755066394	-0.0022692400870598329263
3	-4	5	0.00029113863594493351707	0.00055210377716885983453	-0.00044989803077611522546	0.001483155554139325245	-0.00053460160618785230145	0.00085526217701014425193
3	-4	6	0.00025522032936730752913	0.00030663337430263945061	0.00060449089413071180679	-0.00043570794089729114476	0.0002753837647368207733	-0.00044378864774951383085
3	-3	-6	0.00089291840792930527587	-0.0013017055604635069908	0.00058799975714377234002	0.00023049571475077787258	0.00015245932539276646793	-0.00076610063760714235039
3	-3	-5	-0.0016614748536629571872	0.0014696277730170933043	0.00080921497517659533947	-0.0029653713138086115406	-0.0014824138973037316678	0.0026609994520954229937
3	-3	-4	-0.0026669216396636116241	0.0021617920654352596951	0.0017589157668149611388	-0.0025212580372537120137	-0.0033193780548589294638	0.00351228757701672889
3	-3	-3	-0.0025232166588339999432	0.0023776648063052450467	-0.0010637925172938039655	0.0060372019840235222402	-0.0014594241415401961945	-0.0036595371777182771934
3	-3	-2	-0.00032215084347540686718	0.0036354264944203147809	0.001658976011845146115	0.0097529574536311166438	-0.0029716902829808296629	-0.0091762964388162025775
3	-3	-1	0.0036167609338387009255	0.0044825128429671476024	0.0028815099382154124585	0.003061536339249005742	0.0022057529868698645334	0.0042629295111544264485
3	-3	0	0.0016887954828972296783	-0.00063986777825216813176	0.0016887954828972296783	-0.00063986777825216813176	-0.02176204266732711945	-0.0089495212935989838787
3	-3	1	-0.0021185937697605974894	0.00021834568248716934255	-0.0025229321168437914523	-0.00059883845267653284302	-0.0012130150412495816718	-0.0024515524054911064754
3	-3	2	-0.0027440556428886876163	0.00040956978497666362117	-0.0027738104443610768317	-0.00082516821204027849482	-4.4632202208583660486e-05	-0.0018521069955254130385
3	-3	3	0.0019893626096540279434	-0.00078444047998703933609	0.0015755651111687210553	-0.0024150036659686823122	-0.00041379749848530694234	-0.0016305631859816428677
3	-3	4	-0.000536729925142210673	-0.0016867864330662313277	0.00037046813642081468558	0.0016074527758819189254	0.00068039854617226900538	0.0024706794067111126356
3	-3	5	2.7857272902979292312e-05	0.0011982443764818417973	-0.00063369417149669322441	-0.0013418006323833366489	-0.0003969308666398034687	-0.001524027005319106981
3	-3	6	-0.00063595272092929267579	-0.000215977462142520469	-0.0015901617084843886526	-0.00051529748133344050864	-0.00047710449377754804261	-0.00014966000959546003337
3	-2	-6	0.00093379205481322006405	0.00046644574942778497693	0.000667692405387219131	0.00022435787722420639481	0.00024433189227753698836	0.00015843691563915702353
3	-2	-5	-0.0001682483403587724084	0.00038466792134129475624	-0.0033484574168892332	9.3185487145437944246e-05	0.0012384339625404298946	0.00019352655794660169773
3	-2	-4	0.001632887803275506625	0.00041839679722986450501	0.0033206308319477986085	-0.0023736055619449527958	-0.00043564956351726933552	0.0015006003788948748309
3	-2	-3	-0.0099137898217397692202	-0.0039146579009212379915	0.0043267036174809685861	-0.0038814424560773860655	-0.012798258900060414944	-0.0013270295968696467753
3	-2	-2	-0.0033312866088983732714	-0.0011700440136350777343	-0.0024869277062677126039	0.0090025942589638079105	-0.0025100022070798466527	-0.010757660279416424512
3	-2	-1	0.0089984063728709064861	-0.010771497446934300002	0.021495311528771741255	-0.018955473376403117469	-0.015995403938930768256	0.0055964544120033349328
3	-2	0	-0.00040979000645794257064	-0.0066674326356911698885	-0.00061468500968691382885	-0.010001148953536754399	0.0084656481423934400177	0.006703090136889433906
3	-2	1	-0.00080048251386065729686	0.00022551943700014107736	-0.0067787331767564145205	0.0096028755071250696679	-0.011156018811930857801	0.018529192703249715291
3	-2	2	0.0016785709670902866468	0.0036331099441732055827	0.0024177833568310267039	-0.0055092799334068775705	-0.0001000730938044031037	-0.010958944849666685945
3	-2	3	0.0075518521605082433723	0.0028520373165153187038	-0.0015758858382737448659	-0.0044774348547688778283	-0.0086024427193574070499	-0.0058369938863612374005
3	-2	4	-0.00069049002300941185115	-0.0037646227344892290063	0.001788541586267348299	0.0039105633184693972676	0.0014121383103907331463	0.0047787487101016200633
3	-2	5	0.0022639827070230007962	0.0010107657777549392854	0.0010779015996250169897	0.0011722734984694214901	-0.00092722898436379359507	-0.00013755006726519505107
3	-2	6	0.00024606078427966848353	-0.00096328869487923084007	0.00011410258495493090134	-0.0012710806525784057626	-8.4996197154857270131e-05	5.7950796580146814434e-05
3	-1	-6	-0.0006789446761630170803	-0.0009432261033241918927	-0.00032802599175293044829	0.00061512024429525354735	-0.00028480133945602015017	-0.00057413309237797159178
3	-1	-5	-0.0014977903844084425062	-0.0029306370965994986248	0.0034036700330705603121	-0.0029019880152053572492	-0.0015794082372591776095	-0.0011779846549186275516
3	-1	-4	-0.00087848608704523423879	-0.0034361503899146411678	-0.00091426630487292665905	0.0043851212446114670035	-0.00043029798906569398723	-0.0036733931035888476267
3	-1	-3	0.010628743063737762856	0.01809454406114635247	0.00096911888648826467231	0.0048347838926231147955	0.01030570343490834137	0.01648294943027198145
3	-1	-2	-0.0029017070385064986683	0.0036237884795932238241	-0.017682751170891349707	0.022662581168599600645	0.0044888150276859266341	-0.0058956078649099645864
3	-1	-1	0.0032696394868513252788	-0.00053269317505540896094	0.0033678975532714970978	0.0023452813635462632473	0.0064410209072824787385	-0.0039433608887124898049
3	-1	0	0.0012561728436540678909	0.0072406052245697245795	0.0037685185309622036727	0.021721815673709173738	0.0060802542905544591789	-0.0076527332362194243343
3	-1	1	-0.0045413169812027545658	-0.010115707267465370855	-0.026454966861733830025	-0.010569578217236315354	-0.012831015918125568062	0.019777543585159793743
3	-1	2	0.0030755505236843942718	0.0029181587588044291363	-0.015009616559601443239	0.028792406174817656433	-0.01211813406532731216	0.010018964949202183862
3	-1	3	-0.0057995044776935119474	0.0027239271195147337322	0.0022507544041153269149	-0.0066723163922195989975	0.0065497559457319536741	-0.0049480325835879338317
3	-1	4	0.0025057663017006587963	-0.000245846748672183253	0.0061206237194084507289	0.00095871717705385138715	-0.00034916879642338141503	0.00042406435576760031364
3	-1	5	-0.00036524957074060413658	0.0028791332819078484934	-0.00243601601175031518	0.0040994006798611782108	-0.00026805345990570052152	-0.00090759983317247343217
3	-1	6	0.0014473081921507690521	-0.0010026259321346670233	0.00074540757750798881855	0.00046128540165198166556	-0.0005994194998240530382	0.00057819386634266379827
3	0	-6	0.0010002206506015927975	-0.00026289473168272862709	0.00031566686723533452603	0.0028599509672395479962	0.00050011032530079639873	-0.00013144736584136431355
3	0	-5	-0.00071559912466849463428	-0.0032862850142202750317	0.00024540040781713363472	-0.00155852843628665849	-0.00042935947480109680225	-0.0019717710085321651925
3	0	-4	-0.0032746736717603626941	0.0002382372468563477032	0.0017677878995717112229	0.0010314440485116973308	-0.0024560052538202719122	0.00017867793514226079773
3	0	-3	-0.0059599014321747223119	-0.0048399716677143232724	-0.014281253448338599582	-0.010725490582501398529	-0.0059599014321747223119	-0.0048399716677143232724
3	0	-2	-0.019793195812580037518	-0.0022884722182529987355	0.015844968005826135654	-0.0064339031080559985418	-0.029689793718870059747	-0.0034327083273794981033
3	0	-1	-0.0038565884292342997829	0.014282954483565526646	-0.0053069065060057738631	-0.007657630656206327463	-0.011569765287702898915	0.042848863450696585142
3	0	0	0	0	-0.0012787112893495357346	0.01300249504900936881	0.023032955415152666506	0.0069000297175226404933
3	0	1	-0.0052516129840819783525	-0.00098374037959511151201	0.010450636325146612018	0.0079686926550653711804	0.015754838952245935058	0.0029512211387853343192
3	0	2	0.0091263409417319581868	0.0048438025473719614755	-0.014302437566610202643	0.011629079368401278732	-0.013689511412597938148	-0.0072657038210579422133
3	0	3	0.0079036464600383757317	0.0082867658942402649264	-0.010452958366330150283	0.0017077855032775037317	-0.0079036464600383757317	-0.0082867658942402649264
3	0	4	0.0037656144915198413482	0.0010353646886678707657	0.0026060491411988122301	0.0016548709119216342515	-0.0028242108686398811196	-0.00077652351650090312846
3	0	5	-0.0032060018591381356234	0.0021454017249383258541	0.00029567402399843242073	0.00061800710591406436429	0.0019236011154828813307	-0.0012872410349629955558
3	0	6	0.00099399335616916369672	0.00068067539170462332439	-0.0024131966578924339377	0.0014908798549157485126	-0.00049699667808458184836	-0.00034033769585231166219
3	1	-6	-0.0012114494930794406351	0.0011008868867010087635	-0.00061158704352183633317	-0.00065292949674320799151	-0.00070765592046002640924	0.00044162186055996969841
3	1	-5	-0.0021347053392014097781	-0.0040432021733013993534	-0.001102101270207328813	-0.00043036949111421575432	-0.0015012434575623115861	-0.0025119952022036829906
3	1	-4	0.0068874294144588487851	-0.002553598740456704437	-0.0045715254269009901467	0.0019176399153415808058	0.0040226907041188888353	-0.0014357890765071329095
3	1	-3	-0.00068455492648174514226	-0.0022664026170595981229	0.0054695741840118045421	-0.0089217442864436610067	0.0011386364681888563356	-0.0052403173792074844023
3	1	-2	0.0074226912643423686652	0.00745254056122060006	-0.0071079611542814074079	0.013247872948392164227	0.0075800563193728492939	0.017802747316026983071
3	1	-1	-0.0012797527304024016413	-0.0025886690605549972539	0.0066022673180552568159	0.0068603301634462795014	0.0027630091268480518919	-0.00090567701821871226045
3	1	0	0.0016870768556820538858	0.0062423798273214337398	-0.0050612305670461616575	-0.018727139481964302087	0.00011086610924824892121	-0.034292460560364231015
3	1	1	-0.0095203085091134075774	-0.010597551166569388684	0.012545458707752824012	-0.0048116472472300546304	0.016015466819587396985	0.036604300746938218947
3	1	2	-0.010682768903412161524	0.015089262142510996914	0.0040447271760669202892	-0.01841547792149094559	0.014001789767084781707	-0.013426154253021023444
3	1	3	-0.0046163279089217711115	-0.0017734384539525524255	-0.0094739828466817097019	0.0088034544615738976464	0.0077743221911490073897	-0.0011610463665720801955
3	1	4	-0.0040644741899631513238	-0.0029459297590703910873	0.0010198434672920480334	-0.0010100437614403740428	0.002793394775649351864	0.0024619582596628868804
3	1	5	-0.0010882052324014954755	0.00022721754120941231787	0.0032208847716964812691	0.00031603728670689311365	8.7461851016010057282e-06	-0.00019953798206702599177
3	1	6	-0.0010394807924301923893	0.0012038566610572895305	-0.00073718266315729976193	-0.001339596241553205145	0.00064260417340797945217	-0.00037866229026977722303
3	2	-6	-0.0017251108734647607745	-0.00010787368154455674141	-9.9670981727437529232e-05	0.00066191331287954950201	-0.00089577909730819283828	0.00016670093018757145878
3	2	-5	-0.00037927988237307212228	0.00034373399958548066886	0.00085005466782313678694	-0.00040554739180795643886	0.00011245393770541144954	4.4021443028105829837e-05
3	2	-4	0.00083439938103257017907	-0.0028842203147610152685	-0.0066225560770487605297	-0.0046942870827824017058	-0.0026854785027499526034	-0.0045103087774619621958
3	2	-3	-0.0058476578211670666649	0.0024644386020093939429	-0.0053915450012256629919	-0.008686371629709121675	-0.0094420211553175089486	-0.0033264758177966868846
3	2	-2	0.0062645870664970676814	-0.0051735306617288669834	-0.0013948375212852841525	0.016312858313302761731	0.0080020430784603184537	0.0085525623207094621236
3	2	-1	-0.00034627286873536837226	0.0047695115451622119643	0.0023070080939953021421	-0.0060944132251795710836	0.0035751975817844990589	0.0021197081851274950266
3	2	0	0.0090275111588288010217	0.00090761687893503215606	-0.0135412667382432024	-0.0013614253184025481257	-0.036393065157660629827	-0.0056064188479496698467
3	2	1	0.0020419050522399988939	0.0048100450879399103341	-3.5616490875965796587e-05	-0.005595802784237021224	-0.006054482174968064262	-0.0032385296953456885541
3	2	2	-0.0042585031665543235727	0.011227013802509353338	-0.0026279834359187854119	-0.014186475418134397372	0.0090157381857502699035	-0.0026540452856296313337
3	2	3	0.0003666723796510974135	0.0035981628883242737504	-0.0012391411282162195697	-0.0029990793869557998488	0.00045942170582638231771	-0.0015987766303537404456
3	2	4	-0.0015514529759863939559	-0.0016941993537611720142	0.0030611861278583185793	-0.0043521204998963683441	-0.00036700333193936382275	0.0034467097652690634538
3	2	5	0.0035762669147593210625	-0.00047589251528035419591	0.00038567713255350014566	0.0030769521410574950972	-0.002300031001876992609	-0.00094524534725478552132
3	2	6	-0.00092999043542294835326	-0.00037001598346219109282	0.0010762296086742337894	-0.00068207195311673464791	0.00010625201482006292706	0.00041236530943667375334
3	3	-6	0.00093416174251614392341	0.00079921255539767315553	0.00053921974231206822037	0.00034690768866399006873	0.0007366907424141061261	0.00057306012203083163924
3	3	-5	-0.00060173959482161362873	-0.001152014674519952946	0.00020458006300818414275	-0.00078434170321503853159	-0.00023829571908805767533	-0.0011618138266409948432
3	3	-4	0.0020509991089462989954	-0.00017395625372925986487	-0.0012140740018708325813	-0.00075021697340473534384	0.0006276938303065999732	-0.00069312992035049645397
3	3	-3	-0.0015258946322119421642	-0.00059468942980862220336	0.00053783449353234124343	-5.4525219804086516378e-05	-0.00098806013867960102923	-0.00064921464961270874006
3	3	-2	-0.0046380930177168568779	-0.0032442913058284292629	-0.0014912874444432012034	0.0051705179033184655094	-0.0091940706932400872303	0.0028893398962350539359
3	3	-1	-0.0064528948229371722173	0.0015980177736193332781	0.0095828574778685053637	-0.0035258888634570654218	0.0093898879647939994392	-0.005783613269513196431
3	3	0	0.0054122338206501734853	-0.0037418354017245830656	-0.0054122338206501734853	0.0037418354017245830656	-0.0056942135755348056297	-0.0079469435253854778939
3	3	1	-0.0057659715777574780879	0.00058270210157455209262	0.0044434522789308398757	-0.0037393658418293277378	0.0039675578964799146364	0.0094699912207643274775
3	3	2	0.0048377244334200661738	-0.0037945761317347654826	-0.0023217543885881261785	0.0011690616798130239011	-0.0037739550672479102097	0.0039382716778826121554
3	3	3	0.0012715227203003796452	0.0052399128477690860503	-0.0016044373080074073468	0.0013722981784559493308	0.00033291458770702764746	-0.0066122110262250358148
3	3	4	0.0019793988119876947986	-0.00095147537965445828229	-0.0040949055630060656255	-0.0034377104657715676535	0.0015866300632637784455	0.0032918893840695193434
3	3	5	0.0016665403664859594103	-0.00018953967968208336372	0.00063364477711518702677	-0.00035718963252771103369	-0.0013801110861606877972	0.00032803758732587661676
3	3	6	0.0011488060682584718374	-0.00013721863511919569286	0.00015590588185879702423	-0.00068141081893581718649	-0.00065235597505863439013	0.00040931472702750642612
3	4	-6	0.00024696293024854533383	0.0006860591287082300942	-0.0001920432917591997034	0.00048848029786386346941	-4.547396048527152576e-06	0.00066868309626335730583
3	4	-5	-0.00055335690740157224884	-0.00053292243373492950102	0.00094296903048122257106	0.00033557209920010230711	0.00042236107994403468587	-5.1295780880875812906e-05
3	4	-4	0.00098272771263145978181	0.0013870022208246955784	-0.0017206094709835792912	-0.0011488473896761144423	-0.000983563686509984509	-0.0001085957240575927856
3	4	-3	0.0005678851494932083549	-0.0014770748190267380187	0.001970175278396531747	0.00084662972479274123394	0.0031947855206885841621	-0.00034823518596974970679
3	4	-2	-0.00030271913134401369494	0.00053320641177996249468	-0.00097477567515112098148	-0.0024096880062135358699	-0.0024036300473182625054	-0.0040195663947571276184
3	4	-1	0.0010632256012926926108	-0.00029852640606948513315	-0.0014660395700342348027	-0.00014856705678383837601	-0.0026744814762588611616	-0.0014898474453438087951
3	4	0	-0.0077817857958891144265	-0.0065535035919284589587	0.0058363393469168358199	0.0049151276939463440022	-0.0016062650917372004681	0.0016150613709805718837
3	4	1	-0.00012388914517238780238	0.0034382506958937240557	-0.00018895306666155534982	0.0015726117978316870184	0.0011274797021633847522	-0.016605199279007921975
3	4	2	0.003452963542387161959	0.0042086926540379930237	-0.0031784863161758063546	-0.0052076176869585823551	0.0011775273187708699876	0.0041021963928601756083
3	4	3	-0.0021839649931050821551	-0.0036801959922583391167	0.0015528448556901559407	0.0024483588197005755165	0.00011350518551820769396	0.00041571756599090509479
3	4	4	0.00059787481260323847073	-0.0016930839854302091787	0.00070813069865270454866	-0.0012957629298214529048	-0.001156536808105133483	0.0025655759188941097346
3	4	5	0.00012752941904656061277	-0.00057082869426740507138	-0.0010703266458447144305	0.00065478413654980244154	0.00077974366524783517672	-0.00018133009267939887788
3	4	6	0.00028660834098421611406	2.9127371322568556411e-05	-0.00045445756022304505378	3.4325044876934024667e-05	0.00015966753632325531216	-3.7447048912573626289e-05
3	5	-6	0.00012419811721322705886	-0.00030827514583653176008	-2.5343548811080430686e-05	-6.3756816051739872162e-05	4.0979434597379834368e-05	-0.00020726825296138245373
3	5	-5	0.00015856605840966484021	0.00088844055202314149711	-1.2319775571075896464e-05	-0.00066873030421707902078	8.281985947472300766e-05	-0.00013566597300319411168
3	5	-4	0.00047525201711569678171	-0.00036549835297921054716	-0.0011770554160210788992	0.00091039292005760615901	-0.0011148802571895762275	0.00086386738533759986972
3	5	-3	-0.00032075556893212958534	0.00095897271592008210758	-0.00041933708672668517335	-2.3067728840241395738e-05	-0.0010196507134766048201	0.00092052650118634650901
3	5	-2	0.0019301380870898952706	0.00043758957823381656928	-0.0013044629979779070669	-0.00043629101647646776046	-0.00036595036430992497825	-0.00043434317384044454722
3	5	-1	0.00051591530192442126498	0.0007775858401168412367	-0.00063045638785575743544	8.2973075602474767425e-05	-0.0016045360335055235991	0.0027476228983628974388
3	5	0	-0.00011035664653253158477	-0.0019200947546007777079	6.6213987919518948154e-05	0.0011520568527604666681	0.0056249525974995974453	-0.00039412338069311485689
3	5	1	-0.0023287338998281711076	0.0022279616519124524968	0.001786972601664714097	-0.00062451120285818067721	-0.0019486613088390569454	-0.0035613289414464545379
3	5	2	-0.00060979325732153947734	-0.002364410243033184672	-0.00093346339573575898545	0.00062332844940646216399	0.0032483483753217067339	0.0019882942410336217065
3	5	3	-6.6433571860666048621e-06	0.00043567515624469231985	0.0001333303955041924109	0.00074567617401889371709	-0.00021557396865425407489	-0.0016784687796095151997
3	5	4	0.00038435507718974278599	-0.0010181084505043239401	0.000479454434689097252	0.00088497945026267668331	-0.00088758435125367866805	-0.00034264297495010284482
3	5	5	0.00035829351581018290289	0.00073901342719144092006	3.8646037997026134667e-05	-9.0889901828151669467e-05	-0.00025362214748313589808	-0.00035251815448671287986
3	5	6	0.00034593603916515237948	0.00046583983158239626945	-0.00013219057533115722018	9.6906215898337453338e-05	-6.2809206806611835071e-05	-0.00031367509570647933003
3	6	-6	0.0010062391817227563356	-0.00058484960505994639749	-0.00026916168812160561541	-0.00018474608046485405479	0.00023395790273977260659	-0.00047717088299482722643
3	6	-5	0.00021753080915456121116	-7.0584218510045288817e-06	4.7215910001645517748e-05	-0.00034702885924658950041	0.00018717757749471135341	-0.00042066968420651011358
3	6	-4	-7.5716406779629231928e-05	0.00013451221805444953973	-0.0003100736250523929388	-0.00012366615923530327914	-0.00052189774266331128132	-8.461507531211773681e-05
3	6	-3	-0.00066392835955284695837	0.00073208935354636850857	0.00044377737171038118781	-0.00032775768065347176284	0.00022362638386791544435	7.657399223942498289e-05
3	6	-2	7.5078388465509219413e-05	1.3865656978035686002e-05	-0.00025826360770532692801	-8.8039352073151437138e-05	-0.00066217324041771693458	-0.00024331957075240077818
3	6	-1	0.0012587510063641945551	0.00070873455162333580306	-0.00043909440288239699355	-0.00071235478517699232955	0.0011416866017982015957	-0.0021479250561919466765
3	6	0	0.0019314631048983825316	-0.0039238660524613831401	-0.00096573155244919126582	0.0019619330262306915701	-0.00033201459241339703436	0.0012553878552980025137
3	6	1	-7.4530233584179186347e-05	0.0010610558257137690449	7.8296907801713992617e-05	-0.0006157904907394089189	-0.00024619074605774636955	0.00051157546729514616173
3	6	2	0.0019475685710654247647	0.00022857913485228685676	-0.00095074052680638361252	-0.00027488659608835116143	-6.9131276178986092625e-05	0.00048179108598662311784
3	6	3	0.00033906056093226143774	0.00039178196207474474868	-4.7659420385113369771e-05	-0.00027492579081801944187	-0.0002437417201620346982	0.00015806961956129413505
3	6	4	-2.1216885762280825211e-05	0.0003651728555791704787	7.3625568848948062741e-05	-0.00013126166880498641104	-9.452568895171147012e-05	-7.6987138476898215353e-05
3	6	5	-0.00027993346994425192045	-0.00040338520654522170943	0.0001137574125530809463	1.6832842186906273946e-05	3.1451186902854027551e-05	0.00022183171330284549828
3	6	6	-6.8382400391499574598e-05	-0.00016999138309912876078	-0.00021957166115494147957	6.5695060092496734231e-05	0.00025376286135069122622	1.9300631457067642772e-05
4	-6	-6	0.00031347146114892818778	0.00040899715912621570444	0.00052791788612590727792	0.00054093776401806876932	-0.00031893691202662183748	-0.00026827299126725822741
4	-6	-5	-0.00010128996684924034346	-0.00018784237774098356123	-5.1139972980772922416e-05	-0.00017744633730944179314	-1.9664005902464769227e-05	6.2661702578543305498e-05
4	-6	-4	-0.0002058515382187723437	2.0313390543192244591e-05	1.9070621517439265374e-05	-0.0001668737714431915535	-0.00023445747049493124515	0.00027062404770797956468
4	-6	-3	0.00027417126689495494984	-0.00017834024931691664327	9.3933097959541557442e-05	-0.00020353202740152668789	0.00017769549327419014253	0.00016927705571383115765
4	-6	-2	-0.0011341473806554416923	0.00023181866471888240371	-0.00071359971932816721775	9.4660539514821644223e-05	-0.00012749560332638208379	0.00017965571089329984765
4	-6	-1	0.00038995396636458677956	-0.00034071763148411715128	-5.2331241592456581861e-06	-7.9170233509354501081e-05	0.0015912146104138211351	-0.00088784912488034154442
4	-6	0	0.00054494456586749804704	-0.00030550908318725014364	0.00036329637724499867996	-0.00020367272212483343813	0.00055247468341702420797	0.00055551710240887039287
4	-6	1	-0.00025257293874269735271	5.1117314605445487324e-05	-0.00027786482417616639555	-5.9136631551685681183e-06	-0.00065689719008620907088	-0.00023995123735279333768
4	-6	2	-0.00034079093215504618029	-5.7663686911801663654e-05	-4.5507100619211696276e-05	-0.00030298349074909467762	0.00054506056245245721077	-0.00079362309842368080042
4	-6	3	0.00010588982826316831241	-0.00049958393081251913428	0.00024824220027393271819	0.00018973831220062904236	0.00035529796286364100175	0.0010455885321512836152
4	-6	4	-0.00023195952661706867076	-0.00024820822258976625932	1.8004984402832031513e-05	-1.0009915018790339897e-05	0.00025896700322131668923	0.0002331933500615807715
4	-6	5	-0.00037121404764175672383	1.3932692512585109578e-05	2.7529829534391532536e-05	0.00013529016847133642359	0.00033000703355467520591	0.00015120204815553559626
4	-6	6	-0.00015932192465014841489	0.00068430751225016686438	6.3245952278721638681e-05	-6.6237750794609462726e-05	0.00016946056871215391527	-0.00052244275896138735876
4	-5	-6	-0.0005154725181510835634	-0.00082240572265308365188	-6.0633309052138380181e-05	-0.00029852187401715167287	-0.00029312058789060703055	-0.0002995022534210960586
4	-5	-5	0.00030177864974152002328	0.00019156488159188461511	-0.00025260518713620224362	0.00043663408252230342423	0.00049402810692941831645	-0.00028338217724879571045
4	-5	-4	-0.0004473026349795481164	-0.00032943680470980617712	9.9378062850550579377e-05	0.00037636137787486808465	-0.00057152521354273636434	-0.00079988852705339128293
4	-5	-3	0.00057693780594201334467	-0.0017587142923437659291	0.00019686405924457646638	-0.0016671939321614168226	0.00044114364251505701559	0.00043370416381067371844
4	-5	-2	-0.00010886904033680403717	-0.00045382804637563540703	-0.00012732043419420811521	-0.00076203123349543027548	0.00010056300481191220012	0.00099742199098730487464
4	-5	-1	-0.0018524298995492604388	-0.00033782021036971981434	-0.0015956353067057402109	-0.00027638967325067058519	0.00056845693533165864847	3.0667524774473594077e-05
4	-5	0	-0.00051784624436782824772	-0.00015696593408670212366	-0.00041427699549426253312	-0.00012557274726936168809	-0.00061300910602507985465	0.00221987254703704881
4	-5	1	0.001499322700872236314	0.00019807296454410461793	0.0011929187262810390588	0.00033168009458862674887	-3.2697172083749914435e-05	0.00086610861476671516419
4	-5	2	0.00014700156268754647039	-0.00034095890097584339489	7.8621650803876208286e-05	-0.0010695429582103228687	-9.7448998365402399744e-05	-0.0019919395935741202736
4	-5	3	0.00055414597818656411224	0.0010752279959122970718	-0.00026034946171632603095	0.0003456428024963530154	-0.0011727770737759621832	-0.00085756599038914105206
4	-5	4	-0.00018668035649068432497	-0.00025946203566763162592	-0.00049864738155687502851	-1.0383730681509240458e-05	-0.00043662887045540940646	0.00024648237231574509059
4	-5	5	-0.00015541476936701582867	-9.1294647887713785113e-05	-0.00014138996100817276323	-0.00020693790121450992051	-1.7058145514560096227e-05	-0.00013390218290433889784
4	-5	6	-0.0001216677790138790381	4.2266593729438109938e-05	8.381974188834403019e-05	0.00028368014963951770392	0.00015096163758287272174	0.00020822239554663931954
4	-4	-6	-0.0004159531997152884626	4.1713277638587696497e-05	0.00027339226568324191419	-0.00051352213473514587202	-0.00045956364359902023313	0.00037015694158248901857
4	-4	-5	0.0008838766524182060675	0.00016816850329780841139	3.3518130754746758347e-05	0.00017956323472991932784	0.00068028681733076740937	-9.1157851456887257059e-06
4	-4	-4	-0.0014865552709563435978	-0.00048663273422621457524	0.00030855595941705097566	0.0010940713631969229032	-0.0017951112303733946819	-0.0015807040974231375326
4	-4	-3	8.6846086593499394668e-05	-0.00018237394765811902045	9.5748290087412091243e-05	-6.9210722293973448251e-05	-1.1869604658550264359e-05	-0.00015088430048552743863
4	-4	-2	0.00068013725408765080514	0.0020410411760831328326	-0.00017045971061879886021	0.0004658427556596762744	0.0017011939294128992223	0.0031503968408469126827
4	-4	-1	-0.00096371012565787559853	0.00033391923993804324211	-0.00027856740104626490041	0.00098153147204371716215	-0.0027405708984464430093	-0.0025904489284226954633
4	-4	0	-0.00046358854539609907226	-0.0019171688596119507587	-0.00046358854539609907226	-0.0019171688596119507587	-0.0020683232294534145516	0.0018837690623029115095
4	-4	1	-0.00039880298684741045121	0.0001544569551029463029	0.00025694277456538017201	0.00070090277564301519449	0.0026229830456511627097	0.0021857832821602757832
4	-4	2	-0.00025503240749236312903	0.00010029318352665826349	-0.00051731156637211512216	-2.385617474101831638e-05	-0.00052455831775950398626	-0.00024829871653535317329
4	-4	3	0.001196123575183221906	0.001084620799970641928	0.0026913771395229448523	0.00056422697604561653732	0.0019936714191196307396	-0.00069385843190003385419
4	-4	4	0.00020528346155807578261	1.6538176489527775276e-05	0.00035841341292012525574	-0.0015193433417119543444	0.00015312995136204947313	-0.0015358815182014819503
4	-4	5	0.00025219053296352656563	-0.0004689803271425426281	-0.00051607575514377222823	-0.0002317143317905510046	-0.00061461303048583907846	0.00018981279628159329338
4	-4	6	-0.00014906335091439195132	-0.00022974762004526679297	-0.00062408698264507158227	1.4134798075614521208e-05	-0.00031668242115378636642	0.00016258827874725422413
4	-3	-6	6.4353089891702531229e-06	0.00040355224640026656543	-0.00042240962888088329609	-0.00029123128524513212457	0.00021549502043322182865	0.0004146504735560770788
4	-3	-5	0.00132338682075562597	-0.00032841503225466636435	-0.00089771654071877943909	-0.00026865778171617410485	0.0015973393810357683961	-0.00010153735677402860147
4	-3	-4	-0.0025176087943801321589	0.00026200220075957097142	-0.0030894422648803706449	3.9753909657296825346e-05	-0.00020052709571985428364	0.00023218676851659837104
4	-3	-3	0.0020892094966947502913	0.00077403669457883539275	0.00016479640927696576503	-0.0024251129809890474738	0.0026208162529827013984	0.0034571619070941608971
4	-3	-2	0.0014488662667496998455	0.0020013847407439767229	0.0029611606060526768011	0.0049253360144889376041	-0.0015440083755796155107	-0.0033852345402454529603
4	-3	-1	-0.0030626434357892409407	0.0014854843782586791764	-0.0030782870414879448875	0.0017496642477841830958	-0.0030157126186931286667	0.00069294476968216720154
4	-3	0	0.0030839870345870457405	0.0019464354788133271437	0.0041119827127827270757	0.0025952473050844361915	0.004349178117461536576	0.0012325978326476697694
4	-3	1	-0.0011654440129470471522	0.0012557003420620071934	-0.00035682322631873099024	0.00062894392628996386579	0.0035913063728319960174	-0.0031359695893781376098
4	-3	2	-0.0022610055065769522203	-0.0016097115347599184193	-0.0040744395925830260638	-0.0029613855595746578497	-0.0015896483757206335708	-0.001222655269842149936
4	-3	3	-0.0014149143564696742802	-0.00034731417883560755265	-0.0020668912694103607278	0.0028024500231117002204	-0.00018033879411746164237	0.0032655355948925102183
4	-3	4	-0.0007876417262426036554	0.0011993885843904772154	0.00025911197408811791239	-0.00078385680501769181439	0.00098197570680869203548	-0.0017872811881537459949
4	-3	5	0.00073561434746302199923	-0.00045701261558736219369	0.0016557410825295058691	0.00025050333003116121008	0.00040495317154728586789	0.00051591209048858644847
4	-3	6	-1.8719510491479581719e-05	0.00021109616901145787757	0.00014706782222907339454	-8.5742774738159456202e-05	8.6013584775523080567e-05	-0.00018360216671005162841
4	-2	-6	-0.0012300347962388240818	0.00088491184920866611339	-0.00030176542416758940718	-5.4511706693721716786e-05	-0.00071943472277001953123	0.00060811180170368471336
4	-2	-5	-5.4135894043583573541e-05	0.00096050787427476942617	0.0008649450283699235912	-0.00031878032824479441689	-0.00038928672658283629531	0.00089591843071773328601
4	-2	-4	-0.00042305115112014235901	-0.0028896607648806970324	0.0015688664683105172423	-0.00092854235800491952049	-0.0012074843852754009801	-0.0024253895858782374348
4	-2	-3	0.00060656531041066591176	0.00026159531630006875634	0.00054117747548763678496	0.0041854728466490199665	0.00044796876355579669238	-0.0024415214760325886639
4	-2	-2	-0.003643321877184640175	-0.0026452528692129167673	0.0007455870834208057742	-0.0073383713228315902363	-0.0080322308377900868831	0.0020478655844057567018
4	-2	-1	-0.0022275561027003680688	-0.0023837723767789809927	-0.0045032129465085368389	-0.0031581424076104944697	9.6201482215601226487e-05	-0.0032188046918949350314
4	-2	0	0.0020224146144608447749	0.0026696274389284659935	0.0040448292289216895498	0.005339254877856931987	0.0038428424514919692044	0.0026007866661730554177
4	-2	1	0.0011436218084236995582	-0.0022327181071682589315	0.0048190575993500017749	-0.0051500006661220065762	0.005063627965005205317	-0.00136912890357097786
4	-2	2	-0.00043123938435368644679	0.0018112271113081355577	0.0031984522802820398307	-0.00063838462510216586326	0.0040609310489894126159	-0.0042608388477184374124
4	-2	3	-0.00042763190187593340353	-9.2668733896415780783e-05	-0.0062916259769743429139	0.0040160494534197148028	-0.0036242414488149841435	0.0028009246141416973414
4	-2	4	-3.1289766858203739896e-05	0.00041080309664972972702	0.00018351541277595451044	-0.0029386180044307752372	0.00012304747324618100189	-0.0018801120988651172372
4	-2	5	-0.00078150496643754558193	0.0012230570840280569154	0.0011068531895120714906	0.00082914992798724807942	0.0010679452489548650184	-0.00064678569602754623549
4	-2	6	0.00023063451534106340322	0.00036196253478049084757	-0.00020324554336747396345	0.0013245229940135280246	-0.00022150485801653358093	0.00020019930815084880358
4	-1	-6	-0.00030546198015582622098	-0.00046961749407774814246	-0.0014266921451309255275	-0.00058674250715738001695	3.4140704084603467694e-05	-0.00021528791152560208312
4	-1	-5	-9.6325513933757784505e-05	-0.0010942593488716960588	-0.0029624534556789432378	-0.00042053805987045329894	0.00051543027998878236575	-0.00079129986712326617643
4	-1	-4	-0.0050956722817731038566	-0.0019327344326467157335	0.00079394227283725437184	0.0025984718235420086602	-0.0052941578499824176393	-0.0025823523885322176817
4	-1	-3	-0.0024664805941476083441	0.0014878614134922979548	0.0040716403811637070023	0.0065998617056708440767	-0.0046458542525847131704	-0.00021613868390055079763
4	-1	-2	0.00066635388152927205879	0.0033849654343862181638	-0.0010408404304808793663	0.0013747231360551974942	0.0018531279782989836923	0.006082569300744838231
4	-1	-1	-0.0013152759497528569536	-0.002284392955998696545	0.0053265197422633584617	-0.00018393186530888869495	-0.010587623541274786276	-0.0089536399586858973765
4	-1	0	0.0022476060852210681326	-0.0026013601703037091128	0.0089904243408842725305	-0.010405440681214836451	0.01815769543148525525	-0.00080613971247315630627
4	-1	1	-0.0026344256697658639983	-0.0030025859361234460108	-0.012183079904671429219	-0.0074187747307127354865	-0.0016453772256079738767	0.0045915690137810485569
4	-1	2	0.0028754664913829292711	0.00088433429043127816886	0.0049138103387814944037	-0.0080399122018083093999	-0.003294027813375111774	-0.0057886246817667108208
4	-1	3	0.0034695905243655109085	-0.0014706356688496220395	-0.0061090437196433958547	0.0027011321259457349298	-0.0066624686057018137411	0.0028612249337814075513
4	-1	4	-0.0027250271326625190825	0.00077568890709945009614	0.0012654360049815995427	-0.00299110247277946514	0.0030413861339079191308	-0.0015234645252943164895
4	-1	5	-0.00081925607443325164023	-0.00058553961325686851042	0.0019637978795012992449	-0.0026725031333514580323	0.0010481644354468611612	-6.6068936064796846908e-05
4	-1	6	-0.00082476394269202400137	2.8072883019399162263e-05	-0.0013814714416122615172	0.00047344549216110106251	0.00031959738819263908138	6.0192326680584068909e-05
4	0	-6	-0.0012262822384501573855	0.00049856675429740663665	0.0003428533588504735388	0.00093581764930082765152	-0.00081752149230010495978	0.00033237783619827107303
4	0	-5	0.00067034448669111700459	-0.00041768307887706776537	-0.00062672277447846358716	-0.0025824702790590054087	0.00053627558935289364704	-0.00033414646310165420145
4	0	-4	-0.00027622087392469387747	-4.0721336703144097159e-05	-0.0025863230156203142508	-0.0027175581177938841482	-0.00027622087392469387747	-4.0721336703144097159e-05
4	0	-3	-0.00096961248366478488495	0.0040100224874865600388	0.00014166911367394260219	-0.00011588701694216103628	-0.0012928166448863797743	0.0053466966499820800518
4	0	-2	0.0056628440607727204004	-0.0010001651765956822131	-0.0048584526623498798872	-0.001465468737035931137	0.011325688121545440801	-0.0020003303531913644263
4	0	-1	-0.0031508958308143490863	-0.00074226062335891712218	-0.015864424073744849003	-0.013505169023656284424	-0.012603583323257396345	-0.0029690424934356684887
4	0	0	0	0	-0.01011767057236427278	0.0017824101362908693295	-0.018865985290487805731	0.023232180305986834673
4	0	1	-0.0030585952559192271065	0.0029066954174775463948	0.019919964210975513175	0.01019099628065137271	0.012234381023676908426	-0.011626781669910185579
4	0	2	-0.00408003414078609173	-0.0038742020488561398212	-0.0017174470573236779065	0.005234063511273740095	0.0081600682815721834601	0.0077484040977122796423
4	0	3	-0.0037517049887754718926	-0.003527963692953790982	0.0052137749932641757819	-0.00024819814430808499707	0.0050022733183672958568	0.0047039515906050549318
4	0	4	0.0034343438505808083355	0.0021301113474104693864	0.00013874955804732736517	0.0016876531902890344258	-0.0034343438505808083355	-0.0021301113474104693864
4	0	5	0.0019585161064030699382	0.00052948718856630388237	0.0010544163952669186653	0.00012530062953831143748	-0.001566812885122456124	-0.00042358975085304313843
4	0	6	4.1992288261183173352e-05	0.00049289353428407943394	-0.00072091499540194003536	0.00066378544141570657369	-2.7994858840788779976e-05	-0.00032859568952271962262
4	1	-6	-0.00055004979491488721535	-0.00047848863320458891787	0.00085163333315112644661	0.00048668433395648917584	-0.00022476097441807038439	-0.00023787836647697774024
4	1	-5	-0.0020684293116577665353	0.00055335977510987104794	-0.0013941075492053317184	0.001480293120918629423	-0.0019335649591672794852	0.00073874644427162272295
4	1	-4	0.0030089926339343410489	-0.0048127740977332075095	0.00081134002266399255724	0.0027681809691190032222	0.0032118276396003388358	-0.0041207288554534569208
4	1	-3	-0.00049602395981524264289	-0.0014272903641247805702	0.0032179941025169246996	-0.0017194368950674953495	0.00041129942108531804268	-0.0024761994505222055876
4	1	-2	-0.0026556929908801360507	-0.003031935870196377121	-0.0001715155295581005635	-0.0055482209335649228243	-0.0053971437465393226271	-0.0088379822071752156543
4	1	-1	0.0053319392017793787453	-7.6133237560884427426e-05	-0.017699681378230278789	-0.0067405341179469988044	0.0036280754288872361923	-0.0070450670681905368936
4	1	0	0.0048492597897480402627	0.0018016994351265046281	-0.019397039158992161051	-0.0072067977405060185125	0.0065773891822860737141	7.1071969089826639646e-05
4	1	1	-0.0011532583450327778436	0.0068597895147642050373	-0.0002522146402071503762	-0.0075248473494455726113	0.0048652480203382614254	-0.019914310709611249273
4	1	2	-0.0023967734086609046411	-0.0011651098819900858935	0.0078716246124797186606	0.0026793060796001561159	0.00085773451108195016869	0.000990566724180093729
4	1	3	0.0019913450965664395743	-0.0029568345092453266615	0.002609224001109145593	-0.0044958511071660168731	-0.003524868129124968108	0.0054410630480491084179
4	1	4	-0.00064241946476910208666	-0.0028439056686263403627	-0.0052115781026363973416	0.0027552593428145527067	0.0019453139904282014221	0.0021550908329227022944
4	1	5	0.00077347375455562967454	-0.00018503287245291580657	0.0016777885600178818297	3.3733849330751071384e-05	-0.00095433671564808014894	0.00014127952809618243911
4	1	6	0.00055947175739343537378	-0.00051428847584268101972	-0.00062562990899157726321	-0.0006323289064589101378	-0.00026870952009702740813	0.00044824713497160570278
4	2	-6	0.0010534799061585806406	0.00017471339496516309305	4.8106360356630213345e-05	0.00028009338593067503471	0.0007183553908912637502	0.00020984005862033374931
4	2	-5	-0.00090704674747194751275	-0.00081996665012850711643	-0.0016100207753455223619	-0.0010468199212701097267	-0.0013696457081157670417	-0.0010747012886108495838
4	2	-4	0.0038173949367383396697	0.0015871966378351776063	0.00091740995521045240035	-0.00088216544086708835459	0.0042760999143435654904	0.001146113917401633429
4	2	-3	-0.0013352506352196343367	0.00062575185640299639013	-0.0034807031301364033116	-0.0023152643822819977612	-0.0041008029337171146567	-0.0007091737796506699873
4	2	-2	-0.0017408750984638714059	0.0028438667045478853261	0.0031346095458636732793	-0.0081162611982612126171	-0.0003471406510640695324	-0.0024285277891654410976
4	2	-1	-0.0039099339420935533274	-0.002926770028058770564	0.010697770102664599587	0.0052234231370056607643	0.0057558044369549858643	-0.0012602338382237602936
4	2	0	-0.0042972886651456440946	-0.006219097412077262757	0.0085945773302912881891	0.012438194824154525514	-0.0091188719600927628517	0.0095354586509388758464
4	2	1	-0.0024523743211513041214	-0.0035930760910003268008	0.0063110471041941213974	0.0026557238395944144163	-0.0028125969237830271766	0.0090608566848124783705
4	2	2	0.00092202846409430202611	0.0036285180830522363767	-0.0054927983957081486649	-0.0008719260320887406001	0.0036487414675195443958	-0.0063851101340157319364
4	2	3	-0.0008203147096591233969	0.00082915196578905254934	-0.0010631111132662852872	-0.0034752402071670227858	0.0018024936883896881985	0.0012112908503926118637
4	2	4	-0.0011924408678683404671	-0.0021839391672004450883	0.00022293331737255307149	0.0030214827714176912578	0.0010809742091820639855	0.00067319778149159956778
4	2	5	0.00056469581007926878801	0.00031861057525872410641	-0.00019512528516547571872	0.00063639248392054789498	-0.0003737065339972247646	-0.00050944545377519848649
4	2	6	0.00056179366594386146317	0.00071267879676361191137	-0.00094114429314367056573	-1.5912857083305473961e-05	-6.0814346248017444501e-05	-0.00046981491214797280664
4	3	-6	0.00013866689989024558942	-0.00056178655343629840813	-0.0007693795915398403797	-2.8658732498026295803e-06	-0.0002922451958430897969	-0.00037595730558243360339
4	3	-5	-0.00038592825174890222403	0.0022197166261654042996	0.0017805119287672122562	3.1375049266847502281e-05	0.00075956455586120548776	0.0017945983304924321457
4	3	-4	0.0012248271721842787178	0.0002409065148201955755	0.00031479233499528231841	0.0003579865201775269453	0.0014609214234307403481	0.00050939640495334078448
4	3	-3	0.00020557358324331753913	0.00051380731176882638109	0.0032478697487034664283	-0.0057874611145117618727	0.0035219678596945564082	-0.0051023846988199937982
4	3	-2	0.0019288439889917699532	0.00092551149115310815674	-0.0048283033839524739164	0.00068677268962578333529	-0.0033847670979451709682	0.0028811820167448914248
4	3	-1	0.0013391659334519591916	-0.00046781943232078389587	-0.00094972142495225149797	0.00054843427716033633576	0.0025074994589510822725	-0.00022597489780212668461
4	3	0	0.0021190984121302858766	0.0014313207426142227508	-0.0028254645495070476909	-0.0019084276568189638846	0.0012786807567833802408	0.0023815431443241540446
4	3	1	0.0015033480218791159776	-0.001586599252094009465	0.0023245841560878737278	-6.3867112132731543393e-05	-0.012987144555780085961	0.0065379983447742331948
4	3	2	0.0019894203902871615205	0.00072438074793380608906	-0.0010167885447029585428	0.0033454586664793807375	-0.0024536579635198851185	-0.0064669494955866832844
4	3	3	-0.0015068295079067864015	0.0013817382565003604247	-0.00070757276311642330457	0.0011628458699618308969	0.002716678773658805137	-0.0030051635452956445074
4	3	4	0.00041128238334927887197	-0.0011868734528616502709	-0.0019460883149468785874	0.0005894256945867381442	0.0010482838528608799059	0.00074480418192159677116
4	3	5	-0.0022435311474320101741	0.00037889752333311702307	0.00033572627042183456015	-0.0003522600030406021856	0.0015933891556925074574	-9.1762016842132282705e-05
4	3	6	-8.1173262658009495132e-05	0.00045235035991804530909	-0.00011525337627654949906	-0.0011531978115834025985	0.00011174219657694775532	0.00027503199917967114741
4	4	-6	3.394429948170522832e-05	-2.1239694954463189192e-05	0.00012910297097132712946	3.8461236402972504803e-05	0.00010869818030202157185	1.1481027632339542611e-05
4	4	-5	-0.00070690080629713300791	0.00074812975410444711947	0.00082018898868841392299	5.8353501781450193783e-05	9.0630545913024710379e-05	0.00064518660470871784518
4	4	-4	-5.5019077747553223967e-05	-0.00052558339324307768066	-6.8588921700287451035e-05	0.00047400566587566732128	-0.000123607999447840675	-5.1577727367410298391e-05
4	4	-3	0.00049482076941546914491	0.0012922514109561095402	0.0010208614346731994214	-0.0013141811626553774345	0.002020909605451558233	-2.9239668932357045698e-05
4	4	-2	-0.00073113648552067473166	-0.0026073674477439675277	-0.00039832505210822034564	0.0048014337616763972175	-0.0022589230752577899378	0.0043881326278648602468
4	4	-1	-0.00089021807873240115308	-0.00078045386152415904997	0.0023551050259195062571	-0.00081190368399065566789	0.0058595477887484212834	-0.0063694301820592588714
4	4	0	0.0046613719799677979724	0.0018669636815938236117	-0.0046613719799677979724	-0.0018669636815938236117	0.0020110221147605646629	-0.0054058534103966241965
4	4	1	0.0030098981194387943588	-0.00013956611012562274415	-0.0022850710664815937316	-0.001680750277860826097	-0.0028993082118288042437	0.0072812655519457957984
4	4	2	-0.0019526984850031508124	0.0024654716686539203223	0.0016303445078041406847	0.00021162623388766942773	0.00064470795439802014697	-0.0053541958050831797711
4	4	3	0.001009670941179469485	4.961411774795751906e-05	9.2196024136181696897e-05	-0.0013558984518976515896	-0.0014691559537542016843	0.0017417124455329253008
4	4	4	0.00065703893848886396698	-0.0009962062460658963059	-7.2108819895148445599e-05	0.0011974925036146743564	-0.00058493011859371546717	-0.00020128625754877799625
4	4	5	0.00065713807806704320914	-0.0012113063936684854982	-0.00012741376850416625036	0.0003522699497586430405	-0.00042377944765030153449	0.00068722915512787390111
4	4	6	-0.00017530160573117780265	0.00032841995514372148085	-0.00033800718732416077219	-0.00076649356862624714367	0.00034220586203689238322	0.00029204907565501709047
4	5	-6	-0.00022379992099212951467	-0.00013307729215603062334	-0.00020079341749732105725	-3.5745595498897884555e-05	-0.00031652779524252053038	-0.00011850619101976865382
4	5	-5	-0.00041732672112800684545	-0.00028772677199869736622	-8.5642650147769121662e-05	0.0004299658344185049207	-0.00041950402705017456008	0.00019978441681954700062
4	5	-4	9.8557827245731373812e-05	-0.0003471306710154798531	-0.00031147153534937248483	-0.00024922316095167052537	-0.00029078159194098423222	-0.00065865962220506798271
4	5	-3	3.3249023317860113935e-05	0.00081689350760668635269	-0.00013615746674592828832	-0.0018882053789222542559	-0.00018259708015273368002	-0.0020578176213948422453
4	5	-2	-0.0012960470982715851379	-0.00044625852505453445949	0.00083824635054913611623	0.00057783679613473851264	-0.00049647832017033009366	0.00055207494022777741684
4	5	-1	-0.0012581220728257174347	-0.00085378913772373159641	0.0010468712382191167412	0.00048371512167864785629	0.00020186789979271450943	-0.00099658094250168732103
4	5	0	-0.00065162108987338544092	0.00129993284262424659	0.00052129687189870837442	-0.0010399462740993974021	0.0021595589145985598714	-0.00045394764605460148155
4	5	1	0.002078220745190063716	0.0016720777332655315222	-0.0019621840765230609549	-0.0013653123040150668462	0.0014980374018550483926	0.00013825058701320760025
4	5	2	-0.0014509447466378787121	0.00012920153217928361748	0.001584880260215755076	-0.00078571792058972252104	-0.0010603111572636302658	0.0017058917371157392845
4	5	3	-0.00082140246160903262161	-0.0003176179016820810698	1.5429490980185494426e-05	-7.4242614875195787763e-05	0.0010694874638450676489	0.00054722822703476769416
4	5	4	0.00019990361058067808594	0.00028466248884063098537	-0.00027266029057293044444	-0.00035985278040347651101	0.00014092175263548492896	0.00016515348666371469405
4	5	5	0.0004739602472633014092	-0.00021379814471031809825	-0.00063881972453937825238	1.3944930234411255964e-06	0.00025965152672873713586	0.0001696440227448133475
4	5	6	-1.6985006241946210438e-05	-0.00049330121201468307094	6.0706884040651688849e-05	0.00026312350944368676116	-3.9265732539245595898e-05	0.00010959788347338310225
4	6	-6	0.00021413849098429627179	-6.4525476900605658638e-06	0.00080633996090984528388	-7.636966246373152209e-05	0.0009490989548993761498	-8.0671360923771894815e-05
4	6	-5	5.5037049688234126587e-05	0.00015570964247889755344	4.4634704336598071553e-05	0.00030145523718121494151	9.7591284954504987133e-05	0.00048631399860057597257
4	6	-4	2.4789102364480589623e-05	3.2141901757578787799e-05	1.8296158511655287774e-05	0.00013755339688652828338	5.2233340131963521284e-05	0.00023847199708737121964
4	6	-3	0.00079511678356631709103	0.0003502780286062981939	-0.00061753204360539615866	-0.00036854318590524262796	-0.00017490837578903605139	-0.00027004900033542105159
4	6	-2	-0.00013570122444690681414	-0.00047343890076170016276	0.00015402758398344265243	0.0001872340758293654817	0.00019068030305651432902	-0.00038517557403530379911
4	6	-1	-0.0012577570421686999277	0.00040535191285881368856	0.00075569920105251781745	-7.0654766026491226671e-05	-0.00049683296235969291472	0.0011974790552763073942
4	6	0	-0.0014086789328837819556	6.1816112465757483679e-05	0.00093911928858918800652	-4.1210741643838329229e-05	0.0019937544329582442687	-0.0019180801347850561216
4	6	1	0.00023011328255756973273	-0.0016009323571460304207	-0.00015191322749539290602	0.0011391639975014116598	-8.973765257921460911e-06	-0.00043125455642434833018
4	6	2	-0.00017801709562652835652	-0.00041495983397507569352	-6.1385633849183490231e-05	0.00039541706946898656522	0.00054019109280060712951	-0.00035633154045680830863
4	6	3	-0.00010889823883561285361	0.0002404764105599537839	-0.00010392503026708471519	-9.4946652350704334477e-05	0.00035304771231498655948	-0.00013074190937852970054
4	6	4	5.0170474115686730668e-06	-1.2625724615357707221e-05	0.00026233487607822935641	0.00013963574244997526579	-0.00039851936152891266618	-0.00019682788905960521011
4	6	5	-8.0649844737437233178e-05	-0.00012642905049028993285	0.00026458222046527951838	0.00010125111252670847468	-0.00025297878876838567888	-2.0358094639818233497e-05
4	6	6	-0.00054522566418501404711	0.00015248347774783233975	0.00031313319528552326521	-0.00053116057658383539469	5.0350580837819435118e-05	0.00042950492475194720432
5	-6	-6	-0.00077214099482109707206	-0.00081339351519029855393	-0.00093417846359397768621	-0.0003676563352088955852	0.00029072763457639675668	-0.00031017159411635320974
5	-6	-5	-0.00039098874740465145187	-0.00050137635906986996633	-0.00076190413529687102574	-0.00041414775788984535499	0.00052329621495159376818	-4.3990496020555237307e-06
5	-6	-4	6.3752704877944934843e-05	-9.5629859181028232335e-05	8.9640368377636380718e-05	-7.2441728284179023132e-05	-5.4769671469023412688e-05	-1.087473155001676758e-05
5	-6	-3	-0.00012782753169556179966	-3.571897133138021615e-05	8.0842314091543663571e-05	-6.0085429254725831343e-05	-0.00037473051434235699324	6.0639239623817966845e-05
5	-6	-2	-7.920210761758825354e-05	0.00011959429050183987598	1.1023533049200746306e-05	0.0001283252918438933059	-0.00023107586819157287955	-8.5990149277080248059e-05
5	-6	-1	-0.00035301689225084340951	0.00032142281073714335394	-0.00030742966361535804592	0.00027574522132266807498	7.9493520437931133112e-05	-4.7357274250291761476e-05
5	-6	0	-0.00017415099449441629278	0.00023689548436380065597	-0.00014512582874534691517	0.00019741290363650056019	0.00046402651916032972186	0.0001026573634625597216
5	-6	1	-0.00027010202199254296955	-1.3625869255899701691e-05	-0.00010232229673779409999	-5.0655487898436348719e-05	0.00073657632953595024786	-0.00023580358111111959741
5	-6	2	-0.00057474503390971584237	3.6592513944430129765e-05	-0.00053885782178781066031	-9.5141799712419904741e-05	-0.00017971088058914229369	-0.00037690668399833500814
5	-6	3	-0.00017971441684739981296	0.00020808579420934731957	0.00013925855488769063313	2.2448653667530953771e-05	0.00057804113785438096355	-0.00030191234968051695615
5	-6	4	0.00061371212967577346443	-4.9792860046923361503e-05	0.00027257912828165077124	-0.00014926275100355634851	-0.00035827146967224067367	-0.00016165305144668032258
5	-6	5	-0.00020108327179683532218	-0.00034225328502798839847	-0.00021284566669058920885	0.00012657640407945998547	-5.4331528231871728443e-05	0.00049414496992334039187
5	-6	6	0.0013457787387439294757	-0.00015251494703634289819	0.00056516886163338378966	-0.00022014457046310302352	-0.00055631342065322407064	-9.3048781266150590286e-05
5	-5	-6	-4.3670633404336495263e-05	0.00036541279291983240398	0.00026480798823670637608	0.00039421366367465215594	-0.00025706551803420240069	-2.4000725629016458836e-05
5	-5	-5	8.6977425905225696514e-05	0.00011423589200646345077	0.00020350879063994994412	0.0001765079074227454063	-0.00011653136473472424761	-6.2272015416281955528e-05
5	-5	-4	0.00048810628464412275781	-4.8994324228279565456e-05	-3.5245158912739076197e-06	-2.1692388904629777909e-05	0.00061453850066924583899	-3.4127419154562235282e-05
5	-5	-3	-0.00045120261378807553516	-0.00015612869396336190677	-0.00012982467597235755239	5.5380854452529172638e-05	-0.00053562989635952992611	-0.00035251591402648516397
5	-5	-2	-0.00048528309642314581673	-0.00016052648522632499543	-0.00027763497854049967945	-8.9947477974810933002e-05	-0.00051912029470661520767	-0.00017644751812878519672
5	-5	-1	0.00071506757622766974926	-0.00029612064493564712762	0.00059650029545811264486	-0.00025723368547699590686	0.00059283640384778563039	-0.00019443479729325604958
5	-5	0	0.00092413726446705416438	-0.0014979549448850624626	0.00092413726446705416438	-0.0014979549448850624626	0.0011761257839549505225	0.00048908550559933941081
5	-5	1	-0.0001338853948467730445	0.00062969573932821474617	-0.0001950600468096492211	0.00050251498695355113246	-0.00030587325981438091014	-0.00063590376187331806856
5	-5	2	0.0002465054693037435434	0.0005820055749171381158	5.8520301103821240497e-05	0.00058606106539188030421	-0.00046996292049980581147	1.0138726186855726819e-05
5	-5	3	-0.00022801409745363998192	-0.00014335712505772203436	0.00014494666386552084196	-0.00021222839271540572866	0.00062160126886526799461	-0.00011478544609613951309
5	-5	4	-2.2058107324519756013e-05	0.00035566211980452559121	0.00029757091136082115899	0.00010132625644606670535	0.00039953627335667613952	-0.00031791982919807359716
5	-5	5	0.00016733890547041902408	0.00029426906988282874227	2.0763142202802777043e-05	0.00027070817293573320875	-0.00014657576326761623687	-2.356089694709553013e-05
5	-5	6	-0.00012023412835781165824	0.0004139637038748540665	0.00058991292351710008634	-4.5156163431602147011e-05	0.00059178920989575974423	-0.00038259988942204687734
5	-4	-6	-0.00032800874586532059079	-1.3187004758425635554e-05	-0.00045188577008254782012	-2.6359274601914154236e-05	2.7916558500598065721e-05	6.5836791025880737606e-06
5	-4	-5	-0.00081311193542951264602	-0.00022294095239021633642	-0.00017571492685604833727	-0.00011406221664892114047	-0.00067253999394467395452	-0.0001316911790710794132
5	-4	-4	0.00045859350693720513656	0.0003496176129200516099	0.00039597364130855409754	-0.00015141402603027420627	0.00017726824236295230961	0.00058843604218033866444
5	-4	-3	3.3997237376707638854e-05	-0.00055480809944398186244	0.0005254383144771908494	-0.00090896856869576042083	-0.00064392235700840830172	0.0002872779258543776016
5	-4	-2	-0.00018873585519329591389	0.00069682731126691742091	-0.00036327759314185351612	0.00045141129711449195019	0.00025471554830046723395	0.00083924568393830959769
5	-4	-1	-0.00091893332725046243843	0.00071011342560778746655	-0.0011465875159243498101	0.0012888483219386820833	-8.3165725549132229512e-06	-0.0016048261597157913259
5	-4	0	-0.00099158506408999515236	-0.0005465307969362412149	-0.0012394813301124939404	-0.00068316349617030143731	-7.1204018779752660008e-05	0.00064432130133600063956
5	-4	1	-0.00044788099582041685084	0.00040871148923445440497	-0.00091754742136030613235	0.00055260535443363702039	-0.0014307847063391400041	0.0001668639715622760567
5	-4	2	-0.0011039017334971796755	-0.00018998843731042735637	-0.00078856248962997689284	-0.00046081196303137631366	0.0011826293544829951862	-0.00044665283278668424993
5	-4	3	4.3734930364200391836e-05	0.0012911691447916699704	-0.00069876967811344475445	0.0010356196083271011418	-0.0010045844547582603347	-0.00077112243021664817529
5	-4	4	1.9586107126222353973e-05	0.00030811828818863611556	-0.00077267184671650859535	0.00066510748920957504446	-0.00079715448062428646836	0.00027995962897377994066
5	-4	5	-1.8195603279720027603e-05	0.00033171616279491672767	0.00061350632689296776337	-4.820463675086414108e-05	0.00050900066479409424372	-0.00037027987219560805137
5	-4	6	0.00016355776260352749272	-0.00023838761539830182271	0.00030407060172280741183	-8.0888548871775709133e-05	6.6415598978932012552e-05	0.0001447306469174010552
5	-3	-6	9.4990602342286966395e-05	-1.5221811191455662368e-06	-0.00041108203824946013688	-0.0004008532702252466445	0.00028469985440996922743	0.00019915815084666868584
5	-3	-5	-0.00013911982781520675794	-0.00033719294525078746675	-0.00042051533037607257684	-0.00021737501186990825278	0.00011318937041043678274	-0.00020676793812884249339
5	-3	-4	0.00049346188686139080045	-0.00077000653055939844403	0.0012388798881050621693	-0.00076292258304102233361	-0.00031233255750205820775	-0.00039031622591848127773
5	-3	-3	0.00053865827285603834658	-0.000147797401442611759	0.00034557133350919527889	0.00021702641939487754249	0.00055219245458420205576	-0.00046335542179923045608
5	-3	-2	0.00085693626870943044854	0.00031990165375982355152	0.0011291793829277308771	0.00012472466710335125876	0.00044857159738197991414	0.00061266713374453195002
5	-3	-1	-0.0026554736020166602554	-9.9305010646694313208e-05	-0.0039777619889851904139	0.00024909580108838764133	-0.001344082043127730686	-0.0012438124564986344223
5	-3	0	-0.00075813327925462444326	-0.001128028707186720745	-0.0012635554654243741444	-0.0018800478453112011695	0.0033701054836054239114	-0.0027709925934056595792
5	-3	1	0.0012455126672795925266	0.00044573562573656927682	0.0018013794198606658536	-0.00042808502244437803995	-0.00082342507681596561423	-0.0035129331960159805581
5	-3	2	0.00031641584018855909181	0.00052834362373705757478	-0.0010019069656009640945	0.00034311782736368541752	-0.0022939000488728438984	-0.00080618231829711578355
5	-3	3	-0.00068563894472170713781	-0.00089526487533297363815	-0.00082988801445047443404	-0.0016887579010960598967	0.00031284356008570409283	-0.00019664977554110382404
5	-3	4	-0.001008063580739753393	-0.00066480512968064824769	-0.0011521554800803929502	-0.0011141886153829725584	0.00039596286586439702858	-4.6350494364191837499e-06
5	-3	5	-0.00037624066594773360617	-2.8448986604750248387e-05	-0.00040087029214649417316	0.00032169199030975480745	0.00013571849065983709144	0.00022146418079060312947
5	-3	6	-0.0001305484988752667237	-0.00060506986891441011302	-4.9210220581552858651e-06	7.9573328745523416901e-05	0.00010632990470031127993	0.00054401155513477013597
5	-2	-6	0.00031252612367866202054	0.00038415405863911482624	0.00022707778871641190509	-0.00056657183434225346936	0.00018474584016008103972	0.00050898566031334685402
5	-2	-5	-0.00012740346261933620351	0.00011131890823505698012	-0.00056343169328410751089	0.00057648122584848173356	9.7969214694306790006e-05	-0.00011927358210433570247
5	-2	-4	-0.00065720827386209256307	0.00051456610008807546121	-0.0013168760421346150519	0.00031608908887425520668	-0.00016307232126030817791	0.00048516308067296672318
5	-2	-3	-6.7247514703909432141e-05	-0.0014797369517252608254	0.0010486642328829402955	-0.0015301778036996404458	-0.00081118867976180924605	-0.0014461097170756743394
5	-2	-2	-0.0012700041918841024988	-1.8981845867512318286e-05	-0.00052325629416797713334	0.0033773364291535216269	-0.0026517541855422795474	-0.003424791043822302504
5	-2	-1	-0.0012673635531035725744	0.0041017546549146043089	-0.00048485245555680026247	0.0086772180434122377773	-0.005367112854404262022	0.0031543371877485451224
5	-2	0	0.0011715388397257290188	0.0001339864925852176519	0.0029288470993143224386	0.00033496623146304411621	0.0040198169102134608671	0.0058771673044027720675
5	-2	1	0.00015471910008189393784	-0.0025166076879317451215	0.0013935519693856208544	-0.0059090853321539620058	0.0020135084383617720197	0.00076486777535080268005
5	-2	2	-0.00016713887196267743457	-0.00013816597254220609964	-0.00240468243560722	-0.00096939396481054561795	-0.0019868352557005264543	-0.00062397903345503028753
5	-2	3	-0.00097581655558701986802	0.00034817072865080161059	-9.1272348851761581404e-06	0.0020208994836426854083	0.0016202761027215822464	0.00076698177467712097544
5	-2	4	0.00053406270662114177766	0.0008197640913697914599	0.00066032033187763197746	-0.00043452852323971289392	-0.00033741821733761131466	-0.0012419693758320957989
5	-2	5	0.00052880388364558682246	0.00069431797840472481934	0.00020636458487832570773	-0.00054718784247340134831	-0.00044625804969425651768	-0.0009131931153940853153
5	-2	6	-0.00042419800256348846358	7.0689548580812286991e-05	-0.00051375580428698159555	-0.00012989498608530729426	0.00018224640070724652113	-0.00010220628584577932821
5	-1	-6	0.0005923090271296048339	0.00069579587596074374788	0.0012627948247731566982	-0.00053013783643843649489	0.00028312505181247787575	0.00066818620270702594466
5	-1	-5	0.00079101794723700257286	-4.9671669729460742891e-07	-0.0026173798892015986105	-0.00039111542401552417412	0.0013144939250773223817	7.7726368105810231778e-05
5	-1	-4	-3.6860627027356424501e-05	-0.00060078780683475903075	0.0018075906908732719807	0.00070217410949364490735	-0.00049797345650251349531	-0.00092652828591685998817
5	-1	-3	0.00040034024575453646408	-0.0015519409108364471978	0.00029663980563481863982	0.00011645921806309894066	0.00056835380771262124493	-0.0026253879240817779711
5	-1	-2	-0.00013265561634813661422	-0.0010951927904700228117	-0.0017787904654723316143	-0.0037042806462381934994	0.00055775619186582429867	-0.00088584165305596060478
5	-1	-1	0.0020005615193044098965	0.0025324879990249386623	0.0046391048978156983196	0.006987430224276673825	0.0053637026987063520303	0.0056750097708480190528
5	-1	0	-0.0015452754119246580461	-0.00010945787447684230352	-0.0077263770596232910978	-0.00054728937238421153117	0.0010656590696930176836	0.0013529027552601868671
5	-1	1	-0.00077421774699649222734	0.0013324773531021175208	-0.0042910738867143376554	0.0029482326443499955182	-0.00041998515173187678977	-0.003714154121160591869
5	-1	2	-0.00021419229647154526932	-0.00038532410235477720017	0.0048988329695853864709	-3.813968421149854294e-05	0.0029848972259715563816	0.0009442404137811937154
5	-1	3	0.00020194261723255693425	-0.00083609108169748033897	0.0016344975532110550369	0.00050365862353202574351	0.00020826148901609013091	0.0015613713440064756321
5	-1	4	0.0011704974351702303065	-0.0011840861327350727088	-0.0011081992536198716649	-0.00020744046840064236199	-0.001740171607367755691	0.001428247548818680282
5	-1	5	-0.00024708292407057757482	7.0557597977709770351e-05	0.00014786847159540728491	0.00087028687848872974056	0.00027665661838965904806	0.00010349977772003617776
5	-1	6	-0.00031314912341646913537	0.0002379572126025498351	0.00042185986922055855467	-0.0007107095588156172759	0.00033126758105048403858	-0.00031674927030472772383
5	0	-6	-0.00051528496101321341963	-0.00010756579802740327823	-0.00073089376893005876881	-0.00057046754202893883417	-0.00042940413417767784969	-8.9638165022836065188e-05
5	0	-5	0.00022927603369575594804	0.00041714034025409668822	-0.0021190318001556088245	1.8143328879897181364e-05	0.00022927603369575594804	0.00041714034025409668822
5	0	-4	0.00023385172464657823796	-0.00034131906103699677585	0.0027763767234856842267	0.00362142356484334519	0.0002923146558082227839	-0.00042664882629624595626
5	0	-3	-0.00050848448826922205707	0.00054228347595667030119	-0.00036496016034106307452	-0.0019662782485479471037	-0.00084747414711537009512	0.00090380579326111720479
5	0	-2	-6.0557495087497185959e-05	0.0009202081087531293821	0.0087427601688755025855	-0.0029566731601672387869	-0.0001513937377187429649	0.0023005202718828234552
5	0	-1	-0.00071576454852980667294	-0.00058360412850559303943	-0.0029727355435541112302	-0.0012640753152738210766	-0.0035788227426490331479	-0.0029180206425279656308
5	0	0	-3.5801628201183861976e-43	0	-0.0064763706234591883124	0.0078638190467116043936	0.0085860224886855282533	0.0033187226484450854658
5	0	1	0.00094143668247034513301	-0.00060834874858054866029	0.00019725258902875765542	0.00026923628785034637786	-0.0047071834123517258819	0.003041743742902743193
5	0	2	-0.0017366199665285527321	0.0030205696656024462812	-0.0003315554895850024008	-0.0021091354146834371576	0.0043415499163213817219	-0.0075514241640061152694
5	0	3	-6.7200137303272532044e-05	0.0003609418890762746638	0.00053360916638627150718	0.0031030624998629741107	0.00011200022883878754437	-0.0006015698151271244758
5	0	4	-0.00024742334159290498268	-0.00015667474975165752537	0.002199126527876071012	0.0010721035162428011432	0.00030927917699113120125	0.00019584343718957188639
5	0	5	0.000831455161234718001	-0.00054312067284713403791	-0.0015975950671734181346	-0.0015559500246283292785	-0.000831455161234718001	0.00054312067284713403791
5	0	6	0.00035294560503976445424	5.075911545491958415e-05	-0.00018737159220406769092	-8.4424416441749157393e-05	-0.00029412133753313707231	-4.2299262879099655717e-05
5	1	-6	0.00049942799007370768452	-0.00017013698256717390352	0.00017185674075002595022	-0.0008851748184989685457	0.00044483278185309408021	-0.0002893099552224730241
5	1	-5	-6.3214280940040499623e-05	-0.0005331982681709321022	0.00098648311136992242014	-0.0026160521590740354152	0.00013408234133394398712	-0.0010564086999857390768
5	1	-4	-0.00042232649471247746698	0.00021942486764840168499	-0.00048329015937662207769	9.6946210233261466784e-05	-0.00064873065823475232605	0.00029851763711881748988
5	1	-3	0.0012002110698926169406	-0.00064627882915431966119	-0.0065051482133458978993	0.00087128770934690163291	-0.000168030954627604209	-0.00078670214547489885487
5	1	-2	-0.00063485191780921640132	0.00056124417486236007416	0.00048717005791824451351	0.0026795232111787507627	-0.0013435447655639188008	0.0027428720427452755667
5	1	-1	-3.4716729406598059629e-05	-0.0010260033859797294559	0.0010656976618788123901	-0.0036874926931250804479	0.00089211401484582222073	-0.0088175096230237275108
5	1	0	-0.00096174301582055378088	-0.00016879982604528048469	0.0048087150791027684707	0.00084399913022640247768	-0.0015055565330539812888	0.003530484567369197163
5	1	1	-0.00071877983503749434853	0.00039295170992057745557	0.00090604962067036202804	-0.0020450706512117992897	0.0026878495545171097146	8.0312101608912147372e-05
5	1	2	0.0012682645740080913423	0.0016633867805831640662	-0.0042490685554865325821	0.0006781037334699400532	-0.0010461271572769622815	-0.0044975188181928804632
5	1	3	-0.0027742614210265982219	-0.00054457959125338371419	0.0020201119214787190657	0.0002180269059206922926	0.0039503983945514244483	0.00083495701678207550744
5	1	4	0.00074245598938516455412	0.00044471494503103056045	0.0014305257503002056282	0.00084262208705614160317	-0.0012857014243065070184	-0.00076654920305282362846
5	1	5	0.00011001745432068228529	-0.00020298812288529718192	-0.001130164119921936005	-0.00068858019910070667607	0.00011601536966370491299	0.00034070416270543852797
5	1	6	-1.5220110583359079432e-05	-5.7750123327705518315e-06	0.00072333689964520250619	0.00017916007820139171814	-0.00010787272445473452382	-2.5047502756256493164e-05
5	2	-6	-0.00058430339600010845671	0.00019687601371334010518	0.00063407995920922383473	7.6835347675598169226e-05	-0.00027555951026368247182	0.00018967512731964946836
5	2	-5	-0.00013978743625076524358	0.00048276007235616922577	-0.00015672489394729917324	0.000430705324309919391	-0.00020247739382968490745	0.0006550422020801370147
5	2	-4	0.00053928838601546391467	-0.00078873323785993456041	0.0016049167267377783142	-4.0894005895631298762e-05	0.0014765688458882189962	-0.0010063635502727337652
5	2	-3	-0.0016528134793975595655	0.0008531955253989350306	0.0034104307481804914046	-0.0030453125753076596902	-0.00048106863354227161851	-0.00060821584120688144525
5	2	-2	0.0017158273154033150745	0.0007312501812910694168	-0.004061251898863445578	0.0004290379582049794519	0.00022831638964484259622	0.0022571634114326531023
5	2	-1	0.002049726331120638699	-0.00076102521208216001962	-0.0061391638593102501251	-0.00056652374706634854497	-0.002029696063017306755	-0.0049381735545434967544
5	2	0	-0.0011763762177319819942	0.0012094687564658472122	0.0029409405443299547686	-0.003023671891164618139	0.0018561994506178314604	0.002283289451065623199
5	2	1	0.00031277471530933084872	-0.00084035315852227555639	0.0011448944172719871786	0.0038998512120909066547	-0.0038536624110906288719	-0.0035979366315704352022
5	2	2	0.00038800155482739920754	0.00066954094086018592011	0.002004376724308381489	-0.0010624946361311136955	-0.0029743806113768796705	-0.00061135771601935110474
5	2	3	0.00071209963767987971214	0.0021592618807547070067	-0.0002411930277791852898	-0.0015002862050724076037	-0.0010260373776136760479	-0.0025985789978762402312
5	2	4	0.00015910404033632295903	-0.0032225974598814976883	0.00034283045928983860596	0.0012069010584594339324	-0.00037029528006532301532	0.0034247962956221551442
5	2	5	-8.5073228548809533495e-05	0.0011345676739699225768	-0.00017909853808836725128	-0.00050566042905887816864	0.00015671264378415642317	-0.00093230350234637141774
5	2	6	-0.00032474232982296715767	-0.00031575168437404410897	-0.00028583937536773740707	-0.00034945440315584488152	0.00036589839997505174901	0.00037961120469698502421
5	3	-6	-0.00067843070249656129648	-3.0966276166729487249e-05	0.00018368958306687319429	0.00017181737575808041099	-0.00047351412721369776689	6.0103457740098961606e-05
5	3	-5	0.00034027324761518506959	-0.00020351267836207960222	-0.0013314276987310598183	0.00077216630263775135924	-0.00045858337162345085393	0.00025978710322057123501
5	3	-4	-0.00050487267717335077358	0.00027474787605708694436	0.00021185044956418448985	-0.00059682924041628182717	-0.0004722030092935500115	-0.00010418708524085268992
5	3	-3	0.0021477388596004686611	0.00092909333470428151925	-0.0025087129803376792721	-0.00011328903317299440009	0.0010708517856631023357	0.001435199858000808272
5	3	-2	0.0014350234244483903948	-0.0011636885508389900514	0.0032848329715770658785	0.0025046573641528246251	0.0085148080184865755637	0.00084776466913176202599
5	3	-1	-0.00087864041935269577427	-0.00053536060044268214426	-8.472236163910769086e-05	0.00043117342649942694841	-0.0046473691816808016322	-0.0013832827227151299303
5	3	0	0.0037719474317382361943	-0.0022296391920331479035	-0.0062865790528970604684	0.0037160653200552463613	-0.0013783712660312467078	-0.0005991488916287023795
5	3	1	-0.0019063019616868237104	0.0016775806327428274475	0.0023908630306956504645	-0.0041094262318643716772	0.0023589207163471673755	0.0039403755318789786613
5	3	2	4.0991845897548229594e-05	-0.0005659860206336298806	0.0015668463241209230202	-0.002366428134445828016	-0.0024527491009252548604	0.0049646072532528165086
5	3	3	0.00083574782487226312484	0.0011769800277459997219	-0.0018128977329970802964	0.0010153609533879595986	0.00041998469154330860236	-0.0029769943329646260909
5	3	4	0.00058153622004104236348	-0.00041645396991222568108	-0.00066441351793433103996	0.0016287006453880447255	-0.00022861013660055470149	-0.00070095802165075140212
5	3	5	0.00086134485455630462394	-0.00013737573661922120516	-7.643584559359394774e-05	-0.00057585234834962113672	-0.0008154833472001482824	0.00048288714562899387635
5	3	6	-0.00024687245987955010792	0.00021234796500529940205	0.00033006310273176072117	0.00019024198732632934656	4.0695498533744711277e-05	-0.00027207763116758083713
5	4	-6	-0.00029365618913192832132	-0.00043619950500899237669	3.57394170361102328e-05	0.00013676459545136781279	-0.00022088721291920010805	-0.00027232319053991510538
5	4	-5	-0.00010888115164894047874	0.00042743280889934436723	-0.00020592010124457360435	-0.00042140753114924031208	-0.00027361723264459936493	9.0306783979952109432e-05
5	4	-4	-0.00073939917274365386714	1.2263182059133923528e-05	0.0012326617427182876095	-0.00053885394854186717539	0.00030841277678872035684	-0.00052352497096794974388
5	4	-3	-0.00040781920822907668806	-0.00048589540709230547195	-0.0010145921892215157677	-0.0010397095888297570778	-0.0020324882660104821343	-0.0021961051302601852959
5	4	-2	-0.0010839144113936056545	0.00095691526149989955628	0.0016131055969592390797	-0.00083890714592551110518	0.00051642516543446402317	0.00071447386189872673454
5	4	-1	0.0004059940324382039405	-0.00079951127180888001932	-0.00088259280627519729173	0.0011993654378539041552	-0.001500401062909769356	0.00079990539237121609066
5	4	0	0.0012427081239449436385	-0.0020085212125861636075	-0.0015533851549311796566	0.0025106515157327044009	4.6252994231788075136e-05	0.00016247799843579501552
5	4	1	0.00085919144492087209768	-0.00022293077312216468509	-0.0016011003029077085138	0.00024015002859955434798	0.0021084439870264742173	0.00015405375121260611484
5	4	2	0.00011905381287265543095	0.0011654080984589924169	-0.0010391909086218547881	-0.0025740408644632302611	0.0017807472850620710125	0.0022345614827789799135
5	4	3	0.00083309582746007426052	-7.4529597635362155304e-05	-0.0013257222660534740549	0.00051918954445316276274	0.00037913664230450821535	-0.0005680367298786134474
5	4	4	1.2107021826590905067e-05	0.00040697921623224388296	2.5539951712107234806e-05	0.00018288708338690690277	-4.0673728995345868257e-05	-0.00069161110367721174291
5	4	5	-0.00053263100429766887297	0.0003956812811572229323	0.00021696923153035512551	-0.000423390267652236146	0.0003590556190733847834	-5.6969067035434023632e-05
5	4	6	0.00019708514259043167778	-0.00038096782900023430391	-7.3083929327110130599e-05	0.00010304860766005650291	-0.00011551499927395297775	0.00024877411906015762079
5	5	-6	0.00075232092424232645082	-0.00014660150226212281701	-4.1040457552755863076e-05	0.00043200078967695174255	0.00059273372224130877004	0.00023783273951235746053
5	5	-5	0.00046874096194614913455	0.00011691317311785518526	-0.00026249256604874272956	-0.00018272146912588429915	0.0002062483958974064321	-6.5808296008029127451e-05
5	5	-4	-8.3877032192685078526e-05	-7.7362515108229503781e-05	0.0003366405655455079692	0.00062719766043124259083	0.00031595441669102859641	0.00068729393165376634865
5	5	-3	-0.00010320934971192933073	-0.00025667281122561917553	-0.00046128608080707537422	0.00060855502603674935247	-0.0009408257175316745444	0.00058647035801855031296
5	5	-2	-0.00037598635678685535114	-0.00017221164059546626162	0.00097243152590063331765	0.00062883997306049336119	0.0014911129227844449434	0.0011415708311625679793
5	5	-1	-0.0011009073385234767559	0.0010450685953620614255	0.0011984954762441183025	-0.0012887132437254852479	0.00048794068860320719081	-0.0012182232418171197626
5	5	0	0.00069497246322658585982	0.00060398427825590714907	-0.00069497246322658585982	-0.00060398427825590714907	-0.001518940144468027692	-0.0015481842221408477923
5	5	1	-0.00045504554924280770636	-0.00019861203904894631574	0.00049313530773948917926	0.00011564527690782561641	-0.00019044879248340714764	0.00041483381070560348307
5	5	2	0.00052785834735707244051	0.00010072793625990049968	-0.00029179771747778589447	-1.741518998155733636e-06	-0.00059015157469821633799	-0.00024746604315436192528
5	5	3	0.00017434383397496621467	-0.00032155291904511655371	0.00010942502486732707308	0.00035996254564465377532	-0.00047294809807048879486	-6.4016044332562081201e-05
5	5	4	-0.00057871337798826548438	-0.00020405713735102519457	0.00057399043979372349131	0.00052457321951436444284	5.9036727431774837114e-06	-0.00040064510270417403323
5	5	5	0.00011219492757439815367	-0.00010383736228702389619	9.4856783517863841264e-06	-0.00033410065658037382689	-0.00012168060592618453949	0.00043793801886739773662
5	5	6	-0.00045515304046074090208	0.00011176438946229047067	0.0006882689422989874458	-0.00051800406049889590084	-0.00019426325153187209266	0.0003385330591971711647
5	6	-6	0.001499963923673257012	0.00035258592010259961992	-0.00020909026775366287496	-0.00062001831524650550739	0.0010408796686407180768	-0.00032619671516100588737
5	6	-5	0.00018299442204359906024	-0.00010512962037259479618	-4.4807083226573114266e-05	-0.00022937925922625018011	0.0001292259221717113177	-0.00038038473144409501231
5	6	-4	0.00026941601520462284949	0.00010618574857285374236	-0.00028018078278471545599	9.2664781790943051175e-05	-8.3501155171294608572e-05	0.00027172935840248175132
5	6	-3	0.0001183968820688623781	-4.2741340469148862181e-05	-0.0001393595744086461414	-0.00018728484272173830344	-8.1391012035854972415e-05	-0.00044580525289205806191
5	6	-2	0.0010589878678464769227	9.4231838321089277295e-05	-0.0008044160969439644298	-6.0131571149452566134e-05	0.00023422137878429899016	5.5184882354365481284e-05
5	6	-1	1.6035059764641357419e-05	0.00043097141658040167547	-3.996454191863630024e-05	-0.00022120664746392971578	-0.00015961195268861101096	0.00082761719811842997425
5	6	0	-0.0001032881936288191732	-2.3134739867806976401e-05	8.6073494690682651113e-05	1.9278949889839146436e-05	0.00020312652178631804387	0.00040380923907072240227
5	6	1	0.00030962579932554380128	-0.00031154150423020308697	-0.00018113336882178205007	0.00024577590263991940358	-0.00046132878369702659755	8.305210531149898631e-05
5	6	2	-4.1640824530432375759e-05	-3.9167392950024542417e-05	-0.00011137983306511062037	0.00021741820758946740983	0.00043824156052141278019	-0.00055433614039334083278
5	6	3	0.00022871177762073013656	4.3089203942038021612e-05	-0.00027714937417540319847	-3.2749869276841976564e-05	0.00017311245231625620546	-6.3156013497127408068e-06
5	6	4	-0.00048332715837378140405	0.00036730543923752694609	0.00049127723591799263986	0.00012925158133322573861	-0.00013275690590976223183	-0.00065300917104674726342
5	6	5	-0.00053165360557151251832	-0.00040056480788699364059	0.00011561589812668437527	0.00058474581097537085481	0.00039291452781949125174	-0.00030113016528345146108
5	6	6	0.00045962998166669267715	0.00069204799045577338346	0.00015150138812047199833	-0.00022316743136915691997	-0.00053452637284271591403	-0.00035353922734398753915
6	-6	-6	7.6500992448104765723e-05	0.001379872236840598218	6.380831345287877503e-05	0.0025159707948815461867	1.2692678995225990693e-05	-0.0011360985580409479687
6	-6	-5	0.00040957696698447749973	-9.3628240142737945406e-06	0.00064935111453940145242	-6.4922121143238967298e-05	-0.00028772897706590881911	6.6671156554758210697e-05
6	-6	-4	-0.00023292665092880746329	-0.00052851734690670512575	-0.00019052344511727106356	2.444264530087812666e-06	-6.3604808717304613152e-05	-0.00079644241715518947645
6	-6	-3	-0.00011560834073864565427	0.00013715260286693693151	0.00014717823733424292214	6.9770807916410453389e-05	-0.0005255731561457770715	0.00013476358990105292914
6	-6	-2	-0.00022970286799051827767	-0.00049619776235682142192	-0.00012141860440283589405	-0.00046747168226684996046	-0.00032485279076304715085	-8.6178240269914153991e-05
6	-6	-1	0.00012469835886821489367	-0.00019826741253582393304	0.00016824998397897326062	-0.00023243290821662378762	-0.00026130975066455020168	0.00020499297408479912747
6	-6	0	3.60486239782660745e-06	-9.0601086167369933289e-05	3.60486239782660745e-06	-9.0601086167369933289e-05	-2.4122573016019254355e-05	0.0001416342348134263184
6	-6	1	0.00025572870325228630852	0.00028761203324580462493	0.00028819588534295502305	0.00027033944326385701742	0.0001948030925440122059	-0.00010363553989168563152
6	-6	2	-3.9444729201266776238e-05	0.00029123028131739777747	2.710898312034056373e-05	0.00037885294735231247977	0.00019966113696482200974	0.00026286799810474405269
6	-6	3	0.00010373256593324415827	0.00022213622795875880532	6.1578812941635977006e-05	-3.9086057182838384683e-05	-8.4307505983216348973e-05	-0.00052244457028319431224
6	-6	4	0.00048319846242298028277	1.6798551022411666462e-05	0.00049752316709360852164	0.00024582153538220321426	2.148705700594234476e-05	0.00034353447653968737082
6	-6	5	0.0001508162071873833394	-0.00079244561057220837264	0.00070193133846320650282	-0.00029412677312891149974	0.00066133815753098785031	0.00059798260493195624747
6	-6	6	0.00081569988060879706181	-0.00031370627228091512145	0.00026561713792827958483	-0.0011995100221529918835	-0.00055008274268051747698	-0.00088580374987207676201
6	-5	-6	-5.6353319518492719432e-05	-0.00076983970456446625813	-0.00017867134488279973865	-0.00056882233462399265506	9.2539467883840384813e-05	-0.00029582109237780574839
6	-5	-5	1.8550603719358296992e-06	0.00024362077953657353168	-3.9544570599233104893e-05	2.5699998572758734749e-05	4.1770643045556102226e-05	0.00026664493687112952088
6	-5	-4	0.00026382103676487106197	0.00018098480728485300743	0.00011409120173906288972	0.00019542424592484462071	0.0002531175529734779571	2.7196903521223735262e-05
6	-5	-3	4.7084666335269505092e-05	0.00023509728805112557054	4.0751160631191368896e-05	0.00016095963985411960062	2.6250731618553386321e-05	0.00020192850967871850952
6	-5	-2	-0.00011773556056519137586	-0.00020226187456031730679	-8.2001953588177716858e-05	-0.00018552829139775533444	-0.00014820179772512983543	-0.00014296489518656363849
6	-5	-1	-0.00029967871674729129215	-9.367182729241068837e-05	-0.00030656070759660109665	-0.00017444673146950961332	-0.00026526876250074210703	0.00031020269359308404481
6	-5	0	-0.00017543461790865011061	-8.8320021005721896122e-05	-0.00021052154149038012189	-0.0001059840252068662645	-0.00063935097687603092281	-0.00017263081890903699553
6	-5	1	-0.00022513959939072267051	-0.00030904425807696015664	-0.00020756672088647487454	-0.00043823470871681425827	0.00031300399191196165037	-0.00033690799512231018892
6	-5	2	-0.00036963416246564453991	-0.00018118728908374869099	-0.00060263962179969471529	-0.0002814897168887763707	-0.00039769656710230322271	-0.00016016242497069485377
6	-5	3	-0.00019345569806141337129	-0.00033465506964439468941	-0.00043878722393154116896	-0.0001168714099631066477	-0.00034440064376307525989	0.00047452445601694500212
6	-5	4	2.5889707315472782476e-05	-8.7148474367864094624e-05	6.4856548825709329337e-05	-9.0370797788841448974e-05	4.2236125058927481181e-05	1.775921431574433072e-05
6	-5	5	0.00013999511258341705306	0.00052209728767320569016	-0.00016827916427109907609	0.0001320742406406118577	-0.00033627329937119953976	-0.00049444250456723499217
6	-5	6	0.00051697777028069454193	0.00030131126708493930454	0.00043552161183187874634	-0.00038906311907242340127	-0.00015404309375412886577	-0.00062553053297862554454
6	-4	-6	-0.00023044344427475000735	8.4700603946798942484e-05	-0.00070437230459899043741	0.00018743451244122494629	0.00023913809212457691478	-4.0255737680684359559e-05
6	-4	-5	-0.00023145595616967833195	-2.2666169522558238876e-05	-0.00055417651525262320248	0.00037869681784095102954	0.00016559406479848455822	-0.00033015685769983071571
6	-4	-4	-0.00035541703729917239292	-0.00045410446787691970388	-0.00011808087623666773162	-0.00044186330977884701824	-0.00041504467971209085776	-0.00023929339203653256468
6	-4	-3	-0.00055084751598136389751	-0.00012168732293920230523	-0.0001399182792975802597	4.4660461795427868522e-05	-0.00091513732623262089051	-0.00030292192827230846226
6	-4	-2	-0.00012712114401496654227	7.9380217912436958007e-05	6.7670822635047383218e-05	3.5480151452564620356e-05	-0.00051670507731499436613	0.00016718035083218161976
6	-4	-1	-0.0002593633885758106104	0.00014464846232300847782	-0.00083686039826521034166	-2.8981764329090252798e-06	0.0017912612616059777042	0.00087948347966968691385
6	-4	0	0.00093962450756134214581	0.0005632469542295208062	0.0014094367613420131103	0.00084487043134428110088	0.00048715022216166015828	0.00092940748619885682393
6	-4	1	-0.00067956292803756496428	0.00022122530264573526558	-0.0011218874844790296084	0.00047435176990989107518	-0.00041017236969072902756	0.00057005526376515270725
6	-4	2	0.00077464285893918884574	0.000575225480574522623	0.0011225612544164232601	0.00078596681148059249593	-7.8806067984720016943e-05	-0.00015374281876238295847
6	-4	3	-0.00021177511978319913137	0.00033259971484353223264	-9.6788596695279472413e-05	2.6793633626629957255e-05	0.00029449877730602561478	-0.00062947458485155779236
6	-4	4	9.2473728025335133452e-05	-0.00022431331442739204664	0.00038680966265820570854	-0.00053280810935711923806	0.00024809907062020298803	-0.00019633813771603112744
6	-4	5	0.00015951392455227571027	9.3314191600749841148e-05	0.00013203265559605313856	-0.00020960160160413463361	-8.5790584985888346898e-05	-0.00027965831120420754337
6	-4	6	0.00016532682114518774388	0.00038156755432633469947	7.2163956137594005764e-05	0.00062011679514259443729	-0.00011721751705345839767	3.1843642435394941203e-05
6	-3	-6	8.4240129923016050708e-05	-0.00047613012977820669182	0.00023774463629208284453	0.00039592156477105981335	-3.463218822302536478e-05	-0.0006740909121637365985
6	-3	-5	0.00048327056472806704341	0.00014168697523841191624	0.00074389573833355906486	0.00035585583448081959616	0.00013358723467354500776	-4.3489130402397447369e-05
6	-3	-4	7.2033706007831357538e-06	-0.00017260409413810971812	-0.00049937702500154820817	-0.00088392707792056795634	0.00038533782465233586611	0.00040403916723326139008
6	-3	-3	2.5684530759944915846e-05	0.00012411328131881893002	-0.0014542787042988961511	0.00032381054052981069445	0.0015056477658187859218	-7.558397789217286152e-05
6	-3	-2	0.00049922150698256638479	0.00070599704416999078168	0.0021482134863214127733	0.0016182414133138493719	-0.0017246557085344197888	-0.00030937098746080176704
6	-3	-1	-0.00056850506418400963485	0.0007760597709702646849	-0.00040902257776322646383	0.001619349689926300297	-0.0021839626518143787429	-0.00020169044395731264611
6	-3	0	-0.00056826881033405064834	0.00024934242625082391571	-0.0011365376206681012967	0.00049868485250164783142	-1.7057533599544157858e-05	-0.0021567843661665364596
6	-3	1	-0.00033358745034014737835	-0.00075198468290824961851	-0.00019015108736326240615	-0.0019275455456820077358	0.0014310714399510969432	-0.0012707285395965254964
6	-3	2	-0.00022452736096777934889	0.00027144358994696628825	-0.00019171012277852271977	0.00096430624291105515502	0.00038601689873555400769	0.00063212859452568392199
6	-3	3	-0.00027339985787249549646	0.0006534154342487586602	0.00033738039207327480537	0.0001596877921445351517	0.00088418010781826574408	-0.0011471430763529823042
6	-3	4	0.00018745016645383699044	-0.00047556808286257362542	0.00010966660226820763976	-7.8048160159287696528e-05	-0.00019892529797959975922	0.0006548160041743946759
6	-3	5	3.265284142387670554e-05	-0.00020172761613512359504	0.0006947114679401635972	-0.00011501600158011533606	0.00037764347105544610354	0.00017306353841407910157
6	-3	6	-0.00027408114836091466591	-8.9162444586403073412e-06	7.174672461420852096e-05	-9.2773446284130704721e-05	0.00030995451066801891962	-3.7470478683425050101e-05
6	-2	-6	-4.5048724469876626653e-05	-0.00013376178832082754331	8.1732826096279903035e-06	0.00034416285682803198984	-4.7773152006419290652e-05	-0.00024848274059683820658
6	-2	-5	9.7276364214295057216e-05	0.00080205453147214511751	0.00021616795717269740411	0.00095172516588056237791	3.0264454188075106338e-05	0.0005817753714143491248
6	-2	-4	4.3130556713565318286e-05	-0.00012037398108580425239	0.00098713564080322286319	0.00036757163445627898547	-0.00042887198533126346094	-0.00036434678885684587809
6	-2	-3	-8.1630900387228997402e-06	0.00028542295025239632078	0.00033650110361873854454	-0.0012945356036145737755	-0.00024066024915660481562	0.0014338696362478418975
6	-2	-2	-8.0777594960229397793e-06	-0.00016356129265186584998	-0.0010517020125986019114	-0.00025214320185978358283	0.0010274687341105331276	-0.00023854067609581394
6	-2	-1	0.00063876446799158862269	0.00020104615275599716818	0.0013616377649572004079	0.0005917525045013388935	0.0011093112780351311372	2.2771907533305184849e-05
6	-2	0	-0.00079955515445705941779	0.00073691258915045373176	-0.0023986654633711781449	0.0022107377674513610868	-0.00049231149302726272959	-0.0025351638798455020107
6	-2	1	0.0011893205301767063604	-0.00010721101984456216495	0.0021763863393879367969	-0.0005695878598032025732	-0.0027831505022843645684	-0.000495909600539032238
6	-2	2	-1.7983814983399787178e-05	-0.00030112678768271660843	-0.00050650032387743583549	-0.00055192456541107957901	-0.00045254887892723648412	0.0003514557976370703005
6	-2	3	0.00013171895583976477506	0.00066487138526081406616	-0.00097078760105711540268	0.00025490654574396743454	-0.00091062964571760648524	-0.0011598050733589832482
6	-2	4	-4.9188910326683253714e-05	-0.00051570239422391256443	0.0011605721229603566461	-0.00018548671257018100786	0.00065406942697020318666	0.00068081023505077832916
6	-2	5	-8.2644062266343275899e-05	-4.4907151681976097525e-05	-0.00048644210229333533077	0.0003858939354550256157	-9.5403966197722193097e-05	0.00020824615620038155247
6	-2	6	-0.00020510434121905854899	-2.1140986105694934208e-05	-1.4865209672634036275e-05	-8.6540107360849981961e-05	0.00020014927132818054255	-7.7057163479217241869e-06
6	-1	-6	-0.00016957760008496996183	-1.0970860922083882288e-05	-0.00049458625083765531821	-0.00013917108170077827664	-8.7146558278694089016e-05	1.2224319361379164383e-05
6	-1	-5	-0.00021139931400359897404	0.00010457037099169772681	-0.00012824669599576209991	0.00095953716552401983626	-0.00022802983760516635971	-6.6422987914766684235e-05
6	-1	-4	0.00037171222474121051304	-0.00049381950389410531142	-0.00080313210605302803435	0.00036496600308407698169	0.00075835136362507275104	-0.0008319707566121772261
6	-1	-3	-0.00059506060821134523168	-0.00061328783046511162105	-0.0015838774619238728779	0.0016194733677593251258	-0.00066216206244806613459	-0.0017664001168499982117
6	-1	-2	-0.00047615484161826770754	-0.00021983682060606712081	0.0013278418663642812744	2.6364244593174182384e-05	-0.0020923854580369438683	-0.00067269258411478845532
6	-1	-1	0.0003141215441794209225	-0.00023743605577958358348	0.00089004744539351963051	-0.00033093351911685784175	0.00099468181968300601291	-0.0010936828155606436591
6	-1	0	0.00058879558802352660249	-0.00028075945326592658237	0.0035327735281411596149	-0.0016845567195955596027	0.0034925341502867017496	0.0040022592804509517228
6	-1	1	-0.0011648131590033202788	-0.0006616468636167413802	-0.0033322336721274092679	-0.0045851508056345647787	0.0036566452818925128387	-0.00061526962393411714809
6	-1	2	0.00011928012623696698877	6.6591054289936031348e-05	0.0012790424349904047901	2.9857387754918945244e-05	0.00028168083878430137451	-0.0001848444689923486265
6	-1	3	-5.5813361125079000516e-05	0.00044150488175747644838	0.0011431425733748291559	-0.00018291326261342185527	0.00049267424670843440893	-0.00094398085105276013668
6	-1	4	-0.0002761255740304642786	8.8264027192214036897e-05	3.7010583060121654401e-05	0.00041427908991266496888	0.0004234410068107267739	-2.8826268310154806349e-05
6	-1	5	0.00012688788133675133461	7.5427966827755294421e-06	-0.00057624808611535791644	-0.00029775913508456168001	-0.00026751507482717317397	-6.8603183036242961846e-05
6	-1	6	0.00022692798578738323243	-4.8823486727038301991e-05	0.00029740202357827133029	-0.00010570764775323783057	-0.00017736098185767133501	3.1205545434831994636e-05
6	0	-6	0.00023345240456662416607	-3.8356636757022462373e-06	1.7875391484287889572e-05	-0.00018669255711832011247	0.00023345240456662416607	-3.8356636757022462373e-06
6	0	-5	-5.9130221630140200918e-06	0.00040829304571475506314	0.00015424224903426517891	0.00061840620810706256258	-7.0956265956168241101e-06	0.00048995165485770611914
6	0	-4	4.0940236952865068825e-05	-0.00078583279643698350937	0.00041810275392820919933	-0.0026655273875002098716	6.1410355429297603237e-05	-0.0011787491946554753183
6	0	-3	0.00051894112105372355425	0.00033269253847393481273	-0.0023231521926278223163	0.001243115986986815559	0.0010378822421074471085	0.00066538507694786962546
6	0	-2	0.00033671410162660784723	0.0010487312714553534334	-0.00034457929103515465719	-0.0045061575167925213212	0.0010101423048798235417	0.0031461938143660600833
6	0	-1	-0.00016319266188691703887	-0.0002093468336626086836	-0.00013650170265957342944	0.0024864480513898234298	-0.00097915597132150217902	-0.0012560810019756521016
6	0	0	-7.1603256402367723951e-43	0	0.0031838414524286884517	0.00049937344403242877721	-0.00014016719227959121706	-0.00022137207036577479218
6	0	1	0.00035352525077953736877	0.00033083659411700156892	0.0031167060880576951537	0.0020368440199455745999	-0.0021211515046772244295	-0.0019850195647020093051
6	0	2	-0.00018198106760569909271	-0.0004283115326158810454	0.0020186612533703782169	-0.00079178492120980084514	0.00054594320281709722391	0.001284934597847643082
6	0	3	0.00064915300187682993278	-5.7271636106403176394e-07	-0.0031997883993205825277	-0.0013258008961106416621	-0.0012983060037536598656	1.1454327221280635279e-06
6	0	4	-3.7937443234626579342e-05	-7.3276063588108527919e-05	0.0010078512680162840087	0.0013347434303713115022	5.6906164851939865625e-05	0.0001099140953821627851
6	0	5	-0.00054637780811542333709	-0.00021808697487497342993	-0.00011806341467675601135	-0.00010166586637083548865	0.00065565336973850789608	0.00026170436984996811591
6	0	6	-1.5195089320603243961e-05	-0.00013259701946722010396	0.00029058047428714598804	0.00010848871923086157644	1.5195089320603243961e-05	0.00013259701946722010396
6	1	-6	-5.75207196512841329e-05	-0.00035753664890670841005	-0.00017964219132738016671	0.00048792078551408631657	-8.7461084872514162944e-05	-0.00027621651798769405106
6	1	-5	0.00034930749370729339892	0.0001351084181651935473	-0.00024517281256364971062	-9.6941431262784007769e-05	0.00037013442993602215826	0.00014274181554567547418
6	1	-4	-0.00068906493842336600728	0.00042685814521082184004	0.00071514649481375122501	-0.0010973467274129171389	-0.00085481078393161125887	0.00036595053596300350244
6	1	-3	-0.00061849063717024860623	-0.00076361887588890858206	0.0021978287281784621675	-8.1206469092658456412e-05	-0.0005043716982810098233	-0.0015543065748087033298
6	1	-2	0.0012649113136817265006	0.00069252316305015151551	-0.0010425573741049073712	-0.0015739957694563678874	0.0032734552539927259246	0.0012905716044222706029
6	1	-1	-0.00026037301485725615436	0.00018974191476750450051	0.0003519390222681600326	-0.00038897957077263885977	-0.0012102990668753767309	0.00074947191783238814328
6	1	0	0.00058560300833688302014	0.00023307408791456280775	-0.0035136180500212983377	-0.0013984445274873769007	0.0035718930685635164393	0.00039283240517144773921
6	1	1	0.0005831089278442002765	4.7559193777578913191e-05	0.00086992497632087484143	-0.00025707629810757650973	-0.0043685785433860762836	-2.8278864557896942313e-05
6	1	2	-0.00062155351774427893084	0.00023602321623445341142	-0.0024436719123809339492	8.8106990755825945064e-05	0.0030864965094233040924	-0.00075212314408127322034
6	1	3	0.00034337791221501762348	-0.00015220772977268855609	-0.0015409840140406638308	0.0005623789888365279474	-0.00017309448641648065475	0.00011695579659986779638
6	1	4	0.0010816871784986147736	-0.00021895321307734450802	0.00051870891178056207065	7.370936682597569096e-05	-0.0017522079956930627052	0.00031000247790952285961
6	1	5	-7.4603231320837339654e-05	0.00012044487183505469868	6.5065139387786904285e-05	-0.0014720459947182627878	7.6510849707447426728e-05	0.00014987535274158691372
6	1	6	-2.1438697903787092605e-05	5.3051109235266967739e-05	-0.00021549793972609759688	0.00016245005104153456988	5.7355021191470028806e-05	-8.0126117742189396052e-05
6	2	-6	-7.1964998820069158542e-06	-0.0001012018438004975144	0.00040250518786693120906	-7.487900254052472877e-05	0.00012697189607363681485	-0.00012616151131400574377
6	2	-5	1.7743514184737745607e-05	-0.00025749539089226457494	-0.0004121954166662138673	-0.00039716174259118037495	-0.00014358594964480024406	-0.00046785916610718962906
6	2	-4	0.00038620873340803663944	0.00044877643458107063399	-7.8144633481828912726e-05	0.00062189776305251597433	0.00054024078337114051634	0.00098411353339786385684
6	2	-3	-0.00023078001039687171415	-0.00022794414357221802307	0.00045170486799122662068	0.00014774387382927666292	-0.00016042344213292568118	-0.00035739237125825162227
6	2	-2	-0.00047919582913763021257	-0.0013447345786835526726	0.0011082529295668626119	0.002024053134440186464	-0.00032933455784602791742	-0.0020101506016104715539
6	2	-1	0.0012911256567897906947	-0.0004840469539234416689	-0.0026148022987287902405	0.00230387289415378161	0.0025171493432811632533	0.0017034640647669129897
6	2	0	1.597459749200842133e-05	0.00021452848007877013009	-4.7923792476025260602e-05	-0.00064358544023631041736	0.0010881981786775179501	-0.0018606632334816559145
6	2	1	0.00072628170491641338893	0.0011317577657592901245	-0.0016153964907451427192	-0.0038180230678023707389	-0.0011268972480081948951	0.00084549954104899986349
6	2	2	-0.000732418969480204754	0.00097459840263468538058	-0.00052212693229329739351	-0.0014173836433012487832	0.0027193838407339118723	-0.0015064115646028074669
6	2	3	0.00020709655782189976625	3.1563744014720468087e-05	0.0005627464283318049567	0.0005123455364677206034	-0.00078935740119833613417	-0.00040469117900792132489
6	2	4	-0.00026443628442469511389	0.00052119652416405572171	-0.00076902408779911150209	-0.00071043902936581359263	0.00078116647053659842188	-0.00042657527156317684046
6	2	5	0.0002007887460449474205	-0.00084476764309438792059	-0.00042147991425834686625	-7.2388810123802174181e-05	-7.2354529550598147263e-05	0.0010426766957627863364
6	2	6	0.00018655833801326963473	0.00063677624455264953719	-0.00055955689878477198398	5.9531131827298776796e-06	-3.9371751678970129398e-08	-0.00063876061561355941369
6	3	-6	-0.00015368531286529839622	-0.00034068652247866882017	0.00040134128162540040055	4.9554508021101762361e-05	4.6985327947401817603e-05	-0.00031590926846811797626
6	3	-5	-0.00017697065087013532985	-0.0004224027185136462032	0.00019439630562425794366	0.00049053487253027062628	-9.5726997669607637761e-05	-0.00021256233869821304638
6	3	-4	-0.00016181240855173961431	-4.937283110676832763e-05	-0.00033520935450854041134	-0.00049921200724774858828	-0.00049412562870901474352	-0.00044846825209596393944
6	3	-3	-0.00033472625687076958904	0.00091671585523109679148	-0.00026705802989816719746	-0.00082296059642778093737	-0.00093651054363970637553	0.0010104711140344125372
6	3	-2	0.00031971826209829242805	-5.2421384701694626694e-06	-0.00053409436338041976159	-0.0011169792483842516835	0.00015801324122424764175	-0.0016911952879868857955
6	3	-1	-0.00077648113640249832694	9.9954254373236655777e-06	0.0015974058735337703669	0.00026162379725745026939	0.00013333080218632141012	0.00084484394439629268304
6	3	0	-0.00069658260271000024128	-0.00096835773756009880988	0.0013931652054200004826	0.0019367154751201976198	-0.0033144067784073695873	-0.0015357395832822124011
6	3	1	0.0007080219529674432145	-0.00081679006360112975209	-0.0011190053088606091367	0.0018584015494876079521	-0.00089111579122283155179	-0.00067446426685604501852
6	3	2	0.00020831493170778337841	-0.00040218316453942122655	-0.00047676148615098407763	-0.0013476840105651768063	9.0197434103125994774e-05	0.0032280755094660287807
6	3	3	-0.00011016614243455243581	-0.00043011296942600509225	0.00062387736475072626263	-0.00020589784520982085786	-0.00040354507988162133681	0.0010661237840618310695
6	3	4	-1.562219881626990541e-05	-0.00013741695226134745321	5.3748757422891253353e-05	0.00043814883947970143137	-1.68782698427635819e-05	-0.00012248620121775490727
6	3	5	-0.00042646440013736002872	-0.00013003848634037464709	0.00047194943477215582205	5.9404410582565168788e-05	0.00022858761930153853039	0.00012040353725891046169
6	3	6	0.00015980140597269824518	0.00043543005701416172618	0.00038893330700158945841	-0.00068276624116735411436	-0.00035426805947349300149	-9.4046936430484655441e-05
6	4	-6	0.00039890257261178787077	-0.0001130046060162309896	-0.00071290613381247110777	0.00026527235846674054789	-7.6368183263192854194e-05	6.3843632961596024256e-05
6	4	-5	0.00011069343953046727137	-0.00047660069078860972875	-0.00011755893237683216919	0.00025597771072496272073	3.8784981535094995714e-05	-0.00036713866036636145455
6	4	-4	0.00048795941444302080381	-6.2561664931992739722e-05	-0.00088690138712093150031	-0.00020445512850068148355	-0.00015496226545640026748	-0.00029829762589867061346
6	4	-3	-0.00011696840761513482387	8.9741343194359287429e-06	0.00050208738993722337209	0.0010769996741808599353	0.00043551303801936142469	0.0014539478342133517474
6	4	-2	-0.00060209220082434308438	0.00037459802807387587286	0.00090367270162719146292	-0.00093462389238696270532	1.0688007813535907432e-06	-0.00074545370055229768363
6	4	-1	0.0003316913376152628469	0.0002635952919823412316	-0.0003988386879232551363	-0.00042748891246477692439	0.00039479327399855669882	-0.00012838389796506049774
6	4	0	-7.6589014263136822409e-05	-0.00029513295848563253021	0.00011488352139470522006	0.00044269943772844882243	-0.00018316404542053282356	0.0010859141135520452605
6	4	1	-0.00026834389277323179553	0.00048540187937720055732	0.00060612060007564675605	-0.00033439198031787935404	-0.00081441904366319614259	-0.0015748433549916860362
6	4	2	-0.00027636666908824433948	-0.00063269560539605019817	0.00032598872289903992831	0.0010179027325658536809	0.00017712256146665308052	-0.00013771864894355663185
6	4	3	0.00018966094315834078473	-0.00010996246967810503119	-0.00022679933871521583627	0.00037305533297625530437	-7.6922768029727103031e-05	-0.00027748217127879698301
6	4	4	0.0006987439310661677826	-0.00031887381105159671351	-0.00064193578943018750598	2.3204052019888759498e-05	-0.00040618010716906416792	0.00045510666455750629043
6	4	5	0.00032202652926498746442	-0.00026605569140370312949	-0.00047774900032398462304	0.00034922132556695423744	-4.2326348587972671778e-06	3.9889769230880392547e-05
6	4	6	-0.00049786191718733047509	0.0003539975985977926367	0.00055848250291758681774	-0.00016853476123401356455	0.00012554024857560597511	-0.0002416410911084502784
6	5	-6	-0.00057638379816259360886	-9.231364711912600743e-05	-9.6572294774888929104e-05	0.00025671995204781941158	-0.0006568607104750010927	0.000121619646254056822
6	5	-5	4.4021865029843685008e-05	0.00015120134896165425531	-7.8362077070796934972e-05	3.1252367019039812126e-05	-2.5535839034984507542e-05	0.00021269398577302491308
6	5	-4	0.00038280063355284373993	0.00015193087221529067853	-0.00011648866173371543104	-0.00015290607827175375943	0.00042859012316212130415	3.6763710483243838834e-05
6	5	-3	0.00015080283180242230745	-0.0001148168496664372717	-0.00027870283358138287725	0.00017472261105131841599	-0.00016289905903079347771	6.1570652419322798509e-05
6	5	-2	-0.0001327883455442027379	0.00054229441341142816009	-0.0001730638963012207088	-0.00072950413980481091693	-0.00083102477738565994504	-0.00019687710927774264942
6	5	-1	4.4841000115657822186e-05	-0.00016757489056563599811	-5.2845927156363110995e-05	0.00032309647195473054342	4.8163649121313908451e-06	0.00061003301637983678267
6	5	0	-4.9049346860223043203e-05	-0.00050411951171958882447	5.8859216232267653199e-05	0.00060494341406350661105	0.00046936880681504485058	-0.00030221523038914509121
6	5	1	0.00022172129445425814995	0.00041105091877053842597	-0.00030571263683276851545	-0.00054718268859963879649	0.00019823541743829378595	0.00026960793037496353503
6	5	2	-0.00027999009478335887659	0.00046898249693321647632	0.00025976749985339884705	-0.00057872587113387010359	0.00019055153471657962057	3.9867187035025904542e-05
6	5	3	-0.0003453618233639378231	1.9032335288243875163e-05	0.00049500230611196273812	-3.3371165164196687168e-05	-0.00013428019679206224164	1.7553938030506723771e-05
6	5	4	0.00028736658668634121805	0.00017651634329899802277	0.00027655500496279698938	-0.00053259101770111152898	-0.00077674363623300810445	0.00040096425717789239062
6	5	5	-0.00025714658921261953923	-0.0004955506593478316334	-9.1954370356098745904e-06	0.00035254360804246265499	0.00031777134409075334437	0.00024211718317493526173
6	5	6	0.0013558275968529635239	0.00014468304289949151901	-0.00058137946669128872778	0.00073522498988146795223	-0.00087134470794355634114	-0.00075737053446738153342
6	6	-6	-0.0014414039840638078263	-0.0013615446618081004145	0.00028351668589398027137	-0.00067948651817709506979	-0.0011578872981698276091	-0.0020410311799851955927
6	6	-5	-9.5814979227361619647e-05	-0.00035307442831534059354	-0.00025539337110566667647	0.00020808354069389484219	-0.00042145002039963399328	-0.00017398906514573493414
6	6	-4	0.00046701460049057514972	-0.000433670898657738434	-0.00041612243904415319043	-6.4530960554446591343e-05	7.6338242169632952489e-05	-0.00074730278881827755157
6	6	-3	-3.2803787688102099113e-05	0.0002825337823073311252	0.00031527961034939880379	-0.00026737492975993545604	0.00056495164532259338225	3.0317705094791368815e-05
6	6	-2	-0.00020264773357116946614	-0.00054295506806061326517	0.0003446351340651598893	0.00062336166395442953268	0.00042596220148197124237	0.00024121978768144891093
6	6	-1	0.00018288907054096170657	5.64507307997866016e-05	-0.00016344578934533008393	-0.00010335463105881116403	0.00011665968717378973583	-0.00028142340155414740169
6	6	0	-0.00013332052775530910376	0.00023965751900479164414	0.00013332052775530910376	-0.00023965751900479164414	0.00023970452966314849917	0.00030501328975974021079
6	6	1	2.4177009243895602347e-05	-0.00036375041818500488625	-5.4344351146036000332e-06	0.00035440693962101893922	-0.00011245544477575200202	5.6060871383915580554e-05
6	6	2	0.00040597816180698500111	4.5422806100420314241e-05	-0.00027965085563544047785	0.00013590856764450265142	-0.00037898191851463346137	-0.00054399412123476886989
6	6	3	-6.4533764378765239738e-06	-3.3379094686991442624e-06	6.3524694985462012487e-05	-0.0001189286303502521628	-0.00011414263709517096347	0.0002445330796379026209
6	6	4	0.00050472017088248649803	0.00024430963311465532821	-0.00085365935267007900591	-9.1762254151063997595e-05	0.00052340877268138876182	-0.00022882106844538695526
6	6	5	-0.00072311829303443788536	-0.00058794470221117372394	0.001115243264790500427	0.00018980715975338587455	-0.00047054996610727502834	0.00047776505094934538674
6	6	6	-0.00025557485703796105608	0.00045612480049770081237	0.00046087516243244430704	0.0021536689868164623878	-0.00020530030539448327806	-0.0026097937873141630917
