# completed local quartic closure restart checkpoint; cutoff=6; restart=5; seed=16284043624936429165; objective=projective-palinstrophy-normalization-ratio; selection=double-triple-remainder; optimized_objective=2.05588032380732119e-10; refined_objective=0; accepted_steps=10; candidate_lemma_proved=false
kx	ky	kz	ux_re	ux_im	uy_re	uy_im	uz_re	uz_im
-6	-6	-6	0.00016828119516278431354	-0.00064488572327341207174	0.00010609427953947626075	-0.0016641346527056582408	-0.00027437547470226056074	0.0023090203759790700958
-6	-6	-5	-0.00013164324738923111643	0.00054034748811443802409	0.00026867021360715441286	-0.00026339347648392274267	-0.00016443235946150795029	-0.00033234481395661840276
-6	-6	-4	-0.00011613918862935751594	0.00028037822828886672412	0.00018776886634741082513	-0.0002015581465447151212	-0.00010744451657707996379	-0.00011823012261622741794
-6	-6	-3	0.00034132012542906821915	8.9845634827442300506e-05	-0.00038638074729544039662	1.7708298837173465834e-05	9.0121243732744314302e-05	-0.00021510786732923151913
-6	-6	-2	-8.6896414826577591476e-05	0.00017706979135767277273	0.00028836197999006278571	-0.00025009135598885479665	-0.00060439669549045558269	0.00021906469389354612598
-6	-6	-1	-0.00026846438309952741236	-2.0305582729109472611e-05	0.00023946925394229361919	7.0818692622794714923e-05	0.00017397077494340286745	-0.00030307865936211143354
-6	-6	0	0.00027606983560333781414	-0.00018658405523175818725	-0.00027606983560333781414	0.00018658405523175818725	0.00012944973817868374723	0.00024990302431211747344
-6	-6	1	2.2292867679262311502e-05	0.00010216075213426721905	-0.00012186414714646823883	4.166988811516825035e-05	-0.00059742767680323561816	0.00086298384149661284351
-6	-6	2	0.00012400791449616326467	-0.00020651265505140244767	-8.5903829736597674257e-06	0.00014100012277612424027	0.00034625259456751047819	-0.00019653759682583470353
-6	-6	3	-0.00054436158510177696645	-0.00018402391948028792553	0.00030183143482205809739	0.00015377896419077532065	-0.00048506030055943768391	-6.0489910579025250414e-05
-6	-6	4	-0.00019446432090416531507	0.00020117982908422573133	0.00028756357194995583234	-0.00010572050080736883912	0.000139648876568685803	0.00014318899241528532476
-6	-6	5	-0.00069291038978810254312	0.00032523643069560110577	9.4072822379358218619e-05	-0.00082718141127880449089	-0.00071860508089049317856	-0.00060233397669984408383
-6	-6	6	-0.001760021330076441291	0.0010605371280515835108	0.0008763567832727517902	0.0011881928945112957881	-0.00088366454680368939235	0.0022487300225628795158
-6	-5	-6	0.00066145757045544726314	-0.00026336144721566395743	-0.00086899164883126481327	-0.00022389039988611426565	6.2702136903940099318e-05	0.00044993678045409253021
-6	-5	-5	-0.00024507810315317569896	0.00010019850963307354037	-3.3765226515209834232e-05	-0.00018737540448111295152	0.00032785895029902067162	6.7137192921424703081e-05
-6	-5	-4	-0.00031055090634158434354	0.00059887723910373794056	0.00035287019579356753091	-0.00059121399194385566064	2.4738614770417125384e-05	-0.00015929836872578744347
-6	-5	-3	-3.007228825716673517e-05	-0.00045042289473017814916	-0.00018562341469863919254	0.00056139401723435879577	0.00036951693434539875736	-3.4810905930241787252e-05
-6	-5	-2	-0.0001200139703364710899	0.00037123180397404854664	-0.00040552667285481496223	-0.00067195119254588868852	0.0013738585931464507295	0.00056618256944257613558
-6	-5	-1	6.0737030768097154197e-05	-0.00015946496702370509301	-0.00024594747127464289477	0.00041468206269463397419	0.00086531517176463156223	-0.0011166205113309392045
-6	-5	0	-0.00015408655766275779751	0.00054811660925945188474	0.00018490386919530935701	-0.00065773993111134228338	-8.9145280553630282488e-05	-0.00067903270741190985271
-6	-5	1	0.00027506624508759049347	0.00057790520465998359862	-0.00029413085852182083201	-0.00097402497173479341778	0.00017974317791643882789	-0.0014026936307140653887
-6	-5	2	0.00071741613850516579558	-0.00046165212775132943033	-0.00093914663803163086174	9.4588241764134993765e-05	-0.00019561817956357955076	-0.0011484857788436509014
-6	-5	3	3.2069992896122383619e-05	0.00042880682000708474988	-0.00018586418222108692824	-0.00033221026804535239933	-0.00024563365124290008606	0.00030392985993858223984
-6	-5	4	0.0002883233608504442492	-0.00023229962239182608556	-0.00030839578147945508578	0.00028187943194423815182	4.699031442634753013e-05	3.8998563425585343204e-06
-6	-5	5	-0.0003143503096846869899	-0.00011208060316641382597	3.1688466254593601233e-05	4.2986131968940005719e-05	-0.00034553190536703074463	-9.1510591830756598999e-05
-6	-5	6	-0.00091008686538510130681	-0.00056885178283518035222	-1.1805840995821706936e-05	7.4548948277991996798e-05	-0.00091992506621495272277	-0.00050672765927018694702
-6	-4	-6	4.5602924102706528426e-05	-0.00032602889318949558085	0.00024909206618023058653	0.00038773819496488418253	-0.00021166430155619356127	6.7536763212906148423e-05
-6	-4	-5	-8.5560871950054586473e-06	3.6851778221233884205e-05	-0.00021351246914578400041	-2.4907178853555074662e-05	0.00018107727995063374799	-2.4296390782636602672e-05
-6	-4	-4	0.00033673482812563538613	-0.00040411759148317359051	0.00016087359903660221274	0.0001617773921686362624	-0.00066597584122505529194	0.00044439899505612412336
-6	-4	-3	-0.00045608934332358930155	0.00010043310789450946735	0.0010545440129664843641	8.5149777483673545937e-05	-0.00049387999730813399082	-0.0003143992524339169598
-6	-4	-2	6.1738187494762565262e-05	0.00019098989770823492085	0.00011889925378870710548	-0.000868849555179080431	-0.00042301307006170190675	0.0011647294172334560994
-6	-4	-1	-0.00043191954275428981773	-0.0003640538258746438792	0.00057821747616091572017	3.5423748701826057576e-05	0.0002786473518820757546	0.0020426279604405590991
-6	-4	0	0.00026233877469465904366	2.2153210538416351247e-05	-0.00039350816204198853839	-3.3229815807624528564e-05	-0.00015470109568403603382	0.000317444498218374168
-6	-4	1	-0.00039896124589436284544	-0.00019175485805979927364	0.00074470198029388313433	0.00021173822023338117158	0.00058504044580935535627	-0.00030357626742527100971
-6	-4	2	-0.00045996071202084010902	-1.389711621207701927e-05	0.000495685256040886567	0.00056282930698280022458	-0.00038851162398074713883	0.0010839672653293695032
-6	-4	3	0.00044189342517152397022	0.00048034056518922219102	0.00019741791616848135466	-0.0013382503282832612819	0.0011470107385676898189	-0.00082365264066590402996
-6	-4	4	-0.00020838031319696316318	-0.00090358493186791489192	-8.3444090396851959991e-05	0.00039265572507705319514	-0.00039601456019229666411	-0.00096272167272481914274
-6	-4	5	3.195258574765356865e-05	0.00020731033050540751219	6.8091891870327166223e-05	-0.00048349151891292912889	9.2816616393446009937e-05	-0.00013802081852385428306
-6	-4	6	-3.6728519659028283496e-05	-0.00022902314086777639333	-0.00011595945281267673729	5.3201255392752113576e-05	-0.00011403482153414610384	-0.00019355563727260831309
-6	-3	-6	-7.4564891288959222115e-05	0.00026578771519600405838	0.00010910126236905039285	-0.00013059379880126694156	2.0014260104434022301e-05	-0.00020049081579537060115
-6	-3	-5	-0.00017291620596263172467	-0.0001376154147470521076	-0.00018637661083743624802	0.00033468044531285908458	0.00031932541365761979131	-3.5669769491252943314e-05
-6	-3	-4	-0.00051198850630246642811	0.00024967435991093479049	-0.00035779873218655177747	0.00052619577970939234671	0.0010363318085936134346	-0.00076915837464844652709
-6	-3	-3	0.0003974287896003985375	0.0004318852606601439304	0.00029261146167804667111	0.0012677538744732483062	-0.0010874690408788436919	-0.0021315243957935360586
-6	-3	-2	0.00027772074800673019531	0.00079097985975630253231	0.00028144414387817467136	-6.0876295166811168571e-06	-0.0012553284598374526201	-0.0023638081349938856561
-6	-3	-1	0.00021666669576186989993	9.7986598814037533509e-05	-0.00034478978377861212992	-0.00069317132297230972526	-0.00026563082323538306402	0.0014915943760327038392
-6	-3	0	-0.0011779760581425236313	0.00175159723637334226	0.0023559521162850472625	-0.0035031944727466845201	-0.0041669751432453286388	-0.0014842369418404633644
-6	-3	1	-9.0187703180393859062e-05	5.5624564055943555654e-05	0.00086420084455271430242	-0.00090733075323623578294	0.0020514763145757799155	-0.0023882448753730460556
-6	-3	2	-0.0011234116061546632961	-0.00098105167142305466955	0.0013617288675396950134	0.0018696710476207142795	-0.0013276415171544475851	-0.00013864844283809234552
-6	-3	3	-0.0004482291815622789586	-0.00020390694477850392075	-0.00036046646100354196854	0.0013967406163962596023	-0.0012569248241280997231	0.00098892672683925176083
-6	-3	4	-0.00013111681058084088893	-0.00020551892169419394194	0.00055830410016728443303	0.0009444234097311981959	0.00022205285925420197783	0.00040003917475710774757
-6	-3	5	-0.00010813231585368251076	0.0002523011785191953257	0.00090315582079590194398	-0.0002184464458198526215	0.00041213471345312213722	0.00017169354673112282878
-6	-3	6	8.8883438256897178982e-06	2.727875766281311984e-05	5.4073254354194474219e-05	0.00019183817138390798964	3.5924971002786955008e-05	0.00012319784335476711805
-6	-2	-6	0.00020910067836762524351	-0.00035320447261764481009	0.00033116000860952340707	0.0002477028064358706449	-0.00031948734790413304586	0.00027063687047235461319
-6	-2	-5	-6.3626433478408670583e-07	-0.00019446113889617905714	0.000541369776499782537	-0.00068243807956731665759	-0.00021578439339817209026	0.00050632859850234155329
-6	-2	-4	-0.00033463118864179397342	-0.0012041586152885602138	-0.00087356112181974897041	-0.00021333169597797667404	0.00093872734387256549955	0.0019129037709218286306
-6	-2	-3	5.577505319992194624e-05	0.00011652492923370873549	-0.00075508967336792838596	-0.00099742158546832710223	0.00039184300917877504505	0.00043189786517813398472
-6	-2	-2	-0.00088482567163293568153	0.00038622453695372362505	-0.00099617656358596119552	-0.0008724878461665024499	0.0036506535784847681317	-0.00028618576469466847946
-6	-2	-1	0.00044181492852240079449	-0.0010876540950673595481	-0.0013320657151906715576	0.0029936348049948925849	1.3241859246938146569e-05	0.00053865496041437211858
-6	-2	0	0.0007434896135763897386	-6.9105281641980272419e-06	-0.0022304688407291692158	2.073158449259408342e-05	0.0031152469115581019055	0.00021461885966768978772
-6	-2	1	0.0009374450974826302246	-0.00024967028153474577932	-0.0023078405074727719425	-0.00045630761033029805388	0.0010089895699502372459	-0.0024106369098690710005
-6	-2	2	-0.00037651136382081955463	0.00057927081634349735992	0.0018895484881154601692	0.00074179232424957533901	0.00076001439665300139694	0.0024796047732800674188
-6	-2	3	0.0002134347263036583326	-0.00061083149786095661	0.0008185389491857223733	0.00013797349972731993788	0.00097256208539779826546	-0.0011296806625703665044
-6	-2	4	0.00036861469748099599201	-0.00049011931977385010065	-0.0015705719494598995804	-0.00084882783610341471653	-0.00023236392850845580217	-0.0011595928977124825635
-6	-2	5	0.00024775465582749906478	5.4495806759486045006e-05	-0.0019673657608485651399	-5.3771322525679229724e-05	-0.0004896407173464272216	4.3886439101111556697e-05
-6	-2	6	2.3060563860239247525e-05	-7.3191234800442406022e-05	-0.00017992559772706141893	1.1584085599689394755e-05	-3.6914635382114556526e-05	-6.9329872933879274437e-05
-6	-1	-6	0.00016823180188969873573	0.00012318319165388868499	0.00023450861408557072216	0.00035465109742697397592	-0.00020731657090396050469	-0.00018229170789171769002
-6	-1	-5	2.9532148549638537004e-05	-0.00023550215193653980215	0.00037442883968265495065	0.00033335944920352298879	-0.00011032434619609723047	0.00021593069248314317567
-6	-1	-4	0.00019174000091591245076	0.00012957651236335989016	0.0008850399068198994525	-0.00023174057228173410039	-0.00050886997807884351216	-0.00013642962547460633048
-6	-1	-3	0.00085096200543653070358	6.5210137004131354596e-05	-0.0022200177711407913239	-0.00074173737760907369233	-0.00096191808715946429918	0.00011682551852809518373
-6	-1	-2	-0.00046586355834248591515	-0.000192878365577327693	0.0011445721791195639667	0.0002636096108693406154	0.0008253045854676757621	0.0004468302912973127713
-6	-1	-1	0.00051023385078964166462	0.00025227812877828495073	0.0008474899644714428042	-0.00058444673092776272712	-0.0039088930692092929003	-0.00092922204174194697728
-6	-1	0	0.00095685917308011817113	-8.9649939539415934549e-05	-0.0057411550384807094605	0.00053789963723649555308	0.0019151260540156856554	0.00031312739572821469535
-6	-1	1	0.0002045892407877790409	8.6979537433409934486e-06	9.9097938463737103945e-05	-0.00060831562168924165068	0.0013266333831904112816	-0.00055612789922919578147
-6	-1	2	0.0011654336138497071833	0.00040090466787756639817	-0.0022268527568431117046	-0.0014130382371422361108	0.0023828744631275654807	0.00049619488506158113909
-6	-1	3	-0.00062739150092323055924	0.00078329775911974077341	0.0010004041460114491188	0.00063736797881765649629	-0.00092131495317597815117	0.0017790515111787003066
-6	-1	4	-0.00071908884070589964167	-0.00055658431987052974475	0.0027032309985948834753	0.00083287058435618560506	-0.00040282551141012859367	-0.00062665883371674818876
-6	-1	5	0.0003371003657341447462	-0.00012515138029660228245	-6.8774981989343846544e-05	-0.00080353862856762786875	0.00039076544248310495595	-0.00031088938206944830185
-6	-1	6	-0.00043881700413751827334	0.00015665422884146340586	7.7683992053412151109e-05	-0.00040731208458797259165	-0.00042586967212861621653	8.8768881410134645106e-05
-6	0	-6	-0.00040173533451533509787	0.00031920292003276328277	0.00025553470778073649567	0.00047059628261812068385	0.00040173533451533509787	-0.00031920292003276328277
-6	0	-5	5.4378108032253756501e-05	0.0002769019970464489536	0.0015044243350470418424	-9.9876929652838479165e-05	-6.5253729638704510512e-05	-0.00033228239645573872264
-6	0	-4	-0.0002369191874444242531	0.0001378620227773151791	0.00031133477090825045514	-0.0014192805404334479704	0.00035537878116663636609	-0.00020679303416597276865
-6	0	-3	-0.00075245894340322957115	0.00037815528787060655744	-0.0015820390194553903516	0.00068481856511156118539	0.0015049178868064591423	-0.00075631057574121311488
-6	0	-2	-0.0010936171548616745522	0.00084586042377224216014	0.0024049373457378678091	0.00055515301705193469562	0.0032808514645850236566	-0.0025375812713167265888
-6	0	-1	0.00052513887834812510765	3.2124596406889978958e-05	0.0035020160768384606641	-0.0032704711912130289726	-0.0031508332700887504291	-0.0001927475784413398602
-6	0	0	0	-0	0.002601881372505734924	0.0013726225359876745909	-0.00014451440405579546043	-0.0024311199591843376741
-6	0	1	-0.00044915546794955038415	5.5239789377904185616e-05	0.00025030945916858454801	-0.0041455988838753664652	-0.0026949328076973024133	0.00033143873626742515436
-6	0	2	0.00057047457384667597455	-0.00099178177965597797208	-0.0022090506412324730987	0.0019883398421222551675	0.0017114237215400279236	-0.0029753453389679334826
-6	0	3	0.0004643099425968945696	0.00061973785342995472286	-0.0026837021671545281155	-0.001929177898540201247	0.00092861988519378913919	0.0012394757068599094457
-6	0	4	-0.00027433798425045770623	0.00087113564182495861841	-0.00011574352407801131396	0.0030101305521592924309	-0.00041150697637568658645	0.0013067034627374379818
-6	0	5	0.00046275791431175581064	-0.0003498400164668202827	0.00075559712611707641368	0.0018843093394636646707	0.0005553094971741069294	-0.00041980801976018435008
-6	0	6	-5.7137623268025438989e-05	0.00041581019766812282821	0.00041026390289866632687	-0.00077081635741746412898	-5.7137623268025438989e-05	0.00041581019766812282821
-6	1	-6	-0.00023322859396162482198	-0.00015088758064187853892	-0.00057750669670645292907	0.00045748590995549998995	0.00013697747784388266713	0.0002271352323011285282
-6	1	-5	-6.7396524300798607782e-05	4.8222950560292425406e-05	-0.0018616809528935621219	0.0010483826390396504529	-0.00029146036141775407335	0.00015180898713557919094
-6	1	-4	-0.00022917319661486284165	-0.00012705422987092427722	0.00080470885516096906341	0.00066641043435576835085	0.00054493700871253655544	0.0003571839533953285171
-6	1	-3	-0.00012347694817534032104	0.00014849976483316946986	0.0019479021269500356069	0.0026193263028730794269	0.0008962546053340258263	0.00057610923795802090538
-6	1	-2	-0.0010005992456421069353	-0.0004132896885081978897	-0.00084473785642539980876	0.00026368513851701377067	0.0025794288087136207389	0.0013717116347831005002
-6	1	-1	-0.00062295097612866503003	0.00070442136106041398566	-0.0017210945401348095446	0.0039669290733287017325	0.0020166113166371810693	-0.00025959909303378266932
-6	1	0	0.00061521304458380711173	0.00034209082549770635081	0.0036912782675028428872	0.0020525449529862379965	0.00090020196219735694292	0.00051737800303730454438
-6	1	1	0.00055446849824068483899	0.00041181709611763650525	0.0056614381993814327787	0.0017447966600309258115	-0.0023346272099373233111	0.00072610591667489332839
-6	1	2	0.00032111826777388863133	0.00023271549986004242002	0.0031548429901210343559	0.00019461318793100176264	-0.00061406669173885112135	0.00060083990561462640584
-6	1	3	0.0001760985361700164733	0.00014587905648917920995	-0.0016380271321558776201	-0.0033948147137653180219	0.00089820611639199209909	0.0014233630175667978147
-6	1	4	0.00080295959282815571392	0.00069020224153694170917	-0.00063674282902760994448	-0.0006781270142097960401	0.0013636250964991359757	0.0012048351158578617364
-6	1	5	0.00023013469900165181049	-0.00048569285673029605156	-0.00057462170530337200718	-0.00054948065348302504822	0.00039108597986265656319	-0.00047293529737975028475
-6	1	6	0.00080843112853419812208	-0.00043877814867499767993	-1.8352670586340088263e-05	0.0007347423829906797859	0.00081148990696525472553	-0.00056123521250677757197
-6	2	-6	0.00022087292648639513968	0.00010800116296224725101	0.00015810447306250854796	-0.00018638432675866783571	-0.00016817143546555895703	-0.00017012927188180318721
-6	2	-5	-7.4747246984631851032e-05	-0.00010818469497371164211	-0.00022139708365062309831	-0.00064037898747060218157	1.1378629213089753919e-06	-0.00012632996101978689126
-6	2	-4	0.00035257583463337016649	0.00050910982735851394165	-0.00053554141763422326641	-0.00086165395365269011312	-0.00079663446076716688295	-0.0011944917178641160233
-6	2	-3	0.00010383797064800053564	0.00024278109229544642383	-0.00096369939368408483356	0.00062221210764584061748	-0.00085014220375205767216	-7.0754112826999107188e-05
-6	2	-2	0.00040066102248797412066	0.00062169948619557107924	3.3910932038317475137e-05	0.0014643071199585966369	-0.0011680721354256050088	-0.00040079133862811643823
-6	2	-1	0.00070251612429788874801	-0.00022763710346679371559	0.0012087047541532273953	0.00071968306833215367046	-0.0017976872374808774806	0.002805188757465069526
-6	2	0	-0.00075593261393615252507	-1.0138554105938911953e-06	-0.002267797841808457792	-3.041566231781673586e-06	4.3851097008577498914e-05	0.0027179058080639383055
-6	2	1	0.00030977016123590126861	0.00071784799469791721414	-0.00015543717510906610501	0.00173048324136041657	0.0021694953176335401469	0.00084612148546667025322
-6	2	2	1.9411821645504703592e-05	0.0005124054007385786709	0.00044019550883427424484	0.0022958875847209066039	-0.00038196004389776013746	-0.00075867138250517037433
-6	2	3	0.00034280223936744341675	0.00010888340041093710778	-6.831932357906460578e-05	0.0012895155160304837272	0.00073115069445426326446	-0.000641910209865114963
-6	2	4	5.1396617638208712297e-05	0.00039653987374493155586	3.1969944635016677781e-05	0.00060420468711362110455	6.1109954139804722778e-05	0.00029270746706058678151
-6	2	5	0.00035827246773923739857	-0.00046934040684242227552	0.00046333032646727196876	-0.00092192755057986339618	0.00024459483070017606909	-0.00019443746797896137757
-6	2	6	0.00023770010895505399489	-0.00012586987915679868195	0.00024018545004538628456	0.00082893670592175730787	0.00015763829227325855766	-0.00040218211446405114501
-6	3	-6	7.4520745032037499279e-05	0.00014715660024091649881	-4.6449006556343645454e-05	0.00014308930970877471061	-9.774524831020931523e-05	-7.5611945386529143503e-05
-6	3	-5	0.00023918624147943465729	-2.33285831710263391e-05	8.6540013998624479275e-05	0.00017721778298755185076	-0.0002350994813761469039	0.00013432496959776271195
-6	3	-4	0.00065327453698053178366	-4.2739124053539005559e-05	0.00083968413202199483712	3.5306492421955266168e-05	-0.00035014870645430157476	9.058855539677496474e-05
-6	3	-3	0.0002600442808966850006	-0.00015379629068037773353	0.0005707371877981614423	-0.00050755365592756410565	5.0648626004791386882e-05	-0.0001999610745668086928
-6	3	-2	-0.00035691191499709996405	0.0006027214308363769554	-0.00022613485115481268763	-0.00071337833485826641303	0.00073153346825908084714	-0.0028782317947965304315
-6	3	-1	0.00072068999532760857907	0.00082576223138134449003	0.0014032399252021251178	0.0014213365230563686573	-0.00011442019635927629724	-0.00069056381911896129368
-6	3	0	-0.00041149726010853717416	-0.00011754174845382728113	-0.00082299452021707434832	-0.00023508349690765456227	-0.00053118445882727887992	0.00050424413116565618229
-6	3	1	-0.00051923927354173440938	-0.0010579958979404326721	-0.00062352096308700838412	-0.002290021047787369271	-0.0012448727519893813039	0.00052208775571951156376
-6	3	2	-9.1753795984930028242e-05	0.00050871270046686715809	0.00056173844035585919314	0.00050061132644775270875	-0.001117869048488578888	0.00077522111172897262797
-6	3	3	0.00050474569015494135434	-0.00038940175709927703695	-0.00016596848735433509105	0.00014910126364092574883	0.0011754598676642178268	-0.00092790477783947990405
-6	3	4	-0.00046349218003673218601	-0.00015617046469872488453	-0.00092829586225055067857	0.00094332174605022203751	9.8362663281477140696e-07	-0.00094174700658575380072
-6	3	5	-0.00056766441590082360527	-0.00057563787493899434746	-0.00016337562646721816208	-7.6640298007391751529e-05	-0.00058317192320065747244	-0.00064478127112235826632
-6	3	6	0.00023367091831051487382	-5.6883876692677693137e-05	9.5534628517819790753e-05	0.00041222729800738811684	0.00018590360405160497167	-0.00026299752569637174478
-6	4	-6	-0.00014060708555638655091	-0.00016704364735072878734	4.9130396940251703543e-05	-0.00033659879081628877456	0.00017336068351655437134	-5.7355546526797066887e-05
-6	4	-5	-0.00030852855265766981549	4.0527343597594739496e-05	-0.00031980538557517816829	4.8986870021625552219e-05	0.00011438995472906122227	-9.443316299813241216e-06
-6	4	-4	-0.00022414489587217262994	-1.830310281369896828e-05	0.00032913235374750285378	0.00034191548106201751379	0.00066534969755576182579	0.00036937013528256596112
-6	4	-3	-0.00040335570570727445399	0.00028670124986756228766	-0.00034392905858328062145	0.00099397695466525151295	0.00034813933330350807938	0.00075190010648521084756
-6	4	-2	1.0643142074740638572e-05	-0.00081257170144273234511	0.0003159793276831816735	-0.00097697522008363939933	0.00060002922914214142959	0.00048376466416091829089
-6	4	-1	2.9277806930853063626e-05	0.00077890628099851720589	0.00024001451457629570017	0.0013608374653528848564	0.00078439121672006437147	0.00076991217542043629846
-6	4	0	4.4404524327695428097e-05	0.00018452399651650811408	6.660678649154313537e-05	0.00027678599477476217112	0.001119833924418755719	-0.001750544601186036428
-6	4	1	0.0002285967750459068392	0.00019030706299105715987	0.00028078784521403060779	0.00055635913731989436459	0.00024842926941931860402	-0.0010835941713332344991
-6	4	2	0.0002075677094905213735	0.0003597217909384893119	0.00056955273419947223968	0.00039731885068914393061	-0.00051640233992738030465	0.00028452767143718007449
-6	4	3	1.4449920546380105312e-05	0.00048289067363590300634	0.00053886429355062142894	-1.5587566653192255837e-05	-0.00068958588364140174093	0.00098656476947606239897
-6	4	4	0.0004984773599441610567	-8.3235439940328821359e-05	0.00065739436281729340863	1.4062220525208546749e-06	9.0321677098948230638e-05	-0.00012625938196301409984
-6	4	5	-0.00013069745907456458952	-0.00011821972972143952505	2.7218124726142604386e-05	-0.00026182832322596392592	-0.00017861145067039159093	6.7598982915043721517e-05
-6	4	6	0.00012137992620604606776	2.1862646307797187664e-06	-6.659768757321000987e-05	-0.00018377163715014362567	0.00016577838458818608337	0.00012470068939754214068
-6	5	-6	0.00014133181091049258279	0.0001802248627524369979	9.84288499513035121e-05	0.00085002249215515460288	-5.9307769284406311417e-05	0.0005281272140435251802
-6	5	-5	0.00013724599907323587551	2.939825788388418977e-07	-7.0692566803665693906e-06	-0.00016349351844693199316	-0.00017176445556824960527	-0.00016384629754153862461
-6	5	-4	-0.00012142109086988220443	-7.0313160047478351746e-05	-0.00028910815696994983945	-0.0003008128336424745696	-0.00017925355990761401978	-0.00027054630198187568438
-6	5	-3	9.7485459365849513256e-06	0.0002738677590595599569	-0.00033267938721566974293	0.00019623549162560823206	-0.00057396273723261947985	-0.00022067636540977288748
-6	5	-2	-0.0002706807476202024304	0.00036573816692358248736	-0.00049888661739086632985	2.0072825166719537052e-05	-0.00043517430061655858762	-0.0010470324378539486686
-6	5	-1	-0.00017956430366602383546	0.00030858234023048138278	-0.00021563171847546608859	0.00037251927826220481137	-7.7277038118743331296e-07	1.1102349928135673762e-05
-6	5	0	-0.00053053849471492733024	-0.00031781485839139727266	-0.0006366461936579127746	-0.00038137783006967674888	-0.00076292417846725323928	0.00076756926792578752256
-6	5	1	-9.9101585615037391416e-05	-9.1454490183108190276e-06	-0.00032860400268242814575	6.0860570915539314511e-05	0.0010484104997219162447	-0.0003591755486875615206
-6	5	2	-0.00024647141084204983929	0.00032299037503315768246	-0.00042929679978212991831	0.00069130260435203735696	0.0003338277669291752508	-0.0007592853857806202908
-6	5	3	3.577250298900702853e-05	0.00012246960092526269835	0.0003331454834579515383	-9.5837763891808434901e-05	-0.00048369746645190520506	0.00040466880833687281531
-6	5	4	0.00018114573223153518583	0.00044224318226647322313	0.00023461084594824144797	0.00051191634129516341845	-2.1544959087999037989e-05	2.3469346780755558248e-05
-6	5	5	-7.618520060896218451e-05	-8.6747723810253800033e-05	-8.1011271780985141941e-05	-8.1816791424669428894e-05	-1.0410968949769485231e-05	-2.2280477147635123692e-05
-6	5	6	0.00017269641852898652058	0.00039353327350604523291	-0.00010044802312321709755	0.00016547423138700922507	0.00025640310446500076853	0.00025563808068353757698
-6	6	-6	0.00087724926911124628381	6.2427103600118410325e-05	-0.00033172238089171422575	0.00071752028305406784312	-0.001208971650002960618	0.00065509317945394935148
-6	6	-5	-6.8584817881119126027e-06	0.00090607568497005311781	0.00022826768884510033352	-8.026193553410216838e-05	0.00028215140475985471839	-0.0011836051446049863055
-6	6	-4	-6.5947489455227064573e-05	-5.3365090799097436125e-05	5.877128381561349781e-05	-4.0078047969995158332e-06	0.00018707815990626084019	7.4035929003146876202e-05
-6	6	-3	-0.00022204785368491478863	-4.6807705479641272569e-05	-0.00010127295397698513741	-0.00017062097897580511463	0.00024154979941585930244	-0.00024762654699232771122
-6	6	-2	7.7146446399430695039e-05	0.0003102690039888548806	3.690059049164609459e-05	0.00030969100831034022253	-0.00012073756772335379457	-1.7339870355439625691e-06
-6	6	-1	-1.7453721230421865185e-05	6.0531542751924303017e-05	-6.585310695855580332e-05	-5.6857392111797256545e-06	-0.00029039631436880361526	-0.00039730369177862418558
-6	6	0	-0.00040333502902235727127	0.00043906784147477784025	-0.00040333502902235727127	0.00043906784147477784025	-0.00022031162041222116183	0.00070697071940119531486
-6	6	1	0.00031678510204647498602	-8.0102339735094806148e-05	0.00036647589515376340075	-1.6220704380490160796e-05	-0.00029814475864373048836	-0.00038328981212762782468
-6	6	2	-5.0946861385493894805e-05	-0.00034692444861202342528	-1.6775251541952981952e-05	-0.00035637544460969755806	-0.0001025148295306227555	2.8352987993022476246e-05
-6	6	3	2.9909555234822692536e-05	-7.0820834839555141488e-05	-0.00014729169131807751418	-0.00019980448648954793269	0.00035440249310580041343	0.0002579673032999856095
-6	6	4	8.7970025257953565279e-05	0.00018691919395533217272	-0.00015974678052473040421	0.00012456377634042085684	0.00037157520867402594068	9.3533126422366987375e-05
-6	6	5	0.00025609074692149144973	-9.9567717685246251262e-05	4.8811470683651048781e-05	-0.00023788803780521347825	0.00024873513148540848114	0.00016598438414396066154
-6	6	6	0.00027778259071417306988	0.00022565635109509692017	3.1482151522940124411e-05	-0.0017276084754710506041	0.00024630043919123293869	0.0019532648265661472532
-5	-6	-6	0.00021042397829106455919	3.8810986892470071324e-05	-0.00038161922178109401174	-3.3493853810859245876e-05	0.00020626590653854024403	1.1513647338008512e-06
-5	-6	-5	-0.00017450590036545535243	0.00024862543200509758723	-1.5667388806129149193e-05	-0.00021795528477490909436	0.00019330676693281033146	1.2920909724793312791e-05
-5	-6	-4	-4.6943184634940739901e-05	0.00033128583134882101224	4.6614829700829462321e-05	-0.00026616560179294171569	-1.1243263757568270299e-05	-1.4858886496613696844e-05
-5	-6	-3	-0.00027614509187767635832	0.00045501129437749109063	0.00041008831991893332589	-0.00012928645504320750961	-0.00035993482004173938792	-0.00049977924720940344709
-5	-6	-2	0.00065458629246596905602	0.0004755697616640238031	-0.00077517171319159167576	-0.00047136013620274004512	0.00068904940840985244143	0.0002251560044481605463
-5	-6	-1	5.8619725656900666642e-05	0.00035512794120522102369	-7.7034677128736810678e-05	-0.00019979821474565574702	0.00016910943448791753763	-0.00057685041755217074475
-5	-6	0	-1.6100334007943324546e-05	0.0006588174652974360156	1.3416945006619437122e-05	-0.00054901455441453003107	0.0006818349430901099982	-0.0012208727071116943011
-5	-6	1	-0.00013978919070216968548	6.7179697375681739755e-05	0.00016895741452348749098	-0.0001794575052093837675	0.0003147985336300766269	-0.00074084654437789386559
-5	-6	2	0.00069531911802716379542	0.00040845264349201489389	-0.00077222611909380956419	-0.00043565920753893522645	-0.00057838056221351920403	-0.00028584601388676839041
-5	-6	3	0.00024553009563490151663	-0.00018249148974153423051	-0.00010193917279131730681	-8.9221938616657723458e-05	0.00020533848047553455367	-0.00048259636013587247066
-5	-6	4	9.1924532206271683966e-05	-0.00072092833536266116411	-0.00035848378078078560948	0.00063258464303354302542	-0.00042282000591333879572	4.7716545346988008443e-05
-5	-6	5	-4.1529516064009835806e-06	4.2788649903361932131e-05	-9.1494617938528568319e-05	-5.6798098792799408413e-05	-0.00011394649313263526794	-2.5369068647997358642e-05
-5	-6	6	0.0010533851145690218028	-0.00017202375893301063655	3.5503591710594775351e-06	0.00021131208622053175746	0.00088137128797857765879	6.7958953776356208925e-05
-5	-5	-6	0.00018612048692616189405	-0.00020658723094882833183	-6.4227314618288676744e-05	0.00016929083504692613808	-0.00010157764358989435679	3.1080329918251830385e-05
-5	-5	-5	0.00090175887742886340695	-0.000405382749239674889	-0.00044180032800735939734	9.2936668818243049436e-05	-0.00045995854942150406382	0.00031244608042143185312
-5	-5	-4	-9.2414217292380377829e-05	-0.00024088168203957780974	0.00059385286207388294707	5.9320629671010009158e-05	-0.00062679830597687819123	0.00022695131546070974903
-5	-5	-3	-0.0002264986079212086788	0.00087834956146120419206	0.00059093369178837829286	-0.00089131063765334795929	-0.00060739180644528260877	2.1601793653572984923e-05
-5	-5	-2	0.00052684872416037652892	-0.00035619679270750985228	-0.00042933817173991675005	-7.6510705054615803017e-05	-0.00024377638105114939298	0.0010817687444053141789
-5	-5	-1	0.00020105888722124736889	-0.00047249486731415409621	-1.2365327316470965983e-05	0.00035848389175775785022	-0.00094346779952388202129	0.00057005487778198106735
-5	-5	0	-0.00050848249431058550711	-0.0010119239334747671781	0.00050848249431058550711	0.0010119239334747671781	-0.00054492087424275182077	0.002329361304746585884
-5	-5	1	-0.0017104585194878082263	-0.0008781483473495301428	0.0017959257087329489298	0.0010482850186249704182	0.00042733594622570340946	0.00085068335637720170206
-5	-5	2	0.00035136922989257977521	0.0010215375418860389578	0.00018264140964893365942	-0.0010634371208927343843	0.0013350265988537836272	-0.00010474894751673852558
-5	-5	3	0.00045206627593294537509	0.0010919734478467188997	-0.00056088571919789568989	-0.0015846184694586207264	-0.00018136573877491711905	-0.00082107503601983630563
-5	-5	4	-0.00017753217261329138407	-1.8170024469714053249e-05	0.00066463822600684404653	-0.00037142629470663881706	0.00060888256674194085518	-0.00048699539897044104384
-5	-5	5	0.00062512145923115242097	0.00018116939083756791631	3.2454753042414969299e-05	-0.00016227562954394895425	0.00065757621227356731573	1.8893761293618975615e-05
-5	-5	6	-1.2748317644627569711e-05	-5.4849461762547282984e-05	2.9451206006159477832e-05	-0.00012049157168154981865	1.3919073634609924845e-05	-0.00014611752787008092254
-5	-4	-6	0.00030336324187504778429	0.00036293413949213678641	0.00051945250094294738788	0.00014359108847510377725	-0.00059910436885783808787	-0.00039817250856018319158
-5	-4	-5	-0.00047304615035177169282	-0.00047710724764625522549	0.00047569876866783585533	0.00093661387697288925845	9.2487135417503013981e-05	-0.00027218385393205614875
-5	-4	-4	0.00027561691474473363952	-0.00017169664995155486074	-0.00033754703673331549856	-0.00023098473773795004426	-6.9741066976015643952e-06	0.00044560555017739362019
-5	-4	-3	0.00045217774230121323114	0.00063121697271013757057	-0.0019184268273904944279	0.00024128441475265724274	0.0018042728660186374383	-0.0013737408408537722746
-5	-4	-2	-0.0010787988076999984171	-0.0011347543635025873765	0.0014324501290282700989	0.0028753899571451546971	-0.00016790323880654407372	-0.0029138940055338405193
-5	-4	-1	-0.0007418635265417517638	9.3278098083332224629e-05	0.00083065942833722265521	0.00066416588399760393985	0.00038667991935986825236	-0.0031230540264070771536
-5	-4	0	0.00032908017354384296559	0.00070991126180834423706	-0.00041135021692980370698	-0.00088738907726043029633	0.00036681451215320046632	0.00026705530955267264923
-5	-4	1	-0.00037606727411739816237	0.00015363851215394541488	-0.00030222236050828950185	-0.00089849387640063499774	-0.0030892258126201488193	-0.0028257829448328128895
-5	-4	2	-0.0019209089327447935458	-0.001245279327540917743	0.0023051124958824490384	0.0020169990451414997017	-0.00019204734009708565221	0.00092079977143070482898
-5	-4	3	-0.00093348194209664212863	0.00011139384865541250059	0.00036945005571007414908	0.00036555546355345462	-0.0010632031625476380879	0.00067306369916362695366
-5	-4	4	-0.00065478080169254794778	0.0008713929694577582331	0.0013447831968816093256	0.00032245416907501246728	0.00052630719476592447217	0.0014116953808972101773
-5	-4	5	0.0005434726848463984801	-0.00056615960902950781316	-0.00060692493476547629185	0.00082874429769595866959	5.7932737034017462883e-05	9.6835829127259081856e-05
-5	-4	6	0.00019554504351975397509	0.00052667806708154370383	-0.0001676838557053849548	-0.00016251741816128222832	5.1164965796205000336e-05	0.00033055344379376495239
-5	-3	-6	-7.4032847827913654125e-05	-0.00055665530757833755777	5.1056903945563171109e-05	0.0002249402272006544468	3.6165587883813126216e-05	0.00035140930938162075496
-5	-3	-5	0.00029409241600441356386	0.00027969185339921066261	0.00047783473238752460213	0.00034434652530004964668	-0.00058079325543692824924	-0.00048629976857924043978
-5	-3	-4	0.00073238743064456322904	-0.00054717586774262255353	8.5808546937687443941e-05	-0.0013744554991236158231	-0.0009798406985089694668	0.0017148114590209901677
-5	-3	-3	0.00092295853480522146561	-0.0026836723421284234756	-0.0025788127641341918907	-0.00052070192132845486734	0.0010405485394588225283	0.0049934891582091604431
-5	-3	-2	0.0019303912856211192552	0.00045663069189007065131	-0.0013382647175020300455	0.0020144886237594564551	-0.0028185811377997530697	-0.0041633096653643612839
-5	-3	-1	-0.0012737085304824400083	-0.0016029894496946931349	0.0013174026672996860636	0.003006747378592850798	0.0024163346505131416339	-0.0010052948873050867196
-5	-3	0	0.0044540528179494894012	0.00063177476850748365625	-0.007423421363249149002	-0.0010529579475124727604	0.0032816833560102079415	0.00043565533344371005055
-5	-3	1	0.00032712824964889421122	0.00209763677169948334	-0.00247954939735048948	-0.0022640496642080927894	-0.0058030069438069972754	0.0036960348658731378979
-5	-3	2	0.0024636538296013772882	0.0019676602715140100418	0.0013737987013752658849	-0.0031059300820356567155	0.0082198326260663426984	0.00026025555573154073594
-5	-3	3	0.0016505193333323170748	0.00010936219682745757236	-0.0012593885342142676145	-0.0022892721040577625885	0.0014914770213395941046	-0.0021070017760120001576
-5	-3	4	0.0001885134640592051145	-0.00046698959327061802726	-0.002026745797199676867	-2.9099935918318208157e-05	-0.0012844175178257511826	-0.00060556194352701119867
-5	-3	5	0.00034742565739167218745	0.00013766413455609623402	-0.0017997283023566072041	-0.00048163351514234563865	-0.0007324113240222921567	-0.00015131597452931112749
-5	-3	6	-0.00040354976789225272243	0.00037237033833815627983	0.00022942755112678362523	-5.6799095423389687383e-06	-0.00022157769768015213177	0.00030746866051062745262
-5	-2	-6	-0.00048486054173885721362	0.00068618106158230426049	0.00013845242197518971674	-0.00020362716833056420285	0.00035789964412398446621	-0.00050394182854173212235
-5	-2	-5	-0.00052844046389365745796	0.00026170237156319839074	0.00076819335699816347542	0.0013091047942061907836	0.00022116312109439205153	-0.00078534428924567471503
-5	-2	-4	0.0015900738418217785254	0.0031942718489753100207	-0.0016483297212016760971	-0.0022564954891689113954	-0.0011634274416763849998	-0.0028645920666346821534
-5	-2	-3	0.00053849945713035224371	-0.0013231716556124139064	0.0016916657307422724305	4.7243810959101332602e-05	-0.0020252762490454352153	0.0021737902187146224652
-5	-2	-2	0.00071141879321486771546	-0.00033756922851220575984	0.0015196842666087061278	-0.0010947071276712792495	-0.0032982312496458755791	0.001938630198951793622
-5	-2	-1	0.0011203191887218658714	0.002188361751723480117	0.00035241050279935900091	-0.0042990917968672255275	-0.0063064169492080476842	-0.0023436251648829482287
-5	-2	0	0.00011622831753292265722	-0.0019983206238907082371	-0.00029057079383230661595	0.0049958015597267703758	0.0013336639490621232836	-0.001709789587546678381
-5	-2	1	0.0013818290535130919611	0.00080665797187266785866	-0.0071309887320943404418	0.001226201282638923664	-0.0073528321966232204274	0.0064856924246411862961
-5	-2	2	0.00053006353616179041795	-0.00055353548632249894614	-0.0036303669755422766224	-0.0012510476363155078033	-0.002305208135137800686	-0.0026348863521217548433
-5	-2	3	-0.00098042933493497526343	0.00012366037350736128913	0.0055514115614926267187	0.004012300390557473409	0.0020668921494367922288	0.002880967549550584629
-5	-2	4	-0.0010420651282626992949	0.00042701634548338788903	0.0041687143827668733317	0.00090087126555915531499	0.00078177578105506260152	0.00098420606463381246458
-5	-2	5	0.00019236914376186134358	-0.00081502597481268547128	1.5511186109952801253e-05	0.0002923503196288269098	0.00019857361820584245866	-0.00069808584696115472904
-5	-2	6	-0.00066304590858490719974	-0.00042457807527556139151	0.00026909002718658624805	-0.0007483542143522960155	-0.0004628415814252272685	-0.00060326646751373311055
-5	-1	-6	-0.00012926539027727552045	-0.00020793689755591447557	-1.5339348740245499817e-05	0.0001395952965244934708	0.00011027771668777051927	0.00015001486520917981784
-5	-1	-5	-0.00065849348165690057416	-0.00035984026730854091342	-0.0014005834443934204493	0.0018802777646812084047	0.00093861017053558466403	-1.6215285627700768198e-05
-5	-1	-4	-0.00016952213434238334899	0.0007133892430021956596	0.00022416650949251651663	-0.00018129591971604208569	0.00015586104055485006385	-0.0008464125738237341344
-5	-1	-3	-0.0031705871971374087123	0.00050375717919808255581	0.003427239627128001332	-0.0026313572627164184652	0.0041418987861863475544	3.7523788908668548477e-05
-5	-1	-2	0.00021878899457264768848	-0.002338416896108464621	-0.004353535134674859329	-0.00035118401015896914255	0.0016297950809058103349	0.0060216342453506457172
-5	-1	-1	3.9635545840473036219e-05	-0.00015354896136213964952	0.0012391989536483089245	0.0023146199175632792278	-0.0014373766828506742005	-0.0015468751107525812241
-5	-1	0	-0.002382405767816807296	0.00017719661596895372913	0.01191202883908403648	-0.00088598307984476872695	0.0034900524132516906779	-0.0073102210914131587199
-5	-1	1	-0.00037451325310321697095	0.00094158396895487484618	-0.00081047843060135492128	-0.0011838522267020082888	-0.0026830446961174396134	0.0035240676180723659421
-5	-1	2	0.0002301491042234539723	-0.0017435775176244533435	0.00017025096239358958957	-0.0019603996308455830591	0.00066049824175542972554	-0.0053391436094839253221
-5	-1	3	0.00312832143500592786	0.0017797266194664472429	-0.0058202100457881121576	-0.0018995402404108272226	0.0032737990430805087583	0.0023330309523071366198
-5	-1	4	-0.00040437250423790881615	0.0003520095629407854281	-0.001184116853039507769	0.0020296129661905217695	-0.00080149484355726292178	0.00094741519522361218684
-5	-1	5	-0.00092883078197974068124	-0.001088434931392783531	0.0016919128187270595157	0.0028104735778306751993	-0.00059044821823432875642	-0.00052634021582664857787
-5	-1	6	0.00071091187886179220412	0.0006182736642043392284	0.001522768648504918684	0.0003578126997719129369	0.00084622134046897991462	0.00057486350346560145894
-5	0	-6	0.00079609379971802823189	-0.00048746255901600235496	0.000145390870695710371	-0.00074116549278275699244	-0.0006634114997650234543	0.00040621879918000192633
-5	0	-5	0.00094624368589905102998	-0.00045255106042215538162	-0.0034225487643680580808	0.0012864064490151658985	-0.00094624368589905102998	0.00045255106042215538162
-5	0	-4	0.00025445187857312011933	-0.00038164898327522339813	0.00047627998596702565996	-0.00096049429284352102164	-0.00031806484821640012206	0.00047706122909402926121
-5	0	-3	-0.0014936032700498343053	0.001849071229891432154	0.0034364048745836269817	-0.0017613771661557861298	0.0024893387834163901474	-0.0030817853831523870679
-5	0	-2	-0.0015156392980912210267	-0.0020677955664183374565	-0.00063410323178508614349	0.0026705801523895151585	0.0037890982452280525666	0.0051694889160458440749
-5	0	-1	0.0017420873002247990336	0.00080356850759104509786	-0.0067061681701708732509	0.0037662796235830029237	-0.0087104365011239949512	-0.0040178425379552252725
-5	0	0	0	-0	-0.0050836464929164791593	0.0044968654699467144192	0.0022672654607607989515	0.0061222271030527061764
-5	0	1	0.00038922169096262861782	0.00081750689807543017347	0.0010547669689604231326	0.00070420819006630579716	0.0019461084548131430891	0.0040875344903771506505
-5	0	2	-0.0017863982761004855958	-0.0020092643398474043133	0.0082309406113133028876	0.0016549184034328041047	-0.0044659956902512142063	-0.0050231608496185105664
-5	0	3	6.8789212485908122412e-05	0.00063008986980468391706	0.00029665455144974901954	4.8754596150759089437e-05	0.00011464868747651354639	0.0010501497830078066007
-5	0	4	-5.9444419501436716554e-05	0.00079671359748314965303	0.0028440624498083265023	-0.0059047900737402344434	-7.4305524376795892305e-05	0.0009958919968539371205
-5	0	5	-0.00087660129220159838537	0.00071184660140539979256	-0.0023792431186797397165	-0.0014232289519362684334	-0.00087660129220159838537	0.00071184660140539979256
-5	0	6	4.992323681796361184e-05	-0.00028553325098358415439	-0.0011216075767948240852	0.00047225496264674245248	4.1602697348303009867e-05	-0.00023794437581965347103
-5	1	-6	0.00043056659238704448516	0.00041949289040733162134	0.0010038475725764788374	-0.0010069207097463052543	-0.00019149756489312397658	-0.00051739752696382723587
-5	1	-5	-0.00054162099811120298972	0.00018704930374627566744	0.0014205733758237662663	-0.00047547544689260614259	0.0008257356732759562213	-0.00028214439312479689054
-5	1	-4	0.00053258789630706605822	0.0013573883845877906043	-0.0035239755273821131779	-0.0012492626606875392985	-0.0015467287522293608672	-0.0020090511459066231342
-5	1	-3	-0.000199685096011159726	0.0011088440338944474672	0.0024674852928960287757	-0.0014503352834371267127	0.0011553035909839424415	-0.0023315184843031213496
-5	1	-2	0.0002399913685449714504	0.00058697727033138089817	0.0097521208179151015055	-0.0039669675264131648573	0.0042760819875951221539	-0.0034509269390350346199
-5	1	-1	0.0004602881143598203822	-0.0016930712900644971468	0.001415111694097356777	-0.0020801012738322632867	-0.0008863288777017450798	0.0063852551764902220136
-5	1	0	-0.001292092335741163063	-0.00054461942596922515488	-0.0064604616787058153152	-0.0027230971298461258828	0.0054465759947445535963	-0.0021056604036316967261
-5	1	1	-0.00079324237718128934056	-0.0011116135522505916217	-0.0029544289364191629599	-0.004599015620062247775	-0.0010117829494872838513	-0.00095905214119071065856
-5	1	2	-0.00031112064010057249776	0.00093772342088309650239	-0.0019494556056372908635	0.0015115205686682103153	0.00019692620256721429578	0.0015885482678736359899
-5	1	3	0.00060773621412245630753	0.00047593201724512647919	-0.0015851403409817650322	-0.0013700889004014478369	0.00154127380386468219	0.0012499163288756933929
-5	1	4	0.00022109337818829587099	0.0012260022733529777478	6.04439563493935748e-05	-1.6059653504732702615e-05	0.00026125573364802146198	0.0015365177550674051325
-5	1	5	0.0016192220211251981844	0.0016978170656216631709	-0.0018498029452569549579	0.0013371727729080404908	0.001989182610176589306	0.0014303825110400548992
-5	1	6	0.0010237335262079289878	-0.00083074953317371230416	0.0010428220617953757807	-0.00064427012263355485071	0.00067930759487404485976	-0.00058491292387250111168
-5	2	-6	-0.00065663181677840583728	-0.00042149657542209565102	-7.6073971219816770468e-05	0.0017477320117050461085	0.00052183519024206592284	0.00093382448342009506063
-5	2	-5	0.00050155406317547058127	-0.0011059396040999749152	0.00091730549166511886946	0.00042882943076750216398	-0.00013463186650942299011	0.0012774713764069757591
-5	2	-4	-0.00016678455045389918511	-0.000625642958019323632	0.0017397048035459631785	0.0018294103495596440983	0.0010783330898403555367	0.0016967588723039764807
-5	2	-3	-0.0012013395566704075223	-0.00023692476381211794844	-0.00021334921918105074351	-0.0013328845241347931846	0.0018599997816633119692	-0.0004937150764029988757
-5	2	-2	-0.0009553051886941504086	0.0017686701269404398948	-0.0019243611868780940294	0.0015336058184471305487	0.00046390178485728182948	-0.0028880694989039694051
-5	2	-1	0.00092439264157199399919	0.0023063826214341953853	0.0016739952047986675614	0.0042023886911924041368	-0.0012739727982626349815	-0.0031271357247861695204
-5	2	0	0.0012378869031632313766	5.1311688098413579253e-05	0.0030947172579080784414	0.00012827922024603394474	0.0013207503292116196461	-0.0039166030589241887169
-5	2	1	-0.00018354339356397821525	-0.0018340636943064091667	0.0014800663751487199652	-0.0024619088659113665465	-0.003877849718117330844	-0.0042465007397093131741
-5	2	2	2.8026051570629933671e-05	0.00021455938358726862804	0.00019846630732739715345	-0.00089325792699667945322	-0.00012840117840082231927	0.0014296563859648508607
-5	2	3	-7.6932698748168675223e-05	4.1476669654140150818e-05	0.0018504016152775058096	0.0022828909598428806169	-0.0013618222414319516335	-0.0014527995238050202525
-5	2	4	0.00035329020201945658371	-0.0005308863796811162444	0.00053015645174223806953	-0.00042467064353049591196	0.00017653452665320170842	-0.00045127265283614740373
-5	2	5	-0.00037957300347738051269	-0.00021680000632255211237	-0.0012409127819635701155	-0.00062211767543087848412	0.00011679210930804751996	3.2047063849799274496e-05
-5	2	6	-2.0547763398039732213e-06	-0.00030796469206769517884	0.00022324722049290370582	-6.2291784615266221868e-05	-7.6128053780804544174e-05	-0.00023587331518465725982
-5	3	-6	-5.5973075337536631901e-05	0.00014257061975572009045	-0.00079864917503836196835	-0.00041841279465197985703	-0.00035268035807123381464	-0.00032801524712242335078
-5	3	-5	-0.00013152470299853627912	-0.00050776654687976824007	-0.001520128133003879542	-0.00071501124531613881059	-0.00078055217680379155448	7.8759799690084899507e-05
-5	3	-4	7.6070991468839261164e-05	0.0015644191018839897957	-0.0019612480486570584882	0.0011362357498001052301	-0.0015660247758288428545	-0.0011033470650049083221
-5	3	-3	0.00060740806699872214487	-0.00036545035117459441498	-0.00020384695945268040368	0.0017366005858878862025	-0.001216193737783883861	0.0023456845045122104443
-5	3	-2	0.0013369215616498954582	0.00012668289422041316178	0.00083581308147945266272	0.0013392029261296799474	-0.00208858428190555976	0.0016920971536434870845
-5	3	-1	-5.2234196504353521502e-05	7.7252455183777563518e-05	0.00057366583658572496088	0.0007070231182798278639	0.0019821684922789423004	0.0017348070789205956386
-5	3	0	-0.00059814024688178534916	0.0015159672388904898641	-0.00099690041146964221246	0.0025266120648174831068	-0.000192214437193418715	0.0027500258017820206763
-5	3	1	-0.0012553756224959649115	0.00093434835217158160314	-0.0021754946342159042251	0.002005653478651966623	0.00024960579016788828023	-0.0013452186750979918534
-5	3	2	0.0011807854229271737018	-5.9893328439199872669e-05	0.0011474064864115589377	-0.0015231147051283559866	0.0012308538277005956312	0.0021349387365945343524
-5	3	3	-0.00013785824870234995409	0.00032467687006756387399	0.000152704924062803171	0.00020298511785119693635	-0.00038246867190005313063	0.00033814299892807620504
-5	3	4	0.0011428348946320955257	0.00077644157907199120618	0.0030540866575856778775	0.00039438802304029202438	-0.00086202137489913889263	0.00067476095655977003009
-5	3	5	-0.000528648759046607521	-0.00057380021176453425459	-0.00069572304438681148008	-0.00062803374353327862979	-0.00011121493241452065734	-0.00019697996564456706045
-5	3	6	0.00029103370719346188886	-0.00037435104507082015779	0.00011657856086994993806	-0.0006498768387812972093	0.0001842388088929099632	1.2979215164965140385e-05
-5	4	-6	-0.00016620220260891904111	8.6747719845399666005e-05	-0.00010169029211887162386	-0.00019068741771042043744	7.0708307428184785019e-05	-0.00019941471167811335792
-5	4	-5	0.00013614988707758390158	-0.00071691289678645238586	0.00098030457026549843585	-0.001368337476654774747	0.00064809376913481484168	-0.00037775708453736749851
-5	4	-4	-0.00011878715028816183845	-0.00059228682023814685411	-0.00098812902519899493449	-0.00097822938832073467325	-0.00083964508733879263981	-0.00023787086302305113271
-5	4	-3	-0.00033032490794801094153	0.00061669800567961644173	-0.00079540536760162666111	-0.0011509578436054226924	-0.00050999897688881723999	-0.0025624404676065910651
-5	4	-2	-0.00088902707358984084298	0.00026286585574449510645	-0.0021507894148516202432	-0.00031222179236464438819	-0.0020790111457286387583	-0.0012816082240905265696
-5	4	-1	0.00060447739180836566539	0.00026388038777167520388	0.00019880865543532198151	0.00033614541426757834535	-0.0022271523373005404009	2.5179718211937304398e-05
-5	4	0	-0.00022348580109317201501	0.00029623694101003553289	-0.00027935725136646501199	0.00037029617626254442966	-0.00065749266646501704388	0.00066569399406087395067
-5	4	1	-0.0018916371029654814595	0.00038172701686812440976	-0.0026526221760682150083	0.00026772866261385436498	0.0011523031894454529526	0.0008377204338852046973
-5	4	2	-0.00077215121775318007122	-0.00043521262905192397395	-0.00099594766478795998879	-0.00094424504979176101561	6.1517285192969880852e-05	0.00080045852695371220477
-5	4	3	-6.186973977756493083e-05	0.00056945075218864892302	-0.00078652653856072071627	0.00095652860838495797242	0.00094558581845168607032	-0.00032628689086552903733
-5	4	4	0.00019060218892025967388	-0.00050186864505165969686	0.00026899949110729905102	2.0099918728504194453e-05	-3.0746754956974424781e-05	-0.0006474357250430787681
-5	4	5	-0.00066405361682760782362	0.00011193272208408307688	0.00016125121695570254028	-6.0985747726453310954e-05	-0.00079305459039216989921	0.00016072132026524572836
-5	4	6	-9.4254891947917715284e-05	-0.00021452056974515345319	9.9032760448943937316e-05	0.00023239393903388023141	-0.00014456758358922738535	-0.00033369643414354801386
-5	5	-6	-0.00021173568627151385111	0.00013644682134655126558	-0.00019455633301896846561	4.789236363394688248e-05	1.431612771045449074e-05	-7.3795381427170332806e-05
-5	5	-5	-0.00022237684709758932583	0.00052759916606323804551	0.0001254145092220673881	0.00031643757648473286792	0.00034779135631965668683	-0.00021116158957850515048
-5	5	-4	0.0001969588725003619241	-0.00011966567029844374424	0.0001731346848036786879	0.00033277058366748269976	-2.9780234620854068966e-05	0.00056554531745740810583
-5	5	-3	-0.00018197206311830178924	-9.4031034889972463719e-06	0.00067046485537606160393	0.00017599092029418127539	0.0014207281974906056914	0.00030899003963863090009
-5	5	-2	-0.00015770628973079027372	-0.00018656261508769996448	0.00010465755473937493072	-0.00042571754095030672847	0.00065590961117541299753	-0.00059788731465651695062
-5	5	-1	0.00010682070503747651772	-0.00076249634903922871177	0.00020555797324164592197	-0.0010821097211803467134	0.00049368634102084699416	-0.0015980668607055894658
-5	5	0	0.0012808328021938777085	0.0009785722711900105876	0.0012808328021938777085	0.0009785722711900105876	-0.00090883410816179589168	-0.0023514384043382590209
-5	5	1	0.0003757314083381586671	3.700309532552947153e-06	0.00058593126759169222428	-0.00010668147332634735894	-0.0010509992962676678943	0.0005519089142945014792
-5	5	2	-2.7888203163561777457e-05	-0.00022979220952148185454	-0.0001797999814822622347	-0.00050983852124415567336	0.00037977944579675119562	0.00070011577930668446573
-5	5	3	3.4292686150604532777e-06	0.00033271518685107918023	-0.00046791284053136636628	0.00034850498496353615697	0.00078557018191071140405	-2.6316330187428295704e-05
-5	5	4	-0.00025370856697106667103	4.7832849816421191323e-05	-0.00045141609023533884335	0.00029230335911723995647	0.00024713440408034018829	-0.00030558813662602345813
-5	5	5	-6.4095206591704371318e-05	-2.6629798836371561156e-06	-0.00010337838389956926415	-0.00023189545729997249491	3.9283177307864892828e-05	0.00022923247741633533668
-5	5	6	2.8002308078054658446e-05	-0.00049659997326831437775	-0.00024400893705860094655	-8.7293314017622769345e-05	0.00022667603761387968551	-0.00034108888270890968045
-5	6	-6	0.0012275890390321757793	0.00032665349618028982582	-4.0284412106661759468e-05	0.0003088482979962541594	-0.0010632752779668082355	3.6637051179345993799e-05
-5	6	-5	-9.4719870887186556488e-05	-0.00025298175199436206701	-0.00019703121296743423326	-0.00022651705110036349667	-0.00014171758467373452885	-1.8838709326074139835e-05
-5	6	-4	-0.00033389093664793422465	0.00022872030690754957798	-0.0004840590839845950572	-0.00011331707024921216782	-0.00030872495516697477788	-0.00045587598900825523776
-5	6	-3	0.00025181008826805626518	0.00024985030526039191676	4.5095876141135940571e-05	0.00045527733225390025354	-0.00032949172816448851113	0.0004941374890738140695
-5	6	-2	-0.00055221272385273497199	0.00037661390116812951991	-0.00032455146812876921845	0.00038838686539861383114	0.00040687740524552988303	0.00022362584327551777497
-5	6	-1	-0.00027569651403992360755	-0.00042822339983767130972	-0.0002657174064768120657	-0.00034424190672840244368	-0.00021582186866125432933	7.5665558817941778059e-05
-5	6	0	-0.00025527263454269732198	6.3760608215631450063e-05	-0.00021272719545224776832	5.3133840179692881829e-05	0.00076121257004250835691	-0.00094162113421399952235
-5	6	1	-0.00051368424010668706572	0.00073231316483621873743	-0.00044494510891058029148	0.00071061305524477904206	0.00010124945293004648805	-0.00060211250728758056519
-5	6	2	-0.00025034020451977990118	0.00041973014511787143594	-0.00018873818670904200681	0.00029893945712345949264	-5.9635951172323718966e-05	0.00015250699142430011192
-5	6	3	-0.0002166581548906907663	0.0005662073416937971667	-9.099803285604566856e-05	0.0006034001146154025939	-0.00017910085910572662478	-0.00026312132640780985576
-5	6	4	-6.6573187729941890167e-05	0.00049016762808844801646	-8.8577193501352245882e-06	0.00036186964322133883653	-6.9929905637224515661e-05	6.9905070278551738674e-05
-5	6	5	-4.0497492928005849146e-05	7.2663618682673186016e-05	4.8572552490181861368e-05	-1.3903438987127501137e-05	-9.8784555916224086854e-05	8.9347745467226194157e-05
-5	6	6	-0.0012060151021442068898	0.0007595776499150541693	-0.00081742757122218491495	5.694414257266104299e-05	-0.00018758501389798740286	0.00057603723235655072184
-4	-6	-6	0.00017449920446933818679	-9.9414632635009910389e-05	0.00016306651794971541202	0.00011969491206885900572	-0.00027939932092927420321	-5.3418490312185732132e-05
-4	-6	-5	0.00045461630293481387032	-0.00063229046767012255046	-0.00036364901337944746662	-1.8539727811997840291e-05	7.2685773707485869114e-05	0.00052808004751049542839
-4	-6	-4	-0.00014021122841663193905	-0.00048964952984761726546	0.00028070771976265458236	0.00037635341293633519733	-0.00028085035122734996159	-7.4880589556885516979e-05
-4	-6	-3	-0.00033676433447816053095	-3.4236257173565580719e-05	0.00012066528338657279116	0.00011135400486556414675	0.00020768854586440181034	-0.00017705966683304085255
-4	-6	-2	-0.0002363622060594376044	-0.00076927785964484821264	0.00038277981426408489883	0.00013019943775305321213	-0.00067561503067337948768	0.0011479574060305366805
-4	-6	-1	0.0011234035031455326479	0.0013173789409951853265	-0.00054789140044996572504	-0.0010832989792739782138	-0.0012062656098823362413	0.0012302781116631279767
-4	-6	0	-0.00094440845938762341561	-0.00036817690565569947568	0.0006296056395917489076	0.00024545127043713296571	0.0028917445846236016112	0.0023276676706359415887
-4	-6	1	-0.0011761944179059812855	-0.0006196045469173269097	0.00097827998044410099075	0.00021030180889251921437	0.0011649022110406812361	-0.0012166073343141924068
-4	-6	2	-0.0015416223993391610023	0.00063170132953617062418	0.0013729583781449485914	-0.00055945258062224754309	0.001035630335756523553	-0.00041495508279440138089
-4	-6	3	0.00058309184736340523725	0.00069873219184747505789	-0.00021905905969314053107	-0.00076769560542147455111	0.00033933767709825923614	-0.00060374828837964902503
-4	-6	4	0.00037815069420192701146	7.1433455847163624059e-05	6.6976607406157682859e-05	-0.00034162116537742666551	0.0004786156053111635493	-0.00044099829221897634711
-4	-6	5	-4.0827860239424677239e-05	-0.00026598004038659583959	0.00037318342374047968387	0.00033397134872505368063	0.00041515782029703590054	0.00018798158616078770172
-4	-6	6	7.6190582091302731078e-05	6.4338063131691219584e-05	3.5661274032781834344e-05	-0.0002822054581275231129	8.6454995426983661838e-05	-0.00023931341603972898458
-4	-5	-6	-0.00017900132979294829712	1.9199375999898795351e-05	-2.0391250524109780131e-05	8.7485798218099091258e-06	0.00013632692863205702954	-2.009006718477412089e-05
-4	-5	-5	-0.00097702851733146695544	-0.00018765263446065175265	3.4119935673770854375e-05	0.00036503250745585847292	0.00074750287819140277638	-0.0002149103998873370708
-4	-5	-4	0.00062033265045683023964	-0.00091497846931361053683	-0.00061010317669753829761	0.00017405064347970870147	0.00014229632041509268658	0.00069741516496397472098
-4	-5	-3	0.00077372177672163199979	-0.00098336028499278801268	-0.0014022653063836198421	0.0011988345572784280153	0.0013054798083438571427	-0.00068691054880699582794
-4	-5	-2	-0.0017599887609748858432	0.0015182972806333048382	0.0014459798582117078768	0.00020131042466402262439	-9.4972123579498208732e-05	-0.0035398706229266660613
-4	-5	-1	0.00090112901163801268148	0.0011225388873027642139	-0.0011653278313190202058	-0.00015684954472878050386	0.0022221231100430509538	-0.0037059078255671541735
-4	-5	0	0.00076712068464382116972	0.0012025102184021006085	-0.00061369654771505695746	-0.00096200817472168046515	-0.00043914709291485807402	-0.0021594340054741849137
-4	-5	1	0.00017725873537530770175	-0.00017769087647404553719	-0.0003310778278579204416	0.00075483518199031293498	-0.00094635419778837156363	0.0030634124040553826346
-4	-5	2	-0.0030471164425319532433	-0.00088524584148291763329	0.0025767018702720335087	0.0011681436605108569057	0.00034752179061617712247	0.0011498674683113069978
-4	-5	3	-0.0003752015775133765588	-0.0011169914616604662699	0.00049354892608173962613	0.0021004845621756034965	0.00032231277345173050533	0.0020114856547453837006
-4	-5	4	-0.00017624398197899049899	0.00020819773392522839721	-4.9500223967818680437e-05	2.0291701390375594955e-05	-0.00023811926193876382582	0.00023356236066319788582
-4	-5	5	-0.0001693994710774681669	0.00029471771701708552064	-0.00013140802099777368264	0.00078114334905000589772	-0.00026692759785974822699	0.0010169175226636742709
-4	-5	6	0.00062246383578424516365	0.00054904908697007710327	3.9734913260508798196e-05	0.00016218466235046167276	0.00044808831823992076749	0.00050118660993876944926
-4	-4	-6	-0.00013032624145996654901	-0.0006391480974564003447	-0.0005365653212104304565	0.0003278304542145529972	0.00044459437511359798561	0.00020754509549456484413
-4	-4	-5	0.00093269230607925454613	0.00033747596910663879956	-0.00011960026532181016986	0.00018205375914721684994	-0.00065047363260595551186	-0.00041562378260308449791
-4	-4	-4	0.0015132824519285441919	-0.00082729360867580961983	-0.00052290170848976629848	-0.0011326398943264210338	-0.00099038074343877789338	0.0019599335030022306536
-4	-4	-3	0.00067206193068417355557	0.0024658771626833598384	0.0001004405138264134452	-0.001720303376411182238	-0.0010300032593474493705	-0.0009940983816962365837
-4	-4	-2	0.00063051471302426451062	-0.0027310955408941127096	9.2207735344389851252e-05	0.000835036751599790481	-0.0014454448967373086966	0.0037921175785886446739
-4	-4	-1	-0.00051565877676939511805	0.00015666823497654941964	-7.3553416348343000864e-05	0.0024607593171293547576	0.0023568487724709525841	-0.0104697102084236153
-4	-4	0	0.0028811004150344310219	-0.00015258019860769472245	-0.0028811004150344310219	0.00015258019860769472245	0.0042206837698756469873	0.0027196289936557527071
-4	-4	1	0.0020121439439244057437	0.0018917775796280819449	-0.00076108094640678738193	-0.00064867614823591436893	0.0050042519900704747482	0.0049724057255686703038
-4	-4	2	2.6105720044414495637e-05	0.0013712699195675566964	-0.00069079948638319258955	-0.004603132307393483294	-0.0013293875326775561607	-0.0064637247756518540626
-4	-4	3	0.00062320334163509262786	-0.00088605661150837993194	-0.00045410839917274612321	0.00094097041123174967377	0.00022545992328312869997	7.3218399631159615114e-05
-4	-4	4	0.0012014708690385135156	-0.00031689189623489047269	-7.4379957734417679141e-05	-0.00066117170376413854794	0.00112709091130409585	-0.00097806359999902891221
-4	-4	5	-3.5516165968868033368e-05	9.4236419343529227803e-06	-0.00032531327613521910866	-0.00085300257449444859791	-0.00028866355368326973531	-0.00067486314604807656585
-4	-4	6	0.00022715652933044121913	-2.7989244840973154948e-05	-0.00045764195997593436161	-0.00019433203782286053449	-0.00015365695376366210402	-0.00014821418844255577715
-4	-3	-6	-0.00044723943340827947189	0.00023370335612282676602	0.0003597747057058570206	0.00057955879099793694651	0.00011827226941925782688	-0.0004455816329141862992
-4	-3	-5	-0.0016314875626946662938	0.0011494280796201863937	0.00047084090311354877311	-0.0012179467125736057227	0.0010226855082876038037	-0.00018877443615198573551
-4	-3	-4	-0.00061230065466569446025	-1.5121857720689093441e-05	-0.00016545386174195926055	0.00084841611621140611537	0.00073639105097216396665	-0.00062119022943786549647
-4	-3	-3	-0.0017449460760745230236	0.0012721564695129629948	0.0017648540469381297606	-0.0024789821390405700902	0.00056174072116123405403	0.00078277351302328624164
-4	-3	-2	0.0027739144275594766927	-0.0019987653944905834323	-0.00089753917154006160155	-0.0010096202404766573858	-0.0042015200978088610914	0.0055119611496961531602
-4	-3	-1	0.0007053379652456410109	0.0018324771402799663531	0.002641139126473181567	-0.0022897058074824233262	-0.010744769240402107444	-0.00046079113867259554205
-4	-3	0	-0.0022001826892481752065	-0.0026650802313477324305	0.0029335769189975666529	0.0035534403084636432407	0.0046000256275883152912	0.00057793777069358332615
-4	-3	1	0.0010844469638161115341	0.0032537573734287205882	-0.0014150160264366593455	-0.0038753602165518194478	9.2739775954468642132e-05	0.0013889488440594240093
-4	-3	2	0.00081753391496174694555	0.0028271233758753707213	-0.0037447034843917314205	-0.0062513513112109507161	-0.003981987396664102806	-0.0037227802150656846315
-4	-3	3	0.0032850099406993844668	0.00082555832699804333405	0.0021994981152351753863	0.0024112373713311941945	0.0065795113695010214866	0.0035119818073285854511
-4	-3	4	0.0013931334171644175514	-0.000186327629616335976	0.0018475394807331215353	-0.00094370657951718607721	0.0027787880277142587571	-0.0008941075642542254797
-4	-3	5	-0.00091671005586000850994	-0.0010037381799836192671	0.0014699641365005522171	-0.00062075070421463169473	0.00014861043721232456024	-0.0011754409665156743871
-4	-3	6	6.0078472080890298914e-05	-3.4722107008208979116e-05	-7.034240199780093111e-05	-0.00013482766617181518218	4.8811137216930642306e-06	-9.0561904424713577169e-05
-4	-2	-6	0.00066797422145962938745	-0.00062690983094241040357	-0.00040456916556239080505	0.00023630752765116429725	-0.00031045975911895602609	0.0003391707114112188547
-4	-2	-5	-0.0007289344274351418438	-0.00059533764433678155754	-0.00056641071644182865337	0.00119330597542871477	0.00080971182852484493639	-1.0522747020606104967e-06
-4	-2	-4	-0.0014171353692372136435	0.00014559929960697071583	0.0016388278731680752057	0.00031801587658126004949	0.0005977214326531760406	-0.00030460723789760074057
-4	-2	-3	-0.0034594859604141206186	0.0017015027782359419713	-0.0034265306324709758796	0.0018920080781462888467	0.0068970017021994780779	-0.0035300090897454482371
-4	-2	-2	0.00074694697193066308168	-0.0037438739148246001805	-0.0065011799730579035092	0.0068485958840936028702	0.005007286029196577129	0.00063915194555559727389
-4	-2	-1	-0.0022139641616709857495	0.00014248635357602093716	0.0046811528282768143788	0.0064528200244597013618	-0.00050644900986968543425	-0.013475585463223485605
-4	-2	0	-0.0064966524159913961733	0.0024748520401805230128	0.012993304831982792347	-0.0049497040803610460255	-0.0087404900362904030392	-0.010444729430299145093
-4	-2	1	0.00056734081522604384255	0.0031147466318390227766	0.004669442010159684936	-0.0044625062263382430511	0.011608247281223544808	0.0035339740746796054378
-4	-2	2	-0.00086772282344189574903	-0.002643372990932696745	-8.7923685406141380413e-05	0.0051731256559053107394	-0.0018233693322899327972	-0.0001136203259600820052
-4	-2	3	-0.0022989870909601176421	-0.00038945568443166973674	-0.0033580808184028284116	0.00062073616072243296277	-0.0053040366668820424639	-0.00010545013876060431337
-4	-2	4	0.0032341047597564905915	0.0011837513416956763415	0.0012363156742919718511	0.0003139161321845370463	0.0038522625969024766254	0.0013407094077879447291
-4	-2	5	0.00018136151485572340352	0.00053505598108536159795	0.00036294635256430484924	0.0022920082203613306379	0.00029026775291030070588	0.0013448480730128215335
-4	-2	6	0.0020593161743433273728	-0.00063822736743588054983	0.00017467517792098618905	0.00049073008468318969968	0.0014311025088692135455	-0.00026190821672952379999
-4	-1	-6	0.00093468946017585233417	-0.00018249445101505717449	0.00042302556880350033596	-0.00096715598692306880071	-0.00069363056825115163018	0.00028285563183054956505
-4	-1	-5	0.0019911818165017610219	-0.00084945817005170067785	-3.9570587757081823993e-05	-0.00134855032987452007	-0.0015850313356499923755	0.0009492766020162645129
-4	-1	-4	-0.00057186962523996735363	0.0038274871137644649391	-0.0049444802266361224247	-0.0011339232323467963223	0.0018079896818989980682	-0.0035440063056777658043
-4	-1	-3	0.00085627591616412696788	0.0019466546941266709911	0.00084213826712095283221	0.00038549281773122233679	-0.0014224139772591535679	-0.002724037198079301992
-4	-1	-2	-0.0021088384995345565466	-0.0004404825607530100137	0.0043732534997017978584	-0.010084673887793894551	0.0020310502492182145977	0.0059233020654029678448
-4	-1	-1	-0.000222642576778662104	-0.0089196395840319634557	-0.0053987745280527502448	0.0087048711115225076845	0.0062893448351673984439	0.026973687224605344404
-4	-1	0	0.0076759416395416647794	-0.0017994625840781275968	-0.030703766558166659117	0.0071978503363125103873	0.0062146890556722730187	-0.0080366238489385129207
-4	-1	1	0.0054285980308163587701	-0.0019722850427271285297	-0.021201490353739735339	0.013469143973215217877	0.0005129017695257023432	0.0055800038023067028911
-4	-1	2	-0.00011843288235593696616	0.0048168753438310616885	0.0018147128809616651715	0.005441910469783498884	0.00067049067576895873474	0.012354705922553872385
-4	-1	3	0.00048342796881998542288	0.00035196109006874426537	-0.0013310937424401132843	-0.00013993295230031317883	0.00020087271094660946909	0.00042263713599155461852
-4	-1	4	0.0025610597800003994176	0.0035201383950024746523	0.00094802815272134323236	-0.00097256560205080536466	0.0027980668181807354968	0.0032769969944897734196
-4	-1	5	-0.0015465003156950082441	-7.1871863856162347206e-05	-0.0013140620099302395291	-0.00030662613682316808544	-0.0015000126545420544577	-0.00011882271844956349485
-4	-1	6	-0.00052595381979959182888	-0.0004983208752276599993	0.00070348651100952399543	-0.00045860184269613172951	-0.00023338812803147391379	-0.00040864755726779532392
-4	0	-6	-0.00025758124653689940149	-0.00014764796130376398541	0.0012925401361870414701	-9.329654190569076398e-06	0.0001717208310245996281	9.8431974202509332642e-05
-4	0	-5	0.0010844241464161052165	0.001070574218337443529	0.00043150638167355914341	-0.0020657334347042436741	-0.00086753931713288425995	-0.00085645937466995484492
-4	0	-4	0.0005984521229472435002	-0.0013096846065124155729	0.0024689598898074626918	-0.0018188513402857553209	-0.0005984521229472435002	0.0013096846065124155729
-4	0	-3	-0.0018551562324748483487	0.0055464224927116419564	0.00069570530417863173968	-0.003249906456306776107	0.0024735416432997976537	-0.0073952299902821892752
-4	0	-2	-0.0080975556130366069252	0.0017061500920457137436	0.0014778549147254457959	-0.0081018149728594689163	0.01619511122607321385	-0.0034123001840914274872
-4	0	-1	-0.0037620883352319080088	-0.0035008505568590512873	0.025795812538588685364	-0.018954679039034701138	0.015048353340927632035	0.014003402227436205149
-4	0	0	0	-0	-0.003263783114808217322	0.0015505561924210775789	-0.023735160966739509564	-0.025241591606174881846
-4	0	1	-0.004551284595585498513	0.0014829928293996932735	-0.011266627267609838348	0.018889760780954001351	-0.018205138382341994052	0.0059319713175987730941
-4	0	2	0.0089075021850685241753	0.0047719887451446365428	-0.0085471617769708255197	-0.00011527894860383876622	0.017815004370137048351	0.0095439774902892730857
-4	0	3	-0.0013768747690334455849	-0.0036967575443729657099	-0.0048441656212772138054	0.00059796738617576478993	-0.0018358330253779274466	-0.0049290100591639542799
-4	0	4	0.00089107448933930144715	0.0044363587624602525417	-0.0033894401000348420294	0.0015294489730393416842	0.00089107448933930144715	0.0044363587624602525417
-4	0	5	0.0010666684920963465273	2.0717511840650526409e-05	0.00032143234510478732547	0.0010825051163582039872	0.0008533347936770771568	1.6574009472520421805e-05
-4	0	6	-0.0012609442398153318261	-0.00047679159622880543188	0.00048615239210331563993	0.0001532315214814694267	-0.00084062949321022121738	-0.00031786106415253697266
-4	1	-6	0.00012678473453408344398	5.9502053120153052175e-05	-0.0018171747264334632554	0.00038975518134559255243	-0.00038738561076163285663	2.5291161477496727344e-05
-4	1	-5	-0.00015982496178672608725	-0.00047397969490528237468	-0.00016532725375014497172	0.0026785865355737296239	9.4794518679351883589e-05	0.00091490106303897180285
-4	1	-4	-0.0022622631372490602415	-0.0019126350885909197425	0.0010432899388053470252	0.0032995099050101991088	0.0025230856219503969978	0.0027375125648434694113
-4	1	-3	0.0034038704239192124797	0.0010303324329644326582	-0.0070998865650891730683	-0.00026133814722959007549	-0.0069051227535886746181	-0.0014608892930291069931
-4	1	-2	0.00234211710876068872	0.00055019209287038132756	0.0045752511414635446685	0.012724037276384710798	-0.002396608646789604672	0.0052616344524515929609
-4	1	-1	-0.0015185124635628220995	0.0038044915587930137196	0.0020962376351977584678	0.015115595442431144571	0.0081702874894490472996	-0.00010237079274091102573
-4	1	0	0.0030713011949462789771	0.0026330928026348679287	0.012285204779785115908	0.010532371210539471715	0.015783880662315848131	0.0019607891644124793989
-4	1	1	-0.0014124165347354840794	0.00057610299153497434611	0.0059224657275745735269	-0.00059641136558055501092	-0.011572131866516508977	0.0029008233317204526122
-4	1	2	0.00010441925609243377603	-0.0050690937129186973767	0.0020024142523869859801	-0.0019989959384588656781	-0.0007923686140086254109	-0.0091386894566079616975
-4	1	3	-0.0021358909844351606569	0.00038916823446042114179	0.0035862384040143699751	-0.0042035899061239239208	-0.0040432674472516711567	0.0019200876146552030461
-4	1	4	-0.0011763391293451914456	-0.0018724046256246959681	0.00025880152168021662139	-0.0078992944169254293574	-0.001241039509765245628	0.00010241897860666119506
-4	1	5	-0.00034282317166252958968	0.0012153997400460359903	-0.0032007978213228656383	-0.00062807088487948879718	0.00036590102693454944508	0.0010979339690127265516
-4	1	6	-0.00052297112570393793161	0.00179325966747012535	6.9522990539621072983e-05	-0.00030178811034997155612	-0.00036023458222589550045	0.0012458044633717453662
-4	2	-6	0.00028400968207378986122	-9.3405269522309816027e-05	-0.00023884657062549598857	-0.0027254788376343823571	-0.00026895531159102525507	-0.00084622276619658750273
-4	2	-5	0.00017579040068832114149	-0.00074328435366302907268	-0.00012997303703046476486	-0.0032088915978402830949	-0.00019262153536284281371	-0.00068892915620569000149
-4	2	-4	0.002617412569175494013	0.000232464122113162832	0.0024341150379009321089	0.0011851369179571298422	-0.0014003550502250281754	0.0003601043368654020891
-4	2	-3	-0.0012325866909558369586	-0.0010088521073863619248	-0.0042335490689507111056	-0.0035443886123607080268	-0.0011789171246926910975	-0.0010177895983919894515
-4	2	-2	3.5528354372607582105e-05	-0.0043870695590728613078	-0.0019192496952165844296	-0.0064861033647412294142	-0.0019903064039617996209	0.0022880357534044932014
-4	2	-1	-0.0008574616774731330486	0.003268330479482461394	-0.00059146168167655336061	0.005757956566297685666	0.00224692334653942569	-0.001557408785334475328
-4	2	0	0.0033843487358679908046	-0.0027869125434793486605	0.0067686974717359816092	-0.005573825086958697321	0.0085539551147730558817	0.0032818026498346994022
-4	2	1	-0.0054469641884380883695	-0.00021384307242515776851	-0.010233654774776177257	-0.0039863462413286133296	-0.0013205472041999970125	0.0071173201929565967777
-4	2	2	-0.0016112615844981370734	0.00025858680168002606825	0.0008745706234960605235	0.001685866595593461326	-0.0040970937924923343451	-0.0011686929922334091895
-4	2	3	0.0012546264486926013079	0.0017070754439051181311	-0.0014962467588162404325	0.0019642253129874358807	0.0026703331041342953656	0.00096661704988186677653
-4	2	4	-0.00010200392212561224285	0.00059013731475457409381	0.0014957460642375547833	0.0016163545948036871745	-0.00084987695424438962095	-0.00021803998264726957477
-4	2	5	0.0013633171175226105245	-0.00016353244419246222336	0.00056881823771538417549	-0.0012387271112325425049	0.00086312639893193466266	0.00036466488913904722326
-4	2	6	-0.0011638545614721968347	-0.001879140899486731256	-0.00034947829255735509508	-0.0019556970870513029626	-0.00065941027679567950671	-0.00060086157064071974137
-4	3	-6	-0.00039565622118374946508	-0.00043411545561624752948	0.00040455090538800203212	0.0002732996848810867528	0.00046604626681650065945	0.00042606014618470840509
-4	3	-5	-0.0013445271825140237346	-0.00094679686115807623788	0.0026257860886974536407	-0.0015527776071857588968	0.0026510933992296911721	-0.00017422907538499433694
-4	3	-4	-0.00067310574445911524472	-0.00054155588478364184799	0.0023957396040848893438	0.0010131203006708327987	0.0024699104475227819273	0.0013013961102867665012
-4	3	-3	-0.00061541801409594636997	0.0006332428692940687007	-0.001534150758753816254	-0.0020101038619997611302	-0.00071359340662588779686	-0.0028544276877251859199
-4	3	-2	0.00023534966234352850648	0.0017532543301150534457	0.0011696704563183830776	0.0022857273431842717835	0.0012838063597905174408	-7.7917645453699107584e-05
-4	3	-1	-0.00090635765370883770824	0.00030174979696574857685	-0.00080434792511661988134	-0.00041599888599718690954	0.0012123868394854912973	-0.0024549958458545549818
-4	3	0	0.0031765911092652681508	-0.0024424228358156030091	0.0042354548123536908677	-0.0032565637810874703897	0.003597041554355484734	-0.0082477003183573111694
-4	3	1	-0.0032633258827627718152	-0.0014875124764597853332	-0.0033767997339779172797	-0.0016604528214017085647	-0.0029229043291173354216	-0.00096869144163401542207
-4	3	2	-0.0029833934327049066101	-0.0033183330539233420534	-0.0047473131069053139952	-0.0056912330489082259624	0.001154182794948157122	0.0019001834655156548369
-4	3	3	0.00068722802760473134052	0.00049326081311434671808	-0.0015175486928334484555	-0.00036512263662120606053	0.0024338527296397568372	0.0010228037207736682609
-4	3	4	-0.00065186124337270035488	-0.00062013394178866531724	-0.0017435068807619869165	0.00051047614316969880301	0.00065576891719878983248	-0.0010029910491659395008
-4	3	5	0.0013971687081768329949	0.00039391000365657252323	-0.00078988053102680832063	0.00054770926975227982297	0.0015916632851575515401	-1.3497558926109911451e-05
-4	3	6	-7.8237587762359375536e-05	-0.00045642984509303429234	-7.5290741577508369024e-06	0.00043585636422467530443	-4.8393854762697500408e-05	-0.00052221474550769389229
-4	4	-6	0.00011383580657171117785	2.2902426100971430442e-05	-0.00060651775338691339516	-1.241007161636920847e-05	-0.00048023570663908304867	-2.3541665144893757016e-05
-4	4	-5	-0.00028421830465289230462	-1.3525724523978761462e-06	-0.00071168767349162945484	3.0761860229211762283e-05	-0.00034197549507098968765	2.5691546145287711252e-05
-4	4	-4	-0.00015356667462092382106	-0.00076233067815649566829	0.0015727319288389100382	0.0021864743754212404188	0.0017262986034598337779	0.0029488050535777360871
-4	4	-3	0.00024969398831043690314	-0.0026727643895585475285	0.0021054757780805460551	0.00032354054618423307719	0.0024743757196934788693	0.0039950732476570407353
-4	4	-2	-0.00095241844473135071902	-0.0012360677991443576578	-0.00018918834300273062099	-0.0010725993989999054162	0.0015264602034572400877	0.00032693680028890432067
-4	4	-1	-0.0024117621645044157522	0.00065209659227550469465	-0.0037280779623601141212	0.00029900386590826739464	-0.0052652631914227943435	-0.0014123709054689492001
-4	4	0	0.0028331512826257256726	0.0028136853071885439305	0.0028331512826257256726	0.0028136853071885439305	0.00016326388007032561437	0.0014976557498268723307
-4	4	1	-0.00050684431726441450238	-0.00095087353184922934497	-0.00024680402691264327402	-0.0016514152374279267559	-0.0010401611614070849134	0.0028021668223147896438
-4	4	2	0.0005294477353050346894	-0.0014512808224257350408	-0.00096764453435791558927	-0.00036730445654139804845	0.0029941845393259007742	-0.0021679527317686742016
-4	4	3	-0.00053486948265419080248	-0.00024935958589202055023	-0.0010459719122682458944	-0.00060020564758855767928	0.00068146990615207360051	0.00046779474892871608172
-4	4	4	-0.00014599328615068072929	0.00075915013017399766027	0.00069413092032399165403	-0.00039240154496876934308	-0.00084012420647467235622	0.0011515516751427670034
-4	4	5	0.00038233314339748203977	-0.00098756928645455364403	-0.0011334468698480598767	-0.00044673822176721637075	0.0012126240105964334898	-0.00043266485174986988368
-4	4	6	-0.00074747693464894998834	7.3548905588212486022e-05	7.0404245007113025944e-05	-0.0006545125500148979902	-0.00054525411977070876654	0.00048537430373540700222
-4	5	-6	-0.00029368589274606285693	-8.5446153538273889846e-06	4.0912544291295584729e-05	-0.00035452253294408959429	0.00022988438207345487495	-0.00028973903388418973705
-4	5	-5	0.00042426858765967379603	-0.00028640158461975905426	0.00017794935641947582879	-0.00090153611363594438662	-0.00016146551370826319719	-0.00067241484594013714322
-4	5	-4	-0.00065988431751657988193	0.00062518548667832611002	-0.00071493704153624874041	-0.00049108906588523194934	-0.00023378698440373101648	-0.001239046819034866128
-4	5	-3	0.0011410139016086475166	0.00031186553745304033437	-0.00029133226293847345242	-0.00016268948716704448483	-0.002006905640375652479	-0.00068696986188246129002
-4	5	-2	0.00098214966747126714562	0.00054909887810568552922	-0.00022689562597407605623	0.001243832577853002698	-0.002531538399877724093	0.0020113836884211354697
-4	5	-1	0.00035168425817211362719	-0.00027009289442231696051	9.124766851406473239e-05	-0.0001048240867903521247	-0.00095049869011813096879	0.00055625114373750725923
-4	5	0	-0.00028134448004245456686	-0.00056518307476383750857	-0.00022507558403396364264	-0.00045214645981106997433	-0.0011574938571710924589	-0.0010162455968479573807
-4	5	1	-0.0014056418608883918323	0.00058197255926541039458	-0.0011821882366547114846	0.00038546929671811757008	0.00028837373971999052773	0.00040054375347105372791
-4	5	2	-0.00066390776497748124705	0.00083991848909496433489	-0.00024245454663615240609	0.0005838695771188085696	-0.00072167916336458143821	0.00022016303539290708316
-4	5	3	-8.9284893626428112447e-05	0.00129672944008109455	-1.1252221768507073525e-05	-0.00046434801284681411415	-0.00010029282188772570478	0.0025028859415194828694
-4	5	4	-0.00038005951627831315205	0.00074275353502503335939	-0.0001944434262374451685	2.5484959586533834558e-05	-0.00013700523348150666432	0.00071089733554186604163
-4	5	5	0.0003375116213332680676	-0.00015008899362096140531	3.0609942777077032831e-05	-0.00024488765904235167224	0.00023939935428953740769	0.00012481646414558254256
-4	5	6	6.5113493847490555209e-05	0.00010142224332800422234	0.00020486841298722591035	-0.00022301473313737603323	-0.00012731468159102790204	0.00025346043983314950473
-4	6	-6	-0.0001221613533265579509	0.00032291630980457952877	-6.7635593345943672563e-06	0.00021895080624316558228	7.4677342883110932217e-05	3.6732663734459149246e-06
-4	6	-5	0.00033477517148594707107	0.00029692305113664026759	0.00016526213061037855535	0.00021839687703482471592	-6.9505580456303417544e-05	2.4537811532477471461e-05
-4	6	-4	4.7658911052842748877e-05	-0.00019533751556478849676	0.0001816520257747773065	-0.000492988447746075544	0.00022481912760932321765	-0.00054414515605432473792
-4	6	-3	9.5667519262915371456e-05	4.3153693273643616631e-05	0.00041474835246171486451	-0.00046483572275574921518	0.00070194001257287586427	-0.00098720970320968987402
-4	6	-2	0.00030930560879281418247	0.00038764112398185325082	-5.3359972022862748188e-05	0.00039586905048865793279	-0.00077869113365421668404	0.00041232490350226718833
-4	6	-1	0.00037197276684829204234	-0.00081795171640349005442	0.00029865068636083917132	-0.00048072512250967627508	0.00030401305077186669594	0.00038745613055590245877
-4	6	0	0.00080973095436746487207	-0.00071171325331756993098	0.00053982063624497661752	-0.00047447550221171326925	-0.00088414376302083227607	-0.00031540412189920961645
-4	6	1	0.00033479640081683203351	0.00079477923895528938131	8.1475520884534251027e-05	0.00048356225141240076135	0.00085033247796012262788	0.0002777434473467532282
-4	6	2	-0.00022370393852190554587	0.00063179437709067680189	-1.3529621789207623206e-05	0.00023592412488464696205	-0.00040681901167618822381	0.0005558163795274126363
-4	6	3	0.00021479585271244684198	0.000151537260357849005	-0.00012984501810653958421	0.00013521252688298136899	0.0005460845064963416786	-6.8375373288830749389e-05
-4	6	4	-0.00073492617731022585881	-0.00030300338420730658006	-0.00016619992986329873126	-0.00013106289838471613346	-0.00048562628251527773481	-0.00010640903663023236632
-4	6	5	0.00021526976594445185425	-0.00043479879189450983904	-0.00029447513967810500825	-0.00041168229073175108528	0.00052558598036928744993	0.00014617971536249341484
-4	6	6	-0.00012142093284690536623	1.9843911769019229014e-05	2.24616287095582202e-06	5.2699122490029246392e-05	-8.319345143555939993e-05	-3.9469847977349760383e-05
-3	-6	-6	-0.0001437922994195691708	0.00055245272081276412032	-0.0001806653212749016941	3.2128337919900170235e-06	0.0002525614709846863066	-0.00027943919419837209709
-3	-6	-5	1.0155030950404005078e-05	0.00088608166646958269001	-0.00024394395753080946269	-0.00014296811758634283412	0.00028663973046672897894	-0.0003600872587781382239
-3	-6	-4	0.00057654924176267019834	0.00023101753261892040434	-0.0005453636682951159588	-7.4185627605031335225e-05	0.00038563357112067128945	-6.1984708056643300416e-05
-3	-6	-3	-0.00051514361935938661041	-0.00083171558294422101316	0.00022656567285666957498	0.00089234142538626912405	6.2012273646047528218e-05	-0.00095296726782831734336
-3	-6	-2	-0.00010514046892517221082	0.00084151003475190085893	-0.00015218909879107929656	9.1787981672738073839e-05	0.00061427799976099619911	-0.0015376289971460656725
-3	-6	-1	0.0013915842070530177067	-0.00097225041959412476875	-0.0002854192454712184651	0.00078248266336622396538	-0.002462237148331742221	-0.0017781447214149695944
-3	-6	0	0.0026959836832288765728	0.0016679622016707296422	-0.0013479918416144382864	-0.00083398110083536482109	-0.0020896160126468296334	-0.00044532479998968477414
-3	-6	1	0.00071711183908214164422	-0.00098232267823639011009	-0.00034488546217885612897	0.00088301661895045092769	8.202274417328838925e-05	0.0023511316789935352359
-3	-6	2	0.00064587673882838376148	-0.00098359289500236295016	-0.00018207559746662919757	0.00049126299002526501586	0.00042258831584268799529	-1.6003724277493579707e-06
-3	-6	3	-0.0012336945205865532723	-0.00093741069552295982169	0.00054594691184231623326	0.00012596402729632644266	-0.00014180069690192077868	-0.00068548264093030682794
-3	-6	4	0.00025615173971362046983	0.0004799413904385246149	-0.00053554971863915162324	-0.00044497835314874750311	-0.00061121077317351202828	-0.00030751148689422779349
-3	-6	5	-0.0002884384219260710861	0.000397236439160657468	0.00024851087264567400109	-0.00032207456214791599196	0.00012514999401916617676	-0.00014814761108110472039
-3	-6	6	-0.0001681856122765544657	5.1722933182221218112e-05	-5.265410716754342907e-05	-3.0143554974369109054e-05	-0.00013674691330582065514	-4.2820883832585008452e-06
-3	-5	-6	4.599967779896856052e-05	-0.0002250841839668656281	-8.8165075112886918973e-05	2.2819882835347597259e-06	5.047105702792148668e-05	0.00011064043508048719273
-3	-5	-5	0.00032204662373946208419	-0.00019325556634048373836	-0.00037322750111591526624	-0.00052535853412492600385	0.00017999952687223802657	0.00064131187392921619808
-3	-5	-4	0.0010016406159074015079	0.00097945992470594724598	-5.2675098172609947174e-05	-0.0011009496186662227901	-0.0006853865892147886817	0.00064159207980331810738
-3	-5	-3	0.0016433010194637919128	-0.00063301676993982340311	0.00077733578359181880208	-0.00036390771366677412534	-0.0029388606587834897356	0.0012395296260511135759
-3	-5	-2	0.0019537287716937840228	-0.00090648526042105706611	-0.0025490184826256171054	0.00073418918234111312914	0.0034419530490233667293	-0.00047574506522119733212
-3	-5	-1	-0.00086029418256424274904	-0.0015359999844361642285	0.00039434002343288672996	0.00077969144813667587944	0.00060918243052829465153	0.00070954271262511307145
-3	-5	0	0.0011339255626746321849	-0.00033044788295579798337	-0.00068035533760477931095	0.00019826872977347876834	0.0086733912188324702869	-0.0010667137847391303974
-3	-5	1	0.0026934925424975187172	-0.00054701539348442568614	-0.00093948861331901302278	-0.00037225612091313720411	0.0033830345608974903872	-0.003502326785018963079
-3	-5	2	0.0021608838155521437746	0.0015136575717950336972	-0.0026675785995108388521	-0.0016933559655720551579	-0.0034276207754488814683	-0.0019629035562375870237
-3	-5	3	0.00090295996218050730581	-0.00042079013234544356556	-0.00079724046303501934756	0.00031814506489425878723	-0.00042577414287785827346	0.00010945164247832109337
-3	-5	4	0.0010708404106548707717	-0.001088483281069170007	-0.00099079102245093540573	6.958563884933908995e-05	-0.00043535847007251623261	-0.00072938041224020362923
-3	-5	5	4.5907275886070010704e-05	-0.00088079833306650430046	0.00029354506190518636286	0.00025711813715624813777	0.00032108942743682837876	-0.00027136086268365444251
-3	-5	6	-0.00099039063846542317246	0.00031972897878750018621	0.00065513071474534892262	0.00032418882853213997061	5.0746943055079243607e-05	0.00043002184650386672624
-3	-4	-6	-0.00055816944919759910876	0.00030649432732240706329	0.00068140000360148583747	0.00075710767617090304199	-0.0001751819444688576977	-0.00065798561444180563192
-3	-4	-5	-0.0015209820146539672087	0.0016975188217234881555	-0.00058789767853055388633	-0.0014477300197779617574	0.0013829073516168233909	0.00013967272278827638798
-3	-4	-4	-0.00025164688660195445999	0.00058367578571087838299	0.00037403511466763892908	0.00016088954341190292961	-0.00018529994971617309765	-0.00059864638269506171685
-3	-4	-3	-0.0018848333182811243675	0.001644597463676587823	0.0028298175033163773875	-0.0018613845396044032595	-0.0018882566861407122216	0.00083724858912928318971
-3	-4	-2	0.0020985207158628420808	0.0027202684607792082701	-0.00036392090411422434951	-0.0014959145933319730609	-0.0024199392655658139885	-0.0010885735045048662833
-3	-4	-1	0.00084153429176783635553	-0.00077681484741148703037	-0.00035377144735622266134	-0.002199918664533233488	-0.0011095170858786184212	0.011130119200367395368
-3	-4	0	-0.0078672935771955457285	0.0027569796678905606792	0.005900470182896658429	-0.0020677347509179206178	0.00033156484098782903038	0.0023682184149159072467
-3	-4	1	-0.0016365158361707230015	0.00079309415207989527371	0.00098127666934307109653	0.00047271228454803061519	-0.00098444083113988461835	0.0042701315944318083903
-3	-4	2	0.0024918961196343878545	0.0022479886554731464895	-0.0018120220821347678922	0.0014349588818247049037	0.00011380001518204563131	0.006241900746859129108
-3	-4	3	-0.0025066829083754786633	5.5180751644493367689e-05	0.0038977223235437895819	-0.0003188299631917658407	0.0026902801896829075905	-0.00036992586594452773292
-3	-4	4	7.4775865488276913973e-05	-0.00075105681803092495374	-0.0006985718816673100592	0.0016691748009231744017	-0.00064248998255110243132	0.0011058821873999806051
-3	-4	5	0.00057432453129475718404	0.00099587959733802439155	0.0010801666099819866047	0.00010480206988774582225	0.0012087280067624437459	0.0006813694143130113361
-3	-4	6	-0.00060299720305501786858	-0.00046631913514690633959	0.00039736481299677779483	-0.00025280735814853808269	-3.6588726196323739998e-05	-0.00040169780633914520685
-3	-3	-6	0.0021916118068854503753	-0.0012655945790648001105	0.0008576016147361349793	0.0020639052067568893802	-0.0015246067108107925689	-0.00039915531384604463483
-3	-3	-5	0.00025331465889505953328	-0.00075934643620384056212	0.00024099043773625393678	0.00078631478354651530242	-0.00029658305797878811456	-1.6181008405604831982e-05
-3	-3	-4	0.0021797405567651603406	0.0039667101527821125098	-0.0043429828635284314919	0.00038474097007555358319	0.0016224317300724531467	-0.0032635883421432499221
-3	-3	-3	0.0009692313224956395452	-0.0027991092510011891629	-5.2077834859668148935e-05	-0.0022615057862326579975	-0.00091715348763597140305	0.0050606150372338471605
-3	-3	-2	0.0035850071004933218612	0.00061291680902444500931	-0.00055827947648686923349	0.0055031783535909456484	-0.004540091436009679321	-0.0091741427439230860408
-3	-3	-1	-0.0057072333754146992515	-0.0047242194035687998938	0.0061693343297195592234	0.0076608159465425020029	-0.0013863028629145788314	-0.0088097896289211080623
-3	-3	0	0.0026052737741982683918	0.0017818467228286631512	-0.0026052737741982683918	-0.0017818467228286631512	-0.0036863656546152561398	0.0033777252980587558866
-3	-3	1	-0.0050579555606012245594	0.0017157576057665374549	0.0097935017383847348948	-0.0010312909298713307873	0.014206638533350529272	0.0020534000276856206532
-3	-3	2	-0.0044436337108949936978	0.0040798463923804413264	-0.0015666446142883778264	-0.0006923699393633342674	-0.0090154174877750577199	0.0050812146795256611306
-3	-3	3	-0.0058371368633855251137	-0.0026480000546253686447	0.0015302459043988561084	0.00096833150315319034551	-0.0043068909589866685717	-0.001679668551472178516
-3	-3	4	0.0042153689435126002333	-0.0015992661201574877045	-0.0027003396073290472472	0.0022157931249219956805	0.0011362720021376646311	0.00046239525357338092781
-3	-3	5	-0.00068432797034612819192	0.00090312951184955429697	-0.00030030923461371350795	0.001394130739700127691	-0.00059078232297590500908	0.0013783561509298090843
-3	-3	6	0.00065907579930465053086	-0.00073147153590656112908	-0.00015487088952508012659	-0.00056092680818750834722	0.00025210245488978521569	-0.00064619917204703479236
-3	-2	-6	-0.0011133538909787643774	0.0012032432056687828933	0.0021511728625124766114	-0.00092067059750107114145	-0.00016038067534811001509	-0.00029473140366736771479
-3	-2	-5	0.0024151148659646596781	0.0019253669034362639201	0.00094364702372111734178	-0.0017632447855173273652	-0.0018265277290672428737	-0.000449922227854827406
-3	-2	-4	0.00095532730058050271786	0.00057616454388409801823	-0.00089431261406804193805	0.0034392392636657088088	-0.00026933916840135606937	-0.0021517430397459281349
-3	-2	-3	-0.0011794859999898418823	-0.0023926110363856729034	0.0043100396765291962634	-0.0028649474371499035821	-0.001693873784362955482	0.0043025759944856087694
-3	-2	-2	-0.0033105622715663344906	-0.012436071488121239539	-0.0046857552573156763601	0.0096778554626937400573	0.0096515986646651778791	0.0089762517694881183844
-3	-2	-1	-0.0033347757587464887073	-0.0057070302259190266309	0.0018676567675233563762	0.0085791502547336480344	0.0062690137411927533695	-3.7209831710216006897e-05
-3	-2	0	0.014886888594797028501	-0.0011215146517116120813	-0.022330332892195541017	0.0016822719775674182304	-0.042418216007791220701	-0.0065875204842449569878
-3	-2	1	6.2909244708535692263e-05	-0.0051246937803143769591	-0.00066633819042337351021	0.0055329402493912455824	-0.0011439486467211398488	-0.0043082008421606397125
-3	-2	2	0.005121753844881169089	0.013657926904152555697	-0.0020708536118513210141	-0.015031059547941622023	0.0056117771554704317521	0.0054558308082872115224
-3	-2	3	-0.0088834870213672020856	-0.0017616160495731501921	-0.0077745757837363498391	0.0075141649097867748222	-0.0140665375438581014	0.0032478272236180333842
-3	-2	4	0.0010373024322432114214	0.0050897204631184314594	-0.0076559866523751357245	0.0018357397367496574529	-0.003050016502005159242	0.0047351602157136522125
-3	-2	5	-0.0022816885578365838153	0.00019228173825897479734	-0.00015566031340705972796	-0.00085369543720891752532	-0.0014312772600647740828	-0.00022610913192818216425
-3	-2	6	-0.00176706970544435551	-0.0018764959013794701385	-0.0028160725800397529671	-0.00013293806732475932689	-0.0018222257127354288524	-0.00098256063979798818724
-3	-1	-6	-0.0025910405412269176331	0.00041069582657178447171	0.00035759395315505663505	0.0016793431988020061322	0.0012359212784209493412	-0.00048523844641955993359
-3	-1	-5	0.00044416366298535451878	-0.00037350972076899798457	0.004112759351122284579	-0.0016576186005078765232	-0.0010890500680156697463	0.00055562955256297408453
-3	-1	-4	-0.0053612463093704980366	0.0075855400609472359644	0.00015457989313939559674	0.0013044250892024916461	0.0039822897587430249738	-0.0060152613180110498306
-3	-1	-3	-0.0057705111347819363493	0.0051764747504425010285	-0.0034365506569695430245	-0.00583457092151857485	0.0069160280204384506908	-0.0032316177766029763677
-3	-1	-2	-0.015123853237008853118	-0.012045600999770081016	0.015497126211019340847	0.022374228224895903461	0.014937216750003609253	0.0068812873872071689263
-3	-1	-1	-0.013188466259837064443	0.0075606395225096172455	0.017287338332620260511	0.0027440709702317863349	0.022278060446890936286	-0.025425989537760637638
-3	-1	0	-0.0005115898770525513636	-0.0077457676651636591519	0.0015347696311576541992	0.023237302995490975721	-0.012562880142998996552	0.04031063359075717778
-3	-1	1	-0.0027046729218478701533	0.00072310550767821222314	0.0028733033546374090773	-0.0071617269542591024956	-0.0052407154109062013825	-0.0049924104312244659346
-3	-1	2	0.0085953925031691715691	-0.010897151302582272492	-0.014762622081615398018	-0.0071931316727677297243	0.0055117777139460592123	-0.019942292790257273166
-3	-1	3	0.00096353854023008614609	0.0071693933902902927391	0.0095969477848474159937	0.0063528249586672401808	0.0041625211351792243408	0.0092870017098460391769
-3	-1	4	0.0053047157048070683882	0.0034457067133008812375	-0.0024868823298071583011	-0.0046828072302083825068	0.0033568161961535117159	0.0014135782274235654098
-3	-1	5	-0.001586438248130145898	0.0050474473172342007588	-0.00031375626159842862463	0.00063954997887404768132	-0.0010146142011977731228	0.0031563783861153302951
-3	-1	6	-0.0010050264615030291612	-0.00052982520626865768892	0.0002601728530592723387	0.002299701870094176745	-0.00045915108857496922693	0.0001183710418813672526
-3	0	-6	-0.0015706545901189579266	-0.0020087117657940000912	-0.0039226775609938722977	0.0010697922104988052006	0.0007853272950594789633	0.0010043558828970000456
-3	0	-5	-0.0020000136687354790228	-0.0017872413848918074046	0.002116557406685510602	0.0042879651677085383818	0.001200008201241287327	0.0010723448309350844428
-3	0	-4	0.0032821105981484777724	-0.00015083483595329828255	0.0046858249031560047365	-0.0052043038098760216817	-0.0024615829486113582208	0.00011312612696497371869
-3	0	-3	0.0058798942874541048828	-0.0088675851822271334335	-0.016198553078486305212	-0.0042750624613507176575	-0.0058798942874541048828	0.0088675851822271334335
-3	0	-2	0.011729834906573888623	0.0025079631178195594364	-0.01840307349041001711	-0.011741574944471932368	-0.017594752359860833801	-0.0037619446767293389378
-3	0	-1	-0.0074196054519688262041	0.0012683992525433513809	0.0057654709336486470797	-0.0085095856047211620998	0.022258816355906478612	-0.0038051977576300539258
-3	0	0	0	-0	-0.0029965866167633043587	-0.018529437506058815677	0.024947079694012941342	-0.0074589067486660236631
-3	0	1	-0.007107115308947627684	-0.014898158147036688267	-0.016374519068720540249	0.0051564076560347560374	-0.021321345926842885654	-0.044694474441110063068
-3	0	2	-0.021952935794769742883	-0.0017603414935218220528	0.0074155974673754277565	0.015280276590236967563	-0.032929403692154614325	-0.0026405122402827327539
-3	0	3	-0.0066442390814655119882	0.0062418554013853981555	-0.0045878186426776077639	0.010305895131515334026	-0.0066442390814655119882	0.0062418554013853981555
-3	0	4	-0.0013094909602660226907	-0.00089845067724713030283	0.0012829094709142019933	-0.0019409917983261837891	-0.00098211822019951718066	-0.00067383800793534775423
-3	0	5	-0.0032410469274650418638	0.0063447011606349665996	0.0037891639073230980704	-4.6970033944521753192e-05	-0.0019446281564790251616	0.0038068206963809800465
-3	0	6	-0.00072902088420452398031	0.0021666675462732988902	0.00049650882974174134939	-0.0037636136653045717052	-0.00036451044210226199015	0.0010833337731366494451
-3	1	-6	0.00063326465570391100857	0.0012140111351048564221	0.0010981670867626922364	-0.00035582167000161813103	-0.00013360448005817347392	-0.00066630917921936462945
-3	1	-5	-0.0010163455039769052259	-0.00058535422119256638566	-0.0029992804423612192712	-0.0052646846085884430391	9.9512139138993097845e-06	-0.00070172438900214888485
-3	1	-4	-0.0011440889608070980814	0.0029172146102619720374	5.3403043682671138073e-05	-0.0029231787950456367652	0.00087141748152599137096	-0.0029187056564578882194
-3	1	-3	-0.0082418249073241810904	0.0021154791993783766263	0.010673142138061300285	0.0073523224306359935554	0.011799538953344615097	0.00033529494416695472146
-3	1	-2	0.0099359487680977607443	-0.0017926242666245417127	-0.019735418463664170657	-0.034573565910983934668	-0.024771632383978725578	-0.01459784655555515509
-3	1	-1	-0.0027267586642175070839	0.0094121320751064541793	-0.022191385131721086399	0.0059846522419024755085	-0.014011109139068564713	-0.022251743983416887029
-3	1	0	0.00087707147552481613036	-0.0076384951716812398911	0.0026312144265744482827	-0.022915485515043718806	0.0068555336717690098028	0.018646679837078836139
-3	1	1	0.0018306801545470313165	0.00090600835497570792951	-0.0035052558240200549708	0.0013229886582591502981	0.0089972962876611484867	0.0013950364066679734904
-3	1	2	-0.0070117837395178910995	-0.0091522805064694155025	-0.014350894415585539396	-0.032013678113364120448	-0.0033422284014840665176	0.0022784182969779387049
-3	1	3	0.0035935262793897670627	-0.016691519751977006852	-0.0039328688230801074968	-0.0016996727615172400536	0.004904482553749802895	-0.016124962164804593212
-3	1	4	0.00051184237523803615549	-0.0020159862894640321641	-0.0040231685280655094319	-0.0024331084180547512055	0.0013896739134449042578	-0.00090371261258433632172
-3	1	5	-0.00037109243229036073834	0.00039932796660894820428	0.00092934261380979226678	0.0004087431380792470783	-0.00040852398213617489636	0.00015784815234951951233
-3	1	6	-0.0003779646013386943359	0.00040699367681152210773	-0.0012348242702425293437	0.00026100835161975833969	1.6821744371074365618e-05	0.00015999544646913468199
-3	2	-6	0.0011386698799590833867	0.0018238085806992633108	0.00087604342581615421599	0.0022315792852388347499	-0.00027732046470749032417	-0.00016804452860335350483
-3	2	-5	0.00028678106793861562075	-8.9388555538156023723e-05	-0.00079033923507818763885	7.6485145952083952408e-05	-0.00048820433479444439546	8.4227191703727197908e-05
-3	2	-4	0.00066225964063017206916	0.0020380978433910627162	0.0037548788666302715736	-0.0018338264507956425573	0.0013807447028425067891	-0.0024454866079411182074
-3	2	-3	0.0040251093693015145211	-0.0044154747881767998294	0.0023803994037258050138	0.0087350637821385530846	-0.0024381764334843111786	0.010238850642935833773
-3	2	-2	0.0058266264502113921525	-0.0036425134176194468374	0.0053080472898630387188	0.0056048696428606702494	-0.00343189238545404951	0.011068639769289840072
-3	2	-1	0.0023103224317705985114	0.00097998565891468459102	-0.0043110444239979088185	-0.0083973196944645729645	-0.015553056143307613171	-0.019734596365673200136
-3	2	0	0.0045942138201658516694	0.0066442109965694703955	0.0068913207302487775041	0.0099663164948542055932	0.010578936362547374656	-0.0097858953415715706908
-3	2	1	0.015016787106626785717	0.0045191691064968911307	0.026426948407543077862	0.014615587018689734852	-0.0078035354952057959729	-0.015673666717888796313
-3	2	2	-0.0063944152180613013023	-0.0027349144445509131901	-0.0073261840235545319308	-0.014240362567080703041	-0.00226543880353742089	0.010137990900254332388
-3	2	3	-0.0057806203611577297932	0.0022894726023077838044	0.006339208399594994936	0.00035771065373313117508	-0.010006759294221059461	0.0020509988331523626957
-3	2	4	-7.1807837621032510477e-05	0.00081090956748320632518	0.00059537480053028352372	-2.3349801418165885787e-05	-0.00035154327848091617521	0.00061985707632148767492
-3	2	5	-0.00082244818430912247208	-0.00082119766712374921928	-0.0036604517559017677245	-0.00014638002234197315188	0.00097071179177523356316	-0.00043416659133746032502
-3	2	6	0.00054211209776433750846	-0.0001916102326313429713	0.0011384438174915308996	-6.8572626736259630975e-05	-0.0001084252236150081626	-7.2947574070251613174e-05
-3	3	-6	0.00035637513387336565603	-0.0010204306069574611924	-0.0017691363350468443643	1.5558941549082135162e-05	-0.0010627557344601050102	0.00051799477425327165869
-3	3	-5	-0.00010554300183348388792	0.00042598058179568943542	-0.0014871874936856089439	-0.00019294176889483367508	-0.00082898669511127494412	-0.00037135341041431385546
-3	3	-4	-0.0023028703906793602206	0.001639147421135700184	-0.00052704193667282666063	0.00038027247477012292212	0.0013318713405049001971	-0.00094415620977418297354
-3	3	-3	-0.00062323680873684213742	-4.6675218233964404092e-05	0.0029364812579271205341	0.0017035479224539675121	0.0035597180666639628883	0.0017502231406879319772
-3	3	-2	-0.0040595906126099238001	-0.0061460204682938918141	-0.0076770442433190455231	-0.0024097496619097783822	-0.0054261804460636825845	0.005604406209576169931
-3	3	-1	-0.00099976328260465373819	0.0010922978082773073839	-0.003101981320555856781	0.00204945242646647173	-0.0063066541138536089117	0.0028714638545674926046
-3	3	0	0.0008798510225833810908	-0.0018042600146466673643	0.0008798510225833810908	-0.0018042600146466673643	-0.018085114976230214079	0.014560676181652779451
-3	3	1	0.0037394592073456576695	0.0042057991523445350732	0.0028052740086977889788	0.0043470552939981902188	0.0028025555959436060718	-0.00042376842496096473216
-3	3	2	0.00027653828093187536553	-0.0049512027744217602596	0.00036483775388526824834	-0.0078184650171961318083	-0.00013244920943008927001	0.0043008933641615577567
-3	3	3	-0.0016596564432370169897	-0.0039430430886317037811	-0.00032558532798187633881	-0.0072900520891235696258	-0.0013340711152551407593	0.0033470090004918662784
-3	3	4	-0.00019271183172161996679	0.00029908737345677474618	0.00043643764715167911042	0.0016887234736152681447	-0.00047186210915497431469	-0.0010422270751188700624
-3	3	5	0.00012828078416586362982	-0.0018259107829046872934	0.00059901825123032873942	-0.0005376850596131050198	-0.00028244248023867910913	-0.00077293543397494938584
-3	3	6	2.4982880778613733458e-07	0.0014072146246613143755	0.00015036710147965542711	-8.439622899006605803e-06	-7.5058636335934654418e-05	0.00070782712378016044916
-3	4	-6	0.00041184959103793619684	-0.00063946183066238807165	0.00016823783038363255096	-8.0661304631846067405e-05	-9.3766241929879744666e-05	0.00026595671224329664852
-3	4	-5	0.00089117796402405551146	-5.4012663647687203278e-05	-0.0012914941827920102795	-0.0023709793950847648722	-0.0015679021246480413787	-0.0018643759178791996598
-3	4	-4	-0.0016641686472227362834	0.00099848610653458674292	-0.0026864676767682114586	0.0010599257873800571779	-0.001438341191351158975	0.00031106120747911722912
-3	4	-3	0.0018594631603729746671	0.00036662284814708331459	0.001765827447223196605	0.00087801837137190820969	0.00049497343592462084236	0.00080406831368212770394
-3	4	-2	0.00085008163962965418211	-0.0014919224970890297872	0.0015162251011264105821	-0.0011792415830604262555	0.0017573277428083397284	-0.00012059942048730761324
-3	4	-1	0.0038118728498880895955	-0.0025920602256140870719	0.0032719258242552961419	-0.0032761900891484473097	0.0016520847473569166483	-0.0053285796797515275897
-3	4	0	0.0036133909071969258324	-0.0037344380067853787629	0.0027100431803976946996	-0.0028008285050890339637	-0.004293662367680915401	0.0006622863987892695049
-3	4	1	0.000307761068830999802	-0.0039335362019425300362	0.00024278955453864773089	-0.0028076211698865789247	-4.7875011661591564984e-05	-0.00057012392628127408437
-3	4	2	0.0030251572773993436194	0.00087038281275921046756	0.00068764841119159218243	-0.0010363747998894255915	0.0031624390937158310642	0.0033783238189176666676
-3	4	3	0.0015466856892580604661	-0.0017719341561120824282	-0.0020514376058001432615	-0.00073608864696146658092	0.0042819358303249187986	-0.00079048262683012709539
-3	4	4	-0.0015633551298279983917	6.0374095312035033409e-05	-0.0027648585915988998889	0.00053641857558994472492	0.0015923422442279009867	-0.00049113800410591841768
-3	4	5	-0.00028439411695220794289	0.00043566658687463908142	0.0012757570808756522884	0.00052107312185553427905	-0.0011912421348718464555	-0.00015545854535964394728
-3	4	6	0.0011858952477526499541	0.00056208936166155974105	7.857091332580149151e-05	0.00066142116992496324205	0.00054056701499245729797	-0.00015990276578586228181
-3	5	-6	-0.00029316589722287842053	0.00021495712039348380609	-0.00011868021104867331101	-4.6247761454105795851e-05	4.7682772737544791195e-05	-0.00014601836140849672727
-3	5	-5	8.9163319544450050144e-05	-1.5965286262839588149e-05	0.00018002244470839608983	0.0008222817793185075233	0.00012652445298172605975	0.0008318609510762112972
-3	5	-4	-0.0011647378474140851912	-0.0012408402313648573927	-0.00027321189101814499171	-0.00070332806701246602336	0.00053203852178788273511	5.1470089758060562737e-05
-3	5	-3	-9.8844441580406888141e-05	-0.0026694162995443515389	0.00055281008346925964922	-0.0012597837119103605201	0.0010201945806958395962	0.00056977677969375045523
-3	5	-2	-0.0013761450606668563634	-9.0482924218696967711e-05	0.00042137934032168033365	0.001036744263710508325	0.0031176659418044854605	0.0027275850456043165826
-3	5	-1	-0.0018518590886420778063	0.002989429727013148512	-0.0011244587581771088233	0.001709419516932736199	-6.6716524959311456801e-05	-0.0004211915963757650286
-3	5	0	-0.00039775671751318165958	0.0032234682508736371351	-0.00023865403050790900659	0.001934080950524182281	0.0047149503497356396245	0.0024036032569313939451
-3	5	1	0.0023606385937297905651	-0.00042242931432740925182	0.0017070031007824764541	-0.00044661129317573626182	-0.0014530997227230112254	0.00096576852289645333683
-3	5	2	0.00174587625686035996	0.0019040957045179326707	0.00049643255971952842277	0.00058650576751112775548	0.0013777329859917190457	0.0013898791379990797258
-3	5	3	0.002532422488291136576	0.00036875050904771954985	0.0010570100746875453653	0.00070762267923721040418	0.00077073903047856085879	-0.00081062062301429777238
-3	5	4	0.00065059461797729888945	0.001066595758042703521	-0.00017654868084358271555	-0.00089369502127291465098	0.00070863181453745250054	0.0019170655951231711442
-3	5	5	-0.0013332559262745813291	-0.00019382499581388268122	-0.0006079391089287459549	-0.00066005954233041880426	-0.00019201444683600280461	0.00054376454484208927142
-3	5	6	3.5199026558755892641e-05	0.0004701671275331063219	0.00028218087753742096936	3.9233996785636929413e-05	-0.00021755121800180618691	0.00020238856644518908134
-3	6	-6	-0.00029764858074308656174	-0.00049098596134509466492	1.5482084532331825764e-06	-0.00025342067185752775163	0.00015037249882477645032	-7.927691184980393757e-06
-3	6	-5	-0.00082196544581228478833	-0.00034283117566829120421	-0.00049172584289585547467	-0.00029376476290514066036	-9.6891743987655707445e-05	-0.00014681901008519406449
-3	6	-4	-7.5983039668547805272e-05	0.00073221961980981804374	-0.00035901140960886126965	0.00089561104035146570004	-0.00048152983466188107762	0.00079425184566983499015
-3	6	-3	0.00050147591789430313262	0.00072501733033864662874	0.00013201487791094921914	9.1549666733023663391e-05	-0.00023744616207240469433	-0.00054191799687259927486
-3	6	-2	0.00097553291782225362051	-0.00044018684586766737609	0.00082106331716759353538	-0.00057833238726776286642	0.00099989057476940006695	-0.0010747168930017873996
-3	6	-1	0.0014817669132471825502	7.2507543350823971473e-05	0.00065803185364860861725	0.00012964754362601994646	-0.00049710961784989616402	0.0005603626317036476288
-3	6	0	-0.0016413491162807611248	-0.0017851296391716846464	-0.00082067455814038056238	-0.00089256481958584232318	0.0016381986311890064413	0.00099879812835044546639
-3	6	1	-0.0019675792668699689479	-6.2331876868279345377e-05	-0.00085405259751352943266	-3.7572848921457956378e-05	-0.00077842221552873089828	3.8441462923909688583e-05
-3	6	2	-0.00038185707924514119714	0.0014245758079625210797	-8.3031262254211374058e-05	0.00031198964437627882754	-0.00032369183210507763288	0.0012008947788149449201
-3	6	3	-0.00012258897206086290005	0.0016317917915067686047	-7.8302541901867031169e-05	0.00061258797035488947967	3.4016111742871182617e-05	0.00040661585079698975374
-3	6	4	0.00093345560843448587181	0.0012919802976019900079	0.00016726297462607350318	-0.00015679561234902456056	0.00044919724438675418974	0.0012041786417250292113
-3	6	5	0.00048590923297899668966	-0.00024752742685196354186	0.00011318570372494460427	0.00017421171413115895494	0.00015572269531746447783	-0.00035757051306856883852
-3	6	6	0.00018867769558771478361	5.4625157487105224893e-05	-0.00025132327801119177819	-0.00027636479837303676082	0.00034566212580504915644	0.0003036773771165893936
-2	-6	-6	0.00015392285650220178497	-0.0003928075992898852494	0.0002039953891275998537	0.00015062439636320961475	-0.00025530300796166709729	-1.9688529933247862693e-05
-2	-6	-5	-0.00011957158885119876981	-0.00041091692933750413553	-0.00033539407127950186718	-0.0001891062382691192261	0.00045030152107588172685	0.00039129425765794471469
-2	-6	-4	0.00030134702307398823599	0.00058807677184042163928	-0.00026467089090446055443	-7.8695919278785870067e-05	0.00024633282481969674075	-0.00017599450700203200099
-2	-6	-3	-0.00012877708454575524763	0.00075261234403590528391	0.0007505090922964259342	-0.00046478377105691923935	-0.0014151667948956816491	0.00042782597942323490189
-2	-6	-2	0.0026047084504150232707	-0.001450723706148201661	-0.00088014788986837187539	0.0004697740936469125498	3.5735219190092551921e-05	4.1401425207464065837e-05
-2	-6	-1	-0.0023222168343160292346	0.00045737830062202367758	0.00042727925655161499421	-0.00046921043748249414854	0.0020807581293223681787	0.0019005060236509175361
-2	-6	0	-0.00090712973437182301776	-0.0027139037347547658591	0.00030237657812394100592	0.00090463457825158861969	0.00049086661608530425885	0.00049601238448151085871
-2	-6	1	0.00046504996679471604683	-0.0002365009043370799955	-0.00018748729136435897955	-0.00021851309209966029556	-0.00019482381459672172943	-0.0017840803612721217643
-2	-6	2	0.0011843590066561995259	-1.8431571927747494904e-05	0.00042176675617572513153	-0.00060119760349990265021	0.0024496592751833746494	-0.0018220243824274555845
-2	-6	3	0.0011825560073876046057	-0.00082698653123979427425	0.0001533794733709857301	0.00042892966009743622394	0.0010951296183337078279	0.00030653496603500965259
-2	-6	4	0.00012566876161613157472	0.00055313888212489223124	0.00016598235698058231256	0.00048624020735230316734	0.00031180791627893926976	0.0010059297520909008666
-2	-6	5	0.00012801703150420301863	-0.00039024062030230315199	-5.8856985310792646023e-05	0.00016524672803227852952	-1.9421569771269958968e-05	4.2199825517812989534e-05
-2	-6	6	4.3409783940964427921e-05	-1.8027489885487209357e-05	-0.00030091927265712628417	-5.174207341888697098e-05	-0.00028644934467680476528	-5.775123671404937297e-05
-2	-5	-6	-1.5105018676554291367e-05	7.8313965113299167931e-05	0.00070962507705206337525	0.0006433937776035612106	-0.00058631922465120136362	-0.00056226613637406738008
-2	-5	-5	0.0006905277937783653279	0.00057770001954916317972	0.0007193915815360208332	0.00036202400231914429532	-0.00099560269904736702941	-0.00059310401013880961058
-2	-5	-4	-0.0031322417761503020331	-0.0014718432386740260952	0.0016810312501514066818	0.00044201756994271737674	-0.0005351681746141073899	0.00018339965690861634025
-2	-5	-3	0.00095750387163119415283	0.0020824732280037877748	0.0001173032616545107462	-0.0015115994491609124287	-0.00083384135051164736362	0.0011310169299323291538
-2	-5	-2	0.0016440953458483754772	-0.0020870534626821961137	0.0013432473340641841886	0.0023773333990447014993	-0.0050022136810088362741	-0.003856280034929557201
-2	-5	-1	-0.0049355893912223875938	0.003887978375529634132	0.0014527607258430336699	-0.0022070794818774288303	0.0026073751532296064043	0.0032594406583278758872
-2	-5	0	-0.0015744289031693939861	-0.0022024821010407651285	0.00062977156126775752937	0.00088099284041630602973	-0.0068231859269574863039	0.001481091779946011773
-2	-5	1	-0.0021509994819357875113	-0.0030541869012069788013	0.0010919612785901045612	0.0022655662984584277846	0.0011578074290789484337	0.0052194576898781800192
-2	-5	2	0.0016597331105966356239	-0.0027837593292835537823	0.0016519684765740889724	0.00064699942595081139617	0.0057896543020318578382	-0.0011662607644065251834
-2	-5	3	-0.00028821873602789767127	0.0025465196433542823008	-0.00014108371227287307874	-0.0014155703086258474271	-0.00042728534447338689401	-0.00066160408547355736668
-2	-5	4	0.00047932317602441258013	0.0013793300014419845618	0.00015541306365574232302	0.00055072509937523998064	0.00043392791758188419384	0.0013780713749400421483
-2	-5	5	0.0011989877268880988568	0.00051412577441302083955	-0.00061199833044565932465	-0.00060227029897923375044	-0.00013240323969041986867	-0.0003966199892140253821
-2	-5	6	0.00013369077210862055833	-0.00071518242142310851136	-0.00019484647910669814636	0.0006765678799994435293	-0.00011780847521937492682	0.00032541242619183341923
-2	-4	-6	0.001010385574986009255	-0.0015293053896539106004	-0.00077665576827459792148	3.4687253063981067871e-05	0.00018097532052106221406	0.00048664362784198281252
-2	-4	-5	0.0023080137984397945672	-0.0020008207651043357321	-0.0014141935766364974528	0.0019521542595668222447	0.00020814934193328008655	-0.00076139510161172348126
-2	-4	-4	0.0012536578523941245035	0.00091129049683897614051	-0.0014814443909575661807	0.0026730101820615186081	0.00085461546476050392895	-0.0031286554304810064615
-2	-4	-3	-0.0076233015605170293544	-0.0017841478034086987597	0.0015818188378272112805	0.00076638496487032138973	0.0029731092565750713401	0.00016758524911203735632
-2	-4	-2	0.00010202310042501155018	-0.00123774594522201172	-0.0038266065832532601167	0.0047192697580116490033	0.0075511900660815084799	-0.0082007935708012860698
-2	-4	-1	0.0032355138776344501139	0.0013759030029651779514	-0.0020192756237715453298	0.0017868009456858727733	0.0016060747398172813081	-0.0098990097886738469962
-2	-4	0	-0.0035233143375528993071	-0.0086437623643233693627	0.0017616571687764496536	0.0043218811821616846813	-0.010868913966052011835	0.003237325386094049625
-2	-4	1	0.0052958523382959530809	0.0089586093802065565328	-0.0057688071205577789655	-0.0071093580151595243272	-0.0124835238056392097	-0.010520213300224982508
-2	-4	2	-0.0011011101955527688358	-0.0032459118578105246311	0.00043424985969893746844	0.0026741339728386030565	-0.00023261047615489392607	0.0021023560878666819156
-2	-4	3	-0.0024987590200790527062	0.004171523316464842944	0.00082112846260055938341	-0.0033076242837041672576	-0.00057100139658528925677	-0.0016291501672956610475
-2	-4	4	-0.0040082050031430577902	-0.003736190116777312123	0.00068441904529928528599	0.00069367395134144877161	-0.001319683456272243826	-0.0011744211070472073983
-2	-4	5	-0.001010719502510892473	0.0010289233621893186313	0.0016881216533594740545	0.00012414419355991375264	0.00094620952168322227608	0.00051088469972365843294
-2	-4	6	0.0010938661433864578509	0.0023326130104570534998	-3.0006321557126222648e-05	-0.00079506741536146147576	0.0003446178334240684437	0.00024749272657804358838
-2	-3	-6	-0.0012085261917948765531	0.0027336641130538048318	0.0010457871798112891842	-0.0019610013880026321703	-0.00012005152597401903825	6.9279322983381154779e-05
-2	-3	-5	0.00017896623156139583859	0.0022495779325448885325	0.0024191657500622909538	0.00123864977116532873	-0.0015230859426619328643	-0.0016430210357171526944
-2	-3	-4	0.0032313172713587341375	-0.0037756304661477955824	0.002961120108792912424	0.0022029312713723100264	-0.0038364987172740511699	0.00023561677954466532557
-2	-3	-3	-0.00016225365185790332828	0.0054422164559258107142	-0.0034049273454960140434	-0.0057331030799518825983	0.0035130964467346165875	0.0021049587760013422667
-2	-3	-2	-0.00070704752590433714993	-0.012164423112138497002	-0.00040463296295381335219	-0.0047897669573447199803	0.0013139969703350570969	0.01934907354815557784
-2	-3	-1	0.010300371971856186679	-0.0078211086819942043924	-0.010622885238851471901	0.0065135978072614767256	0.01126791177284204408	-0.0038985760577960226932
-2	-3	0	0.023369999648494382133	-0.0025974872217947877172	-0.015579999765662922578	0.0017316581478631918115	0.007333654336895544662	0.018481194020966068559
-2	-3	1	-0.0096348726137738694569	-0.01160997634405189563	0.0093584151147057138137	0.0061832069046945581023	0.0088055001165693990578	-0.0046703319740201178212
-2	-3	2	0.0099361114273035580635	0.00025382578702502127475	-0.0047807556221524261791	-0.0018150448811539686162	0.0027649779940749183611	-0.0024687415347059314327
-2	-3	3	-0.0012967221874092345509	0.0084176282640603134616	-0.007414601690539535106	-0.0051307915829936602894	-0.0082790831488123578508	0.00048096059304654942583
-2	-3	4	-0.0015743526515367106504	-0.001579420725113109096	-0.004921007945819145038	0.00059490888281244023311	-0.0044779322851327138869	-0.00034352870044722437319
-2	-3	5	-0.00061909647336758468275	-0.0023785802727700109359	5.0752489900541572596e-05	-0.0012649227016387706597	-0.00021718709540670893361	-0.0017103857300912667701
-2	-3	6	-0.0022562345316624863624	0.00081052356371125633579	-0.0001335589939578517185	0.00057279949716972707475	-0.00081885767419975460154	0.00055657426982194896457
-2	-2	-6	-0.0019512729391611674436	-0.0016105583938435625788	0.0015691283872530338225	-0.0014252795333896007158	0.00012738151730271125221	0.0010119459757443878371
-2	-2	-5	-0.003117135575874156999	0.0022443579866922298664	0.0049177350429353205649	-0.0024562861678037537644	-0.00072023978682446529627	8.4771272444609507683e-05
-2	-2	-4	-0.0030755823410374204079	0.0035058350211684130571	0.0098895079795363570463	0.0032816655267947827251	-0.0034069628192494681024	-0.0033937502739815978911
-2	-2	-3	0.010378614964698490777	0.0016674234863342540271	0.0026148704625671083564	-0.010022487499725028781	-0.0086623236181770663783	0.005570042675593849836
-2	-2	-2	-0.017276983600182708317	0.0071816353108632912869	0.028835804534979532499	0.0027774619653834048925	-0.011558820934796824181	-0.0099590972762466957457
-2	-2	-1	0.019228569195710334266	-0.022537186189669690395	-0.014160070542851257297	0.02758836301432646132	-0.010136997305718153939	-0.01010235364931354532
-2	-2	0	0.00017279275073300726247	-0.0012409564853376410434	-0.00017279275073300726247	0.0012409564853376410434	0.013316847740900196809	0.022134474846885038996
-2	-2	1	-0.00039757381584286523952	-0.0078770860084396432388	0.00040663282868456430714	-0.0060444012257399992033	1.8118025683398128456e-05	-0.027842974468359284884
-2	-2	2	0.0089839883996623518675	-0.030165450445613622293	-0.018407250659426173389	0.016052720939422199242	-0.0094232622597638215217	-0.014112729506191423051
-2	-2	3	-0.00061540179697446245697	-0.0061583638603330461553	0.017137020127853511836	-0.0074745256940479207902	0.011014412220586031546	-0.0090885930362539779637
-2	-2	4	-0.0035559800581966903403	0.0033948115315668818404	-0.0043334841135493984768	-0.0054104900458596437776	-0.0039447320858730441917	-0.0010078392571463807518
-2	-2	5	-0.0018482244966208183443	0.0021925770976282256235	-0.0017331292481078516745	-0.0031340779335632231242	-0.0014325414978914679208	-0.00037660033437399902199
-2	-2	6	0.00062562853791987382661	0.0011216851898900751048	0.0023544938977466504937	7.6107895998203117121e-05	0.00099337414522217477343	0.00039926436196275938472
-2	-1	-6	0.00036783566626762197009	-0.00082390203574409794866	-0.00214784731406552536	-0.00067648839002552429295	0.00023536266358838026373	0.0003873820769189533289
-2	-1	-5	-0.0013381115933745126208	-0.0021394220641084661302	-0.00018428542465728496472	-0.0030974365493931501833	0.00057210172228126202499	0.0014752561355220164454
-2	-1	-4	-0.0014945436047475574564	-0.0044071238541111470294	-0.0072252537659391593769	0.012444267770811612631	0.002553585243858568464	-0.00090750501564732953454
-2	-1	-3	-0.020009170342970880596	-0.0057540423205342640725	-0.0036929279958710413759	0.014533690410292872744	0.014570422893937602302	-0.0010085352564081146495
-2	-1	-2	0.047156051636751669665	0.00446003660495084258	-0.0049116113375650694017	0.0096611219424256496169	-0.044700245967969134964	-0.0092905975761636665211
-2	-1	-1	0.011350111685818599361	0.0030035312399177226637	-0.022319783826415438843	-0.020889379824732393076	-0.00038043954522176112515	0.014882317344896948616
-2	-1	0	0.0025058969269027009386	0.017548254090890925971	-0.0050117938538054018771	-0.035096508181781851943	0.043066323856866560449	-0.017593653896664063208
-2	-1	1	-0.0055350727077176980692	-0.0032284491944830485781	-0.00055472751990975530632	0.00066749436567613816291	-0.011624872935345151662	-0.0057894040232899591017
-2	-1	2	-0.015617924449551448193	-0.024990651943146400399	-0.010700588990982373011	0.018296145242603548131	-0.020968218945042634699	-0.015842579321844626333
-2	-1	3	0.0069975675784968221702	0.0064519532646149365882	-0.012121121316865955675	-0.0018262768174292934656	0.0006246712800425627439	0.0036925432372668601927
-2	-1	4	-0.013891094922797152592	0.0088445124379770354017	0.0043342392853030443575	0.010900961734362375408	-0.0058619876400728158569	0.0071474966525791111191
-2	-1	5	-0.0004120878213936364845	0.0037999427945652479617	0.0039252734070397412788	0.0022988001990345828009	0.00062021955285049377039	0.0019797371576330156581
-2	-1	6	-0.0010499240694306346752	0.0024610183741536908152	-0.00036552080964200641669	-7.3215464587820643788e-05	-0.00041089482475054593408	0.00080813688061992679495
-2	0	-6	-0.00014695871266530189194	0.0020966362012628659943	0.0035404839600921529999	-0.0019534478593613733774	4.898623755510062613e-05	-0.00069887873375428866476
-2	0	-5	-1.6811587324081911767e-05	0.0028570146624096091036	-0.0058154759802216396056	-0.0062793073629895798313	6.724634929632764876e-06	-0.0011428058649638435981
-2	0	-4	-0.0037605602392003674439	0.00030881177469566827368	-0.0070112085854043444677	0.019247297880310106077	0.001880280119600183722	-0.00015440588734783413684
-2	0	-3	0.0022117106198782598113	-0.0041812701403040729992	0.024385129972652516001	-0.0058363319085635058381	-0.0014744737465855065409	0.0027875134268693819994
-2	0	-2	-0.0073756870560886516469	-0.00036769172882448948906	0.0016751201472085749684	0.02544373726476080802	0.0073756870560886516469	0.00036769172882448948906
-2	0	-1	0.011986883114431967634	-0.01107231499531302274	-0.016338138713181956513	-0.0023619753433278744756	-0.023973766228863935268	0.022144629990626045479
-2	0	0	0	-0	0.062198065973193029932	0.048369263147110250212	0.035650716276707600239	-0.035530107362339191646
-2	0	1	0.02250008884681196919	0.0072499571275764585279	0.01388576854714950945	-0.0019920218588579019676	0.04500017769362393838	0.014499914255152917056
-2	0	2	0.0056444301831381146761	0.012220491439409633672	0.025688030830852828096	-0.040779085726158709191	0.0056444301831381146761	0.012220491439409633672
-2	0	3	-0.0046892165730820188629	0.0030663486333397018541	-0.0076289737966818661416	-0.0024940596405254754006	-0.0031261443820546795311	0.0020442324222264681918
-2	0	4	0.0025114312847850906417	-0.0030824996969839664647	-0.01005530404168275202	0.013608067887964068327	0.0012557156423925453208	-0.0015412498484919832323
-2	0	5	-0.0034551850040941442348	-0.0048572018358406712085	-0.0088726880460243563037	-0.00056927213596475421953	-0.0013820740016376577373	-0.0019428807343362685701
-2	0	6	-0.0034244305514929901726	-0.0010628114951589566831	0.0025331471602171346143	0.0017793561610131250917	-0.0011414768504976633909	-0.00035427049838631887628
-2	1	-6	-0.0017101550801936109616	0.0017529778208149060254	-0.0030343224176025960538	0.0068239072872971172357	6.4331290464104298027e-05	0.00055299194094455097256
-2	1	-5	-0.0048573453385513821329	-0.0041021635584558551607	0.0025352204683597328629	0.0033172959391121327292	0.0024499822290924995992	0.0023043246112047686101
-2	1	-4	-0.0040774804995919690029	0.0028519701090896827124	-0.012697374781510464836	-0.00491949880614063733	-0.0011356034455816319245	-0.0026558597560800006887
-2	1	-3	-0.0065151918597987166365	-0.018408925241132103462	-0.0051503874646225975345	-0.0043935803719655835628	0.0026266654183249452462	0.010808090036766207498
-2	1	-2	0.00209366219474658782	0.0045185841763538707114	0.030020116510266470905	0.0081100307901002151312	0.012916396060386647199	-0.00046356878130376309157
-2	1	-1	0.0030874313644379670733	-0.0043651371967888125125	0.029877355346727575008	-0.035347942792951211888	0.023702492617851639994	-0.026617668399373583393
-2	1	0	0.0034593022708613815376	-0.02745301699345540497	0.0069186045417227630752	-0.054906033986910809941	-0.027112273038821421006	0.02120071342704706388
-2	1	1	-0.0037190960846170467366	0.023352974318668593551	0.0013625831797362121349	0.0015793735379763744042	-0.0088007753489703060418	0.045126575099360813348
-2	1	2	0.0088660433899319691931	-0.0068443360833468809556	-0.014934208138899956672	-0.029827560907769973264	0.016333147459381948396	0.0080694443705381056764
-2	1	3	-0.022537754930596173158	0.007122450298684975846	0.0048774755896091480031	-0.02628204287055971311	-0.016650995150267165062	0.013508981155976554356
-2	1	4	0.0023008575932179603334	0.0048387362876144111856	0.00028469634796877437257	0.0072246147494025971317	0.0010792547096167865329	0.00061321445645655630989
-2	1	5	0.00080197271532399456214	-0.0015928464651837573752	-0.0028115211503685266434	0.0023536959471336048842	0.00088309331620330317521	-0.0011078777755002238836
-2	1	6	0.0021603923331788119251	0.0020683239617476905509	-0.00048704000828797246658	-0.00012833075192570546959	0.00080130411244093283692	0.00071082977923684774382
-2	2	-6	1.6660396619800197417e-05	-0.00025882465638524482319	-0.0027246246602146500203	-0.00037248741873383348208	-0.00091376168561148340703	-3.7887587449529564257e-05
-2	2	-5	-0.0023159799186188993921	0.0050181981624963321181	-0.002700527624569927336	-0.001986958180736092365	-0.00015381908238041113964	-0.0028020625372929697933
-2	2	-4	-0.0015938784227486472479	0.0066358452149647617277	-0.0077254158942586474007	0.0022473540329786810023	-0.0030657687357549998595	-0.0021942455909930405795
-2	2	-3	0.0090416623188521449972	-0.0030486404411014952041	0.0027571288975117565039	-0.0079933285656200378511	-0.0041896889475602589956	-0.0032964587496790284313
-2	2	-2	0.023926576094899700692	-0.0029362767965662242564	0.0091571930599227968628	0.0021256216654818643405	-0.014769383034976905564	0.0050618984620480885969
-2	2	-1	-0.010244332579216046744	0.010354337609295858474	-0.016275497060886594258	0.011223799869981773702	-0.012062328963341096763	0.001738924521371831974
-2	2	0	0.0025504086356906547316	-0.0028169998907644285165	0.0025504086356906547316	-0.0028169998907644285165	-0.01182486058938366294	0.00090558345644836766176
-2	2	1	0.008862482386542865076	0.0022522788992495588502	0.0041322452102706512533	0.0015581500083808735857	0.0094604743525444276453	0.0013882577817373703121
-2	2	2	-0.0094368606095723978067	-0.019987073162466735543	-0.0085119684892579587643	-0.0014025280203813141489	-0.00092489212031444001817	-0.018584545142085424213
-2	2	3	-0.0079911725419016255145	-0.010791102659546436895	0.00033122828003233253501	-0.0052653068861296739578	-0.0055482672146226381937	-0.0036838638489445092034
-2	2	4	-0.0083027110961577579168	-0.00053841852976785147498	0.0081388551665861307016	-0.0014345799945342833318	-0.0082207831313719434418	0.00044808073238321592842
-2	2	5	6.3292631682821626844e-05	0.00037438265507179399041	-0.00268688230897787695	0.00019167778166850462382	0.001100069976264279447	7.3081949361315743925e-05
-2	2	6	0.00035166235385693456672	0.0010081664086364504253	-0.00046459879504027708826	-0.0014677171503469656731	0.00027208704963240388499	0.00082529451966113862721
-2	3	-6	-0.00030972457424151760919	0.00076088844213601512009	0.0021849627846726757223	-0.00092901460041070068295	0.0011957229170835104518	-0.0007181367809173553815
-2	3	-5	0.0029617491494141759759	-0.00015497012800854491452	-0.0025150059386693257059	-0.00066534089551190903501	-0.0026937032229672657271	-0.00033721648610372746604
-2	3	-4	0.0022547192401851240406	0.0019111664420651723953	-0.0017016605992400595047	-0.0039378107121516153777	-0.0024036050695226064862	-0.0039089412551462981646
-2	3	-3	-0.0029804923816811879078	-0.0014957552080009728704	-0.0043802522864884721118	-0.0075876715746002066504	-0.0023932573653676803178	-0.0065905014359328908252
-2	3	-2	0.0038757517580992645496	0.015160425536662826967	-0.0035931856604754204912	0.00089987573436562794549	-0.0092655302488123952864	-0.013810611935114383911
-2	3	-1	0.0050190488969571595002	-0.010552085178282467892	-0.001971937797209798171	-0.014056237156564120247	-0.015953911185543713513	-0.021064541113127423222
-2	3	0	0.010920770790814717313	-0.0023853206866389030892	0.0072805138605431451645	-0.0015902137910926020595	-0.013786827341037557332	-0.00078268078775036982551
-2	3	1	0.002617067007837928054	0.013003164562896537756	0.0068225117564229059361	0.0043142285318263015603	-0.015233401253592860833	0.013063643530314170832
-2	3	2	0.01116026752714222893	0.010342585340750616585	0.0074930717104540614862	-0.00095335360409587021485	-7.9340038538862797906e-05	0.011772615746894421473
-2	3	3	-0.00085848030769520634366	-0.0061738727060573414529	-0.010419373513062289704	-0.015962721882429961595	0.0098470533079321534431	0.011846806745058400048
-2	3	4	0.0018627344225525339829	-0.0035292648235669753058	0.0019515480181368331791	-0.0055601045056645707204	-0.00053229380232635800131	0.0024054459674649406042
-2	3	5	8.4696155642071839021e-05	-0.0014230321017675625489	-0.0030553661890704128697	-0.0020636903060462915768	0.0018670981756990763598	0.00066900134292074975306
-2	3	6	0.0003900630969524340459	-0.0022068263719628253977	-0.0020440537018319069294	-4.852842940327456179e-05	0.0011520478832334314981	-0.00071134457595263783473
-2	4	-6	0.00012755522320698176823	0.0022045275254952111099	0.00097132568899920489983	0.00047172660455576433938	0.00060503205159714260487	-0.00042035810546122749512
-2	4	-5	-0.00048225664527106653148	-0.00017568615350013703775	0.0012822020342636772632	0.0031404681780636272033	0.0012186642855193682931	0.0025826490038509566753
-2	4	-4	0.00090044674836111673281	0.0044846394238806357863	-0.0010517221177581256766	-0.00068582607395908674192	-0.0015019454919386839888	-0.002928145785899404635
-2	4	-3	-0.0032983217981835712129	-0.00076252323548197710208	-0.00025161255739649887337	0.00051088696706188283046	0.0018633977889270490497	0.0011895314464038285809
-2	4	-2	-0.0022449411801088495731	0.0014683153811448162139	0.0014904559494881850293	0.0061078569254321719156	0.005225853079085219198	0.010747398469719528918
-2	4	-1	0.0021005563417880314218	0.0020151155044601282325	0.0016347492385969813761	0.0025381908751578937007	0.0023378842708118622272	0.0061225324917113183379
-2	4	0	-0.0012902021777099050102	0.0030614205354144619249	-0.00064510108885495250509	0.0015307102677072309625	0.010123969141371636643	0.002885031486284005825
-2	4	1	-0.00080516868557667083204	-0.0054780227134536103525	0.0013261843919847588879	-0.0014084191614642167269	-0.0069150749390923769988	-0.0053223687810503537976
-2	4	2	0.0091300192559720244612	0.0013093614041853364471	0.0028927124814412401473	0.0028128531955001834577	0.003344594293089545034	-0.0043163449868150304684
-2	4	3	0.00039434465507573338103	-0.0032922547996110675637	-0.00028999462326715648832	-0.0026323425147273581473	0.00064955593440669753564	0.0013149534865624327041
-2	4	4	0.0041064362815359262832	-0.0036218903222413295455	0.0016774786442962361967	-0.001484699536590007151	0.00037573949647172694491	-0.00032624562453065751328
-2	4	5	-0.0010445550979898273695	0.00084910299901985709058	-0.00087123250224030533012	-0.0020935974561485308325	0.00027916396259631333799	0.0020145191645267678492
-2	4	6	-0.00098590628925857145756	-0.00033849476616984149405	0.00092039539408567095594	-0.00039122584568653076846	-0.00094223235914330449262	0.00014798564173440668999
-2	5	-6	-0.00030327799701734093696	-0.0010367849140128359165	-0.00039430162417110987613	-0.0010103140292861633419	-0.00022749202113681122402	-0.00049633338640085744326
-2	5	-5	-0.0011453354859789197963	-0.00032831186027506068219	-0.0011965100316451596045	0.00030929064419049764542	-0.00073837583725359175104	0.00044061538830052188577
-2	5	-4	-0.0018849814459066921955	-0.00061770627507915258289	-0.0016000072150336092699	0.0013844995620623827201	-0.001057518295838665327	0.0020394775901175546916
-2	5	-3	-0.00079359690030545121213	0.00044035708444247449603	-0.00016550246130146199709	-0.00085903941693128260237	0.00025322716470119747056	-0.0017253037511804538567
-2	5	-2	0.00040964578764906515052	-0.0042964386192212060747	-0.0013710155940345396079	-0.00059186864359173042491	-0.0038371847727354138451	0.0028167670102418793619
-2	5	-1	0.0058591922715201839866	-0.00035026575970416469735	0.0012853284985337768385	-0.00040497791237066723888	-0.0052917420503714842142	-0.0013243580424450067997
-2	5	0	0.0045705418100652588087	0.0002320221185906613207	0.0018282167240261033066	9.280884743626452286e-05	-0.00047558301626892708625	0.0020282383011208373821
-2	5	1	-0.0053605228967386672062	-0.0003943247249270651956	-0.0023571057458202596818	-0.0008181920284648775115	0.0010644829356239639967	0.0033023106924702574916
-2	5	2	-0.00014192901952046269574	0.0024294478493875853835	-0.0006659761268360560706	0.0017436601199127465742	0.0015230112975696775621	-0.0019297024503942810519
-2	5	3	0.0017558718945579942974	0.0034133416943294947986	0.00059623809968301977932	0.00067278857495566739624	0.00017685109690029657509	0.0011542468379602175386
-2	5	4	0.0012572160233193269575	0.0011418461527284496423	0.0019610592845616800148	0.0011494790735170111809	-0.001822716094042436865	-0.00086592576553203904656
-2	5	5	0.001203927898317138593	-0.00056626236993688808252	-0.00033870389970389817424	-0.0010920193623969736037	0.00082027505903075356806	0.00086551441442221839235
-2	5	6	0.00064891961135806830799	-0.00060208704002776708159	-1.3846353878089338985e-05	-0.00059756284359164862571	0.00022784516535109721933	0.00029727335631711814283
-2	6	-6	0.00075899578167365954959	0.00035313461150612255072	-0.00010960212136739017617	-8.7740062257288717307e-05	-0.00036260071525861002151	-0.00020545159942599622066
-2	6	-5	0.00042691439628555176303	-0.00044096334498178261499	0.000649677968109110761	-0.0004710496807677535527	0.00060884780321671225136	-0.00038887427892859126061
-2	6	-4	-0.0005086060550997589455	-0.001816799123258482215	-0.00038416069670074411493	-0.0011960635008318996376	-0.00032193801750123669965	-0.00088569568961860834898
-2	6	-3	-0.00075766299659603625685	-0.00051127835516212420414	-0.00079739129393098528726	0.00066111905633336022839	-0.0010896739234646129254	0.0016630903494414699985
-2	6	-2	-0.001098679662913835996	0.0010098822841519315089	-0.00075342434394114470454	0.00028966580562938068358	-0.0011615933689095977923	-0.00014088486726378945816
-2	6	-1	0.0020876220636774074461	0.00043579729222008984323	0.00071599529916918441211	5.8608223740813811481e-05	0.00012072766766029141778	-0.00051994524199529680401
-2	6	0	0.0034000039891328992514	-4.737653992094558044e-05	0.0011333346630442997505	-1.5792179973648526813e-05	0.0031741958339847648092	-0.0011913958192766040643
-2	6	1	0.00051793456483711409772	-0.0017668358664408828195	0.000235305859122433294	-0.00075506468321724661864	-0.00037596602506037156855	0.00099671636642171407283
-2	6	2	0.00096379674075293810063	2.6271766630456480505e-06	7.9704901632604387477e-05	0.0010309437373553706485	0.00072468203585512489754	-0.0030902040354030663703
-2	6	3	-0.00027650217827971876328	0.00057108206070969138885	-0.00050258658109996379084	8.3890032450350076579e-05	0.00082083837668011510897	0.00021294130890576077274
-2	6	4	-9.9388829510536314221e-05	0.00046094226186177617889	0.00041194793864941586185	7.8254283553448191033e-05	-0.00066761632272939192955	0.00011308970560071579612
-2	6	5	0.0010067653605258066515	0.0012338340413402427032	0.00065385398402720024819	-1.3020907550933349622e-05	-0.00038191863662231765892	0.0005091587055972171625
-2	6	6	0.00037879761236661081431	-0.00023937168340351121297	0.00015473218746743020563	-0.00024585150548627935458	-2.8466316678559933068e-05	0.00016606094435177558982
-1	-6	-6	6.1057275849043675365e-05	2.3935798121777377914e-05	0.00025256164912918659723	0.00028580567368974708724	-0.00026273786177069389678	-0.00028979497337670997396
-1	-6	-5	0.00041703065989641494721	-0.00038140450220609090461	0.00020920694850342090891	0.00036760913340634301678	-0.00033445447018338808013	-0.00036485005964639346089
-1	-6	-4	-0.00024785102084903224036	-0.0010019926207048485741	0.00030423975997844637017	0.00047330860114766515074	-0.00039439688475541149516	-0.00045946474654528558258
-1	-6	-3	0.0013730690177930376418	-0.00022488051781603188967	-0.00011888741725463926216	-0.00083709656809419230334	-0.00021991483808840066251	0.0017491533087937286874
-1	-6	-2	-0.0044360251439001076659	0.0010025963354236607644	0.0012307117839883653307	-0.0011052519680065046176	-0.0014741227800150421591	0.0028144577363076834706
-1	-6	-1	0.0050570613766783159906	0.00083824126078021034617	-0.00078085108119249223204	-6.9761255320261526922e-05	-0.00037195488952336297787	-0.00041967372885864126595
-1	-6	0	-0.0049397276774826434295	0.00056761052294154192531	0.00082328794624710716597	-9.460175382359031185e-05	-0.0023152018728605154411	0.001054792197153336334
-1	-6	1	-0.0001577198374361363448	-0.0019777111084231325036	0.00071801266855203195461	0.00064473041735144500427	0.0041503561738760559249	0.0018906713956855379557
-1	-6	2	-0.0027605679856611627272	-0.0013402480745271022015	0.00075028173635981231307	0.00066167093779743047649	0.00087056121624885546718	0.0013148887761287402203
-1	-6	3	-0.00084751169925892106804	0.00041256851986288259814	0.00046039211912395349184	-0.00063441310706739304989	0.00063828033849493322205	-0.0011313033741804918823
-1	-6	4	9.1604940104287303445e-05	0.00077783007605406189085	0.00039046620367429299208	0.00010200565406627468926	0.00060860054053751128349	0.00034746600011292751338
-1	-6	5	0.001032753125747946964	7.4677259711729732398e-05	-0.0002802494285570735562	-2.2660680502078054446e-05	-0.00012974868911889888548	-1.2257364660147718178e-05
-1	-6	6	0.00021005355482419714062	-5.1561128568782949304e-05	0.00034315407916477513265	-0.00031851418216054076804	0.00037816300496880801653	-0.00032710770358867124943
-1	-5	-6	0.00034812511941493802601	-0.00019095733243127308259	-0.00029122153376511412124	0.0007519662661048875452	0.00018466375823510540292	-0.00059481233301552749026
-1	-5	-5	0.0016261378268488857392	0.00022619665339164318654	-0.00098142362405343234154	0.00083338352552230171404	0.00065619605868365532379	-0.00087862285620063037845
-1	-5	-4	0.0029322835312002573302	-0.0011580834317073548326	-0.00013127764133211258964	0.0018375842084978311584	-0.00056897383113492354129	-0.0020074594026954504025
-1	-5	-3	-0.0025715323345703250749	-0.0030366082006849639749	0.00041904548155466896748	-8.6418018556488615994e-06	0.00015876830893232673678	0.0010266057366544027209
-1	-5	-2	0.0021489457293671831647	-0.0012872285335610723477	-7.7384405117213595892e-05	0.0021286658373896381706	-0.00088101185189055767396	-0.0046780503266935597947
-1	-5	-1	0.0059693371264159123674	-0.00017538481089032713464	-0.0011903325952917437423	0.00011242330961170888788	-1.7674149957194096501e-05	-0.00038673173716821733189
-1	-5	0	-0.0003438557120069634862	-0.0004554415124607484296	6.8771142401392702662e-05	9.108830249214968863e-05	-0.0013126345829657436268	-0.0028259504405607148957
-1	-5	1	0.0047311006018520051011	-0.004720228122273784771	-0.0021391446899080858966	0.00010100520086566230514	-0.0059646228476884248157	-0.0042152021179454731911
-1	-5	2	0.0035629769090223025602	0.0013368118878823889543	-0.00033302908479709088414	-0.00025314799024202835724	0.00094891574251842406972	3.5535968336123617951e-05
-1	-5	3	0.0029411528220548103368	0.00049546407883103201885	-0.00036502065432072360518	-0.0022584405353192242918	0.00037201651681706410365	-0.0035989128659216968777
-1	-5	4	0.0011095410780683778468	0.00035595310619641038798	0.00066234867609837725679	0.002476566336483358461	0.0011053211146400661411	0.0031846961971533005106
-1	-5	5	0.0021629355932971899672	-0.00074553396814547832905	-7.8531950606623254665e-06	2.5205683206056504075e-05	0.00042473392359877569372	-0.00012390111042303916648
-1	-5	6	0.00091996586120819266903	5.3653774224197024116e-05	0.0005836542297674407161	-0.00043224593989412188853	0.00063970616834089935685	-0.00035126265420773542794
-1	-4	-6	-0.00088815669979742386479	0.0011092473472796816284	0.0016041320950423809504	-0.00091127665338565583611	-0.00092139528006201663803	0.00042264321104382363741
-1	-4	-5	-0.00037013209013833642388	0.00032451172301375583694	0.00152266166107777501	-0.0010185460923612884871	-0.001144102910834552669	0.00074993452928627968735
-1	-4	-4	0.0010257448504954655953	-0.00054785803353396133209	-0.003377721027951652473	0.0011274917195946134937	0.0031212848153277863994	-0.00099052721121112318782
-1	-4	-3	0.00047715838823985756798	-0.0015473543830515511157	0.0017581341575271152225	0.0028920974080329452625	-0.0025032316727827729277	-0.0033403450830267432392
-1	-4	-2	-0.0012718786355329209353	-0.0058093562562007714303	0.0042777928200018926555	-0.00011827037566218066129	-0.0079196463222373243013	0.0031412188794247468751
-1	-4	-1	-0.00095198313682460546092	-0.0055477548695133365592	0.0018175901447879244926	0.00098614296573676114149	-0.0063183774423270925094	0.0016031830065662915595
-1	-4	0	0.0083345002079288632579	-0.01205004569595154694	-0.0020836250519822158145	0.0030125114239878867349	0.0081358722555799675019	-0.0021200122554593772879
-1	-4	1	-0.012479431163799820093	-0.0048572118637429531965	0.0023145313457654001325	0.0036622435802005611286	-0.0032213057807382186951	0.0097917624570592904504
-1	-4	2	0.0047847137452462556659	0.0063366763462946850555	0.00022215769728574165961	-0.0049257296547790020702	0.0028366722671946112064	-0.0066831211364106616127
-1	-4	3	0.0052457308692538777428	0.0062966559370793663206	-0.0010149765803419814013	0.00029257119794454274336	0.00039527484929531727081	0.0024889802429525122868
-1	-4	4	0.00028397351263121452291	0.00582480875788398203	0.00092575947811710619303	0.00092610695592289292519	0.000996752856274909756	0.0023823091453938883243
-1	-4	5	-0.0004517160746590328721	-0.0011626233991502985324	-0.0022488719722258362389	-0.0014752237517008499022	-0.0018894407927124755656	-0.0014127036811907396283
-1	-4	6	-0.0012244045608156524981	-0.0012155006204088492951	0.00039077044713921446281	0.0010992024511075060289	5.6446204623534230039e-05	0.00053021819733686239781
-1	-3	-6	-0.00013842119304184719139	-0.0020997150035832888755	-0.0024696513144826966191	0.001054743646435658171	0.0012578958560816562787	-0.00017741932262061433615
-1	-3	-5	-0.0010553346707249011867	0.00090225404907044173212	0.0019940229639204519463	-2.6451230066409030212e-05	-0.00098534684420729088707	-0.00016458007177424293439
-1	-3	-4	-0.0048988276458499487379	-0.0053710273612238108518	-0.0065729746482074361685	0.01281206317168418797	0.0061544378976180645277	-0.0082662905384571893491
-1	-3	-3	0.0047915371717786653036	0.0049953728164880374304	0.0054330691783217623103	0.015944476279079397574	-0.0070302482355813168333	-0.01760960055124207585
-1	-3	-2	0.012976277939848892759	0.021160865447696453751	0.0036523489908222381978	-0.00080882159507028497224	-0.011966662456157803676	-0.0093672003312427996879
-1	-3	-1	-0.003640380758819227857	-0.016374087927080234472	0.00043442568827781619925	0.012864452685174172786	0.0023371036939857795303	-0.022219270128442283885
-1	-3	0	0.030310504671842587038	0.015097925343857350466	-0.010103501557280862924	-0.0050326417812857834888	0.014622353768996317405	-0.0063304273092647921767
-1	-3	1	0.026426782218016031667	-0.00020694249375308878766	-0.0097350141980698384758	0.00084556033597081386131	-0.0027782603761934854952	0.002329738514159352715
-1	-3	2	-0.027984123244330198071	-0.045508097337497672996	0.015243574423975135568	0.0074428885740134330742	0.0088733000137976060506	-0.011589715807728684718
-1	-3	3	0.014161063542631236595	0.012945156621511489173	0.0076647024668877305337	-0.0073214976921515831712	0.012385056981098142154	-0.0030064454849810873585
-1	-3	4	-0.0060255033643919556074	0.0051834250920670304	-0.0029859284170674336469	-0.002941956353057959949	-0.0037458221538985642454	-0.00091061099177671247021
-1	-3	5	0.0051661024141289200659	0.0040258079574643354168	-0.00043229392428685434538	-0.0026078771963905685027	0.00077384412825367144932	-0.00075956472634147395324
-1	-3	6	0.00084864767865565186606	-0.0016049914423963544154	0.001688688644214775313	-0.0010397631719758107342	0.00098578560188332972451	-0.00078738015972063110301
-1	-2	-6	0.0035470993388482859737	-0.00043308629608565003691	-0.00040872449737284501613	-0.0013009162014020708535	-0.00045494172401709930551	0.00050581978314829861496
-1	-2	-5	0.00311584087751703466	0.0013290855232022287524	-0.0052337397997280713652	-0.0017630318193961765343	0.0014703277443878217876	0.00043939562311802487409
-1	-2	-4	-0.0053770210586433758032	-0.00096938315274537579461	-0.005218964187333889268	0.0084994471739581970576	0.0039537373583277881511	-0.0040073777987927544988
-1	-2	-3	0.0030678428624342645066	-0.01688312445957492261	-0.0017868412756681050467	0.0068967061293126611168	0.00016861322963398196165	0.0010299040669832005591
-1	-2	-2	0.016842700140275064513	0.0030899875029001826372	0.015619568491629893386	-0.020868241156460021202	-0.024040918561767425643	0.0193232474050099301
-1	-2	-1	0.035540907726835407887	-0.02295982634264795777	-0.012356967820788686968	0.01787549240710040524	-0.010826972085258033951	-0.012791158471552854445
-1	-2	0	0.015108977286578305355	-0.074365332614457782534	-0.0075544886432891526773	0.037182666307228891267	-0.019867323665525113419	-0.018306276438896804115
-1	-2	1	-0.0068963842239380956922	-0.030224832195116221878	0.0066631675320992832592	0.011165127753784904671	0.0064299508402604708263	-0.0078945766875464090662
-1	-2	2	-0.016230370775425436575	-0.029736459167915250956	0.010148216418403629285	-0.00022776433722874851674	0.0020330310306909118653	-0.015095993921186373968
-1	-2	3	0.0051868949201864132312	-0.021629942001212550118	0.0052029283132726637795	0.015012011627450990922	0.0051975838489105802634	0.0027980270845631436197
-1	-2	4	-0.012014143174098627573	-0.0039709530161046620311	-0.0028583854574411498087	0.0071100730061056096817	-0.0044327285222452317975	0.0025622982490266393331
-1	-2	5	-0.0020694302315961846453	-0.0018469986741877645123	-0.0025507275298078187394	0.0048910309945915950505	-0.0014341770582423645115	0.0015870126629990851611
-1	-2	6	0.0011150059180998997833	0.0030868849945392914415	-0.0016675040388245843809	-0.0011498727816258015426	-0.00037000035992487814501	0.00013118990521461475316
-1	-1	-6	-0.00033495021019598923218	5.8932450054621660107e-05	0.00048844859314703371021	-0.0028338297088499118763	-2.5583063825174077413e-05	0.00046248287646588170496
-1	-1	-5	-0.0021362872783473340656	0.0085152216427887648248	0.0012993844490533971135	-0.0012316493556356834706	0.00016738056585878738499	-0.0014567144574306164009
-1	-1	-4	-0.0044496635733682144212	-0.0015660576054003028448	0.0081270371797963203431	-0.0038489758664851975341	-0.00091934340160702669731	0.0013537583679713752031
-1	-1	-3	-0.0034707649089457852723	-0.0076609461018995583109	-0.02485947903781179566	0.0094549179771666515965	0.0094434146489191933549	-0.00059799062508903116746
-1	-1	-2	-0.012301652687710719694	0.01194259818390441992	-0.044059993865852756234	0.030086376788536886573	0.028180823276781740566	-0.021014487486220652379
-1	-1	-1	0.0098875574960210575043	-0.037875383153796203517	-0.044359029612706900314	0.063976777682794222502	0.034471472116685844544	-0.026101394528998018985
-1	-1	0	-0.024981529265583297256	0.017199629235254011717	0.024981529265583297256	-0.017199629235254011717	-0.11526000110204986937	-0.013712690864543648078
-1	-1	1	0.01307339230249231557	0.030931939372959807444	-0.037517448915547209343	0.0076757350364214122634	-0.024444056613054897242	0.038607674409381217973
-1	-1	2	0.019883402396782802468	0.0023544461671004064847	-0.0090349635115177014816	-0.05771900334425305451	0.0054242194426325513607	-0.02768227858857632423
-1	-1	3	0.033755251037349137677	-0.011162482298153243027	-0.0052991246604367188769	0.0025061347481522503605	0.0094853754589708065559	-0.002885449183333664222
-1	-1	4	0.033417072437398755158	-0.003016083242000550807	1.7242893228911404177e-05	-0.024723884538507386044	0.0083585788326569175621	-0.0069349919451269842127
-1	-1	5	-0.0015693474582282186235	-0.006507419450060519632	-0.002812874751143502796	0.0014381265173591310878	-0.00087644444187434428391	-0.0010138585865402777956
-1	-1	6	0.00078218997495089353806	-0.0021862486508361670887	-0.00012814379903572907125	-0.0013403064558439278017	0.00010900769598586074899	-0.00058775918444668251786
-1	0	-6	-0.00072803694669502287771	-0.0025386377641970067284	1.5953080275551334073e-05	0.0041755522530931860753	0.0001213394911158371508	0.00042310629403283445474
-1	0	-5	0.0034575932017081962774	0.0081420762588623914191	0.0045068193157137004246	-0.00098106007051931409108	-0.00069151864034163921212	-0.0016284152517724781103
-1	0	-4	0.0083253587295512524596	-0.008700108693529669257	-0.029064472947152118071	0.0092549158844420532921	-0.0020813396823878131149	0.0021750271733824173143
-1	0	-3	0.01386131341850424005	0.0021058545560262873983	-0.0056245211388663649693	-0.0093416877463526094838	-0.0046204378061680800166	-0.00070195151867542913277
-1	0	-2	-0.019844806682955972582	-0.034256469110953903512	-0.044225782582146065669	0.016101644993675345158	0.0099224033414779862911	0.017128234555476951756
-1	0	-1	0.012963158808970165828	0.00024156210385583082507	-0.019667135369178575383	-0.11657056413423592944	-0.012963158808970165828	-0.00024156210385583082507
-1	0	0	0	-0	-0.096475196311762378976	-0.1206416226338489911	0.15031061315305804804	0.1278220637600383236
-1	0	1	0.03225978370811294349	-0.034805670402706649635	0.022036283549953947225	0.079390389059121255211	0.03225978370811294349	-0.034805670402706649635
-1	0	2	0.0051362960874041362763	-0.0078756613114399787873	0.027282709401034995617	0.067064249543196979841	0.0025681480437020681382	-0.0039378306557199893936
-1	0	3	-0.0070048649628440470827	0.0097921290154486008428	-0.0099069852943401183476	-0.0054237302695338725222	-0.0023349549876146825055	0.0032640430051495334697
-1	0	4	0.0070426826224831273054	0.0226053254348574581	0.021728348788463653501	-0.0067722228874368727361	0.0017606706556207818264	0.005651331358714364525
-1	0	5	-0.00010269338825357990808	-0.0062288656926127129385	-0.0074200803239485189564	-0.0049830832458753453879	-2.0538677650715982971e-05	-0.0012457731385225425443
-1	0	6	0.0026187336526385268133	0.00022720634395569081257	-0.0027062218173456221472	-0.0018230764954479887052	0.00043645560877308780222	3.7867723992615135429e-05
-1	1	-6	-0.00085786941969774751192	-0.0022744156387535159093	-0.0045182318140498207645	0.00049800131737727732287	-0.0006100603990586788393	0.00046206949268846555677
-1	1	-5	-0.0022292716716547419237	0.0050791099651750059446	-0.0025536011873961727593	-0.00188616323398271943	-6.4865903148286161708e-05	-0.0013930546398315450749
-1	1	-4	-0.0073237386940085162298	-0.00060199352942344507358	0.0020620496668613472191	0.0056362967470690835195	0.0023464470902174656454	0.0015595725691231322567
-1	1	-3	0.020265229133592695121	-0.026725091339569490012	-0.016803152344736033141	-0.019170803524471310281	-0.012356127159442909999	0.0025180959383660599105
-1	1	-2	0.00090942972163962024906	-0.049775526636706549088	-0.0033263095075515797076	-0.034020074053849380658	-0.0021178696145956001952	0.0078777262914285859502
-1	1	-1	-0.00068914703641945987585	0.015446443453731778517	0.029190179357874126292	0.0093703911164700823266	0.029879326394293588554	-0.0060760523372616953228
-1	1	0	0.044281576663666701033	-0.031832625380604114007	0.044281576663666701033	-0.031832625380604114007	-0.026460176078912350794	-0.098188611512102813572
-1	1	1	0.027913599578953198627	0.041092335147811083484	0.056946224227068624468	0.030608202060781408704	-0.029032624648115425842	0.01048413308702967825
-1	1	2	0.02011213811632286616	0.00405689443380440138	0.055252100606628093415	-0.039916652454170212239	-0.017569981245152611893	0.021986773443987306376
-1	1	3	-0.0047696979720300933941	-0.021670689627351864825	0.016390462592985648171	-0.023559022097258925516	-0.0070533868550052471885	0.00062944415663568657141
-1	1	4	-0.018331685590201277081	-0.0050259043188840271318	0.0098463756312817014849	-0.021370345469016720219	-0.007044515305370743774	0.004086110287533173055
-1	1	5	-0.0057422401249636679035	-0.00040183258453529714345	-0.0070839121757481724601	0.0025530096822548339723	0.00026833441015690074867	-0.00059096845335802623399
-1	1	6	0.002542875436708248553	0.00092506325976593841744	0.0023548098599691686013	0.0015470547882643680224	3.1344262789846676683e-05	-0.00010366525474973827653
-1	2	-6	-0.00017288007948382613527	-0.00035323756136071697738	0.0020625687132044398173	-0.0010738488842124164699	0.00071633625098211761023	-0.00029907670117735267847
-1	2	-5	-0.0032370213872155192796	-0.0064242534173129086164	0.0004296142961819092226	-0.00031892152017381580984	0.00081924999591586754495	0.0011572820753930554427
-1	2	-4	-0.0081272549842200999398	-0.0047269731516778835598	-0.0033368517422095538526	-0.0048177402764242836797	0.00036338787495024800446	-0.0012271268502926711667
-1	2	-3	-0.019460351293038434528	-0.00028729678247039130501	-0.0092487670666216107579	-0.0023861418009551642154	0.00032093905326507107638	-0.0014949956064799789154
-1	2	-2	0.0084156401809803958736	-0.0055453338534148929537	0.013907589978466498512	0.0059205282315675268612	0.0096997698879763005753	0.0086931951582749737717
-1	2	-1	-0.022828175882494496779	-0.026500454560515054186	-0.0098237440226075414124	-0.023710308094963519071	0.0031806878372794130869	-0.020920161629411987425
-1	2	0	0.024963644331850720626	0.030941274331151163296	0.012481822165925360313	0.015470637165575581648	-0.010063998694919040061	-0.018974251662744377744
-1	2	1	-0.032061331684637303652	0.020039841179405243343	-0.01263996914085533177	0.0044893337123459138918	-0.00678139340292664098	0.01106117375471341556
-1	2	2	-0.017472971777354490142	0.029390661900731963191	0.032210945364871783336	-0.0093080374449953286881	-0.040947431253549028407	0.024003368395361310283
-1	2	3	0.0086816116196918539233	-0.0081013869474131292026	0.00060904939453752826063	0.0082570214534709845261	0.0024878376102055988449	-0.0082051432847850321733
-1	2	4	-0.0051434299178771836908	0.0026729052200878422076	0.00098312337262676042018	-0.011099452589717024448	-0.0017774191657826759159	0.006217952599880473101
-1	2	5	-0.0028766054116069850015	-0.00087640180759155836537	0.0044171371264210401025	-0.0085055410707283157085	-0.0023421759328898128678	0.0032269360667730147621
-1	2	6	-0.0012566269292401158978	-0.0010211780622605879341	-0.003060366480214780395	-0.0022769353704045428716	0.00081068433853157418484	0.00058878211309141626536
-1	3	-6	-0.0026054567671445643708	-0.00061800729663441110635	-0.0022609440125387425882	0.00043119575915892538725	-0.00069622921174527716004	0.00031859909568519791416
-1	3	-5	-0.0027033524548565903388	0.0029617179587717035183	0.0059248774336914319938	0.0038640052898405137863	0.0040955969511861775242	0.0017260595821499676115
-1	3	-4	0.0088442601023211598471	-0.0022181654993223029297	-0.0018753885150977515298	0.0068203662816463924215	-0.0036176064119036034465	0.0056698160860653703738
-1	3	-3	0.0054411708042836175181	-0.011583169065356989716	0.0036395242469220915986	-0.0031458636694471579093	0.0018258006454942190926	0.00071519268567183855428
-1	3	-2	0.014235912338602213847	-0.013460172216184963442	0.0080431180221854428614	0.004759993516282126115	0.004946720863977056501	0.01387007638251567046
-1	3	-1	-0.00024517958011241919357	-0.012200298977351139301	0.0024443245019340523703	-0.0043786294191979465221	0.0075781530859145755999	-0.00093558928024270059023
-1	3	0	0.0049706917165280107077	-0.01243675264694994384	0.0016568972388426703082	-0.0041455842156499812801	0.019496793662173158429	-0.019032249153036879391
-1	3	1	-0.010078563605460539795	-0.0059251528569309640584	-0.0039776167734375759283	0.00036463646510342799002	0.0018542867148521897241	-0.0070190622522412482454
-1	3	2	-0.020101006181430177561	-0.0050498459044872245557	-0.0025077570739883260978	-0.0052161626774625555539	-0.0062888674797325992	0.0052993210639502210529
-1	3	3	-0.0018618093827700795979	0.0075702853186676456049	6.4275625609825653051e-05	-0.0074396469456357514072	-0.00068487875319985219019	0.0099630753851916338537
-1	3	4	-0.0031654878208907900536	-0.0018876269237767654731	-0.00069581401816231258552	0.00069084268011128683804	-0.00026951144160096310136	-0.0009900387410276564968
-1	3	5	-0.00059225180185150112355	-0.0008337342083215033145	0.00063846030807227372849	-0.0058673469149088134864	-0.00050152654521366444012	0.0033536613072809875156
-1	3	6	-0.00086269496787024380763	-0.00077133455144354234369	0.0017374194090910754975	-0.0012005286345134439253	-0.0010124921991905783472	0.00047170855868279825676
-1	4	-6	-0.0018765305369070426483	0.00015513212787870815645	-0.00032120354323000177435	-0.0019153470041718978229	9.8619393997839263004e-05	-0.0013027533574277165747
-1	4	-5	-0.0032158450641019483036	0.00096493585247878611941	-0.0015862300133402591241	0.0005408065824422544866	-0.00062581499785181759522	0.00023965809545804634914
-1	4	-4	-0.0038418441771666598898	0.00039281419036249747706	-0.0020461869425120256423	0.0029450901604798152347	-0.0010857258982203607783	0.0028468866128891910823
-1	4	-3	-0.0034031666613347556251	0.0030226263446614860288	-0.0042818931319377716294	-0.0032921297331171077948	-0.0045748019554721110203	-0.005397048425709972258
-1	4	-2	0.0040283668097485106699	0.0050961911605156345537	-0.004373115868783449163	-0.002100807101909591551	-0.010760415142441153227	-0.0067497097840769999452
-1	4	-1	0.011815677800352569066	0.0021903454530288694185	-0.0010702061115079629979	0.0036896548455788726571	-0.016096502246384421925	0.01256827392928662121
-1	4	0	0.015876497208269259309	-0.0094751806822016681336	0.0039691243020673148273	-0.0023687951705504170334	-0.0075386794428616713329	0.0094232115897695967882
-1	4	1	0.016983956531922621974	0.010184711095440673531	0.0023516995316271494844	-0.00057579310249520742476	0.007577158405414024904	0.01248788350542150323
-1	4	2	0.00079185916663144248571	-0.002534206220946191683	0.0023169432572939007223	-0.00012232790671988112621	-0.0042379569312720796054	-0.0010224472970333335891
-1	4	3	0.00019502792490016238654	0.0002957044538075920769	-0.0057860751015617250745	0.0029287114527014163588	0.0077797761103823538306	-0.0038063804523326915351
-1	4	4	0.0025453866048746995494	0.0009524923299417838423	0.0014146634923587616487	0.0019257847077870779082	-0.00077831684114008665293	-0.0016876616253016318934
-1	4	5	0.00082060843992322980364	-0.0011240102705553369714	-0.00099183096240270437333	0.0014054900655247693289	0.00095758645790680954613	-0.001349194106530882814
-1	4	6	0.00023139025763672300983	-0.00129558199616136723	-0.00084115406596368285687	-0.0010924890712653914648	0.00059933442024857571696	0.00051239571481669977156
-1	5	-6	0.0015893221337638073227	9.749879722123453731e-05	0.00063428105662944721937	-5.9073965368347701389e-05	0.00026368052489723816517	-6.54781040104955006e-05
-1	5	-5	-0.0006317103958970269207	-0.0013762616403758213147	0.0013141653633403371521	0.00012708530826987361078	0.0014405074425197425796	0.0004023376363450378683
-1	5	-4	0.0017964757228557373583	-0.00044097800004704756265	0.00033876314782757907139	-0.00088179387094309744609	-2.5664995929460520665e-05	-0.00099199783866711003892
-1	5	-3	-0.0044777894627761813395	-0.0011806841479262328819	-0.00031104810849836759222	0.00036024766663310332825	0.00097418297342811445948	0.00099397416036391648964
-1	5	-2	-0.0052911718812717646598	0.00073388835152379816584	-0.00091144393828224579829	0.00021137379917931189044	0.00036697609493026788841	0.00016149032218638065673
-1	5	-1	-0.0046100301113716837809	0.0079664986491088541493	-0.0015384773987183945725	0.0025192060896197464824	-0.0030823568822202890814	0.0046295317989898795638
-1	5	0	0.0041246274294576218758	0.0063825872454638249431	0.00082492548589152439684	0.0012765174490927649453	-0.0053883592189159683697	-0.0034929023070826388173
-1	5	1	0.0090091573990026367624	0.0021858971423407889088	0.002918983046089932646	-0.00013849206783612860228	-0.0055857578314470277686	0.0028783574815214318932
-1	5	2	-0.0041072216548446198112	-0.001002275984848637275	0.0012011586365849565364	-0.0019556086064495027677	-0.0050565074188847012465	0.00438788352369943839
-1	5	3	0.00097053852822494822167	-0.00059684300724262436509	-0.0022838470643958327239	-0.0016648689339735468426	0.0041299246167347033326	0.0025758338875417033549
-1	5	4	-0.00015538074348839554383	7.0334564989118188096e-05	-0.00034114902645802685967	-0.0034281053633052277832	0.00038759109720043466831	0.0043027153453788144488
-1	5	5	0.0010060501914421465103	0.0021430026791988284439	0.00078295294306079141287	0.00010872320095706076136	-0.00058174290477236206744	0.00031987733488270494097
-1	5	6	0.00031467353522020708985	0.00076928420050870432827	0.00069673315137496437399	-0.00063315592577656211893	-0.00052816537027576917519	0.00065584397156525254136
-1	6	-6	-0.00055857822869516860105	0.00035773456620213288197	-0.00016897996457229571676	0.00025923736549191917162	-7.5883593123100945396e-05	0.00019961493779156367322
-1	6	-5	-0.00056828493036897940321	0.0009135839610678152126	-0.00025926543862355068025	0.00090507115058633931873	-0.00019746154027446490855	0.00090336858849004411827
-1	6	-4	-0.00013507195525179683431	0.00087492841841325973747	-0.00056942686676640197167	0.00012780271541049372463	-0.00082037231133665370827	-2.7028031487574344041e-05
-1	6	-3	0.0011252679458446264698	-0.0017822106509056843873	0.00038396649324660704064	-0.0012356490148713002771	0.00039284367121167188854	-0.0018772278127740390195
-1	6	-2	-0.00053000298971185078913	-0.0017956771073880438503	-0.00091795662181993749155	0.00010467274849613676495	-0.0024888683706038869717	0.0012118567991824321251
-1	6	-1	-0.00036671278969850693973	0.002560183984901704627	-0.00033532689526571984222	0.00057784971200443963589	-0.0016452485818958121136	0.00090691428712493307989
-1	6	0	-0.0011640856333413531366	0.0010445719306857298696	-0.00019401427222355885609	0.00017409532178095496924	-0.00013595742244458208195	0.0022918325816615168523
-1	6	1	0.0027061942075914534496	0.0008435234700469655374	0.00037888169793330069143	0.00044109262954808740528	0.00043290401999164930102	-0.0018030323072415587859
-1	6	2	-0.00014741873440292968165	-0.00011056858176666384405	0.00062159020654955869645	0.0001087088596997071784	-0.0019384799868501407811	-0.00038141086998245342333
-1	6	3	0.00087606160082823311339	0.0013551771263053831972	0.00024543614988352494303	0.00066541917735162654183	-0.00019885176615763887537	-0.00087911264593479212636
-1	6	4	0.00050888772024455103393	0.0013401808263613040981	-2.8433130613086603737e-05	6.0000386899503633804e-05	0.00016987162598076766917	0.00024504462624107059077
-1	6	5	-0.00022781068827915925508	0.00053249664516187230918	0.00031887386195485092726	0.00069882235666989683549	-0.00042821077200165297456	-0.00073208749897150178412
-1	6	6	0.00042503424608028041697	0.00016406729961504940441	7.8209094837923887121e-05	0.00013660523184928294728	-7.3700538245438258146e-06	-0.00010926068191344139795
0	-6	-6	-9.49066034677015257e-05	0.00013167598101810276006	0.00011254928381342860591	-0.00015780783391607225213	-0.00011254928381342860591	0.00015780783391607225213
0	-6	-5	0.00028861456457113411752	-0.00043774302859496747172	-0.00046399852285947188997	0.00076419665127984426345	0.0005567982274313662246	-0.00091703598153581309445
0	-6	-4	0.00021825955103748441227	3.6244238960400397629e-05	-0.00055185727652538602971	0.0011887743892124730954	0.00082778591478807909878	-0.0017831615838187096432
0	-6	-3	-0.00066002826384787811973	-0.00045489606991790191562	-0.00025032643582574852547	0.00071010946889918890017	0.00050065287165149705093	-0.0014202189377983778003
0	-6	-2	0.0035940228848147307006	-0.00077485555923796872561	-0.00065995792037943095017	0.00066354770305338439847	0.0019798737611382930673	-0.0019906431091601534122
0	-6	-1	0.0012121946409327727726	-0.0028796425743801297957	0.00031589873084485756366	2.6862628288906552484e-05	-0.0018953923850691452736	-0.0001611757697334393149
0	-6	0	0.0034944664436345768826	0.00015562418717612595711	-8.9365562860928144315e-44	-0	-0.00041712136379899598026	-0.00015871545666897761764
0	-6	1	0.0011330337548358610043	0.00017967597382260812712	-0.00071651345068812083167	-7.2659508955763777973e-06	-0.0042990807041287252069	-4.3595705373458263395e-05
0	-6	2	0.0042577354246842594523	-0.0021775474630898058147	0.00078122873321531238061	0.00025295547940307108042	0.0023436861996459371418	0.00075886643820921324127
0	-6	3	0.00016128968476800215558	-0.0011688314474486661762	-0.00097866533395669355264	0.0011531985925985340728	-0.0019573306679133871053	0.0023063971851970681455
0	-6	4	-0.0002137302748954184148	-0.00034302988834097327634	0.00039202900622203456235	-0.00018150008042718554849	0.00058804350933305187064	-0.00027225012064077832273
0	-6	5	-0.00016807941987660452842	0.00084710193293634163027	0.00032247580757647391955	0.0002315255276204412644	0.00038697096909176873598	0.0002778306331445294956
0	-6	6	0.00038066580535810038734	0.00033382353186049452129	-1.7686567214674162062e-05	1.6732120310804929954e-05	-1.7686567214674162062e-05	1.6732120310804929954e-05
0	-5	-6	-0.00084810015934486397866	-0.00099238379811607897903	0.00037741449696844698745	-0.0012315602676074828645	-0.00031451208080703914717	0.001026300223006235612
0	-5	-5	-0.00094669556561976402672	0.0010240923439471655548	-0.0005786578095391798314	0.00010063951448305095266	0.0005786578095391798314	-0.00010063951448305095266
0	-5	-4	0.00056451370921234899844	-0.0018464815725607172311	-0.00035971337359716113163	-0.00012090390409634977807	0.00044964171699645144164	0.00015112988012043723275
0	-5	-3	0.00035835137339126742076	0.0018522432074085468795	0.0023105465572082154596	0.00064908218598537634116	-0.0038509109286803590994	-0.0010818036433089604602
0	-5	-2	0.0015076005925631565281	-0.00043326797874669456881	6.6944410588681721409e-05	-0.0018395441155936180424	-0.00016736102647170431707	0.0045988602889840447807
0	-5	-1	0.0017787431832786610754	-0.0047832910725928321979	-0.00063369231563829364964	0.0002922121079444053404	0.0031684615781914682482	-0.0014610605397220267562
0	-5	0	-0.003391931501077583011	-0.002250566392595500665	0	-0	0.0012697230387891912055	-0.00040492645128764381606
0	-5	1	-0.0011026211123612253851	0.0063659420923509769941	-9.2355160007270351691e-05	-0.00041850911144924443294	-0.0004617758000363517178	-0.0020925455572462221647
0	-5	2	0.0054048401267057866529	-0.00049931040258965084071	-0.00045294368412644476097	-0.0012612588776124606955	-0.0011323592103161118482	-0.0031531471940311520639
0	-5	3	0.0057782548673491057611	0.00099838407152712184585	-0.00054194017338570247503	0.0013374431017880948885	-0.00090323362230950419733	0.0022290718363134915531
0	-5	4	-0.00072050239766919274911	-0.00027291746952070005923	0.00042936555459082505247	-0.00071509138992473860342	0.00053670694323853130204	-0.00089386423740592322717
0	-5	5	-0.00022900727048193915826	0.00069358219428405844687	-0.0020083413051863070742	0.00059541786816428915116	-0.0020083413051863070742	0.00059541786816428915116
0	-5	6	-0.0013481662385086041773	0.00055882636791025218272	-0.00064359556848255753021	7.3973937055300491967e-05	-0.00053632964040213127518	6.1644947546083745564e-05
0	-4	-6	0.0015721810192842590546	-0.00095069222798487929092	0.00015156128007569322279	-0.00071965788804638768528	-0.00010104085338379548186	0.00047977192536425845686
0	-4	-5	0.0012223885813304395491	-0.00045884454656194828808	0.0017410677512888230421	-5.7031586853862641291e-05	-0.001392854201031058347	4.5625269483090110322e-05
0	-4	-4	-0.0025055209750369355354	-0.0035233527909747600765	-0.0017896026580070199113	0.0046711704881002161574	0.0017896026580070199113	-0.0046711704881002161574
0	-4	-3	0.008704737200448398049	-0.0011272184728720025491	0.0014667462519180917476	0.0010017578397554822035	-0.0019556616692241223301	-0.0013356771196739764158
0	-4	-2	-0.0011704766300077804747	-0.0076696949570790370204	0.0028560699930406767411	0.0067856217194622384103	-0.0057121399860813534821	-0.013571243438924476821
0	-4	-1	0.00064388195927407251319	0.0081981436393636832743	0.0028297407248479107197	0.0048362863353029724237	-0.011318962899391642879	-0.019345145341211889695
0	-4	0	-0.0026092918765819755368	-0.0046045383046712014957	0	-0	-0.00033525596978893553194	-0.0031069606113897107504
0	-4	1	-0.0064848013279813314369	-0.0021750592037258075113	-0.00080929708647638556873	0.00025548347149160506976	-0.0032371883459055422749	0.0010219338859664202791
0	-4	2	-0.0074330136785548889602	0.0043951936914651415847	0.002655740467796595481	-0.0014736195243277296855	0.0053114809355931909621	-0.002947239048655459371
0	-4	3	0.002049140541750337375	0.006211949437977789916	0.0019844545017422021184	-0.0018346892007045068583	0.0026459393356562692021	-0.002446252267606009289
0	-4	4	-0.00013382895233904042523	0.0075521442970724536603	0.00016215099888349659854	0.00082031827733630648287	0.00016215099888349659854	0.00082031827733630648287
0	-4	5	0.0022715904162641012941	-0.00095344785304101169632	0.001538308241376757507	3.1379920866279577751e-05	0.0012306465931014060489	2.5103936693023662201e-05
0	-4	6	0.00039163137418836391993	0.00046820514091344841122	-0.00024251163239079215361	-0.00077164290586135306053	-0.00016167442159386143574	-0.00051442860390756874316
0	-3	-6	0.0024949888869003379599	0.001069307977563439295	-0.001468205489076194678	0.00056715171933467863324	0.00073410274453809733902	-0.00028357585966733931662
0	-3	-5	-0.003167101113377430565	-0.0008068622688845385367	-0.0028299332291390195786	-0.0027281986307891858967	0.0016979599374834118339	0.0016369191784735114947
0	-3	-4	-0.0014746490948643765223	-0.0019910871636392118815	0.00055883334657240739049	0.0035776243680884192884	-0.00041912500992930554287	-0.0026832182760663145747
0	-3	-3	-0.0088691017369644953999	-0.011380433961576631383	-0.0030043809901875106159	-0.0090064832417010697724	0.0030043809901875106159	0.0090064832417010697724
0	-3	-2	0.0066673619921714735725	-0.011204437796861829377	0.012908420450018250406	0.0085561992970283832355	-0.019362630675027376476	-0.012834298945542573986
0	-3	-1	0.023921467706657834756	0.026555715655234603256	-0.0030236685239688381246	0.0045933363016277001939	0.0090710055719065152413	-0.013780008904883100582
0	-3	0	-0.02034186579026088168	-0.038324770557991223729	0	-1.429849005774850309e-42	0.035018670609649922565	-0.014980064148516476427
0	-3	1	0.00071369286442464973611	0.021131967378252489859	0.0039904785126027219819	0.00063996349726597114189	0.011971435537808166813	0.0019198904917979134257
0	-3	2	0.018163185815825669267	0.013802065180074762907	-0.0039657661792727345873	0.0054293491026924118464	-0.0059486492689091027483	0.008144023654038618637
0	-3	3	0.0093986545175886726522	-0.024663698576082509345	-0.0033524696586876021401	0.0015262407719238827754	-0.0033524696586876021401	0.0015262407719238827754
0	-3	4	-0.004940897034537437664	-0.00022519510946698810126	0.0058678659784061268367	0.00081518622465944520598	0.0044008994838045951276	0.0006113896684945839587
0	-3	5	-0.0039223919453891687575	0.001623546963750961648	-0.0019607435816531649034	0.0029092311471234687595	-0.001176446148991898942	0.0017455386882740812123
0	-3	6	0.0036421737428705743683	0.0012486868620222647038	-0.0011291460148631017775	0.00016142604834381652163	-0.00056457300743155088875	8.0713024171908260814e-05
0	-2	-6	-0.0026913785341554610948	0.0022565186255954381919	0.0023835459628176215718	0.0014146946850286446808	-0.00079451532093920715447	-0.00047156489500954824499
0	-2	-5	0.00056526236311858031255	0.003998279191058847111	-0.00032844854587080798405	0.0065186616086926260638	0.00013137941834832320446	-0.002607464643477050599
0	-2	-4	-0.0027180659451456951926	0.00091364389517502222343	0.0050956545129173646397	-0.0039086640753115322461	-0.0025478272564586823198	0.001954332037655766123
0	-2	-3	-0.020251676304093767234	0.0022461521871365323563	0.0039519887594339445785	-0.011160889643450353989	-0.0026346591729559630524	0.007440593095633569326
0	-2	-2	-0.0033740898491677684748	-0.0064537006257688062788	0.020685582485962181187	-0.0085414351585320485993	-0.020685582485962181187	0.0085414351585320485993
0	-2	-1	0.039276079525466196796	0.018359718204330424673	0.023604383238864715816	0.0008404128866664946915	-0.047208766477729431632	-0.001680825773332989383
0	-2	0	0.037476191027337610318	0.016460651792693403728	0	-0	0.0028630368717195509368	-0.029448968272138324742
0	-2	1	0.039181004664430717221	-0.0037024347291594551443	-0.0063453130536610799148	0.01372643825575207803	-0.01269062610732215983	0.02745287651150415606
0	-2	2	0.0096013986931090429533	0.028224712599947614916	-0.050455481014223459157	-0.0057072274071478705862	-0.050455481014223459157	-0.0057072274071478705862
0	-2	3	0.026246602352467653108	-0.013417284098568717232	-0.0070935060386724067133	-0.01194775525279773154	-0.0047290040257816044755	-0.0079651701685318210266
0	-2	4	0.010646977784303138237	0.00077206807295627068524	-0.004955571320542127324	-0.011801370918063231602	-0.002477785660271063662	-0.005900685459031615801
0	-2	5	0.0048185203760875410656	-0.0064043157577831216765	-0.001302042341316670673	0.0032450847016718656519	-0.00052081693652666829087	0.0012980338806687461307
0	-2	6	-0.0023892278719259301724	-0.0013519555100174622444	0.00029378465443804808316	-0.0017049686546479242595	9.7928218146016023202e-05	-0.00056832288488264134756
0	-1	-6	0.00038123486078494515624	-0.00073174496016828753566	-0.00026415746421785550645	0.00015942472218637271223	4.4026244036309248816e-05	-2.6570787031062118705e-05
0	-1	-5	0.0043204609311143374675	0.0045986772024641485446	0.00058546321320963488552	-0.0034928123582873482275	-0.00011709264264192698795	0.00069856247165746960213
0	-1	-4	0.0088525789231061503826	0.0047642363871322332067	0.0073842773999728394257	0.031290283020249394508	-0.0018460693499932098564	-0.0078225707550623486269
0	-1	-3	0.0080560279220447394977	0.00079058422627501726953	-0.0072065554103330538988	-0.0074470246265079583642	0.0024021851367776844884	0.0024823415421693193102
0	-1	-2	-0.024428146448176802502	0.017859723098261989782	-0.047143825422643940992	0.0034492812112452979519	0.023571912711321970496	-0.0017246406056226489759
0	-1	-1	-0.046047802214661280595	0.024667413782516686011	-0.031642452427102632506	-0.0083886923803465525407	0.031642452427102632506	0.0083886923803465525407
0	-1	0	-0.010999115022278738163	0.19291409558166358607	0	-0	-0.15506369177886175637	0.041393879606993672082
0	-1	1	0.014916528676635334646	-0.13555563920002577927	-0.0055973514213558239055	-0.0016551246492835230018	-0.0055973514213558239055	-0.0016551246492835230018
0	-1	2	0.035595766610072701597	-0.030855432383389527068	0.042814816284448851957	0.0059602777729262194917	0.021407408142224425979	0.0029801388864631097458
0	-1	3	0.012110497494849175107	-0.011162477059715411945	-0.0024509290892811377328	-0.024217180206619528388	-0.00081697636309371250533	-0.0080723934022065100408
0	-1	4	-0.01058171627059056874	0.02163853955158279857	-0.0023482850908515895752	0.0008875051647794934568	-0.0005870712727128973938	0.0002218762911948733642
0	-1	5	0.0058441497244736346009	0.0036453676386958410588	-0.0057928506814821749404	-0.005517265116724539252	-0.0011585701362964349014	-0.0011034530233449079371
0	-1	6	0.0026200162366495065996	0.0021654176549808766029	-0.00023958174585063523611	-0.00010340787654504301877	-3.9930290975105872686e-05	-1.723464609084050087e-05
0	0	-6	-0.0022117509238875547421	0.0010627252972023484932	-0.0011857983649342222245	0.0031822236756476598649	0	-0
0	0	-5	-0.0023655493168756348832	-0.0020733603837159286093	-0.00032945552583717201871	-0.004475099821200306284	0	-0
0	0	-4	-0.0074419128889855763048	0.013119277345115594458	0.010982564529354083352	-0.0027038051661305590595	0	-0
0	0	-3	0.026326625661399732925	0.018448231179368099197	0.0086558856264358080557	-0.0041883135628474942383	-2.2341390715232036079e-44	-0
0	0	-2	-0.0054256738167766270162	-0.0044096876913246839391	0.070040258764851218154	-0.040162940423878822072	0	-0
0	0	-1	0.065673939502477990393	-0.063044111467935509685	0.030038627189385425781	-0.047151473901274734701	0	-0
0	0	1	0.065673939502477990393	0.063044111467935509685	0.030038627189385425781	0.047151473901274734701	0	0
0	0	2	-0.0054256738167766270162	0.0044096876913246839391	0.070040258764851218154	0.040162940423878822072	0	0
0	0	3	0.026326625661399732925	-0.018448231179368099197	0.0086558856264358080557	0.0041883135628474942383	-2.2341390715232036079e-44	0
0	0	4	-0.0074419128889855763048	-0.013119277345115594458	0.010982564529354083352	0.0027038051661305590595	0	0
0	0	5	-0.0023655493168756348832	0.0020733603837159286093	-0.00032945552583717201871	0.004475099821200306284	0	0
0	0	6	-0.0022117509238875547421	-0.0010627252972023484932	-0.0011857983649342222245	-0.0031822236756476598649	0	0
0	1	-6	0.0026200162366495065996	-0.0021654176549808766029	-0.00023958174585063523611	0.00010340787654504301877	-3.9930290975105872686e-05	1.723464609084050087e-05
0	1	-5	0.0058441497244736346009	-0.0036453676386958410588	-0.0057928506814821749404	0.005517265116724539252	-0.0011585701362964349014	0.0011034530233449079371
0	1	-4	-0.01058171627059056874	-0.02163853955158279857	-0.0023482850908515895752	-0.0008875051647794934568	-0.0005870712727128973938	-0.0002218762911948733642
0	1	-3	0.012110497494849175107	0.011162477059715411945	-0.0024509290892811377328	0.024217180206619528388	-0.00081697636309371250533	0.0080723934022065100408
0	1	-2	0.035595766610072701597	0.030855432383389527068	0.042814816284448851957	-0.0059602777729262194917	0.021407408142224425979	-0.0029801388864631097458
0	1	-1	0.014916528676635334646	0.13555563920002577927	-0.0055973514213558239055	0.0016551246492835230018	-0.0055973514213558239055	0.0016551246492835230018
0	1	0	-0.010999115022278738163	-0.19291409558166358607	0	0	-0.15506369177886175637	-0.041393879606993672082
0	1	1	-0.046047802214661280595	-0.024667413782516686011	-0.031642452427102632506	0.0083886923803465525407	0.031642452427102632506	-0.0083886923803465525407
0	1	2	-0.024428146448176802502	-0.017859723098261989782	-0.047143825422643940992	-0.0034492812112452979519	0.023571912711321970496	0.0017246406056226489759
0	1	3	0.0080560279220447394977	-0.00079058422627501726953	-0.0072065554103330538988	0.0074470246265079583642	0.0024021851367776844884	-0.0024823415421693193102
0	1	4	0.0088525789231061503826	-0.0047642363871322332067	0.0073842773999728394257	-0.031290283020249394508	-0.0018460693499932098564	0.0078225707550623486269
0	1	5	0.0043204609311143374675	-0.0045986772024641485446	0.00058546321320963488552	0.0034928123582873482275	-0.00011709264264192698795	-0.00069856247165746960213
0	1	6	0.00038123486078494515624	0.00073174496016828753566	-0.00026415746421785550645	-0.00015942472218637271223	4.4026244036309248816e-05	2.6570787031062118705e-05
0	2	-6	-0.0023892278719259301724	0.0013519555100174622444	0.00029378465443804808316	0.0017049686546479242595	9.7928218146016023202e-05	0.00056832288488264134756
0	2	-5	0.0048185203760875410656	0.0064043157577831216765	-0.001302042341316670673	-0.0032450847016718656519	-0.00052081693652666829087	-0.0012980338806687461307
0	2	-4	0.010646977784303138237	-0.00077206807295627068524	-0.004955571320542127324	0.011801370918063231602	-0.002477785660271063662	0.005900685459031615801
0	2	-3	0.026246602352467653108	0.013417284098568717232	-0.0070935060386724067133	0.01194775525279773154	-0.0047290040257816044755	0.0079651701685318210266
0	2	-2	0.0096013986931090429533	-0.028224712599947614916	-0.050455481014223459157	0.0057072274071478705862	-0.050455481014223459157	0.0057072274071478705862
0	2	-1	0.039181004664430717221	0.0037024347291594551443	-0.0063453130536610799148	-0.01372643825575207803	-0.01269062610732215983	-0.02745287651150415606
0	2	0	0.037476191027337610318	-0.016460651792693403728	0	0	0.0028630368717195509368	0.029448968272138324742
0	2	1	0.039276079525466196796	-0.018359718204330424673	0.023604383238864715816	-0.0008404128866664946915	-0.047208766477729431632	0.001680825773332989383
0	2	2	-0.0033740898491677684748	0.0064537006257688062788	0.020685582485962181187	0.0085414351585320485993	-0.020685582485962181187	-0.0085414351585320485993
0	2	3	-0.020251676304093767234	-0.0022461521871365323563	0.0039519887594339445785	0.011160889643450353989	-0.0026346591729559630524	-0.007440593095633569326
0	2	4	-0.0027180659451456951926	-0.00091364389517502222343	0.0050956545129173646397	0.0039086640753115322461	-0.0025478272564586823198	-0.001954332037655766123
0	2	5	0.00056526236311858031255	-0.003998279191058847111	-0.00032844854587080798405	-0.0065186616086926260638	0.00013137941834832320446	0.002607464643477050599
0	2	6	-0.0026913785341554610948	-0.0022565186255954381919	0.0023835459628176215718	-0.0014146946850286446808	-0.00079451532093920715447	0.00047156489500954824499
0	3	-6	0.0036421737428705743683	-0.0012486868620222647038	-0.0011291460148631017775	-0.00016142604834381652163	-0.00056457300743155088875	-8.0713024171908260814e-05
0	3	-5	-0.0039223919453891687575	-0.001623546963750961648	-0.0019607435816531649034	-0.0029092311471234687595	-0.001176446148991898942	-0.0017455386882740812123
0	3	-4	-0.004940897034537437664	0.00022519510946698810126	0.0058678659784061268367	-0.00081518622465944520598	0.0044008994838045951276	-0.0006113896684945839587
0	3	-3	0.0093986545175886726522	0.024663698576082509345	-0.0033524696586876021401	-0.0015262407719238827754	-0.0033524696586876021401	-0.0015262407719238827754
0	3	-2	0.018163185815825669267	-0.013802065180074762907	-0.0039657661792727345873	-0.0054293491026924118464	-0.0059486492689091027483	-0.008144023654038618637
0	3	-1	0.00071369286442464973611	-0.021131967378252489859	0.0039904785126027219819	-0.00063996349726597114189	0.011971435537808166813	-0.0019198904917979134257
0	3	0	-0.02034186579026088168	0.038324770557991223729	0	1.429849005774850309e-42	0.035018670609649922565	0.014980064148516476427
0	3	1	0.023921467706657834756	-0.026555715655234603256	-0.0030236685239688381246	-0.0045933363016277001939	0.0090710055719065152413	0.013780008904883100582
0	3	2	0.0066673619921714735725	0.011204437796861829377	0.012908420450018250406	-0.0085561992970283832355	-0.019362630675027376476	0.012834298945542573986
0	3	3	-0.0088691017369644953999	0.011380433961576631383	-0.0030043809901875106159	0.0090064832417010697724	0.0030043809901875106159	-0.0090064832417010697724
0	3	4	-0.0014746490948643765223	0.0019910871636392118815	0.00055883334657240739049	-0.0035776243680884192884	-0.00041912500992930554287	0.0026832182760663145747
0	3	5	-0.003167101113377430565	0.0008068622688845385367	-0.0028299332291390195786	0.0027281986307891858967	0.0016979599374834118339	-0.0016369191784735114947
0	3	6	0.0024949888869003379599	-0.001069307977563439295	-0.001468205489076194678	-0.00056715171933467863324	0.00073410274453809733902	0.00028357585966733931662
0	4	-6	0.00039163137418836391993	-0.00046820514091344841122	-0.00024251163239079215361	0.00077164290586135306053	-0.00016167442159386143574	0.00051442860390756874316
0	4	-5	0.0022715904162641012941	0.00095344785304101169632	0.001538308241376757507	-3.1379920866279577751e-05	0.0012306465931014060489	-2.5103936693023662201e-05
0	4	-4	-0.00013382895233904042523	-0.0075521442970724536603	0.00016215099888349659854	-0.00082031827733630648287	0.00016215099888349659854	-0.00082031827733630648287
0	4	-3	0.002049140541750337375	-0.006211949437977789916	0.0019844545017422021184	0.0018346892007045068583	0.0026459393356562692021	0.002446252267606009289
0	4	-2	-0.0074330136785548889602	-0.0043951936914651415847	0.002655740467796595481	0.0014736195243277296855	0.0053114809355931909621	0.002947239048655459371
0	4	-1	-0.0064848013279813314369	0.0021750592037258075113	-0.00080929708647638556873	-0.00025548347149160506976	-0.0032371883459055422749	-0.0010219338859664202791
0	4	0	-0.0026092918765819755368	0.0046045383046712014957	0	0	-0.00033525596978893553194	0.0031069606113897107504
0	4	1	0.00064388195927407251319	-0.0081981436393636832743	0.0028297407248479107197	-0.0048362863353029724237	-0.011318962899391642879	0.019345145341211889695
0	4	2	-0.0011704766300077804747	0.0076696949570790370204	0.0028560699930406767411	-0.0067856217194622384103	-0.0057121399860813534821	0.013571243438924476821
0	4	3	0.008704737200448398049	0.0011272184728720025491	0.0014667462519180917476	-0.0010017578397554822035	-0.0019556616692241223301	0.0013356771196739764158
0	4	4	-0.0025055209750369355354	0.0035233527909747600765	-0.0017896026580070199113	-0.0046711704881002161574	0.0017896026580070199113	0.0046711704881002161574
0	4	5	0.0012223885813304395491	0.00045884454656194828808	0.0017410677512888230421	5.7031586853862641291e-05	-0.001392854201031058347	-4.5625269483090110322e-05
0	4	6	0.0015721810192842590546	0.00095069222798487929092	0.00015156128007569322279	0.00071965788804638768528	-0.00010104085338379548186	-0.00047977192536425845686
0	5	-6	-0.0013481662385086041773	-0.00055882636791025218272	-0.00064359556848255753021	-7.3973937055300491967e-05	-0.00053632964040213127518	-6.1644947546083745564e-05
0	5	-5	-0.00022900727048193915826	-0.00069358219428405844687	-0.0020083413051863070742	-0.00059541786816428915116	-0.0020083413051863070742	-0.00059541786816428915116
0	5	-4	-0.00072050239766919274911	0.00027291746952070005923	0.00042936555459082505247	0.00071509138992473860342	0.00053670694323853130204	0.00089386423740592322717
0	5	-3	0.0057782548673491057611	-0.00099838407152712184585	-0.00054194017338570247503	-0.0013374431017880948885	-0.00090323362230950419733	-0.0022290718363134915531
0	5	-2	0.0054048401267057866529	0.00049931040258965084071	-0.00045294368412644476097	0.0012612588776124606955	-0.0011323592103161118482	0.0031531471940311520639
0	5	-1	-0.0011026211123612253851	-0.0063659420923509769941	-9.2355160007270351691e-05	0.00041850911144924443294	-0.0004617758000363517178	0.0020925455572462221647
0	5	0	-0.003391931501077583011	0.002250566392595500665	0	0	0.0012697230387891912055	0.00040492645128764381606
0	5	1	0.0017787431832786610754	0.0047832910725928321979	-0.00063369231563829364964	-0.0002922121079444053404	0.0031684615781914682482	0.0014610605397220267562
0	5	2	0.0015076005925631565281	0.00043326797874669456881	6.6944410588681721409e-05	0.0018395441155936180424	-0.00016736102647170431707	-0.0045988602889840447807
0	5	3	0.00035835137339126742076	-0.0018522432074085468795	0.0023105465572082154596	-0.00064908218598537634116	-0.0038509109286803590994	0.0010818036433089604602
0	5	4	0.00056451370921234899844	0.0018464815725607172311	-0.00035971337359716113163	0.00012090390409634977807	0.00044964171699645144164	-0.00015112988012043723275
0	5	5	-0.00094669556561976402672	-0.0010240923439471655548	-0.0005786578095391798314	-0.00010063951448305095266	0.0005786578095391798314	0.00010063951448305095266
0	5	6	-0.00084810015934486397866	0.00099238379811607897903	0.00037741449696844698745	0.0012315602676074828645	-0.00031451208080703914717	-0.001026300223006235612
0	6	-6	0.00038066580535810038734	-0.00033382353186049452129	-1.7686567214674162062e-05	-1.6732120310804929954e-05	-1.7686567214674162062e-05	-1.6732120310804929954e-05
0	6	-5	-0.00016807941987660452842	-0.00084710193293634163027	0.00032247580757647391955	-0.0002315255276204412644	0.00038697096909176873598	-0.0002778306331445294956
0	6	-4	-0.0002137302748954184148	0.00034302988834097327634	0.00039202900622203456235	0.00018150008042718554849	0.00058804350933305187064	0.00027225012064077832273
0	6	-3	0.00016128968476800215558	0.0011688314474486661762	-0.00097866533395669355264	-0.0011531985925985340728	-0.0019573306679133871053	-0.0023063971851970681455
0	6	-2	0.0042577354246842594523	0.0021775474630898058147	0.00078122873321531238061	-0.00025295547940307108042	0.0023436861996459371418	-0.00075886643820921324127
0	6	-1	0.0011330337548358610043	-0.00017967597382260812712	-0.00071651345068812083167	7.2659508955763777973e-06	-0.0042990807041287252069	4.3595705373458263395e-05
0	6	0	0.0034944664436345768826	-0.00015562418717612595711	-8.9365562860928144315e-44	0	-0.00041712136379899598026	0.00015871545666897761764
0	6	1	0.0012121946409327727726	0.0028796425743801297957	0.00031589873084485756366	-2.6862628288906552484e-05	-0.0018953923850691452736	0.0001611757697334393149
0	6	2	0.0035940228848147307006	0.00077485555923796872561	-0.00065995792037943095017	-0.00066354770305338439847	0.0019798737611382930673	0.0019906431091601534122
0	6	3	-0.00066002826384787811973	0.00045489606991790191562	-0.00025032643582574852547	-0.00071010946889918890017	0.00050065287165149705093	0.0014202189377983778003
0	6	4	0.00021825955103748441227	-3.6244238960400397629e-05	-0.00055185727652538602971	-0.0011887743892124730954	0.00082778591478807909878	0.0017831615838187096432
0	6	5	0.00028861456457113411752	0.00043774302859496747172	-0.00046399852285947188997	-0.00076419665127984426345	0.0005567982274313662246	0.00091703598153581309445
0	6	6	-9.49066034677015257e-05	-0.00013167598101810276006	0.00011254928381342860591	0.00015780783391607225213	-0.00011254928381342860591	-0.00015780783391607225213
1	-6	-6	0.00042503424608028041697	-0.00016406729961504940441	7.8209094837923887121e-05	-0.00013660523184928294728	-7.3700538245438258146e-06	0.00010926068191344139795
1	-6	-5	-0.00022781068827915925508	-0.00053249664516187230918	0.00031887386195485092726	-0.00069882235666989683549	-0.00042821077200165297456	0.00073208749897150178412
1	-6	-4	0.00050888772024455103393	-0.0013401808263613040981	-2.8433130613086603737e-05	-6.0000386899503633804e-05	0.00016987162598076766917	-0.00024504462624107059077
1	-6	-3	0.00087606160082823311339	-0.0013551771263053831972	0.00024543614988352494303	-0.00066541917735162654183	-0.00019885176615763887537	0.00087911264593479212636
1	-6	-2	-0.00014741873440292968165	0.00011056858176666384405	0.00062159020654955869645	-0.0001087088596997071784	-0.0019384799868501407811	0.00038141086998245342333
1	-6	-1	0.0027061942075914534496	-0.0008435234700469655374	0.00037888169793330069143	-0.00044109262954808740528	0.00043290401999164930102	0.0018030323072415587859
1	-6	0	-0.0011640856333413531366	-0.0010445719306857298696	-0.00019401427222355885609	-0.00017409532178095496924	-0.00013595742244458208195	-0.0022918325816615168523
1	-6	1	-0.00036671278969850693973	-0.002560183984901704627	-0.00033532689526571984222	-0.00057784971200443963589	-0.0016452485818958121136	-0.00090691428712493307989
1	-6	2	-0.00053000298971185078913	0.0017956771073880438503	-0.00091795662181993749155	-0.00010467274849613676495	-0.0024888683706038869717	-0.0012118567991824321251
1	-6	3	0.0011252679458446264698	0.0017822106509056843873	0.00038396649324660704064	0.0012356490148713002771	0.00039284367121167188854	0.0018772278127740390195
1	-6	4	-0.00013507195525179683431	-0.00087492841841325973747	-0.00056942686676640197167	-0.00012780271541049372463	-0.00082037231133665370827	2.7028031487574344041e-05
1	-6	5	-0.00056828493036897940321	-0.0009135839610678152126	-0.00025926543862355068025	-0.00090507115058633931873	-0.00019746154027446490855	-0.00090336858849004411827
1	-6	6	-0.00055857822869516860105	-0.00035773456620213288197	-0.00016897996457229571676	-0.00025923736549191917162	-7.5883593123100945396e-05	-0.00019961493779156367322
1	-5	-6	0.00031467353522020708985	-0.00076928420050870432827	0.00069673315137496437399	0.00063315592577656211893	-0.00052816537027576917519	-0.00065584397156525254136
1	-5	-5	0.0010060501914421465103	-0.0021430026791988284439	0.00078295294306079141287	-0.00010872320095706076136	-0.00058174290477236206744	-0.00031987733488270494097
1	-5	-4	-0.00015538074348839554383	-7.0334564989118188096e-05	-0.00034114902645802685967	0.0034281053633052277832	0.00038759109720043466831	-0.0043027153453788144488
1	-5	-3	0.00097053852822494822167	0.00059684300724262436509	-0.0022838470643958327239	0.0016648689339735468426	0.0041299246167347033326	-0.0025758338875417033549
1	-5	-2	-0.0041072216548446198112	0.001002275984848637275	0.0012011586365849565364	0.0019556086064495027677	-0.0050565074188847012465	-0.00438788352369943839
1	-5	-1	0.0090091573990026367624	-0.0021858971423407889088	0.002918983046089932646	0.00013849206783612860228	-0.0055857578314470277686	-0.0028783574815214318932
1	-5	0	0.0041246274294576218758	-0.0063825872454638249431	0.00082492548589152439684	-0.0012765174490927649453	-0.0053883592189159683697	0.0034929023070826388173
1	-5	1	-0.0046100301113716837809	-0.0079664986491088541493	-0.0015384773987183945725	-0.0025192060896197464824	-0.0030823568822202890814	-0.0046295317989898795638
1	-5	2	-0.0052911718812717646598	-0.00073388835152379816584	-0.00091144393828224579829	-0.00021137379917931189044	0.00036697609493026788841	-0.00016149032218638065673
1	-5	3	-0.0044777894627761813395	0.0011806841479262328819	-0.00031104810849836759222	-0.00036024766663310332825	0.00097418297342811445948	-0.00099397416036391648964
1	-5	4	0.0017964757228557373583	0.00044097800004704756265	0.00033876314782757907139	0.00088179387094309744609	-2.5664995929460520665e-05	0.00099199783866711003892
1	-5	5	-0.0006317103958970269207	0.0013762616403758213147	0.0013141653633403371521	-0.00012708530826987361078	0.0014405074425197425796	-0.0004023376363450378683
1	-5	6	0.0015893221337638073227	-9.749879722123453731e-05	0.00063428105662944721937	5.9073965368347701389e-05	0.00026368052489723816517	6.54781040104955006e-05
1	-4	-6	0.00023139025763672300983	0.00129558199616136723	-0.00084115406596368285687	0.0010924890712653914648	0.00059933442024857571696	-0.00051239571481669977156
1	-4	-5	0.00082060843992322980364	0.0011240102705553369714	-0.00099183096240270437333	-0.0014054900655247693289	0.00095758645790680954613	0.001349194106530882814
1	-4	-4	0.0025453866048746995494	-0.0009524923299417838423	0.0014146634923587616487	-0.0019257847077870779082	-0.00077831684114008665293	0.0016876616253016318934
1	-4	-3	0.00019502792490016238654	-0.0002957044538075920769	-0.0057860751015617250745	-0.0029287114527014163588	0.0077797761103823538306	0.0038063804523326915351
1	-4	-2	0.00079185916663144248571	0.002534206220946191683	0.0023169432572939007223	0.00012232790671988112621	-0.0042379569312720796054	0.0010224472970333335891
1	-4	-1	0.016983956531922621974	-0.010184711095440673531	0.0023516995316271494844	0.00057579310249520742476	0.007577158405414024904	-0.01248788350542150323
1	-4	0	0.015876497208269259309	0.0094751806822016681336	0.0039691243020673148273	0.0023687951705504170334	-0.0075386794428616713329	-0.0094232115897695967882
1	-4	1	0.011815677800352569066	-0.0021903454530288694185	-0.0010702061115079629979	-0.0036896548455788726571	-0.016096502246384421925	-0.01256827392928662121
1	-4	2	0.0040283668097485106699	-0.0050961911605156345537	-0.004373115868783449163	0.002100807101909591551	-0.010760415142441153227	0.0067497097840769999452
1	-4	3	-0.0034031666613347556251	-0.0030226263446614860288	-0.0042818931319377716294	0.0032921297331171077948	-0.0045748019554721110203	0.005397048425709972258
1	-4	4	-0.0038418441771666598898	-0.00039281419036249747706	-0.0020461869425120256423	-0.0029450901604798152347	-0.0010857258982203607783	-0.0028468866128891910823
1	-4	5	-0.0032158450641019483036	-0.00096493585247878611941	-0.0015862300133402591241	-0.0005408065824422544866	-0.00062581499785181759522	-0.00023965809545804634914
1	-4	6	-0.0018765305369070426483	-0.00015513212787870815645	-0.00032120354323000177435	0.0019153470041718978229	9.8619393997839263004e-05	0.0013027533574277165747
1	-3	-6	-0.00086269496787024380763	0.00077133455144354234369	0.0017374194090910754975	0.0012005286345134439253	-0.0010124921991905783472	-0.00047170855868279825676
1	-3	-5	-0.00059225180185150112355	0.0008337342083215033145	0.00063846030807227372849	0.0058673469149088134864	-0.00050152654521366444012	-0.0033536613072809875156
1	-3	-4	-0.0031654878208907900536	0.0018876269237767654731	-0.00069581401816231258552	-0.00069084268011128683804	-0.00026951144160096310136	0.0009900387410276564968
1	-3	-3	-0.0018618093827700795979	-0.0075702853186676456049	6.4275625609825653051e-05	0.0074396469456357514072	-0.00068487875319985219019	-0.0099630753851916338537
1	-3	-2	-0.020101006181430177561	0.0050498459044872245557	-0.0025077570739883260978	0.0052161626774625555539	-0.0062888674797325992	-0.0052993210639502210529
1	-3	-1	-0.010078563605460539795	0.0059251528569309640584	-0.0039776167734375759283	-0.00036463646510342799002	0.0018542867148521897241	0.0070190622522412482454
1	-3	0	0.0049706917165280107077	0.01243675264694994384	0.0016568972388426703082	0.0041455842156499812801	0.019496793662173158429	0.019032249153036879391
1	-3	1	-0.00024517958011241919357	0.012200298977351139301	0.0024443245019340523703	0.0043786294191979465221	0.0075781530859145755999	0.00093558928024270059023
1	-3	2	0.014235912338602213847	0.013460172216184963442	0.0080431180221854428614	-0.004759993516282126115	0.004946720863977056501	-0.01387007638251567046
1	-3	3	0.0054411708042836175181	0.011583169065356989716	0.0036395242469220915986	0.0031458636694471579093	0.0018258006454942190926	-0.00071519268567183855428
1	-3	4	0.0088442601023211598471	0.0022181654993223029297	-0.0018753885150977515298	-0.0068203662816463924215	-0.0036176064119036034465	-0.0056698160860653703738
1	-3	5	-0.0027033524548565903388	-0.0029617179587717035183	0.0059248774336914319938	-0.0038640052898405137863	0.0040955969511861775242	-0.0017260595821499676115
1	-3	6	-0.0026054567671445643708	0.00061800729663441110635	-0.0022609440125387425882	-0.00043119575915892538725	-0.00069622921174527716004	-0.00031859909568519791416
1	-2	-6	-0.0012566269292401158978	0.0010211780622605879341	-0.003060366480214780395	0.0022769353704045428716	0.00081068433853157418484	-0.00058878211309141626536
1	-2	-5	-0.0028766054116069850015	0.00087640180759155836537	0.0044171371264210401025	0.0085055410707283157085	-0.0023421759328898128678	-0.0032269360667730147621
1	-2	-4	-0.0051434299178771836908	-0.0026729052200878422076	0.00098312337262676042018	0.011099452589717024448	-0.0017774191657826759159	-0.006217952599880473101
1	-2	-3	0.0086816116196918539233	0.0081013869474131292026	0.00060904939453752826063	-0.0082570214534709845261	0.0024878376102055988449	0.0082051432847850321733
1	-2	-2	-0.017472971777354490142	-0.029390661900731963191	0.032210945364871783336	0.0093080374449953286881	-0.040947431253549028407	-0.024003368395361310283
1	-2	-1	-0.032061331684637303652	-0.020039841179405243343	-0.01263996914085533177	-0.0044893337123459138918	-0.00678139340292664098	-0.01106117375471341556
1	-2	0	0.024963644331850720626	-0.030941274331151163296	0.012481822165925360313	-0.015470637165575581648	-0.010063998694919040061	0.018974251662744377744
1	-2	1	-0.022828175882494496779	0.026500454560515054186	-0.0098237440226075414124	0.023710308094963519071	0.0031806878372794130869	0.020920161629411987425
1	-2	2	0.0084156401809803958736	0.0055453338534148929537	0.013907589978466498512	-0.0059205282315675268612	0.0096997698879763005753	-0.0086931951582749737717
1	-2	3	-0.019460351293038434528	0.00028729678247039130501	-0.0092487670666216107579	0.0023861418009551642154	0.00032093905326507107638	0.0014949956064799789154
1	-2	4	-0.0081272549842200999398	0.0047269731516778835598	-0.0033368517422095538526	0.0048177402764242836797	0.00036338787495024800446	0.0012271268502926711667
1	-2	5	-0.0032370213872155192796	0.0064242534173129086164	0.0004296142961819092226	0.00031892152017381580984	0.00081924999591586754495	-0.0011572820753930554427
1	-2	6	-0.00017288007948382613527	0.00035323756136071697738	0.0020625687132044398173	0.0010738488842124164699	0.00071633625098211761023	0.00029907670117735267847
1	-1	-6	0.002542875436708248553	-0.00092506325976593841744	0.0023548098599691686013	-0.0015470547882643680224	3.1344262789846676683e-05	0.00010366525474973827653
1	-1	-5	-0.0057422401249636679035	0.00040183258453529714345	-0.0070839121757481724601	-0.0025530096822548339723	0.00026833441015690074867	0.00059096845335802623399
1	-1	-4	-0.018331685590201277081	0.0050259043188840271318	0.0098463756312817014849	0.021370345469016720219	-0.007044515305370743774	-0.004086110287533173055
1	-1	-3	-0.0047696979720300933941	0.021670689627351864825	0.016390462592985648171	0.023559022097258925516	-0.0070533868550052471885	-0.00062944415663568657141
1	-1	-2	0.02011213811632286616	-0.00405689443380440138	0.055252100606628093415	0.039916652454170212239	-0.017569981245152611893	-0.021986773443987306376
1	-1	-1	0.027913599578953198627	-0.041092335147811083484	0.056946224227068624468	-0.030608202060781408704	-0.029032624648115425842	-0.01048413308702967825
1	-1	0	0.044281576663666701033	0.031832625380604114007	0.044281576663666701033	0.031832625380604114007	-0.026460176078912350794	0.098188611512102813572
1	-1	1	-0.00068914703641945987585	-0.015446443453731778517	0.029190179357874126292	-0.0093703911164700823266	0.029879326394293588554	0.0060760523372616953228
1	-1	2	0.00090942972163962024906	0.049775526636706549088	-0.0033263095075515797076	0.034020074053849380658	-0.0021178696145956001952	-0.0078777262914285859502
1	-1	3	0.020265229133592695121	0.026725091339569490012	-0.016803152344736033141	0.019170803524471310281	-0.012356127159442909999	-0.0025180959383660599105
1	-1	4	-0.0073237386940085162298	0.00060199352942344507358	0.0020620496668613472191	-0.0056362967470690835195	0.0023464470902174656454	-0.0015595725691231322567
1	-1	5	-0.0022292716716547419237	-0.0050791099651750059446	-0.0025536011873961727593	0.00188616323398271943	-6.4865903148286161708e-05	0.0013930546398315450749
1	-1	6	-0.00085786941969774751192	0.0022744156387535159093	-0.0045182318140498207645	-0.00049800131737727732287	-0.0006100603990586788393	-0.00046206949268846555677
1	0	-6	0.0026187336526385268133	-0.00022720634395569081257	-0.0027062218173456221472	0.0018230764954479887052	0.00043645560877308780222	-3.7867723992615135429e-05
1	0	-5	-0.00010269338825357990808	0.0062288656926127129385	-0.0074200803239485189564	0.0049830832458753453879	-2.0538677650715982971e-05	0.0012457731385225425443
1	0	-4	0.0070426826224831273054	-0.0226053254348574581	0.021728348788463653501	0.0067722228874368727361	0.0017606706556207818264	-0.005651331358714364525
1	0	-3	-0.0070048649628440470827	-0.0097921290154486008428	-0.0099069852943401183476	0.0054237302695338725222	-0.0023349549876146825055	-0.0032640430051495334697
1	0	-2	0.0051362960874041362763	0.0078756613114399787873	0.027282709401034995617	-0.067064249543196979841	0.0025681480437020681382	0.0039378306557199893936
1	0	-1	0.03225978370811294349	0.034805670402706649635	0.022036283549953947225	-0.079390389059121255211	0.03225978370811294349	0.034805670402706649635
1	0	0	0	0	-0.096475196311762378976	0.1206416226338489911	0.15031061315305804804	-0.1278220637600383236
1	0	1	0.012963158808970165828	-0.00024156210385583082507	-0.019667135369178575383	0.11657056413423592944	-0.012963158808970165828	0.00024156210385583082507
1	0	2	-0.019844806682955972582	0.034256469110953903512	-0.044225782582146065669	-0.016101644993675345158	0.0099224033414779862911	-0.017128234555476951756
1	0	3	0.01386131341850424005	-0.0021058545560262873983	-0.0056245211388663649693	0.0093416877463526094838	-0.0046204378061680800166	0.00070195151867542913277
1	0	4	0.0083253587295512524596	0.008700108693529669257	-0.029064472947152118071	-0.0092549158844420532921	-0.0020813396823878131149	-0.0021750271733824173143
1	0	5	0.0034575932017081962774	-0.0081420762588623914191	0.0045068193157137004246	0.00098106007051931409108	-0.00069151864034163921212	0.0016284152517724781103
1	0	6	-0.00072803694669502287771	0.0025386377641970067284	1.5953080275551334073e-05	-0.0041755522530931860753	0.0001213394911158371508	-0.00042310629403283445474
1	1	-6	0.00078218997495089353806	0.0021862486508361670887	-0.00012814379903572907125	0.0013403064558439278017	0.00010900769598586074899	0.00058775918444668251786
1	1	-5	-0.0015693474582282186235	0.006507419450060519632	-0.002812874751143502796	-0.0014381265173591310878	-0.00087644444187434428391	0.0010138585865402777956
1	1	-4	0.033417072437398755158	0.003016083242000550807	1.7242893228911404177e-05	0.024723884538507386044	0.0083585788326569175621	0.0069349919451269842127
1	1	-3	0.033755251037349137677	0.011162482298153243027	-0.0052991246604367188769	-0.0025061347481522503605	0.0094853754589708065559	0.002885449183333664222
1	1	-2	0.019883402396782802468	-0.0023544461671004064847	-0.0090349635115177014816	0.05771900334425305451	0.0054242194426325513607	0.02768227858857632423
1	1	-1	0.01307339230249231557	-0.030931939372959807444	-0.037517448915547209343	-0.0076757350364214122634	-0.024444056613054897242	-0.038607674409381217973
1	1	0	-0.024981529265583297256	-0.017199629235254011717	0.024981529265583297256	0.017199629235254011717	-0.11526000110204986937	0.013712690864543648078
1	1	1	0.0098875574960210575043	0.037875383153796203517	-0.044359029612706900314	-0.063976777682794222502	0.034471472116685844544	0.026101394528998018985
1	1	2	-0.012301652687710719694	-0.01194259818390441992	-0.044059993865852756234	-0.030086376788536886573	0.028180823276781740566	0.021014487486220652379
1	1	3	-0.0034707649089457852723	0.0076609461018995583109	-0.02485947903781179566	-0.0094549179771666515965	0.0094434146489191933549	0.00059799062508903116746
1	1	4	-0.0044496635733682144212	0.0015660576054003028448	0.0081270371797963203431	0.0038489758664851975341	-0.00091934340160702669731	-0.0013537583679713752031
1	1	5	-0.0021362872783473340656	-0.0085152216427887648248	0.0012993844490533971135	0.0012316493556356834706	0.00016738056585878738499	0.0014567144574306164009
1	1	6	-0.00033495021019598923218	-5.8932450054621660107e-05	0.00048844859314703371021	0.0028338297088499118763	-2.5583063825174077413e-05	-0.00046248287646588170496
1	2	-6	0.0011150059180998997833	-0.0030868849945392914415	-0.0016675040388245843809	0.0011498727816258015426	-0.00037000035992487814501	-0.00013118990521461475316
1	2	-5	-0.0020694302315961846453	0.0018469986741877645123	-0.0025507275298078187394	-0.0048910309945915950505	-0.0014341770582423645115	-0.0015870126629990851611
1	2	-4	-0.012014143174098627573	0.0039709530161046620311	-0.0028583854574411498087	-0.0071100730061056096817	-0.0044327285222452317975	-0.0025622982490266393331
1	2	-3	0.0051868949201864132312	0.021629942001212550118	0.0052029283132726637795	-0.015012011627450990922	0.0051975838489105802634	-0.0027980270845631436197
1	2	-2	-0.016230370775425436575	0.029736459167915250956	0.010148216418403629285	0.00022776433722874851674	0.0020330310306909118653	0.015095993921186373968
1	2	-1	-0.0068963842239380956922	0.030224832195116221878	0.0066631675320992832592	-0.011165127753784904671	0.0064299508402604708263	0.0078945766875464090662
1	2	0	0.015108977286578305355	0.074365332614457782534	-0.0075544886432891526773	-0.037182666307228891267	-0.019867323665525113419	0.018306276438896804115
1	2	1	0.035540907726835407887	0.02295982634264795777	-0.012356967820788686968	-0.01787549240710040524	-0.010826972085258033951	0.012791158471552854445
1	2	2	0.016842700140275064513	-0.0030899875029001826372	0.015619568491629893386	0.020868241156460021202	-0.024040918561767425643	-0.0193232474050099301
1	2	3	0.0030678428624342645066	0.01688312445957492261	-0.0017868412756681050467	-0.0068967061293126611168	0.00016861322963398196165	-0.0010299040669832005591
1	2	4	-0.0053770210586433758032	0.00096938315274537579461	-0.005218964187333889268	-0.0084994471739581970576	0.0039537373583277881511	0.0040073777987927544988
1	2	5	0.00311584087751703466	-0.0013290855232022287524	-0.0052337397997280713652	0.0017630318193961765343	0.0014703277443878217876	-0.00043939562311802487409
1	2	6	0.0035470993388482859737	0.00043308629608565003691	-0.00040872449737284501613	0.0013009162014020708535	-0.00045494172401709930551	-0.00050581978314829861496
1	3	-6	0.00084864767865565186606	0.0016049914423963544154	0.001688688644214775313	0.0010397631719758107342	0.00098578560188332972451	0.00078738015972063110301
1	3	-5	0.0051661024141289200659	-0.0040258079574643354168	-0.00043229392428685434538	0.0026078771963905685027	0.00077384412825367144932	0.00075956472634147395324
1	3	-4	-0.0060255033643919556074	-0.0051834250920670304	-0.0029859284170674336469	0.002941956353057959949	-0.0037458221538985642454	0.00091061099177671247021
1	3	-3	0.014161063542631236595	-0.012945156621511489173	0.0076647024668877305337	0.0073214976921515831712	0.012385056981098142154	0.0030064454849810873585
1	3	-2	-0.027984123244330198071	0.045508097337497672996	0.015243574423975135568	-0.0074428885740134330742	0.0088733000137976060506	0.011589715807728684718
1	3	-1	0.026426782218016031667	0.00020694249375308878766	-0.0097350141980698384758	-0.00084556033597081386131	-0.0027782603761934854952	-0.002329738514159352715
1	3	0	0.030310504671842587038	-0.015097925343857350466	-0.010103501557280862924	0.0050326417812857834888	0.014622353768996317405	0.0063304273092647921767
1	3	1	-0.003640380758819227857	0.016374087927080234472	0.00043442568827781619925	-0.012864452685174172786	0.0023371036939857795303	0.022219270128442283885
1	3	2	0.012976277939848892759	-0.021160865447696453751	0.0036523489908222381978	0.00080882159507028497224	-0.011966662456157803676	0.0093672003312427996879
1	3	3	0.0047915371717786653036	-0.0049953728164880374304	0.0054330691783217623103	-0.015944476279079397574	-0.0070302482355813168333	0.01760960055124207585
1	3	4	-0.0048988276458499487379	0.0053710273612238108518	-0.0065729746482074361685	-0.01281206317168418797	0.0061544378976180645277	0.0082662905384571893491
1	3	5	-0.0010553346707249011867	-0.00090225404907044173212	0.0019940229639204519463	2.6451230066409030212e-05	-0.00098534684420729088707	0.00016458007177424293439
1	3	6	-0.00013842119304184719139	0.0020997150035832888755	-0.0024696513144826966191	-0.001054743646435658171	0.0012578958560816562787	0.00017741932262061433615
1	4	-6	-0.0012244045608156524981	0.0012155006204088492951	0.00039077044713921446281	-0.0010992024511075060289	5.6446204623534230039e-05	-0.00053021819733686239781
1	4	-5	-0.0004517160746590328721	0.0011626233991502985324	-0.0022488719722258362389	0.0014752237517008499022	-0.0018894407927124755656	0.0014127036811907396283
1	4	-4	0.00028397351263121452291	-0.00582480875788398203	0.00092575947811710619303	-0.00092610695592289292519	0.000996752856274909756	-0.0023823091453938883243
1	4	-3	0.0052457308692538777428	-0.0062966559370793663206	-0.0010149765803419814013	-0.00029257119794454274336	0.00039527484929531727081	-0.0024889802429525122868
1	4	-2	0.0047847137452462556659	-0.0063366763462946850555	0.00022215769728574165961	0.0049257296547790020702	0.0028366722671946112064	0.0066831211364106616127
1	4	-1	-0.012479431163799820093	0.0048572118637429531965	0.0023145313457654001325	-0.0036622435802005611286	-0.0032213057807382186951	-0.0097917624570592904504
1	4	0	0.0083345002079288632579	0.01205004569595154694	-0.0020836250519822158145	-0.0030125114239878867349	0.0081358722555799675019	0.0021200122554593772879
1	4	1	-0.00095198313682460546092	0.0055477548695133365592	0.0018175901447879244926	-0.00098614296573676114149	-0.0063183774423270925094	-0.0016031830065662915595
1	4	2	-0.0012718786355329209353	0.0058093562562007714303	0.0042777928200018926555	0.00011827037566218066129	-0.0079196463222373243013	-0.0031412188794247468751
1	4	3	0.00047715838823985756798	0.0015473543830515511157	0.0017581341575271152225	-0.0028920974080329452625	-0.0025032316727827729277	0.0033403450830267432392
1	4	4	0.0010257448504954655953	0.00054785803353396133209	-0.003377721027951652473	-0.0011274917195946134937	0.0031212848153277863994	0.00099052721121112318782
1	4	5	-0.00037013209013833642388	-0.00032451172301375583694	0.00152266166107777501	0.0010185460923612884871	-0.001144102910834552669	-0.00074993452928627968735
1	4	6	-0.00088815669979742386479	-0.0011092473472796816284	0.0016041320950423809504	0.00091127665338565583611	-0.00092139528006201663803	-0.00042264321104382363741
1	5	-6	0.00091996586120819266903	-5.3653774224197024116e-05	0.0005836542297674407161	0.00043224593989412188853	0.00063970616834089935685	0.00035126265420773542794
1	5	-5	0.0021629355932971899672	0.00074553396814547832905	-7.8531950606623254665e-06	-2.5205683206056504075e-05	0.00042473392359877569372	0.00012390111042303916648
1	5	-4	0.0011095410780683778468	-0.00035595310619641038798	0.00066234867609837725679	-0.002476566336483358461	0.0011053211146400661411	-0.0031846961971533005106
1	5	-3	0.0029411528220548103368	-0.00049546407883103201885	-0.00036502065432072360518	0.0022584405353192242918	0.00037201651681706410365	0.0035989128659216968777
1	5	-2	0.0035629769090223025602	-0.0013368118878823889543	-0.00033302908479709088414	0.00025314799024202835724	0.00094891574251842406972	-3.5535968336123617951e-05
1	5	-1	0.0047311006018520051011	0.004720228122273784771	-0.0021391446899080858966	-0.00010100520086566230514	-0.0059646228476884248157	0.0042152021179454731911
1	5	0	-0.0003438557120069634862	0.0004554415124607484296	6.8771142401392702662e-05	-9.108830249214968863e-05	-0.0013126345829657436268	0.0028259504405607148957
1	5	1	0.0059693371264159123674	0.00017538481089032713464	-0.0011903325952917437423	-0.00011242330961170888788	-1.7674149957194096501e-05	0.00038673173716821733189
1	5	2	0.0021489457293671831647	0.0012872285335610723477	-7.7384405117213595892e-05	-0.0021286658373896381706	-0.00088101185189055767396	0.0046780503266935597947
1	5	3	-0.0025715323345703250749	0.0030366082006849639749	0.00041904548155466896748	8.6418018556488615994e-06	0.00015876830893232673678	-0.0010266057366544027209
1	5	4	0.0029322835312002573302	0.0011580834317073548326	-0.00013127764133211258964	-0.0018375842084978311584	-0.00056897383113492354129	0.0020074594026954504025
1	5	5	0.0016261378268488857392	-0.00022619665339164318654	-0.00098142362405343234154	-0.00083338352552230171404	0.00065619605868365532379	0.00087862285620063037845
1	5	6	0.00034812511941493802601	0.00019095733243127308259	-0.00029122153376511412124	-0.0007519662661048875452	0.00018466375823510540292	0.00059481233301552749026
1	6	-6	0.00021005355482419714062	5.1561128568782949304e-05	0.00034315407916477513265	0.00031851418216054076804	0.00037816300496880801653	0.00032710770358867124943
1	6	-5	0.001032753125747946964	-7.4677259711729732398e-05	-0.0002802494285570735562	2.2660680502078054446e-05	-0.00012974868911889888548	1.2257364660147718178e-05
1	6	-4	9.1604940104287303445e-05	-0.00077783007605406189085	0.00039046620367429299208	-0.00010200565406627468926	0.00060860054053751128349	-0.00034746600011292751338
1	6	-3	-0.00084751169925892106804	-0.00041256851986288259814	0.00046039211912395349184	0.00063441310706739304989	0.00063828033849493322205	0.0011313033741804918823
1	6	-2	-0.0027605679856611627272	0.0013402480745271022015	0.00075028173635981231307	-0.00066167093779743047649	0.00087056121624885546718	-0.0013148887761287402203
1	6	-1	-0.0001577198374361363448	0.0019777111084231325036	0.00071801266855203195461	-0.00064473041735144500427	0.0041503561738760559249	-0.0018906713956855379557
1	6	0	-0.0049397276774826434295	-0.00056761052294154192531	0.00082328794624710716597	9.460175382359031185e-05	-0.0023152018728605154411	-0.001054792197153336334
1	6	1	0.0050570613766783159906	-0.00083824126078021034617	-0.00078085108119249223204	6.9761255320261526922e-05	-0.00037195488952336297787	0.00041967372885864126595
1	6	2	-0.0044360251439001076659	-0.0010025963354236607644	0.0012307117839883653307	0.0011052519680065046176	-0.0014741227800150421591	-0.0028144577363076834706
1	6	3	0.0013730690177930376418	0.00022488051781603188967	-0.00011888741725463926216	0.00083709656809419230334	-0.00021991483808840066251	-0.0017491533087937286874
1	6	4	-0.00024785102084903224036	0.0010019926207048485741	0.00030423975997844637017	-0.00047330860114766515074	-0.00039439688475541149516	0.00045946474654528558258
1	6	5	0.00041703065989641494721	0.00038140450220609090461	0.00020920694850342090891	-0.00036760913340634301678	-0.00033445447018338808013	0.00036485005964639346089
1	6	6	6.1057275849043675365e-05	-2.3935798121777377914e-05	0.00025256164912918659723	-0.00028580567368974708724	-0.00026273786177069389678	0.00028979497337670997396
2	-6	-6	0.00037879761236661081431	0.00023937168340351121297	0.00015473218746743020563	0.00024585150548627935458	-2.8466316678559933068e-05	-0.00016606094435177558982
2	-6	-5	0.0010067653605258066515	-0.0012338340413402427032	0.00065385398402720024819	1.3020907550933349622e-05	-0.00038191863662231765892	-0.0005091587055972171625
2	-6	-4	-9.9388829510536314221e-05	-0.00046094226186177617889	0.00041194793864941586185	-7.8254283553448191033e-05	-0.00066761632272939192955	-0.00011308970560071579612
2	-6	-3	-0.00027650217827971876328	-0.00057108206070969138885	-0.00050258658109996379084	-8.3890032450350076579e-05	0.00082083837668011510897	-0.00021294130890576077274
2	-6	-2	0.00096379674075293810063	-2.6271766630456480505e-06	7.9704901632604387477e-05	-0.0010309437373553706485	0.00072468203585512489754	0.0030902040354030663703
2	-6	-1	0.00051793456483711409772	0.0017668358664408828195	0.000235305859122433294	0.00075506468321724661864	-0.00037596602506037156855	-0.00099671636642171407283
2	-6	0	0.0034000039891328992514	4.737653992094558044e-05	0.0011333346630442997505	1.5792179973648526813e-05	0.0031741958339847648092	0.0011913958192766040643
2	-6	1	0.0020876220636774074461	-0.00043579729222008984323	0.00071599529916918441211	-5.8608223740813811481e-05	0.00012072766766029141778	0.00051994524199529680401
2	-6	2	-0.001098679662913835996	-0.0010098822841519315089	-0.00075342434394114470454	-0.00028966580562938068358	-0.0011615933689095977923	0.00014088486726378945816
2	-6	3	-0.00075766299659603625685	0.00051127835516212420414	-0.00079739129393098528726	-0.00066111905633336022839	-0.0010896739234646129254	-0.0016630903494414699985
2	-6	4	-0.0005086060550997589455	0.001816799123258482215	-0.00038416069670074411493	0.0011960635008318996376	-0.00032193801750123669965	0.00088569568961860834898
2	-6	5	0.00042691439628555176303	0.00044096334498178261499	0.000649677968109110761	0.0004710496807677535527	0.00060884780321671225136	0.00038887427892859126061
2	-6	6	0.00075899578167365954959	-0.00035313461150612255072	-0.00010960212136739017617	8.7740062257288717307e-05	-0.00036260071525861002151	0.00020545159942599622066
2	-5	-6	0.00064891961135806830799	0.00060208704002776708159	-1.3846353878089338985e-05	0.00059756284359164862571	0.00022784516535109721933	-0.00029727335631711814283
2	-5	-5	0.001203927898317138593	0.00056626236993688808252	-0.00033870389970389817424	0.0010920193623969736037	0.00082027505903075356806	-0.00086551441442221839235
2	-5	-4	0.0012572160233193269575	-0.0011418461527284496423	0.0019610592845616800148	-0.0011494790735170111809	-0.001822716094042436865	0.00086592576553203904656
2	-5	-3	0.0017558718945579942974	-0.0034133416943294947986	0.00059623809968301977932	-0.00067278857495566739624	0.00017685109690029657509	-0.0011542468379602175386
2	-5	-2	-0.00014192901952046269574	-0.0024294478493875853835	-0.0006659761268360560706	-0.0017436601199127465742	0.0015230112975696775621	0.0019297024503942810519
2	-5	-1	-0.0053605228967386672062	0.0003943247249270651956	-0.0023571057458202596818	0.0008181920284648775115	0.0010644829356239639967	-0.0033023106924702574916
2	-5	0	0.0045705418100652588087	-0.0002320221185906613207	0.0018282167240261033066	-9.280884743626452286e-05	-0.00047558301626892708625	-0.0020282383011208373821
2	-5	1	0.0058591922715201839866	0.00035026575970416469735	0.0012853284985337768385	0.00040497791237066723888	-0.0052917420503714842142	0.0013243580424450067997
2	-5	2	0.00040964578764906515052	0.0042964386192212060747	-0.0013710155940345396079	0.00059186864359173042491	-0.0038371847727354138451	-0.0028167670102418793619
2	-5	3	-0.00079359690030545121213	-0.00044035708444247449603	-0.00016550246130146199709	0.00085903941693128260237	0.00025322716470119747056	0.0017253037511804538567
2	-5	4	-0.0018849814459066921955	0.00061770627507915258289	-0.0016000072150336092699	-0.0013844995620623827201	-0.001057518295838665327	-0.0020394775901175546916
2	-5	5	-0.0011453354859789197963	0.00032831186027506068219	-0.0011965100316451596045	-0.00030929064419049764542	-0.00073837583725359175104	-0.00044061538830052188577
2	-5	6	-0.00030327799701734093696	0.0010367849140128359165	-0.00039430162417110987613	0.0010103140292861633419	-0.00022749202113681122402	0.00049633338640085744326
2	-4	-6	-0.00098590628925857145756	0.00033849476616984149405	0.00092039539408567095594	0.00039122584568653076846	-0.00094223235914330449262	-0.00014798564173440668999
2	-4	-5	-0.0010445550979898273695	-0.00084910299901985709058	-0.00087123250224030533012	0.0020935974561485308325	0.00027916396259631333799	-0.0020145191645267678492
2	-4	-4	0.0041064362815359262832	0.0036218903222413295455	0.0016774786442962361967	0.001484699536590007151	0.00037573949647172694491	0.00032624562453065751328
2	-4	-3	0.00039434465507573338103	0.0032922547996110675637	-0.00028999462326715648832	0.0026323425147273581473	0.00064955593440669753564	-0.0013149534865624327041
2	-4	-2	0.0091300192559720244612	-0.0013093614041853364471	0.0028927124814412401473	-0.0028128531955001834577	0.003344594293089545034	0.0043163449868150304684
2	-4	-1	-0.00080516868557667083204	0.0054780227134536103525	0.0013261843919847588879	0.0014084191614642167269	-0.0069150749390923769988	0.0053223687810503537976
2	-4	0	-0.0012902021777099050102	-0.0030614205354144619249	-0.00064510108885495250509	-0.0015307102677072309625	0.010123969141371636643	-0.002885031486284005825
2	-4	1	0.0021005563417880314218	-0.0020151155044601282325	0.0016347492385969813761	-0.0025381908751578937007	0.0023378842708118622272	-0.0061225324917113183379
2	-4	2	-0.0022449411801088495731	-0.0014683153811448162139	0.0014904559494881850293	-0.0061078569254321719156	0.005225853079085219198	-0.010747398469719528918
2	-4	3	-0.0032983217981835712129	0.00076252323548197710208	-0.00025161255739649887337	-0.00051088696706188283046	0.0018633977889270490497	-0.0011895314464038285809
2	-4	4	0.00090044674836111673281	-0.0044846394238806357863	-0.0010517221177581256766	0.00068582607395908674192	-0.0015019454919386839888	0.002928145785899404635
2	-4	5	-0.00048225664527106653148	0.00017568615350013703775	0.0012822020342636772632	-0.0031404681780636272033	0.0012186642855193682931	-0.0025826490038509566753
2	-4	6	0.00012755522320698176823	-0.0022045275254952111099	0.00097132568899920489983	-0.00047172660455576433938	0.00060503205159714260487	0.00042035810546122749512
2	-3	-6	0.0003900630969524340459	0.0022068263719628253977	-0.0020440537018319069294	4.852842940327456179e-05	0.0011520478832334314981	0.00071134457595263783473
2	-3	-5	8.4696155642071839021e-05	0.0014230321017675625489	-0.0030553661890704128697	0.0020636903060462915768	0.0018670981756990763598	-0.00066900134292074975306
2	-3	-4	0.0018627344225525339829	0.0035292648235669753058	0.0019515480181368331791	0.0055601045056645707204	-0.00053229380232635800131	-0.0024054459674649406042
2	-3	-3	-0.00085848030769520634366	0.0061738727060573414529	-0.010419373513062289704	0.015962721882429961595	0.0098470533079321534431	-0.011846806745058400048
2	-3	-2	0.01116026752714222893	-0.010342585340750616585	0.0074930717104540614862	0.00095335360409587021485	-7.9340038538862797906e-05	-0.011772615746894421473
2	-3	-1	0.002617067007837928054	-0.013003164562896537756	0.0068225117564229059361	-0.0043142285318263015603	-0.015233401253592860833	-0.013063643530314170832
2	-3	0	0.010920770790814717313	0.0023853206866389030892	0.0072805138605431451645	0.0015902137910926020595	-0.013786827341037557332	0.00078268078775036982551
2	-3	1	0.0050190488969571595002	0.010552085178282467892	-0.001971937797209798171	0.014056237156564120247	-0.015953911185543713513	0.021064541113127423222
2	-3	2	0.0038757517580992645496	-0.015160425536662826967	-0.0035931856604754204912	-0.00089987573436562794549	-0.0092655302488123952864	0.013810611935114383911
2	-3	3	-0.0029804923816811879078	0.0014957552080009728704	-0.0043802522864884721118	0.0075876715746002066504	-0.0023932573653676803178	0.0065905014359328908252
2	-3	4	0.0022547192401851240406	-0.0019111664420651723953	-0.0017016605992400595047	0.0039378107121516153777	-0.0024036050695226064862	0.0039089412551462981646
2	-3	5	0.0029617491494141759759	0.00015497012800854491452	-0.0025150059386693257059	0.00066534089551190903501	-0.0026937032229672657271	0.00033721648610372746604
2	-3	6	-0.00030972457424151760919	-0.00076088844213601512009	0.0021849627846726757223	0.00092901460041070068295	0.0011957229170835104518	0.0007181367809173553815
2	-2	-6	0.00035166235385693456672	-0.0010081664086364504253	-0.00046459879504027708826	0.0014677171503469656731	0.00027208704963240388499	-0.00082529451966113862721
2	-2	-5	6.3292631682821626844e-05	-0.00037438265507179399041	-0.00268688230897787695	-0.00019167778166850462382	0.001100069976264279447	-7.3081949361315743925e-05
2	-2	-4	-0.0083027110961577579168	0.00053841852976785147498	0.0081388551665861307016	0.0014345799945342833318	-0.0082207831313719434418	-0.00044808073238321592842
2	-2	-3	-0.0079911725419016255145	0.010791102659546436895	0.00033122828003233253501	0.0052653068861296739578	-0.0055482672146226381937	0.0036838638489445092034
2	-2	-2	-0.0094368606095723978067	0.019987073162466735543	-0.0085119684892579587643	0.0014025280203813141489	-0.00092489212031444001817	0.018584545142085424213
2	-2	-1	0.008862482386542865076	-0.0022522788992495588502	0.0041322452102706512533	-0.0015581500083808735857	0.0094604743525444276453	-0.0013882577817373703121
2	-2	0	0.0025504086356906547316	0.0028169998907644285165	0.0025504086356906547316	0.0028169998907644285165	-0.01182486058938366294	-0.00090558345644836766176
2	-2	1	-0.010244332579216046744	-0.010354337609295858474	-0.016275497060886594258	-0.011223799869981773702	-0.012062328963341096763	-0.001738924521371831974
2	-2	2	0.023926576094899700692	0.0029362767965662242564	0.0091571930599227968628	-0.0021256216654818643405	-0.014769383034976905564	-0.0050618984620480885969
2	-2	3	0.0090416623188521449972	0.0030486404411014952041	0.0027571288975117565039	0.0079933285656200378511	-0.0041896889475602589956	0.0032964587496790284313
2	-2	4	-0.0015938784227486472479	-0.0066358452149647617277	-0.0077254158942586474007	-0.0022473540329786810023	-0.0030657687357549998595	0.0021942455909930405795
2	-2	5	-0.0023159799186188993921	-0.0050181981624963321181	-0.002700527624569927336	0.001986958180736092365	-0.00015381908238041113964	0.0028020625372929697933
2	-2	6	1.6660396619800197417e-05	0.00025882465638524482319	-0.0027246246602146500203	0.00037248741873383348208	-0.00091376168561148340703	3.7887587449529564257e-05
2	-1	-6	0.0021603923331788119251	-0.0020683239617476905509	-0.00048704000828797246658	0.00012833075192570546959	0.00080130411244093283692	-0.00071082977923684774382
2	-1	-5	0.00080197271532399456214	0.0015928464651837573752	-0.0028115211503685266434	-0.0023536959471336048842	0.00088309331620330317521	0.0011078777755002238836
2	-1	-4	0.0023008575932179603334	-0.0048387362876144111856	0.00028469634796877437257	-0.0072246147494025971317	0.0010792547096167865329	-0.00061321445645655630989
2	-1	-3	-0.022537754930596173158	-0.007122450298684975846	0.0048774755896091480031	0.02628204287055971311	-0.016650995150267165062	-0.013508981155976554356
2	-1	-2	0.0088660433899319691931	0.0068443360833468809556	-0.014934208138899956672	0.029827560907769973264	0.016333147459381948396	-0.0080694443705381056764
2	-1	-1	-0.0037190960846170467366	-0.023352974318668593551	0.0013625831797362121349	-0.0015793735379763744042	-0.0088007753489703060418	-0.045126575099360813348
2	-1	0	0.0034593022708613815376	0.02745301699345540497	0.0069186045417227630752	0.054906033986910809941	-0.027112273038821421006	-0.02120071342704706388
2	-1	1	0.0030874313644379670733	0.0043651371967888125125	0.029877355346727575008	0.035347942792951211888	0.023702492617851639994	0.026617668399373583393
2	-1	2	0.00209366219474658782	-0.0045185841763538707114	0.030020116510266470905	-0.0081100307901002151312	0.012916396060386647199	0.00046356878130376309157
2	-1	3	-0.0065151918597987166365	0.018408925241132103462	-0.0051503874646225975345	0.0043935803719655835628	0.0026266654183249452462	-0.010808090036766207498
2	-1	4	-0.0040774804995919690029	-0.0028519701090896827124	-0.012697374781510464836	0.00491949880614063733	-0.0011356034455816319245	0.0026558597560800006887
2	-1	5	-0.0048573453385513821329	0.0041021635584558551607	0.0025352204683597328629	-0.0033172959391121327292	0.0024499822290924995992	-0.0023043246112047686101
2	-1	6	-0.0017101550801936109616	-0.0017529778208149060254	-0.0030343224176025960538	-0.0068239072872971172357	6.4331290464104298027e-05	-0.00055299194094455097256
2	0	-6	-0.0034244305514929901726	0.0010628114951589566831	0.0025331471602171346143	-0.0017793561610131250917	-0.0011414768504976633909	0.00035427049838631887628
2	0	-5	-0.0034551850040941442348	0.0048572018358406712085	-0.0088726880460243563037	0.00056927213596475421953	-0.0013820740016376577373	0.0019428807343362685701
2	0	-4	0.0025114312847850906417	0.0030824996969839664647	-0.01005530404168275202	-0.013608067887964068327	0.0012557156423925453208	0.0015412498484919832323
2	0	-3	-0.0046892165730820188629	-0.0030663486333397018541	-0.0076289737966818661416	0.0024940596405254754006	-0.0031261443820546795311	-0.0020442324222264681918
2	0	-2	0.0056444301831381146761	-0.012220491439409633672	0.025688030830852828096	0.040779085726158709191	0.0056444301831381146761	-0.012220491439409633672
2	0	-1	0.02250008884681196919	-0.0072499571275764585279	0.01388576854714950945	0.0019920218588579019676	0.04500017769362393838	-0.014499914255152917056
2	0	0	0	0	0.062198065973193029932	-0.048369263147110250212	0.035650716276707600239	0.035530107362339191646
2	0	1	0.011986883114431967634	0.01107231499531302274	-0.016338138713181956513	0.0023619753433278744756	-0.023973766228863935268	-0.022144629990626045479
2	0	2	-0.0073756870560886516469	0.00036769172882448948906	0.0016751201472085749684	-0.02544373726476080802	0.0073756870560886516469	-0.00036769172882448948906
2	0	3	0.0022117106198782598113	0.0041812701403040729992	0.024385129972652516001	0.0058363319085635058381	-0.0014744737465855065409	-0.0027875134268693819994
2	0	4	-0.0037605602392003674439	-0.00030881177469566827368	-0.0070112085854043444677	-0.019247297880310106077	0.001880280119600183722	0.00015440588734783413684
2	0	5	-1.6811587324081911767e-05	-0.0028570146624096091036	-0.0058154759802216396056	0.0062793073629895798313	6.724634929632764876e-06	0.0011428058649638435981
2	0	6	-0.00014695871266530189194	-0.0020966362012628659943	0.0035404839600921529999	0.0019534478593613733774	4.898623755510062613e-05	0.00069887873375428866476
2	1	-6	-0.0010499240694306346752	-0.0024610183741536908152	-0.00036552080964200641669	7.3215464587820643788e-05	-0.00041089482475054593408	-0.00080813688061992679495
2	1	-5	-0.0004120878213936364845	-0.0037999427945652479617	0.0039252734070397412788	-0.0022988001990345828009	0.00062021955285049377039	-0.0019797371576330156581
2	1	-4	-0.013891094922797152592	-0.0088445124379770354017	0.0043342392853030443575	-0.010900961734362375408	-0.0058619876400728158569	-0.0071474966525791111191
2	1	-3	0.0069975675784968221702	-0.0064519532646149365882	-0.012121121316865955675	0.0018262768174292934656	0.0006246712800425627439	-0.0036925432372668601927
2	1	-2	-0.015617924449551448193	0.024990651943146400399	-0.010700588990982373011	-0.018296145242603548131	-0.020968218945042634699	0.015842579321844626333
2	1	-1	-0.0055350727077176980692	0.0032284491944830485781	-0.00055472751990975530632	-0.00066749436567613816291	-0.011624872935345151662	0.0057894040232899591017
2	1	0	0.0025058969269027009386	-0.017548254090890925971	-0.0050117938538054018771	0.035096508181781851943	0.043066323856866560449	0.017593653896664063208
2	1	1	0.011350111685818599361	-0.0030035312399177226637	-0.022319783826415438843	0.020889379824732393076	-0.00038043954522176112515	-0.014882317344896948616
2	1	2	0.047156051636751669665	-0.00446003660495084258	-0.0049116113375650694017	-0.0096611219424256496169	-0.044700245967969134964	0.0092905975761636665211
2	1	3	-0.020009170342970880596	0.0057540423205342640725	-0.0036929279958710413759	-0.014533690410292872744	0.014570422893937602302	0.0010085352564081146495
2	1	4	-0.0014945436047475574564	0.0044071238541111470294	-0.0072252537659391593769	-0.012444267770811612631	0.002553585243858568464	0.00090750501564732953454
2	1	5	-0.0013381115933745126208	0.0021394220641084661302	-0.00018428542465728496472	0.0030974365493931501833	0.00057210172228126202499	-0.0014752561355220164454
2	1	6	0.00036783566626762197009	0.00082390203574409794866	-0.00214784731406552536	0.00067648839002552429295	0.00023536266358838026373	-0.0003873820769189533289
2	2	-6	0.00062562853791987382661	-0.0011216851898900751048	0.0023544938977466504937	-7.6107895998203117121e-05	0.00099337414522217477343	-0.00039926436196275938472
2	2	-5	-0.0018482244966208183443	-0.0021925770976282256235	-0.0017331292481078516745	0.0031340779335632231242	-0.0014325414978914679208	0.00037660033437399902199
2	2	-4	-0.0035559800581966903403	-0.0033948115315668818404	-0.0043334841135493984768	0.0054104900458596437776	-0.0039447320858730441917	0.0010078392571463807518
2	2	-3	-0.00061540179697446245697	0.0061583638603330461553	0.017137020127853511836	0.0074745256940479207902	0.011014412220586031546	0.0090885930362539779637
2	2	-2	0.0089839883996623518675	0.030165450445613622293	-0.018407250659426173389	-0.016052720939422199242	-0.0094232622597638215217	0.014112729506191423051
2	2	-1	-0.00039757381584286523952	0.0078770860084396432388	0.00040663282868456430714	0.0060444012257399992033	1.8118025683398128456e-05	0.027842974468359284884
2	2	0	0.00017279275073300726247	0.0012409564853376410434	-0.00017279275073300726247	-0.0012409564853376410434	0.013316847740900196809	-0.022134474846885038996
2	2	1	0.019228569195710334266	0.022537186189669690395	-0.014160070542851257297	-0.02758836301432646132	-0.010136997305718153939	0.01010235364931354532
2	2	2	-0.017276983600182708317	-0.0071816353108632912869	0.028835804534979532499	-0.0027774619653834048925	-0.011558820934796824181	0.0099590972762466957457
2	2	3	0.010378614964698490777	-0.0016674234863342540271	0.0026148704625671083564	0.010022487499725028781	-0.0086623236181770663783	-0.005570042675593849836
2	2	4	-0.0030755823410374204079	-0.0035058350211684130571	0.0098895079795363570463	-0.0032816655267947827251	-0.0034069628192494681024	0.0033937502739815978911
2	2	5	-0.003117135575874156999	-0.0022443579866922298664	0.0049177350429353205649	0.0024562861678037537644	-0.00072023978682446529627	-8.4771272444609507683e-05
2	2	6	-0.0019512729391611674436	0.0016105583938435625788	0.0015691283872530338225	0.0014252795333896007158	0.00012738151730271125221	-0.0010119459757443878371
2	3	-6	-0.0022562345316624863624	-0.00081052356371125633579	-0.0001335589939578517185	-0.00057279949716972707475	-0.00081885767419975460154	-0.00055657426982194896457
2	3	-5	-0.00061909647336758468275	0.0023785802727700109359	5.0752489900541572596e-05	0.0012649227016387706597	-0.00021718709540670893361	0.0017103857300912667701
2	3	-4	-0.0015743526515367106504	0.001579420725113109096	-0.004921007945819145038	-0.00059490888281244023311	-0.0044779322851327138869	0.00034352870044722437319
2	3	-3	-0.0012967221874092345509	-0.0084176282640603134616	-0.007414601690539535106	0.0051307915829936602894	-0.0082790831488123578508	-0.00048096059304654942583
2	3	-2	0.0099361114273035580635	-0.00025382578702502127475	-0.0047807556221524261791	0.0018150448811539686162	0.0027649779940749183611	0.0024687415347059314327
2	3	-1	-0.0096348726137738694569	0.01160997634405189563	0.0093584151147057138137	-0.0061832069046945581023	0.0088055001165693990578	0.0046703319740201178212
2	3	0	0.023369999648494382133	0.0025974872217947877172	-0.015579999765662922578	-0.0017316581478631918115	0.007333654336895544662	-0.018481194020966068559
2	3	1	0.010300371971856186679	0.0078211086819942043924	-0.010622885238851471901	-0.0065135978072614767256	0.01126791177284204408	0.0038985760577960226932
2	3	2	-0.00070704752590433714993	0.012164423112138497002	-0.00040463296295381335219	0.0047897669573447199803	0.0013139969703350570969	-0.01934907354815557784
2	3	3	-0.00016225365185790332828	-0.0054422164559258107142	-0.0034049273454960140434	0.0057331030799518825983	0.0035130964467346165875	-0.0021049587760013422667
2	3	4	0.0032313172713587341375	0.0037756304661477955824	0.002961120108792912424	-0.0022029312713723100264	-0.0038364987172740511699	-0.00023561677954466532557
2	3	5	0.00017896623156139583859	-0.0022495779325448885325	0.0024191657500622909538	-0.00123864977116532873	-0.0015230859426619328643	0.0016430210357171526944
2	3	6	-0.0012085261917948765531	-0.0027336641130538048318	0.0010457871798112891842	0.0019610013880026321703	-0.00012005152597401903825	-6.9279322983381154779e-05
2	4	-6	0.0010938661433864578509	-0.0023326130104570534998	-3.0006321557126222648e-05	0.00079506741536146147576	0.0003446178334240684437	-0.00024749272657804358838
2	4	-5	-0.001010719502510892473	-0.0010289233621893186313	0.0016881216533594740545	-0.00012414419355991375264	0.00094620952168322227608	-0.00051088469972365843294
2	4	-4	-0.0040082050031430577902	0.003736190116777312123	0.00068441904529928528599	-0.00069367395134144877161	-0.001319683456272243826	0.0011744211070472073983
2	4	-3	-0.0024987590200790527062	-0.004171523316464842944	0.00082112846260055938341	0.0033076242837041672576	-0.00057100139658528925677	0.0016291501672956610475
2	4	-2	-0.0011011101955527688358	0.0032459118578105246311	0.00043424985969893746844	-0.0026741339728386030565	-0.00023261047615489392607	-0.0021023560878666819156
2	4	-1	0.0052958523382959530809	-0.0089586093802065565328	-0.0057688071205577789655	0.0071093580151595243272	-0.0124835238056392097	0.010520213300224982508
2	4	0	-0.0035233143375528993071	0.0086437623643233693627	0.0017616571687764496536	-0.0043218811821616846813	-0.010868913966052011835	-0.003237325386094049625
2	4	1	0.0032355138776344501139	-0.0013759030029651779514	-0.0020192756237715453298	-0.0017868009456858727733	0.0016060747398172813081	0.0098990097886738469962
2	4	2	0.00010202310042501155018	0.00123774594522201172	-0.0038266065832532601167	-0.0047192697580116490033	0.0075511900660815084799	0.0082007935708012860698
2	4	3	-0.0076233015605170293544	0.0017841478034086987597	0.0015818188378272112805	-0.00076638496487032138973	0.0029731092565750713401	-0.00016758524911203735632
2	4	4	0.0012536578523941245035	-0.00091129049683897614051	-0.0014814443909575661807	-0.0026730101820615186081	0.00085461546476050392895	0.0031286554304810064615
2	4	5	0.0023080137984397945672	0.0020008207651043357321	-0.0014141935766364974528	-0.0019521542595668222447	0.00020814934193328008655	0.00076139510161172348126
2	4	6	0.001010385574986009255	0.0015293053896539106004	-0.00077665576827459792148	-3.4687253063981067871e-05	0.00018097532052106221406	-0.00048664362784198281252
2	5	-6	0.00013369077210862055833	0.00071518242142310851136	-0.00019484647910669814636	-0.0006765678799994435293	-0.00011780847521937492682	-0.00032541242619183341923
2	5	-5	0.0011989877268880988568	-0.00051412577441302083955	-0.00061199833044565932465	0.00060227029897923375044	-0.00013240323969041986867	0.0003966199892140253821
2	5	-4	0.00047932317602441258013	-0.0013793300014419845618	0.00015541306365574232302	-0.00055072509937523998064	0.00043392791758188419384	-0.0013780713749400421483
2	5	-3	-0.00028821873602789767127	-0.0025465196433542823008	-0.00014108371227287307874	0.0014155703086258474271	-0.00042728534447338689401	0.00066160408547355736668
2	5	-2	0.0016597331105966356239	0.0027837593292835537823	0.0016519684765740889724	-0.00064699942595081139617	0.0057896543020318578382	0.0011662607644065251834
2	5	-1	-0.0021509994819357875113	0.0030541869012069788013	0.0010919612785901045612	-0.0022655662984584277846	0.0011578074290789484337	-0.0052194576898781800192
2	5	0	-0.0015744289031693939861	0.0022024821010407651285	0.00062977156126775752937	-0.00088099284041630602973	-0.0068231859269574863039	-0.001481091779946011773
2	5	1	-0.0049355893912223875938	-0.003887978375529634132	0.0014527607258430336699	0.0022070794818774288303	0.0026073751532296064043	-0.0032594406583278758872
2	5	2	0.0016440953458483754772	0.0020870534626821961137	0.0013432473340641841886	-0.0023773333990447014993	-0.0050022136810088362741	0.003856280034929557201
2	5	3	0.00095750387163119415283	-0.0020824732280037877748	0.0001173032616545107462	0.0015115994491609124287	-0.00083384135051164736362	-0.0011310169299323291538
2	5	4	-0.0031322417761503020331	0.0014718432386740260952	0.0016810312501514066818	-0.00044201756994271737674	-0.0005351681746141073899	-0.00018339965690861634025
2	5	5	0.0006905277937783653279	-0.00057770001954916317972	0.0007193915815360208332	-0.00036202400231914429532	-0.00099560269904736702941	0.00059310401013880961058
2	5	6	-1.5105018676554291367e-05	-7.8313965113299167931e-05	0.00070962507705206337525	-0.0006433937776035612106	-0.00058631922465120136362	0.00056226613637406738008
2	6	-6	4.3409783940964427921e-05	1.8027489885487209357e-05	-0.00030091927265712628417	5.174207341888697098e-05	-0.00028644934467680476528	5.775123671404937297e-05
2	6	-5	0.00012801703150420301863	0.00039024062030230315199	-5.8856985310792646023e-05	-0.00016524672803227852952	-1.9421569771269958968e-05	-4.2199825517812989534e-05
2	6	-4	0.00012566876161613157472	-0.00055313888212489223124	0.00016598235698058231256	-0.00048624020735230316734	0.00031180791627893926976	-0.0010059297520909008666
2	6	-3	0.0011825560073876046057	0.00082698653123979427425	0.0001533794733709857301	-0.00042892966009743622394	0.0010951296183337078279	-0.00030653496603500965259
2	6	-2	0.0011843590066561995259	1.8431571927747494904e-05	0.00042176675617572513153	0.00060119760349990265021	0.0024496592751833746494	0.0018220243824274555845
2	6	-1	0.00046504996679471604683	0.0002365009043370799955	-0.00018748729136435897955	0.00021851309209966029556	-0.00019482381459672172943	0.0017840803612721217643
2	6	0	-0.00090712973437182301776	0.0027139037347547658591	0.00030237657812394100592	-0.00090463457825158861969	0.00049086661608530425885	-0.00049601238448151085871
2	6	1	-0.0023222168343160292346	-0.00045737830062202367758	0.00042727925655161499421	0.00046921043748249414854	0.0020807581293223681787	-0.0019005060236509175361
2	6	2	0.0026047084504150232707	0.001450723706148201661	-0.00088014788986837187539	-0.0004697740936469125498	3.5735219190092551921e-05	-4.1401425207464065837e-05
2	6	3	-0.00012877708454575524763	-0.00075261234403590528391	0.0007505090922964259342	0.00046478377105691923935	-0.0014151667948956816491	-0.00042782597942323490189
2	6	4	0.00030134702307398823599	-0.00058807677184042163928	-0.00026467089090446055443	7.8695919278785870067e-05	0.00024633282481969674075	0.00017599450700203200099
2	6	5	-0.00011957158885119876981	0.00041091692933750413553	-0.00033539407127950186718	0.0001891062382691192261	0.00045030152107588172685	-0.00039129425765794471469
2	6	6	0.00015392285650220178497	0.0003928075992898852494	0.0002039953891275998537	-0.00015062439636320961475	-0.00025530300796166709729	1.9688529933247862693e-05
3	-6	-6	0.00018867769558771478361	-5.4625157487105224893e-05	-0.00025132327801119177819	0.00027636479837303676082	0.00034566212580504915644	-0.0003036773771165893936
3	-6	-5	0.00048590923297899668966	0.00024752742685196354186	0.00011318570372494460427	-0.00017421171413115895494	0.00015572269531746447783	0.00035757051306856883852
3	-6	-4	0.00093345560843448587181	-0.0012919802976019900079	0.00016726297462607350318	0.00015679561234902456056	0.00044919724438675418974	-0.0012041786417250292113
3	-6	-3	-0.00012258897206086290005	-0.0016317917915067686047	-7.8302541901867031169e-05	-0.00061258797035488947967	3.4016111742871182617e-05	-0.00040661585079698975374
3	-6	-2	-0.00038185707924514119714	-0.0014245758079625210797	-8.3031262254211374058e-05	-0.00031198964437627882754	-0.00032369183210507763288	-0.0012008947788149449201
3	-6	-1	-0.0019675792668699689479	6.2331876868279345377e-05	-0.00085405259751352943266	3.7572848921457956378e-05	-0.00077842221552873089828	-3.8441462923909688583e-05
3	-6	0	-0.0016413491162807611248	0.0017851296391716846464	-0.00082067455814038056238	0.00089256481958584232318	0.0016381986311890064413	-0.00099879812835044546639
3	-6	1	0.0014817669132471825502	-7.2507543350823971473e-05	0.00065803185364860861725	-0.00012964754362601994646	-0.00049710961784989616402	-0.0005603626317036476288
3	-6	2	0.00097553291782225362051	0.00044018684586766737609	0.00082106331716759353538	0.00057833238726776286642	0.00099989057476940006695	0.0010747168930017873996
3	-6	3	0.00050147591789430313262	-0.00072501733033864662874	0.00013201487791094921914	-9.1549666733023663391e-05	-0.00023744616207240469433	0.00054191799687259927486
3	-6	4	-7.5983039668547805272e-05	-0.00073221961980981804374	-0.00035901140960886126965	-0.00089561104035146570004	-0.00048152983466188107762	-0.00079425184566983499015
3	-6	5	-0.00082196544581228478833	0.00034283117566829120421	-0.00049172584289585547467	0.00029376476290514066036	-9.6891743987655707445e-05	0.00014681901008519406449
3	-6	6	-0.00029764858074308656174	0.00049098596134509466492	1.5482084532331825764e-06	0.00025342067185752775163	0.00015037249882477645032	7.927691184980393757e-06
3	-5	-6	3.5199026558755892641e-05	-0.0004701671275331063219	0.00028218087753742096936	-3.9233996785636929413e-05	-0.00021755121800180618691	-0.00020238856644518908134
3	-5	-5	-0.0013332559262745813291	0.00019382499581388268122	-0.0006079391089287459549	0.00066005954233041880426	-0.00019201444683600280461	-0.00054376454484208927142
3	-5	-4	0.00065059461797729888945	-0.001066595758042703521	-0.00017654868084358271555	0.00089369502127291465098	0.00070863181453745250054	-0.0019170655951231711442
3	-5	-3	0.002532422488291136576	-0.00036875050904771954985	0.0010570100746875453653	-0.00070762267923721040418	0.00077073903047856085879	0.00081062062301429777238
3	-5	-2	0.00174587625686035996	-0.0019040957045179326707	0.00049643255971952842277	-0.00058650576751112775548	0.0013777329859917190457	-0.0013898791379990797258
3	-5	-1	0.0023606385937297905651	0.00042242931432740925182	0.0017070031007824764541	0.00044661129317573626182	-0.0014530997227230112254	-0.00096576852289645333683
3	-5	0	-0.00039775671751318165958	-0.0032234682508736371351	-0.00023865403050790900659	-0.001934080950524182281	0.0047149503497356396245	-0.0024036032569313939451
3	-5	1	-0.0018518590886420778063	-0.002989429727013148512	-0.0011244587581771088233	-0.001709419516932736199	-6.6716524959311456801e-05	0.0004211915963757650286
3	-5	2	-0.0013761450606668563634	9.0482924218696967711e-05	0.00042137934032168033365	-0.001036744263710508325	0.0031176659418044854605	-0.0027275850456043165826
3	-5	3	-9.8844441580406888141e-05	0.0026694162995443515389	0.00055281008346925964922	0.0012597837119103605201	0.0010201945806958395962	-0.00056977677969375045523
3	-5	4	-0.0011647378474140851912	0.0012408402313648573927	-0.00027321189101814499171	0.00070332806701246602336	0.00053203852178788273511	-5.1470089758060562737e-05
3	-5	5	8.9163319544450050144e-05	1.5965286262839588149e-05	0.00018002244470839608983	-0.0008222817793185075233	0.00012652445298172605975	-0.0008318609510762112972
3	-5	6	-0.00029316589722287842053	-0.00021495712039348380609	-0.00011868021104867331101	4.6247761454105795851e-05	4.7682772737544791195e-05	0.00014601836140849672727
3	-4	-6	0.0011858952477526499541	-0.00056208936166155974105	7.857091332580149151e-05	-0.00066142116992496324205	0.00054056701499245729797	0.00015990276578586228181
3	-4	-5	-0.00028439411695220794289	-0.00043566658687463908142	0.0012757570808756522884	-0.00052107312185553427905	-0.0011912421348718464555	0.00015545854535964394728
3	-4	-4	-0.0015633551298279983917	-6.0374095312035033409e-05	-0.0027648585915988998889	-0.00053641857558994472492	0.0015923422442279009867	0.00049113800410591841768
3	-4	-3	0.0015466856892580604661	0.0017719341561120824282	-0.0020514376058001432615	0.00073608864696146658092	0.0042819358303249187986	0.00079048262683012709539
3	-4	-2	0.0030251572773993436194	-0.00087038281275921046756	0.00068764841119159218243	0.0010363747998894255915	0.0031624390937158310642	-0.0033783238189176666676
3	-4	-1	0.000307761068830999802	0.0039335362019425300362	0.00024278955453864773089	0.0028076211698865789247	-4.7875011661591564984e-05	0.00057012392628127408437
3	-4	0	0.0036133909071969258324	0.0037344380067853787629	0.0027100431803976946996	0.0028008285050890339637	-0.004293662367680915401	-0.0006622863987892695049
3	-4	1	0.0038118728498880895955	0.0025920602256140870719	0.0032719258242552961419	0.0032761900891484473097	0.0016520847473569166483	0.0053285796797515275897
3	-4	2	0.00085008163962965418211	0.0014919224970890297872	0.0015162251011264105821	0.0011792415830604262555	0.0017573277428083397284	0.00012059942048730761324
3	-4	3	0.0018594631603729746671	-0.00036662284814708331459	0.001765827447223196605	-0.00087801837137190820969	0.00049497343592462084236	-0.00080406831368212770394
3	-4	4	-0.0016641686472227362834	-0.00099848610653458674292	-0.0026864676767682114586	-0.0010599257873800571779	-0.001438341191351158975	-0.00031106120747911722912
3	-4	5	0.00089117796402405551146	5.4012663647687203278e-05	-0.0012914941827920102795	0.0023709793950847648722	-0.0015679021246480413787	0.0018643759178791996598
3	-4	6	0.00041184959103793619684	0.00063946183066238807165	0.00016823783038363255096	8.0661304631846067405e-05	-9.3766241929879744666e-05	-0.00026595671224329664852
3	-3	-6	2.4982880778613733458e-07	-0.0014072146246613143755	0.00015036710147965542711	8.439622899006605803e-06	-7.5058636335934654418e-05	-0.00070782712378016044916
3	-3	-5	0.00012828078416586362982	0.0018259107829046872934	0.00059901825123032873942	0.0005376850596131050198	-0.00028244248023867910913	0.00077293543397494938584
3	-3	-4	-0.00019271183172161996679	-0.00029908737345677474618	0.00043643764715167911042	-0.0016887234736152681447	-0.00047186210915497431469	0.0010422270751188700624
3	-3	-3	-0.0016596564432370169897	0.0039430430886317037811	-0.00032558532798187633881	0.0072900520891235696258	-0.0013340711152551407593	-0.0033470090004918662784
3	-3	-2	0.00027653828093187536553	0.0049512027744217602596	0.00036483775388526824834	0.0078184650171961318083	-0.00013244920943008927001	-0.0043008933641615577567
3	-3	-1	0.0037394592073456576695	-0.0042057991523445350732	0.0028052740086977889788	-0.0043470552939981902188	0.0028025555959436060718	0.00042376842496096473216
3	-3	0	0.0008798510225833810908	0.0018042600146466673643	0.0008798510225833810908	0.0018042600146466673643	-0.018085114976230214079	-0.014560676181652779451
3	-3	1	-0.00099976328260465373819	-0.0010922978082773073839	-0.003101981320555856781	-0.00204945242646647173	-0.0063066541138536089117	-0.0028714638545674926046
3	-3	2	-0.0040595906126099238001	0.0061460204682938918141	-0.0076770442433190455231	0.0024097496619097783822	-0.0054261804460636825845	-0.005604406209576169931
3	-3	3	-0.00062323680873684213742	4.6675218233964404092e-05	0.0029364812579271205341	-0.0017035479224539675121	0.0035597180666639628883	-0.0017502231406879319772
3	-3	4	-0.0023028703906793602206	-0.001639147421135700184	-0.00052704193667282666063	-0.00038027247477012292212	0.0013318713405049001971	0.00094415620977418297354
3	-3	5	-0.00010554300183348388792	-0.00042598058179568943542	-0.0014871874936856089439	0.00019294176889483367508	-0.00082898669511127494412	0.00037135341041431385546
3	-3	6	0.00035637513387336565603	0.0010204306069574611924	-0.0017691363350468443643	-1.5558941549082135162e-05	-0.0010627557344601050102	-0.00051799477425327165869
3	-2	-6	0.00054211209776433750846	0.0001916102326313429713	0.0011384438174915308996	6.8572626736259630975e-05	-0.0001084252236150081626	7.2947574070251613174e-05
3	-2	-5	-0.00082244818430912247208	0.00082119766712374921928	-0.0036604517559017677245	0.00014638002234197315188	0.00097071179177523356316	0.00043416659133746032502
3	-2	-4	-7.1807837621032510477e-05	-0.00081090956748320632518	0.00059537480053028352372	2.3349801418165885787e-05	-0.00035154327848091617521	-0.00061985707632148767492
3	-2	-3	-0.0057806203611577297932	-0.0022894726023077838044	0.006339208399594994936	-0.00035771065373313117508	-0.010006759294221059461	-0.0020509988331523626957
3	-2	-2	-0.0063944152180613013023	0.0027349144445509131901	-0.0073261840235545319308	0.014240362567080703041	-0.00226543880353742089	-0.010137990900254332388
3	-2	-1	0.015016787106626785717	-0.0045191691064968911307	0.026426948407543077862	-0.014615587018689734852	-0.0078035354952057959729	0.015673666717888796313
3	-2	0	0.0045942138201658516694	-0.0066442109965694703955	0.0068913207302487775041	-0.0099663164948542055932	0.010578936362547374656	0.0097858953415715706908
3	-2	1	0.0023103224317705985114	-0.00097998565891468459102	-0.0043110444239979088185	0.0083973196944645729645	-0.015553056143307613171	0.019734596365673200136
3	-2	2	0.0058266264502113921525	0.0036425134176194468374	0.0053080472898630387188	-0.0056048696428606702494	-0.00343189238545404951	-0.011068639769289840072
3	-2	3	0.0040251093693015145211	0.0044154747881767998294	0.0023803994037258050138	-0.0087350637821385530846	-0.0024381764334843111786	-0.010238850642935833773
3	-2	4	0.00066225964063017206916	-0.0020380978433910627162	0.0037548788666302715736	0.0018338264507956425573	0.0013807447028425067891	0.0024454866079411182074
3	-2	5	0.00028678106793861562075	8.9388555538156023723e-05	-0.00079033923507818763885	-7.6485145952083952408e-05	-0.00048820433479444439546	-8.4227191703727197908e-05
3	-2	6	0.0011386698799590833867	-0.0018238085806992633108	0.00087604342581615421599	-0.0022315792852388347499	-0.00027732046470749032417	0.00016804452860335350483
3	-1	-6	-0.0003779646013386943359	-0.00040699367681152210773	-0.0012348242702425293437	-0.00026100835161975833969	1.6821744371074365618e-05	-0.00015999544646913468199
3	-1	-5	-0.00037109243229036073834	-0.00039932796660894820428	0.00092934261380979226678	-0.0004087431380792470783	-0.00040852398213617489636	-0.00015784815234951951233
3	-1	-4	0.00051184237523803615549	0.0020159862894640321641	-0.0040231685280655094319	0.0024331084180547512055	0.0013896739134449042578	0.00090371261258433632172
3	-1	-3	0.0035935262793897670627	0.016691519751977006852	-0.0039328688230801074968	0.0016996727615172400536	0.004904482553749802895	0.016124962164804593212
3	-1	-2	-0.0070117837395178910995	0.0091522805064694155025	-0.014350894415585539396	0.032013678113364120448	-0.0033422284014840665176	-0.0022784182969779387049
3	-1	-1	0.0018306801545470313165	-0.00090600835497570792951	-0.0035052558240200549708	-0.0013229886582591502981	0.0089972962876611484867	-0.0013950364066679734904
3	-1	0	0.00087707147552481613036	0.0076384951716812398911	0.0026312144265744482827	0.022915485515043718806	0.0068555336717690098028	-0.018646679837078836139
3	-1	1	-0.0027267586642175070839	-0.0094121320751064541793	-0.022191385131721086399	-0.0059846522419024755085	-0.014011109139068564713	0.022251743983416887029
3	-1	2	0.0099359487680977607443	0.0017926242666245417127	-0.019735418463664170657	0.034573565910983934668	-0.024771632383978725578	0.01459784655555515509
3	-1	3	-0.0082418249073241810904	-0.0021154791993783766263	0.010673142138061300285	-0.0073523224306359935554	0.011799538953344615097	-0.00033529494416695472146
3	-1	4	-0.0011440889608070980814	-0.0029172146102619720374	5.3403043682671138073e-05	0.0029231787950456367652	0.00087141748152599137096	0.0029187056564578882194
3	-1	5	-0.0010163455039769052259	0.00058535422119256638566	-0.0029992804423612192712	0.0052646846085884430391	9.9512139138993097845e-06	0.00070172438900214888485
3	-1	6	0.00063326465570391100857	-0.0012140111351048564221	0.0010981670867626922364	0.00035582167000161813103	-0.00013360448005817347392	0.00066630917921936462945
3	0	-6	-0.00072902088420452398031	-0.0021666675462732988902	0.00049650882974174134939	0.0037636136653045717052	-0.00036451044210226199015	-0.0010833337731366494451
3	0	-5	-0.0032410469274650418638	-0.0063447011606349665996	0.0037891639073230980704	4.6970033944521753192e-05	-0.0019446281564790251616	-0.0038068206963809800465
3	0	-4	-0.0013094909602660226907	0.00089845067724713030283	0.0012829094709142019933	0.0019409917983261837891	-0.00098211822019951718066	0.00067383800793534775423
3	0	-3	-0.0066442390814655119882	-0.0062418554013853981555	-0.0045878186426776077639	-0.010305895131515334026	-0.0066442390814655119882	-0.0062418554013853981555
3	0	-2	-0.021952935794769742883	0.0017603414935218220528	0.0074155974673754277565	-0.015280276590236967563	-0.032929403692154614325	0.0026405122402827327539
3	0	-1	-0.007107115308947627684	0.014898158147036688267	-0.016374519068720540249	-0.0051564076560347560374	-0.021321345926842885654	0.044694474441110063068
3	0	0	0	0	-0.0029965866167633043587	0.018529437506058815677	0.024947079694012941342	0.0074589067486660236631
3	0	1	-0.0074196054519688262041	-0.0012683992525433513809	0.0057654709336486470797	0.0085095856047211620998	0.022258816355906478612	0.0038051977576300539258
3	0	2	0.011729834906573888623	-0.0025079631178195594364	-0.01840307349041001711	0.011741574944471932368	-0.017594752359860833801	0.0037619446767293389378
3	0	3	0.0058798942874541048828	0.0088675851822271334335	-0.016198553078486305212	0.0042750624613507176575	-0.0058798942874541048828	-0.0088675851822271334335
3	0	4	0.0032821105981484777724	0.00015083483595329828255	0.0046858249031560047365	0.0052043038098760216817	-0.0024615829486113582208	-0.00011312612696497371869
3	0	5	-0.0020000136687354790228	0.0017872413848918074046	0.002116557406685510602	-0.0042879651677085383818	0.001200008201241287327	-0.0010723448309350844428
3	0	6	-0.0015706545901189579266	0.0020087117657940000912	-0.0039226775609938722977	-0.0010697922104988052006	0.0007853272950594789633	-0.0010043558828970000456
3	1	-6	-0.0010050264615030291612	0.00052982520626865768892	0.0002601728530592723387	-0.002299701870094176745	-0.00045915108857496922693	-0.0001183710418813672526
3	1	-5	-0.001586438248130145898	-0.0050474473172342007588	-0.00031375626159842862463	-0.00063954997887404768132	-0.0010146142011977731228	-0.0031563783861153302951
3	1	-4	0.0053047157048070683882	-0.0034457067133008812375	-0.0024868823298071583011	0.0046828072302083825068	0.0033568161961535117159	-0.0014135782274235654098
3	1	-3	0.00096353854023008614609	-0.0071693933902902927391	0.0095969477848474159937	-0.0063528249586672401808	0.0041625211351792243408	-0.0092870017098460391769
3	1	-2	0.0085953925031691715691	0.010897151302582272492	-0.014762622081615398018	0.0071931316727677297243	0.0055117777139460592123	0.019942292790257273166
3	1	-1	-0.0027046729218478701533	-0.00072310550767821222314	0.0028733033546374090773	0.0071617269542591024956	-0.0052407154109062013825	0.0049924104312244659346
3	1	0	-0.0005115898770525513636	0.0077457676651636591519	0.0015347696311576541992	-0.023237302995490975721	-0.012562880142998996552	-0.04031063359075717778
3	1	1	-0.013188466259837064443	-0.0075606395225096172455	0.017287338332620260511	-0.0027440709702317863349	0.022278060446890936286	0.025425989537760637638
3	1	2	-0.015123853237008853118	0.012045600999770081016	0.015497126211019340847	-0.022374228224895903461	0.014937216750003609253	-0.0068812873872071689263
3	1	3	-0.0057705111347819363493	-0.0051764747504425010285	-0.0034365506569695430245	0.00583457092151857485	0.0069160280204384506908	0.0032316177766029763677
3	1	4	-0.0053612463093704980366	-0.0075855400609472359644	0.00015457989313939559674	-0.0013044250892024916461	0.0039822897587430249738	0.0060152613180110498306
3	1	5	0.00044416366298535451878	0.00037350972076899798457	0.004112759351122284579	0.0016576186005078765232	-0.0010890500680156697463	-0.00055562955256297408453
3	1	6	-0.0025910405412269176331	-0.00041069582657178447171	0.00035759395315505663505	-0.0016793431988020061322	0.0012359212784209493412	0.00048523844641955993359
3	2	-6	-0.00176706970544435551	0.0018764959013794701385	-0.0028160725800397529671	0.00013293806732475932689	-0.0018222257127354288524	0.00098256063979798818724
3	2	-5	-0.0022816885578365838153	-0.00019228173825897479734	-0.00015566031340705972796	0.00085369543720891752532	-0.0014312772600647740828	0.00022610913192818216425
3	2	-4	0.0010373024322432114214	-0.0050897204631184314594	-0.0076559866523751357245	-0.0018357397367496574529	-0.003050016502005159242	-0.0047351602157136522125
3	2	-3	-0.0088834870213672020856	0.0017616160495731501921	-0.0077745757837363498391	-0.0075141649097867748222	-0.0140665375438581014	-0.0032478272236180333842
3	2	-2	0.005121753844881169089	-0.013657926904152555697	-0.0020708536118513210141	0.015031059547941622023	0.0056117771554704317521	-0.0054558308082872115224
3	2	-1	6.2909244708535692263e-05	0.0051246937803143769591	-0.00066633819042337351021	-0.0055329402493912455824	-0.0011439486467211398488	0.0043082008421606397125
3	2	0	0.014886888594797028501	0.0011215146517116120813	-0.022330332892195541017	-0.0016822719775674182304	-0.042418216007791220701	0.0065875204842449569878
3	2	1	-0.0033347757587464887073	0.0057070302259190266309	0.0018676567675233563762	-0.0085791502547336480344	0.0062690137411927533695	3.7209831710216006897e-05
3	2	2	-0.0033105622715663344906	0.012436071488121239539	-0.0046857552573156763601	-0.0096778554626937400573	0.0096515986646651778791	-0.0089762517694881183844
3	2	3	-0.0011794859999898418823	0.0023926110363856729034	0.0043100396765291962634	0.0028649474371499035821	-0.001693873784362955482	-0.0043025759944856087694
3	2	4	0.00095532730058050271786	-0.00057616454388409801823	-0.00089431261406804193805	-0.0034392392636657088088	-0.00026933916840135606937	0.0021517430397459281349
3	2	5	0.0024151148659646596781	-0.0019253669034362639201	0.00094364702372111734178	0.0017632447855173273652	-0.0018265277290672428737	0.000449922227854827406
3	2	6	-0.0011133538909787643774	-0.0012032432056687828933	0.0021511728625124766114	0.00092067059750107114145	-0.00016038067534811001509	0.00029473140366736771479
3	3	-6	0.00065907579930465053086	0.00073147153590656112908	-0.00015487088952508012659	0.00056092680818750834722	0.00025210245488978521569	0.00064619917204703479236
3	3	-5	-0.00068432797034612819192	-0.00090312951184955429697	-0.00030030923461371350795	-0.001394130739700127691	-0.00059078232297590500908	-0.0013783561509298090843
3	3	-4	0.0042153689435126002333	0.0015992661201574877045	-0.0027003396073290472472	-0.0022157931249219956805	0.0011362720021376646311	-0.00046239525357338092781
3	3	-3	-0.0058371368633855251137	0.0026480000546253686447	0.0015302459043988561084	-0.00096833150315319034551	-0.0043068909589866685717	0.001679668551472178516
3	3	-2	-0.0044436337108949936978	-0.0040798463923804413264	-0.0015666446142883778264	0.0006923699393633342674	-0.0090154174877750577199	-0.0050812146795256611306
3	3	-1	-0.0050579555606012245594	-0.0017157576057665374549	0.0097935017383847348948	0.0010312909298713307873	0.014206638533350529272	-0.0020534000276856206532
3	3	0	0.0026052737741982683918	-0.0017818467228286631512	-0.0026052737741982683918	0.0017818467228286631512	-0.0036863656546152561398	-0.0033777252980587558866
3	3	1	-0.0057072333754146992515	0.0047242194035687998938	0.0061693343297195592234	-0.0076608159465425020029	-0.0013863028629145788314	0.0088097896289211080623
3	3	2	0.0035850071004933218612	-0.00061291680902444500931	-0.00055827947648686923349	-0.0055031783535909456484	-0.004540091436009679321	0.0091741427439230860408
3	3	3	0.0009692313224956395452	0.0027991092510011891629	-5.2077834859668148935e-05	0.0022615057862326579975	-0.00091715348763597140305	-0.0050606150372338471605
3	3	4	0.0021797405567651603406	-0.0039667101527821125098	-0.0043429828635284314919	-0.00038474097007555358319	0.0016224317300724531467	0.0032635883421432499221
3	3	5	0.00025331465889505953328	0.00075934643620384056212	0.00024099043773625393678	-0.00078631478354651530242	-0.00029658305797878811456	1.6181008405604831982e-05
3	3	6	0.0021916118068854503753	0.0012655945790648001105	0.0008576016147361349793	-0.0020639052067568893802	-0.0015246067108107925689	0.00039915531384604463483
3	4	-6	-0.00060299720305501786858	0.00046631913514690633959	0.00039736481299677779483	0.00025280735814853808269	-3.6588726196323739998e-05	0.00040169780633914520685
3	4	-5	0.00057432453129475718404	-0.00099587959733802439155	0.0010801666099819866047	-0.00010480206988774582225	0.0012087280067624437459	-0.0006813694143130113361
3	4	-4	7.4775865488276913973e-05	0.00075105681803092495374	-0.0006985718816673100592	-0.0016691748009231744017	-0.00064248998255110243132	-0.0011058821873999806051
3	4	-3	-0.0025066829083754786633	-5.5180751644493367689e-05	0.0038977223235437895819	0.0003188299631917658407	0.0026902801896829075905	0.00036992586594452773292
3	4	-2	0.0024918961196343878545	-0.0022479886554731464895	-0.0018120220821347678922	-0.0014349588818247049037	0.00011380001518204563131	-0.006241900746859129108
3	4	-1	-0.0016365158361707230015	-0.00079309415207989527371	0.00098127666934307109653	-0.00047271228454803061519	-0.00098444083113988461835	-0.0042701315944318083903
3	4	0	-0.0078672935771955457285	-0.0027569796678905606792	0.005900470182896658429	0.0020677347509179206178	0.00033156484098782903038	-0.0023682184149159072467
3	4	1	0.00084153429176783635553	0.00077681484741148703037	-0.00035377144735622266134	0.002199918664533233488	-0.0011095170858786184212	-0.011130119200367395368
3	4	2	0.0020985207158628420808	-0.0027202684607792082701	-0.00036392090411422434951	0.0014959145933319730609	-0.0024199392655658139885	0.0010885735045048662833
3	4	3	-0.0018848333182811243675	-0.001644597463676587823	0.0028298175033163773875	0.0018613845396044032595	-0.0018882566861407122216	-0.00083724858912928318971
3	4	4	-0.00025164688660195445999	-0.00058367578571087838299	0.00037403511466763892908	-0.00016088954341190292961	-0.00018529994971617309765	0.00059864638269506171685
3	4	5	-0.0015209820146539672087	-0.0016975188217234881555	-0.00058789767853055388633	0.0014477300197779617574	0.0013829073516168233909	-0.00013967272278827638798
3	4	6	-0.00055816944919759910876	-0.00030649432732240706329	0.00068140000360148583747	-0.00075710767617090304199	-0.0001751819444688576977	0.00065798561444180563192
3	5	-6	-0.00099039063846542317246	-0.00031972897878750018621	0.00065513071474534892262	-0.00032418882853213997061	5.0746943055079243607e-05	-0.00043002184650386672624
3	5	-5	4.5907275886070010704e-05	0.00088079833306650430046	0.00029354506190518636286	-0.00025711813715624813777	0.00032108942743682837876	0.00027136086268365444251
3	5	-4	0.0010708404106548707717	0.001088483281069170007	-0.00099079102245093540573	-6.958563884933908995e-05	-0.00043535847007251623261	0.00072938041224020362923
3	5	-3	0.00090295996218050730581	0.00042079013234544356556	-0.00079724046303501934756	-0.00031814506489425878723	-0.00042577414287785827346	-0.00010945164247832109337
3	5	-2	0.0021608838155521437746	-0.0015136575717950336972	-0.0026675785995108388521	0.0016933559655720551579	-0.0034276207754488814683	0.0019629035562375870237
3	5	-1	0.0026934925424975187172	0.00054701539348442568614	-0.00093948861331901302278	0.00037225612091313720411	0.0033830345608974903872	0.003502326785018963079
3	5	0	0.0011339255626746321849	0.00033044788295579798337	-0.00068035533760477931095	-0.00019826872977347876834	0.0086733912188324702869	0.0010667137847391303974
3	5	1	-0.00086029418256424274904	0.0015359999844361642285	0.00039434002343288672996	-0.00077969144813667587944	0.00060918243052829465153	-0.00070954271262511307145
3	5	2	0.0019537287716937840228	0.00090648526042105706611	-0.0025490184826256171054	-0.00073418918234111312914	0.0034419530490233667293	0.00047574506522119733212
3	5	3	0.0016433010194637919128	0.00063301676993982340311	0.00077733578359181880208	0.00036390771366677412534	-0.0029388606587834897356	-0.0012395296260511135759
3	5	4	0.0010016406159074015079	-0.00097945992470594724598	-5.2675098172609947174e-05	0.0011009496186662227901	-0.0006853865892147886817	-0.00064159207980331810738
3	5	5	0.00032204662373946208419	0.00019325556634048373836	-0.00037322750111591526624	0.00052535853412492600385	0.00017999952687223802657	-0.00064131187392921619808
3	5	6	4.599967779896856052e-05	0.0002250841839668656281	-8.8165075112886918973e-05	-2.2819882835347597259e-06	5.047105702792148668e-05	-0.00011064043508048719273
3	6	-6	-0.0001681856122765544657	-5.1722933182221218112e-05	-5.265410716754342907e-05	3.0143554974369109054e-05	-0.00013674691330582065514	4.2820883832585008452e-06
3	6	-5	-0.0002884384219260710861	-0.000397236439160657468	0.00024851087264567400109	0.00032207456214791599196	0.00012514999401916617676	0.00014814761108110472039
3	6	-4	0.00025615173971362046983	-0.0004799413904385246149	-0.00053554971863915162324	0.00044497835314874750311	-0.00061121077317351202828	0.00030751148689422779349
3	6	-3	-0.0012336945205865532723	0.00093741069552295982169	0.00054594691184231623326	-0.00012596402729632644266	-0.00014180069690192077868	0.00068548264093030682794
3	6	-2	0.00064587673882838376148	0.00098359289500236295016	-0.00018207559746662919757	-0.00049126299002526501586	0.00042258831584268799529	1.6003724277493579707e-06
3	6	-1	0.00071711183908214164422	0.00098232267823639011009	-0.00034488546217885612897	-0.00088301661895045092769	8.202274417328838925e-05	-0.0023511316789935352359
3	6	0	0.0026959836832288765728	-0.0016679622016707296422	-0.0013479918416144382864	0.00083398110083536482109	-0.0020896160126468296334	0.00044532479998968477414
3	6	1	0.0013915842070530177067	0.00097225041959412476875	-0.0002854192454712184651	-0.00078248266336622396538	-0.002462237148331742221	0.0017781447214149695944
3	6	2	-0.00010514046892517221082	-0.00084151003475190085893	-0.00015218909879107929656	-9.1787981672738073839e-05	0.00061427799976099619911	0.0015376289971460656725
3	6	3	-0.00051514361935938661041	0.00083171558294422101316	0.00022656567285666957498	-0.00089234142538626912405	6.2012273646047528218e-05	0.00095296726782831734336
3	6	4	0.00057654924176267019834	-0.00023101753261892040434	-0.0005453636682951159588	7.4185627605031335225e-05	0.00038563357112067128945	6.1984708056643300416e-05
3	6	5	1.0155030950404005078e-05	-0.00088608166646958269001	-0.00024394395753080946269	0.00014296811758634283412	0.00028663973046672897894	0.0003600872587781382239
3	6	6	-0.0001437922994195691708	-0.00055245272081276412032	-0.0001806653212749016941	-3.2128337919900170235e-06	0.0002525614709846863066	0.00027943919419837209709
4	-6	-6	-0.00012142093284690536623	-1.9843911769019229014e-05	2.24616287095582202e-06	-5.2699122490029246392e-05	-8.319345143555939993e-05	3.9469847977349760383e-05
4	-6	-5	0.00021526976594445185425	0.00043479879189450983904	-0.00029447513967810500825	0.00041168229073175108528	0.00052558598036928744993	-0.00014617971536249341484
4	-6	-4	-0.00073492617731022585881	0.00030300338420730658006	-0.00016619992986329873126	0.00013106289838471613346	-0.00048562628251527773481	0.00010640903663023236632
4	-6	-3	0.00021479585271244684198	-0.000151537260357849005	-0.00012984501810653958421	-0.00013521252688298136899	0.0005460845064963416786	6.8375373288830749389e-05
4	-6	-2	-0.00022370393852190554587	-0.00063179437709067680189	-1.3529621789207623206e-05	-0.00023592412488464696205	-0.00040681901167618822381	-0.0005558163795274126363
4	-6	-1	0.00033479640081683203351	-0.00079477923895528938131	8.1475520884534251027e-05	-0.00048356225141240076135	0.00085033247796012262788	-0.0002777434473467532282
4	-6	0	0.00080973095436746487207	0.00071171325331756993098	0.00053982063624497661752	0.00047447550221171326925	-0.00088414376302083227607	0.00031540412189920961645
4	-6	1	0.00037197276684829204234	0.00081795171640349005442	0.00029865068636083917132	0.00048072512250967627508	0.00030401305077186669594	-0.00038745613055590245877
4	-6	2	0.00030930560879281418247	-0.00038764112398185325082	-5.3359972022862748188e-05	-0.00039586905048865793279	-0.00077869113365421668404	-0.00041232490350226718833
4	-6	3	9.5667519262915371456e-05	-4.3153693273643616631e-05	0.00041474835246171486451	0.00046483572275574921518	0.00070194001257287586427	0.00098720970320968987402
4	-6	4	4.7658911052842748877e-05	0.00019533751556478849676	0.0001816520257747773065	0.000492988447746075544	0.00022481912760932321765	0.00054414515605432473792
4	-6	5	0.00033477517148594707107	-0.00029692305113664026759	0.00016526213061037855535	-0.00021839687703482471592	-6.9505580456303417544e-05	-2.4537811532477471461e-05
4	-6	6	-0.0001221613533265579509	-0.00032291630980457952877	-6.7635593345943672563e-06	-0.00021895080624316558228	7.4677342883110932217e-05	-3.6732663734459149246e-06
4	-5	-6	6.5113493847490555209e-05	-0.00010142224332800422234	0.00020486841298722591035	0.00022301473313737603323	-0.00012731468159102790204	-0.00025346043983314950473
4	-5	-5	0.0003375116213332680676	0.00015008899362096140531	3.0609942777077032831e-05	0.00024488765904235167224	0.00023939935428953740769	-0.00012481646414558254256
4	-5	-4	-0.00038005951627831315205	-0.00074275353502503335939	-0.0001944434262374451685	-2.5484959586533834558e-05	-0.00013700523348150666432	-0.00071089733554186604163
4	-5	-3	-8.9284893626428112447e-05	-0.00129672944008109455	-1.1252221768507073525e-05	0.00046434801284681411415	-0.00010029282188772570478	-0.0025028859415194828694
4	-5	-2	-0.00066390776497748124705	-0.00083991848909496433489	-0.00024245454663615240609	-0.0005838695771188085696	-0.00072167916336458143821	-0.00022016303539290708316
4	-5	-1	-0.0014056418608883918323	-0.00058197255926541039458	-0.0011821882366547114846	-0.00038546929671811757008	0.00028837373971999052773	-0.00040054375347105372791
4	-5	0	-0.00028134448004245456686	0.00056518307476383750857	-0.00022507558403396364264	0.00045214645981106997433	-0.0011574938571710924589	0.0010162455968479573807
4	-5	1	0.00035168425817211362719	0.00027009289442231696051	9.124766851406473239e-05	0.0001048240867903521247	-0.00095049869011813096879	-0.00055625114373750725923
4	-5	2	0.00098214966747126714562	-0.00054909887810568552922	-0.00022689562597407605623	-0.001243832577853002698	-0.002531538399877724093	-0.0020113836884211354697
4	-5	3	0.0011410139016086475166	-0.00031186553745304033437	-0.00029133226293847345242	0.00016268948716704448483	-0.002006905640375652479	0.00068696986188246129002
4	-5	4	-0.00065988431751657988193	-0.00062518548667832611002	-0.00071493704153624874041	0.00049108906588523194934	-0.00023378698440373101648	0.001239046819034866128
4	-5	5	0.00042426858765967379603	0.00028640158461975905426	0.00017794935641947582879	0.00090153611363594438662	-0.00016146551370826319719	0.00067241484594013714322
4	-5	6	-0.00029368589274606285693	8.5446153538273889846e-06	4.0912544291295584729e-05	0.00035452253294408959429	0.00022988438207345487495	0.00028973903388418973705
4	-4	-6	-0.00074747693464894998834	-7.3548905588212486022e-05	7.0404245007113025944e-05	0.0006545125500148979902	-0.00054525411977070876654	-0.00048537430373540700222
4	-4	-5	0.00038233314339748203977	0.00098756928645455364403	-0.0011334468698480598767	0.00044673822176721637075	0.0012126240105964334898	0.00043266485174986988368
4	-4	-4	-0.00014599328615068072929	-0.00075915013017399766027	0.00069413092032399165403	0.00039240154496876934308	-0.00084012420647467235622	-0.0011515516751427670034
4	-4	-3	-0.00053486948265419080248	0.00024935958589202055023	-0.0010459719122682458944	0.00060020564758855767928	0.00068146990615207360051	-0.00046779474892871608172
4	-4	-2	0.0005294477353050346894	0.0014512808224257350408	-0.00096764453435791558927	0.00036730445654139804845	0.0029941845393259007742	0.0021679527317686742016
4	-4	-1	-0.00050684431726441450238	0.00095087353184922934497	-0.00024680402691264327402	0.0016514152374279267559	-0.0010401611614070849134	-0.0028021668223147896438
4	-4	0	0.0028331512826257256726	-0.0028136853071885439305	0.0028331512826257256726	-0.0028136853071885439305	0.00016326388007032561437	-0.0014976557498268723307
4	-4	1	-0.0024117621645044157522	-0.00065209659227550469465	-0.0037280779623601141212	-0.00029900386590826739464	-0.0052652631914227943435	0.0014123709054689492001
4	-4	2	-0.00095241844473135071902	0.0012360677991443576578	-0.00018918834300273062099	0.0010725993989999054162	0.0015264602034572400877	-0.00032693680028890432067
4	-4	3	0.00024969398831043690314	0.0026727643895585475285	0.0021054757780805460551	-0.00032354054618423307719	0.0024743757196934788693	-0.0039950732476570407353
4	-4	4	-0.00015356667462092382106	0.00076233067815649566829	0.0015727319288389100382	-0.0021864743754212404188	0.0017262986034598337779	-0.0029488050535777360871
4	-4	5	-0.00028421830465289230462	1.3525724523978761462e-06	-0.00071168767349162945484	-3.0761860229211762283e-05	-0.00034197549507098968765	-2.5691546145287711252e-05
4	-4	6	0.00011383580657171117785	-2.2902426100971430442e-05	-0.00060651775338691339516	1.241007161636920847e-05	-0.00048023570663908304867	2.3541665144893757016e-05
4	-3	-6	-7.8237587762359375536e-05	0.00045642984509303429234	-7.5290741577508369024e-06	-0.00043585636422467530443	-4.8393854762697500408e-05	0.00052221474550769389229
4	-3	-5	0.0013971687081768329949	-0.00039391000365657252323	-0.00078988053102680832063	-0.00054770926975227982297	0.0015916632851575515401	1.3497558926109911451e-05
4	-3	-4	-0.00065186124337270035488	0.00062013394178866531724	-0.0017435068807619869165	-0.00051047614316969880301	0.00065576891719878983248	0.0010029910491659395008
4	-3	-3	0.00068722802760473134052	-0.00049326081311434671808	-0.0015175486928334484555	0.00036512263662120606053	0.0024338527296397568372	-0.0010228037207736682609
4	-3	-2	-0.0029833934327049066101	0.0033183330539233420534	-0.0047473131069053139952	0.0056912330489082259624	0.001154182794948157122	-0.0019001834655156548369
4	-3	-1	-0.0032633258827627718152	0.0014875124764597853332	-0.0033767997339779172797	0.0016604528214017085647	-0.0029229043291173354216	0.00096869144163401542207
4	-3	0	0.0031765911092652681508	0.0024424228358156030091	0.0042354548123536908677	0.0032565637810874703897	0.003597041554355484734	0.0082477003183573111694
4	-3	1	-0.00090635765370883770824	-0.00030174979696574857685	-0.00080434792511661988134	0.00041599888599718690954	0.0012123868394854912973	0.0024549958458545549818
4	-3	2	0.00023534966234352850648	-0.0017532543301150534457	0.0011696704563183830776	-0.0022857273431842717835	0.0012838063597905174408	7.7917645453699107584e-05
4	-3	3	-0.00061541801409594636997	-0.0006332428692940687007	-0.001534150758753816254	0.0020101038619997611302	-0.00071359340662588779686	0.0028544276877251859199
4	-3	4	-0.00067310574445911524472	0.00054155588478364184799	0.0023957396040848893438	-0.0010131203006708327987	0.0024699104475227819273	-0.0013013961102867665012
4	-3	5	-0.0013445271825140237346	0.00094679686115807623788	0.0026257860886974536407	0.0015527776071857588968	0.0026510933992296911721	0.00017422907538499433694
4	-3	6	-0.00039565622118374946508	0.00043411545561624752948	0.00040455090538800203212	-0.0002732996848810867528	0.00046604626681650065945	-0.00042606014618470840509
4	-2	-6	-0.0011638545614721968347	0.001879140899486731256	-0.00034947829255735509508	0.0019556970870513029626	-0.00065941027679567950671	0.00060086157064071974137
4	-2	-5	0.0013633171175226105245	0.00016353244419246222336	0.00056881823771538417549	0.0012387271112325425049	0.00086312639893193466266	-0.00036466488913904722326
4	-2	-4	-0.00010200392212561224285	-0.00059013731475457409381	0.0014957460642375547833	-0.0016163545948036871745	-0.00084987695424438962095	0.00021803998264726957477
4	-2	-3	0.0012546264486926013079	-0.0017070754439051181311	-0.0014962467588162404325	-0.0019642253129874358807	0.0026703331041342953656	-0.00096661704988186677653
4	-2	-2	-0.0016112615844981370734	-0.00025858680168002606825	0.0008745706234960605235	-0.001685866595593461326	-0.0040970937924923343451	0.0011686929922334091895
4	-2	-1	-0.0054469641884380883695	0.00021384307242515776851	-0.010233654774776177257	0.0039863462413286133296	-0.0013205472041999970125	-0.0071173201929565967777
4	-2	0	0.0033843487358679908046	0.0027869125434793486605	0.0067686974717359816092	0.005573825086958697321	0.0085539551147730558817	-0.0032818026498346994022
4	-2	1	-0.0008574616774731330486	-0.003268330479482461394	-0.00059146168167655336061	-0.005757956566297685666	0.00224692334653942569	0.001557408785334475328
4	-2	2	3.5528354372607582105e-05	0.0043870695590728613078	-0.0019192496952165844296	0.0064861033647412294142	-0.0019903064039617996209	-0.0022880357534044932014
4	-2	3	-0.0012325866909558369586	0.0010088521073863619248	-0.0042335490689507111056	0.0035443886123607080268	-0.0011789171246926910975	0.0010177895983919894515
4	-2	4	0.002617412569175494013	-0.000232464122113162832	0.0024341150379009321089	-0.0011851369179571298422	-0.0014003550502250281754	-0.0003601043368654020891
4	-2	5	0.00017579040068832114149	0.00074328435366302907268	-0.00012997303703046476486	0.0032088915978402830949	-0.00019262153536284281371	0.00068892915620569000149
4	-2	6	0.00028400968207378986122	9.3405269522309816027e-05	-0.00023884657062549598857	0.0027254788376343823571	-0.00026895531159102525507	0.00084622276619658750273
4	-1	-6	-0.00052297112570393793161	-0.00179325966747012535	6.9522990539621072983e-05	0.00030178811034997155612	-0.00036023458222589550045	-0.0012458044633717453662
4	-1	-5	-0.00034282317166252958968	-0.0012153997400460359903	-0.0032007978213228656383	0.00062807088487948879718	0.00036590102693454944508	-0.0010979339690127265516
4	-1	-4	-0.0011763391293451914456	0.0018724046256246959681	0.00025880152168021662139	0.0078992944169254293574	-0.001241039509765245628	-0.00010241897860666119506
4	-1	-3	-0.0021358909844351606569	-0.00038916823446042114179	0.0035862384040143699751	0.0042035899061239239208	-0.0040432674472516711567	-0.0019200876146552030461
4	-1	-2	0.00010441925609243377603	0.0050690937129186973767	0.0020024142523869859801	0.0019989959384588656781	-0.0007923686140086254109	0.0091386894566079616975
4	-1	-1	-0.0014124165347354840794	-0.00057610299153497434611	0.0059224657275745735269	0.00059641136558055501092	-0.011572131866516508977	-0.0029008233317204526122
4	-1	0	0.0030713011949462789771	-0.0026330928026348679287	0.012285204779785115908	-0.010532371210539471715	0.015783880662315848131	-0.0019607891644124793989
4	-1	1	-0.0015185124635628220995	-0.0038044915587930137196	0.0020962376351977584678	-0.015115595442431144571	0.0081702874894490472996	0.00010237079274091102573
4	-1	2	0.00234211710876068872	-0.00055019209287038132756	0.0045752511414635446685	-0.012724037276384710798	-0.002396608646789604672	-0.0052616344524515929609
4	-1	3	0.0034038704239192124797	-0.0010303324329644326582	-0.0070998865650891730683	0.00026133814722959007549	-0.0069051227535886746181	0.0014608892930291069931
4	-1	4	-0.0022622631372490602415	0.0019126350885909197425	0.0010432899388053470252	-0.0032995099050101991088	0.0025230856219503969978	-0.0027375125648434694113
4	-1	5	-0.00015982496178672608725	0.00047397969490528237468	-0.00016532725375014497172	-0.0026785865355737296239	9.4794518679351883589e-05	-0.00091490106303897180285
4	-1	6	0.00012678473453408344398	-5.9502053120153052175e-05	-0.0018171747264334632554	-0.00038975518134559255243	-0.00038738561076163285663	-2.5291161477496727344e-05
4	0	-6	-0.0012609442398153318261	0.00047679159622880543188	0.00048615239210331563993	-0.0001532315214814694267	-0.00084062949321022121738	0.00031786106415253697266
4	0	-5	0.0010666684920963465273	-2.0717511840650526409e-05	0.00032143234510478732547	-0.0010825051163582039872	0.0008533347936770771568	-1.6574009472520421805e-05
4	0	-4	0.00089107448933930144715	-0.0044363587624602525417	-0.0033894401000348420294	-0.0015294489730393416842	0.00089107448933930144715	-0.0044363587624602525417
4	0	-3	-0.0013768747690334455849	0.0036967575443729657099	-0.0048441656212772138054	-0.00059796738617576478993	-0.0018358330253779274466	0.0049290100591639542799
4	0	-2	0.0089075021850685241753	-0.0047719887451446365428	-0.0085471617769708255197	0.00011527894860383876622	0.017815004370137048351	-0.0095439774902892730857
4	0	-1	-0.004551284595585498513	-0.0014829928293996932735	-0.011266627267609838348	-0.018889760780954001351	-0.018205138382341994052	-0.0059319713175987730941
4	0	0	0	0	-0.003263783114808217322	-0.0015505561924210775789	-0.023735160966739509564	0.025241591606174881846
4	0	1	-0.0037620883352319080088	0.0035008505568590512873	0.025795812538588685364	0.018954679039034701138	0.015048353340927632035	-0.014003402227436205149
4	0	2	-0.0080975556130366069252	-0.0017061500920457137436	0.0014778549147254457959	0.0081018149728594689163	0.01619511122607321385	0.0034123001840914274872
4	0	3	-0.0018551562324748483487	-0.0055464224927116419564	0.00069570530417863173968	0.003249906456306776107	0.0024735416432997976537	0.0073952299902821892752
4	0	4	0.0005984521229472435002	0.0013096846065124155729	0.0024689598898074626918	0.0018188513402857553209	-0.0005984521229472435002	-0.0013096846065124155729
4	0	5	0.0010844241464161052165	-0.001070574218337443529	0.00043150638167355914341	0.0020657334347042436741	-0.00086753931713288425995	0.00085645937466995484492
4	0	6	-0.00025758124653689940149	0.00014764796130376398541	0.0012925401361870414701	9.329654190569076398e-06	0.0001717208310245996281	-9.8431974202509332642e-05
4	1	-6	-0.00052595381979959182888	0.0004983208752276599993	0.00070348651100952399543	0.00045860184269613172951	-0.00023338812803147391379	0.00040864755726779532392
4	1	-5	-0.0015465003156950082441	7.1871863856162347206e-05	-0.0013140620099302395291	0.00030662613682316808544	-0.0015000126545420544577	0.00011882271844956349485
4	1	-4	0.0025610597800003994176	-0.0035201383950024746523	0.00094802815272134323236	0.00097256560205080536466	0.0027980668181807354968	-0.0032769969944897734196
4	1	-3	0.00048342796881998542288	-0.00035196109006874426537	-0.0013310937424401132843	0.00013993295230031317883	0.00020087271094660946909	-0.00042263713599155461852
4	1	-2	-0.00011843288235593696616	-0.0048168753438310616885	0.0018147128809616651715	-0.005441910469783498884	0.00067049067576895873474	-0.012354705922553872385
4	1	-1	0.0054285980308163587701	0.0019722850427271285297	-0.021201490353739735339	-0.013469143973215217877	0.0005129017695257023432	-0.0055800038023067028911
4	1	0	0.0076759416395416647794	0.0017994625840781275968	-0.030703766558166659117	-0.0071978503363125103873	0.0062146890556722730187	0.0080366238489385129207
4	1	1	-0.000222642576778662104	0.0089196395840319634557	-0.0053987745280527502448	-0.0087048711115225076845	0.0062893448351673984439	-0.026973687224605344404
4	1	2	-0.0021088384995345565466	0.0004404825607530100137	0.0043732534997017978584	0.010084673887793894551	0.0020310502492182145977	-0.0059233020654029678448
4	1	3	0.00085627591616412696788	-0.0019466546941266709911	0.00084213826712095283221	-0.00038549281773122233679	-0.0014224139772591535679	0.002724037198079301992
4	1	4	-0.00057186962523996735363	-0.0038274871137644649391	-0.0049444802266361224247	0.0011339232323467963223	0.0018079896818989980682	0.0035440063056777658043
4	1	5	0.0019911818165017610219	0.00084945817005170067785	-3.9570587757081823993e-05	0.00134855032987452007	-0.0015850313356499923755	-0.0009492766020162645129
4	1	6	0.00093468946017585233417	0.00018249445101505717449	0.00042302556880350033596	0.00096715598692306880071	-0.00069363056825115163018	-0.00028285563183054956505
4	2	-6	0.0020593161743433273728	0.00063822736743588054983	0.00017467517792098618905	-0.00049073008468318969968	0.0014311025088692135455	0.00026190821672952379999
4	2	-5	0.00018136151485572340352	-0.00053505598108536159795	0.00036294635256430484924	-0.0022920082203613306379	0.00029026775291030070588	-0.0013448480730128215335
4	2	-4	0.0032341047597564905915	-0.0011837513416956763415	0.0012363156742919718511	-0.0003139161321845370463	0.0038522625969024766254	-0.0013407094077879447291
4	2	-3	-0.0022989870909601176421	0.00038945568443166973674	-0.0033580808184028284116	-0.00062073616072243296277	-0.0053040366668820424639	0.00010545013876060431337
4	2	-2	-0.00086772282344189574903	0.002643372990932696745	-8.7923685406141380413e-05	-0.0051731256559053107394	-0.0018233693322899327972	0.0001136203259600820052
4	2	-1	0.00056734081522604384255	-0.0031147466318390227766	0.004669442010159684936	0.0044625062263382430511	0.011608247281223544808	-0.0035339740746796054378
4	2	0	-0.0064966524159913961733	-0.0024748520401805230128	0.012993304831982792347	0.0049497040803610460255	-0.0087404900362904030392	0.010444729430299145093
4	2	1	-0.0022139641616709857495	-0.00014248635357602093716	0.0046811528282768143788	-0.0064528200244597013618	-0.00050644900986968543425	0.013475585463223485605
4	2	2	0.00074694697193066308168	0.0037438739148246001805	-0.0065011799730579035092	-0.0068485958840936028702	0.005007286029196577129	-0.00063915194555559727389
4	2	3	-0.0034594859604141206186	-0.0017015027782359419713	-0.0034265306324709758796	-0.0018920080781462888467	0.0068970017021994780779	0.0035300090897454482371
4	2	4	-0.0014171353692372136435	-0.00014559929960697071583	0.0016388278731680752057	-0.00031801587658126004949	0.0005977214326531760406	0.00030460723789760074057
4	2	5	-0.0007289344274351418438	0.00059533764433678155754	-0.00056641071644182865337	-0.00119330597542871477	0.00080971182852484493639	1.0522747020606104967e-06
4	2	6	0.00066797422145962938745	0.00062690983094241040357	-0.00040456916556239080505	-0.00023630752765116429725	-0.00031045975911895602609	-0.0003391707114112188547
4	3	-6	6.0078472080890298914e-05	3.4722107008208979116e-05	-7.034240199780093111e-05	0.00013482766617181518218	4.8811137216930642306e-06	9.0561904424713577169e-05
4	3	-5	-0.00091671005586000850994	0.0010037381799836192671	0.0014699641365005522171	0.00062075070421463169473	0.00014861043721232456024	0.0011754409665156743871
4	3	-4	0.0013931334171644175514	0.000186327629616335976	0.0018475394807331215353	0.00094370657951718607721	0.0027787880277142587571	0.0008941075642542254797
4	3	-3	0.0032850099406993844668	-0.00082555832699804333405	0.0021994981152351753863	-0.0024112373713311941945	0.0065795113695010214866	-0.0035119818073285854511
4	3	-2	0.00081753391496174694555	-0.0028271233758753707213	-0.0037447034843917314205	0.0062513513112109507161	-0.003981987396664102806	0.0037227802150656846315
4	3	-1	0.0010844469638161115341	-0.0032537573734287205882	-0.0014150160264366593455	0.0038753602165518194478	9.2739775954468642132e-05	-0.0013889488440594240093
4	3	0	-0.0022001826892481752065	0.0026650802313477324305	0.0029335769189975666529	-0.0035534403084636432407	0.0046000256275883152912	-0.00057793777069358332615
4	3	1	0.0007053379652456410109	-0.0018324771402799663531	0.002641139126473181567	0.0022897058074824233262	-0.010744769240402107444	0.00046079113867259554205
4	3	2	0.0027739144275594766927	0.0019987653944905834323	-0.00089753917154006160155	0.0010096202404766573858	-0.0042015200978088610914	-0.0055119611496961531602
4	3	3	-0.0017449460760745230236	-0.0012721564695129629948	0.0017648540469381297606	0.0024789821390405700902	0.00056174072116123405403	-0.00078277351302328624164
4	3	4	-0.00061230065466569446025	1.5121857720689093441e-05	-0.00016545386174195926055	-0.00084841611621140611537	0.00073639105097216396665	0.00062119022943786549647
4	3	5	-0.0016314875626946662938	-0.0011494280796201863937	0.00047084090311354877311	0.0012179467125736057227	0.0010226855082876038037	0.00018877443615198573551
4	3	6	-0.00044723943340827947189	-0.00023370335612282676602	0.0003597747057058570206	-0.00057955879099793694651	0.00011827226941925782688	0.0004455816329141862992
4	4	-6	0.00022715652933044121913	2.7989244840973154948e-05	-0.00045764195997593436161	0.00019433203782286053449	-0.00015365695376366210402	0.00014821418844255577715
4	4	-5	-3.5516165968868033368e-05	-9.4236419343529227803e-06	-0.00032531327613521910866	0.00085300257449444859791	-0.00028866355368326973531	0.00067486314604807656585
4	4	-4	0.0012014708690385135156	0.00031689189623489047269	-7.4379957734417679141e-05	0.00066117170376413854794	0.00112709091130409585	0.00097806359999902891221
4	4	-3	0.00062320334163509262786	0.00088605661150837993194	-0.00045410839917274612321	-0.00094097041123174967377	0.00022545992328312869997	-7.3218399631159615114e-05
4	4	-2	2.6105720044414495637e-05	-0.0013712699195675566964	-0.00069079948638319258955	0.004603132307393483294	-0.0013293875326775561607	0.0064637247756518540626
4	4	-1	0.0020121439439244057437	-0.0018917775796280819449	-0.00076108094640678738193	0.00064867614823591436893	0.0050042519900704747482	-0.0049724057255686703038
4	4	0	0.0028811004150344310219	0.00015258019860769472245	-0.0028811004150344310219	-0.00015258019860769472245	0.0042206837698756469873	-0.0027196289936557527071
4	4	1	-0.00051565877676939511805	-0.00015666823497654941964	-7.3553416348343000864e-05	-0.0024607593171293547576	0.0023568487724709525841	0.0104697102084236153
4	4	2	0.00063051471302426451062	0.0027310955408941127096	9.2207735344389851252e-05	-0.000835036751599790481	-0.0014454448967373086966	-0.0037921175785886446739
4	4	3	0.00067206193068417355557	-0.0024658771626833598384	0.0001004405138264134452	0.001720303376411182238	-0.0010300032593474493705	0.0009940983816962365837
4	4	4	0.0015132824519285441919	0.00082729360867580961983	-0.00052290170848976629848	0.0011326398943264210338	-0.00099038074343877789338	-0.0019599335030022306536
4	4	5	0.00093269230607925454613	-0.00033747596910663879956	-0.00011960026532181016986	-0.00018205375914721684994	-0.00065047363260595551186	0.00041562378260308449791
4	4	6	-0.00013032624145996654901	0.0006391480974564003447	-0.0005365653212104304565	-0.0003278304542145529972	0.00044459437511359798561	-0.00020754509549456484413
4	5	-6	0.00062246383578424516365	-0.00054904908697007710327	3.9734913260508798196e-05	-0.00016218466235046167276	0.00044808831823992076749	-0.00050118660993876944926
4	5	-5	-0.0001693994710774681669	-0.00029471771701708552064	-0.00013140802099777368264	-0.00078114334905000589772	-0.00026692759785974822699	-0.0010169175226636742709
4	5	-4	-0.00017624398197899049899	-0.00020819773392522839721	-4.9500223967818680437e-05	-2.0291701390375594955e-05	-0.00023811926193876382582	-0.00023356236066319788582
4	5	-3	-0.0003752015775133765588	0.0011169914616604662699	0.00049354892608173962613	-0.0021004845621756034965	0.00032231277345173050533	-0.0020114856547453837006
4	5	-2	-0.0030471164425319532433	0.00088524584148291763329	0.0025767018702720335087	-0.0011681436605108569057	0.00034752179061617712247	-0.0011498674683113069978
4	5	-1	0.00017725873537530770175	0.00017769087647404553719	-0.0003310778278579204416	-0.00075483518199031293498	-0.00094635419778837156363	-0.0030634124040553826346
4	5	0	0.00076712068464382116972	-0.0012025102184021006085	-0.00061369654771505695746	0.00096200817472168046515	-0.00043914709291485807402	0.0021594340054741849137
4	5	1	0.00090112901163801268148	-0.0011225388873027642139	-0.0011653278313190202058	0.00015684954472878050386	0.0022221231100430509538	0.0037059078255671541735
4	5	2	-0.0017599887609748858432	-0.0015182972806333048382	0.0014459798582117078768	-0.00020131042466402262439	-9.4972123579498208732e-05	0.0035398706229266660613
4	5	3	0.00077372177672163199979	0.00098336028499278801268	-0.0014022653063836198421	-0.0011988345572784280153	0.0013054798083438571427	0.00068691054880699582794
4	5	4	0.00062033265045683023964	0.00091497846931361053683	-0.00061010317669753829761	-0.00017405064347970870147	0.00014229632041509268658	-0.00069741516496397472098
4	5	5	-0.00097702851733146695544	0.00018765263446065175265	3.4119935673770854375e-05	-0.00036503250745585847292	0.00074750287819140277638	0.0002149103998873370708
4	5	6	-0.00017900132979294829712	-1.9199375999898795351e-05	-2.0391250524109780131e-05	-8.7485798218099091258e-06	0.00013632692863205702954	2.009006718477412089e-05
4	6	-6	7.6190582091302731078e-05	-6.4338063131691219584e-05	3.5661274032781834344e-05	0.0002822054581275231129	8.6454995426983661838e-05	0.00023931341603972898458
4	6	-5	-4.0827860239424677239e-05	0.00026598004038659583959	0.00037318342374047968387	-0.00033397134872505368063	0.00041515782029703590054	-0.00018798158616078770172
4	6	-4	0.00037815069420192701146	-7.1433455847163624059e-05	6.6976607406157682859e-05	0.00034162116537742666551	0.0004786156053111635493	0.00044099829221897634711
4	6	-3	0.00058309184736340523725	-0.00069873219184747505789	-0.00021905905969314053107	0.00076769560542147455111	0.00033933767709825923614	0.00060374828837964902503
4	6	-2	-0.0015416223993391610023	-0.00063170132953617062418	0.0013729583781449485914	0.00055945258062224754309	0.001035630335756523553	0.00041495508279440138089
4	6	-1	-0.0011761944179059812855	0.0006196045469173269097	0.00097827998044410099075	-0.00021030180889251921437	0.0011649022110406812361	0.0012166073343141924068
4	6	0	-0.00094440845938762341561	0.00036817690565569947568	0.0006296056395917489076	-0.00024545127043713296571	0.0028917445846236016112	-0.0023276676706359415887
4	6	1	0.0011234035031455326479	-0.0013173789409951853265	-0.00054789140044996572504	0.0010832989792739782138	-0.0012062656098823362413	-0.0012302781116631279767
4	6	2	-0.0002363622060594376044	0.00076927785964484821264	0.00038277981426408489883	-0.00013019943775305321213	-0.00067561503067337948768	-0.0011479574060305366805
4	6	3	-0.00033676433447816053095	3.4236257173565580719e-05	0.00012066528338657279116	-0.00011135400486556414675	0.00020768854586440181034	0.00017705966683304085255
4	6	4	-0.00014021122841663193905	0.00048964952984761726546	0.00028070771976265458236	-0.00037635341293633519733	-0.00028085035122734996159	7.4880589556885516979e-05
4	6	5	0.00045461630293481387032	0.00063229046767012255046	-0.00036364901337944746662	1.8539727811997840291e-05	7.2685773707485869114e-05	-0.00052808004751049542839
4	6	6	0.00017449920446933818679	9.9414632635009910389e-05	0.00016306651794971541202	-0.00011969491206885900572	-0.00027939932092927420321	5.3418490312185732132e-05
5	-6	-6	-0.0012060151021442068898	-0.0007595776499150541693	-0.00081742757122218491495	-5.694414257266104299e-05	-0.00018758501389798740286	-0.00057603723235655072184
5	-6	-5	-4.0497492928005849146e-05	-7.2663618682673186016e-05	4.8572552490181861368e-05	1.3903438987127501137e-05	-9.8784555916224086854e-05	-8.9347745467226194157e-05
5	-6	-4	-6.6573187729941890167e-05	-0.00049016762808844801646	-8.8577193501352245882e-06	-0.00036186964322133883653	-6.9929905637224515661e-05	-6.9905070278551738674e-05
5	-6	-3	-0.0002166581548906907663	-0.0005662073416937971667	-9.099803285604566856e-05	-0.0006034001146154025939	-0.00017910085910572662478	0.00026312132640780985576
5	-6	-2	-0.00025034020451977990118	-0.00041973014511787143594	-0.00018873818670904200681	-0.00029893945712345949264	-5.9635951172323718966e-05	-0.00015250699142430011192
5	-6	-1	-0.00051368424010668706572	-0.00073231316483621873743	-0.00044494510891058029148	-0.00071061305524477904206	0.00010124945293004648805	0.00060211250728758056519
5	-6	0	-0.00025527263454269732198	-6.3760608215631450063e-05	-0.00021272719545224776832	-5.3133840179692881829e-05	0.00076121257004250835691	0.00094162113421399952235
5	-6	1	-0.00027569651403992360755	0.00042822339983767130972	-0.0002657174064768120657	0.00034424190672840244368	-0.00021582186866125432933	-7.5665558817941778059e-05
5	-6	2	-0.00055221272385273497199	-0.00037661390116812951991	-0.00032455146812876921845	-0.00038838686539861383114	0.00040687740524552988303	-0.00022362584327551777497
5	-6	3	0.00025181008826805626518	-0.00024985030526039191676	4.5095876141135940571e-05	-0.00045527733225390025354	-0.00032949172816448851113	-0.0004941374890738140695
5	-6	4	-0.00033389093664793422465	-0.00022872030690754957798	-0.0004840590839845950572	0.00011331707024921216782	-0.00030872495516697477788	0.00045587598900825523776
5	-6	5	-9.4719870887186556488e-05	0.00025298175199436206701	-0.00019703121296743423326	0.00022651705110036349667	-0.00014171758467373452885	1.8838709326074139835e-05
5	-6	6	0.0012275890390321757793	-0.00032665349618028982582	-4.0284412106661759468e-05	-0.0003088482979962541594	-0.0010632752779668082355	-3.6637051179345993799e-05
5	-5	-6	2.8002308078054658446e-05	0.00049659997326831437775	-0.00024400893705860094655	8.7293314017622769345e-05	0.00022667603761387968551	0.00034108888270890968045
5	-5	-5	-6.4095206591704371318e-05	2.6629798836371561156e-06	-0.00010337838389956926415	0.00023189545729997249491	3.9283177307864892828e-05	-0.00022923247741633533668
5	-5	-4	-0.00025370856697106667103	-4.7832849816421191323e-05	-0.00045141609023533884335	-0.00029230335911723995647	0.00024713440408034018829	0.00030558813662602345813
5	-5	-3	3.4292686150604532777e-06	-0.00033271518685107918023	-0.00046791284053136636628	-0.00034850498496353615697	0.00078557018191071140405	2.6316330187428295704e-05
5	-5	-2	-2.7888203163561777457e-05	0.00022979220952148185454	-0.0001797999814822622347	0.00050983852124415567336	0.00037977944579675119562	-0.00070011577930668446573
5	-5	-1	0.0003757314083381586671	-3.700309532552947153e-06	0.00058593126759169222428	0.00010668147332634735894	-0.0010509992962676678943	-0.0005519089142945014792
5	-5	0	0.0012808328021938777085	-0.0009785722711900105876	0.0012808328021938777085	-0.0009785722711900105876	-0.00090883410816179589168	0.0023514384043382590209
5	-5	1	0.00010682070503747651772	0.00076249634903922871177	0.00020555797324164592197	0.0010821097211803467134	0.00049368634102084699416	0.0015980668607055894658
5	-5	2	-0.00015770628973079027372	0.00018656261508769996448	0.00010465755473937493072	0.00042571754095030672847	0.00065590961117541299753	0.00059788731465651695062
5	-5	3	-0.00018197206311830178924	9.4031034889972463719e-06	0.00067046485537606160393	-0.00017599092029418127539	0.0014207281974906056914	-0.00030899003963863090009
5	-5	4	0.0001969588725003619241	0.00011966567029844374424	0.0001731346848036786879	-0.00033277058366748269976	-2.9780234620854068966e-05	-0.00056554531745740810583
5	-5	5	-0.00022237684709758932583	-0.00052759916606323804551	0.0001254145092220673881	-0.00031643757648473286792	0.00034779135631965668683	0.00021116158957850515048
5	-5	6	-0.00021173568627151385111	-0.00013644682134655126558	-0.00019455633301896846561	-4.789236363394688248e-05	1.431612771045449074e-05	7.3795381427170332806e-05
5	-4	-6	-9.4254891947917715284e-05	0.00021452056974515345319	9.9032760448943937316e-05	-0.00023239393903388023141	-0.00014456758358922738535	0.00033369643414354801386
5	-4	-5	-0.00066405361682760782362	-0.00011193272208408307688	0.00016125121695570254028	6.0985747726453310954e-05	-0.00079305459039216989921	-0.00016072132026524572836
5	-4	-4	0.00019060218892025967388	0.00050186864505165969686	0.00026899949110729905102	-2.0099918728504194453e-05	-3.0746754956974424781e-05	0.0006474357250430787681
5	-4	-3	-6.186973977756493083e-05	-0.00056945075218864892302	-0.00078652653856072071627	-0.00095652860838495797242	0.00094558581845168607032	0.00032628689086552903733
5	-4	-2	-0.00077215121775318007122	0.00043521262905192397395	-0.00099594766478795998879	0.00094424504979176101561	6.1517285192969880852e-05	-0.00080045852695371220477
5	-4	-1	-0.0018916371029654814595	-0.00038172701686812440976	-0.0026526221760682150083	-0.00026772866261385436498	0.0011523031894454529526	-0.0008377204338852046973
5	-4	0	-0.00022348580109317201501	-0.00029623694101003553289	-0.00027935725136646501199	-0.00037029617626254442966	-0.00065749266646501704388	-0.00066569399406087395067
5	-4	1	0.00060447739180836566539	-0.00026388038777167520388	0.00019880865543532198151	-0.00033614541426757834535	-0.0022271523373005404009	-2.5179718211937304398e-05
5	-4	2	-0.00088902707358984084298	-0.00026286585574449510645	-0.0021507894148516202432	0.00031222179236464438819	-0.0020790111457286387583	0.0012816082240905265696
5	-4	3	-0.00033032490794801094153	-0.00061669800567961644173	-0.00079540536760162666111	0.0011509578436054226924	-0.00050999897688881723999	0.0025624404676065910651
5	-4	4	-0.00011878715028816183845	0.00059228682023814685411	-0.00098812902519899493449	0.00097822938832073467325	-0.00083964508733879263981	0.00023787086302305113271
5	-4	5	0.00013614988707758390158	0.00071691289678645238586	0.00098030457026549843585	0.001368337476654774747	0.00064809376913481484168	0.00037775708453736749851
5	-4	6	-0.00016620220260891904111	-8.6747719845399666005e-05	-0.00010169029211887162386	0.00019068741771042043744	7.0708307428184785019e-05	0.00019941471167811335792
5	-3	-6	0.00029103370719346188886	0.00037435104507082015779	0.00011657856086994993806	0.0006498768387812972093	0.0001842388088929099632	-1.2979215164965140385e-05
5	-3	-5	-0.000528648759046607521	0.00057380021176453425459	-0.00069572304438681148008	0.00062803374353327862979	-0.00011121493241452065734	0.00019697996564456706045
5	-3	-4	0.0011428348946320955257	-0.00077644157907199120618	0.0030540866575856778775	-0.00039438802304029202438	-0.00086202137489913889263	-0.00067476095655977003009
5	-3	-3	-0.00013785824870234995409	-0.00032467687006756387399	0.000152704924062803171	-0.00020298511785119693635	-0.00038246867190005313063	-0.00033814299892807620504
5	-3	-2	0.0011807854229271737018	5.9893328439199872669e-05	0.0011474064864115589377	0.0015231147051283559866	0.0012308538277005956312	-0.0021349387365945343524
5	-3	-1	-0.0012553756224959649115	-0.00093434835217158160314	-0.0021754946342159042251	-0.002005653478651966623	0.00024960579016788828023	0.0013452186750979918534
5	-3	0	-0.00059814024688178534916	-0.0015159672388904898641	-0.00099690041146964221246	-0.0025266120648174831068	-0.000192214437193418715	-0.0027500258017820206763
5	-3	1	-5.2234196504353521502e-05	-7.7252455183777563518e-05	0.00057366583658572496088	-0.0007070231182798278639	0.0019821684922789423004	-0.0017348070789205956386
5	-3	2	0.0013369215616498954582	-0.00012668289422041316178	0.00083581308147945266272	-0.0013392029261296799474	-0.00208858428190555976	-0.0016920971536434870845
5	-3	3	0.00060740806699872214487	0.00036545035117459441498	-0.00020384695945268040368	-0.0017366005858878862025	-0.001216193737783883861	-0.0023456845045122104443
5	-3	4	7.6070991468839261164e-05	-0.0015644191018839897957	-0.0019612480486570584882	-0.0011362357498001052301	-0.0015660247758288428545	0.0011033470650049083221
5	-3	5	-0.00013152470299853627912	0.00050776654687976824007	-0.001520128133003879542	0.00071501124531613881059	-0.00078055217680379155448	-7.8759799690084899507e-05
5	-3	6	-5.5973075337536631901e-05	-0.00014257061975572009045	-0.00079864917503836196835	0.00041841279465197985703	-0.00035268035807123381464	0.00032801524712242335078
5	-2	-6	-2.0547763398039732213e-06	0.00030796469206769517884	0.00022324722049290370582	6.2291784615266221868e-05	-7.6128053780804544174e-05	0.00023587331518465725982
5	-2	-5	-0.00037957300347738051269	0.00021680000632255211237	-0.0012409127819635701155	0.00062211767543087848412	0.00011679210930804751996	-3.2047063849799274496e-05
5	-2	-4	0.00035329020201945658371	0.0005308863796811162444	0.00053015645174223806953	0.00042467064353049591196	0.00017653452665320170842	0.00045127265283614740373
5	-2	-3	-7.6932698748168675223e-05	-4.1476669654140150818e-05	0.0018504016152775058096	-0.0022828909598428806169	-0.0013618222414319516335	0.0014527995238050202525
5	-2	-2	2.8026051570629933671e-05	-0.00021455938358726862804	0.00019846630732739715345	0.00089325792699667945322	-0.00012840117840082231927	-0.0014296563859648508607
5	-2	-1	-0.00018354339356397821525	0.0018340636943064091667	0.0014800663751487199652	0.0024619088659113665465	-0.003877849718117330844	0.0042465007397093131741
5	-2	0	0.0012378869031632313766	-5.1311688098413579253e-05	0.0030947172579080784414	-0.00012827922024603394474	0.0013207503292116196461	0.0039166030589241887169
5	-2	1	0.00092439264157199399919	-0.0023063826214341953853	0.0016739952047986675614	-0.0042023886911924041368	-0.0012739727982626349815	0.0031271357247861695204
5	-2	2	-0.0009553051886941504086	-0.0017686701269404398948	-0.0019243611868780940294	-0.0015336058184471305487	0.00046390178485728182948	0.0028880694989039694051
5	-2	3	-0.0012013395566704075223	0.00023692476381211794844	-0.00021334921918105074351	0.0013328845241347931846	0.0018599997816633119692	0.0004937150764029988757
5	-2	4	-0.00016678455045389918511	0.000625642958019323632	0.0017397048035459631785	-0.0018294103495596440983	0.0010783330898403555367	-0.0016967588723039764807
5	-2	5	0.00050155406317547058127	0.0011059396040999749152	0.00091730549166511886946	-0.00042882943076750216398	-0.00013463186650942299011	-0.0012774713764069757591
5	-2	6	-0.00065663181677840583728	0.00042149657542209565102	-7.6073971219816770468e-05	-0.0017477320117050461085	0.00052183519024206592284	-0.00093382448342009506063
5	-1	-6	0.0010237335262079289878	0.00083074953317371230416	0.0010428220617953757807	0.00064427012263355485071	0.00067930759487404485976	0.00058491292387250111168
5	-1	-5	0.0016192220211251981844	-0.0016978170656216631709	-0.0018498029452569549579	-0.0013371727729080404908	0.001989182610176589306	-0.0014303825110400548992
5	-1	-4	0.00022109337818829587099	-0.0012260022733529777478	6.04439563493935748e-05	1.6059653504732702615e-05	0.00026125573364802146198	-0.0015365177550674051325
5	-1	-3	0.00060773621412245630753	-0.00047593201724512647919	-0.0015851403409817650322	0.0013700889004014478369	0.00154127380386468219	-0.0012499163288756933929
5	-1	-2	-0.00031112064010057249776	-0.00093772342088309650239	-0.0019494556056372908635	-0.0015115205686682103153	0.00019692620256721429578	-0.0015885482678736359899
5	-1	-1	-0.00079324237718128934056	0.0011116135522505916217	-0.0029544289364191629599	0.004599015620062247775	-0.0010117829494872838513	0.00095905214119071065856
5	-1	0	-0.001292092335741163063	0.00054461942596922515488	-0.0064604616787058153152	0.0027230971298461258828	0.0054465759947445535963	0.0021056604036316967261
5	-1	1	0.0004602881143598203822	0.0016930712900644971468	0.001415111694097356777	0.0020801012738322632867	-0.0008863288777017450798	-0.0063852551764902220136
5	-1	2	0.0002399913685449714504	-0.00058697727033138089817	0.0097521208179151015055	0.0039669675264131648573	0.0042760819875951221539	0.0034509269390350346199
5	-1	3	-0.000199685096011159726	-0.0011088440338944474672	0.0024674852928960287757	0.0014503352834371267127	0.0011553035909839424415	0.0023315184843031213496
5	-1	4	0.00053258789630706605822	-0.0013573883845877906043	-0.0035239755273821131779	0.0012492626606875392985	-0.0015467287522293608672	0.0020090511459066231342
5	-1	5	-0.00054162099811120298972	-0.00018704930374627566744	0.0014205733758237662663	0.00047547544689260614259	0.0008257356732759562213	0.00028214439312479689054
5	-1	6	0.00043056659238704448516	-0.00041949289040733162134	0.0010038475725764788374	0.0010069207097463052543	-0.00019149756489312397658	0.00051739752696382723587
5	0	-6	4.992323681796361184e-05	0.00028553325098358415439	-0.0011216075767948240852	-0.00047225496264674245248	4.1602697348303009867e-05	0.00023794437581965347103
5	0	-5	-0.00087660129220159838537	-0.00071184660140539979256	-0.0023792431186797397165	0.0014232289519362684334	-0.00087660129220159838537	-0.00071184660140539979256
5	0	-4	-5.9444419501436716554e-05	-0.00079671359748314965303	0.0028440624498083265023	0.0059047900737402344434	-7.4305524376795892305e-05	-0.0009958919968539371205
5	0	-3	6.8789212485908122412e-05	-0.00063008986980468391706	0.00029665455144974901954	-4.8754596150759089437e-05	0.00011464868747651354639	-0.0010501497830078066007
5	0	-2	-0.0017863982761004855958	0.0020092643398474043133	0.0082309406113133028876	-0.0016549184034328041047	-0.0044659956902512142063	0.0050231608496185105664
5	0	-1	0.00038922169096262861782	-0.00081750689807543017347	0.0010547669689604231326	-0.00070420819006630579716	0.0019461084548131430891	-0.0040875344903771506505
5	0	0	0	0	-0.0050836464929164791593	-0.0044968654699467144192	0.0022672654607607989515	-0.0061222271030527061764
5	0	1	0.0017420873002247990336	-0.00080356850759104509786	-0.0067061681701708732509	-0.0037662796235830029237	-0.0087104365011239949512	0.0040178425379552252725
5	0	2	-0.0015156392980912210267	0.0020677955664183374565	-0.00063410323178508614349	-0.0026705801523895151585	0.0037890982452280525666	-0.0051694889160458440749
5	0	3	-0.0014936032700498343053	-0.001849071229891432154	0.0034364048745836269817	0.0017613771661557861298	0.0024893387834163901474	0.0030817853831523870679
5	0	4	0.00025445187857312011933	0.00038164898327522339813	0.00047627998596702565996	0.00096049429284352102164	-0.00031806484821640012206	-0.00047706122909402926121
5	0	5	0.00094624368589905102998	0.00045255106042215538162	-0.0034225487643680580808	-0.0012864064490151658985	-0.00094624368589905102998	-0.00045255106042215538162
5	0	6	0.00079609379971802823189	0.00048746255901600235496	0.000145390870695710371	0.00074116549278275699244	-0.0006634114997650234543	-0.00040621879918000192633
5	1	-6	0.00071091187886179220412	-0.0006182736642043392284	0.001522768648504918684	-0.0003578126997719129369	0.00084622134046897991462	-0.00057486350346560145894
5	1	-5	-0.00092883078197974068124	0.001088434931392783531	0.0016919128187270595157	-0.0028104735778306751993	-0.00059044821823432875642	0.00052634021582664857787
5	1	-4	-0.00040437250423790881615	-0.0003520095629407854281	-0.001184116853039507769	-0.0020296129661905217695	-0.00080149484355726292178	-0.00094741519522361218684
5	1	-3	0.00312832143500592786	-0.0017797266194664472429	-0.0058202100457881121576	0.0018995402404108272226	0.0032737990430805087583	-0.0023330309523071366198
5	1	-2	0.0002301491042234539723	0.0017435775176244533435	0.00017025096239358958957	0.0019603996308455830591	0.00066049824175542972554	0.0053391436094839253221
5	1	-1	-0.00037451325310321697095	-0.00094158396895487484618	-0.00081047843060135492128	0.0011838522267020082888	-0.0026830446961174396134	-0.0035240676180723659421
5	1	0	-0.002382405767816807296	-0.00017719661596895372913	0.01191202883908403648	0.00088598307984476872695	0.0034900524132516906779	0.0073102210914131587199
5	1	1	3.9635545840473036219e-05	0.00015354896136213964952	0.0012391989536483089245	-0.0023146199175632792278	-0.0014373766828506742005	0.0015468751107525812241
5	1	2	0.00021878899457264768848	0.002338416896108464621	-0.004353535134674859329	0.00035118401015896914255	0.0016297950809058103349	-0.0060216342453506457172
5	1	3	-0.0031705871971374087123	-0.00050375717919808255581	0.003427239627128001332	0.0026313572627164184652	0.0041418987861863475544	-3.7523788908668548477e-05
5	1	4	-0.00016952213434238334899	-0.0007133892430021956596	0.00022416650949251651663	0.00018129591971604208569	0.00015586104055485006385	0.0008464125738237341344
5	1	5	-0.00065849348165690057416	0.00035984026730854091342	-0.0014005834443934204493	-0.0018802777646812084047	0.00093861017053558466403	1.6215285627700768198e-05
5	1	6	-0.00012926539027727552045	0.00020793689755591447557	-1.5339348740245499817e-05	-0.0001395952965244934708	0.00011027771668777051927	-0.00015001486520917981784
5	2	-6	-0.00066304590858490719974	0.00042457807527556139151	0.00026909002718658624805	0.0007483542143522960155	-0.0004628415814252272685	0.00060326646751373311055
5	2	-5	0.00019236914376186134358	0.00081502597481268547128	1.5511186109952801253e-05	-0.0002923503196288269098	0.00019857361820584245866	0.00069808584696115472904
5	2	-4	-0.0010420651282626992949	-0.00042701634548338788903	0.0041687143827668733317	-0.00090087126555915531499	0.00078177578105506260152	-0.00098420606463381246458
5	2	-3	-0.00098042933493497526343	-0.00012366037350736128913	0.0055514115614926267187	-0.004012300390557473409	0.0020668921494367922288	-0.002880967549550584629
5	2	-2	0.00053006353616179041795	0.00055353548632249894614	-0.0036303669755422766224	0.0012510476363155078033	-0.002305208135137800686	0.0026348863521217548433
5	2	-1	0.0013818290535130919611	-0.00080665797187266785866	-0.0071309887320943404418	-0.001226201282638923664	-0.0073528321966232204274	-0.0064856924246411862961
5	2	0	0.00011622831753292265722	0.0019983206238907082371	-0.00029057079383230661595	-0.0049958015597267703758	0.0013336639490621232836	0.001709789587546678381
5	2	1	0.0011203191887218658714	-0.002188361751723480117	0.00035241050279935900091	0.0042990917968672255275	-0.0063064169492080476842	0.0023436251648829482287
5	2	2	0.00071141879321486771546	0.00033756922851220575984	0.0015196842666087061278	0.0010947071276712792495	-0.0032982312496458755791	-0.001938630198951793622
5	2	3	0.00053849945713035224371	0.0013231716556124139064	0.0016916657307422724305	-4.7243810959101332602e-05	-0.0020252762490454352153	-0.0021737902187146224652
5	2	4	0.0015900738418217785254	-0.0031942718489753100207	-0.0016483297212016760971	0.0022564954891689113954	-0.0011634274416763849998	0.0028645920666346821534
5	2	5	-0.00052844046389365745796	-0.00026170237156319839074	0.00076819335699816347542	-0.0013091047942061907836	0.00022116312109439205153	0.00078534428924567471503
5	2	6	-0.00048486054173885721362	-0.00068618106158230426049	0.00013845242197518971674	0.00020362716833056420285	0.00035789964412398446621	0.00050394182854173212235
5	3	-6	-0.00040354976789225272243	-0.00037237033833815627983	0.00022942755112678362523	5.6799095423389687383e-06	-0.00022157769768015213177	-0.00030746866051062745262
5	3	-5	0.00034742565739167218745	-0.00013766413455609623402	-0.0017997283023566072041	0.00048163351514234563865	-0.0007324113240222921567	0.00015131597452931112749
5	3	-4	0.0001885134640592051145	0.00046698959327061802726	-0.002026745797199676867	2.9099935918318208157e-05	-0.0012844175178257511826	0.00060556194352701119867
5	3	-3	0.0016505193333323170748	-0.00010936219682745757236	-0.0012593885342142676145	0.0022892721040577625885	0.0014914770213395941046	0.0021070017760120001576
5	3	-2	0.0024636538296013772882	-0.0019676602715140100418	0.0013737987013752658849	0.0031059300820356567155	0.0082198326260663426984	-0.00026025555573154073594
5	3	-1	0.00032712824964889421122	-0.00209763677169948334	-0.00247954939735048948	0.0022640496642080927894	-0.0058030069438069972754	-0.0036960348658731378979
5	3	0	0.0044540528179494894012	-0.00063177476850748365625	-0.007423421363249149002	0.0010529579475124727604	0.0032816833560102079415	-0.00043565533344371005055
5	3	1	-0.0012737085304824400083	0.0016029894496946931349	0.0013174026672996860636	-0.003006747378592850798	0.0024163346505131416339	0.0010052948873050867196
5	3	2	0.0019303912856211192552	-0.00045663069189007065131	-0.0013382647175020300455	-0.0020144886237594564551	-0.0028185811377997530697	0.0041633096653643612839
5	3	3	0.00092295853480522146561	0.0026836723421284234756	-0.0025788127641341918907	0.00052070192132845486734	0.0010405485394588225283	-0.0049934891582091604431
5	3	4	0.00073238743064456322904	0.00054717586774262255353	8.5808546937687443941e-05	0.0013744554991236158231	-0.0009798406985089694668	-0.0017148114590209901677
5	3	5	0.00029409241600441356386	-0.00027969185339921066261	0.00047783473238752460213	-0.00034434652530004964668	-0.00058079325543692824924	0.00048629976857924043978
5	3	6	-7.4032847827913654125e-05	0.00055665530757833755777	5.1056903945563171109e-05	-0.0002249402272006544468	3.6165587883813126216e-05	-0.00035140930938162075496
5	4	-6	0.00019554504351975397509	-0.00052667806708154370383	-0.0001676838557053849548	0.00016251741816128222832	5.1164965796205000336e-05	-0.00033055344379376495239
5	4	-5	0.0005434726848463984801	0.00056615960902950781316	-0.00060692493476547629185	-0.00082874429769595866959	5.7932737034017462883e-05	-9.6835829127259081856e-05
5	4	-4	-0.00065478080169254794778	-0.0008713929694577582331	0.0013447831968816093256	-0.00032245416907501246728	0.00052630719476592447217	-0.0014116953808972101773
5	4	-3	-0.00093348194209664212863	-0.00011139384865541250059	0.00036945005571007414908	-0.00036555546355345462	-0.0010632031625476380879	-0.00067306369916362695366
5	4	-2	-0.0019209089327447935458	0.001245279327540917743	0.0023051124958824490384	-0.0020169990451414997017	-0.00019204734009708565221	-0.00092079977143070482898
5	4	-1	-0.00037606727411739816237	-0.00015363851215394541488	-0.00030222236050828950185	0.00089849387640063499774	-0.0030892258126201488193	0.0028257829448328128895
5	4	0	0.00032908017354384296559	-0.00070991126180834423706	-0.00041135021692980370698	0.00088738907726043029633	0.00036681451215320046632	-0.00026705530955267264923
5	4	1	-0.0007418635265417517638	-9.3278098083332224629e-05	0.00083065942833722265521	-0.00066416588399760393985	0.00038667991935986825236	0.0031230540264070771536
5	4	2	-0.0010787988076999984171	0.0011347543635025873765	0.0014324501290282700989	-0.0028753899571451546971	-0.00016790323880654407372	0.0029138940055338405193
5	4	3	0.00045217774230121323114	-0.00063121697271013757057	-0.0019184268273904944279	-0.00024128441475265724274	0.0018042728660186374383	0.0013737408408537722746
5	4	4	0.00027561691474473363952	0.00017169664995155486074	-0.00033754703673331549856	0.00023098473773795004426	-6.9741066976015643952e-06	-0.00044560555017739362019
5	4	5	-0.00047304615035177169282	0.00047710724764625522549	0.00047569876866783585533	-0.00093661387697288925845	9.2487135417503013981e-05	0.00027218385393205614875
5	4	6	0.00030336324187504778429	-0.00036293413949213678641	0.00051945250094294738788	-0.00014359108847510377725	-0.00059910436885783808787	0.00039817250856018319158
5	5	-6	-1.2748317644627569711e-05	5.4849461762547282984e-05	2.9451206006159477832e-05	0.00012049157168154981865	1.3919073634609924845e-05	0.00014611752787008092254
5	5	-5	0.00062512145923115242097	-0.00018116939083756791631	3.2454753042414969299e-05	0.00016227562954394895425	0.00065757621227356731573	-1.8893761293618975615e-05
5	5	-4	-0.00017753217261329138407	1.8170024469714053249e-05	0.00066463822600684404653	0.00037142629470663881706	0.00060888256674194085518	0.00048699539897044104384
5	5	-3	0.00045206627593294537509	-0.0010919734478467188997	-0.00056088571919789568989	0.0015846184694586207264	-0.00018136573877491711905	0.00082107503601983630563
5	5	-2	0.00035136922989257977521	-0.0010215375418860389578	0.00018264140964893365942	0.0010634371208927343843	0.0013350265988537836272	0.00010474894751673852558
5	5	-1	-0.0017104585194878082263	0.0008781483473495301428	0.0017959257087329489298	-0.0010482850186249704182	0.00042733594622570340946	-0.00085068335637720170206
5	5	0	-0.00050848249431058550711	0.0010119239334747671781	0.00050848249431058550711	-0.0010119239334747671781	-0.00054492087424275182077	-0.002329361304746585884
5	5	1	0.00020105888722124736889	0.00047249486731415409621	-1.2365327316470965983e-05	-0.00035848389175775785022	-0.00094346779952388202129	-0.00057005487778198106735
5	5	2	0.00052684872416037652892	0.00035619679270750985228	-0.00042933817173991675005	7.6510705054615803017e-05	-0.00024377638105114939298	-0.0010817687444053141789
5	5	3	-0.0002264986079212086788	-0.00087834956146120419206	0.00059093369178837829286	0.00089131063765334795929	-0.00060739180644528260877	-2.1601793653572984923e-05
5	5	4	-9.2414217292380377829e-05	0.00024088168203957780974	0.00059385286207388294707	-5.9320629671010009158e-05	-0.00062679830597687819123	-0.00022695131546070974903
5	5	5	0.00090175887742886340695	0.000405382749239674889	-0.00044180032800735939734	-9.2936668818243049436e-05	-0.00045995854942150406382	-0.00031244608042143185312
5	5	6	0.00018612048692616189405	0.00020658723094882833183	-6.4227314618288676744e-05	-0.00016929083504692613808	-0.00010157764358989435679	-3.1080329918251830385e-05
5	6	-6	0.0010533851145690218028	0.00017202375893301063655	3.5503591710594775351e-06	-0.00021131208622053175746	0.00088137128797857765879	-6.7958953776356208925e-05
5	6	-5	-4.1529516064009835806e-06	-4.2788649903361932131e-05	-9.1494617938528568319e-05	5.6798098792799408413e-05	-0.00011394649313263526794	2.5369068647997358642e-05
5	6	-4	9.1924532206271683966e-05	0.00072092833536266116411	-0.00035848378078078560948	-0.00063258464303354302542	-0.00042282000591333879572	-4.7716545346988008443e-05
5	6	-3	0.00024553009563490151663	0.00018249148974153423051	-0.00010193917279131730681	8.9221938616657723458e-05	0.00020533848047553455367	0.00048259636013587247066
5	6	-2	0.00069531911802716379542	-0.00040845264349201489389	-0.00077222611909380956419	0.00043565920753893522645	-0.00057838056221351920403	0.00028584601388676839041
5	6	-1	-0.00013978919070216968548	-6.7179697375681739755e-05	0.00016895741452348749098	0.0001794575052093837675	0.0003147985336300766269	0.00074084654437789386559
5	6	0	-1.6100334007943324546e-05	-0.0006588174652974360156	1.3416945006619437122e-05	0.00054901455441453003107	0.0006818349430901099982	0.0012208727071116943011
5	6	1	5.8619725656900666642e-05	-0.00035512794120522102369	-7.7034677128736810678e-05	0.00019979821474565574702	0.00016910943448791753763	0.00057685041755217074475
5	6	2	0.00065458629246596905602	-0.0004755697616640238031	-0.00077517171319159167576	0.00047136013620274004512	0.00068904940840985244143	-0.0002251560044481605463
5	6	3	-0.00027614509187767635832	-0.00045501129437749109063	0.00041008831991893332589	0.00012928645504320750961	-0.00035993482004173938792	0.00049977924720940344709
5	6	4	-4.6943184634940739901e-05	-0.00033128583134882101224	4.6614829700829462321e-05	0.00026616560179294171569	-1.1243263757568270299e-05	1.4858886496613696844e-05
5	6	5	-0.00017450590036545535243	-0.00024862543200509758723	-1.5667388806129149193e-05	0.00021795528477490909436	0.00019330676693281033146	-1.2920909724793312791e-05
5	6	6	0.00021042397829106455919	-3.8810986892470071324e-05	-0.00038161922178109401174	3.3493853810859245876e-05	0.00020626590653854024403	-1.1513647338008512e-06
6	-6	-6	0.00027778259071417306988	-0.00022565635109509692017	3.1482151522940124411e-05	0.0017276084754710506041	0.00024630043919123293869	-0.0019532648265661472532
6	-6	-5	0.00025609074692149144973	9.9567717685246251262e-05	4.8811470683651048781e-05	0.00023788803780521347825	0.00024873513148540848114	-0.00016598438414396066154
6	-6	-4	8.7970025257953565279e-05	-0.00018691919395533217272	-0.00015974678052473040421	-0.00012456377634042085684	0.00037157520867402594068	-9.3533126422366987375e-05
6	-6	-3	2.9909555234822692536e-05	7.0820834839555141488e-05	-0.00014729169131807751418	0.00019980448648954793269	0.00035440249310580041343	-0.0002579673032999856095
6	-6	-2	-5.0946861385493894805e-05	0.00034692444861202342528	-1.6775251541952981952e-05	0.00035637544460969755806	-0.0001025148295306227555	-2.8352987993022476246e-05
6	-6	-1	0.00031678510204647498602	8.0102339735094806148e-05	0.00036647589515376340075	1.6220704380490160796e-05	-0.00029814475864373048836	0.00038328981212762782468
6	-6	0	-0.00040333502902235727127	-0.00043906784147477784025	-0.00040333502902235727127	-0.00043906784147477784025	-0.00022031162041222116183	-0.00070697071940119531486
6	-6	1	-1.7453721230421865185e-05	-6.0531542751924303017e-05	-6.585310695855580332e-05	5.6857392111797256545e-06	-0.00029039631436880361526	0.00039730369177862418558
6	-6	2	7.7146446399430695039e-05	-0.0003102690039888548806	3.690059049164609459e-05	-0.00030969100831034022253	-0.00012073756772335379457	1.7339870355439625691e-06
6	-6	3	-0.00022204785368491478863	4.6807705479641272569e-05	-0.00010127295397698513741	0.00017062097897580511463	0.00024154979941585930244	0.00024762654699232771122
6	-6	4	-6.5947489455227064573e-05	5.3365090799097436125e-05	5.877128381561349781e-05	4.0078047969995158332e-06	0.00018707815990626084019	-7.4035929003146876202e-05
6	-6	5	-6.8584817881119126027e-06	-0.00090607568497005311781	0.00022826768884510033352	8.026193553410216838e-05	0.00028215140475985471839	0.0011836051446049863055
6	-6	6	0.00087724926911124628381	-6.2427103600118410325e-05	-0.00033172238089171422575	-0.00071752028305406784312	-0.001208971650002960618	-0.00065509317945394935148
6	-5	-6	0.00017269641852898652058	-0.00039353327350604523291	-0.00010044802312321709755	-0.00016547423138700922507	0.00025640310446500076853	-0.00025563808068353757698
6	-5	-5	-7.618520060896218451e-05	8.6747723810253800033e-05	-8.1011271780985141941e-05	8.1816791424669428894e-05	-1.0410968949769485231e-05	2.2280477147635123692e-05
6	-5	-4	0.00018114573223153518583	-0.00044224318226647322313	0.00023461084594824144797	-0.00051191634129516341845	-2.1544959087999037989e-05	-2.3469346780755558248e-05
6	-5	-3	3.577250298900702853e-05	-0.00012246960092526269835	0.0003331454834579515383	9.5837763891808434901e-05	-0.00048369746645190520506	-0.00040466880833687281531
6	-5	-2	-0.00024647141084204983929	-0.00032299037503315768246	-0.00042929679978212991831	-0.00069130260435203735696	0.0003338277669291752508	0.0007592853857806202908
6	-5	-1	-9.9101585615037391416e-05	9.1454490183108190276e-06	-0.00032860400268242814575	-6.0860570915539314511e-05	0.0010484104997219162447	0.0003591755486875615206
6	-5	0	-0.00053053849471492733024	0.00031781485839139727266	-0.0006366461936579127746	0.00038137783006967674888	-0.00076292417846725323928	-0.00076756926792578752256
6	-5	1	-0.00017956430366602383546	-0.00030858234023048138278	-0.00021563171847546608859	-0.00037251927826220481137	-7.7277038118743331296e-07	-1.1102349928135673762e-05
6	-5	2	-0.0002706807476202024304	-0.00036573816692358248736	-0.00049888661739086632985	-2.0072825166719537052e-05	-0.00043517430061655858762	0.0010470324378539486686
6	-5	3	9.7485459365849513256e-06	-0.0002738677590595599569	-0.00033267938721566974293	-0.00019623549162560823206	-0.00057396273723261947985	0.00022067636540977288748
6	-5	4	-0.00012142109086988220443	7.0313160047478351746e-05	-0.00028910815696994983945	0.0003008128336424745696	-0.00017925355990761401978	0.00027054630198187568438
6	-5	5	0.00013724599907323587551	-2.939825788388418977e-07	-7.0692566803665693906e-06	0.00016349351844693199316	-0.00017176445556824960527	0.00016384629754153862461
6	-5	6	0.00014133181091049258279	-0.0001802248627524369979	9.84288499513035121e-05	-0.00085002249215515460288	-5.9307769284406311417e-05	-0.0005281272140435251802
6	-4	-6	0.00012137992620604606776	-2.1862646307797187664e-06	-6.659768757321000987e-05	0.00018377163715014362567	0.00016577838458818608337	-0.00012470068939754214068
6	-4	-5	-0.00013069745907456458952	0.00011821972972143952505	2.7218124726142604386e-05	0.00026182832322596392592	-0.00017861145067039159093	-6.7598982915043721517e-05
6	-4	-4	0.0004984773599441610567	8.3235439940328821359e-05	0.00065739436281729340863	-1.4062220525208546749e-06	9.0321677098948230638e-05	0.00012625938196301409984
6	-4	-3	1.4449920546380105312e-05	-0.00048289067363590300634	0.00053886429355062142894	1.5587566653192255837e-05	-0.00068958588364140174093	-0.00098656476947606239897
6	-4	-2	0.0002075677094905213735	-0.0003597217909384893119	0.00056955273419947223968	-0.00039731885068914393061	-0.00051640233992738030465	-0.00028452767143718007449
6	-4	-1	0.0002285967750459068392	-0.00019030706299105715987	0.00028078784521403060779	-0.00055635913731989436459	0.00024842926941931860402	0.0010835941713332344991
6	-4	0	4.4404524327695428097e-05	-0.00018452399651650811408	6.660678649154313537e-05	-0.00027678599477476217112	0.001119833924418755719	0.001750544601186036428
6	-4	1	2.9277806930853063626e-05	-0.00077890628099851720589	0.00024001451457629570017	-0.0013608374653528848564	0.00078439121672006437147	-0.00076991217542043629846
6	-4	2	1.0643142074740638572e-05	0.00081257170144273234511	0.0003159793276831816735	0.00097697522008363939933	0.00060002922914214142959	-0.00048376466416091829089
6	-4	3	-0.00040335570570727445399	-0.00028670124986756228766	-0.00034392905858328062145	-0.00099397695466525151295	0.00034813933330350807938	-0.00075190010648521084756
6	-4	4	-0.00022414489587217262994	1.830310281369896828e-05	0.00032913235374750285378	-0.00034191548106201751379	0.00066534969755576182579	-0.00036937013528256596112
6	-4	5	-0.00030852855265766981549	-4.0527343597594739496e-05	-0.00031980538557517816829	-4.8986870021625552219e-05	0.00011438995472906122227	9.443316299813241216e-06
6	-4	6	-0.00014060708555638655091	0.00016704364735072878734	4.9130396940251703543e-05	0.00033659879081628877456	0.00017336068351655437134	5.7355546526797066887e-05
6	-3	-6	0.00023367091831051487382	5.6883876692677693137e-05	9.5534628517819790753e-05	-0.00041222729800738811684	0.00018590360405160497167	0.00026299752569637174478
6	-3	-5	-0.00056766441590082360527	0.00057563787493899434746	-0.00016337562646721816208	7.6640298007391751529e-05	-0.00058317192320065747244	0.00064478127112235826632
6	-3	-4	-0.00046349218003673218601	0.00015617046469872488453	-0.00092829586225055067857	-0.00094332174605022203751	9.8362663281477140696e-07	0.00094174700658575380072
6	-3	-3	0.00050474569015494135434	0.00038940175709927703695	-0.00016596848735433509105	-0.00014910126364092574883	0.0011754598676642178268	0.00092790477783947990405
6	-3	-2	-9.1753795984930028242e-05	-0.00050871270046686715809	0.00056173844035585919314	-0.00050061132644775270875	-0.001117869048488578888	-0.00077522111172897262797
6	-3	-1	-0.00051923927354173440938	0.0010579958979404326721	-0.00062352096308700838412	0.002290021047787369271	-0.0012448727519893813039	-0.00052208775571951156376
6	-3	0	-0.00041149726010853717416	0.00011754174845382728113	-0.00082299452021707434832	0.00023508349690765456227	-0.00053118445882727887992	-0.00050424413116565618229
6	-3	1	0.00072068999532760857907	-0.00082576223138134449003	0.0014032399252021251178	-0.0014213365230563686573	-0.00011442019635927629724	0.00069056381911896129368
6	-3	2	-0.00035691191499709996405	-0.0006027214308363769554	-0.00022613485115481268763	0.00071337833485826641303	0.00073153346825908084714	0.0028782317947965304315
6	-3	3	0.0002600442808966850006	0.00015379629068037773353	0.0005707371877981614423	0.00050755365592756410565	5.0648626004791386882e-05	0.0001999610745668086928
6	-3	4	0.00065327453698053178366	4.2739124053539005559e-05	0.00083968413202199483712	-3.5306492421955266168e-05	-0.00035014870645430157476	-9.058855539677496474e-05
6	-3	5	0.00023918624147943465729	2.33285831710263391e-05	8.6540013998624479275e-05	-0.00017721778298755185076	-0.0002350994813761469039	-0.00013432496959776271195
6	-3	6	7.4520745032037499279e-05	-0.00014715660024091649881	-4.6449006556343645454e-05	-0.00014308930970877471061	-9.774524831020931523e-05	7.5611945386529143503e-05
6	-2	-6	0.00023770010895505399489	0.00012586987915679868195	0.00024018545004538628456	-0.00082893670592175730787	0.00015763829227325855766	0.00040218211446405114501
6	-2	-5	0.00035827246773923739857	0.00046934040684242227552	0.00046333032646727196876	0.00092192755057986339618	0.00024459483070017606909	0.00019443746797896137757
6	-2	-4	5.1396617638208712297e-05	-0.00039653987374493155586	3.1969944635016677781e-05	-0.00060420468711362110455	6.1109954139804722778e-05	-0.00029270746706058678151
6	-2	-3	0.00034280223936744341675	-0.00010888340041093710778	-6.831932357906460578e-05	-0.0012895155160304837272	0.00073115069445426326446	0.000641910209865114963
6	-2	-2	1.9411821645504703592e-05	-0.0005124054007385786709	0.00044019550883427424484	-0.0022958875847209066039	-0.00038196004389776013746	0.00075867138250517037433
6	-2	-1	0.00030977016123590126861	-0.00071784799469791721414	-0.00015543717510906610501	-0.00173048324136041657	0.0021694953176335401469	-0.00084612148546667025322
6	-2	0	-0.00075593261393615252507	1.0138554105938911953e-06	-0.002267797841808457792	3.041566231781673586e-06	4.3851097008577498914e-05	-0.0027179058080639383055
6	-2	1	0.00070251612429788874801	0.00022763710346679371559	0.0012087047541532273953	-0.00071968306833215367046	-0.0017976872374808774806	-0.002805188757465069526
6	-2	2	0.00040066102248797412066	-0.00062169948619557107924	3.3910932038317475137e-05	-0.0014643071199585966369	-0.0011680721354256050088	0.00040079133862811643823
6	-2	3	0.00010383797064800053564	-0.00024278109229544642383	-0.00096369939368408483356	-0.00062221210764584061748	-0.00085014220375205767216	7.0754112826999107188e-05
6	-2	4	0.00035257583463337016649	-0.00050910982735851394165	-0.00053554141763422326641	0.00086165395365269011312	-0.00079663446076716688295	0.0011944917178641160233
6	-2	5	-7.4747246984631851032e-05	0.00010818469497371164211	-0.00022139708365062309831	0.00064037898747060218157	1.1378629213089753919e-06	0.00012632996101978689126
6	-2	6	0.00022087292648639513968	-0.00010800116296224725101	0.00015810447306250854796	0.00018638432675866783571	-0.00016817143546555895703	0.00017012927188180318721
6	-1	-6	0.00080843112853419812208	0.00043877814867499767993	-1.8352670586340088263e-05	-0.0007347423829906797859	0.00081148990696525472553	0.00056123521250677757197
6	-1	-5	0.00023013469900165181049	0.00048569285673029605156	-0.00057462170530337200718	0.00054948065348302504822	0.00039108597986265656319	0.00047293529737975028475
6	-1	-4	0.00080295959282815571392	-0.00069020224153694170917	-0.00063674282902760994448	0.0006781270142097960401	0.0013636250964991359757	-0.0012048351158578617364
6	-1	-3	0.0001760985361700164733	-0.00014587905648917920995	-0.0016380271321558776201	0.0033948147137653180219	0.00089820611639199209909	-0.0014233630175667978147
6	-1	-2	0.00032111826777388863133	-0.00023271549986004242002	0.0031548429901210343559	-0.00019461318793100176264	-0.00061406669173885112135	-0.00060083990561462640584
6	-1	-1	0.00055446849824068483899	-0.00041181709611763650525	0.0056614381993814327787	-0.0017447966600309258115	-0.0023346272099373233111	-0.00072610591667489332839
6	-1	0	0.00061521304458380711173	-0.00034209082549770635081	0.0036912782675028428872	-0.0020525449529862379965	0.00090020196219735694292	-0.00051737800303730454438
6	-1	1	-0.00062295097612866503003	-0.00070442136106041398566	-0.0017210945401348095446	-0.0039669290733287017325	0.0020166113166371810693	0.00025959909303378266932
6	-1	2	-0.0010005992456421069353	0.0004132896885081978897	-0.00084473785642539980876	-0.00026368513851701377067	0.0025794288087136207389	-0.0013717116347831005002
6	-1	3	-0.00012347694817534032104	-0.00014849976483316946986	0.0019479021269500356069	-0.0026193263028730794269	0.0008962546053340258263	-0.00057610923795802090538
6	-1	4	-0.00022917319661486284165	0.00012705422987092427722	0.00080470885516096906341	-0.00066641043435576835085	0.00054493700871253655544	-0.0003571839533953285171
6	-1	5	-6.7396524300798607782e-05	-4.8222950560292425406e-05	-0.0018616809528935621219	-0.0010483826390396504529	-0.00029146036141775407335	-0.00015180898713557919094
6	-1	6	-0.00023322859396162482198	0.00015088758064187853892	-0.00057750669670645292907	-0.00045748590995549998995	0.00013697747784388266713	-0.0002271352323011285282
6	0	-6	-5.7137623268025438989e-05	-0.00041581019766812282821	0.00041026390289866632687	0.00077081635741746412898	-5.7137623268025438989e-05	-0.00041581019766812282821
6	0	-5	0.00046275791431175581064	0.0003498400164668202827	0.00075559712611707641368	-0.0018843093394636646707	0.0005553094971741069294	0.00041980801976018435008
6	0	-4	-0.00027433798425045770623	-0.00087113564182495861841	-0.00011574352407801131396	-0.0030101305521592924309	-0.00041150697637568658645	-0.0013067034627374379818
6	0	-3	0.0004643099425968945696	-0.00061973785342995472286	-0.0026837021671545281155	0.001929177898540201247	0.00092861988519378913919	-0.0012394757068599094457
6	0	-2	0.00057047457384667597455	0.00099178177965597797208	-0.0022090506412324730987	-0.0019883398421222551675	0.0017114237215400279236	0.0029753453389679334826
6	0	-1	-0.00044915546794955038415	-5.5239789377904185616e-05	0.00025030945916858454801	0.0041455988838753664652	-0.0026949328076973024133	-0.00033143873626742515436
6	0	0	0	0	0.002601881372505734924	-0.0013726225359876745909	-0.00014451440405579546043	0.0024311199591843376741
6	0	1	0.00052513887834812510765	-3.2124596406889978958e-05	0.0035020160768384606641	0.0032704711912130289726	-0.0031508332700887504291	0.0001927475784413398602
6	0	2	-0.0010936171548616745522	-0.00084586042377224216014	0.0024049373457378678091	-0.00055515301705193469562	0.0032808514645850236566	0.0025375812713167265888
6	0	3	-0.00075245894340322957115	-0.00037815528787060655744	-0.0015820390194553903516	-0.00068481856511156118539	0.0015049178868064591423	0.00075631057574121311488
6	0	4	-0.0002369191874444242531	-0.0001378620227773151791	0.00031133477090825045514	0.0014192805404334479704	0.00035537878116663636609	0.00020679303416597276865
6	0	5	5.4378108032253756501e-05	-0.0002769019970464489536	0.0015044243350470418424	9.9876929652838479165e-05	-6.5253729638704510512e-05	0.00033228239645573872264
6	0	6	-0.00040173533451533509787	-0.00031920292003276328277	0.00025553470778073649567	-0.00047059628261812068385	0.00040173533451533509787	0.00031920292003276328277
6	1	-6	-0.00043881700413751827334	-0.00015665422884146340586	7.7683992053412151109e-05	0.00040731208458797259165	-0.00042586967212861621653	-8.8768881410134645106e-05
6	1	-5	0.0003371003657341447462	0.00012515138029660228245	-6.8774981989343846544e-05	0.00080353862856762786875	0.00039076544248310495595	0.00031088938206944830185
6	1	-4	-0.00071908884070589964167	0.00055658431987052974475	0.0027032309985948834753	-0.00083287058435618560506	-0.00040282551141012859367	0.00062665883371674818876
6	1	-3	-0.00062739150092323055924	-0.00078329775911974077341	0.0010004041460114491188	-0.00063736797881765649629	-0.00092131495317597815117	-0.0017790515111787003066
6	1	-2	0.0011654336138497071833	-0.00040090466787756639817	-0.0022268527568431117046	0.0014130382371422361108	0.0023828744631275654807	-0.00049619488506158113909
6	1	-1	0.0002045892407877790409	-8.6979537433409934486e-06	9.9097938463737103945e-05	0.00060831562168924165068	0.0013266333831904112816	0.00055612789922919578147
6	1	0	0.00095685917308011817113	8.9649939539415934549e-05	-0.0057411550384807094605	-0.00053789963723649555308	0.0019151260540156856554	-0.00031312739572821469535
6	1	1	0.00051023385078964166462	-0.00025227812877828495073	0.0008474899644714428042	0.00058444673092776272712	-0.0039088930692092929003	0.00092922204174194697728
6	1	2	-0.00046586355834248591515	0.000192878365577327693	0.0011445721791195639667	-0.0002636096108693406154	0.0008253045854676757621	-0.0004468302912973127713
6	1	3	0.00085096200543653070358	-6.5210137004131354596e-05	-0.0022200177711407913239	0.00074173737760907369233	-0.00096191808715946429918	-0.00011682551852809518373
6	1	4	0.00019174000091591245076	-0.00012957651236335989016	0.0008850399068198994525	0.00023174057228173410039	-0.00050886997807884351216	0.00013642962547460633048
6	1	5	2.9532148549638537004e-05	0.00023550215193653980215	0.00037442883968265495065	-0.00033335944920352298879	-0.00011032434619609723047	-0.00021593069248314317567
6	1	6	0.00016823180188969873573	-0.00012318319165388868499	0.00023450861408557072216	-0.00035465109742697397592	-0.00020731657090396050469	0.00018229170789171769002
6	2	-6	2.3060563860239247525e-05	7.3191234800442406022e-05	-0.00017992559772706141893	-1.1584085599689394755e-05	-3.6914635382114556526e-05	6.9329872933879274437e-05
6	2	-5	0.00024775465582749906478	-5.4495806759486045006e-05	-0.0019673657608485651399	5.3771322525679229724e-05	-0.0004896407173464272216	-4.3886439101111556697e-05
6	2	-4	0.00036861469748099599201	0.00049011931977385010065	-0.0015705719494598995804	0.00084882783610341471653	-0.00023236392850845580217	0.0011595928977124825635
6	2	-3	0.0002134347263036583326	0.00061083149786095661	0.0008185389491857223733	-0.00013797349972731993788	0.00097256208539779826546	0.0011296806625703665044
6	2	-2	-0.00037651136382081955463	-0.00057927081634349735992	0.0018895484881154601692	-0.00074179232424957533901	0.00076001439665300139694	-0.0024796047732800674188
6	2	-1	0.0009374450974826302246	0.00024967028153474577932	-0.0023078405074727719425	0.00045630761033029805388	0.0010089895699502372459	0.0024106369098690710005
6	2	0	0.0007434896135763897386	6.9105281641980272419e-06	-0.0022304688407291692158	-2.073158449259408342e-05	0.0031152469115581019055	-0.00021461885966768978772
6	2	1	0.00044181492852240079449	0.0010876540950673595481	-0.0013320657151906715576	-0.0029936348049948925849	1.3241859246938146569e-05	-0.00053865496041437211858
6	2	2	-0.00088482567163293568153	-0.00038622453695372362505	-0.00099617656358596119552	0.0008724878461665024499	0.0036506535784847681317	0.00028618576469466847946
6	2	3	5.577505319992194624e-05	-0.00011652492923370873549	-0.00075508967336792838596	0.00099742158546832710223	0.00039184300917877504505	-0.00043189786517813398472
6	2	4	-0.00033463118864179397342	0.0012041586152885602138	-0.00087356112181974897041	0.00021333169597797667404	0.00093872734387256549955	-0.0019129037709218286306
6	2	5	-6.3626433478408670583e-07	0.00019446113889617905714	0.000541369776499782537	0.00068243807956731665759	-0.00021578439339817209026	-0.00050632859850234155329
6	2	6	0.00020910067836762524351	0.00035320447261764481009	0.00033116000860952340707	-0.0002477028064358706449	-0.00031948734790413304586	-0.00027063687047235461319
6	3	-6	8.8883438256897178982e-06	-2.727875766281311984e-05	5.4073254354194474219e-05	-0.00019183817138390798964	3.5924971002786955008e-05	-0.00012319784335476711805
6	3	-5	-0.00010813231585368251076	-0.0002523011785191953257	0.00090315582079590194398	0.0002184464458198526215	0.00041213471345312213722	-0.00017169354673112282878
6	3	-4	-0.00013111681058084088893	0.00020551892169419394194	0.00055830410016728443303	-0.0009444234097311981959	0.00022205285925420197783	-0.00040003917475710774757
6	3	-3	-0.0004482291815622789586	0.00020390694477850392075	-0.00036046646100354196854	-0.0013967406163962596023	-0.0012569248241280997231	-0.00098892672683925176083
6	3	-2	-0.0011234116061546632961	0.00098105167142305466955	0.0013617288675396950134	-0.0018696710476207142795	-0.0013276415171544475851	0.00013864844283809234552
6	3	-1	-9.0187703180393859062e-05	-5.5624564055943555654e-05	0.00086420084455271430242	0.00090733075323623578294	0.0020514763145757799155	0.0023882448753730460556
6	3	0	-0.0011779760581425236313	-0.00175159723637334226	0.0023559521162850472625	0.0035031944727466845201	-0.0041669751432453286388	0.0014842369418404633644
6	3	1	0.00021666669576186989993	-9.7986598814037533509e-05	-0.00034478978377861212992	0.00069317132297230972526	-0.00026563082323538306402	-0.0014915943760327038392
6	3	2	0.00027772074800673019531	-0.00079097985975630253231	0.00028144414387817467136	6.0876295166811168571e-06	-0.0012553284598374526201	0.0023638081349938856561
6	3	3	0.0003974287896003985375	-0.0004318852606601439304	0.00029261146167804667111	-0.0012677538744732483062	-0.0010874690408788436919	0.0021315243957935360586
6	3	4	-0.00051198850630246642811	-0.00024967435991093479049	-0.00035779873218655177747	-0.00052619577970939234671	0.0010363318085936134346	0.00076915837464844652709
6	3	5	-0.00017291620596263172467	0.0001376154147470521076	-0.00018637661083743624802	-0.00033468044531285908458	0.00031932541365761979131	3.5669769491252943314e-05
6	3	6	-7.4564891288959222115e-05	-0.00026578771519600405838	0.00010910126236905039285	0.00013059379880126694156	2.0014260104434022301e-05	0.00020049081579537060115
6	4	-6	-3.6728519659028283496e-05	0.00022902314086777639333	-0.00011595945281267673729	-5.3201255392752113576e-05	-0.00011403482153414610384	0.00019355563727260831309
6	4	-5	3.195258574765356865e-05	-0.00020731033050540751219	6.8091891870327166223e-05	0.00048349151891292912889	9.2816616393446009937e-05	0.00013802081852385428306
6	4	-4	-0.00020838031319696316318	0.00090358493186791489192	-8.3444090396851959991e-05	-0.00039265572507705319514	-0.00039601456019229666411	0.00096272167272481914274
6	4	-3	0.00044189342517152397022	-0.00048034056518922219102	0.00019741791616848135466	0.0013382503282832612819	0.0011470107385676898189	0.00082365264066590402996
6	4	-2	-0.00045996071202084010902	1.389711621207701927e-05	0.000495685256040886567	-0.00056282930698280022458	-0.00038851162398074713883	-0.0010839672653293695032
6	4	-1	-0.00039896124589436284544	0.00019175485805979927364	0.00074470198029388313433	-0.00021173822023338117158	0.00058504044580935535627	0.00030357626742527100971
6	4	0	0.00026233877469465904366	-2.2153210538416351247e-05	-0.00039350816204198853839	3.3229815807624528564e-05	-0.00015470109568403603382	-0.000317444498218374168
6	4	1	-0.00043191954275428981773	0.0003640538258746438792	0.00057821747616091572017	-3.5423748701826057576e-05	0.0002786473518820757546	-0.0020426279604405590991
6	4	2	6.1738187494762565262e-05	-0.00019098989770823492085	0.00011889925378870710548	0.000868849555179080431	-0.00042301307006170190675	-0.0011647294172334560994
6	4	3	-0.00045608934332358930155	-0.00010043310789450946735	0.0010545440129664843641	-8.5149777483673545937e-05	-0.00049387999730813399082	0.0003143992524339169598
6	4	4	0.00033673482812563538613	0.00040411759148317359051	0.00016087359903660221274	-0.0001617773921686362624	-0.00066597584122505529194	-0.00044439899505612412336
6	4	5	-8.5560871950054586473e-06	-3.6851778221233884205e-05	-0.00021351246914578400041	2.4907178853555074662e-05	0.00018107727995063374799	2.4296390782636602672e-05
6	4	6	4.5602924102706528426e-05	0.00032602889318949558085	0.00024909206618023058653	-0.00038773819496488418253	-0.00021166430155619356127	-6.7536763212906148423e-05
6	5	-6	-0.00091008686538510130681	0.00056885178283518035222	-1.1805840995821706936e-05	-7.4548948277991996798e-05	-0.00091992506621495272277	0.00050672765927018694702
6	5	-5	-0.0003143503096846869899	0.00011208060316641382597	3.1688466254593601233e-05	-4.2986131968940005719e-05	-0.00034553190536703074463	9.1510591830756598999e-05
6	5	-4	0.0002883233608504442492	0.00023229962239182608556	-0.00030839578147945508578	-0.00028187943194423815182	4.699031442634753013e-05	-3.8998563425585343204e-06
6	5	-3	3.2069992896122383619e-05	-0.00042880682000708474988	-0.00018586418222108692824	0.00033221026804535239933	-0.00024563365124290008606	-0.00030392985993858223984
6	5	-2	0.00071741613850516579558	0.00046165212775132943033	-0.00093914663803163086174	-9.4588241764134993765e-05	-0.00019561817956357955076	0.0011484857788436509014
6	5	-1	0.00027506624508759049347	-0.00057790520465998359862	-0.00029413085852182083201	0.00097402497173479341778	0.00017974317791643882789	0.0014026936307140653887
6	5	0	-0.00015408655766275779751	-0.00054811660925945188474	0.00018490386919530935701	0.00065773993111134228338	-8.9145280553630282488e-05	0.00067903270741190985271
6	5	1	6.0737030768097154197e-05	0.00015946496702370509301	-0.00024594747127464289477	-0.00041468206269463397419	0.00086531517176463156223	0.0011166205113309392045
6	5	2	-0.0001200139703364710899	-0.00037123180397404854664	-0.00040552667285481496223	0.00067195119254588868852	0.0013738585931464507295	-0.00056618256944257613558
6	5	3	-3.007228825716673517e-05	0.00045042289473017814916	-0.00018562341469863919254	-0.00056139401723435879577	0.00036951693434539875736	3.4810905930241787252e-05
6	5	4	-0.00031055090634158434354	-0.00059887723910373794056	0.00035287019579356753091	0.00059121399194385566064	2.4738614770417125384e-05	0.00015929836872578744347
6	5	5	-0.00024507810315317569896	-0.00010019850963307354037	-3.3765226515209834232e-05	0.00018737540448111295152	0.00032785895029902067162	-6.7137192921424703081e-05
6	5	6	0.00066145757045544726314	0.00026336144721566395743	-0.00086899164883126481327	0.00022389039988611426565	6.2702136903940099318e-05	-0.00044993678045409253021
6	6	-6	-0.001760021330076441291	-0.0010605371280515835108	0.0008763567832727517902	-0.0011881928945112957881	-0.00088366454680368939235	-0.0022487300225628795158
6	6	-5	-0.00069291038978810254312	-0.00032523643069560110577	9.4072822379358218619e-05	0.00082718141127880449089	-0.00071860508089049317856	0.00060233397669984408383
6	6	-4	-0.00019446432090416531507	-0.00020117982908422573133	0.00028756357194995583234	0.00010572050080736883912	0.000139648876568685803	-0.00014318899241528532476
6	6	-3	-0.00054436158510177696645	0.00018402391948028792553	0.00030183143482205809739	-0.00015377896419077532065	-0.00048506030055943768391	6.0489910579025250414e-05
6	6	-2	0.00012400791449616326467	0.00020651265505140244767	-8.5903829736597674257e-06	-0.00014100012277612424027	0.00034625259456751047819	0.00019653759682583470353
6	6	-1	2.2292867679262311502e-05	-0.00010216075213426721905	-0.00012186414714646823883	-4.166988811516825035e-05	-0.00059742767680323561816	-0.00086298384149661284351
6	6	0	0.00027606983560333781414	0.00018658405523175818725	-0.00027606983560333781414	-0.00018658405523175818725	0.00012944973817868374723	-0.00024990302431211747344
6	6	1	-0.00026846438309952741236	2.0305582729109472611e-05	0.00023946925394229361919	-7.0818692622794714923e-05	0.00017397077494340286745	0.00030307865936211143354
6	6	2	-8.6896414826577591476e-05	-0.00017706979135767277273	0.00028836197999006278571	0.00025009135598885479665	-0.00060439669549045558269	-0.00021906469389354612598
6	6	3	0.00034132012542906821915	-8.9845634827442300506e-05	-0.00038638074729544039662	-1.7708298837173465834e-05	9.0121243732744314302e-05	0.00021510786732923151913
6	6	4	-0.00011613918862935751594	-0.00028037822828886672412	0.00018776886634741082513	0.0002015581465447151212	-0.00010744451657707996379	0.00011823012261622741794
6	6	5	-0.00013164324738923111643	-0.00054034748811443802409	0.00026867021360715441286	0.00026339347648392274267	-0.00016443235946150795029	0.00033234481395661840276
6	6	6	0.00016828119516278431354	0.00064488572327341207174	0.00010609427953947626075	0.0016641346527056582408	-0.00027437547470226056074	-0.0023090203759790700958
